fecha,diario,seccion,id,departamento,ambito,tipo,pag_ini,pag_fin,titulo
1983-01-01,1,1,BOE-A-1983-1,JEFATURA DEL ESTADO,estatal,Real Decreto-ley,4,4,"Real Decreto-ley 26/1982, de 22 de diciembre, por el que se suspende el plazo establecido en la disposición primera A del Estatuto Orgánico del Ministerio Fiscal, aprobado por Ley 50/1981, de 30 de diciembre."
1983-01-01,1,1,BOE-A-1983-2,TRIBUNAL CONSTITUCIONAL,estatal,Resolución judicial,4,4,"Conflicto positivo de competencia número 443/1982, planteado por el Gobierno Vasco, en relación con el Real Decreto 1765/1982, de 24 de julio, cuyo conflicto ha sido acumulado al de igual clase que se sigue con el número 392/82."
1983-01-01,1,1,BOE-A-1983-3,TRIBUNAL CONSTITUCIONAL,estatal,Resolución judicial,4,4,"Conflicto positivo de competencia número 494/1982, planteado por el Consejo Ejecutivo de la Generalidad de Cataluña, en relación con el Real Decreto 2075/1982, de 9 de julio."
1983-01-01,1,1,BOE-A-1983-4,TRIBUNAL CONSTITUCIONAL,estatal,Resolución judicial,4,4,"Conflicto positivo de competencia número 344/1982, planteado por el Consejo Ejecutivo de la Generalidad de Cataluña, en relación con Acta de Inspección número 031008, levantada por funcionarios del Ministerio de Cultura."
1983-01-01,1,1,BOE-A-1983-5,TRIBUNAL CONSTITUCIONAL,estatal,Resolución judicial,4,4,"Conflicto positivo de competencia número 420/1982, interpuesto por el Gobierno contra los Decretos 191 y 192 de 1982, de 1 de julio, del Consejo Ejecutivo de la Generalidad de Cataluña."
1983-01-01,1,1,BOE-A-1983-6,TRIBUNAL CONSTITUCIONAL,estatal,Resolución judicial,4,4,"Cuestión de inconstitucionalidad número 482/1982, promovida por el Juzgado de Primera Instancia número 14 de Madrid por posible inconstitucionalidad del artículo 709 del Código de Justicia Militar en relación con el 707.2 del mismo Cuerpo legal."
1983-01-01,1,1,BOE-A-1983-7,PRESIDENCIA DEL GOBIERNO,estatal,Corrección,4,5,"Corrección de errores del Real Decreto 2626/1982, de 1 de octubre, sobre traspaso de funciones y servicios de la Administración del Estado a la Generalidad de Cataluña, en materia de promoción pública de la vivienda."
1983-01-01,1,1,BOE-A-1983-8,MINISTERIO DE OBRAS PÚBLICAS Y URBANISMO,estatal,Orden,5,5,"Orden de 27 de diciembre de 1982 por la que se concede el sello INCE para ladrillos cerámicos para cara vista al producto Ladrillo PV R 300 de 22 X 10.5 X 4.8 UNE 67.019-78, de «Tejería La Covadonga, S. A.»."
1983-01-01,1,1,BOE-A-1983-9,"MINISTERIO DE TRANSPORTES, TURISMO Y COMUNICACIONES",estatal,Resolución,5,5,"Resolución de 23 de noviembre de 1982, de la Delegación del Gobierno en la Compañía Telefónica Nacional de España, por la que se aprueban las tarifas correspondientes al teléfono regular de monedas (TRM)."
1983-01-04,3,1,BOE-A-1983-110,MINISTERIO DE ECONOMÍA Y HACIENDA,estatal,Orden,71,73,Orden de 30 de diciembre de 1982 sobre fijación del derecho compensatorio variable para la importación de productos sometidos a este régimen.
1983-01-04,3,1,BOE-A-1983-111,MINISTERIO DE ECONOMÍA Y HACIENDA,estatal,Orden,73,75,Orden de 30 de diciembre de 1982 sobre fijación del derecho regulador para la importación de productos sometidos a este régimen.
1983-01-04,3,1,BOE-A-1983-112,"MINISTERIO DE TRANSPORTES, TURISMO Y COMUNICACIONES",estatal,Corrección,75,75,Corrección de errores de la Orden de 21 de diciembre de 1982 de elevación de tarifas de los servicios públicos regulares y discrecionales de transporte de viajeros por carretera en el área dentro del ámbito del Monopolio de Petróleos.
1983-01-04,3,1,BOE-A-1983-113,"MINISTERIO DE TRANSPORTES, TURISMO Y COMUNICACIONES",estatal,Corrección,75,75,"Corrección de errores de la Orden de 21 de diciembre de 1982 por la que se autoriza elevar las tarifas de transporte de viajeros por carretera, con motivo del aumento del precio del gasóleo en las áreas excluidas del ámbito del Monopolio de Petróleos."
1983-01-05,4,1,BOE-A-1983-221,MINISTERIO DE HACIENDA,estatal,Corrección,167,167,Corrección de errores de la Orden de 7 de diciembre de 1982 por la que se modifican los precios de venta al público de determinados productos petrolíferos en el ámbito del Monopolio de Petróleos.
1983-01-05,4,1,BOE-A-1983-222,MINISTERIO DEL INTERIOR,estatal,Resolución,167,167,"Resolución de 13 de diciembre de 1982, de la Dirección General de Tráfico, sobre delegación de atribuciones en el Jefe de la Sección de Administración de la propia Dirección General."
1983-01-06,5,1,BOE-A-1983-342,MINISTERIO DE ECONOMÍA Y HACIENDA,estatal,Real Decreto,261,261,"Real Decreto 3907/1982, de 22 de diciembre, por el que se modifican los apartados E) y F) del caso 13, epígrafe I, de la disposición preliminar primera del Arancel de Aduanas."
1983-01-06,5,1,BOE-A-1983-343,MINISTERIO DE ECONOMÍA Y HACIENDA,estatal,Orden,261,261,Orden de 17 de diciembre de 1982 por la que se determinan los tipos de gravamen del Impuesto sobre el Lujo aplicables a las labores de tabaco importadas de la CEE.
1983-01-06,5,1,BOE-A-1983-344,MINISTERIO DE EDUCACIÓN Y CIENCIA,estatal,Orden,261,262,Orden de 3 de enero de 1983 por la que se crea un Grupo de Trabajo y un Comité de Dirección del mismo para la reforma orgánica del Ministerio de Educación y Ciencia.
1983-01-08,7,1,BOE-A-1983-495,TRIBUNAL CONSTITUCIONAL,estatal,Resolución judicial,359,359,"Conflicto positivo de competencia número 508/1982, planteado por el Gobierno contra el Decreto 264/1982, de 26 de julio, del Consejo Ejecutivo de la Generalidad de Cataluña."
1983-01-08,7,1,BOE-A-1983-496,PRESIDENCIA DEL GOBIERNO,estatal,Real Decreto,359,359,"Real Decreto 3911/1982, de 22 de diciembre, por el que se dispone la aplicación a la provincia de Huesca de las medidas establecidas en el Real Decreto 3083/1982, de 12 de noviembre, sobre la tramitación urgente de los proyectos de obras para la reparación de los daños producidos por las recientes inundaciones en servicios e instalaciones de las Corporaciones Locales afectadas."
1983-01-08,7,1,BOE-A-1983-497,MINISTERIO DE ECONOMÍA Y HACIENDA,estatal,Orden,359,362,Orden de 5 de enero de 1983 sobre fijación del derecho compensatorio variable para la importación de productos sometidos a este régimen.
1983-01-08,7,1,BOE-A-1983-498,MINISTERIO DE ECONOMÍA Y HACIENDA,estatal,Orden,362,364,Orden de 5 de enero de 1983 sobre fijación del derecho regulador para la importación de productos sometidos a este régimen.
1983-01-08,7,1,BOE-A-1983-499,MINISTERIO DE ECONOMÍA Y HACIENDA,estatal,Resolución,364,364,"Resolución de 21 de diciembre de 1982, de la Dirección General de Exportación, por la que se dictan normas complementarias a la norma de calidad para el comercio exterior de pimiento dulce."
1983-01-08,7,1,BOE-A-1983-500,MINISTERIO DE OBRAS PÚBLICAS Y URBANISMO,estatal,Orden,364,379,Orden de 28 de diciembre de 1982 por la que se aprueba la norma tecnológica de la edificación NTE-EAS «Estructuras de acero: soportes».
1983-01-10,8,1,BOE-A-1983-634,MINISTERIO DE ECONOMÍA Y HACIENDA,estatal,Orden,454,454,"Orden de 29 de diciembre de 1982 sobre índices de precios de mano de obra y materiales de construcción correspondientes a los meses de julio, agosto y septiembre de 1982 aplicables a la revisión de precios de contratos de obras del Estado."
1983-01-10,8,1,BOE-A-1983-635,MINISTERIO DE ECONOMÍA Y HACIENDA,estatal,Orden,454,457,"Orden de 30 de diciembre de 1982 por la que se determinan los precios medios de vehículos, previamente matriculados, a aplicar a las transmisiones que se verifiquen a partir de 1 de enero de 1983."
1983-01-11,9,1,BOE-A-1983-727,MINISTERIO DE ECONOMÍA Y HACIENDA,estatal,Resolución,555,555,"Resolución de 28 de diciembre de 1982, de la Dirección General de Exportación, por la que se prorroga la autorización temporal de determinados tipos de envases para la exportación de aceite de oliva y de orujo de aceituna."
1983-01-11,9,1,BOE-A-1983-728,MINISTERIO DE EDUCACIÓN Y CIENCIA,estatal,Real Decreto,555,555,"Real Decreto 3913/1982, de 29 de diciembre, por el que se prorroga durante el año 1983 la vigencia del Real Decreto 229/1981, de 5 de febrero, por el que se introdujeron determinadas modificaciones en el procedimiento de acceso a los Cuerpos de funcionarios del Ministerio de Educación y Ciencia."
1983-01-11,9,1,BOE-A-1983-729,"MINISTERIO DE AGRICULTURA, PESCA Y ALIMENTACIÓN",estatal,Corrección,555,555,"Corrección de erratas de la Resolución de 17 de diciembre de 1982, del Servicio Nacional de Productos Agrarios, por la que se dictan normas para la realización de las exportaciones de arroz blanco elaborado en operaciones marquistas y de arroz sancochado, campaña 1982/83."
1983-01-12,10,1,BOE-A-1983-982,TRIBUNAL CONSTITUCIONAL,estatal,Resolución judicial,745,745,Planteamiento de cuestión de inconstitucionalidad.
1983-01-12,10,1,BOE-A-1983-983,MINISTERIO DE OBRAS PÚBLICAS Y URBANISMO,estatal,Orden,745,745,"Orden de 7 de enero de 1983 por la que se fijan los precios de venta de las viviendas sociales para el trimestre natural de octubre, noviembre y diciembre de 1982."
1983-01-12,10,1,BOE-A-1983-984,MINISTERIO DE SANIDAD Y CONSUMO,estatal,Resolución,745,746,"Resolución de 27 de diciembre de 1982, de la Subsecretaría de Sanidad y Consumo, por la que se restablece la prohibición absoluta de empleo de ácido bórico como agente conservador de los crustáceos."
1983-01-13,11,1,BOE-A-1983-1184,PRESIDENCIA DEL GOBIERNO,estatal,Instrucción o circular,839,839,"Circular número 8, de 15 de diciembre de 1982, de la Dirección General del Ente Público RTVE, sobre delegación de atribuciones en la Dirección Económico-Financiera del Ente Público."
1983-01-13,11,1,BOE-A-1983-1185,MINISTERIO DE ECONOMÍA Y HACIENDA,estatal,Orden,839,839,"Orden de 7 de enero de 1983 para cumplimiento de la disposición final primera del Real Decreto-ley 24/1982, de 29 de diciembre, autorizando al Ministerio de Economía y Hacienda a realizar anticipos de consignación para efectividad de la prórroga de los Presupuestos Generales del Estado para 1983."
1983-01-14,12,1,BOE-A-1983-1325,PRESIDENCIA DEL GOBIERNO,estatal,Real Decreto,935,935,"Real Decreto 41/1983, de 12 de enero, por el que se reorganiza parcialmente el Ministerio de Sanidad y Consumo."
1983-01-14,12,1,BOE-A-1983-1326,MINISTERIO DE ASUNTOS EXTERIORES,estatal,Resolución,935,944,"Resolución de 5 de enero de 1983, de la Secretaría General Técnica, sobre la aplicación del artículo 32 del Decreto 801/1972, relativo a la ordenación de la actividad de la Administración del Estado en materia de Tratados Internacionales."
1983-01-14,12,1,BOE-A-1983-1327,MINISTERIO DE ECONOMÍA Y HACIENDA,estatal,Real Decreto,944,944,"Real Decreto 42/1983, de 12 de enero, por el que se dispone la emisión de Deuda del Tesoro, interior y amortizable, durante el ejercicio de 1983."
1983-01-14,12,1,BOE-A-1983-1328,"MINISTERIO DE AGRICULTURA, PESCA Y ALIMENTACIÓN",estatal,Orden,944,945,Orden de 7 de enero de 1983 sobre autorizaciones temporales para el cultivo del arroz durante 1983.
1983-01-15,13,1,BOE-A-1983-1469,MINISTERIO DE ASUNTOS EXTERIORES,estatal,Otras,1030,1030,"Denuncia del Canje de Notas entre el Gobierno de España y el Gobierno de Australia sobre nuevo régimen de visados entre ambos países de 27 de septiembre de 1961, hecha el 30 de junio de 1978."
1983-01-15,13,1,BOE-A-1983-1470,MINISTERIO DE ASUNTOS EXTERIORES,estatal,Otras,1030,1030,"Denuncia del Canje de Notas entre los Gobiernos de España y de Nueva Zelanda sobre supresión de visados para los súbditos neozelandeses y exención de pago de los visados para los ciudadanos españoles de 2 de octubre de 1961, hecha el 30 de junio de 1978."
1983-01-15,13,1,BOE-A-1983-1471,MINISTERIO DE ECONOMÍA Y HACIENDA,estatal,Corrección,1030,1030,"Corrección de erratas del Real Decreto 3907/1982, de 22 de diciembre, por el que se modifican los apartados E) y F) del caso 13, epígrafe I, de la disposición preliminar primera del Arancel de Aduanas."
1983-01-15,13,1,BOE-A-1983-1472,MINISTERIO DE ECONOMÍA Y HACIENDA,estatal,Orden,1030,1032,Orden de 13 de enero de 1983 sobre fijación del derecho compensatorio variable para la importación de productos sometidos a este régimen.
1983-01-15,13,1,BOE-A-1983-1473,MINISTERIO DE ECONOMÍA Y HACIENDA,estatal,Orden,1033,1035,Orden de 13 de enero de 1983 sobre fijación del derecho regulador para la importación de productos sometidos a este régimen.
1983-01-15,13,1,BOE-A-1983-1474,MINISTERIO DE ECONOMÍA Y HACIENDA,estatal,Orden,1035,1036,"Orden de 13 de enero de 1983 por la que se dictan normas para la aplicación y desarrollo del Real Decreto 42/1983, de 12 de enero, por el que se dispone la emisión de Deuda del Tesoro, interior y amortizable, durante el ejercicio de 1983."
1983-01-15,13,1,BOE-A-1983-1475,MINISTERIO DE ECONOMÍA Y HACIENDA,estatal,Resolución,1036,1037,"Resolución de 14 de enero de 1983, de la Dirección General del Tesoro y Política Financiera, por la que se dispone la celebración de la primera subasta de Pagarés del Tesoro correspondiente a 1983."
1983-01-15,13,1,BOE-A-1983-1476,"MINISTERIO DE TRANSPORTES, TURISMO Y COMUNICACIONES",estatal,Orden,1037,1037,Orden de 12 de enero de 1983 por la que se modifica el artículo 1.º de la Orden de 21 de diciembre de 1982 que autoriza a elevar las tarifas de transportes de cereales/pienso para su importación en buques nacionales.
1983-01-17,14,1,BOE-A-1983-1588,PRESIDENCIA DEL GOBIERNO,estatal,Orden,1086,1086,Orden de 13 de enero de 1983 por la que se modifica la Orden de la Presidencia del Gobierno de 23 de mayo de 1977 sobre zonas prohibidas y restringidas al vuelo.
1983-01-17,14,1,BOE-A-1983-1589,MINISTERIO DE ECONOMÍA Y HACIENDA,estatal,Orden,1086,1086,"Orden de 13 de diciembre de 1982 sobre fijación de la cuantía máxima a importar en el año 1983 con cargo a los contingentes arancelarios, libres de derechos, de papel prensa y pastas químicas para la fabricación de este papel."
1983-01-17,14,1,BOE-A-1983-1590,MINISTERIO DE ECONOMÍA Y HACIENDA,estatal,Resolución,1086,1086,"Resolución de 3 de enero de 1983, de la Intervención General de la Administración del Estado, sobre delegación de atribuciones en los Interventores-Delegados."
1983-01-17,14,1,BOE-A-1983-1591,MINISTERIO DE ECONOMÍA Y HACIENDA,estatal,Resolución,1087,1087,"Resolución de 13 de enero de 1983, de la Dirección General del Tesoro y Política Financiera, por la que se hacen públicas las características esenciales de la Deuda del Estado, interior y amortizable, al 12,75 por 100, emitida en virtud de las autorizaciones contenidas en el Real Decreto-ley 19/1982, de 15 de octubre; Real Decreto 2610/1982, de 15 de octubre, y Orden ministerial de 18 de octubre de 1982, a efectos de su contratación en las Bolsas Oficiales de Comercio."
1983-01-17,14,5,BOE-A-1983-1685,NAVARRA,autonómico,Ley,1167,1168,"Ley Foral 5/1982, de 19 de noviembre, sobre concesión de un crédito extraordinario para guarderías infantiles."
1983-01-17,14,5,BOE-A-1983-1686,NAVARRA,autonómico,Ley,1168,1168,"Ley Foral 7/1982, de 9 de diciembre, reguladora de la concesión de ayudas a la enseñanza en Centros no estatales correspondientes al segundo y tercer trimestres del curso 1981-82 y primero del curso 1982/83."
1983-01-18,15,1,BOE-A-1983-1687,PRESIDENCIA DEL GOBIERNO,estatal,Corrección,1184,1184,"Corrección de errores del Real Decreto 2353/1982, de 24 de julio, sobre transferencia de competencias, funciones y servicios de la Administración del Estado al Consejo General de Castilla-León en materia de disciplina de mercado."
1983-01-18,15,1,BOE-A-1983-1688,MINISTERIO DE ASUNTOS EXTERIORES,estatal,Tratado o acuerdo internacional,1184,1184,"Convenio Internacional del Café, 1976. Hecho en Londres el 3 de diciembre de 1975. Cumplimiento de las condiciones previstas en la Resolución número 318 del Consejo Internacional del Café, para la extensión hasta el 30 de septiembre de 1983."
1983-01-18,15,1,BOE-A-1983-1689,MINISTERIO DE ECONOMÍA Y HACIENDA,estatal,Orden,1184,1185,"Orden de 13 de diciembre de 1982 sobre fijación de la cuantía máxima a importar en el año 1983 con cargo al contingente arancelario, libre de derechos, de hulla coquizable, de la P. A. 27.01.A."
1983-01-18,15,1,BOE-A-1983-1690,MINISTERIO DE INDUSTRIA Y ENERGÍA,estatal,Corrección,1185,1185,"Corrección de errores del Real Decreto 3275/1982, de 12 de noviembre, sobre condiciones técnicas y garantías de seguridad en centrales eléctricas y centros de transformación."
1983-01-19,16,1,BOE-A-1983-1835,JEFATURA DEL ESTADO,estatal,Corrección,1283,1283,"Corrección de errores del Real Decreto-ley 24/1982, de 29 de diciembre, de medidas urgentes en materia presupuestaria, financiera y tributaria."
1983-01-19,16,1,BOE-A-1983-1836,MINISTERIO DE ASUNTOS EXTERIORES,estatal,Tratado o acuerdo internacional,1283,1286,"Reglamento número 10 sobre prescripciones uniformes relativas a la homologación de los vehículos en lo que se refiere al antiparasitado, anejo al Acuerdo relativo al cumplimiento de condiciones de homologación y reconocimiento recíproco de la homologación de equipos y piezas de vehículos de motor, hecho en Ginebra el 20 de marzo de 1958."
1983-01-19,16,1,BOE-A-1983-1837,MINISTERIO DE ECONOMÍA Y HACIENDA,estatal,Real Decreto,1286,1286,"Real Decreto 3918/1982, de 29 de diciembre, por el que se modifica parcialmente el tipo impositivo del Impuesto sobre el Lujo que grava la adquisición de vehículos."
1983-01-20,17,1,BOE-A-1983-2115,PRESIDENCIA DEL GOBIERNO,estatal,Real Decreto,1470,1470,"Real Decreto 3919/1982, de 22 de diciembre, por el que se concede franquicia postal y telegráfica a los Organos e Instituciones de la Comunidad Autónoma de Aragón."
1983-01-20,17,1,BOE-A-1983-2116,PRESIDENCIA DEL GOBIERNO,estatal,Real Decreto,1470,1470,"Real Decreto 3920/1982, de 22 de diciembre, por el que se concede franquicia postal y telegráfica a los Organos e Instituciones de la Comunidad Autónoma de Asturias."
1983-01-20,17,1,BOE-A-1983-2117,PRESIDENCIA DEL GOBIERNO,estatal,Real Decreto,1470,1470,"Real Decreto 3921/1982, de 22 de diciembre, por el que se concede franquicia postal y telegráfica a los Organos e Instituciones de la Comunidad Autónoma de Canarias."
1983-01-20,17,1,BOE-A-1983-2118,PRESIDENCIA DEL GOBIERNO,estatal,Real Decreto,1470,1471,"Real Decreto 3922/1982, de 22 de diciembre, por el que se concede franquicia postal y telegráfica a los Organos e Instituciones de la Comunidad Autónoma Castilla-La Mancha."
1983-01-20,17,1,BOE-A-1983-2119,PRESIDENCIA DEL GOBIERNO,estatal,Real Decreto,1471,1471,"Real Decreto 3923/1982, de 22 de diciembre, por el que se concede franquicia postal y telegráfica a los Organos e Instituciones de la Comunidad Autónoma de La Rioja."
1983-01-20,17,1,BOE-A-1983-2120,PRESIDENCIA DEL GOBIERNO,estatal,Real Decreto,1471,1471,"Real Decreto 3924/1982, de 22 de diciembre, por el que se concede franquicia postal y telegráfica a los Organos e Instituciones de la Comunidad Autónoma Valenciana."
1983-01-20,17,1,BOE-A-1983-2121,PRESIDENCIA DEL GOBIERNO,estatal,Real Decreto,1471,1471,"Real Decreto 3925/1982, de 29 de diciembre, por el que se amplían los plazos previstos en el Real Decreto 2916/1981, de 30 de octubre, para la entrada en vigor de la obligatoriedad del uso de tacógrafos en los vehículos automóviles."
1983-01-20,17,1,BOE-A-1983-2122,MINISTERIO DE ASUNTOS EXTERIORES,estatal,Tratado o acuerdo internacional,1471,1474,"Acuerdo de 9 de junio de 1982 entre el Gobierno de España y la Organización de las Naciones Unidas relativo al mantenimiento en actividad y extensión del Centro Internacional de Formación en Ciencias Ambientales (CIFCA), hecho en Madrid."
1983-01-20,17,1,BOE-A-1983-2123,MINISTERIO DE ECONOMÍA Y HACIENDA,estatal,Corrección,1474,1474,"Corrección de erratas del Real Decreto 3837/1982, de 15 de diciembre, por el que se introducen modificaciones en la estructura del Arancel de Aduanas."
1983-01-20,17,1,BOE-A-1983-2124,MINISTERIO DE ECONOMÍA Y HACIENDA,estatal,Corrección,1474,1474,"Corrección de erratas del Real Decreto 3838/1982, de 15 de diciembre, por el que se introducen modificaciones en la estructura del Arancel de Aduanas."
1983-01-20,17,1,BOE-A-1983-2125,MINISTERIO DE INDUSTRIA Y ENERGÍA,estatal,Real Decreto,1474,1474,"Real Decreto 69/1983, de 19 de enero, por el que se establecen nuevas tarifas eléctricas."
1983-01-21,18,1,BOE-A-1983-2206,PRESIDENCIA DEL GOBIERNO,estatal,Real Decreto,1567,1567,"Real Decreto 3926/1982, de 15 de diciembre, por el que se determina el tiempo mínimo que ha de permanecer en situación de actividad el personal de las Fuerzas Armadas que efectúe cursos."
1983-01-21,18,1,BOE-A-1983-2207,PRESIDENCIA DEL GOBIERNO,estatal,Real Decreto,1567,1567,"Real Decreto 83/1983, de 19 de enero, por el que se modifica el Real Decreto 1444/1982, de 18 de junio, por el que se regula la campaña de carnes 1982/83."
1983-01-21,18,1,BOE-A-1983-2208,MINISTERIO DE ECONOMÍA Y HACIENDA,estatal,Orden,1568,1572,Orden de 3 de enero de 1983 sobre normas de calidad para la exportación de aceitunas de mesa.
1983-01-21,18,1,BOE-A-1983-2209,MINISTERIO DE ECONOMÍA Y HACIENDA,estatal,Orden,1572,1573,Orden de 18 de enero de 1983 por la que se constituye la Junta de Retribuciones del Ministerio de Economía y Hacienda.
1983-01-21,18,1,BOE-A-1983-2210,MINISTERIO DE SANIDAD Y CONSUMO,estatal,Real Decreto,1573,1573,"Real Decreto 3927/1982, de 15 de diciembre, por el que se modifica el artículo 58.1 del Estatuto Jurídico de Personal Médico de la Seguridad Social."
1983-01-21,18,1,BOE-A-1983-2211,MINISTERIO DE SANIDAD Y CONSUMO,estatal,Resolución,1573,1573,"Resolución de 2 de diciembre de 1982 (rectificada), de la Subsecretaría para la Sanidad, por la que se aprueba la lista positiva de aditivos y coadyuvantes tecnológicos para uso en la elaboración de cerveza."
1983-01-21,18,1,BOE-A-1983-2212,MINISTERIO DE SANIDAD Y CONSUMO,estatal,Resolución,1573,1574,"Resolución de 3 de enero de 1983, de la Subsecretaría, por la que se prohíbe el uso de determinados aditivos en pan y panes especiales."
1983-01-22,19,1,BOE-A-1983-2323,TRIBUNAL CONSTITUCIONAL,estatal,Resolución judicial,1663,1663,"Conflicto positivo de competencia número 295/82 promovido por el Gobierno en relación con el Decreto del Gobierno Vasco 67/1982, de 29 de marzo."
1983-01-22,19,1,BOE-A-1983-2324,PRESIDENCIA DEL GOBIERNO,estatal,Real Decreto,1663,1664,"Real Decreto 3936/1982, de 29 de diciembre, sobre traspaso de funciones y servicios de la Administración del Estado a la Comunidad Autónoma de Andalucía en materia de educación."
1983-01-22,19,1,BOE-A-1983-2325,PRESIDENCIA DEL GOBIERNO,estatal,Orden,1664,1665,"Orden de 20 de enero de 1983 por la que se anula la de 4 de noviembre de 1982 que suspende la aplicación del Régimen de Comercio de Estado a las partidas arancelarias 17.01.B y 17.01.A-III en el Archipiélago Canario, Ceuta y Melilla."
1983-01-22,19,1,BOE-A-1983-2326,MINISTERIO DE ASUNTOS EXTERIORES,estatal,Tratado o acuerdo internacional,1665,1666,"Acuerdo complementario de 15 de diciembre de 1981, del Convenio Básico de Cooperación Científica y Técnica entre el Gobierno de España y el Gobierno de la República de Costa Rica, sobre conservación de la naturaleza y desarrollo forestal y de las industrias derivadas, firmado en San José de Costa Rica."
1983-01-22,19,1,BOE-A-1983-2327,MINISTERIO DE ECONOMÍA Y HACIENDA,estatal,Orden,1667,1669,Orden de 20 de enero de 1983 sobre fijación del derecho compensatorio variable para la importación de productos sometidos a este régimen.
1983-01-22,19,1,BOE-A-1983-2328,MINISTERIO DE ECONOMÍA Y HACIENDA,estatal,Orden,1669,1671,Orden de 20 de enero de 1983 sobre fijación del derecho regulador para la importación de productos sometidos a este régimen
1983-01-22,19,1,BOE-A-1983-2329,MINISTERIO DE TRABAJO Y SEGURIDAD SOCIAL,estatal,Real Decreto,1671,1671,"Real Decreto 91/1983, de 19 de enero, sobre adscripción de funcionarios de la Seguridad Social al Instituto Nacional de Empleo."
1983-01-22,19,1,BOE-A-1983-2330,MINISTERIO DE TRABAJO Y SEGURIDAD SOCIAL,estatal,Real Decreto,1671,1672,"Real Decreto 92/1983, de 19 de enero, sobre cotización a la Seguridad Social, desempleo, Fondo de Garantía Salarial y Formación Profesional durante 1983."
1983-01-22,19,1,BOE-A-1983-2331,MINISTERIO DE TRABAJO Y SEGURIDAD SOCIAL,estatal,Real Decreto,1672,1675,"Real Decreto 93/1983, de 19 de enero, sobre revalorización, mejora y cuantías mínimas de las pensiones del sistema de la Seguridad Social."
1983-01-22,19,1,BOE-A-1983-2332,"MINISTERIO DE AGRICULTURA, PESCA Y ALIMENTACIÓN",estatal,Resolución,1675,1675,"Resolución de 14 de enero de 1983, de la Dirección General de Ordenación Pesquera, sobre normas para la explotación de bancos naturales y épocas de vedas."
1983-01-24,20,1,BOE-A-1983-49914,PRESIDENCIA DEL GOBIERNO,estatal,Real Decreto,1760,1760,"Real Decreto 3936/1982, de 29 de diciembre, sobre traspaso de funciones y servicios de la Administración del Estado a la Comunidad Autónoma de Andalucía en materia de educación. (Continuación.)"
1983-01-24,20,1,BOE-A-1983-2454,MINISTERIO DEL INTERIOR,estatal,Orden,1761,1761,"Orden de 21 de enero de 1983 por la que se anula, en virtud de recurso, la Orden de 4 de mayo de 1982, por la que se modificaron determinados artículos del Reglamento Regulador de Escuelas Particulares de Conductores de Vehículos de Tracción Mecánica."
1983-01-24,20,1,BOE-A-1983-2455,MINISTERIO DE INDUSTRIA Y ENERGÍA,estatal,Orden,1761,1762,"Orden de 22 de enero de 1983 por la que se desarrolla el Real Decreto 69/1983, de 19 de enero, por el que se establecen nuevas tarifas eléctricas."
1983-01-24,20,5,BOE-A-1983-2624,CATALUÑA,autonómico,Ley,1825,1825,"Ley 14/1982, de 21 de diciembre, de concesión de un crédito extraordinario destinado a las instalaciones del tercer canal de TV y una red de frecuencia modulada."
1983-01-24,20,5,BOE-A-1983-2625,REGIÓN DE MURCIA,autonómico,Ley,1825,1829,"Ley 1/1982, de 18 de octubre, de Gobierno y de la Administración pública de la Comunidad Autónoma de la Región de Murcia."
1983-01-25,21,1,BOE-A-1983-2626,CORTES GENERALES,estatal,Resolución,1855,1855,"Resolución de 28 de diciembre de 1982, del Congreso de los Diputados, por la que se ordena la publicación del acuerdo de convalidación del Real Decreto-ley 22/1982, de 7 de diciembre, sobre medidas urgentes de reforma administrativa."
1983-01-25,21,1,BOE-A-1983-49915,PRESIDENCIA DEL GOBIERNO,estatal,Real Decreto,1855,1864,"Real Decreto 3936/1982, de 29 de diciembre, sobre traspaso de funciones y servicios de la Administración del Estado a la Comunidad Autónoma de Andalucía en materia de educación. (Continuación.)"
1983-01-25,21,1,BOE-A-1983-2627,MINISTERIO DE TRABAJO Y SEGURIDAD SOCIAL,estatal,Real Decreto,1864,1865,"Real Decreto 100/1983, de 10 de enero, por el que se fija el salario mínimo interprofesional para el año 1983."
1983-01-25,21,1,BOE-A-1983-2628,"MINISTERIO DE AGRICULTURA, PESCA Y ALIMENTACIÓN",estatal,Orden,1865,1865,Orden de 21 de enero de 1983 sobre delegación de atribuciones del ilustrísimo señor Director general del Servicio Nacional de Productos Agrarios (SENPA) en los Secretarios Técnicos de la CAT (extinguida).
1983-01-25,21,1,BOE-A-1983-2629,"MINISTERIO DE TRANSPORTES, TURISMO Y COMUNICACIONES",estatal,Orden,1865,1865,Orden de 23 de diciembre de 1982 por la que se anula la de 30 de noviembre de 1981 («Boletín Oficial del Estado» número 297) sobre las condiciones en que habrá de efectuarse el embarco reglamentario para acceder a los títulos profesionales de la Marina Mercante.
1983-01-26,22,1,BOE-A-1983-49916,PRESIDENCIA DEL GOBIERNO,estatal,Real Decreto,1952,1954,"Real Decreto 3936/1982, de 29 de diciembre, sobre traspaso de funciones y servicios de la Administración del Estado a la Comunidad Autónoma de Andalucía en materia de educación. (Continuación.)"
1983-01-26,22,1,BOE-A-1983-2761,MINISTERIO DE ASUNTOS EXTERIORES,estatal,Tratado o acuerdo internacional,1955,1957,"Convenio para la constitución de la Organización Europea y Mediterránea para la Protección de las Plantas, hecho en París el 18 de abril de 1951, incorporando las Enmiendas aprobadas en la V, XII y XVIII Sesiones del Consejo de la Organización, que entraron en vigor el 27 de abril de 1955, el 9 de mayo de 1962 y el 18 de septiembre de 1968, respectivamente."
1983-01-26,22,1,BOE-A-1983-2762,MINISTERIO DE ECONOMÍA Y HACIENDA,estatal,Resolución,1957,1957,"Resolución de 24 de enero de 1983, de la Dirección General del Tesoro y Política Financiera, por la que se dispone la celebración de la segunda subasta de Pagarés del Tesoro correspondiente a 1983."
1983-01-26,22,1,BOE-A-1983-2763,MINISTERIO DE INDUSTRIA Y ENERGÍA,estatal,Corrección,1957,1957,"Corrección de errores de la Orden de 22 de enero de 1983 por la que se desarrolla el Real Decreto 69/1983, de 19 de enero, por el que se establecen nuevas tarifas eléctricas."
1983-01-27,23,1,BOE-A-1983-49917,PRESIDENCIA DEL GOBIERNO,estatal,Real Decreto,2144,2145,"Real Decreto 3936/1982, de 29 de diciembre, sobre traspaso de funciones y servicios de la Administración del Estado a la Comunidad Autónoma de Andalucía en materia de educación. (Continuación.)"
1983-01-27,23,1,BOE-A-1983-2895,PRESIDENCIA DEL GOBIERNO,estatal,Real Decreto,2146,2147,"Real Decreto 102/1983, de 25 de enero, sobre reestructuración del Ministerio de Trabajo y Seguridad Social."
1983-01-27,23,1,BOE-A-1983-2896,PRESIDENCIA DEL GOBIERNO,estatal,Corrección,2147,2147,"Corrección de erratas del Real Decreto 3922/1982, de 22 de diciembre, por el que se concede franquicia postal y telegráfica a los órganos e Instituciones de la Comunidad Autónoma Castilla-La Mancha."
1983-01-27,23,1,BOE-A-1983-2897,MINISTERIO DE ECONOMÍA Y HACIENDA,estatal,Real Decreto,2147,2148,"Real Decreto 103/1983, de 19 de enero, por el que se prorroga la suspensión parcial de los derechos arancelarios de normal aplicación."
1983-01-27,23,1,BOE-A-1983-2898,MINISTERIO DE EDUCACIÓN Y CIENCIA,estatal,Orden,2148,2148,Orden de 4 de enero de 1983 sobre equivalencias entre estudios oficiales de carácter profesional cursados por emigrantes españoles en Luxemburgo y los correspondientes de Formación Profesional en España.
1983-01-27,23,1,BOE-A-1983-2899,"MINISTERIO DE AGRICULTURA, PESCA Y ALIMENTACIÓN",estatal,Orden,2148,2148,Orden de 18 de enero de 1983 por la que se fija el objetivo de producción de lúpulo para el año 1985.
1983-01-28,24,1,BOE-A-1983-49918,PRESIDENCIA DEL GOBIERNO,estatal,Real Decreto,2239,2240,"Real Decreto 3936/1982, de 29 de diciembre, sobre traspaso de funciones y servicios de la Administración del Estado a la Comunidad Autónoma de Andalucía en materia de educación. (Continuación.)"
1983-01-28,24,1,BOE-A-1983-3037,MINISTERIO DE ASUNTOS EXTERIORES,estatal,Tratado o acuerdo internacional,2241,2243,"Convenio de 14 de enero de 1983 para el desarrollo de un programa de acción conjunta en Nicaragua, en el campo de la informática, entre el Gobierno de España, el Gobierno de Nicaragua y el IBI, firmado en Madrid."
1983-01-28,24,1,BOE-A-1983-3038,MINISTERIO DE ECONOMÍA Y HACIENDA,estatal,Real Decreto,2243,2248,"Real Decreto 3985/1982, de 29 de diciembre, por el que se amplía, prorroga y modifica la lista apéndice de bienes de equipo del Arancel de Aduanas."
1983-01-28,24,1,BOE-A-1983-3039,MINISTERIO DE ECONOMÍA Y HACIENDA,estatal,Real Decreto,2248,2248,"Real Decreto 3986/1982, de 29 de diciembre, por el que se prorroga y modifica la resolución-tipo para la construcción, en régimen de fabricación mixta, de tornos regidos por sistemas de información codificada (control numérico) (partida arancelaria 84.45.C.I.a)."
1983-01-28,24,1,BOE-A-1983-3040,MINISTERIO DE ECONOMÍA Y HACIENDA,estatal,Real Decreto,2248,2248,"Real Decreto 3987/1982, de 29 de diciembre, por el que se prorroga la resolución-tipo para la construcción, en régimen de fabricación mixta, de tanques frigoríficos de acero inoxidable para la industria láctea, con evaporador incorporado, incluso con grupo motocompresor condensador, hasta 12.000 litros de capacidad (P. A. 84.15.C.II)."
1983-01-28,24,1,BOE-A-1983-3041,MINISTERIO DE ECONOMÍA Y HACIENDA,estatal,Real Decreto,2248,2248,"Real Decreto 3988/1982, de 29 de diciembre, por el que se prorroga y modifica la resolución-tipo para la construcción, en régimen de fabricación mixta, de fresadoras y mandrinadoras-fresadoras regidas por sistemas de información codificada (control numérico) (P. A 84.45.C.V.a.)."
1983-01-28,24,1,BOE-A-1983-3042,MINISTERIO DE ECONOMÍA Y HACIENDA,estatal,Real Decreto,2248,2249,"Real Decreto 3989/1982, de 29 de diciembre, por el que se establecen contingentes arancelarios, libres de derechos, para la importación de los productos que se señalan en el anexo del presente Real Decreto."
1983-01-28,24,1,BOE-A-1983-3043,MINISTERIO DEL INTERIOR,estatal,Real Decreto,2249,2250,"Real Decreto 3990/1982, de 22 de diciembre, por el que se modifican algunos preceptos del Real Decreto 3390/1981, de 18 de diciembre, relativo al comercio de objetos usados que contengan en su composición metales o piedras preciosas y perlas finas."
1983-01-28,24,1,BOE-A-1983-3044,MINISTERIO DE TRABAJO Y SEGURIDAD SOCIAL,estatal,Orden,2250,2252,"Orden de 26 de enero de 1983 por la que se desarrolla el Real Decreto 92/1983, de 19 de enero, sobre cotización a la Seguridad Social, Desempleo, Fondo de Garantía Salarial y Formación Profesional durante el año 1983."
1983-01-28,24,1,BOE-A-1983-3045,MINISTERIO DE ADMINISTRACIÓN TERRITORIAL,estatal,Real Decreto,2252,2253,"Real Decreto 3991/1982, de 29 de diciembre, por el que se aprueban las normas de traspaso de funciones y servicios del Estado a la Comunidad Autónoma de Aragón y funcionamiento de la Comisión Mixta prevista en la disposición transitoria sexta de su Estatuto de Autonomía."
1983-01-29,25,1,BOE-A-1983-49919,PRESIDENCIA DEL GOBIERNO,estatal,Real Decreto,2433,2434,"Real Decreto 3936/1982, de 29 de diciembre, sobre traspaso de funciones y servicios de la Administración del Estado a la Comunidad Autónoma de Andalucía en materia de educación. (Continuación.)"
1983-01-29,25,1,BOE-A-1983-3152,PRESIDENCIA DEL GOBIERNO,estatal,Real Decreto,2435,2435,"Real Decreto 4014/1982, de 29 de diciembre, por el que se crea la Jefatura de Seguridad de la Presidencia del Gobierno."
1983-01-29,25,1,BOE-A-1983-3153,MINISTERIO DE ECONOMÍA Y HACIENDA,estatal,Orden,2435,2437,Orden de 27 de enero de 1983 sobre fijación del derecho compensatorio variable para la importación de productos sometidos a este régimen.
1983-01-29,25,1,BOE-A-1983-3154,MINISTERIO DE ECONOMÍA Y HACIENDA,estatal,Orden,2437,2439,Orden de 27 de enero de 1983 sobre fijación del derecho regulador para la importación de productos sometidos a este régimen.
1983-01-29,25,1,BOE-A-1983-3155,MINISTERIO DEL INTERIOR,estatal,Orden,2439,2439,"Orden de 20 de enero de 1983 por la que se anula, en virtud de recurso, la Orden de 26 de octubre de 1982 que creó el Registro General de Profesionales Taurinos."
1983-01-29,25,1,BOE-A-1983-3156,MINISTERIO DE ADMINISTRACIÓN TERRITORIAL,estatal,Real Decreto,2440,2441,"Real Decreto 4015/1982, de 29 de diciembre, por el que se aprueban las normas de traspaso de funciones y servicios del Estado a la Generalidad Valenciana y funcionamiento de la Comisión Mixta prevista en la disposición transitoria cuarta de su Estatuto de Autonomía."
1983-01-31,26,1,BOE-A-1983-3333,CORTES GENERALES,estatal,Resolución,2527,2527,"Resolución de 27 de enero de 1983, del Congreso de los Diputados, por la que se ordena la publicación del acuerdo de convalidación del Real Decreto-ley 23/1982, de 29 de diciembre, por el que se prorroga la aplicación del Fondo Especial de Protección al Desempleo."
1983-01-31,26,1,BOE-A-1983-3334,CORTES GENERALES,estatal,Resolución,2527,2527,"Resolución de 27 de enero de 1983, del Congreso de los Diputados, por la que se ordena la publicación del acuerdo de convalidación del Real Decreto-ley 24/1982, de 29 de diciembre, sobre medidas urgentes en materia presupuestaria, financiera y tributaria."
1983-01-31,26,1,BOE-A-1983-3335,CORTES GENERALES,estatal,Resolución,2527,2527,"Resolución de 27 de enero de 1983, del Congreso de los Diputados, por la que se ordena la publicación del acuerdo de convalidación del Real Decreto-ley 25/1982, de 29 de diciembre, por el que se prorroga la vigencia del Real Decreto-ley 28/1981, de 4 de diciembre, sobre medidas excepcionales para el aprovechamiento de los recursos hidráulicos, escasos a consecuencia de la prolongada sequía."
1983-01-31,26,1,BOE-A-1983-3336,CORTES GENERALES,estatal,Resolución,2527,2527,"Resolución de 27 de enero de 1983, del Congreso de los Diputados, por la que se ordena la publicación del acuerdo de convalidación del Real Decreto-ley 26/1982, de 22 de diciembre, por el que se suspende el plazo establecido en la disposición primera A del Estatuto Orgánico del Ministerio Fiscal, aprobado por Ley 50/1981, de 30 de diciembre."
1983-01-31,26,1,BOE-A-1983-49920,PRESIDENCIA DEL GOBIERNO,estatal,Real Decreto,2527,2529,"Real Decreto 3936/1982, de 29 de diciembre sobre traspaso de funciones y servicios de la Administración del Estado a la Comunidad Autónoma de Andalucía en materia de educación. (Continuación.)"
1983-01-31,26,1,BOE-A-1983-3337,MINISTERIO DE INDUSTRIA Y ENERGÍA,estatal,Real Decreto,2529,2529,"Real Decreto 4019/1982, de 15 de diciembre, por el que se modifica el apartado b) del artículo primero del Decreto 1747/1975, de 17 de julio, que fijó criterios de valoración para configurar la sección A) de la Ley de Minas."
1983-01-31,26,5,BOE-A-1983-3486,ANDALUCÍA,autonómico,Ley,2591,2592,"Ley 2/1982, de 21 de diciembre, reguladora del Consejo Asesor de RTVE en Andalucía."
1983-02-01,27,1,BOE-A-1983-49921,PRESIDENCIA DEL GOBIERNO,estatal,Real Decreto,2623,2625,"Real Decreto 3936/1982, de 29 de diciembre, sobre traspaso de funciones y servicios de la Administración del Estado a la Comunidad Autónoma de Andalucía en materia de educación. (Continuación.)"
1983-02-01,27,1,BOE-A-1983-3488,MINISTERIO DE ECONOMÍA Y HACIENDA,estatal,Resolución,2625,2625,"Resolución de 17 de diciembre de 1982, del Instituto de Reforma de las Estructuras Comerciales (IRESCO), por la que se delegan las funciones de Ordenador de gasto y pago para los capítulos I y II del presupuesto del Organismo en el Secretario general del Instituto."
1983-02-01,27,1,BOE-A-1983-3489,"MINISTERIO DE TRANSPORTES, TURISMO Y COMUNICACIONES",estatal,Resolución,2625,2625,"Resolución de 26 de enero de 1983, de la Dirección General de Transportes Terrestres, por la que se establecen las condiciones de aplicación de la Orden de 21 de diciembre de 1982 sobre aumento de tarifas en los servicios discrecionales de transportes de viajeros por carretera contratados por coche completo."
1983-02-01,27,5,BOE-A-1983-3594,CATALUÑA,autonómico,Ley,2674,2676,"Ley 13/1982, de 17 de diciembre, de Colegios Profesionales."
1983-02-02,28,1,BOE-A-1983-49922,PRESIDENCIA DEL GOBIERNO,estatal,Real Decreto,2720,2722,"Real Decreto 3936/1982, de 29 de diciembre, sobre traspaso de funciones y servicios de la Administración del Estado a la Comunidad Autónoma de Andalucía en matería de educación. (Continuación.)"
1983-02-02,28,1,BOE-A-1983-3598,MINISTERIO DE ECONOMÍA Y HACIENDA,estatal,Orden,2722,2724,Orden de 5 de enero de 1983 sobre corrección en las concesiones arancelarias otorgadas por España a las partes contratantes del Acuerdo General sobre Aranceles Aduaneros y Comercio.
1983-02-02,28,1,BOE-A-1983-3599,"MINISTERIO DE AGRICULTURA, PESCA Y ALIMENTACIÓN",estatal,Orden,2724,2727,Orden de 18 de enero de 1983 por la que se aprueba el nuevo Reglamento Técnico de Control y Certificación de Patata de Siembra.
1983-02-03,29,1,BOE-A-1983-49923,PRESIDENCIA DEL GOBIERNO,estatal,Real Decreto,2909,2911,"Real Decreto 3936/1982, de 29 de diciembre, sobre traspaso de funciones y servicios de la Administración del Estado a la Comunidad Autónoma de Andalucía en matería de educación. (Continuación.)"
1983-02-03,29,1,BOE-A-1983-3736,PRESIDENCIA DEL GOBIERNO,estatal,Real Decreto,2912,2913,"Real Decreto 4043/1982, de 29 de diciembre, sobre traspaso de funciones y servicios de la Administración del Estado a la Junta de Andalucía en materia de trabajo."
1983-02-03,29,1,BOE-A-1983-3737,MINISTERIO DEL INTERIOR,estatal,Resolución,2913,2914,"Resolución de 14 de enero de 1983, de la Dirección General de Tráfico, sobre nuevo modelo de autorización especial para conducir vehículos que transporten mercancías peligrosas."
1983-02-04,30,1,BOE-A-1983-3834,JEFATURA DEL ESTADO,estatal,Otras,3010,3031,"Instrumento de Ratificación de las Actas del XVIII Congreso de la Unión Postal Universal, hechas en Río de Janeiro el 26 de octubre de 1979."
1983-02-04,30,1,BOE-A-1983-3835,TRIBUNAL CONSTITUCIONAL,estatal,Resolución judicial,3032,3032,"Conflicto positivo de competencia número 430/82, planteado por el Gobierno contra la Orden del Departamento de Educación del País Vasco de 10 de agosto de 1982 y la Resolución de 4 de octubre de 1982, emanada de la Viceconsejería del mismo Departamento."
1983-02-04,30,1,BOE-A-1983-49924,PRESIDENCIA DEL GOBIERNO,estatal,Real Decreto,3032,3034,"Real Decreto 3936/1982, de 29 de diciembre, sobre traspaso de funciones y servicios de la Administración del Estado a la Comunidad Autónoma de Andalucía en matería de educación. (Continuación.)"
1983-02-04,30,1,BOE-A-1983-49984,PRESIDENCIA DEL GOBIERNO,estatal,Real Decreto,3035,3042,"Real Decreto 4043/1982, de 29 de diciembre, sobre traspaso de funciones y servicios de la Administración del Estado a la Junta de Andalucía en matería de trabajo. (Conclusión.)"
1983-02-04,30,1,BOE-A-1983-3836,PRESIDENCIA DEL GOBIERNO,estatal,Real Decreto,3043,3043,"Real Decreto 169/1983, de 2 de febrero, por el que se prorroga el plazo de adaptación de instalaciones de mataderos a la Reglamentación Técnico-Sanitaria vigente."
1983-02-04,30,1,BOE-A-1983-3837,PRESIDENCIA DEL GOBIERNO,estatal,Orden,3043,3043,"Orden de 2 de febrero de 1983, sobre indemnización por uso de vehículos particulares por funcionarios en comisión de servicio."
1983-02-04,30,1,BOE-A-1983-3838,MINISTERIO DE ASUNTOS EXTERIORES,estatal,Tratado o acuerdo internacional,3043,3044,"Acuerdo de 9 de diciembre de 1982, de Cooperación Técnica, complementario del Acuerdo de Cooperación entre el Gobierno de España y la Secretaría de la Organización de los Estados Americanos, para la ejecución conjunta de la segunda parte de un proyecto de migraciones laborales, nacionales e internacionales, hecho en Washington, D. C."
1983-02-04,30,1,BOE-A-1983-3839,MINISTERIO DE ECONOMÍA Y HACIENDA,estatal,Corrección,3044,3044,"Corrección de errores de la Orden de 13 de enero de 1983 por la que se dictan normas para la aplicación y desarrollo del Real Decreto 42/1983, de 12 de enero, por el que se dispone la emisión de deuda del Tesoro, interior y amortizable, durante el ejercicio de 1983."
1983-02-04,30,1,BOE-A-1983-3840,MINISTERIO DEL INTERIOR,estatal,Real Decreto,3044,3044,"Real Decreto 170/1983, de 25 de enero, sobre modificación de las normas relativas a las edades de ingreso en la Academia Especial de la Policía Nacional y determinación de la fecha de su entrada en vigor."
1983-02-05,31,1,BOE-A-1983-49985,JEFATURA DEL ESTADO,estatal,Otras,3197,3224,"Instrumento de Ratificación de las Actas del XVIII Congreso de la Unión Postal Universal, hechas en Río de Janeiro el 26 de octubre de 1979. (Continuación.)"
1983-02-05,31,1,BOE-A-1983-4062,PRESIDENCIA DEL GOBIERNO,estatal,Real Decreto,3224,3224,"Real Decreto 4062/1982, de 22 de diciembre, por el que se modifica el artículo 5.º del Real Decreto 769/1982, de 26 de marzo, sobre reconversión del sector industrial de componentes electrónicos."
1983-02-05,31,1,BOE-A-1983-49925,PRESIDENCIA DEL GOBIERNO,estatal,Real Decreto,3225,3244,"Real Decreto 3936/1982, de 29 de diciembre, sobre traspaso de funciones y servicios de la Administración del Estado a la Comunidad Autónoma de Andalucía en matería de educación. (Continuación.)"
1983-02-05,31,1,BOE-A-1983-4063,MINISTERIO DE ECONOMÍA Y HACIENDA,estatal,Orden,3245,3247,Orden de 3 de febrero de 1983 sobre fijación del derecho compensatorio variable para la importación de productos sometidos a este régimen.
1983-02-05,31,1,BOE-A-1983-4064,MINISTERIO DE ECONOMÍA Y HACIENDA,estatal,Orden,3247,3249,Orden de 3 de febrero de 1983 sobre fijación del derecho regulador para la importación de productos sometidos a este régimen.
1983-02-05,31,1,BOE-A-1983-4065,MINISTERIO DEL INTERIOR,estatal,Orden,3249,3249,Orden de 1 de febrero de 1983 por la que se determinan las armas específicas para desempeñar las funciones de guardería.
1983-02-05,31,1,BOE-A-1983-4066,MINISTERIO DE INDUSTRIA Y ENERGÍA,estatal,Real Decreto,3249,3250,"Real Decreto 4063/1982, de 22 de diciembre, por el que se modifica el último párrafo del punto dos del artículo 4.º del Real Decreto 1665/1980, de 6 de junio, que declara de interés preferente determinados sectores industriales de producción de fracciones petrolíferas ligeras y de fabricación de productos químicos derivados de hidrocarburos."
1983-02-05,31,1,BOE-A-1983-4067,MINISTERIO DE INDUSTRIA Y ENERGÍA,estatal,Orden,3250,3250,Orden de 1 de febrero de 1983 sobre suministros interrumpibles de energía eléctrica al sector siderúrgico no integral.
1983-02-05,31,1,BOE-A-1983-4068,MINISTERIO DE ADMINISTRACIÓN TERRITORIAL,estatal,Orden,3250,3250,Orden circular de 19 de enero de 1983 sobre establecimiento de determinadas medidas de apoyo a las Corporaciones Locales afectadas por catástrofes.
1983-02-05,31,1,BOE-A-1983-4069,MINISTERIO DE SANIDAD Y CONSUMO,estatal,Orden,3250,3250,"Orden de 3 de febrero de 1983 que modifica el plazo establecido en la disposición transitoria primera de la Orden ministerial de 15 de julio de 1982, 5 de agosto, por la que se regula el material de acondicionamiento de las especialidades farmacéuticas no publicitarias."
1983-02-07,32,1,BOE-A-1983-49986,JEFATURA DEL ESTADO,estatal,Otras,3293,3301,"Instrumento de ratificación de las actas del XVIII Congreso de la Unión Postal Universal, hechas en Río de Janeiro el 26 de octubre de 1979. (Continuación.)"
1983-02-07,32,1,BOE-A-1983-49926,PRESIDENCIA DEL GOBIERNO,estatal,Real Decreto,3301,3331,"Real Decreto 3936/1982, de 29 de diciembre, sobre traspaso de funciones y servicios de la Administración del Estado a la Comunidad Autónoma de Andalucía en matería de educación. (Continuación.)"
1983-02-07,32,1,BOE-A-1983-4138,MINISTERIO DE JUSTICIA,estatal,Orden,3332,3332,"Orden de 20 de enero de 1983 por la que se adaptan las cuantías de los diferentes importes de las certificaciones de antecedentes penales, últimas voluntades y Sociedades mercantiles al Real Decreto-ley de 21 de diciembre de 1982 sobre prórroga de los Presupuestos Generales del Estado."
1983-02-07,32,1,BOE-A-1983-4139,MINISTERIO DE ECONOMÍA Y HACIENDA,estatal,Resolución,3332,3332,"Resolución de 2 de febrero de 1983, de la Secretaría de Estado de Economía y Planificación, sobre delegación de atribuciones en el Director general del Instituto Nacional de Estadística."
1983-02-07,32,1,BOE-A-1983-4140,"MINISTERIO DE TRANSPORTES, TURISMO Y COMUNICACIONES",estatal,Corrección,3332,3332,Corrección de errores de la Orden de 18 de noviembre de 1982 sobre reglamentación del uso de uniforme por el personal titulado para el manejo de las embarcaciones de recreo.
1983-02-08,33,1,BOE-A-1983-49987,JEFATURA DEL ESTADO,estatal,Otras,3391,3396,"Instrumento de ratificación de las actas del XVIII Congreso de la Unión Postal Universal, hechas en Río de Janeiro el 26 de octubre de 1979. (Continuación.)"
1983-02-08,33,1,BOE-A-1983-49927,PRESIDENCIA DEL GOBIERNO,estatal,Real Decreto,3396,3421,"Real Decreto 3936/1982, de 29 de diciembre, sobre traspaso de funciones y servicios de la Administración del Estado a la Comunidad Autónoma de Andalucía en materia de educación. (Continuación.)"
1983-02-08,33,1,BOE-A-1983-4219,MINISTERIO DE ECONOMÍA Y HACIENDA,estatal,Orden,3422,3422,"Orden de 11 de enero de 1983 sobre devolución de ingresos indebidos, en el Tesoro Público, realizados mediante el empleo de Efectos Timbrados."
1983-02-08,33,1,BOE-A-1983-4220,MINISTERIO DEL INTERIOR,estatal,Orden,3422,3422,"Orden de 31 de enero de 1983 por la que se acuerda el cumplimiento del Auto de 19 de noviembre de 1982, de la Sala Cuarta del Tribunal Supremo, suspendiendo la ejecución de la Orden de este Ministerio de 20 de abril de 1982 por la que se dictaron normas complementarias al Reglamento de Máquinas Recreativas y de Azar de 24 de julio de 1981."
1983-02-08,33,1,BOE-A-1983-4221,MINISTERIO DE TRABAJO Y SEGURIDAD SOCIAL,estatal,Corrección,3422,3422,"Corrección de erratas del Real Decreto 93/1983, de 19 de enero, sobre revalorización, mejora y cuantías mínimas de las pensiones del sistema de la Seguridad Social."
1983-02-09,34,1,BOE-A-1983-4329,JEFATURA DEL ESTADO,estatal,Otras,3487,3516,"Instrumento de Adhesión de 14 de julio de 1982 de España al Convenio Aduanero relativo al Transporte Internacional de Mercancías al amparo de los Cuadernos TIR (Convenio TIR), hecho en Ginebra el 14 de noviembre de 1975."
1983-02-09,34,1,BOE-A-1983-49988,JEFATURA DEL ESTADO,estatal,Otras,3516,3529,"Instrumento de Ratificación de las actas del XVIII Congreso de la Unión Postal Universal, hechas en Río de Janeiro el 26 de octubre de 1979. (Continuación.)"
1983-02-09,34,1,BOE-A-1983-4330,TRIBUNAL CONSTITUCIONAL,estatal,Resolución judicial,3530,3530,"Acuerdo de 20 de diciembre de 1982, del Pleno del Tribunal Constitucional, por el que se aprueban normas acerca de la defensa por pobre en los procesos constitucionales."
1983-02-09,34,1,BOE-A-1983-49928,PRESIDENCIA DEL GOBIERNO,estatal,Real Decreto,3530,3544,"Real Decreto 3936/1982, de 29 de diciembre, sobre traspaso de funciones y servicios de la Administración del Estado a la Comunidad Autónoma de Andalucía en materia de educación. (Continuación.)"
1983-02-09,34,1,BOE-A-1983-4331,MINISTERIO DE ECONOMÍA Y HACIENDA,estatal,Resolución,3545,3545,"Resolución de 7 de febrero de 1983, de la Dirección General del Tesoro y Política Financiera, por la que se dispone la celebración de la tercera subasta de pagarés del Tesoro correspondiente a 1983."
1983-02-09,34,1,BOE-A-1983-4332,MINISTERIO DE EDUCACIÓN Y CIENCIA,estatal,Orden,3545,3545,Orden de 19 de enero de 1983 por la que se da nueva redacción al párrafo primero del artículo 5.º de la Orden de 9 de septiembre de 1982 por la que se regula la composición y funciones de los equipos multiprofesionales dependientes del Instituto Nacional de Educación Especial.
1983-02-09,34,1,BOE-A-1983-4333,"MINISTERIO DE TRANSPORTES, TURISMO Y COMUNICACIONES",estatal,Corrección,3545,3545,"Corrección de errores de la Resolución de 26 de enero de 1983, de la Dirección General de Transportes Terrestres, por la que se establecen las condiciones de aplicación de la Orden de 21 de diciembre de 1982 sobre aumento de tarifas en los servicios discrecionales de transporte de viajeros por carretera contratados por coche completo."
1983-02-09,34,5,BOE-A-1983-4469,ANDALUCÍA,autonómico,Ley,3653,3655,"Ley 3/1982, de 21 de diciembre, sobre el himno y el escudo de Andalucía."
1983-02-10,35,1,BOE-A-1983-49989,JEFATURA DEL ESTADO,estatal,Otras,3680,3701,"Instrumento de Ratificación de las Actas del XVIII Congreso de la Unión Postal Universal, hechas en Río de Janeiro el 26 de octubre de 1979. (Continuación.)"
1983-02-10,35,1,BOE-A-1983-49929,PRESIDENCIA DEL GOBIERNO,estatal,Real Decreto,3701,3710,"Real Decreto 3936/1982, de 29 de diciembre, sobre traspaso de funciones y servicios de la Administración del Estado a la Comunidad Autónoma de Andalucía en materia de educación. (Continuación.)"
1983-02-10,35,1,BOE-A-1983-4470,MINISTERIO DE ECONOMÍA Y HACIENDA,estatal,Real Decreto,3711,3711,"Real Decreto 224/1983, de 9 de febrero, por el que se prorroga el Real Decreto 1955/1982, de 12 de agosto, que deja en suspenso la liberalización de inversiones españolas en el exterior, establecida en el artículo 12 del Real Decreto 2236/1979, de 14 de septiembre."
1983-02-10,35,1,BOE-A-1983-4471,MINISTERIO DE TRABAJO Y SEGURIDAD SOCIAL,estatal,Orden,3711,3711,"Orden de 5 de febrero de 1983 por la que se concreta la inclusión de los trabajadores por cuenta propia en el Régimen Especial Agrario, en razón al líquido imponible."
1983-02-10,35,1,BOE-A-1983-4472,MINISTERIO DE SANIDAD Y CONSUMO,estatal,Orden,3711,3711,Orden de 7 de febrero de 1983 por la que se regulan las actividades de los Médicos Residentes Asistenciales en las Instituciones Sanitarias de la Seguridad Social.
1983-02-10,35,5,BOE-A-1983-4622,ANDALUCÍA,autonómico,Ley,3755,3757,"Ley 4/1982, de 30 de diciembre de 1982 del Plan Extraordinario de Inversiones."
1983-02-11,36,1,BOE-A-1983-4625,JEFATURA DEL ESTADO,estatal,Real Decreto-ley,3778,3778,"Real Decreto-ley 1/1983, de 9 de febrero, por el que se deroga la exacción sobre el precio de las gasolinas en las islas Canarias, Ceuta y Melilla."
1983-02-11,36,1,BOE-A-1983-49990,JEFATURA DEL ESTADO,estatal,Otras,3778,3806,"Instrumento de Ratificación de las Actas del XVIII Congreso de la Unión Postal Universal, hechas en Río de Janeiro el 26 de octubre de 1979. (Continuación.)"
1983-02-11,36,1,BOE-A-1983-49930,PRESIDENCIA DEL GOBIERNO,estatal,Real Decreto,3806,3820,"Real Decreto 3936/1982, de 29 de diciembre, sobre traspaso de funciones y servicios de la Administración del Estado a la Comunidad Autónoma de Andalucía en materia de educación. (Continuación.)"
1983-02-11,36,1,BOE-A-1983-4626,MINISTERIO DE ASUNTOS EXTERIORES,estatal,Otras,3820,3820,"Denuncia por España del Convenio constitutivo del Instituto Internacional del Algodón, hecho en Washington el 17 de enero de 1966."
1983-02-11,36,1,BOE-A-1983-4627,MINISTERIO DE ECONOMÍA Y HACIENDA,estatal,Orden,3821,3821,"Orden de 1 de febrero de 1983 por la que se delegan en el Director general del Tesoro y Política Financiera las funciones a que se refiere el artículo 79, 3, de la Ley 11/1977, de 4 de enero, General Presupuestaria."
1983-02-11,36,1,BOE-A-1983-4628,MINISTERIO DE TRABAJO Y SEGURIDAD SOCIAL,estatal,Resolución,3821,3822,"Resolución de 24 de enero de 1983, de la Dirección General de Régimen Económico de la Seguridad Social, por la que se aprueban los modelos de Convenio Especial de Asimilación al Alta y de Asistencia Sanitaria en el Régimen Especial de la Seguridad Social de los Toreros."
1983-02-11,36,1,BOE-A-1983-4629,MINISTERIO DE INDUSTRIA Y ENERGÍA,estatal,Orden,3822,3822,Orden de 9 de febrero de 1983 por la que se modifican los precios de venta al público de diversos productos petrolíferos en las áreas fuera del Monopolio de Petróleos.
1983-02-11,36,1,BOE-A-1983-4630,MINISTERIO DE INDUSTRIA Y ENERGÍA,estatal,Corrección,3822,3822,Corrección de errores de la Orden de 1 de febrero de 1983 sobre suministros interrumpibles de energía eléctrica al sector siderúrgico no integral.
1983-02-12,37,1,BOE-A-1983-49991,JEFATURA DEL ESTADO,estatal,Otras,3965,3990,"Instrumento de Ratificación de las Actas del XVIII Congreso de la Unión Postal Universal, hechas en Río de Janeiro el 26 de octubre de 1979. (Continuación.)"
1983-02-12,37,1,BOE-A-1983-49931,PRESIDENCIA DEL GOBIERNO,estatal,Real Decreto,3991,4008,"Real Decreto 3926/1982, de 29 de diciembre, sobre traspaso de funciones y servicios de la Administración del Estado a la Comunidad Autónoma de Andalucía en materia de educación. (Continuación.)"
1983-02-12,37,1,BOE-A-1983-4819,PRESIDENCIA DEL GOBIERNO,estatal,Real Decreto,4008,4009,"Real Decreto 236/1983, de 9 de febrero, sobre modificación parcial del Reglamento Nacional de los Servicios Urbanos e Interurbanos de Transportes en Automóviles Ligeros, aprobado por Real Decreto 763/1979, de 16 de marzo."
1983-02-12,37,1,BOE-A-1983-4820,MINISTERIO DE ASUNTOS EXTERIORES,estatal,Tratado o acuerdo internacional,4009,4010,"Enmiendas propuestas por España a los anejos A y B del Acuerdo Europeo relativo al Transporte Internacional de Mercancías Peligrosas por Carretera, hecho en Ginebra el 30 de septiembre de 1957, puestas en circulación por el Secretario general de las Naciones Unidas el 31 de agosto de 1982."
1983-02-12,37,1,BOE-A-1983-4821,MINISTERIO DE ECONOMÍA Y HACIENDA,estatal,Orden,4010,4012,Orden de de 10 de febrero de 1983 sobre fijación del derecho compensatorio variable para la importación de productos sometidos a este régimen.
1983-02-12,37,1,BOE-A-1983-4822,MINISTERIO DE ECONOMÍA Y HACIENDA,estatal,Orden,4012,4014,Orden de 10 de febrero de 1983 sobre fijación del derecho regulador para la importación de productos sometidos a este régimen.
1983-02-14,38,1,BOE-A-1983-49992,JEFATURA DEL ESTADO,estatal,Otras,4061,4085,"Instrumento de Ratificación de las Actas del XVIII Congreso de la Unión Postal Universal, hechas en Río de Janeiro el 26 de octubre de 1979. (Continuación.)"
1983-02-14,38,1,BOE-A-1983-4886,TRIBUNAL CONSTITUCIONAL,estatal,Resolución judicial,4086,4086,"Recurso de inconstitucionalidad interpuesto por el Presidente del Gobierno contra el artículo 3, 1, a), de la Ley del Parlamento de Cataluña 11/1982, de 8 de octubre, número de registro 35/83."
1983-02-14,38,1,BOE-A-1983-4887,TRIBUNAL CONSTITUCIONAL,estatal,Resolución judicial,4086,4086,"Conflicto positivo de competencia número 43/83 planteado por el Gobierno contra el Decreto 306/1982, de 23 de julio, de la Generalidad de Cataluña."
1983-02-14,38,1,BOE-A-1983-49932,PRESIDENCIA DEL GOBIERNO,estatal,Real Decreto,4087,4101,"Real Decreto 3936/1982, de 29 de diciembre, sobre traspaso de funciones y servicios de la Administración del Estado a la Comunidad Autónoma de Andalucía en materia de educación. (Continuación.)"
1983-02-14,38,1,BOE-A-1983-4888,MINISTERIO DE ECONOMÍA Y HACIENDA,estatal,Orden,4102,4102,"Orden de 7 de febrero de 1983 por la que se declara la exención por reciprocidad a que se refiere el artículo quinto, 4, de la Ley 61/1978, de 27 de diciembre, del Impuesto sobre Sociedades, a las Entidades de Navegación Aérea residentes en Uruguay."
1983-02-14,38,1,BOE-A-1983-4889,MINISTERIO DE ECONOMÍA Y HACIENDA,estatal,Orden,4102,4102,Orden de 11 de febrero de 1983 de delegación de competencias en los Secretarios de Estado del Departamento y en el Subsecretario de Economía y Hacienda.
1983-02-14,38,1,BOE-A-1983-4890,MINISTERIO DE ECONOMÍA Y HACIENDA,estatal,Resolución,4102,4103,"Resolución de 8 de febrero de 1983, de la Dirección General de Exportación, por la que se modifica el sistema de exportación de mercancías con exención de licencia."
1983-02-15,39,1,BOE-A-1983-49993,JEFATURA DEL ESTADO,estatal,Otras,4157,4187,"Instrumento de Ratificación de las Actas del XVIII Congreso de la Unión Postal Universal, hechas en Río de Janeiro el 26 de octubre de 1979. (Continuación.)"
1983-02-15,39,1,BOE-A-1983-4980,JEFATURA DEL ESTADO,estatal,Otras,4188,4188,"Instrumento de Ratificación del Convenio de Cooperación Cultural, Científica y Educativa entre España y la República de Chipre, hecho en Madrid el 16 de julio de 1980."
1983-02-15,39,1,BOE-A-1983-49933,PRESIDENCIA DEL GOBIERNO,estatal,Real Decreto,4189,4209,"Real Decreto 3936/1982, de 29 de diciembre, sobre traspaso de funciones y servicios de la Administración del Estado a la Comunidad Autónoma de Andalucía en materia de educación. (Continuación.)"
1983-02-15,39,1,BOE-A-1983-4981,MINISTERIO DE ASUNTOS EXTERIORES,estatal,Tratado o acuerdo internacional,4209,4209,"Entrada en vigor del Convenio de Cooperación Turística entre España y Hungría, hecho en Budapest el 20 de septiembre de 1982."
1983-02-15,39,1,BOE-A-1983-4982,MINISTERIO DE INDUSTRIA Y ENERGÍA,estatal,Orden,4209,4212,Orden de 10 de febrero de 1983 sobre normas técnicas de los tipos de radiadores y convectores de calefacción por medio de fluidos y su homologación por el Ministerio de Industria y Energía.
1983-02-16,40,1,BOE-A-1983-49994,JEFATURA DEL ESTADO,estatal,Otras,4258,4297,"Instrumento de Ratificación de las Actas del XVIII Congreso de la Unión Postal Universal, hechas en Río de Janeiro el 26 de octubre de 1979. (Conclusión.)"
1983-02-16,40,1,BOE-A-1983-49934,PRESIDENCIA DEL GOBIERNO,estatal,Real Decreto,4297,4312,"Real Decreto 3936/1982, de 29 de diciembre, sobre traspaso de funciones y servicios de la Administración del Estado a la Comunidad Autónoma de Andalucía en materia de Educación. (Continuación.)"
1983-02-16,40,1,BOE-A-1983-5053,PRESIDENCIA DEL GOBIERNO,estatal,Real Decreto,4313,4314,"Real Decreto 259/1983, de 9 de febrero, por el que se establece la estructura orgánica básica del Ministerio de Administración Territorial."
1983-02-16,40,1,BOE-A-1983-5054,PRESIDENCIA DEL GOBIERNO,estatal,Orden,4314,4315,Orden de 15 de febrero de 1983 sobre ayudas públicas a disminuidos.
1983-02-16,40,1,BOE-A-1983-5055,MINISTERIO DE DEFENSA,estatal,Orden,4315,4315,"Orden 12/1983, de 4 de febrero, por la que se modifica la Orden 1/1980, de 10 de mayo, sobre delegación de facultades en materia de contratación administrativa del Almirante Jefe del Arsenal de El Ferrol del Caudillo."
1983-02-16,40,1,BOE-A-1983-5056,MINISTERIO DE TRABAJO Y SEGURIDAD SOCIAL,estatal,Resolución,4316,4316,"Resolución de 26 de enero de 1983, de la Dirección General de Régimen Económico de la Seguridad Social, por la que se aprueba el modelo TC 1/25 de cotización al sistema especial para las tareas de manipulado y empaquetado de tomate fresco realizadas por cosecheros-exportadores dentro del Régimen General de la Seguridad Social."
1983-02-16,40,1,BOE-A-1983-5057,"MINISTERIO DE AGRICULTURA, PESCA Y ALIMENTACIÓN",estatal,Orden,4316,4317,Orden de 31 de enero de 1983 por la que se actualizan los anejos I y II de la Orden de 23 de junio de 1976.
1983-02-16,40,1,BOE-A-1983-5058,"MINISTERIO DE AGRICULTURA, PESCA Y ALIMENTACIÓN",estatal,Orden,4317,4318,"Orden de 3 de febrero de 1983 por la que se actualizan las normas de subvenciones a obras, trabajos y plantaciones de Conservación de Suelos Agrícolas."
1983-02-16,40,1,BOE-A-1983-5059,MINISTERIO DE SANIDAD Y CONSUMO,estatal,Orden,4318,4319,"Orden de 14 de febrero de 1983 por la que se delegan atribuciones en el Subsecretario de Sanidad y Consumo, Secretario general para el Consumo y otras autoridades y funcionarios del Departamento."
1983-02-17,41,1,BOE-A-1983-49935,PRESIDENCIA DEL GOBIERNO,estatal,Real Decreto,4445,4471,"Real Decreto 3938/1982, de 29 de diciembre, sobre traspaso de funciones y servicios de la Administración del Estado a la Comunidad Autónoma de Andalucía en materia de educación. (Continuación.)"
1983-02-17,41,1,BOE-A-1983-5230,PRESIDENCIA DEL GOBIERNO,estatal,Real Decreto,4472,4476,"Real Decreto 4096/1982, de 29 de diciembre, sobre traspaso de funciones y servicios del Estado a la Junta de Andalucía en materia de cultura."
1983-02-17,41,1,BOE-A-1983-5231,PRESIDENCIA DEL GOBIERNO,estatal,Real Decreto,4477,4477,"Real Decreto 267/1983, de 16 de febrero, por el que se dictan normas sobre determinación del número de componentes a elegir para las Corporaciones Locales."
1983-02-17,41,1,BOE-A-1983-5232,MINISTERIO DE ASUNTOS EXTERIORES,estatal,Tratado o acuerdo internacional,4477,4481,"Acuerdo entre el Gobierno de España y el Gobierno de Estados Unidos de América sobre la pesca frente a la costa de Estados Unidos. Hecho en Washington, D. C., el 29 de julio de 1982."
1983-02-17,41,1,BOE-A-1983-5233,MINISTERIO DE OBRAS PÚBLICAS Y URBANISMO,estatal,Orden,4481,4481,"Orden de 10 de febrero de 1983 por la que se desarrolla el Real Decreto 928/1982, de 17 de abril, por el que se unifica la Administración portuaria de la bahía de Cádiz."
1983-02-17,41,1,BOE-A-1983-5234,"MINISTERIO DE AGRICULTURA, PESCA Y ALIMENTACIÓN",estatal,Resolución,4482,4482,"Resolución de 3 de enero de 1983, de la Dirección General de Relaciones Pesqueras Internacionales, sobre concesión de permisos temporales de pesca a buques con licencia para pescar en aguas bajo jurisdicción marroquí."
1983-02-17,41,1,BOE-A-1983-5235,"MINISTERIO DE TRANSPORTES, TURISMO Y COMUNICACIONES",estatal,Real Decreto,4482,4482,"Real Decreto 268/1983, de 25 de enero, por el que se da nueva redacción a los párrafos 4 y 6 del artículo 57 de la Ordenanza Postal."
1983-02-18,42,1,BOE-A-1983-5313,JEFATURA DEL ESTADO,estatal,Otras,4528,4529,"Instrumento de ratificación del Convenio entre el Gobierno de España y el Gobierno de la República Argentina para evitar la doble imposición internacional en relación con el ejercicio de la navegación marítima y aérea, firmado en Buenos Aires el 30 de noviembre de 1978."
1983-02-18,42,1,BOE-A-1983-49936,PRESIDENCIA DEL GOBIERNO,estatal,Real Decreto,4529,4585,"Real Decreto 3938/1982, de 29 de diciembre, sobre traspaso de funciones y servicios de la Administración del Estado a la Comunidad Autónoma de Andalucía en materia de educación. (Continuación)."
1983-02-18,42,1,BOE-A-1983-49995,PRESIDENCIA DEL GOBIERNO,estatal,Real Decreto,4585,4589,"Real Decreto 4096/1982, de 29 de diciembre, sobre traspaso de funciones y servicios del Estado a la Junta de Andalucía en materia de cultura. (Continuación.)"
1983-02-18,42,1,BOE-A-1983-5314,MINISTERIO DE ECONOMÍA Y HACIENDA,estatal,Corrección,4590,4590,"Corrección de errores del Real Decreto 3985/1982, de 29 de diciembre, por el que se amplía, prorroga y modifica la lista apéndice de bienes de equipo del Arancel de Aduanas."
1983-02-18,42,1,BOE-A-1983-5315,MINISTERIO DE ECONOMÍA Y HACIENDA,estatal,Orden,4590,4610,"Orden de 9 de febrero de 1983 por la que se regulan la obligación, modelos y plazos de presentación de las declaraciones del Impuesto sobre la Renta y del Impuesto Extraordinario sobre el Patrimonio de las Personas Físicas, ejercicio de 1982."
1983-02-18,42,5,BOE-A-1983-5468,NAVARRA,autonómico,Ley,4685,4685,"Ley Foral 6/1982, de 19 de noviembre, sobre concesión de un crédito extraordinario para el mantenimiento del Hospital Comarcal de Estella."
1983-02-19,43,1,BOE-A-1983-49937,PRESIDENCIA DEL GOBIERNO,estatal,Real Decreto,4717,4754,"Real Decreto 3936/1982, de 29 de diciembre, sobre traspaso de funciones y servicios de la Administración del Estado a la Comunidad Autónoma de Andalucía en materia de educación. (Continuación.)"
1983-02-19,43,1,BOE-A-1983-49996,PRESIDENCIA DEL GOBIERNO,estatal,Real Decreto,4754,4757,"Real Decreto 4096/1982, de 29 de diciembre, sobre traspaso de funciones y servicios del Estado a la Junta de Andalucía en materia de cultura. (Continuación.)"
1983-02-19,43,1,BOE-A-1983-5469,MINISTERIO DE ECONOMÍA Y HACIENDA,estatal,Orden,4758,4760,Orden de 17 de febrero de 1983 sobre fijación del derecho compensatorio variable para la importación de productos sometidos a este régimen.
1983-02-19,43,1,BOE-A-1983-5470,MINISTERIO DE ECONOMÍA Y HACIENDA,estatal,Orden,4760,4762,Orden de 17 de febrero de 1983 sobre fijación del derecho regulador para la importación de productos sometidos a este régimen.
1983-02-19,43,1,BOE-A-1983-5471,MINISTERIO DE TRABAJO Y SEGURIDAD SOCIAL,estatal,Orden,4762,4762,"Orden de 5 de febrero de 1983 por la que se faculta a la Comisión encargada de las transferencias de los Centros dependientes del Instituto Social del Tiempo Libre a las Comunidades Autónomas, Entes Preautonómicos y, en su caso, Entidades Locales, la gestión de los conceptos presupuestarios que le afectan."
1983-02-19,43,1,BOE-A-1983-5472,MINISTERIO DE TRABAJO Y SEGURIDAD SOCIAL,estatal,Corrección,4762,4762,"Corrección de erratas de la Resolución de 25 de noviembre de 1982, de la Dirección General de Trabajo, por la que se aprueba la norma técnica reglamentaria MT-28 sobre dispositivos personales utilizados en las operaciones de elevación y descenso. Dispositivos anticaídas."
1983-02-19,43,1,BOE-A-1983-5473,MINISTERIO DE INDUSTRIA Y ENERGÍA,estatal,Orden,4763,4763,Orden de 9 de febrero de 1983 por la que se fijan diversos precios y tarifas de gas.
1983-02-19,43,1,BOE-A-1983-5474,MINISTERIO DE INDUSTRIA Y ENERGÍA,estatal,Orden,4763,4765,Orden de 14 de febrero de 1983 por la que se aprueba la Instrucción sobre documentación y puesta en servicio de las instalaciones receptoras de gas.
1983-02-19,43,1,BOE-A-1983-5475,MINISTERIO DE INDUSTRIA Y ENERGÍA,estatal,Orden,4765,4771,Orden de 14 de febrero de 1983 por la que se aprueba la Instrucción sobre Instaladores Autorizados de Gas y Empresas Instaladoras.
1983-02-21,44,1,BOE-A-1983-49938,PRESIDENCIA DEL GOBIERNO,estatal,Real Decreto,4814,4848,"Real Decreto 3936/1982, de 29 de diciembre, sobre traspaso de funciones y servicios de la Administración del Estado a la Comunidad Autónoma de Andalucía en materia de educación. (Continuación.)"
1983-02-21,44,1,BOE-A-1983-49997,PRESIDENCIA DEL GOBIERNO,estatal,Real Decreto,4848,4852,"Real Decreto 4096/1982, de 29 de diciembre, sobre traspaso de funciones y servicios del Estado a la Junta de Andalucía en materia de cultura. (Continuación.)"
1983-02-21,44,1,BOE-A-1983-5543,PRESIDENCIA DEL GOBIERNO,estatal,Real Decreto,4853,4858,"Real Decreto 308/1983, de 25 de enero, por el que se aprueba la Reglamentación Técnico-Sanitaria de Aceites Vegetales Comestibles."
1983-02-21,44,1,BOE-A-1983-5544,MINISTERIO DE INDUSTRIA Y ENERGÍA,estatal,Corrección,4858,4858,"Corrección de errores del Real Decreto 2949/1982, de 15 de octubre, por el que se dan normas sobre acometidas eléctricas y se aprueba el Reglamento correspondiente."
1983-02-22,45,1,BOE-A-1983-49939,PRESIDENCIA DEL GOBIERNO,estatal,Real Decreto,4911,4962,"Real Decreto 3936/1982, de 29 de diciembre, sobre traspaso de funciones y servicios de la Administración del Estado a la Comunidad Autónoma de Andalucía en materia de educación. (Continuación.)"
1983-02-22,45,1,BOE-A-1983-49998,PRESIDENCIA DEL GOBIERNO,estatal,Real Decreto,4962,4966,"Real Decreto 4096/1982, de 29 de diciembre, sobre traspaso de funciones y servicios del Estado a la Junta de Andalucía en materia de cultura. (Continuación.)"
1983-02-22,45,1,BOE-A-1983-5637,PRESIDENCIA DEL GOBIERNO,estatal,Real Decreto,4967,4997,"Real Decreto 4099/1982, de 29 de diciembre sobre traspaso de funciones y servicios del Estado a la Comunidad Valenciana en materia de cultura."
1983-02-22,45,1,BOE-A-1983-5638,MINISTERIO DE ASUNTOS EXTERIORES,estatal,Corrección,4997,4997,"Corrección de errores de las enmiendas propuestas por Francia al anejo B del Convenio Europeo relativo al transporte internacional de mercancías peligrosas por carretera (ADR), hecho en Ginebra el 30 de septiembre de 1957, comunicadas por el Secretario general de las Naciones Unidas por circular de fecha 2 de diciembre de 1981."
1983-02-23,46,1,BOE-A-1983-49940,PRESIDENCIA DEL GOBIERNO,estatal,Real Decreto,5104,5164,"Real Decreto 3936/1982, de 29 de diciembre, sobre traspaso de funciones y servicios de la Administración del Estado a la Comunidad Autónoma de Andalucía en materia de educación. (Continuación.)"
1983-02-23,46,1,BOE-A-1983-49999,PRESIDENCIA DEL GOBIERNO,estatal,Real Decreto,5164,5169,"Real Decreto 4096/1982, de 29 de diciembre, sobre traspaso de funciones y servicios del Estado a la Junta de Andalucía en materia de cultura. (Continuación.)"
1983-02-23,46,1,BOE-A-1983-5761,PRESIDENCIA DEL GOBIERNO,estatal,Real Decreto,5170,5175,"Real Decreto 4100/1982, de 29 de diciembre, sobre traspaso de funciones y servicios de la Administración del Estado al Principado de Asturias en materia de industria y energía."
1983-02-23,46,1,BOE-A-1983-5762,PRESIDENCIA DEL GOBIERNO,estatal,Real Decreto,5176,5187,"Real Decreto 4101/1982, de 29 de diciembre, sobre transferencias de competencias, funciones y servicios de la Administración del Estado al Consejo General Interinsular de las Islas Baleares en materia de cultura."
1983-02-23,46,1,BOE-A-1983-5763,"MINISTERIO DE AGRICULTURA, PESCA Y ALIMENTACIÓN",estatal,Orden,5187,5190,"Orden de 13 de febrero de 1983 por la que se determinan las líneas de ayuda correspondientes a programas de actuación sobre sectores productivos y medios de producción agrícolas, ganaderos y forestales, a desarrollar durante 1983 por la Dirección General de la Producción Agraria."
1983-02-24,47,1,BOE-A-1983-5915,JEFATURA DEL ESTADO,estatal,Real Decreto-ley,5294,5295,"Real Decreto-ley 2/1983, de 23 de febrero, de expropiación, por razones de utilidad pública e interés social, de los Bancos y otras Sociedades que componen el grupo «Rumasa, S. A.»."
1983-02-24,47,1,BOE-A-1983-49941,PRESIDENCIA DEL GOBIERNO,estatal,Real Decreto,5295,5321,"Real Decreto 3936/1982, de 29 de diciembre, sobre traspaso de funciones y servicios de la Administración del Estado a la Comunidad Autónoma de Andalucía en materia de educación. (Continuación.)"
1983-02-24,47,1,BOE-A-1983-50000,PRESIDENCIA DEL GOBIERNO,estatal,Real Decreto,5321,5326,"Real Decreto 4096/1982, de 29 de diciembre, sobre traspaso de funciones y servicios del Estado a la Junta de Andalucía en materia de cultura. (Continuación.)"
1983-02-24,47,1,BOE-A-1983-5916,PRESIDENCIA DEL GOBIERNO,estatal,Real Decreto,5326,5333,"Real Decreto 4103/1982, de 29 de diciembre, sobre traspaso de funciones y servicios de la Administración del Estado a la Junta de Andalucía en materia de mediación, arbitraje y conciliación."
1983-02-24,47,1,BOE-A-1983-5917,PRESIDENCIA DEL GOBIERNO,estatal,Real Decreto,5334,5338,"Real Decreto 4104/1982, de 29 de diciembre, sobre traspaso de funciones y servicios de la Administración del Estado a la Comunidad Autónoma de Galicia en materia de mediación, arbitraje y conciliación."
1983-02-24,47,1,BOE-A-1983-5918,PRESIDENCIA DEL GOBIERNO,estatal,Corrección,5338,5338,"Corrección de errores del Real Decreto 102/1983, de 25 de enero, sobre reestructuración del Ministerio de Trabajo y Seguridad Social."
1983-02-24,47,1,BOE-A-1983-5919,MINISTERIO DE ECONOMÍA Y HACIENDA,estatal,Resolución,5338,5338,"Resolución de 21 de febrero de 1983, de la Dirección General del Tesoro y Política Financiera, por la que se dispone la celebración de la cuarta subasta de Pagarés del Tesoro correspondiente a 1983."
1983-02-24,47,1,BOE-A-1983-5920,MINISTERIO DE ECONOMÍA Y HACIENDA,estatal,Instrucción o circular,5338,5339,"Circular número 886, de 4 de febrero de 1983, de la Dirección General de Aduanas e Impuestos Especiales, por la que se establece la utilización de las Declaraciones-Liquidaciones modelos E-4 y E-5."
1983-02-24,47,1,BOE-A-1983-5921,MINISTERIO DE INDUSTRIA Y ENERGÍA,estatal,Corrección,5339,5339,Corrección de errores de la Orden de 9 de febrero de 1983 por la que se fijan diversos precios y tarifas de gas.
1983-02-24,47,1,BOE-A-1983-5922,MINISTERIO DE INDUSTRIA Y ENERGÍA,estatal,Resolución,5339,5340,"Resolución de 22 de febrero de 1983, de la Dirección General de la Energía, por la que se aprueban las tarifas y precios de aplicación a la venta de gas natural por la «Empresa Nacional del Gas, Sociedad Anónima», a los usuarios industriales directamente suministrados por ella."
1983-02-24,47,1,BOE-A-1983-5923,"MINISTERIO DE AGRICULTURA, PESCA Y ALIMENTACIÓN",estatal,Orden,5340,5340,Orden de 17 de febrero de 1983 por la que se amplía el plazo de inscripción en el Registro provisional de explotaciones ganaderas de producción lechera.
1983-02-25,48,1,BOE-A-1983-6006,JEFATURA DEL ESTADO,estatal,Corrección,5393,5393,"Corrección de errores del Real Decreto-ley 2/1983, de 23 de febrero, de expropiación, por razones de utilidad pública e interés social, de los Bancos y otras Sociedades que componen el grupo «Rumasa, S. A.»."
1983-02-25,48,1,BOE-A-1983-49942,PRESIDENCIA DEL GOBIERNO,estatal,Real Decreto,5393,5427,"Real Decreto 3936/1982, de 29 de diciembre, sobre traspaso de funciones y servicios de la Administración del Estado a la Comunidad Autónoma de Andalucía en materia de educación. (Continuación.)"
1983-02-25,48,1,BOE-A-1983-50001,PRESIDENCIA DEL GOBIERNO,estatal,Real Decreto,5427,5464,"Real Decreto 4096/1982, de 29 de diciembre, sobre traspaso de funciones y servicios del Estado a la Junta de Andalucía en materia de cultura. (Conclusión.)"
1983-02-25,48,1,BOE-A-1983-6007,PRESIDENCIA DEL GOBIERNO,estatal,Real Decreto,5464,5470,"Real Decreto 4105/1982, de 29 de diciembre, sobre traspaso de funciones y servicios de la Administración del Estado a la Generalidad Valenciana en materia de trabajo."
1983-02-25,48,1,BOE-A-1983-6008,PRESIDENCIA DEL GOBIERNO,estatal,Real Decreto,5470,5474,"Real Decreto 4106/1982, de 29 de diciembre, sobre traspaso de funciones y servicios de la Administración del Estado a la Generalidad Valenciana en materia de mediación, arbitraje y conciliación."
1983-02-25,48,1,BOE-A-1983-6009,PRESIDENCIA DEL GOBIERNO,estatal,Real Decreto,5475,5475,"Real Decreto 366/1983, de 19 de enero, por el que se disuelve el Comité Organizador de la Copa Mundial de Fútbol de 1982."
1983-02-25,48,1,BOE-A-1983-6010,PRESIDENCIA DEL GOBIERNO,estatal,Real Decreto,5475,5476,"Real Decreto 367/1983, de 23 de febrero, por el que se modifica el Real Decreto 1636/1980, de 24 de julio, en el que se regula la indemnización por fallecimiento en accidente a cargo de la Mutualidad General de Funcionarios Civiles del Estado."
1983-02-25,48,1,BOE-A-1983-6011,PRESIDENCIA DEL GOBIERNO,estatal,Orden,5476,5476,Orden de 23 de febrero de 1983 por la que se regula el horario legal en el presente año.
1983-02-25,48,1,BOE-A-1983-6012,MINISTERIO DE ECONOMÍA Y HACIENDA,estatal,Corrección,5476,5476,"Corrección de errores de la Orden de 1 de febrero de 1983 por la que se delegan en el Director general del Tesoro y Política Financiera las funciones a que se refiere el artículo 79, 3, de la Ley 11/1977, de 4 de enero, General Presupuestaria."
1983-02-25,48,1,BOE-A-1983-6013,MINISTERIO DE ECONOMÍA Y HACIENDA,estatal,Corrección,5476,5476,"Corrección de errores de la Resolución de 2 de febrero de 1983, de la Secretaría de Estado de Economía y Planificación, sobre delegación de atribuciones en el Director general del Instituto Nacional de Estadística."
1983-02-25,48,1,BOE-A-1983-6014,MINISTERIO DE INDUSTRIA Y ENERGÍA,estatal,Resolución,5476,5476,"Resolución de 18 de febrero de 1983, de la Dirección General de la Energía, por la que se establece el límite de coste para el gas natural, Pog, utilizado en las centrales térmicas."
1983-02-26,49,1,BOE-A-1983-6190,JEFATURA DEL ESTADO,estatal,Ley Orgánica,5580,5586,"Ley Orgánica 1/1983, de 25 de febrero, de Estatuto de Autonomía de Extremadura."
1983-02-26,49,1,BOE-A-1983-49943,PRESIDENCIA DEL GOBIERNO,estatal,Real Decreto,5587,5614,"Real Decreto 3936/1982, de 29 de diciembre, sobre traspaso de funciones y servicios de la Administración del Estado a la Comunidad Autónoma de Andalucía en materia de educación. (Continuación.)"
1983-02-26,49,1,BOE-A-1983-6191,PRESIDENCIA DEL GOBIERNO,estatal,Real Decreto,5614,5621,"Real Decreto 4107/1982, de 29 de diciembre, sobre traspaso de funciones y servicios de la Administración del Estado a la Comunidad Autónoma Valenciana en materia de Agricultura y Pesca."
1983-02-26,49,1,BOE-A-1983-6192,PRESIDENCIA DEL GOBIERNO,estatal,Real Decreto,5621,5626,"Real Decreto 4108/1982, de 29 de diciembre, sobre traspaso de funciones y servicios de la Administración del Estado a la Generalidad Valenciana en materia de Gabinetes Técnicos Provinciales del Instituto Nacional de Seguridad e Higiene en el Trabajo."
1983-02-26,49,1,BOE-A-1983-6193,MINISTERIO DE ECONOMÍA Y HACIENDA,estatal,Orden,5626,5626,Orden de 10 de febrero de 1983 por la que se modifica la organización y estructura de puestos de trabajo de los Tribunales Económico-Administrativos Provinciales.
1983-02-26,49,1,BOE-A-1983-6194,MINISTERIO DE ECONOMÍA Y HACIENDA,estatal,Orden,5627,5629,Orden de 24 de febrero de 1983 sobre fijación del derecho compensatorio variable para la importación de productos sometidos a este régimen.
1983-02-26,49,1,BOE-A-1983-6195,MINISTERIO DE ECONOMÍA Y HACIENDA,estatal,Orden,5629,5631,Orden de 24 de febrero de 1983 sobre fijación del derecho regulador para la importación de productos sometidos a este régimen.
1983-02-28,50,1,BOE-A-1983-49944,PRESIDENCIA DEL GOBIERNO,estatal,Real Decreto,5677,5708,"Real Decreto 3936/1982, de 29 de diciembre, sobre traspaso de funciones y servicios de la Administración del Estado a la Comunidad Autónoma de Andalucía en materia de educación. (Continuación.)"
1983-02-28,50,1,BOE-A-1983-6241,MINISTERIO DE ECONOMÍA Y HACIENDA,estatal,Resolución,5709,5709,"Resolución de 24 de febrero de 1983, de la Secretaría de Estado de Comercio, por la que se delegan determinadas competencias en el Subsecretario de Economía y Hacienda, en el Director general de Política Comercial, el Director general de Exportación y el Director general de Servicios."
1983-02-28,50,1,BOE-A-1983-6242,MINISTERIO DE EDUCACIÓN Y CIENCIA,estatal,Corrección,5709,5709,"Corrección de errores del Real Decreto 3087/1982, de 12 de noviembre, por el que es fijan las enseñanzas mínimas para el ciclo superior de Educación General Básica."
1983-02-28,50,1,BOE-A-1983-6243,MINISTERIO DE TRABAJO Y SEGURIDAD SOCIAL,estatal,Resolución,5710,5710,"Resolución de 19 de febrero de 1983, de la Dirección General de Régimen Económico y Jurídico de la Seguridad Social, por la que se determinan para 1983 el importe de las cuotas fijas que a efectos de cotización han de satisfacer los trabajadores incluidos en el Régimen Especial Agrario de la Seguridad Social, así como las bases de cotización por jornadas reales y desempleo."
1983-03-01,51,1,BOE-A-1983-6316,JEFATURA DEL ESTADO,estatal,Ley Orgánica,5776,5783,"Ley Orgánica 2/1983, de 25 de febrero, de Estatuto de Autonomía para las islas Baleares."
1983-03-01,51,1,BOE-A-1983-6317,JEFATURA DEL ESTADO,estatal,Ley Orgánica,5783,5790,"Ley Orgánica 3/1983, de 25 de febrero, de Estatuto de Autonomía de la Comunidad de Madrid."
1983-03-01,51,1,BOE-A-1983-6318,JEFATURA DEL ESTADO,estatal,Corrección,5790,5790,"Corrección de errores del Real Decreto-ley 2/1983, de 23 de febrero, de expropiación, por razones de utilidad pública e interés social, de los Bancos y otras Sociedades que componen el grupo «Rumasa, S. A.»."
1983-03-01,51,1,BOE-A-1983-49945,PRESIDENCIA DEL GOBIERNO,estatal,Real Decreto,5790,5850,"Real Decreto 3936/1982, de 29 de diciembre, sobre traspaso de funciones y servicios de la Administración del Estado a la Comunidad Autónoma de Andalucía en matería de educación. (Continuación.)"
1983-03-01,51,1,BOE-A-1983-6319,PRESIDENCIA DEL GOBIERNO,estatal,Real Decreto,5851,5852,"Real Decreto 4109/1982, de 29 de diciembre, de traspaso de funciones y servicios del Estado a la Comunidad Autónoma de Andalucía en materias de ferias internacionales, comercio interior y Cámaras de Comercio, Industria y Navegación."
1983-03-01,51,1,BOE-A-1983-6320,PRESIDENCIA DEL GOBIERNO,estatal,Real Decreto,5853,5854,"Real Decreto 4110/1982, de 29 de diciembre, de traspaso de funciones y servicios del Estado a la Comunidad Autónoma de Andalucía en materia de intervención de precios."
1983-03-01,51,1,BOE-A-1983-6321,PRESIDENCIA DEL GOBIERNO,estatal,Real Decreto,5854,5855,"Real Decreto 379/1983, de 23 de febrero, por el que se modifica el Real Decreto 926/1980, de 18 de abril, relativo a la delegación del Gobierno en la explotación del sistema eléctrico."
1983-03-01,51,1,BOE-A-1983-6322,MINISTERIO DE ECONOMÍA Y HACIENDA,estatal,Real Decreto,5855,5855,"Real Decreto 380/1983, de 23 de febrero, por el que se dispone la emisión de Deuda del Tesoro, interior y amortizable, durante el ejercicio de 1983."
1983-03-01,51,1,BOE-A-1983-6323,MINISTERIO DE ECONOMÍA Y HACIENDA,estatal,Orden,5855,5857,Orden de 10 de enero de 1983 sobre valoración de bienes en el mercado hipotecario.
1983-03-01,51,1,BOE-A-1983-6324,"MINISTERIO DE TRANSPORTES, TURISMO Y COMUNICACIONES",estatal,Real Decreto,5857,5858,"Real Decreto 381/1983, de 23 de febrero, sobre funciones y procedimiento de actuación de la Inspección General de Servicios del Ministerio de Transportes, Turismo y Comunicaciones."
1983-03-02,52,1,BOE-A-1983-6483,JEFATURA DEL ESTADO,estatal,Ley Orgánica,5966,5972,"Ley Orgánica 4/1983, de 25 de febrero, de Estatuto de Autonomía de Castilla-León."
1983-03-02,52,1,BOE-A-1983-6484,JEFATURA DEL ESTADO,estatal,Ley Orgánica,5972,5972,"Ley Orgánica 5/1983, de 1 de marzo, por la que se aplica el artículo 144, c), de la Constitución a la provincia de Segovia."
1983-03-02,52,1,BOE-A-1983-49946,PRESIDENCIA DEL GOBIERNO,estatal,Real Decreto,5972,6001,"Real Decreto 3936/1982, de 29 de diciembre, sobre traspaso de funciones y servicios de la Administración del Estado a la Comunidad Autónoma de Andalucía en materia de educación. (Continuación.)"
1983-03-02,52,1,BOE-A-1983-6485,PRESIDENCIA DEL GOBIERNO,estatal,Real Decreto,6002,6005,"Real Decreto 4111/1982, de 29 de diciembre, de traspaso de funciones y servicios del Estado a la Comunidad Autónoma de la Región de Murcia en materias de reforma de estructuras comerciales y comercio interior."
1983-03-02,52,1,BOE-A-1983-6486,PRESIDENCIA DEL GOBIERNO,estatal,Real Decreto,6006,6007,"Real Decreto 4112/1982, de 29 de diciembre, de traspaso de funciones y servicios del Estado a la Comunidad Autónoma de la Región de Murcia en materia de intervención de precios."
1983-03-03,53,1,BOE-A-1983-6573,JEFATURA DEL ESTADO,estatal,Ley Orgánica,6157,6158,"Ley Orgánica 6/1983, de 2 de marzo, por la que se modifican determinados artículos de la Ley 39/1978, de 17 de julio, de Elecciones Locales."
1983-03-03,53,1,BOE-A-1983-49947,PRESIDENCIA DEL GOBIERNO,estatal,Real Decreto,6158,6201,"Real Decreto 3936/1982, de 29 de diciembre, sobre traspaso de funciones y servicios de la Administración del Estado a la Comunidad Autónoma de Andalucía en materia de educación. (Continuación.)"
1983-03-03,53,1,BOE-A-1983-6574,PRESIDENCIA DEL GOBIERNO,estatal,Real Decreto,6201,6206,"Real Decreto 4113/1982, de 29 de diciembre, de transferencia al Consejo General Interinsular de las Islas Baleares de competencias, funciones y servicios de la Administración del Estado en materias de reforma de estructuras comerciales y comercio interior."
1983-03-03,53,1,BOE-A-1983-6575,PRESIDENCIA DEL GOBIERNO,estatal,Orden,6206,6207,"Orden de 2 de marzo de 1983, por la que se establece el procedimiento de concesión de los Premios Nacionales de Periodismo."
1983-03-03,53,1,BOE-A-1983-6576,MINISTERIO DE TRABAJO Y SEGURIDAD SOCIAL,estatal,Orden,6207,6207,Orden de 21 de febrero de 1983 por la que se aprueba la constitución de las Comisiones Ejecutivas Insulares del Instituto Nacional de Empleo.
1983-03-03,53,1,BOE-A-1983-6577,"MINISTERIO DE TRANSPORTES, TURISMO Y COMUNICACIONES",estatal,Real Decreto,6207,6207,"Real Decreto 389/1983, de 19 de enero, que modifica el apartado B del artículo 3.º del Reglamento Orgánico del Cuerpo Especial de Oficiales de Aeropuertos, aprobado por Decreto 2127/1967, de 19 de agosto."
1983-03-04,54,1,BOE-A-1983-49948,PRESIDENCIA DEL GOBIERNO,estatal,Real Decreto,6257,6316,"Real Decreto 3936/1982, de 29 de diciembre, sobre traspaso de funciones y servicios de la Administración del Estado a la Comunidad Autónoma de Andalucía en materia de educación. (Continuación.)"
1983-03-04,54,1,BOE-A-1983-6638,PRESIDENCIA DEL GOBIERNO,estatal,Real Decreto,6316,6322,"Real Decreto 4114/1982, de 29 de diciembre, de transferencia al Consejo General de Castilla y León de competencias, funciones y servicios de la Administración del Estado en materia de reforma de estructuras comerciales y comercio interior."
1983-03-04,54,1,BOE-A-1983-6639,PRESIDENCIA DEL GOBIERNO,estatal,Real Decreto,6323,6327,"Real Decreto 4115/1982, de 29 de diciembre, de transferencia a la Junta Regional de Extremadura de competencias, funciones y servicios de la Administración del Estado en materia de reforma de estructuras comerciales y comercio interior."
1983-03-04,54,1,BOE-A-1983-6640,MINISTERIO DE ASUNTOS EXTERIORES,estatal,Otras,6328,6329,"Canjes de Cartas de 31 de diciembre de 1982, constitutivos de Acuerdo, por los que se prorroga por un periodo de seis meses a partir de 1 de enero de 1983 el protocolo de Acuerdo transitorio en materia de pesca de 1 de abril de 1981 y el Canje de Cartas de 31 de marzo de 1982 entre el Gobierno de España y el Gobierno del Reino de Marruecos, hecho en Madrid."
1983-03-04,54,1,BOE-A-1983-6641,MINISTERIO DE ECONOMÍA Y HACIENDA,estatal,Real Decreto,6329,6330,"Real Decreto 402/1983, de 2 de febrero, por el que se especifica la tarifa general del Impuesto sobre la Renta de las Personas Físicas para los sujetos pasivos acogidos a la declaración simplificada."
1983-03-04,54,1,BOE-A-1983-6642,MINISTERIO DE TRABAJO Y SEGURIDAD SOCIAL,estatal,Orden,6330,6331,"Orden de 19 de febrero de 1983 por la que se establecen las bases de cotización a la Seguridad Social, Desempleo, Fondo de Garantía Salarial y Formación Profesional durante 1983 para los trabajadores contratados a tiempo parcial."
1983-03-04,54,1,BOE-A-1983-6643,MINISTERIO DE TRABAJO Y SEGURIDAD SOCIAL,estatal,Resolución,6331,6332,"Resolución de 19 de febrero de 1983, de la Dirección General de Régimen Económico y Jurídico de la Seguridad Social, por la que se establecen las bases de cotización a los Regímenes Especiales de la Seguridad Social de los trabajadores por cuenta propia o autónomos, Representantes de Comercio, Escritores de libros, Empleados de hogar y Toreros."
1983-03-04,54,1,BOE-A-1983-6644,MINISTERIO DE INDUSTRIA Y ENERGÍA,estatal,Orden,6332,6332,Orden de 25 de febrero de 1983 sobre subvenciones al suministro interno de hulla nacional destinada a la fabricación de coque durante el primer trimestre de 1983.
1983-03-04,54,1,BOE-A-1983-6645,"MINISTERIO DE AGRICULTURA, PESCA Y ALIMENTACIÓN",estatal,Resolución,6332,6332,"Resolución de 24 de febrero de 1983, de la Secretaría General Técnica, por la que se da publicidad a los índices anuales de precios percibidos por los agricultores a efectos de la actualización de rentas en los arrendamientos rústicos."
1983-03-04,54,5,BOE-A-1983-6812,NAVARRA,autonómico,Ley,6413,6413,"Ley Foral 4/1983, de 7 de enero, sobre agrupación de determinados Ayuntamientos para servirse de un solo Secretario."
1983-03-04,54,5,BOE-A-1983-6813,NAVARRA,autonómico,Ley,6413,6413,"Ley Foral 5/1983, de 7 de enero, sobre establecimiento de nueva partida y dotación de crédito extraordinario para la financiación de diversas obras a realizar en los accesos de los Colegios públicos comarcales de Educación General Básica de Navarra."
1983-03-04,54,5,BOE-A-1983-6814,NAVARRA,autonómico,Ley,6413,6414,"Ley Foral 6/1983, de 7 de enero, sobre modificación del artículo 9, apartado 3, de la Norma General de Contratación."
1983-03-04,54,5,BOE-A-1983-6815,NAVARRA,autonómico,Ley,6414,6414,"Ley Foral 3/1983, de 7 de enero, sobre financiación de deudas de las Corporaciones Locales al 31 de diciembre de 1981."
1983-03-04,54,5,BOE-A-1983-6816,NAVARRA,autonómico,Ley,6414,6414,Ley Foral 2/1983 de 7 de enero de 1983 sobre actualización para 1983 de las asignaciones a los miembros electivos de las Entidades locales de Navarra.
1983-03-04,54,5,BOE-A-1983-6817,NAVARRA,autonómico,Ley,6414,6415,"Ley Foral 7/1983, de 7 de enero, sobre concesión de ayudas y reconocimiento de obligaciones por las Entidades públicas navarras."
1983-03-04,54,5,BOE-A-1983-6818,NAVARRA,autonómico,Ley,6415,6415,"Ley Foral 1/1983, de 7 de enero, sobre concesión de un crédito extraordinario para atender el pago del compromiso contraído con la Asociación de Paralíticos Cerebrales en Navarra, subvencionar a la Junta de Protección de Menores y una ayuda especial para la Asociación Navarra de Familiares y Amigos de Subnormales ANFAS."
1983-03-05,55,1,BOE-A-1983-49949,PRESIDENCIA DEL GOBIERNO,estatal,Real Decreto,6445,6480,"Real Decreto 3936/1982, de 29 de diciembre, sobre traspaso de funciones y servicios de la Administración del Estado a la Comunidad Autónoma de Andalucía en materia de educación. (Continuación.)"
1983-03-05,55,1,BOE-A-1983-6821,PRESIDENCIA DEL GOBIERNO,estatal,Real Decreto,6480,6484,"Real Decreto 4116/1982, de 29 de diciembre, de traspaso de funciones y servicios del Estado al Principado de Asturias en materias de reforma de estructuras comerciales y comercio interior."
1983-03-05,55,1,BOE-A-1983-6822,MINISTERIO DE ECONOMÍA Y HACIENDA,estatal,Orden,6485,6487,Orden de 3 de marzo de 1983 sobre fijación del derecho compensatorio variable para la importación de productos sometidos a este régimen.
1983-03-05,55,1,BOE-A-1983-6823,MINISTERIO DE ECONOMÍA Y HACIENDA,estatal,Corrección,6487,6487,"Corrección de errores de la Orden de 11 de enero de 1983 sobre devolución de ingresos indebidos en el Tesoro Público, realizados mediante el empleo de efectos timbrados."
1983-03-07,56,1,BOE-A-1983-49950,PRESIDENCIA DEL GOBIERNO,estatal,Real Decreto,6541,6572,"Real Decreto 3936/1982, de 29 de diciembre, sobre traspaso de funciones y servicios de la Administración del Estado a la Comunidad Autónoma de Andalucía en materia de educación. (Continuación)."
1983-03-07,56,1,BOE-A-1983-6883,PRESIDENCIA DEL GOBIERNO,estatal,Real Decreto,6573,6576,"Real Decreto 4118/1982, de 29 de diciembre, de traspaso de funciones y servicios del Estado a la Comunidad Autónoma de Cantabria en materias de reforma de estructuras comerciales y comercio interior."
1983-03-07,56,1,BOE-A-1983-6884,MINISTERIO DE JUSTICIA,estatal,Real Decreto,6577,6578,"Real Decreto 437/1983, de 9 de febrero, sobre constitución y funcionamiento del Consejo Fiscal."
1983-03-07,56,1,BOE-A-1983-6885,MINISTERIO DE TRABAJO Y SEGURIDAD SOCIAL,estatal,Orden,6578,6579,Orden de 1 de marzo de 1983 sobre cotización adicional a la Seguridad Social por horas extraordinarias.
1983-03-07,56,1,BOE-A-1983-6886,MINISTERIO DE TRABAJO Y SEGURIDAD SOCIAL,estatal,Resolución,6579,6579,"Resolución de 17 de febrero de 1983, de la Dirección General de Régimen Económico y Jurídico de la Seguridad Social, sobre delegación de atribuciones."
1983-03-07,56,1,BOE-A-1983-6887,MINISTERIO DE TRABAJO Y SEGURIDAD SOCIAL,estatal,Corrección,6579,6580,"Corrección de errores de la Resolución de 26 de enero de 1983, de la Dirección General de Régimen Económico de la Seguridad Social, por la que se aprueba el modelo TC 1/25 de cotización al sistema especial para las tareas de manipulado y empaquetado de tomate fresco realizadas por Cosecheros Exportadores dentro del Régimen General de la Seguridad Social."
1983-03-08,57,1,BOE-A-1983-6963,TRIBUNAL CONSTITUCIONAL,estatal,Resolución judicial,6640,6640,Planteamiento de cuestión de inconstitucionalidad número 80/83.
1983-03-08,57,1,BOE-A-1983-49951,PRESIDENCIA DEL GOBIERNO,estatal,Real Decreto,6640,6688,"Real Decreto 3936/1982, de 29 de diciembre, sobre traspaso de funciones y servicios de la Administración del Estado a la Comunidad Autónoma de Andalucía en materia de educación. (Continuación.)"
1983-03-08,57,1,BOE-A-1983-6964,PRESIDENCIA DEL GOBIERNO,estatal,Real Decreto,6689,6693,"Real Decreto 4119/1982, de 29 de diciembre, de traspaso de funciones y servicios del Estado a la Comunidad Valenciana en materias de reforma de estructuras comerciales y comercio interior."
1983-03-08,57,1,BOE-A-1983-6965,PRESIDENCIA DEL GOBIERNO,estatal,Real Decreto,6694,6700,"Real Decreto 4120/1982, de 29 de diciembre, sobre traspaso de funciones y servicios de la Administración del Estado a la Comunidad Autónoma de Aragón en materia de tiempo libre."
1983-03-08,57,1,BOE-A-1983-6966,PRESIDENCIA DEL GOBIERNO,estatal,Resolución,6700,6706,"Resolución de 25 de febrero de 1983, de la Secretaría de Estado para la Administración Pública, por la que se aprueban los formularios de declaración de actividades en los sectores público y privado."
1983-03-08,57,1,BOE-A-1983-6967,MINISTERIO DE JUSTICIA,estatal,Orden,6707,6707,Orden de 3 de marzo de 1983 por la que se dispone la puesta en funcionamiento de diversos Juzgados.
1983-03-08,57,1,BOE-A-1983-6968,MINISTERIO DE DEFENSA,estatal,Real Decreto,6707,6707,"Real Decreto 445/1983, de 23 de febrero, por el que se dictan normas para establecer la fecha en que deben empezar a aplicarse los efectos administrativos con motivo de ascenso."
1983-03-08,57,1,BOE-A-1983-6969,MINISTERIO DE DEFENSA,estatal,Real Decreto,6707,6707,"Real Decreto 446/1983, de 23 de febrero, por el que se declara zona de interés para la Defensa Nacional parte de los terrenos pertenecientes a la finca «Quintos de Mora», término municipal de Los Yébenes, provincia de Toledo."
1983-03-08,57,1,BOE-A-1983-6970,MINISTERIO DE ECONOMÍA Y HACIENDA,estatal,Orden,6708,6708,Orden de 24 de febrero de 1983 por la que se eleva a 150.000 pesetas el límite de la participación de los Recaudadores en los recargos de apremio y los tramos de la escala que contiene el artículo 96.2 del Reglamento General de Recaudación.
1983-03-08,57,1,BOE-A-1983-6971,MINISTERIO DE ECONOMÍA Y HACIENDA,estatal,Orden,6708,6710,Orden de 3 de marzo de 1983 sobre fijación del derecho regulador para la importación de productos sometidos a este régimen.
1983-03-08,57,1,BOE-A-1983-6972,MINISTERIO DE TRABAJO Y SEGURIDAD SOCIAL,estatal,Resolución,6710,6710,"Resolución de 17 de febrero de 1983, de la Dirección General del Instituto Nacional de Empleo, por la que se modifica la de 19 de agosto de 1982, que establece las bases de colaboración entre el INEM y las Corporaciones Locales para la realización de obras y servicios por trabajadores desempleados y se dejan sin efecto las de 9 de septiembre y 3 de diciembre de 1982, que modificaban la primera."
1983-03-09,58,1,BOE-A-1983-49952,PRESIDENCIA DEL GOBIERNO,estatal,Real Decreto,6832,6884,"Real Decreto 3936/1982, de 29 de diciembre, sobre traspaso de funciones y servicios de la Administración del Estado a la Comunidad Autónoma de Andalucía en materia de educación. (Continuación.)"
1983-03-09,58,1,BOE-A-1983-7120,PRESIDENCIA DEL GOBIERNO,estatal,Real Decreto,6885,6895,"Real Decreto 4121/1982, de 29 de diciembre, sobre traspaso de funciones y servicios de la Administración del Estado a la Junta de Andalucía en materia de Gabinetes Técnicos Provinciales del Instituto Nacional de Seguridad e Higiene en el Trabajo."
1983-03-09,58,1,BOE-A-1983-7121,MINISTERIO DE ECONOMÍA Y HACIENDA,estatal,Orden,6895,6896,"Orden de 3 de marzo de 1983 por la que se fija la composición y competencia de las Salas y Pleno del Tribunal Económico-Administrativo Central, su Secretaría General y estructura del Servicio de Régimen Interior."
1983-03-09,58,1,BOE-A-1983-7122,MINISTERIO DE ECONOMÍA Y HACIENDA,estatal,Resolución,6896,6896,"Resolución de 28 de febrero de 1983, de la Dirección General del Patrimonio del Estado, por la que se delegan, previa la aprobación del señor Ministro, determinadas atribuciones en los Subdirectores generales del Centro directivo."
1983-03-09,58,1,BOE-A-1983-7123,MINISTERIO DE OBRAS PÚBLICAS Y URBANISMO,estatal,Resolución,6897,6902,"Resolución de 25 de febrero de 1983, de la Dirección General de Arquitectura y Vivienda, por la que se aprueba el complemento a las Disposiciones Reguladoras del Sello INCE para materiales aislantes térmicos, referente a los acristalamientos aislantes térmicos."
1983-03-09,58,1,BOE-A-1983-7124,MINISTERIO DE ADMINISTRACIÓN TERRITORIAL,estatal,Real Decreto,6902,6902,"Real Decreto 4142/1982, de 29 de diciembre, sobre consolidación de transferencias efectuadas a la Comunidad Valenciana en fase preautonómica."
1983-03-09,58,5,BOE-A-1983-7273,PRINCIPADO DE ASTURIAS,autonómico,Ley,6987,6988,"Ley 5/1982, de 28 de diciembre, de concesión de suplementos de crédito a diversas secciones de los Presupuestos Generales del Principado de Asturias para el ejercicio económico de 1982."
1983-03-09,58,5,BOE-A-1983-7274,PRINCIPADO DE ASTURIAS,autonómico,Ley,6988,6988,"Ley 4/1982, de 28 de diciembre de concesión de un crédito extraordinario a la sección 16 de los Presupuestos Generales del Principado de Asturias para el ejercicio económico de 1982."
1983-03-10,59,1,BOE-A-1983-7293,JEFATURA DEL ESTADO,estatal,Otras,7011,7013,"Instrumento de Ratificación de 7 de junio de 1982 del Convenio sobre la contaminación atmosférica transfronteriza a gran distancia, hecho en Ginebra el 13 de noviembre de 1979."
1983-03-10,59,1,BOE-A-1983-7294,PRESIDENCIA DEL GOBIERNO,estatal,Real Decreto,7013,7018,"Real Decreto 4123/1982, de 29 de diciembre, sobre traspaso de funciones y servicios de la Administración del Estado a la Comunidad Autónoma de Galicia en materia de tiempo libre."
1983-03-10,59,1,BOE-A-1983-49953,PRESIDENCIA DEL GOBIERNO,estatal,Real Decreto,7018,7041,"Real Decreto 3936/1982, de 29 de diciembre, sobre traspaso de funciones y servicios de la Administración del Estado a la Comunidad Autónoma de Andalucía en materia de educación. (Continuación.)"
1983-03-10,59,1,BOE-A-1983-7295,PRESIDENCIA DEL GOBIERNO,estatal,Real Decreto,7041,7045,"Real Decreto 4124/1982, de 29 de diciembre, sobre traspaso de funciones y servicios de la Administración del Estado a la Región de Murcia en materia de tiempo libre."
1983-03-10,59,1,BOE-A-1983-7296,PRESIDENCIA DEL GOBIERNO,estatal,Real Decreto,7045,7045,"Real Decreto 448/1983, de 9 de marzo, de convocatoria de Elecciones Locales."
1983-03-10,59,1,BOE-A-1983-7297,PRESIDENCIA DEL GOBIERNO,estatal,Real Decreto,7045,7046,"Real Decreto 449/1983, de 9 de marzo, por el que se modifican determinados preceptos del Real Decreto 118/1979, de 26 de enero, que regula las elecciones de los Cabildos insulares del archipiélago canario."
1983-03-10,59,1,BOE-A-1983-7298,PRESIDENCIA DEL GOBIERNO,estatal,Real Decreto,7046,7046,"Real Decreto 450/1983, de 9 de marzo, de convocatoria de elecciones a la Asamblea de la Comunidad Autónoma de Madrid."
1983-03-10,59,1,BOE-A-1983-7299,PRESIDENCIA DEL GOBIERNO,estatal,Real Decreto,7046,7046,"Real Decreto 451/1983, de 9 de marzo, de convocatoria de elecciones a la Asamblea Regional de Cantabria."
1983-03-10,59,1,BOE-A-1983-7300,PRESIDENCIA DEL GOBIERNO,estatal,Real Decreto,7046,7047,"Real Decreto 452/1983, de 9 de marzo, por el que se convocan elecciones a la Diputación General de La Rioja y se fija fecha de celebración de las mismas."
1983-03-10,59,1,BOE-A-1983-7301,PRESIDENCIA DEL GOBIERNO,estatal,Real Decreto,7047,7047,"Real Decreto 453/1983, de 9 de marzo, de convocatoria de elecciones al Parlamento de la Comunidad Autónoma de Canarias."
1983-03-10,59,1,BOE-A-1983-7302,PRESIDENCIA DEL GOBIERNO,estatal,Real Decreto,7047,7047,"Real Decreto 454/1983, de 9 de marzo, por el que se convocan elecciones parciales para cubrir un escaño de Senador en representación de la provincia de Barcelona."
1983-03-10,59,1,BOE-A-1983-7303,MINISTERIO DE ECONOMÍA Y HACIENDA,estatal,Orden,7047,7047,Orden de 28 de febrero de 1983 sobre delegación de competencias en el Director general de Servicios.
1983-03-10,59,1,BOE-A-1983-7304,MINISTERIO DE OBRAS PÚBLICAS Y URBANISMO,estatal,Orden,7048,7048,"Orden de 3 de marzo de 1983 por la que se fijan los precios de venta de las viviendas sociales para el trimestre natural de enero, febrero y marzo del año 1983."
1983-03-11,60,1,BOE-A-1983-49954,PRESIDENCIA DEL GOBIERNO,estatal,Real Decreto,7107,7172,"Real Decreto 3936/1982, de 29 de diciembre, sobre traspaso de funciones y servicios de la Administración del Estado a la Comunidad Autónoma de Andalucía en materia de educación. (Continuación)."
1983-03-11,60,1,BOE-A-1983-7421,PRESIDENCIA DEL GOBIERNO,estatal,Real Decreto,7172,7178,"Real Decreto 4154/1982, de 29 de diciembre, sobre traspaso de funciones y servicios de la Administración del Estado a la Comunidad Valenciana en materia de tiempo libre."
1983-03-11,60,1,BOE-A-1983-7422,PRESIDENCIA DEL GOBIERNO,estatal,Real Decreto,7179,7184,"Real Decreto 4155/1982, de 29 de diciembre, de traspaso de funciones y servicios del Estado a la Comunidad Autónoma de Aragón en materias de reforma de estructuras comerciales y comercio interior."
1983-03-11,60,1,BOE-A-1983-7423,MINISTERIO DE JUSTICIA,estatal,Orden,7184,7184,Orden de 21 de enero de 1983 por la que se crea en el seno del Ministerio de Justicia la Comisión de Cooperación Jurídica Internacional.
1983-03-11,60,1,BOE-A-1983-7424,MINISTERIO DE JUSTICIA,estatal,Corrección,7184,7184,Corrección de errores de la Orden de 3 de marzo de 1983 por la que se dispone la puesta en funcionamiento de diversos Juzgados.
1983-03-11,60,1,BOE-A-1983-7425,MINISTERIO DE ECONOMÍA Y HACIENDA,estatal,Real Decreto,7184,7185,"Real Decreto 466/1983, de 12 de enero, por el que se prorroga y modifica la resolución-tipo para la construcción en régimen de fabricación mixta de centros de mecanizado regidos por sistemas de información codificada (control numérico) (partida arancelaria 84.45.C.XII)."
1983-03-11,60,1,BOE-A-1983-7426,MINISTERIO DE ECONOMÍA Y HACIENDA,estatal,Real Decreto,7185,7186,"Real Decreto 467/1983, de 16 de febrero, por el que se modifican los artículos 3, 6, 8 y 10 del Real Decreto 228/1981, de 5 de febrero, regulador de la tasa que grava los juegos de suerte, envite y azar."
1983-03-11,60,1,BOE-A-1983-7427,MINISTERIO DE ECONOMÍA Y HACIENDA,estatal,Resolución,7186,7186,"Resolución de 4 de marzo de 1983, de la Dirección General del Tesoro y Política Financiera, por la que se dispone la celebración de la quinta subasta de pagarés del Tesoro correspondiente a 1983."
1983-03-11,60,1,BOE-A-1983-7428,MINISTERIO DE CULTURA,estatal,Orden,7186,7187,Orden de 1 de marzo de 1983 por la que se crea el Consejo de la Música.
1983-03-11,60,1,BOE-A-1983-7429,MINISTERIO DE CULTURA,estatal,Orden,7187,7187,Orden de 1 de marzo de 1983 por la que se crea el Consejo del Teatro.
1983-03-11,60,1,BOE-A-1983-7430,MINISTERIO DE CULTURA,estatal,Orden,7187,7187,Orden de 9 de marzo de 1983 por la que se reestructura la Comisión para la elaboración de la Ley de Propiedad Intelectual.
1983-03-11,60,5,BOE-A-1983-7539,NAVARRA,autonómico,Ley,7268,7269,"Ley Foral 8/1983, de 7 de febrero, sobre concesión de un crédito extraordinario para cubrir 60 plazas de Veterinarios al servicio de la Diputación Foral."
1983-03-12,61,1,BOE-A-1983-7547,TRIBUNAL CONSTITUCIONAL,estatal,Resolución judicial,7296,7296,"Recurso de inconstitucionalidad número 101/1982, interpuesto por don José María Ruiz Gallardón y 54 Diputados más, contra varias disposiciones del Real Decreto-ley 22/1982, de 7 de diciembre."
1983-03-12,61,1,BOE-A-1983-7548,TRIBUNAL CONSTITUCIONAL,estatal,Resolución judicial,7296,7296,"Recurso de inconstitucionalidad número 116/1983, interpuesto por don José María Ruiz Gallardón y 54 Diputados más, contra el Real Decreto-ley 2/1983, de 23 de febrero."
1983-03-12,61,1,BOE-A-1983-7549,CORTES GENERALES,estatal,Resolución,7296,7296,"Resolución de 3 de marzo de 1983, del Congreso de los Diputados, por la que se ordena la publicación del acuerdo de convalidación del Real Decreto-ley 2/1983, de 23 de febrero, de expropiación, por razones de utilidad pública e interés social, de los Bancos y otras Sociedades que componen el grupo «Rumasa, S. A.»."
1983-03-12,61,1,BOE-A-1983-49955,PRESIDENCIA DEL GOBIERNO,estatal,Real Decreto,7296,7324,"Real Decreto 3936/1982, de 29 de diciembre, sobre traspaso de funciones y servicios de la Administración del Estado a la Comunidad Autónoma de Andalucía en materia de educación. (Continuación.)"
1983-03-12,61,1,BOE-A-1983-7550,PRESIDENCIA DEL GOBIERNO,estatal,Real Decreto,7324,7339,"Real Decreto 4163/1982, de 29 de diciembre, sobre traspaso de funciones y servicios de la Administración del Estado a la Junta de Andalucía en materia de tiempo libre."
1983-03-12,61,1,BOE-A-1983-7551,PRESIDENCIA DEL GOBIERNO,estatal,Real Decreto,7339,7341,"Real Decreto 488/1983, de 9 de marzo, por el que se dictan normas complementarias para el desarrollo de las elecciones locales y a los Parlamentos de las Comunidades Autónomas de Aragón, Principado de Asturias, Baleares, Canarias, Cantabria, Castilla-León, Castilla-La Mancha, Extremadura, La Rioja, Madrid, Murcia, Comunidad Foral de Navarra y Comunidad Valenciana."
1983-03-12,61,1,BOE-A-1983-7552,PRESIDENCIA DEL GOBIERNO,estatal,Real Decreto,7341,7342,"Real Decreto 489/1983, de 9 de marzo, por el que se dictan normas complementarias para las elecciones parciales convocadas para cubrir un escaño de Senador en representación de la provincia de Barcelona."
1983-03-12,61,1,BOE-A-1983-7553,PRESIDENCIA DEL GOBIERNO,estatal,Real Decreto,7342,7342,"Real Decreto 490/1983, de 9 de marzo, sobre reestructuración del Ministerio de Agricultura, Pesca y Alimentación."
1983-03-12,61,1,BOE-A-1983-7554,MINISTERIO DE ASUNTOS EXTERIORES,estatal,Tratado o acuerdo internacional,7343,7343,"Acuerdo de 10 de septiembre de 1979, de cooperación marítima entre el Reino de España y la República de Costa de Marfil, firmado en Abidjan."
1983-03-12,61,1,BOE-A-1983-7555,MINISTERIO DE ECONOMÍA Y HACIENDA,estatal,Real Decreto,7343,7344,"Real Decreto 491/1983, de 9 de marzo, por el que se establecen contingentes arancelarios, libres de derechos, para la importación de los productos que se señalan en el anexo del presente Real Decreto."
1983-03-12,61,1,BOE-A-1983-7556,MINISTERIO DE ECONOMÍA Y HACIENDA,estatal,Orden,7344,7344,Orden de 3 de marzo de 1983 por la que se delegan determinadas funciones de este Ministerio en el Presidente del Tribunal Económico-Administrativo Central.
1983-03-12,61,1,BOE-A-1983-7557,MINISTERIO DE ECONOMÍA Y HACIENDA,estatal,Orden,7344,7347,Orden de 10 de marzo de 1983 sobre fijación del derecho compensatorio variable para la importación de productos sometidos a este régimen.
1983-03-12,61,1,BOE-A-1983-7558,MINISTERIO DE ECONOMÍA Y HACIENDA,estatal,Orden,7347,7349,Orden de 10 de marzo de 1983 sobre fijación del derecho regulador para la importación de productos sometidos a este régimen.
1983-03-12,61,1,BOE-A-1983-7559,MINISTERIO DE OBRAS PÚBLICAS Y URBANISMO,estatal,Real Decreto,7349,7349,"Real Decreto 492/1983, de 16 de febrero, sobre creación, por segregación, del Colegio Oficial de Arquitectos de Cantabria."
1983-03-12,61,1,BOE-A-1983-7560,MINISTERIO DE CULTURA,estatal,Orden,7349,7350,Orden de 1 de marzo de 1983 por la que se establece la composición y atribuciones de la Comisión Asesora de Publicaciones del Departamento.
1983-03-14,62,1,BOE-A-1983-7598,TRIBUNAL CONSTITUCIONAL,estatal,Resolución judicial,7393,7393,"Conflicto positivo de competencia número 114/1983 interpuesto por el Gobierno en relación con el Decreto 120/1982, de 5 de octubre, de la Junta de Galicia."
1983-03-14,62,1,BOE-A-1983-49956,PRESIDENCIA DEL GOBIERNO,estatal,Real Decreto,7393,7417,"Real Decreto 3936/1982, de 29 de diciembre, sobre traspaso de funciones y servicios de la Administración del Estado a la Comunidad Autónoma de Andalucía en materia de educación. (Continuación.)"
1983-03-14,62,1,BOE-A-1983-7599,PRESIDENCIA DEL GOBIERNO,estatal,Real Decreto,7418,7428,"Real Decreto 4164/1982, de 29 de diciembre, sobre traspaso de funciones y servicios de la Administración del Estado a la Comunidad Autónoma de Andalucía en materia de industria, energía y minas."
1983-03-14,62,1,BOE-A-1983-7600,MINISTERIO DE ASUNTOS EXTERIORES,estatal,Tratado o acuerdo internacional,7429,7430,"Acuerdo de 5 de octubre de 1982 de cooperación técnica en materia de correos entre el Gobierno de España y el Gobierno de Etiopía Socialista, firmado en Addis Abeba."
1983-03-14,62,1,BOE-A-1983-7601,MINISTERIO DE ECONOMÍA Y HACIENDA,estatal,Instrucción o circular,7430,7430,"Circular número 887, de 22 de febrero de 1983, de la Dirección General de Aduanas e Impuestos Especiales, referente al régimen del Impuesto de Compensación de Gravámenes Interiores en las reimportaciones de los casos de la disposición preliminar quinta, apartado B, tercero."
1983-03-14,62,1,BOE-A-1983-7602,MINISTERIO DE OBRAS PÚBLICAS Y URBANISMO,estatal,Real Decreto,7430,7432,"Real Decreto 497/1983, de 16 de febrero, sobre reforma de los Estatutos del Consejo General y de los Colegios Oficiales de Aparejadores y Arquitectos Técnicos, aprobados por Real Decreto 1471/1977, de 13 de mayo, y creación, por segregación, de los Colegios de Ibiza-Formentera y Menorca."
1983-03-14,62,5,BOE-A-1983-7653,CATALUÑA,autonómico,Ley,7473,7476,"Ley 1/1983, de 18 de febrero, de regulación administrativa de determinadas estructuras comerciales y ventas especiales."
1983-03-15,63,1,BOE-A-1983-7655,CORTES GENERALES,estatal,Resolución,7490,7490,"Resolución de 8 de marzo de 1983, del Congreso de los Diputados, por la que se ordena la publicación del acuerdo de convalidación del Real Decreto-ley 1/1983, de 9 de febrero, por el que se deroga la exacción sobre el precio de las gasolinas en las islas Canarias, Ceuta y Melilla."
1983-03-15,63,1,BOE-A-1983-49957,PRESIDENCIA DEL GOBIERNO,estatal,Real Decreto,7490,7519,"Real Decreto 3936/1982, de 29 de diciembre, sobre traspaso de funciones y servicios de la Administración del Estado a la Comunidad Autónoma de Andalucía en materia de educación. (Continuación.)"
1983-03-15,63,1,BOE-A-1983-7656,PRESIDENCIA DEL GOBIERNO,estatal,Real Decreto,7519,7522,"Real Decreto 4165/1982, de 29 de diciembre, sobre transferencia de funciones y servicios de la Administración del Estado a la Comunidad Autónoma de Murcia en materia de disciplina del mercado."
1983-03-15,63,1,BOE-A-1983-7657,PRESIDENCIA DEL GOBIERNO,estatal,Orden,7523,7523,Orden de 12 de marzo de 1983 por la que se modifica el modelo de impreso y los plazos de la estadística de protesto de letras de cambio y se amplía a cheques y talones bancarios y otros efectos.
1983-03-15,63,1,BOE-A-1983-7658,MINISTERIO DE ECONOMÍA Y HACIENDA,estatal,Real Decreto,7524,7524,"Real Decreto 502/1983, de 9 de marzo, sobre distribución de excedentes líquidos de las Cajas de Ahorro."
1983-03-15,63,1,BOE-A-1983-7659,MINISTERIO DE ECONOMÍA Y HACIENDA,estatal,Instrucción o circular,7524,7525,"Circular número 888, de 1 de marzo de 1983, de la Dirección General de Aduanas e Impuestos Especiales, por la que se aprueba la «Actualización número 37» de las Notas Explicativas del Arancel."
1983-03-15,63,1,BOE-A-1983-7660,MINISTERIO DE EDUCACIÓN Y CIENCIA,estatal,Real Decreto,7525,7525,"Real Decreto 503/1983, de 9 de marzo, por el que se da nueva redacción a los artículos 9.º, 2.º, b) y 11 del Decreto 375/1974, de 7 de febrero, por el que se regula transitoriamente el acceso al Cuerpo de Profesores de Educación General Básica."
1983-03-16,64,1,BOE-A-1983-49958,PRESIDENCIA DEL GOBIERNO,estatal,Real Decreto,7588,7639,"Real Decreto 3936/1982, de 29 de diciembre sobre traspaso de funciones y servicios de la Administración del Estado a la Comunidad Autónoma de Andalucía en materia de educación. (Continuación.)"
1983-03-16,64,1,BOE-A-1983-7745,PRESIDENCIA DEL GOBIERNO,estatal,Real Decreto,7639,7641,"Real Decreto 529/1983, de 9 de marzo, por el que se determinan los partidos judiciales de cada provincia a considerar a efectos de las elecciones de Diputados provinciales."
1983-03-16,64,1,BOE-A-1983-7746,PRESIDENCIA DEL GOBIERNO,estatal,Orden,7641,7643,Orden de 15 de marzo de 1983 por la que se da nueva regulación a las unidades de valoración del Plan Nacional para el Síndrome Tóxico.
1983-03-16,64,1,BOE-A-1983-7747,MINISTERIO DE ASUNTOS EXTERIORES,estatal,Otras,7643,7643,"Serie 02 de enmiendas al Reglamento número 27, sobre prescripciones uniformes relativas a la homologación de los triángulos de preseñalización, anejo al acuerdo relativo a la adopción de condiciones uniformes de homologación y reconocimiento recíproco de la homologación de piezas y equipos para vehículos a motor, hecho en Ginebra el 20 de marzo de 1958, propuestas por España y puestas en circulación por el Secretario general de las Naciones Unidas el 1 de febrero de 1977."
1983-03-16,64,1,BOE-A-1983-7748,MINISTERIO DE ASUNTOS EXTERIORES,estatal,Corrección,7643,7643,"Corrección de errores de las enmiendas propuestas por España a los anejos A y B del Acuerdo Europeo relativo al Transporte Internacional de Mercancías Peligrosas por Carretera, hecho en Ginebra el 30 de septiembre de 1957, puestas en circulación por el Secretario general de las Naciones Unidas el 31 de agosto de 1982."
1983-03-16,64,1,BOE-A-1983-7749,MINISTERIO DE ECONOMÍA Y HACIENDA,estatal,Real Decreto,7643,7643,"Real Decreto 530/1983, de 25 de enero, por el que se concede una bonificación del Impuesto de Compensación de Gravámenes Interiores a la importación del pepel prensa dentro del contingente del año 1983."
1983-03-17,65,1,BOE-A-1983-7900,JEFATURA DEL ESTADO,estatal,Corrección,7777,7777,"Corrección de errores del Instrumento de Ratificación de 16 de agosto de 1978, del Convenio Internacional para la Seguridad de la Vida Humana en el Mar, hecho en Londres el 1 de noviembre de 1974."
1983-03-17,65,1,BOE-A-1983-49959,PRESIDENCIA DEL GOBIERNO,estatal,Real Decreto,7777,7807,"Real Decreto 3936/1982, de 29 de diciembre, sobre traspaso de funciones y servicios de la Administración del Estado a la Comunidad Autónoma de Andalucía en materia de educación. (Continuación.)"
1983-03-17,65,1,BOE-A-1983-50002,PRESIDENCIA DEL GOBIERNO,estatal,Real Decreto,7807,7812,"Real Decreto 529/1983, de 9 de marzo, por el que se determinan los partidos judiciales de cada provincia a considerar a efectos de las elecciones de Diputación provinciales. (Continuación.)"
1983-03-17,65,1,BOE-A-1983-7901,MINISTERIO DE ECONOMÍA Y HACIENDA,estatal,Orden,7812,7812,Orden de 24 de febrero de 1983 sobre tramitación anticipada de expedientes de gasto.
1983-03-17,65,1,BOE-A-1983-7902,MINISTERIO DE ECONOMÍA Y HACIENDA,estatal,Orden,7813,7813,Orden de 2 de marzo de 1983 por la que se establece un sistema de tránsito combinado avión-carretera a la exportación de productos de las islas Canarias.
1983-03-17,65,1,BOE-A-1983-7903,MINISTERIO DEL INTERIOR,estatal,Resolución,7813,7813,"Resolución de 19 de febrero de 1983, de la Dirección General de la Policía, por la que se delegan en los Jefes Superiores de Policía las facultades sobre designación de Comisarios Jefes de distrito."
1983-03-18,66,1,BOE-A-1983-49960,PRESIDENCIA DEL GOBIERNO,estatal,Real Decreto,7876,7931,"Real Decreto 3936/1982, de 29 de diciembre, sobre traspaso de funciones y servicios de la Administración del Estado a la Comunidad Autónoma de Andalucía en materia de educación. (Continuación.)."
1983-03-18,66,1,BOE-A-1983-50003,PRESIDENCIA DEL GOBIERNO,estatal,Real Decreto,7931,7936,"Real Decreto 529/1983, de 9 de marzo, por el que se determinan los partidos judiciales de cada provincia a considerar a efectos de las elecciones de Diputados provinciales. (Conclusión.)"
1983-03-18,66,1,BOE-A-1983-7970,PRESIDENCIA DEL GOBIERNO,estatal,Corrección,7936,7936,"Corrección de errores del Real Decreto 451/1983, de 9 de marzo, de convocatoria de elecciones a la Asamblea Regional de Cantabria."
1983-03-18,66,1,BOE-A-1983-7971,MINISTERIO DE JUSTICIA,estatal,Real Decreto,7937,7938,"Real Decreto 545/1983, de 9 de febrero, por el que se desarrollan determinadas normas del Estatuto Orgánico del Ministerio Fiscal."
1983-03-18,66,1,BOE-A-1983-7972,MINISTERIO DE DEFENSA,estatal,Real Decreto,7938,7938,"Real Decreto 546/1983, de 16 de febrero, por el que se modifica parcialmente el Real Decreto 2867/1977, de 28 de octubre, sobre requisitos y reglas de ascenso de los Generales, Jefes y Oficiales del Ejército del Aire."
1983-03-18,66,1,BOE-A-1983-7973,MINISTERIO DE ECONOMÍA Y HACIENDA,estatal,Orden,7938,7939,Orden de 28 de febrero de 1983 por la que se modifica la redacción del artículo 13 y del apartado c) del artículo 17 del Reglamento para la ejecución de lo dispuesto en el Decreto de 21 de mayo de 1943.
1983-03-18,66,1,BOE-A-1983-7974,MINISTERIO DE OBRAS PÚBLICAS Y URBANISMO,estatal,Orden,7939,7940,Orden de 11 de marzo de 1983 por la que se revisa el módulo y los precios de cesión de las viviendas de protección oficial para 1983.
1983-03-18,66,1,BOE-A-1983-7975,MINISTERIO DE EDUCACIÓN Y CIENCIA,estatal,Orden,7940,7940,"Orden de 14 de marzo de 1983 por la que se da nueva redacción al apartado primero del artículo único de la Orden de 24 de febrero de 1981, por la que se desarrolla el artículo 3 del Real Decreto 921/1980, de 3 de mayo, que regula la Ordenación de las Enseñanzas de Graduado Social y establece el acceso a las mismas."
1983-03-18,66,1,BOE-A-1983-7976,MINISTERIO DE INDUSTRIA Y ENERGÍA,estatal,Real Decreto,7940,7940,"Real Decreto 547/1983, de 2 de febrero, por el que se amplía hasta el 31 de enero de 1984 la vigencia de determinados preceptos sobre homologación."
1983-03-18,66,1,BOE-A-1983-7977,MINISTERIO DE INDUSTRIA Y ENERGÍA,estatal,Resolución,7940,7940,"Resolución de 4 de marzo de 1983, de la Dirección General de la Energía, por la que se dan normas sobre abono de compensaciones del Sistema Integrado de Facturación de Energía Eléctrica (SIFE)."
1983-03-18,66,1,BOE-A-1983-7978,"MINISTERIO DE TRANSPORTES, TURISMO Y COMUNICACIONES",estatal,Orden,7940,7941,Orden de 10 de marzo de 1983 por la que se autoriza a elevar las tarifas de los servicios regulares y discrecionales de transporte de viajeros por carretera en las áreas excluidas del ámbito del monopolio de petróleos.
1983-03-18,66,1,BOE-A-1983-7979,MINISTERIO DE CULTURA,estatal,Orden,7941,7941,Orden de 9 de marzo de 1983 por la que se crea un grupo de trabajo y un Comité de dirección del mismo para la reforma orgánica del Ministerio de Cultura.
1983-03-19,67,1,BOE-A-1983-49961,PRESIDENCIA DEL GOBIERNO,estatal,Real Decreto,8065,8073,"Real Decreto 3936/1982, de 29 de diciembre, sobre traspaso de funciones y servicios de la Administración del Estado a la Comunidad Autónoma de Andalucía en materia de educación. (Continuación.)"
1983-03-19,67,1,BOE-A-1983-8132,MINISTERIO DE ASUNTOS EXTERIORES,estatal,Tratado o acuerdo internacional,8073,8074,"Protocolo Adicional de 7 de mayo de 1981 al Convenio sobre supresión de pasaportes entre el Gobierno de España y el Gobierno de la República de Portugal, hecho en Madrid."
1983-03-19,67,1,BOE-A-1983-8133,MINISTERIO DE ECONOMÍA Y HACIENDA,estatal,Orden,8074,8074,Orden de 24 de febrero de 1983 sobre corrección en las concesiones arancelarias otorgadas por España a las partes contratantes del Acuerdo General sobre Aranceles Aduaneros y Comercio.
1983-03-19,67,1,BOE-A-1983-8134,MINISTERIO DE ECONOMÍA Y HACIENDA,estatal,Orden,8075,8075,"Orden de 11 de marzo de 1983 por la que se complementa la de 9 de febrero reguladora de la obligación, modelos y plazos de presentación de las declaraciones del Impuesto sobre la Renta y del Impuesto Extraordinario sobre el Patrimonio de las Personas Físicas, ejercicio de 1982."
1983-03-19,67,1,BOE-A-1983-8135,MINISTERIO DE ECONOMÍA Y HACIENDA,estatal,Orden,8075,8077,Orden de 17 de marzo de 1983 sobre fijación del derecho compensatorio variable para la importación de productos sometidos a este régimen.
1983-03-19,67,1,BOE-A-1983-8136,MINISTERIO DE ECONOMÍA Y HACIENDA,estatal,Orden,8077,8079,Orden de 17 de marzo de 1983 sobre fijación del derecho regulador para la importación de productos sometidos a este régimen.
1983-03-21,68,1,BOE-A-1983-49962,PRESIDENCIA DEL GOBIERNO,estatal,Real Decreto,8113,8119,"Real Decreto 3936/1982, de 29 de diciembre, sobre traspaso de funciones y servicios de la Administración del Estado a la Comunidad Autónoma de Andalucía en materia de educación. (Continuación)."
1983-03-21,68,1,BOE-A-1983-8189,MINISTERIO DE ECONOMÍA Y HACIENDA,estatal,Real Decreto,8120,8120,"Real Decreto 567/1983, de 23 de febrero, por el que se modifica el Impuesto de Compensación de Gravámenes Interiores a la importación de determinadas mercancías."
1983-03-21,68,1,BOE-A-1983-8190,MINISTERIO DE ECONOMÍA Y HACIENDA,estatal,Resolución,8120,8120,"Resolución de 18 de marzo de 1983, de la Dirección General del Tesoro y Política Financiera, por la que se dispone la celebración de la sexta subasta de pagarés del Tesoro correspondiente a 1983."
1983-03-21,68,1,BOE-A-1983-8191,"MINISTERIO DE TRANSPORTES, TURISMO Y COMUNICACIONES",estatal,Resolución,8120,8120,"Resolución de 10 de diciembre de 1982, de la Delegación del Gobierno en la Compañía Telefónica Nacional de España, por la que se aprueban las tarifas correspondientes al servicio internacional de transmisión de datos entre España e Irlanda, República Sudafricana, Puerto Rico, República de Singapur y Australia."
1983-03-21,68,1,BOE-A-1983-8192,MINISTERIO DE CULTURA,estatal,Real Decreto,8120,8120,"Real Decreto 568/1983, de 9 de febrero, por el que se amplía por seis meses el plazo establecido en la disposición transitoria del Real Decreto 1697/1982, de 18 de junio, sobre Agrupaciones Deportivas."
1983-03-22,69,1,BOE-A-1983-49963,PRESIDENCIA DEL GOBIERNO,estatal,Real Decreto,8167,8229,"Real Decreto 3938/1982, de 29 de diciembre, sobre traspaso de funciones y servicios de la Administración del Estado a la Comunidad Autónoma de Andalucía en materia de educación. (Continuación.)"
1983-03-22,69,1,BOE-A-1983-8263,"MINISTERIO DE AGRICULTURA, PESCA Y ALIMENTACIÓN",estatal,Orden,8229,8229,Orden de 11 de marzo de 1983 sobre condiciones fitosanitarias que deben observarse en las importaciones de semillas para siembra de girasol.
1983-03-23,70,1,BOE-A-1983-8496,CORTES GENERALES,estatal,Resolución,8354,8354,"Resolución de 14 de diciembre de 1982, por la que se ordena la publicación del acuerdo de convalidación del Real Decreto-ley 21/1982, de 12 de noviembre, sobre medidas urgentes para reparar los daños causados por las recientes inundaciones en Cataluña y Huesca."
1983-03-23,70,1,BOE-A-1983-49964,PRESIDENCIA DEL GOBIERNO,estatal,Real Decreto,8354,8388,"Real Decreto 3936/1982, de 29 de diciembre, sobre traspaso de funciones y servicios de la Administración del Estado a la Comunidad Autónoma de Andalucía en materia de educación. (Continuación)."
1983-03-23,70,1,BOE-A-1983-8497,PRESIDENCIA DEL GOBIERNO,estatal,Real Decreto,8388,8389,"Real Decreto 606/1983, de 16 de marzo, por el que se regulan los subsidios de defunción y de jubilación de la Mutualidad General de Funcionarios Civiles del Estado."
1983-03-23,70,1,BOE-A-1983-8498,MINISTERIO DE ECONOMÍA Y HACIENDA,estatal,Orden,8389,8389,"Orden de 11 de marzo de 1983 por la que se delegan determinadas facultades del Ministro de Economía y Hacienda en el Delegado del Gobierno en «Tabacalera, S. A.»."
1983-03-23,70,1,BOE-A-1983-8499,MINISTERIO DE EDUCACIÓN Y CIENCIA,estatal,Real Decreto,8389,8389,"Real Decreto 607/1983, de 16 de marzo, por el que se suspende la aplicación del Real Decreto 3087/1982, de 12 de noviembre, que fija las enseñanzas mínimas para el ciclo superior de Educación General Básica."
1983-03-24,71,1,BOE-A-1983-49965,PRESIDENCIA DEL GOBIERNO,estatal,Real Decreto,8521,8527,"Real Decreto 3936/1982, de 29 de diciembre, sobre traspaso de funciones y servicios de la Administración del Estado a la Comunidad Autónoma de Andalucía en materia de educación. (Continuación)"
1983-03-24,71,1,BOE-A-1983-8601,MINISTERIO DE ECONOMÍA Y HACIENDA,estatal,Resolución,8528,8528,"Resolución de 16 de marzo de 1983, de la Secretaría de Estado de Economía y Planificación, por la que se delegan determinadas competencias en el Subsecretario de Economía y Hacienda y en el Director general de Servicios."
1983-03-24,71,1,BOE-A-1983-8602,MINISTERIO DE EDUCACIÓN Y CIENCIA,estatal,Resolución,8528,8528,"Resolución de 9 de marzo de 1983, de la Dirección General de Ordenación Universitaria y Profesorado, sobre calendario de las pruebas de aptitud de acceso a la Universidad en la convocatoria de junio del curso 1982-83."
1983-03-24,71,1,BOE-A-1983-8603,MINISTERIO DE TRABAJO Y SEGURIDAD SOCIAL,estatal,Resolución,8528,8531,"Resolución de 16 de marzo de 1983, de la Dirección General de Régimen Económico y Jurídico de la Seguridad Social, por la que se aprueban nuevos modelos - resúmenes, serie TR, para las relaciones entre las oficinas recaudadoras y las Tesorerías Territoriales de la Seguridad Social."
1983-03-24,71,1,BOE-A-1983-8604,"MINISTERIO DE AGRICULTURA, PESCA Y ALIMENTACIÓN",estatal,Orden,8531,8531,"Orden de 14 de febrero de 1983 por la que se modifica el artículo 10 del Decreto 3024/1973, de 23 de noviembre, que aprueba la Reglamentación especial para la elaboración, circulación y comercio de los vinagres de vino y de orujo."
1983-03-24,71,1,BOE-A-1983-8605,"MINISTERIO DE AGRICULTURA, PESCA Y ALIMENTACIÓN",estatal,Orden,8531,8531,"Orden de 17 de marzo de 1983 por la que se amplía la del 22 de noviembre de 1982 sobre el marcado de jamones, para el control de su maduración, haciendo extensiva dicha marca a las paletas curadas."
1983-03-24,71,1,BOE-A-1983-8606,"MINISTERIO DE AGRICULTURA, PESCA Y ALIMENTACIÓN",estatal,Resolución,8531,8532,"Resolución de 16 de marzo de 1983, de la Dirección General de la Producción Agraria, por la que se modifican los baremos de indemnización por sacrificio de animales afectados de peste porcina africana."
1983-03-24,71,1,BOE-A-1983-8607,"MINISTERIO DE TRANSPORTES, TURISMO Y COMUNICACIONES",estatal,Orden,8532,8533,"Orden de 17 de marzo de 1983 por la que se modifican los anexos 1 y 2 del Decreto 1675/1972, de 28 de junio, sobre las tarifas de Eurocontrol."
1983-03-25,72,1,BOE-A-1983-8659,JEFATURA DEL ESTADO,estatal,Otras,8621,8621,"Instrumento de Ratificación de 26 de enero de 1978 del Acuerdo Cultural entre el Reino de España y la República de Gabón, firmado en Madrid el 9 de noviembre de 1977."
1983-03-25,72,1,BOE-A-1983-49966,PRESIDENCIA DEL GOBIERNO,estatal,Real Decreto,8621,8645,"Real Decreto 3926/1982, de 29 de diciembre, sobre traspaso de funciones y servicios de la Administración del Estado a la Comunidad Autónoma de Andalucía en materia de educación. (Continuación.)"
1983-03-25,72,1,BOE-A-1983-8660,PRESIDENCIA DEL GOBIERNO,estatal,Orden,8646,8646,Orden de 24 de marzo de 1983 por la que se desarrolla el incremento de precio de las especialidades farmacéuticas autorizado por el Consejo de Ministros.
1983-03-25,72,1,BOE-A-1983-8661,MINISTERIO DE ECONOMÍA Y HACIENDA,estatal,Resolución,8646,8649,"Resolución de 14 de marzo de 1983, de la Dirección General de Exportación, sobre régimen global de exportación."
1983-03-25,72,1,BOE-A-1983-8662,MINISTERIO DE ECONOMÍA Y HACIENDA,estatal,Resolución,8649,8649,"Resolución de 16 de marzo de 1983, de la Dirección General de Exportación, por la que se modifica la relación de mercancías exentas de obtención de licencia de exportación."
1983-03-25,72,1,BOE-A-1983-8663,MINISTERIO DE TRABAJO Y SEGURIDAD SOCIAL,estatal,Orden,8649,8650,"Orden de 16 de marzo de 1983 por la que se establecen las condiciones que han de reunir las Empresas Protegidas, los Centros Especiales de Empleo y los Centros Especiales de Iniciación Productiva para obtener su calificación e inscripción en el Registro correspondiente de la Secretaría General de la Unidad Administradora del Fondo Nacional de Protección al Trabajo y para ratificar la situación registral de las Empresas Protegidas y Centros Especiales de Empleo ya inscritos."
1983-03-26,73,1,BOE-A-1983-49967,PRESIDENCIA DEL GOBIERNO,estatal,Real Decreto,8809,8839,"Real Decreto 3936/1982, de 29 de diciembre, sobre traspaso de funciones y servicios de la Administración del Estado a la Comunidad Autónoma de Andalucía en materia de educación, (Continuación.)"
1983-03-26,73,1,BOE-A-1983-8853,PRESIDENCIA DEL GOBIERNO,estatal,Orden,8839,8840,"Orden de 25 de marzo de 1983 por la que se crea la Comisión Nacional de Reinserción Social, adscrita al Plan Nacional para el Síndrome Tóxico."
1983-03-26,73,1,BOE-A-1983-8854,PRESIDENCIA DEL GOBIERNO,estatal,Orden,8840,8840,"Orden de 25 de marzo de 1983 por la que se crea la Comisión Técnica de Evaluación de la Investigación, dependiente del Plan Nacional para el Síndrome Tóxico."
1983-03-26,73,1,BOE-A-1983-8855,MINISTERIO DE ASUNTOS EXTERIORES,estatal,Tratado o acuerdo internacional,8840,8840,"Entrada en vigor del Acuerdo de Transporte Aéreo Comercial entre el Reino de España y la República Oriental del Uruguay, firmado en Montevideo el 13 de agosto de 1979."
1983-03-26,73,1,BOE-A-1983-8856,MINISTERIO DE ECONOMÍA Y HACIENDA,estatal,Orden,8840,8843,Orden de 24 de marzo de 1983 sobre fijación del derecho compensatorio variable para la importación de productos sometidos a este régimen.
1983-03-26,73,1,BOE-A-1983-8857,MINISTERIO DE ECONOMÍA Y HACIENDA,estatal,Orden,8843,8845,Orden de 24 de marzo de 1983 sobre fijación del derecho regulador para la importación de productos sometidos a este régimen.
1983-03-26,73,1,BOE-A-1983-8858,MINISTERIO DE ECONOMÍA Y HACIENDA,estatal,Resolución,8845,8845,"Resolución de 15 de marzo de 1983, de la Dirección General de Política Arancelaria e Importación, por la que se incorporan al régimen de libre importación determinadas mercancías."
1983-03-26,73,1,BOE-A-1983-8859,"MINISTERIO DE AGRICULTURA, PESCA Y ALIMENTACIÓN",estatal,Real Decreto,8845,8845,"Real Decreto 616/1983, de 2 de marzo, por el que se autoriza al Instituto Nacional para la Conservación de la Naturaleza para celebrar convenios de cooperación con otras Administraciones Públicas en materia de creación, regeneración y mejora de zonas verdes."
1983-03-28,74,1,BOE-A-1983-49968,PRESIDENCIA DEL GOBIERNO,estatal,Real Decreto,8906,8925,"Real Decreto 3936/1982, de 29 de diciembre, sobre traspaso de funciones y servicios de la Administración del Estado a la Comunidad Autónoma de Andalucía en materia de Educación. (Continuación.)"
1983-03-28,74,1,BOE-A-1983-8928,PRESIDENCIA DEL GOBIERNO,estatal,Orden,8926,8926,"Orden de 25 de marzo de 1983 por la que se crea la Comisión Unificada de Investigación del Síndrome Tóxico, adscrita al Plan Nacional para el Síndrome Tóxico."
1983-03-28,74,1,BOE-A-1983-8929,MINISTERIO DE ECONOMÍA Y HACIENDA,estatal,Orden,8926,8926,"Orden de 8 de marzo de 1983 sobre autorización a las Cajas de Ahorros establecidas en las provincias de Barcelona, Gerona, Tarragona, Lérida y Huesca para conceder créditos especiales a los damnificados por las inundaciones habidas en esas provincias en 1982."
1983-03-28,74,1,BOE-A-1983-8930,MINISTERIO DE ECONOMÍA Y HACIENDA,estatal,Orden,8927,8927,Orden de 8 de marzo de 1983 sobre composición de las Juntas de Gobierno de las Cámaras de Compensación Bancaria.
1983-03-28,74,1,BOE-A-1983-8931,MINISTERIO DE TRABAJO Y SEGURIDAD SOCIAL,estatal,Corrección,8927,8927,"Corrección de erratas de la Resolución de 19 de febrero de 1983, de la Dirección General de Régimen Económico y Jurídico de la Seguridad Social, por la que se establecen las bases de cotización a los Regímenes Especiales de la Seguridad Social de los trabajadores por cuenta propia o autónomos, Representantes de comercio, Escritores de libros, Empleados de hogar y Toreros."
1983-03-28,74,1,BOE-A-1983-8932,MINISTERIO DE INDUSTRIA Y ENERGÍA,estatal,Real Decreto,8927,8927,"Real Decreto 618/1983, de 16 de febrero, por el que se modifica el artículo 3.º del Decreto 3237/1974, de 24 de octubre, sobre composición del Consejo de la Junta de Energía Nuclear."
1983-03-28,74,1,BOE-A-1983-8933,MINISTERIO DE INDUSTRIA Y ENERGÍA,estatal,Orden,8927,8927,Orden de 25 de marzo de 1983 por la que se establece el sistema para valoración de las primas a la construcción naval para el año 1983.
1983-03-29,75,1,BOE-A-1983-49969,PRESIDENCIA DEL GOBIERNO,estatal,Real Decreto,9002,9005,"Real Decreto 3936/1982, de 29 de diciembre, sobre traspaso de funciones y servicios de la Administración del Estado a la Comunidad Autónoma de Andalucía en materia de educación. (Continuación)."
1983-03-29,75,1,BOE-A-1983-9027,PRESIDENCIA DEL GOBIERNO,estatal,Real Decreto,9005,9007,"Real Decreto 629/1983, de 16 de febrero, por el que se establece la estructura orgánica básica del Ministerio de Asuntos Exteriores."
1983-03-29,75,1,BOE-A-1983-9028,MINISTERIO DE ECONOMÍA Y HACIENDA,estatal,Real Decreto,9007,9007,"Real Decreto 630/1983, de 25 de marzo, por el que se declara inhábil, a efectos relacionados con la Hacienda Pública, el Sábado Santo."
1983-03-29,75,1,BOE-A-1983-9029,MINISTERIO DE EDUCACIÓN Y CIENCIA,estatal,Orden,9007,9007,Orden de 22 de marzo de 1983 por la que se establece la representación española en el Instituto Internacional del Frío.
1983-03-29,75,1,BOE-A-1983-9030,"MINISTERIO DE TRANSPORTES, TURISMO Y COMUNICACIONES",estatal,Orden,9007,9008,Orden de 17 de marzo de 1983 por la que se deja sin efecto la limitación a la circulación nocturna en los servicios discrecionales de transporte internacional de viajeros efectuados por vehículos extranjeros dentro del territorio nacional.
1983-03-29,75,1,BOE-A-1983-9031,"MINISTERIO DE TRANSPORTES, TURISMO Y COMUNICACIONES",estatal,Orden,9008,9009,Orden de 25 de marzo de 1983 por la que se modifican determinadas tarifas de la Compañía Telefónica Nacional de España.
1983-03-29,75,1,BOE-A-1983-9032,MINISTERIO DE SANIDAD Y CONSUMO,estatal,Orden,9009,9009,Orden de 16 de marzo de 1983 por la que se modifica el baremo de valoración de méritos establecido en el artículo 33 del Estatuto de Personal Auxiliar Sanitario titulado y Auxiliar de Clínica de la Seguridad Social.
1983-03-29,75,5,BOE-A-1983-9111,CATALUÑA,autonómico,Ley,9054,9056,"Ley 2/1983, de 9 de marzo, de Alta Montaña."
1983-03-29,75,5,BOE-A-1983-9112,CATALUÑA,autonómico,Ley,9056,9056,"Ley 3/1983, de 9 de marzo, de modificación presupuestaria para atender los gastos derivados de las inundaciones en Cataluña."
1983-03-29,75,5,BOE-A-1983-9117,ANDALUCÍA,autonómico,Ley,9077,9078,"Ley 1/1983, de 3 de marzo, de creación del Instituto de Promoción Industrial de Andalucía."
1983-03-29,75,5,BOE-A-1983-9118,ANDALUCÍA,autonómico,Ley,9078,9079,"Ley 2/1983, de 3 de marzo, de la Sociedad para la Promoción y Reconversión Económica de Andalucía."
1983-03-29,75,5,BOE-A-1983-9119,REGIÓN DE MURCIA,autonómico,Ley,9079,9080,"Ley 4/1982, de 22 de diciembre, de incompatibilidades en el ejercicio de la función representativa y de otros cargos de la Comunidad Autónoma de la Región de Murcia."
1983-03-30,76,1,BOE-A-1983-49970,PRESIDENCIA DEL GOBIERNO,estatal,Real Decreto,9097,9100,"Real Decreto 3936/1982, de 29 de diciembre, sobre traspaso de funciones y servicios de la Administración del Estado a la Comunidad Autónoma de Andalucía en materia de educación. (Continuación.)"
1983-03-30,76,1,BOE-A-1983-9120,PRESIDENCIA DEL GOBIERNO,estatal,Real Decreto,9100,9104,"Real Decreto 664/1983, de 2 de marzo, por el que se aprueba la Reglamentación Técnico-sanitaria para la elaboración, almacenamiento, transporte y comercialización del café."
1983-03-30,76,1,BOE-A-1983-9121,PRESIDENCIA DEL GOBIERNO,estatal,Real Decreto,9104,9104,"Real Decreto 665/1983, de 2 de marzo, por el que se modifican los artículos 8.º y 9.º del Decreto 644/1973, de 29 de marzo, por el que se establece la Reglamentación Especial para la elaboración, circulación y comercio del whisky."
1983-03-30,76,1,BOE-A-1983-9122,PRESIDENCIA DEL GOBIERNO,estatal,Corrección,9104,9104,"Corrección de errores del Real Decreto 529/1983, de 9 de marzo, por el que se determinan los partidos judiciales de cada provincia a considerar a efectos de las elecciones de Diputados provinciales."
1983-03-30,76,1,BOE-A-1983-9123,PRESIDENCIA DEL GOBIERNO,estatal,Orden,9104,9104,Orden de 29 de marzo de 1983 por la que se prorroga el plazo para la formulación de declaraciones de actividades en el sector público y privado.
1983-03-30,76,1,BOE-A-1983-9124,MINISTERIO DE ASUNTOS EXTERIORES,estatal,Tratado o acuerdo internacional,9105,9109,"Reglamento número 11 sobre prescripciones uniformes relativas a la homologación de vehículos en lo que se refiere a las cerraduras y órganos de fijación de las puertas, anejo al Acuerdo de 20 de marzo de 1958, relativo al cumplimiento de condiciones uniformes de homologación y reconocimiento recíproco de la homologación de equipos y piezas de vehículos de motor, revisión 1, que incorpora la serie 02 de enmiendas propuestas por el Reino Unido, que entraron en vigor el 15 de marzo de 1981, así como el corrigéndum 1."
1983-03-30,76,1,BOE-A-1983-9125,MINISTERIO DE ASUNTOS EXTERIORES,estatal,Tratado o acuerdo internacional,9109,9110,"Convenio de 12 de julio de 1982 de Cooperación Técnica en materia agrícola y pesquera entre el Gobierno español y el Gobierno de la República tunecina, firmado en Madrid."
1983-03-30,76,1,BOE-A-1983-9126,MINISTERIO DE ECONOMÍA Y HACIENDA,estatal,Corrección,9110,9110,Corrección de errores de la Orden de 24 de febrero de 1983 por la que se eleva a 150.000 pesetas el límite de la participación de los Recaudadores en los recargos de apremio y los tramos de la escala que contiene el artículo 96.2 del Reglamento General de Recaudación.
1983-03-30,76,1,BOE-A-1983-9127,MINISTERIO DE TRABAJO Y SEGURIDAD SOCIAL,estatal,Real Decreto,9110,9111,"Real Decreto 666/1983, de 25 de marzo, por el que se regula un sistema de aplazamiento y fraccionamiento de pago de las cuotas de la Seguridad Social y de las de Desempleo, Fondo de Garantía Salarial y Formación Profesional."
1983-03-30,76,1,BOE-A-1983-9128,MINISTERIO DE INDUSTRIA Y ENERGÍA,estatal,Orden,9111,9112,Orden de 25 de marzo de 1983 por la que se crea la Comisión de Estadística del Departamento.
1983-03-30,76,1,BOE-A-1983-9129,"MINISTERIO DE AGRICULTURA, PESCA Y ALIMENTACIÓN",estatal,Resolución,9112,9113,"Resolución de 9 de marzo de 1983, de la Secretaría General de Pesca Marítima, por la que se efectúa la revisión anual del censo de la flota bacaladera al día 1 de enero del presente año."
1983-03-30,76,1,BOE-A-1983-9130,"MINISTERIO DE TRANSPORTES, TURISMO Y COMUNICACIONES",estatal,Orden,9113,9114,Orden de 28 de marzo de 1983 por la que se dictan normas sobre la colaboración del Servicio de Correos en las elecciones locales y a los Parlamentos de diversas Comunidades Autónomas.
1983-03-30,76,1,BOE-A-1983-9131,"MINISTERIO DE TRANSPORTES, TURISMO Y COMUNICACIONES",estatal,Orden,9114,9114,Orden de 28 de marzo de 1983 por la que se dictan normas sobre la colaboración del Servicio de Correos en las elecciones parciales para cubrir un escaño de Senador en representación de la provincia de Barcelona.
1983-03-31,77,1,BOE-A-1983-49971,PRESIDENCIA DEL GOBIERNO,estatal,Real Decreto,9192,9195,"Real Decreto 3936/1982, de 29 de diciembre, sobre traspaso de funciones y servicios de la Administración del Estado a la Comunidad Autónoma de Andalucía en materia de educación. (Continuación.)"
1983-03-31,77,1,BOE-A-1983-9198,PRESIDENCIA DEL GOBIERNO,estatal,Real Decreto,9196,9200,"Real Decreto 667/1983, de 2 de marzo, por el que se aprueba la Reglamentación Técnico-sanitaria para la elaboración y venta de zumos de frutas y de otros vegetales y de sus derivados."
1983-03-31,77,1,BOE-A-1983-9199,MINISTERIO DE ECONOMÍA Y HACIENDA,estatal,Real Decreto,9200,9200,"Real Decreto 668/1983, de 25 de marzo, por el que se dispone la emisión de Deuda del Tesoro, interior y amortizable, durante el ejercicio de 1983."
1983-03-31,77,1,BOE-A-1983-9200,MINISTERIO DE ECONOMÍA Y HACIENDA,estatal,Real Decreto,9200,9201,"Real Decreto 669/1983, de 25 de marzo, por el que se dispone la emisión de Deuda del Estado, interior y amortizable, por un importe, ampliable, de 20.000.000.000 de pesetas."
1983-03-31,77,1,BOE-A-1983-9201,MINISTERIO DE ECONOMÍA Y HACIENDA,estatal,Orden,9201,9201,Orden de 16 de marzo de 1983 sobre índices de precios de mano de obra y materiales de construcción correspondientes a los meses de octubre y noviembre de 1982 aplicables a la revisión de precios de contratos de obras del Estado.
1983-03-31,77,1,BOE-A-1983-9202,MINISTERIO DE ECONOMÍA Y HACIENDA,estatal,Orden,9201,9204,Orden de 30 de marzo de 1983 sobre fijación del derecho compensatorio variable para la importación de productos sometidos a este régimen.
1983-03-31,77,1,BOE-A-1983-9203,MINISTERIO DE ECONOMÍA Y HACIENDA,estatal,Orden,9204,9206,Orden de 30 de marzo de 1983 sobre fijación del derecho regulador para la importación de productos sometidos a este régimen.
1983-03-31,77,1,BOE-A-1983-9204,MINISTERIO DE ECONOMÍA Y HACIENDA,estatal,Resolución,9206,9206,"Resolución de 14 de marzo de 1983, de la Secretaría de Estado de Hacienda, por la que se delegan determinadas competencias en el Subsecretario de Economía y Hacienda y en el Director general de Servicios."
1983-03-31,77,1,BOE-A-1983-9205,"MINISTERIO DE TRANSPORTES, TURISMO Y COMUNICACIONES",estatal,Resolución,9206,9206,"Resolución de 17 de marzo de 1983, de la Dirección General de Correos y Telecomunicación, por la que se delegan en el Inspector general de Correos y Telecomunicación las facultades de tramitación y resolución de los expedientes que a instancias de los interesados hayan de incoarse para cancelación de anotaciones por faltas leves, graves y muy graves, impuestas a funcionarios de esta Dirección General."
1983-04-01,78,1,BOE-A-1983-49972,PRESIDENCIA DEL GOBIERNO,estatal,Real Decreto,9240,9241,"Real Decreto 3936/1982, de 29 de diciembre, sobre traspaso de funciones y servicios de la Administración del Estado a la Comunidad Autónoma de Andalucía en materia de educación. (Continuación.)"
1983-04-01,78,1,BOE-A-1983-9242,PRESIDENCIA DEL GOBIERNO,estatal,Real Decreto,9242,9246,"Real Decreto 670/1983, de 2 de marzo, por el que se aprueba la Reglamentación Técnico-sanitaria para la elaboración, circulación y comercio de helados."
1983-04-01,78,1,BOE-A-1983-9243,MINISTERIO DE ECONOMÍA Y HACIENDA,estatal,Resolución,9246,9247,"Resolución de 21 de marzo de 1983, de la Intervención General de la Administración del Estado, por la que se delegan determinadas competencias en los Interventores-Delegados de este Centro."
1983-04-01,78,1,BOE-A-1983-9244,"MINISTERIO DE AGRICULTURA, PESCA Y ALIMENTACIÓN",estatal,Resolución,9247,9247,"Resolución de 23 de marzo de 1983, de la Dirección General de la Producción Agraria, por la que se dan normas complementarias para el desarrollo de la Orden ministerial de 25 de noviembre de 1978 y se modifican parcialmente los baremos de calificación correspondientes a los animales objeto de sacrificio obligatorio."
1983-04-01,78,1,BOE-A-1983-9245,"MINISTERIO DE AGRICULTURA, PESCA Y ALIMENTACIÓN",estatal,Resolución,9247,9247,"Resolución de 23 de marzo de 1983, de la Dirección General de la Producción Agraria, por la que se prorroga durante seis meses el plazo de inscripción de explotaciones familiares a partir de cinco cerdas reproductoras en el Registro de Explotaciones Porcinas."
1983-04-02,79,1,BOE-A-1983-49973,PRESIDENCIA DEL GOBIERNO,estatal,Real Decreto,9263,9271,"Real Decreto 3936/1982, de 29 de diciembre, sobre traspaso de funciones y servicios de la Administración del Estado a la Comunidad Autónoma de Andalucía en materia de Educación. (Continuación.)"
1983-04-02,79,1,BOE-A-1983-9264,MINISTERIO DE TRABAJO Y SEGURIDAD SOCIAL,estatal,Orden,9271,9271,"Orden de 17 de marzo de 1983 para la aplicación y desarrollo de determinados preceptos del Real Decreto 93/1983, de 19 de enero, sobre revalorización, mejora y cuantías mínimas de las pensiones del Sistema de la Seguridad Social."
1983-04-04,80,1,BOE-A-1983-49974,PRESIDENCIA DEL GOBIERNO,estatal,Real Decreto,9288,9297,"Real Decreto 3936/1982, de 29 de diciembre, sobre traspaso de funciones y servicios de la Administración del Estado a la Comunidad Autónoma de Andalucía en materia de educación. (Continuación.)"
1983-04-04,80,1,BOE-A-1983-9288,PRESIDENCIA DEL GOBIERNO,estatal,Real Decreto,9298,9301,"Real Decreto 4187/1982, de 29 de diciembre, sobre transferencia de competencias, funciones y servicios de la Administración del Estado a la Junta Regional de Extremadura en materia de agricultura."
1983-04-04,80,1,BOE-A-1983-9289,MINISTERIO DE DEFENSA,estatal,Orden,9301,9302,"Orden 25/1983, de 17 de marzo, por la que se modifica la actual división sectorial de las Regiones Aéreas y se refunde y actualiza la normativa existente sobre funciones y atribuciones de los Jefes de Sector Aéreo, Comandantes militares Aéreos y Comandantes Aéreos."
1983-04-04,80,1,BOE-A-1983-9290,MINISTERIO DE ECONOMÍA Y HACIENDA,estatal,Resolución,9302,9303,"Resolución de 22 de marzo de 1983, de la Dirección General de Exportación, por la que se actualizan los anexos únicos de las Ordenes ministeriales de 22 de marzo y 28 de mayo de 1982 reguladoras del comercio exterior de productos, especímenes y manufacturados procedentes de especies incluidas en la «Convención sobre el comercio internacional de especies amenazadas de fauna y flora silvestre» (CITES)."
1983-04-05,81,1,BOE-A-1983-9328,TRIBUNAL CONSTITUCIONAL,estatal,Resolución judicial,9336,9336,"Conflicto positivo de competencia número 371/1982, planteado por el Gobierno, contra el Decreto 162/1982, de 3 de junio, de la Generalidad de Cataluña."
1983-04-05,81,1,BOE-A-1983-9329,TRIBUNAL CONSTITUCIONAL,estatal,Resolución judicial,9336,9336,"Conflicto positivo de competencia número 171/1983, planteado por el Consejo Ejecutivo de la Generalidad de Cataluña, en relación con Resolución de la Dirección General de los Registros y del Notariado, de 12 de noviembre de 1982."
1983-04-05,81,1,BOE-A-1983-9330,TRIBUNAL CONSTITUCIONAL,estatal,Resolución judicial,9336,9336,"Conflicto positivo de competencia número 178/1983, planteado por el Gobierno Vasco, en relación con el Real Decreto 3087/1982, de 12 de noviembre."
1983-04-05,81,1,BOE-A-1983-9331,TRIBUNAL CONSTITUCIONAL,estatal,Resolución judicial,9336,9336,"Recurso previo de inconstitucionalidad número 132/83, contra el texto definitivo de la Ley Orgánica 6/1983, de 2 de marzo."
1983-04-05,81,1,BOE-A-1983-49975,PRESIDENCIA DEL GOBIERNO,estatal,Real Decreto,9336,9338,"Real Decreto 3936/1982, de 29 de diciembre, sobre traspaso de funciones y servicios de la Administración del Estado a la Comunidad Autónoma de Andalucía en materia de educación. (Continuación.)"
1983-04-05,81,1,BOE-A-1983-9332,PRESIDENCIA DEL GOBIERNO,estatal,Real Decreto,9339,9340,"Real Decreto 4188/1982, de 29 de diciembre, sobre traspaso de funciones y servicios de la Administración del Estado a la Comunidad Autónoma de Cantabria en materia de agricultura."
1983-04-05,81,1,BOE-A-1983-9333,MINISTERIO DE ASUNTOS EXTERIORES,estatal,Tratado o acuerdo internacional,9340,9341,"Convenio básico de 7 de octubre de 1982, de cooperación científica y técnica entre el Gobierno de España y el Gobierno de Indonesia, firmado en Madrid."
1983-04-05,81,1,BOE-A-1983-9334,MINISTERIO DE ECONOMÍA Y HACIENDA,estatal,Real Decreto,9341,9341,"Real Decreto 677/1983, de 25 de marzo, por el que se modifica la dotación mínima de capital de Bancos filiales y de sucursales de Bancos extranjeros en España."
1983-04-05,81,1,BOE-A-1983-9335,MINISTERIO DE ECONOMÍA Y HACIENDA,estatal,Corrección,9341,9341,Corrección de errores de la Orden de 28 de febrero de 1983 por la que se modifica la redacción del artículo 13 y del apartado c) del artículo 17 del Reglamento para la ejecución de lo dispuesto en el Decreto de 21 de mayo de 1943.
1983-04-05,81,1,BOE-A-1983-9336,MINISTERIO DE ECONOMÍA Y HACIENDA,estatal,Resolución,9341,9341,"Resolución de 30 de marzo de 1983, de la Dirección General del Tesoro y Política Financiera, por la que se dispone la celebración de la séptima subasta de Pagarés del Tesoro correspondiente a 1983."
1983-04-06,82,1,BOE-A-1983-49976,PRESIDENCIA DEL GOBIERNO,estatal,Real Decreto,9385,9390,"Real Decreto 3936/1982, de 29 de diciembre, sobre traspaso de funciones y servicios de la Administración del Estado a la Comunidad Autónoma de Andalucía en materia de educación. (Continuación.)"
1983-04-06,82,1,BOE-A-1983-9375,PRESIDENCIA DEL GOBIERNO,estatal,Real Decreto,9391,9396,"Real Decreto 4189/1982, de 29 de diciembre, sobre traspaso de funciones y servicios de la Administración del Estado a la Comunidad Autónoma de Galicia en materia de agricultura y pesca."
1983-04-06,82,1,BOE-A-1983-9376,MINISTERIO DE ASUNTOS EXTERIORES,estatal,Tratado o acuerdo internacional,9397,9409,"Reglamento número 36 sobre prescripciones uniformes relativas a las características de construcción de los vehículos de transporte público de personas, anejo al Acuerdo de 20 de marzo de 1958, relativo a la adopción de condiciones uniformes de homologación y al reconocimiento recíproco de la homologación de piezas y equipos para vehículos de motor. (Incluye la Serie 01 de enmiendas propuestas por el Reino Unido, que entraron en vigor el 8 de febrero de 1982.)"
1983-04-06,82,1,BOE-A-1983-9377,MINISTERIO DE JUSTICIA,estatal,Corrección,9409,9409,"Corrección de errores del Real Decreto 545/1983, de 9 de febrero, por el que se desarrollan determinadas normas del Estatuto Orgánico del Ministerio Fiscal."
1983-04-07,83,1,BOE-A-1983-9453,JEFATURA DEL ESTADO,estatal,Ley,9482,9482,"Ley 1/1983, de 5 de abril, sobre cambio de denominación de la actual provincia de Oviedo por la de provincia de Asturias."
1983-04-07,83,1,BOE-A-1983-49977,PRESIDENCIA DEL GOBIERNO,estatal,Real Decreto,9482,9500,"Real Decreto 3936/1982, de 29 de diciembre, sobre traspaso de funciones y servicios de la Administración del Estado a la Comunidad Autónoma de Andalucía en materia de educación. (Continuación.)"
1983-04-07,83,1,BOE-A-1983-9454,PRESIDENCIA DEL GOBIERNO,estatal,Real Decreto,9500,9501,"Real Decreto 4190/1982, de 29 de diciembre, sobre traspaso de funciones y servicios de la Administración del Estado a la Comunidad Autónoma de de Murcia, en materia de pesca."
1983-04-07,83,1,BOE-A-1983-9455,MINISTERIO DE ECONOMÍA Y HACIENDA,estatal,Corrección,9502,9502,Corrección de erratas de la Orden de 16 de marzo de 1983 sobre índices de precios de mano de obra y materiales de construcción correspondientes a los meses de octubre y noviembre de 1982 aplicables a la revisión de precios de contratos de obras del Estado.
1983-04-07,83,1,BOE-A-1983-9456,"MINISTERIO DE AGRICULTURA, PESCA Y ALIMENTACIÓN",estatal,Resolución,9502,9503,"Resolución de 28 de marzo de 1983, de la Dirección del Instituto Nacional para la Conservación de la Naturaleza, por la que se fijan los períodos hábiles de pesca y normas relacionadas con la misma en las aguas continentales."
1983-04-08,84,1,BOE-A-1983-9543,TRIBUNAL CONSTITUCIONAL,estatal,Resolución judicial,9577,9577,"Recurso de inconstitucionalidad número 169/83, interpuesto por el Presidente del Gobierno, representado por el Abogado del Estado, contra determinados artículos de la Ley 10/1982, de 24 de noviembre, del Parlamento Vasco, básica de normalización del uso del euskera."
1983-04-08,84,1,BOE-A-1983-49978,PRESIDENCIA DEL GOBIERNO,estatal,Real Decreto,9577,9585,"Real Decreto 3936/1982, de 29 de diciembre, sobre traspaso de funciones y servicios de la Administración del Estado a la Comunidad Autónoma de Andalucía en materia de educación. (Continuación.)"
1983-04-08,84,1,BOE-A-1983-9544,PRESIDENCIA DEL GOBIERNO,estatal,Real Decreto,9585,9585,"Real Decreto 685/1983, de 2 de marzo, por el que se determinan las funciones, requisitos de ingreso y normas de integración en la Escala de Oficiales de Radiocomunicación del Servicio de Vigilancia Aduanera."
1983-04-08,84,1,BOE-A-1983-9545,PRESIDENCIA DEL GOBIERNO,estatal,Real Decreto,9585,9586,"Real Decreto 686/1983, de 30 de marzo, por el que se modifica la composición del Consejo Superior de Estadística y la estructura orgánica de la Dirección General del Instituto Nacional de Estadística."
1983-04-08,84,1,BOE-A-1983-9546,MINISTERIO DE ASUNTOS EXTERIORES,estatal,Otras,9586,9594,"Anexo al Convenio Internacional para la Regulación de la Pesca de la Ballena, enmendado en la 34.ª reunión de la Comisión Ballenera Internacional, celebrada en julio de 1982."
1983-04-08,84,1,BOE-A-1983-9547,MINISTERIO DE TRABAJO Y SEGURIDAD SOCIAL,estatal,Resolución,9594,9595,"Resolución de 22 de marzo de 1983, de la Secretaría General para la Seguridad Social, por la que se determina la aplicación de la Orden de 13 de mayo de 1977 a las inclusiones en el campo de aplicación del Régimen Especial Agrario de la Seguridad Social, que se produzcan a partir del día 1 de enero de 1983."
1983-04-08,84,1,BOE-A-1983-9548,MINISTERIO DE INDUSTRIA Y ENERGÍA,estatal,Real Decreto,9595,9595,"Real Decreto 687/1983, de 9 de marzo, por el que se modifican los plazos para la inspección técnica periódica de los vehículos de servicio público con aparato taxímetro."
1983-04-09,85,1,BOE-A-1983-49979,PRESIDENCIA DEL GOBIERNO,estatal,Real Decreto,9673,9687,"Real Decreto 3936/1982, de 29 de diciembre, sobre traspaso de funciones y servicios de la Administración del Estado a la Comunidad Autónoma de Andalucía en materia de educación. (Continuación.)"
1983-04-09,85,1,BOE-A-1983-9625,MINISTERIO DE ECONOMÍA Y HACIENDA,estatal,Orden,9688,9690,Orden de 7 de abril de 1983 sobre fijación del derecho compensatorio variable para la importación de productos sometidos a este régimen.
1983-04-09,85,1,BOE-A-1983-9626,MINISTERIO DE ECONOMÍA Y HACIENDA,estatal,Orden,9690,9692,Orden de 7 de abril de 1983 sobre fijación del derecho regulador para la importación de productos sometidos a este régimen.
1983-04-09,85,1,BOE-A-1983-9627,MINISTERIO DE ECONOMÍA Y HACIENDA,estatal,Orden,9692,9693,"Orden de 7 de abril de 1983 por la que se dispone la emisión de bonos del Estado al 15,5 por 100 por un importe, ampliable, de 20.000.000.000 de pesetas."
1983-04-09,85,1,BOE-A-1983-9628,"MINISTERIO DE TRANSPORTES, TURISMO Y COMUNICACIONES",estatal,Orden,9693,9695,Orden de 7 de abril de 1983 por la que se regula el registro y uso de aeronaves de estructura ultraligera y se modifica el registro de aeronaves privadas no mercantiles.
1983-04-11,86,1,BOE-A-1983-49980,PRESIDENCIA DEL GOBIERNO,estatal,Real Decreto,9770,9795,"Real Decreto 3936/1982, de 29 de diciembre, sobre traspaso de funciones y servicios de la Administración del Estado a la Comunidad Autónoma de Andalucía en materia de educación. (Continuación.)"
1983-04-11,86,1,BOE-A-1983-9700,PRESIDENCIA DEL GOBIERNO,estatal,Instrucción o circular,9795,9796,"Circular 3/1983, de 5 de marzo, de la Dirección General del ente público Radiotelevisión Española, sobre delegación de atribuciones en la Secretaría General de dicho ente."
1983-04-11,86,1,BOE-A-1983-9701,MINISTERIO DE DEFENSA,estatal,Orden,9796,9796,"Orden 32/1983, de 24 de marzo, por la que se modifica la 1061/1977, de 7 de septiembre, sobre delegación de facultades del Ministro de Defensa en el Almirante Jefe del Estado Mayor de la Armada."
1983-04-12,87,1,BOE-A-1983-49981,PRESIDENCIA DEL GOBIERNO,estatal,Real Decreto,9867,9889,"Real Decreto 3936/1982, de 29 de diciembre, sobre traspaso de funciones y servicios de la Administración del Estado a la Comunidad Autónoma de Andalucía en materia de educación. (Conclusión.)"
1983-04-12,87,1,BOE-A-1983-9785,PRESIDENCIA DEL GOBIERNO,estatal,Corrección,9889,9889,"Corrección de errores del Real Decreto 3317/1982, de 24 de julio, sobre traspaso de funciones y servicios de la Administración del Estado a la Comunidad Autónoma de Galicia, en materia de carreteras."
1983-04-12,87,1,BOE-A-1983-9786,PRESIDENCIA DEL GOBIERNO,estatal,Corrección,9890,9890,"Corrección de errores del Real Decreto 686/1983, de 30 de marzo, por el que se modifica la composición del Consejo Superior de Estadística y la estructura orgánica de la Dirección General de Esdística."
1983-04-12,87,1,BOE-A-1983-9787,MINISTERIO DE ECONOMÍA Y HACIENDA,estatal,Orden,9890,9907,Orden de 28 de febrero de 1983 por la que se aprueba el modelo de declaración del Impuesto sobre Sociedades para el ejercicio 1982.
1983-04-12,87,1,BOE-A-1983-9788,MINISTERIO DE ECONOMÍA Y HACIENDA,estatal,Orden,9908,9908,Orden de 23 de marzo de 1983 por la que se modifica la desgravación fiscal a la exportación de determinados productos.
1983-04-12,87,1,BOE-A-1983-9789,MINISTERIO DE ECONOMÍA Y HACIENDA,estatal,Orden,9908,9908,Orden de 25 de marzo de 1983 por la que se dan normas para la tributación por Licencia Fiscal de Actividades Profesionales y de Artistas de los Agentes de seguros afectos.
1983-04-12,87,1,BOE-A-1983-9790,MINISTERIO DE ECONOMÍA Y HACIENDA,estatal,Resolución,9908,9919,"Resolución de 28 de febrero de 1983, de la Dirección General de Tributos, sobre instrucciones para la declaración y autoliquidación del Impuesto sobre Sociedades."
1983-04-12,87,1,BOE-A-1983-9791,MINISTERIO DE TRABAJO Y SEGURIDAD SOCIAL,estatal,Orden,9920,9922,"Orden de 8 de abril de 1983 por la que se dictan normas para la aplicación y desarrollo del Real Decreto 666/1983, de 25 de marzo, por el que se regula un sistema de aplazamiento y fraccionamiento de pago de las cuotas de la Seguridad Social y de las de Desempleo, Fondo de Garantía Salarial y Formación Profesional."
1983-04-13,88,1,BOE-A-1983-9905,TRIBUNAL CONSTITUCIONAL,estatal,Resolución judicial,10046,10046,"Conflicto positivo de competencia número 197/1983, planteado por el Gobierno Vasco frente al Gobierno de la Nación, respecto de Resolución de la Dirección General de Cooperativas de 26 de noviembre de 1982."
1983-04-13,88,1,BOE-A-1983-9906,TRIBUNAL CONSTITUCIONAL,estatal,Resolución judicial,10046,10046,"Conflicto positivo de competencia número 194/1983, planteado por el Gobierno de la Nación frente al Decreto del Gobierno Vasco 205/1982, de 2 de noviembre."
1983-04-13,88,1,BOE-A-1983-9907,PRESIDENCIA DEL GOBIERNO,estatal,Corrección,10046,10046,"Corrección de errores del Real Decreto 686/1983, de 30 de marzo, por el que se modifica la composición del Consejo Superior de Estadística y la estructura orgánica de la Dirección General de Esdística."
1983-04-13,88,1,BOE-A-1983-9908,MINISTERIO DE ASUNTOS EXTERIORES,estatal,Tratado o acuerdo internacional,10046,10048,"Acuerdo complementario de 1 de julio de 1982, de cooperación técnica entre el Gobierno de España y el Gobierno de la República Dominicana, en materia de desarrollo integral de asentamientos de campesinos, regadío y capacitación y protocolo anexo, firmado en Santo Domingo el día 1 de julio de 1982."
1983-04-13,88,1,BOE-A-1983-9909,MINISTERIO DE DEFENSA,estatal,Corrección,10049,10049,"Corrección de erratas de la Orden 25/1983, de 17 de marzo, por la que se modifica la actual división sectorial de las Regiones Aéreas y se refunde y actualiza la normativa existente sobre funciones y atribuciones de los Jefes de Sector Aéreo, Comandantes militares aéreos y Comandantes aéreos."
1983-04-13,88,1,BOE-A-1983-9910,MINISTERIO DE ECONOMÍA Y HACIENDA,estatal,Corrección,10049,10049,"Corrección de errores del Real Decreto 677/1983, de 25 de marzo, por el que se modifica la dotación mínima de capital de Bancos filiales y de Sucursales de Bancos extranjeros en España."
1983-04-13,88,1,BOE-A-1983-9911,MINISTERIO DE ECONOMÍA Y HACIENDA,estatal,Orden,10049,10049,Orden de 22 de marzo de 1983 sobre tratamiento de las diferencias de cambio por operaciones en divisas.
1983-04-13,88,1,BOE-A-1983-9912,MINISTERIO DE ECONOMÍA Y HACIENDA,estatal,Orden,10049,10050,Orden de 22 de marzo de 1983 sobre aplicación de la provisión por insolvencias a las Entidades financieras sometidas a la tutela administrativa del Banco de España.
1983-04-13,88,1,BOE-A-1983-9913,"MINISTERIO DE AGRICULTURA, PESCA Y ALIMENTACIÓN",estatal,Corrección,10050,10050,"Corrección de erratas de la Resolución de 28 de marzo de 1983, de la Dirección del Instituto Nacional para la Conservación de la Naturaleza, por la que se fijan los períodos hábiles de pesca y normas relacionadas con la misma en las aguas continentales."
1983-04-13,88,1,BOE-A-1983-9914,"MINISTERIO DE TRANSPORTES, TURISMO Y COMUNICACIONES",estatal,Orden,10050,10050,"Orden de 12 de abril de 1983 que modifica la Disposición transitoria de la Orden de 29 de diciembre de 1982, por la que se desarrolla el Real Decreto 2945/1982, de 4 de junio, sobre compensación al transporte de mercancías con origen o destino en las islas Canarias."
1983-04-14,89,1,BOE-A-1983-10140,PRESIDENCIA DEL GOBIERNO,estatal,Real Decreto,10235,10235,"Real Decreto 736/1983, de 30 de marzo, sobre medidas complementarias de reconversión del sector de construcción naval."
1983-04-14,89,1,BOE-A-1983-10141,PRESIDENCIA DEL GOBIERNO,estatal,Real Decreto,10235,10235,"Real Decreto 737/1983, de 30 de marzo, por el que se modifica parcialmente el Real Decreto 1545/1982, de 9 de julio, sobre concesión de créditos y avales a las Empresas acogidas a planes de reconversión."
1983-04-14,89,1,BOE-A-1983-10142,MINISTERIO DE ECONOMÍA Y HACIENDA,estatal,Orden,10236,10236,Orden de 13 de abril de 1983 sobre depósitos obligatorios remunerados de los Bancos y Cajas de Ahorro en el Banco de España.
1983-04-14,89,1,BOE-A-1983-10143,MINISTERIO DEL INTERIOR,estatal,Real Decreto,10236,10236,"Real Decreto 738/1983, de 23 de febrero, por el que se modifican determinados preceptos del Real Decreto 629/1978, de 10 de marzo, sobre Vigilantes Jurados de Seguridad."
1983-04-14,89,1,BOE-A-1983-10144,MINISTERIO DEL INTERIOR,estatal,Real Decreto,10236,10238,"Real Decreto 739/1983, de 9 de marzo, por el que se modifican algunos artículos del Reglamento de Armas."
1983-04-14,89,1,BOE-A-1983-10145,MINISTERIO DEL INTERIOR,estatal,Real Decreto,10238,10238,"Real Decreto 740/1983, de 30 de marzo, por el que se regula la licencia de armas correspondiente a los miembros de la Policía de las Comunidades Autónomas y de las Entidades Locales."
1983-04-14,89,1,BOE-A-1983-10146,MINISTERIO DE TRABAJO Y SEGURIDAD SOCIAL,estatal,Resolución,10238,10238,"Resolución de 8 de abril de 1983, del Subsecretario de Trabajo y Seguridad Social, sobre actuación de la Inspección de Trabajo en relación a los afectados por el síndrome tóxico."
1983-04-14,89,5,BOE-A-1983-10268,CANTABRIA,autonómico,Ley,10303,10306,"Ley 2/1982, de 4 de octubre, del Régimen Jurídico del Estatuto Personal, Atribuciones y Organización del Presidente de la Diputación Regional de Cantabria y de su Consejo de Gobierno."
1983-04-14,89,5,BOE-A-1983-10269,CANTABRIA,autonómico,Ley,10306,10307,"Ley 3/1982, de 4 de octubre, de Presupuestos Generales de la Comunidad Autónoma de Cantabria para 1982."
1983-04-15,90,1,BOE-A-1983-10271,JEFATURA DEL ESTADO,estatal,Otras,10335,10336,"Instrumento de ratificación de 24 de marzo de 1982 del Convenio entre España y la República de Austria sobre asistencia mutua administrativa en materia de aduanas, hecho en Madrid el 12 de febrero de 1982."
1983-04-15,90,1,BOE-A-1983-10272,PRESIDENCIA DEL GOBIERNO,estatal,Real Decreto,10336,10337,"Real Decreto 755/1983, de 13 de abril, por el que se establecen normas para garantizar la prestación de servicios mínimos en los Puertos."
1983-04-15,90,1,BOE-A-1983-10273,PRESIDENCIA DEL GOBIERNO,estatal,Corrección,10337,10337,Corrección de errores de la Orden de 15 de marzo de 1983 por la que se da nueva regulación a las unidades de valoración del Plan Nacional para el Síndrome Tóxico.
1983-04-15,90,1,BOE-A-1983-10274,MINISTERIO DE ASUNTOS EXTERIORES,estatal,Real Decreto,10337,10337,"Real Decreto 756/1983, de 30 de marzo, por el que se suprime la Embajada de España ante la Organización Internacional del Trabajo, con sede en Ginebra."
1983-04-15,90,1,BOE-A-1983-10275,MINISTERIO DE ECONOMÍA Y HACIENDA,estatal,Real Decreto,10337,10337,"Real Decreto 757/1983, de 25 de marzo, por el que se modifica el Impuesto de Compensación de Gravámenes Interiores aplicable a la importación de maíz."
1983-04-15,90,1,BOE-A-1983-10276,MINISTERIO DE ECONOMÍA Y HACIENDA,estatal,Instrucción o circular,10337,10367,"Circular número 885 de 24 de enero de 1983, de la Dirección General de Aduanas e Impuestos Especiales, sobre asignación y rectificación de claves estadísticas."
1983-04-15,90,1,BOE-A-1983-10277,MINISTERIO DEL INTERIOR,estatal,Real Decreto,10367,10367,"Real Decreto 758/1983, de 30 de marzo, por el que se deroga el Real Decreto 2521/1982, de 1 de octubre, sobre formación de Tenientes del Cuerpo de Policía Nacional."
1983-04-15,90,1,BOE-A-1983-10278,MINISTERIO DEL INTERIOR,estatal,Real Decreto,10367,10368,"Real Decreto 759/1983, de 30 de marzo, por el que se deroga el Real Decreto 2522/1982, de 1 de octubre, sobre formación y perfeccionamiento de los funcionarios del Cuerpo Superior de Policía."
1983-04-15,90,1,BOE-A-1983-10279,MINISTERIO DEL INTERIOR,estatal,Real Decreto,10368,10369,"Real Decreto 760/1983, de 30 de marzo, por el que se regula el nombramiento y el ejercicio de las funciones de los Guardas Jurados de explosivos."
1983-04-15,90,1,BOE-A-1983-10280,MINISTERIO DEL INTERIOR,estatal,Orden,10369,10369,Orden de 18 de marzo de 1983 por la que se delegan determinadas atribuciones del Ministro del Interior en el Director general de Política Interior y en los Gobernadores civiles y Delegados del Gobierno en Ceuta y Melilla.
1983-04-15,90,1,BOE-A-1983-10281,MINISTERIO DE OBRAS PÚBLICAS Y URBANISMO,estatal,Orden,10369,10370,Orden de 8 de abril de 1983 sobre sustitución de funciones en la Confederación Hidrográfica del Guadalquivir.
1983-04-15,90,1,BOE-A-1983-10282,MINISTERIO DE TRABAJO Y SEGURIDAD SOCIAL,estatal,Orden,10370,10370,Orden de 7 de abril de 1983 por la que se fijan las aportaciones al régimen especial de la Seguridad Social de los Toreros que corresponden ingresar a los organizadores de espectáculos taurinos durante 1983.
1983-04-15,90,1,BOE-A-1983-10283,MINISTERIO DE TRABAJO Y SEGURIDAD SOCIAL,estatal,Corrección,10370,10370,"Corrección de errores de la Orden de 16 de marzo de 1983 por la que se establecen las condiciones que han de reunir las Empresas Protegidas, los Centros Especiales de Empleo y los Centros Especiales de Iniciación Productiva para obtener la calificación e inscripción en el Registro correspondiente de la Secretaría General de la Unidad Administradora del Fondo Nacional de Protección al Trabajo y para ratificar la situación registral de las Empresas Protegidas y Centros Especiales de Empleo ya inscritos."
1983-04-15,90,1,BOE-A-1983-10284,MINISTERIO DE INDUSTRIA Y ENERGÍA,estatal,Orden,10370,10371,"Orden de 8 de abril de 1983 por la que se establecen especialidades de los carnés profesionales de Instalador y Mantenedor-Reparador de instalaciones de calefacción, climatización y agua caliente sanitaria, y se fija el número mínimo de horas para desarrollar los programas de los cursos teórico-prácticos sobre temas de conocimientos técnicos y de conocimientos específicos para la obtención de los mismos."
1983-04-15,90,1,BOE-A-1983-10285,MINISTERIO DE INDUSTRIA Y ENERGÍA,estatal,Orden,10371,10371,Orden de 8 de abril de 1983 por la que se determina la potencia a considerar por provincias peninsulares a los efectos de distribución del canon sobre la producción de energía eléctrica para el año 1983.
1983-04-16,91,1,BOE-A-1983-10521,JEFATURA DEL ESTADO,estatal,Otras,10522,10523,"Instrumento de Ratificación de 16 de septiembre de 1982 del Acuerdo de Mutua Asistencia Administrativa entre el Reino de España y la República de Italia para la prevención y represión de infracciones aduaneras, hecho en Madrid el 1 de diciembre de 1980."
1983-04-16,91,1,BOE-A-1983-10522,PRESIDENCIA DEL GOBIERNO,estatal,Corrección,10523,10523,"Corrección de errores del Real Decreto 4111/1982, de 29 de diciembre, de traspaso de funciones y servicios del Estado a la Comunidad Autónoma de la región de Murcia en materia de reforma de estructuras comerciales y comercio interior."
1983-04-16,91,1,BOE-A-1983-10523,MINISTERIO DE ECONOMÍA Y HACIENDA,estatal,Real Decreto,10524,10524,"Real Decreto 777/1983, de 9 de marzo, por el que se aprueba la Resolución-tipo para la construcción, en régimen de fabricación mixta, de autobuses para el transporte de viajeros, de capacidad máxima autorizada de 128 personas (P. A. 87.02 A.I.a)."
1983-04-16,91,1,BOE-A-1983-10524,MINISTERIO DE ECONOMÍA Y HACIENDA,estatal,Orden,10524,10527,Orden de 14 de abril de 1983 sobre fijación del derecho compensatorio variable para la importación de productos sometidos a este régimen.
1983-04-16,91,1,BOE-A-1983-10525,MINISTERIO DE ECONOMÍA Y HACIENDA,estatal,Orden,10527,10529,Orden de 14 de abril de 1983 sobre fijación del derecho regulador para la importación de productos sometidos a este régimen.
1983-04-16,91,1,BOE-A-1983-10526,MINISTERIO DE OBRAS PÚBLICAS Y URBANISMO,estatal,Orden,10529,10549,Orden de 8 de marzo de 1983 por la que se aprueba la Norma Tecnológica de la Edificación NTE-CCP «Cimentaciones. Contenciones. Pantallas».
1983-04-16,91,1,BOE-A-1983-10527,MINISTERIO DE OBRAS PÚBLICAS Y URBANISMO,estatal,Resolución,10550,10550,"Resolución de 30 de marzo de 1983, de la Dirección General del Instituto para la Promoción Pública de la Vivienda, por la que se delegan competencias en el Secretario general y Subdirectores generales."
1983-04-16,91,1,BOE-A-1983-10528,MINISTERIO DE TRABAJO Y SEGURIDAD SOCIAL,estatal,Orden,10550,10551,Orden de 6 de abril de 1983 por la que se dictan normas a efectos de control de la situación de Incapacidad Laboral Transitoria en el sistema de la Seguridad Social.
1983-04-16,91,1,BOE-A-1983-10529,MINISTERIO DE INDUSTRIA Y ENERGÍA,estatal,Orden,10551,10553,Orden de 8 de abril de 1983 por la que se dan normas para la determinación del rendimiento de calderas de potencia nominal superior a 100 KW para calefacción y agua caliente sanitaria.
1983-04-16,91,1,BOE-A-1983-10530,MINISTERIO DE INDUSTRIA Y ENERGÍA,estatal,Orden,10553,10553,"Orden de 8 de abril de 1983 por la que se establecen normas para la obtención de la condición de autogenerador eléctrico para los titulares de centrales de autogeneración de energía eléctrica en explotación, de acuerdo con lo establecido en el Real Decreto 907/1982, de 2 de abril, sobre fomento de la autogeneración de energía eléctrica."
1983-04-16,91,1,BOE-A-1983-10531,MINISTERIO DE CULTURA,estatal,Corrección,10553,10553,Corrección de errores de la Orden de 1 de marzo de 1983 por la que se establece la composición y atribuciones de la Comisión Asesora de Publicaciones del Departamento.
1983-04-18,92,1,BOE-A-1983-10611,TRIBUNAL CONSTITUCIONAL,estatal,Resolución judicial,10620,10620,Planteamiento de cuestión de inconstitucionalidad número 184/83.
1983-04-18,92,1,BOE-A-1983-10612,TRIBUNAL CONSTITUCIONAL,estatal,Resolución judicial,10620,10620,"Recurso de inconstitucionalidad número 209/83, promovido por el Gobierno Vasco."
1983-04-18,92,1,BOE-A-1983-10613,CORTES GENERALES,estatal,Otras,10620,10622,"Reglamento de Organización y Funcionamiento del Defensor del Pueblo, aprobado por las Mesas del Congreso y del Senado, a propuesta del Defensor del Pueblo, en su reunión conjunta de 6 de abril de 1983."
1983-04-18,92,1,BOE-A-1983-10614,PRESIDENCIA DEL GOBIERNO,estatal,Real Decreto,10623,10623,"Real Decreto 794/1983, de 30 de marzo, sobre productos zoosanitarios y otras sustancias utilizadas en la producción animal."
1983-04-18,92,1,BOE-A-1983-10615,PRESIDENCIA DEL GOBIERNO,estatal,Corrección,10623,10623,"Corrección de errores del Real Decreto 488/1983, de 9 de marzo, por el que se dictan normas complementarias para el desarrollo de las elecciones locales y autonómicas."
1983-04-18,92,1,BOE-A-1983-10616,MINISTERIO DE ECONOMÍA Y HACIENDA,estatal,Resolución,10623,10623,"Resolución de 8 de abril de 1983, de la Dirección General del Tesoro y Política Financiera, por la que se dispone la celebración de la octava, novena, décima, undécima y duodécima subastas de Pagarés del Tesoro correspondientes a 1983."
1983-04-18,92,1,BOE-A-1983-10617,MINISTERIO DE OBRAS PÚBLICAS Y URBANISMO,estatal,Orden,10623,10623,Orden de 13 de abril de 1983 sobre sustitución de funciones en la Confederación Hidrográfica del Pirineo Oriental.
1983-04-19,93,1,BOE-A-1983-10775,PRESIDENCIA DEL GOBIERNO,estatal,Real Decreto,10715,10715,"Real Decreto 832/1983, de 16 de marzo, sobre aplicación de los beneficios previstos en la Ley 21/1982, de 9 de junio, al grupo CIESA, del sector de reconversión de electrodomésticos de línea blanca."
1983-04-19,93,1,BOE-A-1983-10776,MINISTERIO DE ASUNTOS EXTERIORES,estatal,Tratado o acuerdo internacional,10715,10725,Texto de las decisiones de la XV sesión de la Comisión Internacional Permanente para el ensayo de armas de fuego portátiles.
1983-04-19,93,1,BOE-A-1983-10777,MINISTERIO DE JUSTICIA,estatal,Real Decreto,10725,10725,"Real Decreto 833/1983, de 25 de marzo, por el que se modifican diversos artículos de los de 13 de julio de 1967 y 15 de octubre de 1982, relativos a la organización del Instituto Nacional de Toxicología."
1983-04-19,93,5,BOE-A-1983-10910,NAVARRA,autonómico,Ley,10866,10867,"Ley Foral 9/1983, de 25 de febrero, sobre normas complementarias para la ejecución de los presupuestos generales de Navarra de 1982, prorrogados."
1983-04-19,93,5,BOE-A-1983-10911,NAVARRA,autonómico,Ley,10867,10867,"Ley Foral 10/1983, de 25 de febrero, por la que se modifican los artículos 40,41,42,43, y 44 de la Norma sobre Reforma de las Haciendas Locales."
1983-04-19,93,5,BOE-A-1983-10912,NAVARRA,autonómico,Ley,10867,10867,"Ley Foral 11/1983, de 25 de febrero, sobre dotación de un crédito extraordinario de ochenta millones de pesetas para financiar una compensación económica a la Fundación Retiro Sacerdotal de Bértiz."
1983-04-19,93,5,BOE-A-1983-10913,NAVARRA,autonómico,Ley,10867,10870,"Ley Foral 12/1983, de 25 de febrero, para la exacción de la Contribución sobre las actividades agrícola y pecuaria."
1983-04-20,94,1,BOE-A-1983-10914,PRESIDENCIA DEL GOBIERNO,estatal,Orden,10912,10912,Orden de 12 de abril de 1983 por la que se crea la Asesoría Económica del Ministerio de Defensa.
1983-04-20,94,1,BOE-A-1983-10915,MINISTERIO DE ASUNTOS EXTERIORES,estatal,Tratado o acuerdo internacional,10912,10919,"Reglamento número 14 sobre prescripciones uniformes relativas a la homologación de vehículos en lo que se refiere a los anclajes de cinturones de seguridad en los automóviles de turismo, anejo al acuerdo de 20 de marzo de 1958, relativo al cumplimiento de condiciones uniformes de homologación y reconocimiento recíproco de la homologación de equipos y piezas de vehículos de motor. Revisión 1, que incorpora la serie 01 de enmiendas que entraron en vigor el 28 de abril de 1976, así como los corrigéndum 1, 2 y 3."
1983-04-20,94,5,BOE-A-1983-11158,CATALUÑA,autonómico,Ley,11055,11055,"Ley 5/1983, de 14 de marzo, que autoriza la emisión de dos mil millones de pesetas de Deuda Pública para la reestructuración del Sector de Cooperativas Agrarias de Cataluña."
1983-04-21,95,1,BOE-A-1983-11174,MINISTERIO DE ECONOMÍA Y HACIENDA,estatal,Orden,11102,11102,Orden de 25 de marzo de 1983 sobre índices de precios de mano de obra y materiales de construcción correspondientes al mes de diciembre de 1982 aplicables a la revisión de precios de contratos de obras del Estado.
1983-04-21,95,1,BOE-A-1983-11175,MINISTERIO DE INDUSTRIA Y ENERGÍA,estatal,Orden,11102,11102,Orden de 20 de abril de 1983 por la que se modifican los precios de venta al público de algunos productos petrolíferos en las áreas fuera del Monopolio de Petróleos.
1983-04-22,96,1,BOE-A-1983-11384,PRESIDENCIA DEL GOBIERNO,estatal,Real Decreto,11197,11198,"Real Decreto 873/1983, de 20 de abril, por el que se crea el Comité Organizador de la Exposición Filatélica Mundial «España-84» y demás actos conexos y se dictan normas para el desarrollo de esta muestra."
1983-04-22,96,1,BOE-A-1983-11385,PRESIDENCIA DEL GOBIERNO,estatal,Orden,11198,11198,"Orden de 21 de abril de 1983 por la que se abre nuevo plazo para la presentación de solicitudes de ayudas económicas y técnicas, a fondo perdido, a explotaciones agrícolas y a industrias y servicios de carácter familiar, en situación de crisis derivada de la afectación por el síndrome tóxico."
1983-04-22,96,1,BOE-A-1983-11386,MINISTERIO DE ASUNTOS EXTERIORES,estatal,Tratado o acuerdo internacional,11198,11223,Texto de las decisiones de la XIV sesión de la Comisión Internacional Permanente para el ensayo de armas de fuego portátiles.
1983-04-22,96,1,BOE-A-1983-11387,MINISTERIO DE ECONOMÍA Y HACIENDA,estatal,Real Decreto,11223,11225,"Real Decreto 874/1983, de 9 de febrero, por el que se aprueba la transacción entre la Comisión Liquidadora de Créditos Oficiales a la Exportación, el Consorcio de Compensación de Seguros y la «Compañía Española de Seguros de Crédito y Caución, S. A.»."
1983-04-22,96,1,BOE-A-1983-11388,MINISTERIO DE ECONOMÍA Y HACIENDA,estatal,Real Decreto,11225,11225,"Real Decreto 875/1983, de 9 de marzo, por el que se amplía la lista apéndice de bienes de equipo del Arancel de Aduanas."
1983-04-22,96,1,BOE-A-1983-11389,MINISTERIO DE ECONOMÍA Y HACIENDA,estatal,Real Decreto,11226,11226,"Real Decreto 876/1983, de 9 de marzo, por el que se prorroga la resolución tipo para la construcción, en régimen de fabricación mixta, de tractores de ruedas de potencia comprendida entre 90 y 150 CV (P. A. 87.01.A)."
1983-04-22,96,1,BOE-A-1983-11390,MINISTERIO DE ECONOMÍA Y HACIENDA,estatal,Real Decreto,11226,11226,"Real Decreto 877/1983, de 9 de marzo, por el que se prorroga la resolución tipo para la construcción, en régimen de fabricación mixta, de tractores con las cuatro ruedas motrices y potencia comprendida entre 35 y 100 CV (P. A. 87.01.A.1)."
1983-04-22,96,1,BOE-A-1983-11391,MINISTERIO DEL INTERIOR,estatal,Resolución,11226,11226,"Resolución de 17 de marzo de 1983, de la Dirección General de Tráfico, por la que se hace pública la corrección de errores detectados en el anexo 1 del Real Decreto 1467/1982, de 28 de mayo, por el que se determinan las enfermedades y deficiencias que pueden impedir la obtención o revisión de los permisos de conducción o restricciones a los mismos y las condiciones que deban reunir los certificados y reconocimientos correspondientes."
1983-04-22,96,1,BOE-A-1983-11392,"MINISTERIO DE TRANSPORTES, TURISMO Y COMUNICACIONES",estatal,Orden,11226,11226,"Orden de 13 de abril de 1983 por la que se regula la adopción de equivalencias entre la peseta, el franco oro y los derechos especiales de giro para las transacciones internacionales de los servicios de telecomunicaciones."
1983-04-23,97,1,BOE-A-1983-11599,JEFATURA DEL ESTADO,estatal,Real Decreto-ley,11387,11389,"Real Decreto-ley 3/1983, de 20 de abril, sobre incremento provisional de los haberes activos y pasivos de los funcionarios públicos."
1983-04-23,97,1,BOE-A-1983-11600,TRIBUNAL CONSTITUCIONAL,estatal,Resolución judicial,11389,11389,"Conflicto positivo de competencia planteado por el Gobierno contra el Decreto 306/1982, de 23 de julio, de la Generalidad de Cataluña, Registro número 43/83."
1983-04-23,97,1,BOE-A-1983-11601,CORTES GENERALES,estatal,Corrección,11389,11389,"Corrección de erratas del Reglamento de Organización y Funcionamiento del Defensor del Pueblo, aprobado por las Mesas del Congreso y del Senado, a propuesta del Defensor del Pueblo, en su reunión conjunta de 6 de abril de 1983."
1983-04-23,97,1,BOE-A-1983-11602,MINISTERIO DE DEFENSA,estatal,Real Decreto,11390,11390,"Real Decreto 968/1983, de 30 de marzo, por el que se modifica el articulo 31 del Real Decreto 2008/1978, de 30 de junio, que desarrolla la Ley 78/1968, de 5 de diciembre, de Escalas y ascensos en los Cuerpos de Oficiales de la Armada."
1983-04-23,97,1,BOE-A-1983-11603,MINISTERIO DE ECONOMÍA Y HACIENDA,estatal,Real Decreto,11390,11390,"Real Decreto 969/1983, de 25 de enero, por el que se bonifica la aplicación del Impuesto de Compensación de Gravámenes Interiores a la importación de mineral de hierro y hulla coquizable."
1983-04-23,97,1,BOE-A-1983-11604,MINISTERIO DE ECONOMÍA Y HACIENDA,estatal,Real Decreto,11390,11390,"Real Decreto 970/1983, de 25 de enero, por el que se bonifica el Impuesto de Compensación de Gravámenes Interiores a la Importación de mineral prerreducido."
1983-04-23,97,1,BOE-A-1983-11605,MINISTERIO DE ECONOMÍA Y HACIENDA,estatal,Real Decreto,11390,11394,"Real Decreto 971/1983, de 16 de febrero, por el que se desarrolla el título segundo de la Ley orgánica 7/1982, de 13 de julio, relativo a las infracciones administrativas de contrabando."
1983-04-23,97,1,BOE-A-1983-11606,MINISTERIO DE ECONOMÍA Y HACIENDA,estatal,Real Decreto,11394,11396,"Real Decreto 972/1983, de 2 de marzo, por el que se completa el desarrollo de la Ley 8/1981, de 21 de abril, de retribuciones de Maestros de Taller de Centros de Formación Profesional y otros Centros docentes."
1983-04-23,97,1,BOE-A-1983-11607,MINISTERIO DE ECONOMÍA Y HACIENDA,estatal,Orden,11396,11398,Orden de 21 de abril de 1983 sobre fijación del derecho compensatorio variable para la importación de productos sometidos a este régimen.
1983-04-23,97,1,BOE-A-1983-11608,MINISTERIO DE ECONOMÍA Y HACIENDA,estatal,Orden,11398,11400,Orden de 21 de abril de 1983 sobre fijación del derecho regulador para la importación de productos sometidos a este régimen.
1983-04-25,98,1,BOE-A-1983-11738,MINISTERIO DE ECONOMÍA Y HACIENDA,estatal,Corrección,11485,11485,"Corrección de erratas de la Orden de 8 de marzo de 1983 sobre autorización a las Cajas de Ahorros establecidas en las provincias de Barcelona, Gerona, Tarragona, Lérida y Huesca para conceder créditos especiales a los damnificados por las inundaciones habidas en esas provincias en 1982."
1983-04-25,98,1,BOE-A-1983-11739,"MINISTERIO DE AGRICULTURA, PESCA Y ALIMENTACIÓN",estatal,Orden,11485,11485,Orden de 19 de abril de 1983 por la que se autoriza la producción de semilla habilitada de determinadas variedades de cereales de fecundación autógama.
1983-04-26,99,1,BOE-A-1983-11935,JEFATURA DEL ESTADO,estatal,Ley Orgánica,11579,11579,"Ley Orgánica 7/1983, de 23 de abril, de reforma de los artículos 503 y 504 de la Ley de Enjuiciamiento Criminal."
1983-04-26,99,1,BOE-A-1983-11936,JEFATURA DEL ESTADO,estatal,Ley,11579,11579,"Ley 2/1983, de 23 de abril, de medidas urgentes para reparar los daños causados por las recientes inundaciones en Cataluña y Huesca."
1983-04-26,99,1,BOE-A-1983-11937,JEFATURA DEL ESTADO,estatal,Corrección,11580,11580,"Corrección de erratas del Real Decreto-ley 3/1983, sobre incremento provisional de los haberes activos y pasivos de los funcionarios públicos."
1983-04-26,99,1,BOE-A-1983-11938,MINISTERIO DE ASUNTOS EXTERIORES,estatal,Tratado o acuerdo internacional,11580,11583,"Enmiendas propuestas por el Consejo de Cooperación Aduanera a los anejos 4 y 6 del Convenio Aduanero sobre Contenedores, hecho en Ginebra el 2 de diciembre de 1972, comunicadas por el Secretario general de las Naciones Unidas el 8 de diciembre de 1981."
1983-04-26,99,1,BOE-A-1983-11939,MINISTERIO DE DEFENSA,estatal,Orden,11583,11583,"Orden 34/1983, de 14 de abril, sobre interpretación del artículo 2.º del Real Decreto-ley 6/1978, de 6 de marzo, sobre situación de los militares que tomaron parte en la guerra civil."
1983-04-26,99,1,BOE-A-1983-11940,MINISTERIO DE DEFENSA,estatal,Orden,11584,11584,"Orden 35/1983, de 19 de abril, por la que se fijan las condiciones de ingreso y ascensos del personal de las Escalas de Banda."
1983-04-26,99,1,BOE-A-1983-11941,MINISTERIO DE ECONOMÍA Y HACIENDA,estatal,Real Decreto,11584,11584,"Real Decreto 1031/1983, de 30 de marzo, por el que se prorroga la suspensión parcial de los derechos arancelarios de normal aplicación."
1983-04-26,99,1,BOE-A-1983-11942,MINISTERIO DE TRABAJO Y SEGURIDAD SOCIAL,estatal,Orden,11584,11584,"Orden de 19 de abril de 1983 por la que se dictan normas para la aplicación del Real Decreto 3325/1981, de 29 de diciembre, por el que se incorpora al Régimen Especial de la Seguridad Social de los Trabajadores por Cuenta Propia o Autónomos a los religiosos y religiosas de la Iglesia Católica."
1983-04-26,99,1,BOE-A-1983-11943,MINISTERIO DE TRABAJO Y SEGURIDAD SOCIAL,estatal,Resolución,11585,11585,"Resolución de 20 de abril de 1983, de la Secretaría General para la Seguridad Social, por la que se determina el valor del capital-coste de la pensión de jubilación, a que se refiere el apartado d) del número 1 de la disposición transitoria del Real Decreto 3325/1981, de 29 de diciembre, desarrollado por el artículo 2.º de la Orden de 19 de abril de 1983."
1983-04-26,99,1,BOE-A-1983-11944,"MINISTERIO DE AGRICULTURA, PESCA Y ALIMENTACIÓN",estatal,Orden,11585,11585,Orden de 21 de abril de 1983 por la que se fijan precios de entrada de cereales-pienso durante el mes de mayo de 1983.
1983-04-26,99,1,BOE-A-1983-11945,"MINISTERIO DE TRANSPORTES, TURISMO Y COMUNICACIONES",estatal,Orden,11585,11586,Orden de 18 de abril de 1983 sobre las condiciones en que habrá de efectuarse el embarco reglamentario para acceder a los títulos profesionales de la Marina Mercante.
1983-04-26,99,1,BOE-A-1983-11946,"MINISTERIO DE TRANSPORTES, TURISMO Y COMUNICACIONES",estatal,Orden,11586,11586,"Orden de 19 de abril de 1983 por la que se extiende a Mecánicos y Electricistas navales, la tarjeta de Identidad Profesional Marítima."
1983-04-27,100,1,BOE-A-1983-12086,MINISTERIO DE EDUCACIÓN Y CIENCIA,estatal,Resolución,11675,11678,"Resolución de 20 de abril de 1983, de la Subsecretaría, por la que se dictan instrucciones para la distribución de los Libros de Escolaridad para alumnos de Educación General Básica editados por el Ministerio de Educación y Ciencia."
1983-04-27,100,1,BOE-A-1983-12087,MINISTERIO DE TRABAJO Y SEGURIDAD SOCIAL,estatal,Corrección,11679,11679,"Corrección de erratas de la Orden de 8 de abril de 1983 por la que se dictan normas para la aplicación y desarrollo del Real Decreto 666/1983, de 25 de marzo, por el que se regula un sistema de aplazamiento y fraccionamiento de pago de las cuotas de la Seguridad Social y de las de desempleo, Fondo de Garantía Salarial y Formación Profesional."
1983-04-27,100,1,BOE-A-1983-12088,MINISTERIO DE INDUSTRIA Y ENERGÍA,estatal,Orden,11679,11679,Orden de 25 de abril de 1983 por la que se distribuye entre las explotaciones subterráneas el complemento de precio autorizado para los carbones destinados a centrales térmicas y se establece una nueva fórmula para la determinación del precio del lignito negro con el mismo destino.
1983-04-27,100,1,BOE-A-1983-12089,MINISTERIO DE INDUSTRIA Y ENERGÍA,estatal,Corrección,11679,11679,Corrección de erratas de la Orden de 14 de febrero de 1983 por la que se aprueba la Instrucción sobre documentación y puesta en servicio de las instalaciones receptoras de gas.
1983-04-27,100,5,BOE-A-1983-12191,CATALUÑA,autonómico,Ley,11801,11814,"Ley 4/1983, de 9 de marzo, de Cooperativas de Cataluña."
1983-04-27,100,5,BOE-A-1983-12214,PRINCIPADO DE ASTURIAS,autonómico,Ley,11820,11821,"Ley 1/1983, de 11 de marzo, sobre modificación de las tasas por prestación de servicios del «Boletín Oficial del Principado de Asturias» y de la provincia."
1983-04-28,101,1,BOE-A-1983-12224,MINISTERIO DE TRABAJO Y SEGURIDAD SOCIAL,estatal,Orden,11850,11851,Orden de 20 de abril de 1983 sobre delegación de competencias en determinados Organos del Departamento.
1983-04-28,101,1,BOE-A-1983-12225,MINISTERIO DE INDUSTRIA Y ENERGÍA,estatal,Corrección,11851,11851,Corrección de erratas de la Orden de 14 de febrero de 1983 por la que se aprueba la Instrucción sobre instaladores autorizados de gas y Empresas instaladoras.
1983-04-29,102,1,BOE-A-1983-12318,MINISTERIO DE ECONOMÍA Y HACIENDA,estatal,Real Decreto,11945,11945,"Real Decreto 1056/1983, de 13 de abril, sobre modificación temporal de los derechos aplicables a determinados diodos, clasificados en la subpartida 85.21.D.II.b.2 del Arancel de Aduanas."
1983-04-29,102,1,BOE-A-1983-12319,MINISTERIO DE ECONOMÍA Y HACIENDA,estatal,Orden,11945,11945,"Orden de 28 de abril de 1983 por la que se amplía el período de suscripción de la emisión de Bonos del Estado al 15,5 por 100, dispuesta por el Real Decreto 669/1983, de 25 de marzo, desarrollado por Orden del Ministerio de Economía y Hacienda de 7 de abril."
1983-04-29,102,1,BOE-A-1983-12320,MINISTERIO DE INDUSTRIA Y ENERGÍA,estatal,Orden,11945,11945,Orden de 26 de abril de 1983 sobre subvenciones al suministro interno de hulla nacional destinada a la fabricación de coque durante el segundo trimestre de 1983.
1983-04-29,102,1,BOE-A-1983-12321,"MINISTERIO DE TRANSPORTES, TURISMO Y COMUNICACIONES",estatal,Resolución,11946,11948,"Resolución de 28 de marzo de 1983, de la Delegación del Gobierno en la Compañía Telefónica Nacional de España, por la que se aprueban las tarifas correspondientes a determinados equipos y servicios complementarios y alquiler de circuitos de la Compañía Telefónica Nacional de España."
1983-04-29,102,1,BOE-A-1983-12322,"MINISTERIO DE TRANSPORTES, TURISMO Y COMUNICACIONES",estatal,Resolución,11949,11954,"Resolución de 28 de marzo de 1983, de la Delegación del Gobierno en la Compañía Telefónica Nacional de España, por la que se aprueban las tarifas correspondientes a equipos, circuitos y servicios de teleinformática y transmisión de datos."
1983-04-29,102,1,BOE-A-1983-12323,MINISTERIO DE CULTURA,estatal,Orden,11954,11954,"Orden de 19 de abril de 1983 por la que se dispone que la Sección de Turismo Juvenil (TIVE) con su Negociado de Rutas e Intercambios, del Organismo autónomo Instituto de la Juventud y Promoción Comunitaria, pasa a depender del Servicio de Ordenación de Centros y Establecimientos del mismo Organismo autónomo."
1983-04-30,103,1,BOE-A-1983-12387,PRESIDENCIA DEL GOBIERNO,estatal,Orden,12042,12048,Orden de 27 de abril de 1983 por la que se determina la estructura orgánica de la Presidencia del Gobierno
1983-04-30,103,1,BOE-A-1983-12388,MINISTERIO DE ECONOMÍA Y HACIENDA,estatal,Orden,12048,12050,Orden de 28 de abril de 1983 sobre fijación del derecho compensatorio variable para la importación de productos sometidos a este régimen.
1983-04-30,103,1,BOE-A-1983-12389,MINISTERIO DE ECONOMÍA Y HACIENDA,estatal,Orden,12050,12052,Orden de 28 de abril de 1983 sobre fijación del derecho regulador para la importación de productos sometidos a este régimen.
1983-05-02,104,1,BOE-A-1983-12475,MINISTERIO DE ECONOMÍA Y HACIENDA,estatal,Real Decreto,12139,12140,"Real Decreto 1062/1983, de 30 de marzo, por el que se modifica el anexo a la Ordenanza Fiscal reguladora de la tarifa especial del arbitrio insular a la entrada de mercancías en las islas Canarias."
1983-05-02,104,1,BOE-A-1983-12476,MINISTERIO DEL INTERIOR,estatal,Orden,12140,12140,Orden de 18 de abril de 1983 sobre expedición de título de viaje a extranjeros.
1983-05-02,104,1,BOE-A-1983-12477,MINISTERIO DEL INTERIOR,estatal,Orden,12140,12141,"Orden de 25 de abril de 1983 por la que se desarrolla el artículo 8.º del Real Decreto ley 3/1979, de 26 de enero, relativo a la venta y arrendamiento de viviendas y locales."
1983-05-02,104,1,BOE-A-1983-12478,MINISTERIO DE EDUCACIÓN Y CIENCIA,estatal,Real Decreto,12141,12141,"Real Decreto 1063/1983, de 13 de abril, sobre composición de los Tribunales de tesis doctorales."
1983-05-02,104,1,BOE-A-1983-12479,MINISTERIO DE TRABAJO Y SEGURIDAD SOCIAL,estatal,Orden,12141,12142,Orden de 26 de abril de 1983 por la que se dictan normas para facilitar el ejercicio del derecho del voto de los trabajadores a las próximas elecciones locales y autonómicas.
1983-05-02,104,1,BOE-A-1983-12480,MINISTERIO DE INDUSTRIA Y ENERGÍA,estatal,Corrección,12142,12142,"Corrección de errores de la Orden de 1 de septiembre de 1982 por la que se aprueba la Instrucción Técnica Complementaria MIE-AP7, del Reglamento de Aparatos a Presión sobre Botellas y Botellones de Gases Comprimidos, Licuados y Disueltos a Presión."
1983-05-02,104,1,BOE-A-1983-12481,"MINISTERIO DE AGRICULTURA, PESCA Y ALIMENTACIÓN",estatal,Orden,12142,12143,Orden de 22 de abril de 1983 de apoyo a instalaciones de secado de tabaco tipo «Virginia» y otras complementarias.
1983-05-02,104,1,BOE-A-1983-12482,"MINISTERIO DE AGRICULTURA, PESCA Y ALIMENTACIÓN",estatal,Orden,12143,12144,Orden de 27 de abril de 1983 sobre elecciones en Cofradías de Pescadores y sus Federaciones.
1983-05-02,104,1,BOE-A-1983-12483,MINISTERIO DE CULTURA,estatal,Orden,12144,12144,Orden de 26 de abril de 1983 por la que se subsana error material padecido en la Orden de 9 de marzo de 1983 que crea un Grupo de Trabajo y un Comité de Dirección para la reforma del Ministerio de Cultura.
1983-05-02,104,1,BOE-A-1983-12484,MINISTERIO DE ADMINISTRACIÓN TERRITORIAL,estatal,Real Decreto,12144,12145,"Real Decreto 1064/1983, de 13 de abril, por el que se aprueban las normas de traspaso de servicios del Estado a la Comunidad Autónoma de Castilla-La Mancha y funcionamiento de la Comisión Mixta prevista en la disposición transitoria quinta de su Estatuto de Autonomía."
1983-05-03,105,1,BOE-A-1983-12606,MINISTERIO DE ECONOMÍA Y HACIENDA,estatal,Orden,12239,12239,"Orden de 21 de abril de 1983 por la que se da cumplimiento a lo establecido en el artículo 7.º del Real Decreto 875/1978, de 27 de marzo, que autoriza el régimen de tráfico de perfeccionamiento activo prototipo para la importación de papel y cartón de edición por exportación de libros y otras manufacturas de artes gráficas."
1983-05-03,105,1,BOE-A-1983-12607,MINISTERIO DE ECONOMÍA Y HACIENDA,estatal,Resolución,12239,12239,"Resolución de 21 de abril de 1983, de la Dirección General de Política Arancelaria e Importación, por la que se modifican los puntos de inspección habilitados para la importación de polietileno, de acuerdo con la Orden de 4 de febrero de 1971."
1983-05-03,105,1,BOE-A-1983-12608,MINISTERIO DEL INTERIOR,estatal,Corrección,12239,12239,"Corrección de errores de la Orden de 25 de abril de 1983 por la que se desarrolla el artículo 8.º del Real Decreto-ley 3/1979, de 26 de enero, relativo a la venta y arrendamiento de viviendas y locales."
1983-05-03,105,1,BOE-A-1983-12609,MINISTERIO DE EDUCACIÓN Y CIENCIA,estatal,Resolución,12239,12240,"Resolución de 20 de abril de 1983, de la Dirección General de Enseñanzas Medias por la que se dictan instrucciones para el final del curso 1982-83."
1983-05-03,105,1,BOE-A-1983-12610,"MINISTERIO DE AGRICULTURA, PESCA Y ALIMENTACIÓN",estatal,Corrección,12240,12240,"Corrección de errores de la Resolución de 9 de marzo de 1983, de la Secretaría General de Pesca Marítima, por la que se efectúa la revisión anual del censo de la flota bacaladera al día 1 de enero del presente año."
1983-05-03,105,1,BOE-A-1983-12611,MINISTERIO DE CULTURA,estatal,Real Decreto,12240,12242,"Real Decreto 1067/1983, de 27 de abril, por el que se desarrolla el título primero de la Ley 1/1982, de 24 de febrero, regulador de las salas especiales de exhibición cinematográfica."
1983-05-03,105,1,BOE-A-1983-12612,MINISTERIO DE CULTURA,estatal,Orden,12242,12242,Orden de 20 de abril de 1983 por la que se modifica la de 3 de noviembre de 1977 que regula la Mesa de Contratación y la Junta de Compras del Departamento.
1983-05-04,106,1,BOE-A-1983-12853,PRESIDENCIA DEL GOBIERNO,estatal,Corrección,12426,12426,"Corrección de erratas del Real Decreto 873/1983, de 20 de abril, por el que se crea el Comité Organizador de la Exposición Filatélica Mundial «España-84» y demás actos conexos y se dictan normas para el desarrollo de esta muestra."
1983-05-04,106,1,BOE-A-1983-12854,PRESIDENCIA DEL GOBIERNO,estatal,Orden,12426,12426,Orden de 27 de abril de 1983 por la que se reorganiza la Comisión Interministerial encargada de la administración del Programa «Airbus».
1983-05-04,106,1,BOE-A-1983-12855,MINISTERIO DE ECONOMÍA Y HACIENDA,estatal,Orden,12426,12427,Orden de 21 de abril de 1983 por la que se establece un sistema previo de embarque de pertrechos y provisiones con el beneficio de la desgravación fiscal.
1983-05-04,106,1,BOE-A-1983-12856,MINISTERIO DE ECONOMÍA Y HACIENDA,estatal,Instrucción o circular,12427,12428,"Circular número 889, de 23 de abril de 1983, de la Dirección General de Aduanas e Impuestos Especiales sobre desgravación fiscal a la exportación. Deducción de cuotas."
1983-05-05,107,1,BOE-A-1983-12948,PRESIDENCIA DEL GOBIERNO,estatal,Real Decreto,12521,12523,"Real Decreto 1071/1983, de 16 de marzo, por el que se aprueban las normas reglamentarias de procedimiento para la ejecución de la Ley 6/1982, de 29 de marzo, por la que se conceden retribuciones básicas a los mutilados civiles de guerra y pensiones a sus causahabientes."
1983-05-05,107,1,BOE-A-1983-12949,MINISTERIO DEL INTERIOR,estatal,Orden,12523,12524,"Orden de 28 de abril de 1983 por la que se desarrolla el Real Decreto 3883/1982, de 29 de diciembre, sobre estructura y competencias de la Dirección de la Seguridad del Estado."
1983-05-05,107,1,BOE-A-1983-12950,"MINISTERIO DE TRANSPORTES, TURISMO Y COMUNICACIONES",estatal,Corrección,12524,12524,Corrección de erratas de la Orden de 25 de marzo de 1983 por la que se modifican determinadas tarifas de la Compañía Telefónica Nacional de España.
1983-05-05,107,5,BOE-A-1983-12997,CATALUÑA,autonómico,Ley,12580,12582,"Ley 6/1983, de 7 de abril, sobre residuos industriales."
1983-05-06,108,1,BOE-A-1983-13005,TRIBUNAL CONSTITUCIONAL,estatal,Resolución judicial,12619,12619,"Conflicto positivo de competencia número 392/82 (al que se halla acumulado el número 443/82, contra Orden del Departamento de Educación Vasco de 11 de mayo de 1982."
1983-05-06,108,1,BOE-A-1983-13006,PRESIDENCIA DEL GOBIERNO,estatal,Real Decreto,12619,12625,"Real Decreto 1074/1983, de 25 de marzo, por el que se aprueba la Reglamentación Técnico-Sanitaria para la elaboración, circulación y venta de las aceitunas de mesa."
1983-05-06,108,1,BOE-A-1983-13007,PRESIDENCIA DEL GOBIERNO,estatal,Orden,12625,12625,Orden de 22 de abril de 1983 por la que se constituye el Grupo de Ayuda de Emergencia al Extranjero.
1983-05-06,108,1,BOE-A-1983-13008,PRESIDENCIA DEL GOBIERNO,estatal,Orden,12625,12626,Orden de 3 de mayo de 1983 por la que se determinan las competencias de los Ministerios de Sanidad y Consumo y de Trabajo y Seguridad Social sobre el personal que presta servicios en el Instituto Nacional de la Salud.
1983-05-06,108,1,BOE-A-1983-13009,MINISTERIO DE ADMINISTRACIÓN TERRITORIAL,estatal,Real Decreto,12626,12626,"Real Decreto 1075/1983, de 4 de mayo, por el que se fija la cotización a la Mutualidad Nacional de Previsión de la Administración Local."
1983-05-07,109,1,BOE-A-1983-13178,MINISTERIO DE JUSTICIA,estatal,Real Decreto,12810,12810,"Real Decreto 1163/1983, de 30 de marzo, por el que se modifican determinados artículos del Reglamento Notarial relativos a demarcación notarial."
1983-05-07,109,1,BOE-A-1983-13179,MINISTERIO DE ECONOMÍA Y HACIENDA,estatal,Orden,12810,12813,Orden de 5 de mayo de 1983 sobre fijación del derecho compensatorio variable para la importación de productos sometidos a este régimen.
1983-05-07,109,1,BOE-A-1983-13180,MINISTERIO DE ECONOMÍA Y HACIENDA,estatal,Orden,12813,12815,Orden de 5 de mayo de 1983 sobre fijación del derecho regulador para la importación de productos sometidos a este régimen.
1983-05-07,109,1,BOE-A-1983-13181,MINISTERIO DE ECONOMÍA Y HACIENDA,estatal,Resolución,12815,12815,"Resolución de 20 de abril de 1983, de la Secretaría de Estado de Turismo, por la que se delegan en el Director general de Aduanas e Impuestos Especiales determinadas atribuciones."
1983-05-07,109,1,BOE-A-1983-13182,MINISTERIO DE EDUCACIÓN Y CIENCIA,estatal,Orden,12815,12815,Orden de 3 de mayo de 1983 por la que se modifica la de 9 de octubre de 1979 sobre los ejercicios y su calificación de las pruebas de aptitud para el acceso a la Universidad.
1983-05-07,109,1,BOE-A-1983-13183,"MINISTERIO DE TRANSPORTES, TURISMO Y COMUNICACIONES",estatal,Orden,12815,12818,"Orden de 30 de abril de 1983 por la que se completa la estructura orgánica del Ministerio de Transportes, Turismo y Comunicaciones."
1983-05-09,110,1,BOE-A-1983-13264,PRESIDENCIA DEL GOBIERNO,estatal,Real Decreto,12907,12907,"Real Decreto 1167/1983, de 27 de abril, por el que se incluye en la acción protectora por desempleo al personal contratado de colaboración temporal y a los funcionarios de empleo de las Administraciones Públicas."
1983-05-09,110,1,BOE-A-1983-13265,MINISTERIO DE JUSTICIA,estatal,Real Decreto,12907,12907,"Real Decreto 1168/1983, de 30 de marzo, sobre incremento de plantillas de personal judicial en Madrid para atender el Registro Civil unificado."
1983-05-09,110,1,BOE-A-1983-13266,MINISTERIO DE ECONOMÍA Y HACIENDA,estatal,Resolución,12907,12907,"Resolución de 5 de abril de 1983, de la Dirección General de Exportación, por la que se prorroga la autorización temporal de determinados tipos de envases para la exportación de aceite de oliva y de orujo de aceituna."
1983-05-09,110,1,BOE-A-1983-13267,MINISTERIO DE ECONOMÍA Y HACIENDA,estatal,Resolución,12907,12915,"Resolución de 28 de abril de 1983, del Instituto Nacional de Estadística, por la que se aprueban las Instrucciones técnicas por los Ayuntamientos del Padrón Municipal de Habitantes en 1983."
1983-05-09,110,1,BOE-A-1983-13268,MINISTERIO DE ECONOMÍA Y HACIENDA,estatal,Corrección,12915,12915,"Corrección de erratas de la Resolución de 20 de abril de 1983, de la Secretaría de Estado de Hacienda, por la que se delegan en el Director general de Aduanas e Impuestos Especiales determinadas atribuciones."
1983-05-09,110,1,BOE-A-1983-13269,MINISTERIO DE EDUCACIÓN Y CIENCIA,estatal,Orden,12915,12916,Orden de 3 de mayo de 1983 por la que se regula la organización y ejecución de un Plan anual de especialización y perfeccionamiento del Profesorado en su modalidad a distancia a través de la Universidad Nacional de Educación a Distancia.
1983-05-09,110,1,BOE-A-1983-13270,"MINISTERIO DE AGRICULTURA, PESCA Y ALIMENTACIÓN",estatal,Orden,12916,12916,"Orden de 19 de abril de 1983 por la que se prohíbe la importación de suinos y productos derivados de los mismos, procedentes de Italia."
1983-05-09,110,1,BOE-A-1983-13271,"MINISTERIO DE TRANSPORTES, TURISMO Y COMUNICACIONES",estatal,Corrección,12916,12916,"Corrección de errores de la Orden de 13 de abril de 1983 por la que se regula la adopción de equivalencias entre la peseta, el franco oro y los derechos especiales de giro para las transacciones internacionales de los servicios de telecomunicaciones."
1983-05-09,110,1,BOE-A-1983-13272,MINISTERIO DE CULTURA,estatal,Orden,12916,12916,Orden de 20 de abril de 1983 por la que se crea la Comisión del Patrimonio Histórico-Artístico de El Puerto de Santa María (Cádiz).
1983-05-09,110,1,BOE-A-1983-13273,MINISTERIO DE ADMINISTRACIÓN TERRITORIAL,estatal,Real Decreto,12917,12918,"Real Decreto 1169/1983, de 4 de mayo, por el que se dictan normas para la constitución de las Corporaciones Locales."
1983-05-10,111,1,BOE-A-1983-13381,MINISTERIO DE ECONOMÍA Y HACIENDA,estatal,Orden,13002,13002,Orden de 30 de marzo de 1983 sobre Delegación de atribuciones en el Director general del Instituto Nacional de Estadística para la firma de convenios con las Comunidades Autónomas en materia estadística.
1983-05-10,111,1,BOE-A-1983-13382,MINISTERIO DE EDUCACIÓN Y CIENCIA,estatal,Orden,13002,13002,Orden de 3 de mayo de 1983 por la que se establecen normas generales sobre calendario escolar universitario.
1983-05-11,112,1,BOE-A-1983-13482,MINISTERIO DE ASUNTOS EXTERIORES,estatal,Tratado o acuerdo internacional,13101,13101,"Protocolo modificativo al Acuerdo administrativo de 25 de mayo de 1971, modificado por el protocolo modificativo de 9 de abril de 1973 sobre modalidades de aplicación del Convenio entre España y el Gran Ducado de Luxemburgo sobre Seguridad Social, firmado en Luxemburgo el 24 de marzo de 1983."
1983-05-11,112,1,BOE-A-1983-13483,MINISTERIO DE ASUNTOS EXTERIORES,estatal,Resolución,13101,13109,"Resolución de 2 de mayo de 1983, de la Secretaría General Técnica, sobre la aplicación del artículo 32 del Decreto 801/1972, relativo a la ordenación de la actividad de la Administración del Estado en materia de Tratados Internacionales."
1983-05-11,112,1,BOE-A-1983-13484,MINISTERIO DE EDUCACIÓN Y CIENCIA,estatal,Real Decreto,13109,13110,"Real Decreto 1174/1983, de 27 de abril, sobre educación compensatoria."
1983-05-11,112,1,BOE-A-1983-13485,MINISTERIO DE INDUSTRIA Y ENERGÍA,estatal,Orden,13110,13110,Orden de 4 de mayo de 1983 por la que se rectifican los artículos 4.º y 5.º de la Orden de 25 de abril de 1983 por la que se distribuye entre las explotaciones subterráneas el complemento de precio autorizado para los carbones destinados a centrales térmicas y se establece una nueva fórmula para la determinación del precio del lignito negro con el mismo destino.
1983-05-11,112,1,BOE-A-1983-13486,MINISTERIO DE INDUSTRIA Y ENERGÍA,estatal,Orden,13110,13110,"Orden de 5 de mayo de 1983 por la que se modifica el apartado 9.º, a), de la Orden de 28 de julio de 1982, que desarolla el Real Decreto 1217/1981, de 10 de abril, para el fomento de la producción hidroeléctrica en pequeñas centrales."
1983-05-11,112,5,BOE-A-1983-13658,CATALUÑA,autonómico,Ley,13234,13237,"Ley 7/1983, de 18 de abril, de normalización lingüística en Cataluña."
1983-05-12,113,1,BOE-A-1983-13664,TRIBUNAL CONSTITUCIONAL,estatal,Resolución judicial,13291,13291,"Conflicto positivo de competencia número 228/83, promovido por el Gobierno Vasco contra acuerdo del Consejo de Ministros de 12 de noviembre de 1982."
1983-05-12,113,1,BOE-A-1983-13665,PRESIDENCIA DEL GOBIERNO,estatal,Orden,13291,13291,"Orden de 11 de mayo de 1983 por la que se extiende el régimen de retribuciones complementarias establecidas en el Real Decreto 3313/1981, de 18 de diciembre, al personal docente dependiente del Instituto Nacional de Empleo."
1983-05-12,113,1,BOE-A-1983-13666,MINISTERIO DE ASUNTOS EXTERIORES,estatal,Real Decreto,13291,13291,"Real Decreto 1196/1983, de 6 de mayo, por el que se amplía la disposición transitoria tercera del Real Decreto 571/1982, de 17 de marzo."
1983-05-12,113,5,BOE-A-1983-13785,CATALUÑA,autonómico,Ley,13359,13361,"Ley 8/1983, de 18 de abril, de Centros Docentes Experimentales."
1983-05-13,114,1,BOE-A-1983-13788,TRIBUNAL CONSTITUCIONAL,estatal,Resolución judicial,13385,13385,Planteamiento de cuestión de inconstitucionalidad.
1983-05-13,114,1,BOE-A-1983-13789,PRESIDENCIA DEL GOBIERNO,estatal,Orden,13385,13385,"Orden de 10 de mayo de 1983, de corrección de errores en la inserción de la Orden de 27 de abril de 1983, por la que se determina la estructura orgánica de la Presidencia del Gobierno."
1983-05-13,114,1,BOE-A-1983-13790,MINISTERIO DE TRABAJO Y SEGURIDAD SOCIAL,estatal,Resolución,13385,13385,"Resolución de 12 de abril de 1983, de la Dirección General del Instituto Nacional de Empleo, por la que se modifican las de 19 de agosto de 1982 y 17 de febrero de 1983, relativas a la colaboración entre el INEM y las Corporaciones Locales para la realización de obras y servicios."
1983-05-13,114,1,BOE-A-1983-13791,MINISTERIO DE TRABAJO Y SEGURIDAD SOCIAL,estatal,Otras,13385,13386,"Acuerdo de 10 de noviembre de 1982 sobre modalidades de aplicación de ciertos preceptos del Convenio Hispano-Andorrano, de 14 de abril de 1978, sobre Seguridad Social."
1983-05-13,114,1,BOE-A-1983-13792,MINISTERIO DE SANIDAD Y CONSUMO,estatal,Resolución,13386,13388,"Resolución de 11 de abril de 1983, de la Subsecretaría, por la que se asigna número de identificación a los aditivos alimentarios autorizados para la elaboración de alimentos."
1983-05-14,115,1,BOE-A-1983-13856,TRIBUNAL CONSTITUCIONAL,estatal,Resolución judicial,13482,13482,"Conflicto positivo de competencia número 447/1982, planteado por el Gobierno de la Nación contra el Decreto del Consejo Ejecutivo de la Generalidad de Cataluña 194/1982, de 18 de junio."
1983-05-14,115,1,BOE-A-1983-13857,TRIBUNAL CONSTITUCIONAL,estatal,Resolución judicial,13482,13482,Planteamiento de cuestión de inconstitucionalidad.
1983-05-14,115,1,BOE-A-1983-13858,MINISTERIO DE ASUNTOS EXTERIORES,estatal,Tratado o acuerdo internacional,13482,13483,"Acuerdo Complementario de 21 de enero de 1983 de Cooperación Científica entre el Gobierno de España y el Gobierno de la República de Venezuela, firmado en Caracas."
1983-05-14,115,1,BOE-A-1983-13859,MINISTERIO DE ECONOMÍA Y HACIENDA,estatal,Orden,13483,13483,Orden de 4 de marzo de 1983 por la que se establecen las funciones de los Coordinadores nacionales de los Productos de Importación.
1983-05-14,115,1,BOE-A-1983-13860,MINISTERIO DE ECONOMÍA Y HACIENDA,estatal,Orden,13483,13486,Orden de 12 de mayo de 1983 sobre fijación del derecho compensatorio variable para la importación de productos sometidos a este régimen.
1983-05-14,115,1,BOE-A-1983-13861,MINISTERIO DE ECONOMÍA Y HACIENDA,estatal,Orden,13486,13488,Orden de 12 de mayo de 1983 sobre fijación del derecho regulador para la importación de productos sometidos a este régimen.
1983-05-14,115,1,BOE-A-1983-13862,MINISTERIO DE ECONOMÍA Y HACIENDA,estatal,Orden,13488,13490,Orden de 12 de mayo de 1983 sobre liquidación de diferencias de retribuciones.
1983-05-14,115,1,BOE-A-1983-13863,MINISTERIO DE ECONOMÍA Y HACIENDA,estatal,Resolución,13490,13493,"Resolución de 13 de mayo de 1983, de la Secretaría General de Presupuestos y Gasto Público, por la que se ordena la publicación de los acuerdos del Consejo de Ministros de 4 de mayo de 1983, por los que se fijan provisionalmente las retribuciones para el año 1983 de los funcionarios públicos."
1983-05-14,115,1,BOE-A-1983-13864,MINISTERIO DE ECONOMÍA Y HACIENDA,estatal,Resolución,13494,13506,"Resolución de 13 de mayo de 1983, de la Secretaría General de Presupuestos y Gasto Público, por la que se ordena la publicación de los acuerdos del Consejo de Ministros de 11 de mayo de 1983 por los que se fijan provisionalmente las retribuciones para el año 1983 de los funcionarios públicos."
1983-05-14,115,1,BOE-A-1983-13865,MINISTERIO DE TRABAJO Y SEGURIDAD SOCIAL,estatal,Orden,13506,13515,"Orden de 9 de mayo de 1983, de desarrollo del Real Decreto 1445/1982, de 25 de junio, modificado por Real Decreto 3887/1982, de 29 de diciembre, por el que se regulan diversas medidas de fomento del empleo."
1983-05-16,116,1,BOE-A-1983-13935,MINISTERIO DE ECONOMÍA Y HACIENDA,estatal,Corrección,13578,13578,"Corrección de errores del Real Decreto 971/1983, de 16 de febrero, por el que se desarrolla el título segundo de la Ley Orgánica 7/1982, de 13 de julio, relativo a las infracciones administrativas de contrabando."
1983-05-16,116,1,BOE-A-1983-13936,MINISTERIO DE ECONOMÍA Y HACIENDA,estatal,Orden,13578,13578,"Orden de 22 de abril de 1983 por la que se modifica el punto siete de la Orden de 22 de marzo de 1982, reguladora del procedimiento para el pago a los Consorcios para la gestión e inspección de las Contribuciones Territoriales de la parte de sus gastos retenida a los Ayuntamientos."
1983-05-16,116,1,BOE-A-1983-13937,MINISTERIO DE ECONOMÍA Y HACIENDA,estatal,Orden,13578,13579,"Orden de 2 de mayo de 1983, de retirada de la circulación y posteriores tratamientos de monedas deterioradas."
1983-05-16,116,1,BOE-A-1983-13938,MINISTERIO DE ECONOMÍA Y HACIENDA,estatal,Orden,13579,13579,"Orden de 9 de mayo de 1983 por la que se dispone que el ejercicio de las funciones propias y delegadas de un Subdirector general en los casos de vacante, ausencia o enfermedad será desempeñado por el funcionario que designe el Director general entre los que ostenten la categoría orgánica de Subdirector general."
1983-05-16,116,1,BOE-A-1983-13939,MINISTERIO DE OBRAS PÚBLICAS Y URBANISMO,estatal,Real Decreto,13579,13580,"Real Decreto 1220/1983, de 27 de abril, por el que se crea la Comisión para la Planificación Hidrológica de Baleares."
1983-05-17,117,1,BOE-A-1983-14024,PRESIDENCIA DEL GOBIERNO,estatal,Real Decreto,13674,13674,"Real Decreto 1223/1983, de 4 de mayo, sobre medidas de reorganización de la Administración periférica del Estado."
1983-05-17,117,1,BOE-A-1983-14025,PRESIDENCIA DEL GOBIERNO,estatal,Real Decreto,13674,13674,"Real Decreto 1224/1983, de 4 de mayo, sobre financiación de la ayuda económica personal para adquisición de viviendas de protección oficial de promoción privada."
1983-05-17,117,1,BOE-A-1983-14026,PRESIDENCIA DEL GOBIERNO,estatal,Corrección,13675,13675,"Corrección de errores del Real Decreto 308/1983, de 25 de enero, por el que se aprueba la Reglamentación Técnico-Sanitaria de Aceites Vegetales Comestibles."
1983-05-17,117,1,BOE-A-1983-14027,"MINISTERIO DE TRANSPORTES, TURISMO Y COMUNICACIONES",estatal,Orden,13675,13676,"Orden de 4 de mayo de 1983 por la que se reestructura la Junta de Informática del Ministerio de Transportes, Turismo y Comunicaciones, se dan normas para su funcionamiento y se modifica su composición."
1983-05-17,117,1,BOE-A-1983-14028,MINISTERIO DE ADMINISTRACIÓN TERRITORIAL,estatal,Real Decreto,13676,13677,"Real Decreto 1225/1983, de 16 de marzo, por el que se aprueban las normas de traspaso de servivicios del Estado a la Comunidad Autónoma de La Rioja y funcionamiento de la Comisión Mixta prevista en la disposición transitoria octava de su Estatuto de Autonomía."
1983-05-18,118,1,BOE-A-1983-14103,PRESIDENCIA DEL GOBIERNO,estatal,Corrección,13838,13838,"Corrección de erratas del Real Decreto 665/1983, de 2 de marzo, por el que se modifican los artículos 8.º y 9.º del Decreto 644/1973, de 29 de marzo, por el que se establece la reglamentación especial para la elaboración, circulación y comercio del whisky."
1983-05-18,118,1,BOE-A-1983-14104,PRESIDENCIA DEL GOBIERNO,estatal,Orden,13838,13838,"Orden de 12 de mayo de 1983 por la que se declaran suprimidas la Junta Calificadora de Aspirantes a Destinos Civiles y la Comisión Mixta de Servicios Civiles, dependientes de la Presidencia del Gobierno."
1983-05-18,118,1,BOE-A-1983-14105,MINISTERIO DE ECONOMÍA Y HACIENDA,estatal,Real Decreto,13838,13839,"Real Decreto 1230/1983, de 4 de mayo, por el que se dispone la emisión de Deuda del Estado, interior y amortizable, por un importe, ampliable, de 25.000 millones de pesetas."
1983-05-18,118,1,BOE-A-1983-14106,MINISTERIO DE ECONOMÍA Y HACIENDA,estatal,Corrección,13839,13839,Corrección de erratas de la Orden de 12 de mayo de 1983 sobre liquidación de diferencias de retribuciones.
1983-05-18,118,1,BOE-A-1983-14107,MINISTERIO DE ECONOMÍA Y HACIENDA,estatal,Resolución,13839,13839,"Resolución de 6 de mayo de 1983, de la Dirección General de Política Arancelaria e Importación, por la que se amplían los centros de inspección habilitados para la importación de parqué-mosaico, de acuerdo con la Orden de 14 de diciembre de 1976."
1983-05-18,118,1,BOE-A-1983-14108,MINISTERIO DE ECONOMÍA Y HACIENDA,estatal,Corrección,13839,13839,"Corrección de erratas de la Resolución de 13 de mayo de 1983, de la Secretaría General de Presupuesto y Gasto Público, por la que se ordena la publicación de los acuerdos del Consejo de Ministros de 4 de mayo de 1983 por los que se fijan provisionalmente las retribuciones para el año 1983 de los funcionarios públicos."
1983-05-18,118,1,BOE-A-1983-14109,MINISTERIO DE ECONOMÍA Y HACIENDA,estatal,Corrección,13839,13839,"Corrección de erratas de la Resolución de 13 de mayo de 1983, de la Secretaría General de Presupuesto y Gasto Público, por la que se ordena la publicación de los acuerdos del Consejo de Ministros de 11 de mayo de 1983, por los que se fijan provisionalmente las retribuciones para el año 1983 de los funcionarios públicos."
1983-05-18,118,1,BOE-A-1983-14110,MINISTERIO DE INDUSTRIA Y ENERGÍA,estatal,Real Decreto,13839,13840,"Real Decreto 1231/1983, de 20 de abril, por el que se establece la sujeción a normas técnicas de los aparatos electromédicos para monitorización de la vigilancia intensiva de pacientes."
1983-05-18,118,1,BOE-A-1983-14111,MINISTERIO DE INDUSTRIA Y ENERGÍA,estatal,Orden,13840,13840,"Orden de 12 de mayo de 1983 por la que se dictan normas complementarias del Real Decreto 2967/1979, de 7 de diciembre, sobre ordenación de actividades y ciclo del combustible nuclear, referentes a la segunda parte de dicho ciclo, y se complementa la de 29 de diciembre de 1980 por la que se regula la financiación del «stock» básico de uranio."
1983-05-19,119,1,BOE-A-1983-14195,CORTES GENERALES,estatal,Resolución,13933,13933,"Resolución de 11 de mayo de 1983, del Congreso de los Diputados, por la que se ordena la publicación del acuerdo de convalidación del Real Decreto-ley 3/1983, de 20 de abril, sobre incremento provisional de los haberes activos y pasivos de los funcionarios públicos."
1983-05-19,119,1,BOE-A-1983-14196,PRESIDENCIA DEL GOBIERNO,estatal,Real Decreto,13933,13947,"Real Decreto 1234/1983, de 20 de abril, de adaptación de transferencias efectuadas a la Junta de Galicia en materia de conservación de la naturaleza."
1983-05-20,120,1,BOE-A-1983-14282,PRESIDENCIA DEL GOBIERNO,estatal,Corrección,14032,14032,"Corrección de errores del Real Decreto 664/1983, de 2 de marzo, por el que se aprueba la Reglamentación Técnico-Sanitaria para la elaboración, almacenamiento, transporte y comercialización del café."
1983-05-20,120,1,BOE-A-1983-14283,MINISTERIO DE ASUNTOS EXTERIORES,estatal,Tratado o acuerdo internacional,14032,14064,"Convenio de Amistad, Defensa y Cooperación entre el Reino de España y los Estados Unidos de América, hecho en Madrid el 2 de julio de 1982, con Convenios complementarios y anejos, así como, en relación con el artículo 4 del Convenio, texto del Convenio de Londres de 19 de junio de 1951, y protocolo al Convenio de Amistad, Defensa y Cooperación, hecho en Madrid el 24 de febrero de 1983."
1983-05-20,120,1,BOE-A-1983-14284,MINISTERIO DE ASUNTOS EXTERIORES,estatal,Otras,14064,14064,"Denuncia del Acuerdo entre el Gobierno de España y el Gobierno de la República de Guinea Ecuatorial en materia de Telecomunicación, firmado en Malabo el 5 de diciembre de 1979."
1983-05-20,120,1,BOE-A-1983-14285,MINISTERIO DE JUSTICIA,estatal,Instrucción o circular,14064,14066,"Instrucción de 16 de mayo de 1983, de la Dirección General de los Registros y del Notariado, sobre nacionalidad española."
1983-05-20,120,1,BOE-A-1983-14286,MINISTERIO DE ECONOMÍA Y HACIENDA,estatal,Real Decreto,14066,14068,"Real Decreto 1261/1983, de 27 de abril, sobre régimen de retenciones y pagos fraccionados en el Impuesto sobre la Renta de las Personas Físicas y en el Impuesto sobre Sociedades."
1983-05-20,120,1,BOE-A-1983-14287,MINISTERIO DE ECONOMÍA Y HACIENDA,estatal,Orden,14068,14070,"Orden de 18 de mayo de 1983 por la que se dispone la emisión de Deuda del Estado, interior y amortizable, al 14 por 100, por un importe de 25.000 millones de pesetas, ampliable hasta 45.000 millones."
1983-05-20,120,1,BOE-A-1983-14288,MINISTERIO DE INDUSTRIA Y ENERGÍA,estatal,Orden,14070,14070,"Orden de 17 de mayo de 1983 por la que se modifica el apartado 2º de la Orden de 28 de julio de 1982 que desarrolla el Real Decreto 1217/1981, de 10 de abril, para el fomento de la producción hidroeléctrica en pequeñas centrales."
1983-05-23,122,1,BOE-A-1983-14565,MINISTERIO DE OBRAS PÚBLICAS Y URBANISMO,estatal,Orden,14298,14298,"Orden de 17 de mayo de 1983 por la que se fijan los precios de venta de las viviendas sociales para el trimestre natural de abril, mayo y junio de 1983."
1983-05-23,122,1,BOE-A-1983-14566,MINISTERIO DE INDUSTRIA Y ENERGÍA,estatal,Resolución,14298,14299,"Resolución de 13 de mayo de 1983, de la Dirección General de Minas, por la que se dictan instrucciones para el desarrollo y ejecución de la Orden de 25 de abril de 1983, para el abono del complemento de precios al carbón producido por Empresas mineras abastecedoras de centrales térmicas y con explotaciones subterráneas."
1983-05-24,123,1,BOE-A-1983-14672,TRIBUNAL CONSTITUCIONAL,estatal,Resolución judicial,14394,14394,"Recurso de inconstitucionalidad número 310/83 promovido por el Parlamento de Canarias contra el Real Decreto-ley 1/1983, de 9 de febrero."
1983-05-24,123,1,BOE-A-1983-14673,MINISTERIO DE ECONOMÍA Y HACIENDA,estatal,Orden,14394,14402,Orden de 9 de mayo de 1983 por la que se determinan los Organos competentes para la tramitación en el ámbito provincial de los expedientes de pensiones especiales derivadas de la guerra civil.
1983-05-24,123,1,BOE-A-1983-14674,MINISTERIO DE ECONOMÍA Y HACIENDA,estatal,Resolución,14403,14403,"Resolución de 12 de mayo de 1983, de la Dirección General de Exportación, por la que se modifica la relación de mercancías admitidas a régimen global de exportación."
1983-05-24,123,1,BOE-A-1983-14675,MINISTERIO DE EDUCACIÓN Y CIENCIA,estatal,Resolución,14403,14404,"Resolución de 12 de mayo de 1983, de la Subsecretaría, por la que delega en el Jefe del Servicio de Títulos la expedición de las órdenes supletorias de los títulos universitarios."
1983-05-24,123,1,BOE-A-1983-14676,MINISTERIO DE INDUSTRIA Y ENERGÍA,estatal,Resolución,14404,14404,"Resolución de 16 de mayo de 1983, de la Dirección General de la Energía, por la que se fija el valor definitivo del suplemento de precios que UNELCO debe abonar por la energía adquirida de las plantas potabilizadoras en 1982 y se establece el valor provisional que debe regir durante 1983."
1983-05-24,123,1,BOE-A-1983-14677,MINISTERIO DE CULTURA,estatal,Corrección,14404,14404,"Corrección de errores del Real Decreto 1067/1983, de 27 de abril, por el que se desarrolla el título primero de la Ley 1/1982, de 24 de febrero, regulador de las salas especiales de exhibición cinematográfica."
1983-05-25,124,1,BOE-A-1983-14752,MINISTERIO DE ECONOMÍA Y HACIENDA,estatal,Corrección,14496,14496,"Corrección de errores de la Orden de 18 de mayo de 1983 por la que se dispone la emisión de Deuda del Estado, interior y amortizable, al 14 por 100, por un importe de 25.000 millones de pesetas, ampliable hasta 45.000 millones."
1983-05-25,124,1,BOE-A-1983-14753,MINISTERIO DE EDUCACIÓN Y CIENCIA,estatal,Orden,14496,14496,"Orden de 13 de mayo de 1983 por la que se prorroga el plazo de presentación de solicitudes de ayudas institucionales para la creación, ampliación y mejora de Centros y Servicios de Educación Especial, así como el de las de funcionamiento de esos mismos Centros y Servicios."
1983-05-25,124,1,BOE-A-1983-14754,"MINISTERIO DE AGRICULTURA, PESCA Y ALIMENTACIÓN",estatal,Orden,14496,14496,Orden de 30 de abril de 1983 sobre modificación de la de 20 de noviembre de 1979 que regula la pesca con artes de cerco en el Mediterráneo.
1983-05-25,124,1,BOE-A-1983-14755,"MINISTERIO DE TRANSPORTES, TURISMO Y COMUNICACIONES",estatal,Corrección,14497,14497,"Corrección de errores de la Resolución de 28 de marzo de 1983, de la Delegación del Gobierno en la Compañía Telefónica Nacional de España, por la que se aprueban las tarifas correspondientes a equipos, circuitos y servicios de teleinformática y transmisión de datos."
1983-05-25,124,1,BOE-A-1983-14756,MINISTERIO DE ADMINISTRACIÓN TERRITORIAL,estatal,Real Decreto,14497,14497,"Real Decreto 1341/1983, de 23 de mayo, por el que se señala la fecha de actuación de las Juntas Electorales Provinciales a efectos de elecciones de las Diputaciones Provinciales."
1983-05-26,125,1,BOE-A-1983-15019,PRESIDENCIA DEL GOBIERNO,estatal,Corrección,14681,14681,"Corrección de errores del Real Decreto 667/1983, de 2 de marzo, por el que se aprueba la Reglamentación Técnico-Sanitaria para la elaboración y venta de zumos de frutas y de otros vegetales y de sus derivados."
1983-05-26,125,1,BOE-A-1983-15020,MINISTERIO DE ECONOMÍA Y HACIENDA,estatal,Instrucción o circular,14681,14681,"Circular número 890, de 7 de mayo de 1983, de la Dirección General de Aduanas e Impuestos Especiales, sobre permisos de importación temporal de automóviles de residentes en Canarias, Ceuta, Melilla o el extranjero cuando trasladan su residencia a la Península o islas Baleares."
1983-05-26,125,1,BOE-A-1983-15021,MINISTERIO DEL INTERIOR,estatal,Orden,14681,14681,"Orden de 12 de mayo de 1983 por la que se modifica la de 25 de agosto de 1982, que reorganizó los Servicios Centrales y Periféricos de la Dirección General de Tráfico."
1983-05-27,126,1,BOE-A-1983-15100,PRESIDENCIA DEL GOBIERNO,estatal,Real Decreto,14781,14781,"Real Decreto 1351/1983, de 27 de abril, por el que se prohíbe la utilización del amianto en el proceso de elaboración y tratamiento de los alimentos y productos alimentarios."
1983-05-27,126,1,BOE-A-1983-15101,PRESIDENCIA DEL GOBIERNO,estatal,Real Decreto,14781,14781,"Real Decreto 1352/1983, de 27 de abril, por el que se derogan determinados artículos del Reglamento de Centrales Lecheras y otras industrias lácteas relativos a las leches higienizada, concentrada y conservada."
1983-05-27,126,1,BOE-A-1983-15102,PRESIDENCIA DEL GOBIERNO,estatal,Real Decreto,14781,14782,"Real Decreto 1353/1983, de 27 de abril, por el que se modifica el capítulo V (Conservación de Alimentos) del Código Alimentario Español, aprobado por Decreto 2484/1967, de 21 de septiembre."
1983-05-27,126,1,BOE-A-1983-15103,PRESIDENCIA DEL GOBIERNO,estatal,Real Decreto,14782,14784,"Real Decreto 1354/1983, de 27 de abril, por el que se aprueba la Reglamentación técnico-sanitaria para la elaboración, circulación y comercio de té y derivados."
1983-05-27,126,1,BOE-A-1983-15104,PRESIDENCIA DEL GOBIERNO,estatal,Real Decreto,14784,14786,"Real Decreto 1355/1983, de 27 de abril, por el que se modifican los artículos 13 y 14 de la Reglamentación Técnico-Sanitaria para la elaboración, fabricación, circulación y comercio de productos de confitería, pastelería, bollería y repostería, aprobada por Real Decreto 2419/1978, de 19 de mayo."
1983-05-27,126,1,BOE-A-1983-15105,MINISTERIO DE ASUNTOS EXTERIORES,estatal,Tratado o acuerdo internacional,14786,14789,"Acuerdo complementario hispano-chileno para la cooperación al Centro de Investigación y Perfeccionamiento de Enseñanza Técnica (CIPET) de la Universidad Técnica «Federico Santa María» y Protocolo anejo, firmado en Santiago de Chile el 27 de diciembre de 1982."
1983-05-27,126,1,BOE-A-1983-15106,MINISTERIO DE TRABAJO Y SEGURIDAD SOCIAL,estatal,Real Decreto,14789,14789,"Real Decreto 1356/1983, de 25 de mayo, por el que se prorroga el plazo para acogerse al sistema de aplazamiento y fraccionamiento de pago de las cuotas de la Seguridad Social y de las de desempleo, fondo de garantía salarial y formación profesional, regulado por el Real Decreto 666/1983, de 25 de marzo."
1983-05-27,126,1,BOE-A-1983-15107,MINISTERIO DE CULTURA,estatal,Real Decreto,14790,14792,"Real Decreto 1357/1983, de 25 de mayo, por el que se aprueba el Reglamento para la aplicación de la Ley 11/1982, de 13 de abril, de supresión del Organismo autónomo Medios de Comunicación Social del Estado."
1983-05-27,126,1,BOE-A-1983-15108,MINISTERIO DE ADMINISTRACIÓN TERRITORIAL,estatal,Real Decreto,14793,14794,"Real Decreto 1358/1983, de 20 de abril, por el que se aprueban las normas de traspaso de funciones y servicios del Estado a la Comunidad Autónoma de Canarias y funcionamiento de la Comisión Mixta prevista en la disposición transitoria cuarta de su Estatuto de Autonomía."
1983-05-28,127,1,BOE-A-1983-15290,TRIBUNAL CONSTITUCIONAL,estatal,Resolución judicial,14968,14968,Conflicto positivo de competencia número 311/83 promovido por el Consejo Ejecutivo de la Generalidad de Cataluña en relación con la Resolución de la Dirección General de los Registros y del Notariado de 13 de enero de 1983.
1983-05-28,127,1,BOE-A-1983-15291,PRESIDENCIA DEL GOBIERNO,estatal,Real Decreto,14968,14968,"Real Decreto 1404/1983, de 13 de abril, por el que se regula la producción, intervención y precio de determinados alcoholes etílicos."
1983-05-28,127,1,BOE-A-1983-15292,PRESIDENCIA DEL GOBIERNO,estatal,Real Decreto,14968,14969,"Real Decreto 1405/1983, de 13 de abril, por el que se establecen nuevos precios de los alcoholes vínicos propiedad del FORPPA para usos de boca."
1983-05-28,127,1,BOE-A-1983-15293,MINISTERIO DE ECONOMÍA Y HACIENDA,estatal,Real Decreto,14969,14969,"Real Decreto 1406/1983, de 25 de mayo, por el que se modifica el Impuesto de Compensación de Gravámenes Interiores aplicable a la importación de maíz."
1983-05-28,127,1,BOE-A-1983-15294,MINISTERIO DE ECONOMÍA Y HACIENDA,estatal,Orden,14969,14970,Orden de 29 de abril de 1983 sobre normas de calidad para el comercio exterior de fresas.
1983-05-28,127,1,BOE-A-1983-15295,MINISTERIO DE ECONOMÍA Y HACIENDA,estatal,Orden,14970,14972,Orden de 26 de mayo de 1983 sobre fijación del derecho compensatorio variable para la importación de productos sometidos a este régimen.
1983-05-28,127,1,BOE-A-1983-15296,MINISTERIO DE ECONOMÍA Y HACIENDA,estatal,Orden,14972,14974,Orden de 26 de mayo de 1983 sobre fijación del derecho regulador para la importación de productos sometidos a este régimen.
1983-05-28,127,1,BOE-A-1983-15297,MINISTERIO DE EDUCACIÓN Y CIENCIA,estatal,Resolución,14974,14975,"Resolución de 25 de mayo de 1983, de la Dirección General de Educación Básica, por la que se dictan instrucciones y se regula el final del presente curso escolar y el comienzo del próximo y se articula el Plan de Centros."
1983-05-28,127,1,BOE-A-1983-15298,MINISTERIO DE INDUSTRIA Y ENERGÍA,estatal,Corrección,14975,14975,"Corrección de errores de la Orden de 8 de abril de 1983, sobre normas para la determinación del rendimiento de calderas de potencia nominal superior a 100 Kw para calefacción y agua caliente sanitaria."
1983-05-28,127,1,BOE-A-1983-15299,MINISTERIO DE SANIDAD Y CONSUMO,estatal,Orden,14976,14976,Orden de 20 de mayo de 1983 por la que se regulan los tratamientos con metadona.
1983-05-30,128,1,BOE-A-1983-15328,PRESIDENCIA DEL GOBIERNO,estatal,Real Decreto,15066,15066,"Real Decreto 1409/1983, de 27 de abril, por el que se estructura orgánica y funcionalmente la Dirección General de Relaciones Informativas y Sociales de la Defensa."
1983-05-30,128,1,BOE-A-1983-15329,MINISTERIO DE ECONOMÍA Y HACIENDA,estatal,Orden,15066,15070,"Orden de 20 de mayo de 1983 por la que se dictan normas para la rectificación del censo electoral de residentes (presentes y ausentes), mayores de edad, con referencia a 31 de marzo de 1983."
1983-05-30,128,1,BOE-A-1983-15330,MINISTERIO DE ECONOMÍA Y HACIENDA,estatal,Resolución,15070,15072,"Resolución de 17 de mayo de 1983, de la Dirección General de Tributos, sobre plazo para presentar las declaraciones del Impuesto sobre Sociedades por las Entidades a que se refiere el artículo quinto de la Ley 61/1978, de 27 de diciembre."
1983-05-30,128,1,BOE-A-1983-15331,"MINISTERIO DE AGRICULTURA, PESCA Y ALIMENTACIÓN",estatal,Real Decreto,15072,15076,"Real Decreto 1410/1983, de 25 de mayo, por el que se regula la campaña de cereales y leguminosas pienso 1983-84."
1983-05-31,129,1,BOE-A-1983-15437,JEFATURA DEL ESTADO,estatal,Otras,15163,15164,"Instrumento de Ratificación de 19 de noviembre de 1982 del Convenio Cultural entre el Gobierno de España y el Gobierno de la India, hecho en Madrid el 16 de septiembre de 1982."
1983-05-31,129,1,BOE-A-1983-15438,MINISTERIO DE JUSTICIA,estatal,Real Decreto,15164,15166,"Real Decreto 1415/1983, de 30 de marzo, sobre modificación del Decreto 1530/1968, de 12 de junio, por el que se aprueba el Reglamento Orgánico del Ministerio de Justicia en lo relativo a la Comisión de Asistencia Social."
1983-05-31,129,1,BOE-A-1983-15439,MINISTERIO DE JUSTICIA,estatal,Real Decreto,15166,15166,"Real Decreto 1416/1983, de 11 de mayo, por el que se revisa el número de Salas y Secciones de los Tribunales colegiados y las plantillas orgánicas del personal."
1983-05-31,129,1,BOE-A-1983-15440,MINISTERIO DE JUSTICIA,estatal,Real Decreto,15166,15166,"Real Decreto 1417/1983, de 25 de mayo, por el que se complementa la disposición transitoria del Estatuto General de los Procuradores de los Tribunales."
1983-05-31,129,1,BOE-A-1983-15441,MINISTERIO DE ECONOMÍA Y HACIENDA,estatal,Real Decreto,15166,15167,"Real Decreto 1418/1983, de 25 de mayo, por el que se prorroga el plazo de validez de los certificados expedidos por la Secretaría de la Junta Consultiva de Contratación Administrativa, al amparo de lo ordenado en la disposición transitoria segunda del Decreto 1005/1974, de 4 de abril."
1983-05-31,129,1,BOE-A-1983-15442,MINISTERIO DEL INTERIOR,estatal,Orden,15167,15167,"Orden de 28 de mayo de 1983 por la que se suspende la vigencia de la norma tercera de la Orden de 25 de abril de 1983, dictada en desarrollo del artículo 8.º del Real Decreto-ley 3/1979, de 26 de enero, relativo a la venta y arrendamiento de locales."
1983-05-31,129,1,BOE-A-1983-15443,MINISTERIO DE OBRAS PÚBLICAS Y URBANISMO,estatal,Orden,15167,15168,"Orden de 23 de mayo de 1983 por la que se modifica la clasificación sistemática de las normas tecnológicas de la edificación NTE, contenida en el anexo del Decreto 3565/1972, de 23 de diciembre."
1983-05-31,129,1,BOE-A-1983-15444,MINISTERIO DE TRABAJO Y SEGURIDAD SOCIAL,estatal,Orden,15168,15168,"Orden de 20 de mayo de 1983 por la que se regula la sustitución del Director general de la Tesorería General de la Seguridad Social en los casos de ausencia, enfermedad o vacante."
1983-05-31,129,1,BOE-A-1983-15445,MINISTERIO DE INDUSTRIA Y ENERGÍA,estatal,Real Decreto,15168,15170,"Real Decreto 1419/1983, de 13 de abril, por el que se fijan nuevas especificaciones para los diversos tipos de gasóleos."
1983-06-01,130,1,BOE-A-1983-15544,PRESIDENCIA DEL GOBIERNO,estatal,Real Decreto,15261,15264,"Real Decreto 1424/1983, de 27 de abril, por el que se aprueba la Reglamentación Técnico-Sanitaria para la obtención, circulación y venta de la sal y salmueras comestibles."
1983-06-01,130,1,BOE-A-1983-15545,MINISTERIO DE ECONOMÍA Y HACIENDA,estatal,Resolución,15264,15265,"Resolución de 18 de mayo de 1983, de la Dirección General del Tesoro y Política Financiera, por la que se hacen públicas las características esenciales de la Deuda del Estado, interior y amortizable, al 15,5 por 100, emitida en virtud de las autorizaciones contenidas en el Real Decreto 669/1983, de 25 de marzo, y Ordenes ministeriales de 7 y 28 de abril de 1983, a efectos de su contratación en las Bolsas Oficiales de Comercio."
1983-06-01,130,1,BOE-A-1983-15546,MINISTERIO DE EDUCACIÓN Y CIENCIA,estatal,Real Decreto,15265,15265,"Real Decreto 1425/1983, de 23 de mayo, por el que se deroga el Real Decreto 1275/1981, de 19 de junio, por el que se aprueba el Reglamento de selección y nombramiento de los Directores de Centros escolares públicos."
1983-06-01,130,1,BOE-A-1983-15547,MINISTERIO DE SANIDAD Y CONSUMO,estatal,Orden,15265,15266,Orden de 25 de mayo de 1983 por la que se establecen las normas para efectuar la revisión de las condiciones económicas aplicables a la asistencia sanitaria prestada con medios ajenos al Instituto Nacional de la Salud durante el año 1982.
1983-06-02,131,1,BOE-A-1983-15702,TRIBUNAL CONSTITUCIONAL,estatal,Resolución judicial,15448,15448,Planteamiento de cuestión de inconstitucionalidad.
1983-06-02,131,1,BOE-A-1983-15703,PRESIDENCIA DEL GOBIERNO,estatal,Orden,15448,15448,Orden de 23 de mayo de 1983 por la que se actualiza la composición de la Junta de Retribuciones de la Presidencia.
1983-06-02,131,1,BOE-A-1983-15704,MINISTERIO DE EDUCACIÓN Y CIENCIA,estatal,Corrección,15448,15448,"Corrección de erratas del Real Decreto 1425/1983, de 23 de mayo, por el que se deroga el Real Decreto 1275/1981, de 19 de junio, por el que se aprueba el Reglamento de selección y nombramiento de los Directores de Centros escolares públicos."
1983-06-02,131,1,BOE-A-1983-15705,MINISTERIO DE SANIDAD Y CONSUMO,estatal,Real Decreto,15448,15449,"Real Decreto 1427/1983, de 25 de mayo, por el que se crea la Comisión Coordinadora de Inspecciones Administrativas sobre Bienes y Servicios de Uso y Consumo."
1983-06-02,131,1,BOE-A-1983-15706,MINISTERIO DE SANIDAD Y CONSUMO,estatal,Resolución,15449,15449,"Resolución de 19 de mayo de 1983, de la Subsecretaría, sobre delegación de atribuciones en el Subdirector general de Centros Sanitarios Asistenciales de la Administración Institucional de la Sanidad Nacional."
1983-06-03,132,1,BOE-A-1983-15729,MINISTERIO DE ECONOMÍA Y HACIENDA,estatal,Orden,15497,15499,Orden de 1 de junio de 1983 sobre fijación del derecho compensatorio variable para la importación de productos sometidos a este régimen.
1983-06-03,132,1,BOE-A-1983-15730,MINISTERIO DE ECONOMÍA Y HACIENDA,estatal,Orden,15499,15501,Orden de 1 de junio de 1983 sobre fijación del derecho regulador para la importación de productos sometidos a este régimen.
1983-06-04,133,1,BOE-A-1983-15807,PRESIDENCIA DEL GOBIERNO,estatal,Real Decreto,15545,15546,"Real Decreto 1450/1983, de 25 de mayo, sobre estructura y funciones del Instituto de Estudios Laborales y de la Seguridad Social."
1983-06-04,133,1,BOE-A-1983-15808,PRESIDENCIA DEL GOBIERNO,estatal,Orden,15546,15547,Orden de 31 de mayo de 1983 sobre delegación de atribuciones.
1983-06-04,133,1,BOE-A-1983-15809,PRESIDENCIA DEL GOBIERNO,estatal,Resolución,15547,15547,"Resolución de 31 de mayo de 1983, de la Subsecretaría, sobre delegación de atribuciones en el Director general de Servicios."
1983-06-04,133,1,BOE-A-1983-15810,PRESIDENCIA DEL GOBIERNO,estatal,Resolución,15547,15547,"Resolución de 31 de mayo de 1983, de la Subsecretaría, sobre delegación de atribuciones en el Director general de la Función Pública."
1983-06-04,133,1,BOE-A-1983-15811,MINISTERIO DE ECONOMÍA Y HACIENDA,estatal,Orden,15547,15547,Orden de 24 de mayo de 1983 sober anuncio y puesta en circulación de título de renta fija.
1983-06-04,133,1,BOE-A-1983-15812,MINISTERIO DE EDUCACIÓN Y CIENCIA,estatal,Orden,15547,15548,Orden de 27 de mayo de 1983 por la que se regula la adaptación del Libro de Escolaridad que actualmente poseen los alumnos de Educación General Básica de todo el terrritorio español incorporados al ciclo medio en el año académico 1982-83.
1983-06-04,133,1,BOE-A-1983-15813,MINISTERIO DE TRABAJO Y SEGURIDAD SOCIAL,estatal,Real Decreto,15548,15549,"Real Decreto 1451/1983, de 11 de mayo, por el que en cumplimiento de lo previsto en la Ley 13/1982, de 7 de abril, se regula el empleo selectivo y las medidas de fomento del empleo de los trabajadores minusválidos."
1983-06-04,133,1,BOE-A-1983-15814,"MINISTERIO DE AGRICULTURA, PESCA Y ALIMENTACIÓN",estatal,Real Decreto,15550,15550,"Real Decreto 1452/1983, de 11 de mayo, por el que se modifica la composición del Consejo de Dirección del Instituto Nacional de Investigaciones Agrarias, dependiente de la Dirección General de Investigación y Capacitación Agraria."
1983-06-06,134,1,BOE-A-1983-15864,PRESIDENCIA DEL GOBIERNO,estatal,Orden,15643,15644,Orden de 27 de mayo de 1983 por la que se actualiza la composición de la Comisión Interministerial de Normalización y Homologación.
1983-06-06,134,1,BOE-A-1983-15865,MINISTERIO DEL INTERIOR,estatal,Orden,15644,15644,Orden de 28 de mayo de 1983 sobre delegación de atribuciones del Ministro del Interior en el Subsecretario del Departamento y en los Directores generales de Política Interior y Protección Civil.
1983-06-06,134,1,BOE-A-1983-15866,MINISTERIO DE TRABAJO Y SEGURIDAD SOCIAL,estatal,Orden,15644,15648,Orden de 11 de mayo de 1983 por la que se regula el régimen y funcionamiento de los órganos de participación colegiados del Instituto Social de la Marina.
1983-06-06,134,1,BOE-A-1983-15867,"MINISTERIO DE TRANSPORTES, TURISMO Y COMUNICACIONES",estatal,Orden,15648,15648,Orden de 25 de mayo de 1983 por la que se modifica el artículo 289 del Reglamento de los Servicios de Correos.
1983-06-09,137,1,BOE-A-1983-16258,PRESIDENCIA DEL GOBIERNO,estatal,Real Decreto,16025,16025,"Real Decreto 1576/1983, de 11 de mayo, de modificación del artículo 12 del Real Decreto 1276/1982, de 18 de junio, por el que se complementan las ayudas a los afectados por el síndrome tóxico."
1983-06-09,137,1,BOE-A-1983-16259,MINISTERIO DE ECONOMÍA Y HACIENDA,estatal,Real Decreto,16025,16025,"Real Decreto 1577/1983, de 23 de mayo, por el que se determinan los tipos efectivos de gravamen aplicables en el Impuesto General sobre el Tráfico de las Empresas a las ventas, entregas y transmisiones de piensos compuestos."
1983-06-09,137,1,BOE-A-1983-16260,MINISTERIO DE SANIDAD Y CONSUMO,estatal,Orden,16025,16026,Orden de 7 de junio de 1983 por la que se modifica el artículo 50 del Estatuto de Personal Auxiliar Sanitario Titulado y Auxiliar de Clínica.
1983-06-10,138,1,BOE-A-1983-16327,TRIBUNAL CONSTITUCIONAL,estatal,Resolución judicial,16123,16123,"Impugnación registrada con el número 261/1982, que hace el Gobierno contra resolución o acto de la Consejería de Política Territorial y Obras Públicas del Gobierno Vasco."
1983-06-10,138,1,BOE-A-1983-16328,TRIBUNAL CONSTITUCIONAL,estatal,Resolución judicial,16123,16123,"Recurso de inconstitucionalidad número 207/1982, interpuesto por el Presidente del Gobierno contra la Ley 1/1982, de 3 de marzo, del Parlamento de Cataluña."
1983-06-10,138,1,BOE-A-1983-16329,TRIBUNAL CONSTITUCIONAL,estatal,Resolución judicial,16123,16123,Planteamiento de cuestión de inconstitucionalidad.
1983-06-10,138,1,BOE-A-1983-16330,MINISTERIO DE ECONOMÍA Y HACIENDA,estatal,Real Decreto,16123,16124,"Real Decreto 1593/1983, de 27 de abril, por el que se autoriza al Instituto Nacional de Industria para emitir 18.000 millones de pesetas nominales en obligaciones denominadas «Obligaciones Instituto Nacional de Industria, 1.ª emisión 1983»."
1983-06-10,138,1,BOE-A-1983-16331,MINISTERIO DE ECONOMÍA Y HACIENDA,estatal,Orden,16124,16124,Orden de 28 de mayo de 1983 sobre regulación de condiciones operativas de las Entidades de Financiación.
1983-06-10,138,1,BOE-A-1983-16332,MINISTERIO DE ECONOMÍA Y HACIENDA,estatal,Resolución,16124,16124,"Resolución de 26 de mayo de 1983, de la Dirección General de Exportación, por la que se modifica la Resolución de 8 de febrero de 1983 («Boletín Oficial del Estado» número 38, del 14 de febrero)."
1983-06-10,138,5,BOE-A-1983-16452,CANARIAS,autonómico,Ley,16251,16255,"Ley 1/1983, de 14 de abril, del Gobierno y de la Administración Pública de la Comunidad Autónoma de Canarias."
1983-06-11,139,1,BOE-A-1983-16453,MINISTERIO DE ECONOMÍA Y HACIENDA,estatal,Orden,16313,16315,Orden de 9 de junio de 1983 sobre fijación del derecho compensatorio variable para la importación de productos sometidos a este régimen.
1983-06-11,139,1,BOE-A-1983-16454,MINISTERIO DE ECONOMÍA Y HACIENDA,estatal,Orden,16315,16317,Orden de 9 de junio de 1983 sobre fijación del derecho regulador para la importación de productos sometidos a este régimen.
1983-06-11,139,1,BOE-A-1983-16455,MINISTERIO DE ECONOMÍA Y HACIENDA,estatal,Corrección,16318,16318,"Corrección de errores de la Circular número 885 de 24 de enero de 1983, de la Dirección General de Aduanas e Impuestos Especiales, sobre asignación y rectificación de claves estadísticas."
1983-06-14,141,1,BOE-A-1983-16571,TRIBUNAL CONSTITUCIONAL,estatal,Resolución judicial,16506,16506,"Recurso de inconstitucionalidad número 367/1983, promovido por el Presidente del Gobierno contra la Ley 1/1983, de 18 de febrero, del Parlamento de Cataluña."
1983-06-14,141,1,BOE-A-1983-16572,MINISTERIO DE ECONOMÍA Y HACIENDA,estatal,Orden,16506,16506,"Orden de 31 de mayo de 1983 por la que se modifica el apartado tercero de la Orden de 14 de mayo de 1965, sobre la importación temporal de envases."
1983-06-14,141,1,BOE-A-1983-16573,MINISTERIO DE ECONOMÍA Y HACIENDA,estatal,Resolución,16506,16506,"Resolución de 1 de junio de 1983, de la Dirección General del Tesoro y Política Financiera, por la que se dispone la celebración de la 13, 14, 15, 16, 17, 18 y 19 subastas de pagarés del Tesoro correspondientes a 1983."
1983-06-14,141,1,BOE-A-1983-16574,MINISTERIO DE TRABAJO Y SEGURIDAD SOCIAL,estatal,Orden,16507,16510,Orden de 11 de mayo de 1983 por la que se regula la composición y funcionamiento de los órganos superiores del Instituto Social de la Marina.
1983-06-15,142,1,BOE-A-1983-16665,MINISTERIO DE ECONOMÍA Y HACIENDA,estatal,Orden,16701,16703,Orden de 6 de junio de 1983 sobre retenciones y pagos fraccionados a cuenta del Impuesto sobre la Renta de las Personas Físicas y prórroga del régimen de Estimación Objetiva Singular simplificado para el Sector Agrario.
1983-06-16,143,1,BOE-A-1983-16848,MINISTERIO DE ECONOMÍA Y HACIENDA,estatal,Resolución,16890,16890,"Resolución de 11 de mayo de 1983, de la Dirección General del Instituto Nacional de Estadística, por la que se delegan, previa la aprobación del señor Ministro, determinadas atribuciones en los Subdirectores generales de Información Estadística y Servicios Periféricos y Secretario Técnico."
1983-06-16,143,1,BOE-A-1983-16849,MINISTERIO DE TRABAJO Y SEGURIDAD SOCIAL,estatal,Real Decreto,16890,16890,"Real Decreto 1621/1983, de 27 de abril, por el que se autoriza la constitución de los Colegios Oficiales de Graduados Sociales de Jaén y Almería."
1983-06-17,144,1,BOE-A-1983-16947,PRESIDENCIA DEL GOBIERNO,estatal,Real Decreto,16986,16986,"Real Decreto 1632/1983, de 1 de junio, por el que se modifica parcialmente el Real Decreto 1108/1978, de 3 de mayo, por el que se establece la estructura orgánica del Ejército del Aire."
1983-06-17,144,1,BOE-A-1983-16948,PRESIDENCIA DEL GOBIERNO,estatal,Orden,16986,16992,Orden de 13 de junio de 1983 por la que se dan normas sobre productos zoosanitarios y otras sustancias utilizadas en la producción animal.
1983-06-17,144,1,BOE-A-1983-16949,MINISTERIO DE ECONOMÍA Y HACIENDA,estatal,Real Decreto,16992,16994,"Real Decreto 1633/1983, de 4 de mayo, por el que se amplía, prorroga y modifica la lista apéndice de bienes de equipo del Arancel de Aduanas."
1983-06-17,144,1,BOE-A-1983-16950,MINISTERIO DE ECONOMÍA Y HACIENDA,estatal,Resolución,16995,16995,"Resolución de 31 de mayo de 1983, de la Dirección General de Exportación, por la que se dictan disposiciones complementarias a la Norma de Calidad para el Comercio Exterior de Pimiento Dulce."
1983-06-17,144,1,BOE-A-1983-16951,MINISTERIO DE ECONOMÍA Y HACIENDA,estatal,Resolución,16995,16995,"Resolución de 6 de junio de 1983, de la Dirección General de Aduanas e Impuestos Especiales, por la que se implanta el sistema de doble circuito, previsto en la Orden de Hacienda de 16 de noviembre de 1971, en el aeropuerto de Alicante."
1983-06-17,144,1,BOE-A-1983-16952,MINISTERIO DE ECONOMÍA Y HACIENDA,estatal,Resolución,16995,17006,Resolución de 10 de junio de 1983 por la que se aprueba el modelo de declaración del Impuesto sobre Sociedades para los grupos de Sociedades a los que se haya concedido el régimen de tributación sobre el beneficio consolidado.
1983-06-17,144,1,BOE-A-1983-16953,MINISTERIO DE ECONOMÍA Y HACIENDA,estatal,Resolución,17007,17008,"Resolución de 16 de junio de 1983, de la Secretaría General de Presupuesto y Gasto Público, por la que se ordena la publicación del Acuerdo del Consejo de Ministros de 15 de junio de 1983 por el que se da cumplimiento a lo dispuesto en el artículo 5.º A del Real Decreto-ley 3/1983, de 20 de abril."
1983-06-17,144,1,BOE-A-1983-16954,MINISTERIO DE OBRAS PÚBLICAS Y URBANISMO,estatal,Orden,17008,17008,"Orden de 16 de junio de 1983, sobre sustitución de funciones del Delegado del Gobierno en la Comisión de Planeamiento y Coordinación del Area Metropolitana de Madrid."
1983-06-17,144,1,BOE-A-1983-16955,"MINISTERIO DE TRANSPORTES, TURISMO Y COMUNICACIONES",estatal,Real Decreto,17008,17011,"Real Decreto 1634/1983, de 15 de junio, por el que se establecen las normas de clasificación de los establecimientos hoteleros."
1983-06-18,145,1,BOE-A-1983-17038,JEFATURA DEL ESTADO,estatal,Otras,17142,17146,"Instrumento de Ratificación, de 29 de abril de 1980, del Convenio Europeo relativo al Estatuto Jurídico del Trabajador Migrante, hecho en Estrasburgo el 24 de noviembre de 1977."
1983-06-18,145,1,BOE-A-1983-17039,MINISTERIO DE ASUNTOS EXTERIORES,estatal,Tratado o acuerdo internacional,17146,17147,"Canje de Notas de 3 de enero de 1983 y 15 de febrero de 1983, constitutivo de Acuerdo entre España y Estados Unidos sobre retrocesión de la subestación de Cebreros."
1983-06-18,145,1,BOE-A-1983-17040,MINISTERIO DE JUSTICIA,estatal,Real Decreto,17147,17147,"Real Decreto 1642/1983, de 1 de junio, por el que se establecen normas para garantizar la prestación de servicios mínimos en los establecimientos penitenciarios."
1983-06-18,145,1,BOE-A-1983-17041,MINISTERIO DE ECONOMÍA Y HACIENDA,estatal,Orden,17147,17148,"Orden de 23 de mayo de 1983, sobre créditos y avales aprobados por la Comisión Delegada del Gobierno para Asuntos Económicos y propuestos por la Comisión Ejecutiva del Plan de Reconversión Textil."
1983-06-18,145,1,BOE-A-1983-17042,MINISTERIO DE ECONOMÍA Y HACIENDA,estatal,Orden,17148,17150,Orden de 16 de junio de 1983 sobre fijación del derecho compensatorio variable para la importación de productos sometidos a este régimen.
1983-06-18,145,1,BOE-A-1983-17043,MINISTERIO DE ECONOMÍA Y HACIENDA,estatal,Orden,17150,17152,Orden de 16 de junio de 1983 sobre fijación del derecho regulador para la importación de productos sometidos a este régimen.
1983-06-18,145,1,BOE-A-1983-17044,MINISTERIO DE ECONOMÍA Y HACIENDA,estatal,Resolución,17152,17155,"Resolución de 8 de junio de 1983, de la Dirección General de Tributos, por la que se corrigen errores de la de 17 de mayo."
1983-06-18,145,1,BOE-A-1983-17045,MINISTERIO DE EDUCACIÓN Y CIENCIA,estatal,Orden,17156,17157,"Orden de 14 de junio de 1983 por la que se desarrolla el Real Decreto 2639/1982, de 15 de octubre, de ordenación de la Educación Especial, en lo que se refiere a los niveles de Preescolar y Educación Básica."
1983-06-18,145,1,BOE-A-1983-17046,MINISTERIO DE INDUSTRIA Y ENERGÍA,estatal,Orden,17157,17158,"Orden de 31 de mayo de 1983 por la que se desarrolla el Real Decreto 1231/1983, de 20 de abril, que establece la sujeción a normas técnicas de los aparatos electromédicos para monitorización de la vigilancia intensiva de pacientes."
1983-06-18,145,1,BOE-A-1983-17047,"MINISTERIO DE AGRICULTURA, PESCA Y ALIMENTACIÓN",estatal,Resolución,17159,17159,"Resolución de 1 de junio de 1983, de la Dirección General de la Producción Agraria, por la que se excluyen variedades de maíz del Registro Provisional de Variedades Comerciales."
1983-06-18,145,1,BOE-A-1983-17048,"MINISTERIO DE AGRICULTURA, PESCA Y ALIMENTACIÓN",estatal,Resolución,17159,17160,"Resolución de 1 de junio de 1983, de la Dirección General de la Producción Agraria, por la que se excluyen variedades de sorgo del Registro Provisional de Variedades Comerciales."
1983-06-20,146,1,BOE-A-1983-17139,MINISTERIO DE ECONOMÍA Y HACIENDA,estatal,Real Decreto,17237,17237,"Real Decreto 1652/1983, de 25 de mayo, por el que se establecen contingentes arancelarios, libres de derechos, para la importación de los productos que se señalan en el anexo del presente Real Decreto."
1983-06-21,147,1,BOE-A-1983-17225,MINISTERIO DE ECONOMÍA Y HACIENDA,estatal,Orden,17333,17337,"Orden de 13 de junio de 1983, por la que se dictan Normas sobre cuadro marco de valores del suelo y de las construcciones, de aplicación en la revisión de los valores catastrales de los bienes de naturaleza urbana."
1983-06-21,147,1,BOE-A-1983-17226,MINISTERIO DE ECONOMÍA Y HACIENDA,estatal,Orden,17337,17337,"Orden de 20 de junio de 1983, de corrección de errores de la de 16 de junio de 1983, sobre fijación del derecho regulador para la importación de productos sometidos a este régimen."
1983-06-21,147,1,BOE-A-1983-17227,MINISTERIO DE OBRAS PÚBLICAS Y URBANISMO,estatal,Orden,17337,17337,"Orden de 13 de junio de 1983, por la que se aprueban los estudios básicos de rehabilitación de los barrios de La Trinidad y El Perchel de la ciudad de Málaga, de La Granja de San Ildefonso (Segovia), y término municipal de Sos del Rey Católico (Zaragoza), y se declaran las correspondientes Áreas de Rehabilitación Integrada."
1983-06-21,147,1,BOE-A-1983-17228,MINISTERIO DE ADMINISTRACIÓN TERRITORIAL,estatal,Real Decreto,17338,17338,"Real Decreto 1661/1983, de 20 de abril, sobre consolidación de transferencias efectuadas a la Junta de Comunidades de Castilla-La Mancha en fase preautonómica."
1983-06-22,148,1,BOE-A-1983-17280,MINISTERIO DE ASUNTOS EXTERIORES,estatal,Tratado o acuerdo internacional,17436,17439,"Reglamento número 18 sobre prescripciones uniformes relativas a la homologación de los vehículos automóviles en lo que concierne a su protección contra utilización no autorizada, anejo al acuerdo de Ginebra de 20 de marzo de 1958, relativo al cumplimiento de condiciones uniformes de homologación y reconocimiento recíproco de la homologación de equipos y piezas de vehículos de motor."
1983-06-22,148,1,BOE-A-1983-17281,MINISTERIO DE ASUNTOS EXTERIORES,estatal,Tratado o acuerdo internacional,17439,17444,"Reglamento número 51, de 20 de marzo de 1958, sobre prescripciones uniformes relativas a la homologación de los automóviles que tienen al menos cuatro ruedas, en lo que concierne al ruido; anejo al Acuerdo relativo al cumplimiento de condiciones uniformes de homologación y reconocimiento recíproco de la homologación de equipos y piezas de vehículos de motor, hecho en Ginebra."
1983-06-22,148,1,BOE-A-1983-17282,MINISTERIO DE DEFENSA,estatal,Orden,17445,17445,"Orden número 51/1983, de 15 de junio, por la que se aprueba la delegación de facultades del Secretario general para Asuntos de Personal y Acción Social en materia de contratación administrativa."
1983-06-22,148,1,BOE-A-1983-17283,MINISTERIO DE ECONOMÍA Y HACIENDA,estatal,Orden,17445,17445,Orden de 15 de junio de 1983 sobre índices de mano de obra y materiales de la construcción para los meses de enero y febrero de 1983 aplicables a la revisión de precios de contratos de obras del Estado.
1983-06-22,148,5,BOE-A-1983-17564,NAVARRA,autonómico,Ley,17590,17598,"Ley Foral 13/1983, de 30 de marzo de 1983, reguladora del Estatuto del Personal al Servicio de las Administraciones Públicas de Navarra."
1983-06-22,148,5,BOE-A-1983-17565,NAVARRA,autonómico,Ley,17598,17600,"Ley Foral 14/1983, de 30 de marzo, sobre Servicios Sociales."
1983-06-22,148,5,BOE-A-1983-17566,NAVARRA,autonómico,Ley,17601,17601,"Ley Foral 19/1983, de 8 de abril, por la que se declara la caducidad de la concesión administrativa para la construcción, conservación y explotación del denominado ""Puente de Castejón""."
1983-06-22,148,5,BOE-A-1983-17567,NAVARRA,autonómico,Ley,17601,17601,"Ley Foral 20/1983, de 8 de abril, sobre dotación de un crédito extraordinario de quince millones de pesetas para completar las ayudas de la campaña remolachera."
1983-06-22,148,5,BOE-A-1983-17568,NAVARRA,autonómico,Ley,17601,17601,"Ley Foral 18/1983, de 8 de abril, sobre aprobación de las Cuentas Generales de Navarra correspondientes al ejercicio de 1981."
1983-06-22,148,5,BOE-A-1983-17569,NAVARRA,autonómico,Ley,17601,17602,"Ley Foral 17/1983, de 8 de abril, sobre concesión de avales a empresas industriales agrarias."
1983-06-22,148,5,BOE-A-1983-17570,NAVARRA,autonómico,Ley,17602,17602,"Ley Foral 16/1983, de 8 de abril, sobre suspensión de la ley Foral número 7/1983, de ""Concesión de ayudas y reconocimiento de obligaciones por las Entidades Públicas Navarras""."
1983-06-22,148,5,BOE-A-1983-17571,NAVARRA,autonómico,Ley,17602,17602,"Ley Foral 15/1983, de 8 de abril, sobre suspensión de la Ley Foral número 6/1983 de ""Modificación del artículo 9, apartado 3, de la Norma General de Contratación""."
1983-06-23,149,1,BOE-A-1983-17574,PRESIDENCIA DEL GOBIERNO,estatal,Orden,17621,17621,"Orden de 21 de junio de 1983, por la que se modifica la de 2 de marzo de 1982, en la que se establecen normas de aplicación del Registro de Nacimientos de Reses de Lidia."
1983-06-23,149,1,BOE-A-1983-17575,MINISTERIO DE ASUNTOS EXTERIORES,estatal,Tratado o acuerdo internacional,17621,17623,"Convenio de 20 de octubre de 1972, sobre Reglamento para prevenir los abordajes, hecho en Londres. Enmiendas aprobadas el 19 de noviembre de 1981."
1983-06-23,149,1,BOE-A-1983-17576,MINISTERIO DE DEFENSA,estatal,Real Decreto,17623,17624,"Real Decreto 1671/1983, de 22 de junio, por el que se crea la Comisión de Estudios para la integración de los Cuerpos Militares de Intervención en una sola Corporación unificada."
1983-06-23,149,1,BOE-A-1983-17577,MINISTERIO DE ECONOMÍA Y HACIENDA,estatal,Orden,17624,17627,"Orden de 17 de junio de 1983 por la que se dictan normas para la elaboración de los Presupuestos Generales del Estado y de los programas de actuación, inversiones y financiación de las Sociedades estatales para el ejercicio 1984."
1983-06-23,149,1,BOE-A-1983-17578,MINISTERIO DE ECONOMÍA Y HACIENDA,estatal,Orden,17627,17628,"Orden de 20 de junio de 1983 por la que se determinan los Servicios, Secciones y Negociados que integran la estructura orgánica de los Servicios Centrales de la Dirección General del Instituto Nacional de Estadística y del Consejo Superior de Estadística."
1983-06-23,149,1,BOE-A-1983-17579,MINISTERIO DE TRABAJO Y SEGURIDAD SOCIAL,estatal,Resolución,17628,17629,"Resolución de 31 de mayo de 1983, de la Dirección General de Régimen Económico y Jurídico de la Seguridad Social, por la que se resuelven cuestiones planteadas en la aplicación de la Orden del Ministerio de Trabajo y Seguridad Social de 6 de abril de 1983."
1983-06-24,150,1,BOE-A-1983-17664,PRESIDENCIA DEL GOBIERNO,estatal,Corrección,17719,17724,"Corrección de errores del Real Decreto 4121/1982, de 29 de diciembre, sobre traspaso de funciones y servicios de la Administración del Estado a la Junta de Andalucía en materia de Gabinetes Técnicos Provinciales del Instituto Nacional de Seguridad e Higiene en el Trabajo."
1983-06-24,150,1,BOE-A-1983-17665,MINISTERIO DE ASUNTOS EXTERIORES,estatal,Tratado o acuerdo internacional,17724,17724,"Canje de Notas diplomáticas entre España y México por el que se prorroga por cuatro años el Convenio sobre Transporte Aéreo entre el Gobierno del Reino de España y el Gobierno de los Estados Unidos de México de 21 de noviembre de 1978 (publicado en el «Boletín Oficial del Estado» número 2, de 2 de enero de 1980). Las Notas española y mexicana son de fecha 8 de junio y 26 de octubre de 1982, respectivamente."
1983-06-24,150,1,BOE-A-1983-17666,MINISTERIO DE ECONOMÍA Y HACIENDA,estatal,Real Decreto,17724,17724,"Real Decreto 1678/1983, de 15 de junio, por el que se establece un contingente arancelario para la importación con derechos reducidos de automóviles nuevos de turismo, clasificados en la partida 87.02.A.I.b.1 del Arancel de Aduanas."
1983-06-24,150,1,BOE-A-1983-50021,MINISTERIO DE ECONOMÍA Y HACIENDA,estatal,Otras,17725,17734,"Anexos a la Orden de 17 de junio de 1983 por la que se dictan normas para la elaboración de los Presupuestos Generales del Estado y de los programas de actuación, inversiones y financiación de las Sociedades estatales para el ejercicio 1984 (Conclusión)."
1983-06-24,150,1,BOE-A-1983-17667,MINISTERIO DE ECONOMÍA Y HACIENDA,estatal,Orden,17734,17736,Orden de 23 de junio de 1983 sobre fijación del derecho compensatorio variable para la importación de productos sometidos a este régimen.
1983-06-24,150,1,BOE-A-1983-17668,MINISTERIO DE ECONOMÍA Y HACIENDA,estatal,Orden,17736,17738,Orden de 23 de junio de 1983 sobre fijación del derecho regulador para la importación de productos sometidos a este régimen.
1983-06-24,150,1,BOE-A-1983-17669,"MINISTERIO DE TRANSPORTES, TURISMO Y COMUNICACIONES",estatal,Real Decreto,17739,17739,"Real Decreto 1679/1983, de 25 de mayo, por el que se modifica la clausula decimoquinta del contrato vigente entre el Estado y la Compañía «Iberia, Líneas Aéreas de España, S. A.», relativa a tarifas de transporte aéreo del correo."
1983-06-24,150,1,BOE-A-1983-17670,MINISTERIO DE CULTURA,estatal,Orden,17739,17742,"Orden de 8 de junio de 1983, por la que se aprueban los Estatutos del Ballet Nacional de España y de los Teatros Nacionales de la «Zarzuela» y «María Guerrero» de Madrid, como unidades de producción coreográfica; lírica y teatral, respectivamente, del organismo autónomo «Teatros Nacionales y Festivales de España»."
1983-06-24,150,1,BOE-A-1983-17671,MINISTERIO DE SANIDAD Y CONSUMO,estatal,Orden,17743,17744,Orden de 13 de junio de 1983 por la que se regula el material e instrumental médico-quirúrgico estéril para utilizar una sola vez.
1983-06-24,150,5,BOE-A-1983-17784,NAVARRA,autonómico,Ley,17789,17791,"Ley Foral 21/1983, de 8 de abril, sobre concesión de suplementos de crédito y créditos extraordinarios para financiación de inversiones públicas en Navarra."
1983-06-24,150,5,BOE-A-1983-17785,NAVARRA,autonómico,Ley,17791,17791,"Ley Foral 22/1983, de 11 de abril, sobre crédito extraordinario para atención en materia de sanidad y de servicios sociales, destinado a subvencionar Instituciones, Patronatos y Ayuntamientos."
1983-06-25,151,1,BOE-A-1983-17786,MINISTERIO DE EDUCACIÓN Y CIENCIA,estatal,Corrección,17814,17814,"Corrección de errores de la Orden de 14 de junio de 1983 por la que se desarrolla el Real Decreto 2639/1982, de 15 de octubre, de ordenación de la Educación Especial en lo que se refiere a los niveles de Preescolar y Educación Básica."
1983-06-25,151,1,BOE-A-1983-17787,MINISTERIO DE TRABAJO Y SEGURIDAD SOCIAL,estatal,Orden,17814,17827,"Orden de 28 de mayo de 1983, sobre estructura presupuestaria de la Seguridad Social y normas de elaboración de los anteproyectos para 1984 de las Entidades Gestoras y Servicios Comunes de la Seguridad Social."
1983-06-25,151,5,BOE-A-1983-17887,NAVARRA,autonómico,Ley,17885,17889,"Ley Foral 23/1983, de 11 de abril, reguladora del Gobierno y de la administración de la Comunidad Foral de Navarra."
1983-06-25,151,5,BOE-A-1983-17888,NAVARRA,autonómico,Ley,17889,17891,"Ley Foral 24/1983, de 19 de mayo, sobre concesión de suplementos de crédito o créditos extraordinarios para gastos necesarios para el funcionamiento de los servicios de la Diputación Foral."
1983-06-25,151,5,BOE-A-1983-17889,NAVARRA,autonómico,Ley,17891,17891,"Ley Foral 25/1983, de 19 de mayo, sobre dotación de un suplemento de crédito de 45 millones de pesetas para complementar la consignación económica de la partida denominada ""Becas y Ayudas a Enseñanzas Universitarias""."
1983-06-27,152,1,BOE-A-1983-17890,JEFATURA DEL ESTADO,estatal,Ley Orgánica,17909,17919,"Ley Orgánica 8/1983, de 25 de junio, de Reforma Urgente y Parcial del Código Penal."
1983-06-27,152,1,BOE-A-1983-17891,MINISTERIO DE ECONOMÍA Y HACIENDA,estatal,Orden,17919,17919,Orden de 21 de junio de 1983 por la que se amplía hasta el 1 de julio de 1984 la aplicación del aval a las fianzas definitivas en los contratos de obras y suministros del Estado.
1983-06-27,152,1,BOE-A-1983-17892,MINISTERIO DE ECONOMÍA Y HACIENDA,estatal,Resolución,17919,17919,"Resolución de 10 de junio de 1983, de la Dirección General de Transacciones Exteriores, sobre operaciones comerciales entre países extranjeros realizadas por residentes."
1983-06-27,152,1,BOE-A-1983-17893,MINISTERIO DE TRABAJO Y SEGURIDAD SOCIAL,estatal,Resolución,17919,17919,"Resolución de 13 de junio de 1983, de la Secretaría General para la Seguridad Social, por la que se establece el procedimiento para efectuar la cotización que para el desempleo corresponde abonar a los trabajadores por cuenta ajena fijos de la Agricultura que se encuentren en situación de incapacidad laboral transitoria."
1983-06-28,153,1,BOE-A-1983-17961,PRESIDENCIA DEL GOBIERNO,estatal,Real Decreto,18006,18015,"Real Decreto 1777/1983, de 22 de junio, por el que se modifican determinadas tarifas postales y de telecomunicación."
1983-06-28,153,1,BOE-A-1983-17962,PRESIDENCIA DEL GOBIERNO,estatal,Orden,18015,18016,Orden de 14 de junio de 1983 por la que se aprueba la norma de calidad para la cuajada en el mercado interior.
1983-06-28,153,1,BOE-A-1983-17963,MINISTERIO DE ASUNTOS EXTERIORES,estatal,Corrección,18016,18017,"Corrección de erratas del Convenio de Amistad, Defensa y Cooperación entre el Reino de España y los Estados Unidos de América, hecho en Madrid el 2 de julio de 1982, con Convenios complementarios y anejos, así como, en relación con el artículo 4 del Convenio, texto del Convenio de Londres de 19 de junio de 1951 y protocolo al Convenio de Amistad, Defensa y Cooperación, hecho en Madrid el 24 de febrero de 1983."
1983-06-28,153,1,BOE-A-1983-17964,MINISTERIO DE ECONOMÍA Y HACIENDA,estatal,Instrucción o circular,18017,18025,"Circular número 891, de 31 de mayo de 1983, de la Dirección General de Aduanas e Impuestos Especiales, por la que se recopilan las disposiciones sobre tasas y exacciones parafiscales aplicables en las Aduanas."
1983-06-28,153,1,BOE-A-1983-17965,"MINISTERIO DE AGRICULTURA, PESCA Y ALIMENTACIÓN",estatal,Orden,18025,18025,Orden de 16 de junio de 1983 por la que se modifica la de prohibición de importación de suinos y productos derivados de los mismos procedentes de Italia.
1983-06-28,153,1,BOE-A-1983-17966,"MINISTERIO DE TRANSPORTES, TURISMO Y COMUNICACIONES",estatal,Orden,18025,18026,Orden de 21 de junio de 1983 por la que se determinan las condiciones para obtener el certificado de aceptación radioeléctrica de las estaciones terrenas de barco.
1983-06-29,154,1,BOE-A-1983-18035,CORTES GENERALES,estatal,Otras,18103,18108,Estatuto del personal de las Cortes Generales.
1983-06-29,154,1,BOE-A-1983-18036,PRESIDENCIA DEL GOBIERNO,estatal,Real Decreto,18108,18114,"Real Decreto 1778/1983, de 22 de junio, por el que se dictan normas para facilitar el traslado de personal y para dotar provisionalmente a las Comunidades Autónomas de los medios personales y materiales correspondientes al coste efectivo de los servicios del Estado transferidos a las mismas."
1983-06-29,154,1,BOE-A-1983-18037,MINISTERIO DE EDUCACIÓN Y CIENCIA,estatal,Orden,18114,18115,"Orden de 22 de junio de 1983 por la que se desarrolla el Real Decreto 1850/1981, de 20 de agosto, sobre integración en la Universidad de los estudios de Asistentes Sociales, como Escuelas Universitarias de Trabajo Social."
1983-06-29,154,1,BOE-A-1983-18038,MINISTERIO DE SANIDAD Y CONSUMO,estatal,Orden,18115,18115,Orden de 20 de junio de 1983 de corrección de errores de la Orden de 25 de mayo de 1983 por la que se establecen normas para efectuar la revisión de las condiciones económicas aplicables a la asistencia sanitaria prestada con medios ajenos al Instituto Nacional de la Salud durante el año 1982.
1983-06-29,154,1,BOE-A-1983-18039,MINISTERIO DE SANIDAD Y CONSUMO,estatal,Resolución,18115,18117,"Resolución de 15 de junio de 1983, de la Subcretaría, por la que se dan normas para la homologación de determinados efectos y accesorios empleados en la asistencia médico-sanitaria."
1983-06-29,154,1,BOE-A-1983-18040,MINISTERIO DE SANIDAD Y CONSUMO,estatal,Resolución,18117,18117,"Resolución de 17 de junio de 1983, de la Dirección General de Farmacia y Medicamentos, por la que se establece el procedimiento para autorizar otros métodos de esterilización del material e instrumental médico-quirúrgico distintos de los previstos en la Orden ministerial de 13 de junio de 1983."
1983-06-29,154,1,BOE-A-1983-18041,MINISTERIO DE SANIDAD Y CONSUMO,estatal,Resolución,18117,18118,"Resolución de 17 de junio de 1983, de la Dirección General de Farmacia y Medicamentos, por la que se establece el procedimiento y la documentación necesaria para la autorización de las Empresas elaboradoras e importadoras de material e instrumental médico-quirúrgico estéril para utilizar una sola vez."
1983-06-29,154,1,BOE-A-1983-18042,MINISTERIO DE SANIDAD Y CONSUMO,estatal,Resolución,18118,18119,"Resolución de 17 de junio de 1983, de la Dirección General de Farmacia y Medicamentos, por la que se establece el procedimiento y documentación necesaria para la inscripción en los Registros Farmacéuticos del material e instrumental médico-quirúrgico estéril para utilizar una sola vez."
1983-06-29,154,5,BOE-A-1983-18129,CATALUÑA,autonómico,Ley,18260,18260,"Ley 9/1983, de 30 de mayo, de autorización de la constitución del «Centro Informático de la Generalidad de Cataluña»."
1983-06-29,154,5,BOE-A-1983-18131,ANDALUCÍA,autonómico,Ley,18261,18264,"Ley 3/1983, de 1 de junio, de organización territorial de la Comunidad Autónoma de Andalucía."
1983-06-30,155,1,BOE-A-1983-18135,JEFATURA DEL ESTADO,estatal,Ley,18293,18306,"Ley 3/1983, de 29 de junio, de habilitación de créditos para regularizar anticipos de fondos y atender insuficiencias presupuestarias de ejercicios anteriores a 1983."
1983-06-30,155,1,BOE-A-1983-18136,JEFATURA DEL ESTADO,estatal,Ley,18307,18307,"Ley 4/1983, de 29 de junio, de fijación de la jornada máxima legal en cuarenta horas y de las vacaciones anuales mínimas en treinta días."
1983-06-30,155,1,BOE-A-1983-18137,JEFATURA DEL ESTADO,estatal,Ley,18307,18324,"Ley 5/1983, de 29 de junio, de medidas urgentes en materia presupuestaria, financiera y tributaria."
1983-06-30,155,1,BOE-A-1983-18138,JEFATURA DEL ESTADO,estatal,Ley,18324,18325,"Ley 6/1983, de 29 de junio, sobre medidas excepcionales para el aprovechamiento de los recursos hidráulicos, escasos a consecuencia de la prolongada sequía."
1983-06-30,155,1,BOE-A-1983-18139,JEFATURA DEL ESTADO,estatal,Ley,18325,18328,"Ley 7/1983, de 29 de junio, de expropiación por razones de utilidad pública e interés social de los Bancos y otras Sociedades que componen el Grupo «Rumasa, S. A.» (Real Decreto-ley 2/1983, de 23 de febrero)."
1983-06-30,155,1,BOE-A-1983-18140,JEFATURA DEL ESTADO,estatal,Ley,18328,18329,"Ley 8/1983, de 29 de junio, sobre medidas urgentes en materia de Organos de Gobierno de las Universidades."
1983-06-30,155,1,BOE-A-1983-18141,TRIBUNAL CONSTITUCIONAL,estatal,Resolución judicial,18329,18329,"Recurso de inconstitucionalidad número 396/83, planteado por el Parlamento Vasco contra el apartado 3.º) de la Disposición transitoria 7.ª de la Ley Orgánica 4/1983, de 25 de febrero, de Estatuto de Autonomía de Castilla-León."
1983-06-30,155,1,BOE-A-1983-18142,TRIBUNAL CONSTITUCIONAL,estatal,Resolución judicial,18329,18329,"Recurso de inconstitucionalidad número 384/83, planteado por el Gobierno Vasco contra los apartados a) y b) del punto 3 de la Disposición transitoria séptima del Estatuto de Autonomía de Castilla-León, aprobado por la Ley Orgánica 4/1983, de 25 de febrero."
1983-06-30,155,1,BOE-A-1983-18143,PRESIDENCIA DEL GOBIERNO,estatal,Orden,18329,18335,"Orden de 21 de junio de 1983 sobre características y formatos de envases de conservas vegetales, zumos vegetales y derivados y platos preparados (cocinados) esterilizados."
1983-06-30,155,1,BOE-A-1983-18144,MINISTERIO DE ECONOMÍA Y HACIENDA,estatal,Real Decreto,18335,18335,"Real Decreto 1782/1983 de 15 de junio, por el que se suspende durante el ejercicio de 1983 el Real Decreto 1193/1982, de 30 de abril, por el que se complementa el Decreto 461/1971, de 11 de marzo, sobre revisión de precios."
1983-06-30,155,1,BOE-A-1983-18145,MINISTERIO DE ECONOMÍA Y HACIENDA,estatal,Orden,18335,18335,Orden de 1 de junio de 1983 sobre ámbito territorial de las Inspecciones de los Servicios.
1983-06-30,155,5,BOE-A-1983-18199,REGIÓN DE MURCIA,autonómico,Ley,18366,18366,"Ley 4/1983, de 4 de mayo, sobre uso de la Bandera Regional de Murcia."
1983-07-01,156,1,BOE-A-1983-18200,PRESIDENCIA DEL GOBIERNO,estatal,Real Decreto,18390,18391,"Real Decreto 1787/1983, de 22 de junio, por el que se regula la campaña de carne de vacuno 1983-84."
1983-07-01,156,1,BOE-A-1983-18201,MINISTERIO DE OBRAS PÚBLICAS Y URBANISMO,estatal,Resolución,18391,18397,"Resolución de 15 de junio de 1983, de la Dirección General de Arquitectura y Vivienda, por la que se aprueban las disposiciones reguladoras del Sello INCE para yesos, escayolas, sus prefabricados y productos afines."
1983-07-01,156,1,BOE-A-1983-18202,MINISTERIO DE INDUSTRIA Y ENERGÍA,estatal,Orden,18397,18397,Orden de 18 de junio de 1983 por la que se reestructura la Dirección General de Minas.
1983-07-01,156,1,BOE-A-1983-18203,"MINISTERIO DE TRANSPORTES, TURISMO Y COMUNICACIONES",estatal,Orden,18397,18397,Orden de 28 de junio de 1983 por la que se autoriza la elevación de las tarifas en los servicios aéreos regulares de la red interior.
1983-07-02,157,1,BOE-A-1983-18304,PRESIDENCIA DEL GOBIERNO,estatal,Real Decreto,18485,18486,"Real Decreto 1804/1983, de 23 de mayo, por el que se determinan las funciones, el nivel de titulación y los procedimientos de selección para ingreso, correspondientes a las Escalas del personal Científico Investigador del Consejo Superior de Investigaciones Científicas."
1983-07-02,157,1,BOE-A-1983-18305,PRESIDENCIA DEL GOBIERNO,estatal,Real Decreto,18486,18487,"Real Decreto 1805/1983, de 23 de mayo, por el que se determinan las funciones y nivel de titulación para ingreso y se establecen las normas de integración en las Escalas del Consorcio de Compensación de Seguros."
1983-07-02,157,1,BOE-A-1983-18306,PRESIDENCIA DEL GOBIERNO,estatal,Real Decreto,18487,18490,"Real Decreto 1806/1983, de 15 de junio, por el que se regula la campaña arrocera 1983-84."
1983-07-02,157,1,BOE-A-1983-18307,PRESIDENCIA DEL GOBIERNO,estatal,Real Decreto,18490,18490,"Real Decreto 1807/1983, de 29 de junio, sobre garantía de prestación de servicios mínimos marítimos de los puertos."
1983-07-02,157,1,BOE-A-1983-18308,PRESIDENCIA DEL GOBIERNO,estatal,Orden,18490,18490,Orden de 27 de junio de 1983 por la que se modifica la composición de la Comisión Interministerial de Normalización y Homologación.
1983-07-02,157,1,BOE-A-1983-18309,MINISTERIO DE ECONOMÍA Y HACIENDA,estatal,Real Decreto,18490,18490,"Real Decreto 1808/1983, de 20 de abril, de retirada de la circulación de la moneda de cincuenta céntimos."
1983-07-02,157,1,BOE-A-1983-18310,MINISTERIO DE ECONOMÍA Y HACIENDA,estatal,Orden,18490,18491,"Orden de 28 de marzo de 1983 por la que se fijan los nuevos precios de venta al público, incluido el Impuesto sobre el Lujo, de las labores de tabaco de todas clases, expedidas en aparatos automáticos autorizados al efecto."
1983-07-02,157,1,BOE-A-1983-18311,MINISTERIO DE ECONOMÍA Y HACIENDA,estatal,Orden,18491,18491,"Orden de 13 de junio de 1983, sobre determinación del porcentaje del activo que las Sociedades de Inversión Mobiliaria pueden mantener circunstancial o transitoriamente en efectivo por plazo no superior a un año."
1983-07-02,157,1,BOE-A-1983-18312,MINISTERIO DE ECONOMÍA Y HACIENDA,estatal,Orden,18491,18492,Orden de 17 de junio de 1983 por la que se modifica la Orden del Ministerio de Economía y Comercio de 28 de octubre de 1981.
1983-07-02,157,1,BOE-A-1983-18313,MINISTERIO DE ECONOMÍA Y HACIENDA,estatal,Orden,18492,18492,"Orden de 20 de junio de 1983 por la que se regula el Comercio Exterior de Especímenes, partes de los mismos y manufacturados, cuyo origen sean especies incluidas en los Anexos de la Convención sobre el Comercio Internacional de Especies amenazadas de Fauna y Flora Silvestres (C.I.T.E.S.)."
1983-07-02,157,1,BOE-A-1983-18314,MINISTERIO DE ECONOMÍA Y HACIENDA,estatal,Orden,18492,18492,"Orden de 20 de junio de 1983 por la que se dispone la publicación de la de 7 de marzo de 1983, que estima el recurso de reposición formulado por Unión Española de Entidades Aseguradoras, Reaseguradoras y de Capitalización contra Orden del Ministerio de Hacienda de 10 de noviembre de 1982, que actualizó los límites cuantitativos de cobertura del seguro obligatorio de automóviles."
1983-07-02,157,1,BOE-A-1983-18315,MINISTERIO DE ECONOMÍA Y HACIENDA,estatal,Orden,18492,18495,Orden de 30 de junio de 1983 sobre fijación del derecho compensatorio variable para la importación de productos sometidos a este régimen.
1983-07-02,157,1,BOE-A-1983-18316,MINISTERIO DE ECONOMÍA Y HACIENDA,estatal,Orden,18495,18497,Orden de 30 de junio de 1983 sobre fijación del derecho regulador para la importación de productos sometidos a este régimen.
1983-07-04,158,1,BOE-A-1983-18385,MINISTERIO DE OBRAS PÚBLICAS Y URBANISMO,estatal,Real Decreto,18582,18585,"Real Decreto 1835/1983, de 25 de mayo, por el el que se adopta para el balizamiento de las costas el sistema de balizamiento marítimo de la Asociación Internacional de Señalización Marítima (AISM)."
1983-07-05,159,1,BOE-A-1983-18469,TRIBUNAL CONSTITUCIONAL,estatal,Resolución judicial,18677,18677,"Conflicto positivo de competencia número 415/83, planteado por el Gobierno de la Nación, en relación con el Decreto 15/1983, de 7 de febrero, del Gobierno Vasco."
1983-07-05,159,1,BOE-A-1983-18470,TRIBUNAL CONSTITUCIONAL,estatal,Resolución judicial,18677,18677,"Conflicto positivo de competencia número 266/82, planteado por el Gobierno contra el artículo 3.º del Decreto del Gobierno Vasco 54/1982, de 15 de febrero."
1983-07-05,159,1,BOE-A-1983-18471,TRIBUNAL CONSTITUCIONAL,estatal,Resolución judicial,18677,18677,"Conflicto positivo de competencia número 508/82, planteado por el Gobierno contra el Decreto 264/1982, de 26 de julio, del Consejo Ejecutivo de la Generalidad de Cataluña."
1983-07-05,159,1,BOE-A-1983-18472,TRIBUNAL CONSTITUCIONAL,estatal,Resolución judicial,18677,18677,"Recurso de inconstitucionalidad número 352/83, promovido por don José María Ruiz Gallardón, Comisionado por 54 Diputados, contra la Ley 1/1983, de 16 de febrero, de la Generalidad de Cataluña."
1983-07-05,159,1,BOE-A-1983-18473,TRIBUNAL CONSTITUCIONAL,estatal,Resolución judicial,18677,18677,"Recurso de inconstitucionalidad número 380/83, promovido por don Luis Fernández Fernández-Madrid, como Comisionado de 53 Senadores, contra la Ley Orgánica 5/1983, de 1 de marzo."
1983-07-05,159,1,BOE-A-1983-18474,TRIBUNAL CONSTITUCIONAL,estatal,Resolución judicial,18677,18677,"Recurso de inconstitucionalidad número 381/83, promovido por don Luis Fernández Fernández-Madrid, contra la Ley Orgánica 4/1983 de 25 de febrero."
1983-07-05,159,1,BOE-A-1983-18475,TRIBUNAL CONSTITUCIONAL,estatal,Resolución judicial,18677,18677,"Recurso de inconstitucionalidad número 35/83 interpuesto por el Presidente del Gobierno contra el artículo 3.1 a) de la Ley 11/1982, de 8 de octubre, del Parlamento de Cataluña."
1983-07-05,159,1,BOE-A-1983-18476,PRESIDENCIA DEL GOBIERNO,estatal,Real Decreto,18677,18678,"Real Decreto 1837/1983, de 22 de junio, por el que se fijan los coeficientes reductores de las prestaciones y de las cotizaciones para el Fondo Especial de MUFACE en 1983."
1983-07-05,159,1,BOE-A-1983-18477,PRESIDENCIA DEL GOBIERNO,estatal,Real Decreto,18678,18679,"Real Decreto 1807/1983, de 29 de junio (rectificado), sobre garantía de prestación de servicios mínimos marítimos de los puertos."
1983-07-05,159,1,BOE-A-1983-18478,PRESIDENCIA DEL GOBIERNO,estatal,Orden,18679,18687,"Orden de 29 de junio de 1983 por la que se aprueban las normas de calidad para jamón cocido y fiambre de jamón, paleta cocida y fiambre de paleta y magro de cerdo cocido y fiambre de magro de cerdo."
1983-07-05,159,1,BOE-A-1983-18479,MINISTERIO DE EDUCACIÓN Y CIENCIA,estatal,Resolución,18687,18687,"Resolución de 28 de junio de 1983 de la Dirección General de Enseñanza Universitaria, por la que se fija el calendario de las pruebas de aptitud para acceso a las Facultades, Escuelas Técnicas Superiores y Colegios Universitarios en la convocatoria de septiembre del presente curso académico 1982-1983."
1983-07-06,160,1,BOE-A-1983-18532,PRESIDENCIA DEL GOBIERNO,estatal,Corrección,18780,18780,"Corrección de erratas del Real Decreto 1777/1983, de 22 de junio, por el que se modifican determinadas tarifas postales y de Telecomunicación."
1983-07-06,160,1,BOE-A-1983-18533,MINISTERIO DE ASUNTOS EXTERIORES,estatal,Tratado o acuerdo internacional,18780,18780,"Entrada en vigor del Acuerdo entre el Gobierno de España y el Gobierno de la República de Portugal para la Cooperación Científica y Técnica en el Campo de las Ciencias de la Atmósfera, hecho en Lisboa el 11 de mayo de 1981."
1983-07-06,160,1,BOE-A-1983-18534,MINISTERIO DE ECONOMÍA Y HACIENDA,estatal,Orden,18780,18782,Orden de 20 de junio de 1983 sobre normas de calidad para el comercio exterior de espárragos frescos.
1983-07-06,160,1,BOE-A-1983-18535,MINISTERIO DE TRABAJO Y SEGURIDAD SOCIAL,estatal,Orden,18782,18782,Orden de 22 de junio de 1983 por la que se deroga la Reglamentación Nacional de Trabajo en la Industria Harinera aprobada por Orden de 28 de julio de 1945.
1983-07-06,160,5,BOE-A-1983-18796,CATALUÑA,autonómico,Ley,18912,18915,"Ley 10/1983, de 30 de mayo, de creación del ente público «Corporación Catalana de Radio y Televisión» y de regulación de los servicios de radiodifusión y televisión de la Generalidad de Cataluña."
1983-07-07,161,1,BOE-A-1983-18824,PRESIDENCIA DEL GOBIERNO,estatal,Real Decreto,18967,18967,"Real Decreto 1853/1983, de 6 de julio, sobre inversiones en la industria siderúrgica integral."
1983-07-07,161,1,BOE-A-1983-18825,MINISTERIO DE ASUNTOS EXTERIORES,estatal,Tratado o acuerdo internacional,18967,18967,"Acuerdo de 21 de marzo de 1978 entre el Gobierno del Reino de España y el Gobierno de la República Francesa para la cooperación en el campo de la metrología científica y técnica, hecho en Madrid."
1983-07-07,161,1,BOE-A-1983-18826,MINISTERIO DE ECONOMÍA Y HACIENDA,estatal,Resolución,18968,18968,"Resolución de 27 de junio de 1983, de la Dirección General de Exportación, por la que se amplía la relación de mercancías que pueden exportarse con exención de licencia de exportación."
1983-07-07,161,1,BOE-A-1983-18827,MINISTERIO DE ECONOMÍA Y HACIENDA,estatal,Resolución,18968,18968,"Resolución de 27 de junio de 1983, de la Dirección General de Exportación, por la que se amplía la relación de mercancías admitidas a régimen global de exportación."
1983-07-07,161,1,BOE-A-1983-18828,MINISTERIO DEL INTERIOR,estatal,Orden,18968,18971,"Orden de 27 de junio de 1983 por la que se dispone la publicación del Acuerdo del Consejo de Ministros de 1 de junio de 1983, que aprueba el Plan Especial de Emergencia por Sequía, sobre acciones coordinadas de Protección Civil."
1983-07-07,161,1,BOE-A-1983-18829,MINISTERIO DE EDUCACIÓN Y CIENCIA,estatal,Real Decreto,18972,18972,"Real Decreto 1854/1983, de 15 de junio, por el que se modifican determinados artículos del Real Decreto 3200/1976, de 10 de diciembre, regulador de la impartición de las enseñanzas del Bachillerato y Curso de Orientación Universitaria en el extranjero, a través de la modalidad de enseñanza a distancia."
1983-07-07,161,1,BOE-A-1983-18830,"MINISTERIO DE TRANSPORTES, TURISMO Y COMUNICACIONES",estatal,Resolución,18972,18972,"Resolución de 22 de junio de 1983, de Aeropuertos Nacionales, de delegación de funciones en los Subdirectores generales."
1983-07-08,162,1,BOE-A-1983-18946,JEFATURA DEL ESTADO,estatal,Otras,19064,19070,"Instrumento de ratificación de 18 de mayo de 1982 del Convenio de Seguridad Social entre España y la República de Austria y protocolo final, firmados el 6 de noviembre de 1981. Acuerdo para la aplicación del Convenio de Seguridad Social, firmado en Viena el 8 de abril de 1983."
1983-07-08,162,1,BOE-A-1983-18947,PRESIDENCIA DEL GOBIERNO,estatal,Corrección,19070,19070,"Corrección de errores del Real Decreto 1853/1983, de 6 de julio, sobre inversiones en la industria siderúrgica integral."
1983-07-08,162,1,BOE-A-1983-18948,MINISTERIO DE ECONOMÍA Y HACIENDA,estatal,Orden,19071,19071,Orden de 1 de julio de 1983 por la que se dan instrucciones para el canje y recogida de las precintas de circulación de bebidas derivadas de alcoholes naturales a granel.
1983-07-08,162,1,BOE-A-1983-18949,MINISTERIO DE TRABAJO Y SEGURIDAD SOCIAL,estatal,Resolución,19071,19071,"Resolución de 5 de julio de 1983, de la Dirección General de Régimen Económico y Jurídico de la Seguridad Social, por la que se fija para el año 1983 la cuota complementaria mensual por asistencia sanitaria en los Regímenes Especiales de la Seguridad Social de los Representantes de Comercio, de los trabajadores por cuenta propia o autónomos y de los escritores de libros."
1983-07-08,162,1,BOE-A-1983-18950,"MINISTERIO DE AGRICULTURA, PESCA Y ALIMENTACIÓN",estatal,Real Decreto,19071,19072,"Real Decreto 1858/1983, de 1 de junio, por el que se establecen los precios del lúpulo para la campaña 1983."
1983-07-08,162,1,BOE-A-1983-18951,MINISTERIO DE SANIDAD Y CONSUMO,estatal,Resolución,19072,19073,"Resolución de 20 de junio de 1983, de la Subsecretaría, por la que se dan normas para la homologación de las medias elásticas terapéuticas."
1983-07-08,162,5,BOE-A-1983-19118,PRINCIPADO DE ASTURIAS,autonómico,Ley,19169,19223,"Ley 2/1983, de 28 de abril, de Presupuestos Generales del Principado de Asturias para el ejercicio económico de 1983."
1983-07-09,163,1,BOE-A-1983-19120,PRESIDENCIA DEL GOBIERNO,estatal,Orden,19254,19254,Orden de 8 de julio de 1983 por la que se establecen los precios de azúcar para la campaña 1983/84.
1983-07-09,163,1,BOE-A-1983-19121,MINISTERIO DE ASUNTOS EXTERIORES,estatal,Tratado o acuerdo internacional,19254,19255,"Canje de Notas, constitutivo de Acuerdo, entre España y Estados Unidos de América, regulando la afiliación a la Seguridad Social española del personal de nacionalidad no estadounidense, adscrito a la Embajada y Oficinas Consulares de este último país en España. Madrid, 8 de abril de 1982 y 1 de diciembre de 1982, respectivamente."
1983-07-09,163,1,BOE-A-1983-19122,MINISTERIO DE ECONOMÍA Y HACIENDA,estatal,Orden,19255,19257,Orden de 7 de julio de 1983 sobre fijación del derecho compensatorio variable para la importación de productos sometidos a este régimen.
1983-07-09,163,1,BOE-A-1983-19123,MINISTERIO DE ECONOMÍA Y HACIENDA,estatal,Orden,19257,19259,Orden de 7 de julio de 1983 sobre fijación del derecho regulador para la importación de productos sometidos a este régimen.
1983-07-09,163,1,BOE-A-1983-19124,MINISTERIO DEL INTERIOR,estatal,Orden,19259,19264,Orden de 2 de julio de 1983 por la que se aprueban los modelos de guías de pertenencia de armas correspondientes a los miembros de la Policía de las Comunidades Autónomas y de las Entidades Locales.
1983-07-09,163,1,BOE-A-1983-19125,MINISTERIO DE TRABAJO Y SEGURIDAD SOCIAL,estatal,Orden,19264,19264,"Orden de 4 de julio de 1983, por la que se desarrolla el Real Decreto-ley 13/1981, artículo segundo, de 20 de agosto, sobre determinación de la base reguladora de la pensión de jubilación en la Seguridad Social, en las situaciones de pluriempleo."
1983-07-09,163,1,BOE-A-1983-19126,MINISTERIO DE TRABAJO Y SEGURIDAD SOCIAL,estatal,Orden,19264,19264,"Orden de 4 de julio de 1983 por la que se derogan los artículos 34 a 38 de la Orden de 7 de julio de 1960, relativos al aplazamiento del pago de las cuotas reclamadas en vía de apremio ante la Magistratura de Trabajo."
1983-07-09,163,1,BOE-A-1983-19127,MINISTERIO DE TRABAJO Y SEGURIDAD SOCIAL,estatal,Orden,19265,19265,"Orden de 4 de julio de 1983, por la que se prorroga el mandato de los miembros electivos de las Juntas de Gobierno de los Centros de la Tercera Edad."
1983-07-09,163,1,BOE-A-1983-19128,"MINISTERIO DE AGRICULTURA, PESCA Y ALIMENTACIÓN",estatal,Resolución,19265,19266,"Resolución de 30 de junio de 1983, de la Dirección General de la Producción Agraria, por la que se establece el Registro Especial de Ganado Selecto para la raza ovina Castellana."
1983-07-09,163,1,BOE-A-1983-19129,"MINISTERIO DE AGRICULTURA, PESCA Y ALIMENTACIÓN",estatal,Resolución,19266,19268,"Resolución de 30 de junio de 1983, de la Dirección General de la Producción Agraria, por la que se aprueba la Reglamentación Específica del Libro Genealógico para la raza ovina Rasa Aragonesa."
1983-07-11,164,1,BOE-A-1983-19203,MINISTERIO DE ECONOMÍA Y HACIENDA,estatal,Orden,19349,19351,Orden de 27 de junio de 1983 por la que se regula la exportación de tomate fresco de invierno.
1983-07-11,164,1,BOE-A-1983-19204,MINISTERIO DE ECONOMÍA Y HACIENDA,estatal,Resolución,19351,19353,"Resolución de 28 de junio de 1983, de la Dirección General de Exportación, sobre bases específicas de la campaña de exportación de tomate fresco de invierno 1983-84."
1983-07-11,164,1,BOE-A-1983-19205,MINISTERIO DE ECONOMÍA Y HACIENDA,estatal,Resolución,19353,19354,"Resolución de 29 de junio de 1983, de la Dirección General de Exportación, por la que se crea un régimen especial para la incorporación de nuevos cosecheros-exportadores de tomate fresco de invierno."
1983-07-11,164,1,BOE-A-1983-19206,MINISTERIO DE ECONOMÍA Y HACIENDA,estatal,Resolución,19354,19355,"Resolución de 30 de junio de 1983, de la Dirección General de Exportación, sobre bases generales reguladoras de la exportación de pepino fresco de invierno."
1983-07-11,164,1,BOE-A-1983-19207,MINISTERIO DE ECONOMÍA Y HACIENDA,estatal,Resolución,19355,19356,"Resolución de 1 de julio de 1983, de la Dirección General de Exportación, sobre bases reguladoras de la campaña de exportación de pepino fresco de invierno 1983-84."
1983-07-11,164,1,BOE-A-1983-19208,MINISTERIO DEL INTERIOR,estatal,Real Decreto,19357,19357,"Real Decreto 1894/1983, de 1 de junio, por el que se modifica el artículo 147 del Reglamento de Armas."
1983-07-11,164,1,BOE-A-1983-19209,MINISTERIO DEL INTERIOR,estatal,Real Decreto,19357,19358,"Real Decreto 1895/1983, de 6 de julio, por el que se modifica el Real Decreto 1794/1981, de 24 de julio, por el que se aprobó el Reglamento de Máquinas Recreativas y de Azar."
1983-07-11,164,1,BOE-A-1983-19210,MINISTERIO DE OBRAS PÚBLICAS Y URBANISMO,estatal,Resolución,19358,19359,"Resolución de 30 de junio de 1983, de la Dirección General de Arquitectura y Vivienda, por la que se modifican algunos aspectos del complemento a las disposiciones reguladoras del Sello INCE de materiales aislantes térmicos, referente a los acristalamientos térmicos, aprobados por resolución 7123/1983, de 25 de febrero."
1983-07-11,164,1,BOE-A-1983-19211,MINISTERIO DE TRABAJO Y SEGURIDAD SOCIAL,estatal,Real Decreto,19359,19359,"Real Decreto 1896/1983, de 15 de junio, por el que se modifica la cuantía mínima de acceso al recurso de suplicación ante el Tribunal Central de Trabajo."
1983-07-11,164,1,BOE-A-1983-19212,"MINISTERIO DE AGRICULTURA, PESCA Y ALIMENTACIÓN",estatal,Real Decreto,19359,19360,"Real Decreto 1897/1983, de 15 de junio, por el que se regula la campaña 1983-1984 de granos oleaginosos."
1983-07-11,164,1,BOE-A-1983-19213,"MINISTERIO DE AGRICULTURA, PESCA Y ALIMENTACIÓN",estatal,Resolución,19360,19360,"Resolución de 5 de julio de 1983, de la Secretaría General de Pesca Marítima, sobre cumplimentación del censo de flota pesquera 1983."
1983-07-12,165,1,BOE-A-1983-19286,MINISTERIO DE CULTURA,estatal,Real Decreto,19450,19450,"Real Decreto 1912/1983, de 25 de mayo, sobre constitución, por segregación, del Colegio Oficial de Profesores de Educación Física de Cantabria."
1983-07-12,165,1,BOE-A-1983-19287,MINISTERIO DE CULTURA,estatal,Real Decreto,19450,19450,"Real Decreto 1913/1983, de 25 de mayo, sobre constitución, por segregación, del Colegio Oficial de Profesores de Educación Física de Galicia."
1983-07-12,165,1,BOE-A-1983-19288,MINISTERIO DE CULTURA,estatal,Real Decreto,19450,19451,"Real Decreto 1914/1983, de 25 de mayo, sobre constitución, por segregación, del Colegio Oficial de Profesores de Educación Física de La Rioja."
1983-07-12,165,1,BOE-A-1983-19289,MINISTERIO DE CULTURA,estatal,Real Decreto,19451,19451,"Real Decreto 1915/1983, de 25 de mayo, sobre constitución, por segregación, del Colegio Oficial de Profesores de Educación Física de Navarra."
1983-07-13,166,1,BOE-A-1983-19487,PRESIDENCIA DEL GOBIERNO,estatal,Real Decreto,19544,19545,"Real Decreto 1932/1983, de 22 de junio, sobre auxilios a los agricultores jóvenes, de acuerdo con la Ley 49/1981, de 24 de diciembre, del Estatuto de la Explotación Familiar y de los Agricultores Jóvenes."
1983-07-13,166,1,BOE-A-1983-19488,PRESIDENCIA DEL GOBIERNO,estatal,Orden,19546,19547,Orden de 6 de julio de 1983 por la que se aprueba la norma de calidad para patata de consumo destinada al mercado interior.
1983-07-13,166,1,BOE-A-1983-19489,MINISTERIO DE ECONOMÍA Y HACIENDA,estatal,Corrección,19547,19547,"Corrección de erratas del Real Decreto 1652/1983, de 25 de mayo, por el que se establecen contingentes arancelarios, libres de derechos, para la importación de los productos que se señalan en el anexo del presente Real Decreto."
1983-07-13,166,1,BOE-A-1983-19490,MINISTERIO DE INDUSTRIA Y ENERGÍA,estatal,Resolución,19547,19549,"Resolución de 5 de julio de 1983, de la Dirección General de Minas, por la que se convoca a las Empresas mineras españolas para acogerse a las subvenciones de capital previstas en la Ley de Fomento de la Minería."
1983-07-13,166,1,BOE-A-1983-19491,"MINISTERIO DE TRANSPORTES, TURISMO Y COMUNICACIONES",estatal,Orden,19549,19551,Orden de 30 de junio de 1983 por la que se determinan las normas de rendimiento que deben cumplir los equipos de radar en buques obligados a tenerlo instalado.
1983-07-14,167,1,BOE-A-1983-19653,JEFATURA DEL ESTADO,estatal,Ley,19639,19736,"Ley 9/1983, de 13 de julio, de Presupuestos Generales del Estado para 1983."
1983-07-14,167,1,BOE-A-1983-19654,PRESIDENCIA DEL GOBIERNO,estatal,Corrección,19736,19736,Corrección de errores de la Orden de 14 de junio de 1983 por la que se aprueba la norma de calidad para la cuajada en el mercado interior.
1983-07-14,167,1,BOE-A-1983-19655,MINISTERIO DE JUSTICIA,estatal,Real Decreto,19736,19737,"Real Decreto 1935/1983, de 25 de mayo, sobre libro de entrada y horas de visita en los Registros de la Propiedad, Mercantiles, de Hipoteca Mobiliaria y Prenda sin Desplazamiento y Provinciales de Venta a Plazos."
1983-07-14,167,1,BOE-A-1983-19656,MINISTERIO DE ECONOMÍA Y HACIENDA,estatal,Real Decreto,19737,19737,"Real Decreto 1936/1983, de 15 de junio, por el que se modifica temporalmente el derecho arancelario aplicable a determinadas preparaciones utilizadas en avicultura como pigmentantes (partida arancelaria 32.04 del Arancel de Aduanas)."
1983-07-14,167,1,BOE-A-1983-19657,MINISTERIO DE ECONOMÍA Y HACIENDA,estatal,Real Decreto,19737,19738,"Real Decreto 1937/1983, de 15 de junio, por el que se establece un contingente arancelario, libre de derechos, para la importación de estireno (P. A. 29.01.D.II)."
1983-07-14,167,1,BOE-A-1983-19658,MINISTERIO DE ECONOMÍA Y HACIENDA,estatal,Real Decreto,19738,19738,"Real Decreto 1938/1983, de 15 de junio, por el que se establecen modificaciones temporales de los derechos arancelarios aplicables a determinadas mercancías."
1983-07-14,167,1,BOE-A-1983-19659,MINISTERIO DE INDUSTRIA Y ENERGÍA,estatal,Resolución,19738,19739,"Resolución de 4 de julio de 1983, de la Dirección General de la Energía, por la que se dan instrucciones sobre el trámite a seguir en la instalación de rótulos y letreros luminosos."
1983-07-14,167,1,BOE-A-1983-19660,"MINISTERIO DE TRANSPORTES, TURISMO Y COMUNICACIONES",estatal,Orden,19739,19741,Orden de 30 de junio de 1983 por la que se regula el transporte internacional de mercancías.
1983-07-15,168,1,BOE-A-1983-19755,PRESIDENCIA DEL GOBIERNO,estatal,Real Decreto,19830,19835,"Real Decreto 1945/1983, de 22 de junio, por el que se regulan las infracciones y sanciones en materia de defensa del consumidor y de la producción agro-alimentaria."
1983-07-15,168,1,BOE-A-1983-19756,MINISTERIO DE ASUNTOS EXTERIORES,estatal,Tratado o acuerdo internacional,19835,19836,"Canje de Notas de 15 de febrero y de 4 de mayo de 1983, constitutivo del Acuerdo de Reciprocidad en materia de radioaficionados entre el Reino de España y el Reino de los Países Bajos, realizado en Madrid."
1983-07-15,168,1,BOE-A-1983-19757,MINISTERIO DE ASUNTOS EXTERIORES,estatal,Otras,19836,19836,"Renovación de la declaración formulada por España el 11 de junio de 1981 relativa al artículo 25 del Convenio Europeo para la Protección de los Derechos Humanos y de las Libertades Fundamentales, hecho en Roma el 4 de noviembre de 1950."
1983-07-15,168,1,BOE-A-1983-19758,MINISTERIO DE TRABAJO Y SEGURIDAD SOCIAL,estatal,Orden,19836,19839,Orden de 6 de julio de 1983 por la que se establecen los programas de actuación de la unidad administradora del Fondo Nacional de Protección al Trabajo para el ejercicio presupuestario de 1983.
1983-07-15,168,1,BOE-A-1983-19759,MINISTERIO DE INDUSTRIA Y ENERGÍA,estatal,Orden,19839,19840,"Orden de 11 de julio de 1983, por la que se crea la Comisión Ministerial de la Pequeña y Mediana Empresa."
1983-07-15,168,1,BOE-A-1983-19760,MINISTERIO DE SANIDAD Y CONSUMO,estatal,Resolución,19840,19841,"Resolución de 21 de abril de 1983, de la Subsecretaría, por la que se aprueba la lista positiva de aditivos y coadyuvantes tecnológicos para uso en la elaboración de zumos de frutas y de otros vegetales y sus derivados."
1983-07-16,169,1,BOE-A-1983-19853,PRESIDENCIA DEL GOBIERNO,estatal,Real Decreto,19902,19903,"Real Decreto 1949/1983, de 13 de julio, por el que se regula la campaña de carne de porcino 1983-84."
1983-07-16,169,1,BOE-A-1983-19854,MINISTERIO DE ECONOMÍA Y HACIENDA,estatal,Orden,19903,19905,Orden de 14 de julio de 1983 sobre fijación del derecho compensatorio variable para la importación de productos sometidos a este régimen.
1983-07-16,169,1,BOE-A-1983-19855,MINISTERIO DE ECONOMÍA Y HACIENDA,estatal,Orden,19905,19907,Orden de 14 de julio de 1983 sobre fijación del derecho regulador para la importación de productos sometidos a este régimen.
1983-07-16,169,1,BOE-A-1983-19856,MINISTERIO DE ECONOMÍA Y HACIENDA,estatal,Orden,19907,19908,Orden de 15 de julio 1983 por la que se regula la aplicación del artículo 39 de la Ley de Presupuestos Generales del Estado para 1983.
1983-07-16,169,1,BOE-A-1983-19857,"MINISTERIO DE AGRICULTURA, PESCA Y ALIMENTACIÓN",estatal,Corrección,19908,19908,"Corrección de erratas del Real Decreto 1410/1983, de 25 de mayo, por el que se regula la campaña de cereales y leguminosas-pienso 1983-84."
1983-07-16,169,1,BOE-A-1983-19858,"MINISTERIO DE AGRICULTURA, PESCA Y ALIMENTACIÓN",estatal,Resolución,19908,19909,"Resolución de 4 de julio de 1983, de la Dirección General de la Producción Agraria, por la que se dictan normas para la actualización del Registro de Explotaciones Avícolas instaladas en país extranjero."
1983-07-16,169,1,BOE-A-1983-19859,"MINISTERIO DE AGRICULTURA, PESCA Y ALIMENTACIÓN",estatal,Resolución,19909,19910,"Resolución de 7 de julio de 1983, de la Dirección General de la Producción Agraria, en la que se dan normas para la realización de la campaña contra «Thaumetopoea pityocampa» para 1983."
1983-07-18,170,1,BOE-A-1983-19946,JEFATURA DEL ESTADO,estatal,Ley Orgánica,19996,19997,"Ley Orgánica 9/1983, de 15 de julio, reguladora del derecho de reunión."
1983-07-18,170,1,BOE-A-1983-19947,MINISTERIO DE ASUNTOS EXTERIORES,estatal,Tratado o acuerdo internacional,19997,19997,"Acuerdo especial, de 13 de abril de 1978, para la Cooperación Técnica y Científica en el campo de la ingeniería textil, entre el Gobierno del Reino de España y el Gobierno de la República de Portugal, hecho en Lisboa."
1983-07-18,170,1,BOE-A-1983-19948,MINISTERIO DE ECONOMÍA Y HACIENDA,estatal,Orden,19997,19998,Orden de 13 de junio de 1983 por la que se modifican determiados apartados de la de 23 de mayo de 1980 y se crea la Inspección-Administración de Aduanas e Impuestos Especiales de Burgos.
1983-07-18,170,1,BOE-A-1983-19949,MINISTERIO DE ECONOMÍA Y HACIENDA,estatal,Orden,19998,19999,"Orden de 14 de julio de 1983 por la que se fijan los precios de venta al público de las labores de cigarros comercializados por «Tabacalera, S. A.»."
1983-07-18,170,1,BOE-A-1983-19950,MINISTERIO DE OBRAS PÚBLICAS Y URBANISMO,estatal,Orden,19999,19999,"Orden de 12 de julio de 1983 por la que se desarrolla el Real Decreto 1224/1983 de 4 de mayo, sobre ayuda económica personal."
1983-07-19,171,1,BOE-A-1983-19990,MINISTERIO DE ECONOMÍA Y HACIENDA,estatal,Real Decreto,20093,20093,"Real Decreto 1954/1983, de 6 de julio, por el que se modifica el impuesto de compensación de gravámenes interiores aplicable a la importación de maíz."
1983-07-19,171,1,BOE-A-1983-19991,MINISTERIO DE ECONOMÍA Y HACIENDA,estatal,Orden,20093,20093,"Orden de 5 de julio de 1983 sobre fijación de la cuantía máxima a importar en el año 1983 con cargo a los contingentes arancelarios, libres de derechos, de motores, cajas de cambio, elementos y subconjuntos de chapa para carrocerías."
1983-07-19,171,1,BOE-A-1983-19992,MINISTERIO DE ECONOMÍA Y HACIENDA,estatal,Orden,20094,20094,"Orden de 11 de julio de 1983 por la que se establece un plazo excepcional de presentación de declaraciones del del impuesto sobre sociedades para las sociedades afectadas por la Ley 7/1983, de 29 de junio."
1983-07-19,171,1,BOE-A-1983-19993,"MINISTERIO DE AGRICULTURA, PESCA Y ALIMENTACIÓN",estatal,Real Decreto,20094,20094,"Real Decreto 1955/1983, de 22 de junio, por el que se establece un nuevo plazo para solicitud de beneficios a industrias de zonas de preferente localización industrial agraria."
1983-07-19,171,1,BOE-A-1983-19994,"MINISTERIO DE TRANSPORTES, TURISMO Y COMUNICACIONES",estatal,Corrección,20094,20094,"Corrección de errores de la Orden de 21 de junio de 1983, por la que se determinan las condiciones para obtener el certificado de aceptación radioeléctrica de las estaciones terrenas de Barco."
1983-07-19,171,1,BOE-A-1983-19995,MINISTERIO DE CULTURA,estatal,Orden,20094,20095,Orden de 30 de junio de 1983 sobre calificación de películas cinematográficas.
1983-07-19,171,1,BOE-A-1983-19996,MINISTERIO DE CULTURA,estatal,Orden,20095,20095,Orden de 30 de junio de 1983 sobre calificación de los espectáculos teatrales y artísticos.
1983-07-19,171,1,BOE-A-1983-19997,MINISTERIO DE CULTURA,estatal,Orden,20095,20095,Orden de 1 de julio de 1983 por la que se delegan atribuciones en el Director general de Cinematografía.
1983-07-19,171,1,BOE-A-1983-19998,MINISTERIO DE ADMINISTRACIÓN TERRITORIAL,estatal,Real Decreto,20095,20097,"Real Decreto 1956/1983, de 29 de junio, por el que se aprueban las normas de traspaso de funciones y servicios del Estado a la Comunidad Autónoma de Castilla y León, y funcionamiento de la Comisión Mixta prevista en la disposición transitoria tercera de su Estatuto de Autonomía."
1983-07-19,171,1,BOE-A-1983-19999,MINISTERIO DE ADMINISTRACIÓN TERRITORIAL,estatal,Real Decreto,20097,20098,"Real Decreto 1957/1983, de 29 de junio, por el que se aprueban las normas de traspaso de funciones y servicios del Estado a la Comunidad Autónoma de Extremadura y funcionamiento de la Comisión Mixta prevista en la disposición transitoria tercera de su Estatuto de Autonomía."
1983-07-19,171,1,BOE-A-1983-20000,MINISTERIO DE ADMINISTRACIÓN TERRITORIAL,estatal,Real Decreto,20098,20100,"Real Decreto 1958/1983, de 29 de junio, por el que se aprueban las normas de traspaso de funciones y servicios del Estado a la Comunidad Autónoma de las Islas Baleares y funcionamiento de la Comisión Mixta prevista en la disposición transitoria cuarta de su Estatuto de Autonomía."
1983-07-19,171,1,BOE-A-1983-20001,MINISTERIO DE ADMINISTRACIÓN TERRITORIAL,estatal,Real Decreto,20100,20101,"Real Decreto 1959/1983, de 29 de junio, por el que se aprueban las normas de traspaso de funciones y servicios del Estado a la Comunidad de Madrid y funcionamiento de la Comisión Mixta prevista en la disposición transitoria segunda de su Estatuto de Autonomía."
1983-07-20,172,1,BOE-A-1983-20067,PRESIDENCIA DEL GOBIERNO,estatal,Orden,20196,20201,Orden de 12 de julio de 1983 por la que se aprueban las normas generales de calidad para la nata y nata en polvo con destino al mercado interior.
1983-07-20,172,1,BOE-A-1983-20068,MINISTERIO DE ECONOMÍA Y HACIENDA,estatal,Orden,20201,20201,Orden de 13 de julio de 1983 sobre tributación de desperdicios y retales por el concepto de peletería en el impuesto sobre el lujo.
1983-07-20,172,1,BOE-A-1983-20069,MINISTERIO DE INDUSTRIA Y ENERGÍA,estatal,Orden,20201,20201,"Orden de 11 de julio de 1983 por la que se da nueva redacción al epígrafe 1.5 placa de montaje del anexo de la Orden de 14 de octubre de 1982, que aprueba las normas de control e inspección de tacógrafos."
1983-07-20,172,1,BOE-A-1983-20070,MINISTERIO DE INDUSTRIA Y ENERGÍA,estatal,Orden,20201,20201,"Orden de 11 de julio de 1983 por la que se extiende la designación como instaladores autorizados de tacógrafos a los carroceros de autobuses y autocares, según lo previsto en la Orden de 24 de septiembre de 1982."
1983-07-20,172,1,BOE-A-1983-20071,MINISTERIO DE INDUSTRIA Y ENERGÍA,estatal,Orden,20201,20203,"Orden de 11 de julio de 1983 por la que se aprueban las normas sobre precintos, placa de montaje y libro de registro en la instalación y comprobación de tacógrafos."
1983-07-21,173,1,BOE-A-1983-20354,PRESIDENCIA DEL GOBIERNO,estatal,Real Decreto,20383,20383,"Real Decreto 1970/1983, de 22 de junio, sobre consideración de Suboficiales a las Clases de Tropa de la Guardia Civil."
1983-07-21,173,1,BOE-A-1983-20355,PRESIDENCIA DEL GOBIERNO,estatal,Real Decreto,20383,20384,"Real Decreto 1971/1983, de 13 de julio, por el que se modifican los artículos 5.º y 12 del Real Decreto 2302/1980, de 24 de octubre, por el que se regula la estructura administrativa de las actividades laborales y empresariales en los puertos de interés general."
1983-07-21,173,1,BOE-A-1983-20356,PRESIDENCIA DEL GOBIERNO,estatal,Orden,20384,20384,Orden de 19 de julio de 1983 por la que se reorganiza y actualiza la Comisión Interministerial del Libro creada para el estudio de los problemas de exportación de los libros españoles.
1983-07-21,173,1,BOE-A-1983-20357,MINISTERIO DE ASUNTOS EXTERIORES,estatal,Tratado o acuerdo internacional,20384,20384,"Canje de Notas, de 18 de enero y 24 de marzo de 1983 entre España y Francia para el suministro de agua de Hendaya a Irún, realizado en Madrid."
1983-07-21,173,1,BOE-A-1983-20358,MINISTERIO DE JUSTICIA,estatal,Orden,20384,20385,Orden de 14 de julio de 1983 sobre depósitos judiciales para la conservación de piezas de convicción.
1983-07-21,173,1,BOE-A-1983-20359,MINISTERIO DE ECONOMÍA Y HACIENDA,estatal,Orden,20385,20386,Orden de 24 de mayo de 1983 por la que se modifica el modelo de declaración de alta de Licencia Fiscal de Actividades Profesionales y de Artistas.
1983-07-21,173,1,BOE-A-1983-20360,MINISTERIO DE ECONOMÍA Y HACIENDA,estatal,Orden,20387,20391,"Orden de 1 de julio de 1983 por la que se dictan normas de inspección para la importación por los Centros de Inspección de Comercio Exterior (SOIVRE), dependientes del Ministerio de Economía y Hacienda."
1983-07-21,173,1,BOE-A-1983-20361,MINISTERIO DE OBRAS PÚBLICAS Y URBANISMO,estatal,Resolución,20391,20391,"Resolución de 6 de julio de 1983, del Instituto para la Promoción Pública de la Vivienda, por la que se delegan en determinadas Direcciones Provinciales la supervisión de proyectos y la facultad de aprobar proyectos de viviendas de protección oficial de promoción pública de este Organismo y expedir su calificación provisional."
1983-07-22,174,1,BOE-A-1983-20490,PRESIDENCIA DEL GOBIERNO,estatal,Real Decreto,20477,20477,"Real Decreto 1979/1983, de 13 de julio, por el que se determinan normas para la fijación de nuevos precios del pan."
1983-07-22,174,1,BOE-A-1983-20491,MINISTERIO DE OBRAS PÚBLICAS Y URBANISMO,estatal,Orden,20477,20478,"Orden de 18 de julio de 1983 por la que se fijan los precios de venta de las viviendas sociales para el trimestre natural de julio, agosto y septiembre de 1983."
1983-07-22,174,1,BOE-A-1983-20492,MINISTERIO DE INDUSTRIA Y ENERGÍA,estatal,Orden,20478,20480,"Orden de 11 de julio de 1983 por la que se modifican algunos puntos de los anexos de la Orden de 1 de septiembre de 1982, que aprueba la instrucción técnica complementaria MIE-AP7 del Reglamento de Aparatos a Presión sobre Botellas y Botellones de Gases Comprimidos, Licuados y Disueltos a Presión."
1983-07-22,174,1,BOE-A-1983-20493,MINISTERIO DE INDUSTRIA Y ENERGÍA,estatal,Orden,20481,20484,"Orden de 11 de julio de 1983 por la que se modifica la de 30 de agosto de 1982, que aprueba la ITC-MIE-AP6 del Reglamento de Aparatos a Presión, referente a refinerías de petróleo y plantas petroquímicas."
1983-07-22,174,1,BOE-A-1983-20494,MINISTERIO DE INDUSTRIA Y ENERGÍA,estatal,Orden,20484,20486,Orden de 11 de julio de 1983 por la que se modifican las instrucciones técnicas complementarias MI BT 008 y MI BT 044 del Reglamento Electrotécnico para Baja Tensión y se declaran de obligado cumplimiento diversas normas UNE relativas al empleo de material eléctrico en atmósferas potencialmente explosivas y al alumbrado de emergencia.
1983-07-22,174,1,BOE-A-1983-20495,MINISTERIO DE INDUSTRIA Y ENERGÍA,estatal,Orden,20486,20487,"Orden de 11 de julio de 1983 por la que se aprueba la instrucción técnica complementaria MIE-AP9, del Reglamento de Aparatos a Presión, referente a recipientes frigoríficos."
1983-07-22,174,1,BOE-A-1983-20496,"MINISTERIO DE AGRICULTURA, PESCA Y ALIMENTACIÓN",estatal,Real Decreto,20487,20487,"Real Decreto 1980/1983, de 13 de julio, sobre fijación del precio de la harina destinada a la panificación."
1983-07-22,174,5,BOE-A-1983-20566,CATALUÑA,autonómico,Ley,20549,20549,"Ley 11/1983, de 27 de junio, de modificación de la Ley del Parlamento, del Presidente y del Consejo Ejecutivo de la Generalidad."
1983-07-22,174,5,BOE-A-1983-20569,ANDALUCÍA,autonómico,Ley,20549,20551,"Ley 4/1983 de 27 de Junio, del Consejo Andaluz de Relaciones Laborales."
1983-07-23,175,1,BOE-A-1983-20570,JEFATURA DEL ESTADO,estatal,Corrección,20574,20574,"Corrección de erratas de la Ley Orgánica 8/1983, de 25 de junio, de Reforma Urgente y Parcial del Código Penal."
1983-07-23,175,1,BOE-A-1983-20571,JEFATURA DEL ESTADO,estatal,Corrección,20574,20574,"Corrección de erratas de la Ley 4/1983, de 29 de junio, de fijación de la jornada máxima legal en cuarenta horas y de las vacaciones anuales mínimas en treinta días."
1983-07-23,175,1,BOE-A-1983-20572,JEFATURA DEL ESTADO,estatal,Corrección,20574,20574,"Corrección de erratas de la Ley 5/1983, de 29 de junio, de medidas urgentes en materia presupuestaria, financiera y tributaria."
1983-07-23,175,1,BOE-A-1983-20573,JEFATURA DEL ESTADO,estatal,Corrección,20574,20574,"Corrección de erratas de la Ley 6/1983, de 29 de junio, sobre medidas excepcionales para el aprovechamiento de los recursos hidráulicos, escasos a consecuencia de la prolongada sequía."
1983-07-23,175,1,BOE-A-1983-20574,MINISTERIO DE ASUNTOS EXTERIORES,estatal,Tratado o acuerdo internacional,20574,20575,"Acuerdo complementario de 30 de noviembre de 1978 de cooperación técnica en materia de turismo entre el Gobierno del Reino de España y el Gobierno de la República Argentina, firmado en Buenos Aires."
1983-07-23,175,1,BOE-A-1983-20575,MINISTERIO DE ECONOMÍA Y HACIENDA,estatal,Orden,20575,20577,Orden de 21 de julio de 1983 sobre fijación del derecho compensatorio variable para la importación de productos sometidos a este régimen.
1983-07-23,175,1,BOE-A-1983-20576,MINISTERIO DE ECONOMÍA Y HACIENDA,estatal,Orden,20577,20579,Orden de 21 de julio de 1983 sobre fijación del derecho regulador para la importación de productos sometidos a este régimen.
1983-07-23,175,1,BOE-A-1983-20577,MINISTERIO DE ECONOMÍA Y HACIENDA,estatal,Orden,20579,20580,"Orden de 14 de julio de 1983 en desarrollo del Real Decreto 226/1982, de 15 de enero."
1983-07-23,175,1,BOE-A-1983-20578,MINISTERIO DE ECONOMÍA Y HACIENDA,estatal,Resolución,20580,20582,"Resolución de 18 de julio de 1983, de la Dirección General de Tributos, aclaratoria de la Orden de 6 de junio de 1983, sobre retenciones y pagos fraccionados a cuenta del impuesto sobre la renta de las personas físicas."
1983-07-23,175,1,BOE-A-1983-20579,MINISTERIO DE EDUCACIÓN Y CIENCIA,estatal,Real Decreto,20582,20583,"Real Decreto 1982/1983, de 23 de mayo, sobre funcionamiento en las Comunidades Autónomas de la alta inspección del Estado en materia de enseñanza no universitaria."
1983-07-23,175,1,BOE-A-1983-20580,MINISTERIO DE ADMINISTRACIÓN TERRITORIAL,estatal,Real Decreto,20583,20583,"Real Decreto 1983/1983, de 1 de junio, sobre consolidación de transferencias efectuadas a la Junta de Canarias en fase de preautonomía."
1983-07-25,176,1,BOE-A-1983-20682,MINISTERIO DE ASUNTOS EXTERIORES,estatal,Tratado o acuerdo internacional,20667,20667,"Acuerdo europeo sobre trabajo de tripulaciones de los vehículos que efectúen transportes internacionales por carretera (AETR), hecho en Ginebra el 1 de julio de 1970. Enmiendas propuestas por el Reino Unido a los artículos 3, 6, 10, 11, 12 y 14, puestas en circulación por el Secretario General de las Naciones Unidas el 2 de febrero de 1982."
1983-07-26,177,1,BOE-A-1983-20710,PRESIDENCIA DEL GOBIERNO,estatal,Real Decreto,20700,20704,"Real Decreto 1992/1983, de 20 de julio, sobre traspaso de funciones y servicios de la Administración del Estado a la Comunidad Autónoma de Madrid en materia de ordenación del territorio, urbanismo y medio ambiente."
1983-07-26,177,1,BOE-A-1983-20711,"MINISTERIO DE AGRICULTURA, PESCA Y ALIMENTACIÓN",estatal,Orden,20704,20705,Orden de 18 de julio de 1983 por la que se dictan normas para la lucha contra la fiebre aftosa.
1983-07-27,178,1,BOE-A-1983-50022,PRESIDENCIA DEL GOBIERNO,estatal,Real Decreto,20766,20775,"Real Decreto 1992/1983, de 20 de julio, sobre traspaso de funciones y servicios de la Administración del Estado a la Comunidad Autónoma de Madrid en materia de ordenación del territorio, urbanismo y medio ambiente. (Concusión.)"
1983-07-27,178,1,BOE-A-1983-20760,"MINISTERIO DE AGRICULTURA, PESCA Y ALIMENTACIÓN",estatal,Resolución,20775,20776,"Resolución de 15 de julio de 1983, de la Secretaría General de Pesca Marítima, por la que se efectúa la revisión al día 1 de enero del censo de las flotas de altura y gran altura adjunto a la Orden de 12 de junio de 1981."
1983-07-29,180,1,BOE-A-1983-20902,PRESIDENCIA DEL GOBIERNO,estatal,Real Decreto,20958,20958,"Real Decreto 1998/1983, de 25 de mayo, por el que se deroga el Decreto 337/1975, de 7 de marzo, que aprueba la norma sobre la miel."
1983-07-29,180,1,BOE-A-1983-20903,PRESIDENCIA DEL GOBIERNO,estatal,Real Decreto,20958,20958,"Real Decreto 1999/1983, de 13 de julio, sobre procedimiento de pago de las subvenciones del gasóleo para Marina Mercante."
1983-07-29,180,1,BOE-A-1983-20904,PRESIDENCIA DEL GOBIERNO,estatal,Orden,20958,20958,"Orden de 26 de julio de 1983 por la que se determina la composición de la Comisión creada por la disposición adicional primera de la Ley 1/1982, de 24 de febrero."
1983-07-29,180,1,BOE-A-1983-20905,MINISTERIO DE ASUNTOS EXTERIORES,estatal,Real Decreto,20958,20959,"Real Decreto 2000/1983, de 28 de julio, por el que se modifican determinados artículos del Real Decreto 3033/1976, de 3 de diciembre, sobre ascensos y provisión de puestos en la Carrera Diplomática."
1983-07-29,180,1,BOE-A-1983-20906,MINISTERIO DE TRABAJO Y SEGURIDAD SOCIAL,estatal,Real Decreto,20959,20963,"Real Decreto 2001/1983, de 28 de julio, sobre regulación de la jornada de trabajo, jornadas especiales y descansos."
1983-07-29,180,1,BOE-A-1983-20907,MINISTERIO DE TRABAJO Y SEGURIDAD SOCIAL,estatal,Resolución,20963,20964,"Resolución de 4 de julio de 1983, de la Dirección General de Acción Social, sobre delegación de atribuciones en los Subdirectores generales de Estudios y Normativa y de Coordinación."
1983-07-29,180,1,BOE-A-1983-20908,MINISTERIO DE INDUSTRIA Y ENERGÍA,estatal,Orden,20964,20964,"Orden de 21 de julio de 1983 por la que se modifican el punto 3 de la Instrucción Técnica Complementaria MI-IF-004, incluyendo la tabla IV, y el punto 3 de la Instrucción Técnica Complementaria MI-IF-016 del Reglamento de Seguridad para Plantas e Instalaciones Frigoríficas."
1983-07-30,181,1,BOE-A-1983-20992,PRESIDENCIA DEL GOBIERNO,estatal,Real Decreto,21149,21149,"Real Decreto 2005/1983, de 15 de junio, por el que se concede franquicia postal y telegráfica a los órganos e Instituciones de la Comunidad Autónoma de Cantabria."
1983-07-30,181,1,BOE-A-1983-20993,PRESIDENCIA DEL GOBIERNO,estatal,Real Decreto,21149,21149,"Real Decreto 2006/1983, de 15 de junio, por el que se concede franquicia postal y telegráfica a los órganos e Instituciones de la Comunidad Autónoma de la Región de Murcia."
1983-07-30,181,1,BOE-A-1983-20994,PRESIDENCIA DEL GOBIERNO,estatal,Real Decreto,21149,21149,"Real Decreto 2007/1983, de 15 de junio, por el que se concede franquicia postal y telegráfica a los órganos institucionales de la Comunidad Foral de Navarra."
1983-07-30,181,1,BOE-A-1983-20995,PRESIDENCIA DEL GOBIERNO,estatal,Real Decreto,21149,21150,"Real Decreto 2008/1983, de 15 de junio, por el que se concede franquicia postal y telegráfica a los órganos e Instituciones de la Comunidad Autónoma de Extremadura."
1983-07-30,181,1,BOE-A-1983-20996,PRESIDENCIA DEL GOBIERNO,estatal,Real Decreto,21150,21150,"Real Decreto 2009/1983, de 15 de junio, por el que se concede franquicia postal y telegráfica a los órganos e Instituciones de la Comunidad Autónoma de las Islas Baleares."
1983-07-30,181,1,BOE-A-1983-20997,PRESIDENCIA DEL GOBIERNO,estatal,Real Decreto,21150,21150,"Real Decreto 2010/1983, de 15 de junio, por el que se concede franquicia postal y telegráfica a los órganos e Instituciones de la Comunidad Autónoma de Madrid."
1983-07-30,181,1,BOE-A-1983-20998,PRESIDENCIA DEL GOBIERNO,estatal,Real Decreto,21150,21150,"Real Decreto 2011/1983, de 15 de junio, por el que se concede franquicia postal y telegráfica a los órganos e Instituciones de la Comunidad Autónoma de Castilla-León."
1983-07-30,181,1,BOE-A-1983-20999,PRESIDENCIA DEL GOBIERNO,estatal,Corrección,21150,21150,Corrección de errores de la Orden de 6 de julio de 1983 por la que se aprueba la norma de calidad para la patata de consumo destinada al mercado interior.
1983-07-30,181,1,BOE-A-1983-21000,MINISTERIO DE JUSTICIA,estatal,Real Decreto,21151,21151,"Real Decreto 2012/1983, de 28 de julio, sobre cancelación de antecedentes penales."
1983-07-30,181,1,BOE-A-1983-21001,MINISTERIO DE ECONOMÍA Y HACIENDA,estatal,Real Decreto,21151,21152,"Real Decreto 2013/1983, de 13 de julio, por el que se constituye una Comisión interministerial destinada a estudiar y elevar propuesta al Gobierno sobre la concesión de pensiones a militares profesionales del Ejército de la República."
1983-07-30,181,1,BOE-A-1983-21002,MINISTERIO DE ECONOMÍA Y HACIENDA,estatal,Real Decreto,21152,21152,"Real Decreto 2014/1983, de 28 de julio, por el que se prorroga la suspensión parcial de los derechos arancelarios de normal aplicación."
1983-07-30,181,1,BOE-A-1983-21003,MINISTERIO DE ECONOMÍA Y HACIENDA,estatal,Orden,21152,21154,Orden de 28 de julio de 1983 sobre fijación del derecho compensatorio variable para la importación de productos sometidos a este régimen.
1983-07-30,181,1,BOE-A-1983-21004,MINISTERIO DE ECONOMÍA Y HACIENDA,estatal,Orden,21154,21156,Orden de 28 de julio de 1983 sobre fijación del derecho regulador para la importación de productos sometidos a este régimen.
1983-07-30,181,1,BOE-A-1983-21005,MINISTERIO DE SANIDAD Y CONSUMO,estatal,Orden,21156,21156,Orden de 22 de julio de 1983 por la que se regula la inclusión de las medias elásticas terapéuticas en la prestación farmacéutica de la Seguridad Social.
1983-08-01,182,1,BOE-A-1983-21062,PRESIDENCIA DEL GOBIERNO,estatal,Real Decreto,21244,21246,"Real Decreto 2019/1983, de 29 de junio, sobre ampliación de medios personales y presupuestarios a la Generalidad de Cataluña en materia de disciplina del mercado."
1983-08-01,182,1,BOE-A-1983-21063,PRESIDENCIA DEL GOBIERNO,estatal,Real Decreto,21247,21251,"Real Decreto 2020/1983, de 29 de junio, sobre traspaso de funciones y servicios de la Administración del Estado a la Generalidad de Cataluña en materia de fundaciones benéfico-asistenciales."
1983-08-01,182,1,BOE-A-1983-21064,MINISTERIO DE ASUNTOS EXTERIORES,estatal,Tratado o acuerdo internacional,21251,21251,"Entrada en vigor del Acuerdo de Cooperación entre el Gobierno de España y la Comisión Económica para América Latina de las Naciones Unidas, firmado en Madrid el 12 de febrero de 1982. Publicado en el «Boletín Oficial del Estado» número 65, de 17 de marzo de 1982."
1983-08-01,182,1,BOE-A-1983-21065,MINISTERIO DE ASUNTOS EXTERIORES,estatal,Otras,21251,21254,"Protocolos 1983, para la Nueva Prórroga del Convenio sobre el Comercio del Trigo, 1971, y del Convenio sobre la Ayuda Alimentaria, 1980, que constituyen el Convenio Internacional del Trigo, 1971 (Londres, 1 de diciembre de 1982)."
1983-08-01,182,1,BOE-A-1983-21066,MINISTERIO DE ECONOMÍA Y HACIENDA,estatal,Corrección,21254,21254,Corrección de errores de la Orden de 27 de junio de 1983 por la que se regula la exportación de tomate fresco de invierno.
1983-08-01,182,1,BOE-A-1983-21067,"MINISTERIO DE TRANSPORTES, TURISMO Y COMUNICACIONES",estatal,Orden,21254,21261,Orden de 30 de junio de 1983 sobre reglamentación específica de los equipos ERT-27.
1983-08-01,182,1,BOE-A-1983-21068,"MINISTERIO DE TRANSPORTES, TURISMO Y COMUNICACIONES",estatal,Resolución,21261,21261,"Resolución de 15 de julio de 1983, de la Delegación del Gobierno en la Compañía Telefónica Nacional de España, por la que se aprueban las tarifas correspondientes a abonados telefónicos para comunicación exclusivamente de entrada."
1983-08-02,183,1,BOE-A-1983-21119,PRESIDENCIA DEL GOBIERNO,estatal,Real Decreto,21341,21342,"Real Decreto 2031/1983, de 29 de junio, sobre traspaso de funciones a la Comunidad Autónoma de Andalucía en materia de Cámaras Oficiales de la Propiedad Urbana."
1983-08-02,183,1,BOE-A-1983-21120,PRESIDENCIA DEL GOBIERNO,estatal,Real Decreto,21342,21343,"Real Decreto 2032/1983, de 29 de junio, sobre traspaso de funciones a la Comunidad Autónoma de Castilla-La Mancha en materia de Cámaras Oficiales de la Propiedad Urbana."
1983-08-02,183,1,BOE-A-1983-21121,PRESIDENCIA DEL GOBIERNO,estatal,Real Decreto,21343,21344,"Real Decreto 2033/1983, de 29 de junio, sobre traspaso de servicios del Estado a la Generalidad de Cataluña, en materia de semillas y plantas de vivero."
1983-08-02,183,1,BOE-A-1983-21122,MINISTERIO DE ASUNTOS EXTERIORES,estatal,Tratado o acuerdo internacional,21345,21346,"Convenio de 7 de abril de 1981 de cooperación cultural, educativa y científica entre España y la República Popular de China, hecho en Madrid."
1983-08-02,183,1,BOE-A-1983-21123,MINISTERIO DE ECONOMÍA Y HACIENDA,estatal,Instrucción o circular,21346,21346,"Circular número 892, de 14 de julio de 1983, de la Dirección General de Aduanas e Impuestos Especiales, sobre la importación temporal de receptores individuales de radio."
1983-08-02,183,1,BOE-A-1983-21124,MINISTERIO DE ECONOMÍA Y HACIENDA,estatal,Instrucción o circular,21346,21346,"Circular número 893, de 15 de julio de 1983, de la Dirección General de Aduanas e Impuestos Especiales, por la que se modifican determinadas disposiciones de la Circular 869, sobre aplicación del Acuerdo España-CEE."
1983-08-02,183,1,BOE-A-1983-21125,MINISTERIO DE EDUCACIÓN Y CIENCIA,estatal,Orden,21346,21347,"Orden de 19 de julio de 1983 por la que se regulan las actividades de final y comienzo, respectivamente, de los cursos 1982-83 y 1983-84."
1983-08-02,183,1,BOE-A-1983-21126,MINISTERIO DE CULTURA,estatal,Corrección,21347,21347,Corrección de erratas de la Orden de 30 de junio de 1983 sobre calificación de películas cinematográficas.
1983-08-03,184,1,BOE-A-1983-21194,PRESIDENCIA DEL GOBIERNO,estatal,Real Decreto,21437,21437,"Real Decreto 2035/1983, de 28 de julio, modificando el Real Decreto 369/1982, de 12 de febrero, sobre producción, consumo y financiación del tabaco en rama."
1983-08-03,184,1,BOE-A-1983-21195,MINISTERIO DE ASUNTOS EXTERIORES,estatal,Tratado o acuerdo internacional,21438,21438,"Acuerdo de 21 de junio de 1983, de Cooperación Técnica entre el Gobierno de Costa Rica y el Gobierno de España, complementario del Convenio de Cooperación Social Hispano-Costarricense, para el desarrollo de un programa en materia socio-laboral con el Ministerio de Trabajo y Seguridad Social de Costa Rica. Firmado en Madrid."
1983-08-03,184,1,BOE-A-1983-21196,MINISTERIO DE ECONOMÍA Y HACIENDA,estatal,Orden,21438,21439,"Orden de 21 de julio de 1983 por la que se dictan normas para la ejecución de la Ley 3/1983, de 29 de junio, de habilitación de créditos para regularizar anticipos de fondos y atender insuficiencias presupuestarias de ejercicios anteriores a 1983."
1983-08-03,184,1,BOE-A-1983-21197,MINISTERIO DE TRABAJO Y SEGURIDAD SOCIAL,estatal,Corrección,21440,21440,"Corrección de errores del Real Decreto 2001/1983, de 28 de julio, sobre regulación de la jornada de trabajo, jornadas especiales y descansos."
1983-08-03,184,1,BOE-A-1983-21198,MINISTERIO DE TRABAJO Y SEGURIDAD SOCIAL,estatal,Orden,21440,21443,"Orden de 22 de julio de 1983, por la que se modifica la estructura orgánica de los Servicios Centrales del Instituto Nacional de la Seguridad Social."
1983-08-03,184,1,BOE-A-1983-21199,MINISTERIO DE SANIDAD Y CONSUMO,estatal,Orden,21444,21444,Orden de 22 de julio de 1983 por la que se incluye en la lista II anexa al Convenio sobre Sustancias Sicotrópicas de 1971 a la sustancia Metacualona.
1983-08-03,184,1,BOE-A-1983-21200,MINISTERIO DE SANIDAD Y CONSUMO,estatal,Orden,21444,21444,"Orden de 22 de julio de 1983 por la que se incluyen en la lista IV anexa al Convenio sobre Sustancias Sicotrópicas de 1971, a las sustancias Fendimetrazina y Fentermina."
1983-08-03,184,1,BOE-A-1983-21201,MINISTERIO DE SANIDAD Y CONSUMO,estatal,Orden,21444,21444,"Orden de 22 de julio de 1983 por la que se incluyen en la lista IV anexa al Convenio sobre Sustancias Sicotrópicas de 1971, a las sustancias Benzfetamina y Mazindol."
1983-08-04,185,1,BOE-A-1983-21260,TRIBUNAL CONSTITUCIONAL,estatal,Resolución judicial,21533,21533,"Conflicto positivo de competencia número 505/1983, promovido por el Consejo Ejecutivo de la Generalidad de Cataluña contra la Resolución de 14 de marzo de 1983 de la Dirección General de la Salud."
1983-08-04,185,1,BOE-A-1983-21261,TRIBUNAL CONSTITUCIONAL,estatal,Resolución judicial,21533,21533,"Conflicto positivo de competencia número 506/1983, promovido por el Consejo Ejecutivo de la Generalidad de Cataluña contra la Orden de 8 de marzo de 1983 del Ministerio de Economía y Hacienda."
1983-08-04,185,1,BOE-A-1983-21262,TRIBUNAL CONSTITUCIONAL,estatal,Resolución judicial,21533,21533,"Recurso de inconstitucionalidad número 517/1983, promovido por el Presidente del Gobierno contra la Ley 7/1983, de 18 de abril, del Parlamento de Cataluña."
1983-08-04,185,1,BOE-A-1983-21263,PRESIDENCIA DEL GOBIERNO,estatal,Real Decreto,21533,21534,"Real Decreto 2049/1983, de 29 de junio, sobre traspaso de funciones a la Comunidad Autónoma de Canarias en materia de Cámaras Oficiales de la Propiedad Urbana."
1983-08-04,185,1,BOE-A-1983-21264,PRESIDENCIA DEL GOBIERNO,estatal,Real Decreto,21534,21535,"Real Decreto 2050/1983, de 29 de junio, sobre traspaso de funciones a la Comunidad Valenciana en materia de Cámaras Oficiales de la Propiedad Urbana."
1983-08-04,185,1,BOE-A-1983-21265,PRESIDENCIA DEL GOBIERNO,estatal,Real Decreto,21535,21536,"Real Decreto 2051/1983, de 28 de julio, por el que se establece la estructura orgánica de la Dirección General de Armamento y Material."
1983-08-04,185,1,BOE-A-1983-21266,PRESIDENCIA DEL GOBIERNO,estatal,Real Decreto,21536,21536,"Real Decreto 2052/1983, de 28 de julio, por el que se crea la Subdirección General de Inspección del Transporte Terrestre."
1983-08-04,185,1,BOE-A-1983-21267,PRESIDENCIA DEL GOBIERNO,estatal,Real Decreto,21536,21537,"Real Decreto 2053/1983, de 28 de julio, por el que se establecen las normas de regulación de la campaña lechera 1983-84."
1983-08-04,185,1,BOE-A-1983-21268,PRESIDENCIA DEL GOBIERNO,estatal,Corrección,21537,21538,"Corrección de errores del Real Decreto 1992/1983, de 20 de julio, sobre traspaso de funciones y servicios de la Administración del Estado a la Comunidad Autónoma de Madrid en materia de ordenación del territorio, Urbanismo y Medio Ambiente. (Continuación)"
1983-08-04,185,1,BOE-A-1983-21269,PRESIDENCIA DEL GOBIERNO,estatal,Orden,21538,21538,"Orden de 29 de julio de 1983 por la que se establece nuevo plazo de solicitud de la subvención complementaria de intereses prevista en el Real Decreto 372/1982, de 12 de febrero."
1983-08-04,185,1,BOE-A-1983-21270,MINISTERIO DE ASUNTOS EXTERIORES,estatal,Tratado o acuerdo internacional,21538,21538,"Entrada en vigor del Convenio Básico de Colaboración Científica y Técnica entre el Gobierno del Reino de España y el Gobierno de la República de Cuba, hecho en La Habana el 10 de septiembre de 1978 (publicado en el «Boletín Oficial del Estado» número 268, de 9 de noviembre de 1978)."
1983-08-04,185,1,BOE-A-1983-21271,MINISTERIO DE ECONOMÍA Y HACIENDA,estatal,Orden,21538,21539,"Orden de 14 de julio de 1983 (Rectificada) en desarrollo del Real Decreto 226/1982, de 15 de enero."
1983-08-04,185,1,BOE-A-1983-21272,MINISTERIO DE OBRAS PÚBLICAS Y URBANISMO,estatal,Orden,21539,21541,Orden de 4 de julio de 1983 por la que se modifica la Orden de 23 de mayo que establece una nueva clasificación sistemática de normas tecnológicas de la edificación.
1983-08-04,185,1,BOE-A-1983-21273,MINISTERIO DE TRABAJO Y SEGURIDAD SOCIAL,estatal,Orden,21541,21544,Orden de 26 de julio de 1983 por la que se completa la estructura orgánica del Ministerio de Trabajo y Seguridad Social.
1983-08-05,186,1,BOE-A-1983-21325,PRESIDENCIA DEL GOBIERNO,estatal,Real Decreto,21632,21633,"Real Decreto 2070/1983, de 29 de junio, sobre traspaso de funciones a la Comunidad Autónoma de Andalucía en materia de Colegios Oficiales o Profesionales."
1983-08-05,186,1,BOE-A-1983-21326,PRESIDENCIA DEL GOBIERNO,estatal,Real Decreto,21633,21634,"Real Decreto 2071/1983, de 29 de junio, sobre traspaso de funciones a la Comunidad Autónoma de Castilla-La Mancha en materia de Colegios Oficiales o Profesionales."
1983-08-05,186,1,BOE-A-1983-21327,PRESIDENCIA DEL GOBIERNO,estatal,Real Decreto,21634,21634,"Real Decreto 2072/1983, de 28 de julio, por el que se modifica parcialmente el Real Decreto 709/1982, de 5 de marzo, por el que se regula la publicidad y consumo del tabaco."
1983-08-05,186,1,BOE-A-1983-21328,PRESIDENCIA DEL GOBIERNO,estatal,Real Decreto,21634,21634,"Real Decreto 2073/1983, de 4 de agosto, por el que se modifican los plazos de limitaciones de pesos en las compras de añojos en régimen de garantía."
1983-08-05,186,1,BOE-A-1983-21329,"MINISTERIO DE AGRICULTURA, PESCA Y ALIMENTACIÓN",estatal,Orden,21634,21635,"Orden de 26 de julio de 1983 por la que se establecen actuaciones de promoción de las Agrupaciones para Tratamientos Integrados de Agricultura (ATRIAS), contra las plagas de los diferentes cultivos."
1983-08-05,186,1,BOE-A-1983-21330,MINISTERIO DE SANIDAD Y CONSUMO,estatal,Orden,21635,21635,"Orden de 3 de agosto de 1983 por la que se da nueva redacción a determinados artículos de la Orden de 27 de junio de 1980, reguladora del Fondo de Investigaciones Sanitarias de la Seguridad Social."
1983-08-05,186,1,BOE-A-1983-21331,MINISTERIO DE SANIDAD Y CONSUMO,estatal,Corrección,21635,21635,"Corrección de erratas de la Orden de 4 de julio de 1983 por la que se desarrolla el Real Decreto-ley 13/1981, artículo 2.º, de 20 de agosto, sobre determinación de la base reguladora de la pensión de jubilación en la Seguridad Social, en las situaciones de pluriempleo."
1983-08-06,187,1,BOE-A-1983-21470,PRESIDENCIA DEL GOBIERNO,estatal,Real Decreto,21821,21822,"Real Decreto 2088/1983, de 29 de junio, sobre traspaso de funciones a la Comunidad Autónoma de Canarias en materia de Colegios Oficiales o Profesionales."
1983-08-06,187,1,BOE-A-1983-21471,PRESIDENCIA DEL GOBIERNO,estatal,Real Decreto,21822,21822,"Real Decreto 2089/1983, de 29 de junio, sobre traspaso de funciones a la Comunidad Valenciana en materia de Colegios Oficiales o Profesionales."
1983-08-06,187,1,BOE-A-1983-21472,PRESIDENCIA DEL GOBIERNO,estatal,Real Decreto,21823,21823,"Real Decreto 2090/1983, de 29 de junio, sobre traspasos a la Generalidad de Cataluña de funciones y servicios del Estado en materia de guarderías laborales infantiles."
1983-08-06,187,1,BOE-A-1983-21473,PRESIDENCIA DEL GOBIERNO,estatal,Real Decreto,21823,21832,"Real Decreto 2091/1983, de 28 de julio, sobre traspaso de funciones y servicios de la Administración del Estado a la Comunidad Autónoma de Canarias en materia de educación."
1983-08-06,187,1,BOE-A-1983-21474,PRESIDENCIA DEL GOBIERNO,estatal,Real Decreto,21832,21838,"Real Decreto 2092/1983, de 28 de julio, sobre valoración definitiva y ampliación de medios adscritos a los servicios traspasados a la Comunidad Autónoma de Galicia en materia de educación."
1983-08-06,187,1,BOE-A-1983-21475,PRESIDENCIA DEL GOBIERNO,estatal,Real Decreto,21839,21847,"Real Decreto 2093/1983, de 28 de julio, sobre traspaso de funciones y servicios de la Administración del Estado a la Comunidad Valenciana en materia de educación."
1983-08-06,187,1,BOE-A-1983-21476,MINISTERIO DE ASUNTOS EXTERIORES,estatal,Real Decreto,21848,21848,"Real Decreto 2094/1983, de 28 de julio, por el que se desarrollan algunos aspectos del Convenio de Amistad, Defensa y Cooperación entre España y los Estados Unidos de América."
1983-08-06,187,1,BOE-A-1983-21477,MINISTERIO DE ECONOMÍA Y HACIENDA,estatal,Orden,21848,21851,Orden de 4 de agosto de 1983 sobre fijación del derecho compensatorio variable para la importación de productos sometidos a este régimen.
1983-08-06,187,1,BOE-A-1983-21478,MINISTERIO DE ECONOMÍA Y HACIENDA,estatal,Orden,21851,21853,Orden de 4 de agosto de 1983 sobre fijación del derecho regulador para la importación de productos sometidos a este régimen.
1983-08-06,187,1,BOE-A-1983-21479,MINISTERIO DE ECONOMÍA Y HACIENDA,estatal,Corrección,21853,21853,"Corrección de errores de la Circular número 891, de 31 de mayo de 1983, de la Dirección General de Aduanas e Impuestos Especiales, por la que se recopilan las disposiciones sobre tasas y exacciones parafiscales aplicables en las Aduanas."
1983-08-06,187,1,BOE-A-1983-21480,"MINISTERIO DE AGRICULTURA, PESCA Y ALIMENTACIÓN",estatal,Orden,21853,21859,Orden de 19 de julio de 1983 por la que se aprueba el Reglamento de Concesiones para el Cultivo del Tabaco.
1983-08-08,188,1,BOE-A-1983-50026,PRESIDENCIA DEL GOBIERNO,estatal,Real Decreto,21917,21923,"Real Decreto 2091/1983, de 28 de julio, sobre traspaso de funciones y servicios de la Administración del Estado a la Comunidad Autónoma de Canarias en materia de Educación. (Continuación.)."
1983-08-08,188,1,BOE-A-1983-50050,PRESIDENCIA DEL GOBIERNO,estatal,Real Decreto,21923,21929,"Real Decreto 2093/1983, de 28 de julio, sobre traspaso de funciones y servicios de la Administración del Estado a la Comunidad Valenciana en materia de Educación. (Continuación.)."
1983-08-08,188,1,BOE-A-1983-21534,PRESIDENCIA DEL GOBIERNO,estatal,Real Decreto,21930,21932,"Real Decreto 2099/1983, de 4 de agosto, por el que se aprueba el Ordenamiento General de Precedencias en el Estado."
1983-08-08,188,1,BOE-A-1983-21535,PRESIDENCIA DEL GOBIERNO,estatal,Real Decreto,21932,21932,"Real Decreto 2100/1983, de 4 de agosto, por el que se completa la estructura orgánica de la Secretaría del Presidente del Gobierno."
1983-08-08,188,1,BOE-A-1983-21536,PRESIDENCIA DEL GOBIERNO,estatal,Real Decreto,21932,21933,"Real Decreto 2101/1983, de 4 de agosto, por el que se crea la Jefatura de Protocolo del Estado."
1983-08-08,188,1,BOE-A-1983-21537,PRESIDENCIA DEL GOBIERNO,estatal,Real Decreto,21933,21933,"Real Decreto 2102/1983, de 4 de agosto, por el que se establece el Estatuto de los ex Presidentes del Gobierno."
1983-08-08,188,1,BOE-A-1983-21538,PRESIDENCIA DEL GOBIERNO,estatal,Real Decreto,21933,21933,"Real Decreto 2103/1983, de 4 de agosto, por el que se extiende el otorgamiento de condecoraciones de la Orden de Carlos III a Damas."
1983-08-08,188,1,BOE-A-1983-21539,PRESIDENCIA DEL GOBIERNO,estatal,Orden,21933,21934,Orden de 5 de agosto de 1983 por la que se fijan los precios máximos de venta de las leches higienizada y concentrada.
1983-08-08,188,1,BOE-A-1983-21540,MINISTERIO DE ECONOMÍA Y HACIENDA,estatal,Orden,21935,21936,"Orden de 24 de mayo de 1983 por la que se deroga la Orden de 7 de septiembre de 1981, de desarrollo del Real Decreto 791/1981, y se aprueban nuevos modelos de declaración de alta en la Licencia Fiscal de Actividades Comerciales e Industriales y de cambio de domicilio de datos en matrícula."
1983-08-08,188,1,BOE-A-1983-21541,MINISTERIO DE ECONOMÍA Y HACIENDA,estatal,Orden,21937,21937,Orden de 29 de julio de 1983 por la que se aclaran dudas surgidas en la aplicación de ciertos conceptos tributarios a las Entidades comprendidas en los artículos IV y V del Acuerdo entre el Estado Español y la Santa Sede de 3 de enero de 1979.
1983-08-08,188,1,BOE-A-1983-21542,MINISTERIO DE ECONOMÍA Y HACIENDA,estatal,Orden,21937,21937,Orden de 2 de agosto de 1983 sobre remuneración de los depósitos obligatorios de las Entidades de Depósito en el Banco de España.
1983-08-08,188,1,BOE-A-1983-21543,MINISTERIO DE INDUSTRIA Y ENERGÍA,estatal,Real Decreto,21937,21938,"Real Decreto 2104/1983, de 1 de junio, por el que se crea, por segregación, el Colegio Oficial de Ingenieros Industriales de Extremadura."
1983-08-08,188,1,BOE-A-1983-21544,MINISTERIO DE INDUSTRIA Y ENERGÍA,estatal,Orden,21938,21938,Orden de 1 de agosto de 1983 por la que se regula la ejecución del programa de Investigación y Desarrollo Tecnológico Electrotécnico.
1983-08-08,188,1,BOE-A-1983-21545,MINISTERIO DE CULTURA,estatal,Real Decreto,21938,21939,"Real Decreto 2105/1983, de 25 de mayo, sobre constitución, por segregación, del Colegio Oficial de Profesores de Educación Física de Asturias."
1983-08-08,188,1,BOE-A-1983-21546,MINISTERIO DE CULTURA,estatal,Real Decreto,21939,21939,"Real Decreto 2106/1983, de 15 de junio, por el que se modifica la denominación de los Colegios Oficiales de Profesores de Educación Física y del Consejo General de Colegios de Profesores de Educación Física de España."
1983-08-08,188,1,BOE-A-1983-21547,MINISTERIO DE CULTURA,estatal,Corrección,21939,21939,Corrección de errores de la Orden de 30 de junio de 1983 sobre calificación de los espectáculos teatrales y artísticos.
1983-08-09,189,1,BOE-A-1983-50027,PRESIDENCIA DEL GOBIERNO,estatal,Real Decreto,22013,22019,"Real Decreto 2091/1983, de 26 de julio, sobre traspaso de funciones y servicios de la Administración del Estado a la Comunidad Autónoma de Canarias en materia de Educación. (Continuación.)."
1983-08-09,189,1,BOE-A-1983-50051,PRESIDENCIA DEL GOBIERNO,estatal,Real Decreto,22019,22024,"Real Decreto 2093/1983, de 26 de julio, sobre traspaso de funciones y servicios de la Administración del Estado a la Comunidad Valenciana en materia de Educación. (Continuación.)."
1983-08-09,189,1,BOE-A-1983-21601,PRESIDENCIA DEL GOBIERNO,estatal,Real Decreto,22024,22025,"Real Decreto 2121/1983, de 28 de julio, sobre financiación de viviendas acogidas a regímenes de protección oficial anteriores al establecido por el Real Decreto-ley 31/1978, de 31 de octubre."
1983-08-09,189,1,BOE-A-1983-21602,PRESIDENCIA DEL GOBIERNO,estatal,Corrección,22025,22025,"Corrección de erratas del Real Decreto 2099/1983, de 4 de agosto, por el que se aprueba el Ordenamiento General de Precedencias en el Estado."
1983-08-09,189,1,BOE-A-1983-21603,MINISTERIO DE ECONOMÍA Y HACIENDA,estatal,Corrección,22025,22025,"Corrección de errores del Real Decreto 1062/1983, de 30 de marzo, por el que se modifica el anexo a la Ordenanza Fiscal reguladora de la Tarifa Especial del Arbitrio Insular a la Entrada de Mercancías en las islas Canarias."
1983-08-09,189,1,BOE-A-1983-21604,MINISTERIO DE ECONOMÍA Y HACIENDA,estatal,Orden,22025,22025,"Orden de 3 de agosto de 1983 sobre índices de mano de obra y materiales de la construcción para los meses de marzo y abril de 1983, aplicables a la revisión de precios de contratos de obras del Estado."
1983-08-09,189,1,BOE-A-1983-21605,MINISTERIO DEL INTERIOR,estatal,Corrección,22026,22026,"Corrección de errores del Real Decreto 1895/1983, de 6 de julio, por el que se modifica el Real Decreto 1794/1981, de 24 de julio, por el que se aprobó el Reglamento de Máquinas Recreativas y de Azar."
1983-08-09,189,1,BOE-A-1983-21606,"MINISTERIO DE AGRICULTURA, PESCA Y ALIMENTACIÓN",estatal,Orden,22026,22026,Orden de 26 de julio de 1983 sobre fomento de explotaciones ganaderas en determinadas zonas desfavorecidas y en las de montaña.
1983-08-10,190,1,BOE-A-1983-50028,PRESIDENCIA DEL GOBIERNO,estatal,Real Decreto,22086,22093,"Real Decreto 2091/1983, de 28 de julio, sobre traspaso de funciones y servicios de la Administración del Estado a la Comunidad Autónoma de Canarias en materia de Educación. (Continuación.)."
1983-08-10,190,1,BOE-A-1983-50052,PRESIDENCIA DEL GOBIERNO,estatal,Real Decreto,22093,22097,"Real Decreto 2093/1983, de 28 de julio, sobre traspaso de funciones y servicios de la Administración del Estado a la Comunidad Valenciana en materia de Educación. (Continuación.)."
1983-08-10,190,1,BOE-A-1983-21661,MINISTERIO DE ECONOMÍA Y HACIENDA,estatal,Real Decreto,22097,22097,"Real Decreto 2132/1983, de 1 de junio, por el que se modifican las partidas 29.28, 47.02, 91.04 y 91.08 del Arancel de Aduanas."
1983-08-10,190,1,BOE-A-1983-21662,MINISTERIO DE ECONOMÍA Y HACIENDA,estatal,Corrección,22097,22097,"Corrección de erratas del Real Decreto 1938/1983, de 15 de junio, por el que se establecen modificaciones temporales de los derechos arancelarios aplicables a determinadas mercancías."
1983-08-10,190,1,BOE-A-1983-21663,MINISTERIO DE ECONOMÍA Y HACIENDA,estatal,Corrección,22097,22098,"Corrección de erratas del Real Decreto 1936/1983, de 15 de junio, por el que se modifica temporalmente el derecho arancelario aplicable a determinadas preparaciones utilizadas en avicultura como pigmentantes (P. A. 32.04 del Arancel de Aduanas)."
1983-08-10,190,1,BOE-A-1983-21664,MINISTERIO DE ECONOMÍA Y HACIENDA,estatal,Orden,22098,22099,"Orden de 3 de agosto de 1983 por la que se reorganizan los Servicios de Inspección de la Administración Territorial de la Hacienda Pública, dependiente de la Dirección General de Inspección Financiera y Tributaria, y se modifica la Orden de 23 de mayo de 1980."
1983-08-10,190,1,BOE-A-1983-21665,MINISTERIO DE ECONOMÍA Y HACIENDA,estatal,Instrucción o circular,22099,22102,"Circular número 895, de 26 de julio de 1983, de la Dirección General de Aduanas e Impuestos Especiales, sobre asignación de claves estadísticas."
1983-08-11,191,1,BOE-A-1983-50029,PRESIDENCIA DEL GOBIERNO,estatal,Real Decreto,22183,22192,"Real Decreto 2091/1983, de 28 de julio, sobre traspaso de funciones y servicios de la Administración del Estado a la Comunidad Autónoma de Canarias en materia de Educación. (Continuación)."
1983-08-11,191,1,BOE-A-1983-50053,PRESIDENCIA DEL GOBIERNO,estatal,Real Decreto,22193,22202,"Real Decreto 2093/1983, de 28 de julio, sobre traspaso de funciones y servicios de la Administración del Estado a la Comunidad Valenciana en materia de Educación. (Continuación)."
1983-08-11,191,1,BOE-A-1983-21743,MINISTERIO DE ASUNTOS EXTERIORES,estatal,Corrección,22203,22203,"Corrección de errores del Canje de Notas de 3 de enero de 1983 y 15 de febrero de 1983, constitutivo de Acuerdo, entre España y Estados Unidos sobre retrocesión de la subestación de Cebreros."
1983-08-11,191,1,BOE-A-1983-21744,MINISTERIO DE ECONOMÍA Y HACIENDA,estatal,Corrección,22203,22203,"Corrección de erratas de la Orden de 3 de agosto de 1983 sobre índices de mano de obra y materiales de la construcción para los meses de marzo y abril de 1983, aplicables a la revisión de precios de contratos de obras del Estado."
1983-08-11,191,1,BOE-A-1983-21745,MINISTERIO DE ECONOMÍA Y HACIENDA,estatal,Resolución,22203,22203,"Resolución de 29 de julio de 1983, de la Dirección General del Tesoro y Política Financiera, sobre condiciones de funcionamiento de las entidades de financiación."
1983-08-11,191,1,BOE-A-1983-21746,MINISTERIO DE ECONOMÍA Y HACIENDA,estatal,Corrección,22203,22203,"Corrección de errores de la Resolución de 29 de junio de 1983, de la Dirección General de Exportación, por la que se crea un régimen especial para la incorporación de nuevos cosecheros exportadores de tomate fresco de invierno."
1983-08-11,191,1,BOE-A-1983-21747,"MINISTERIO DE AGRICULTURA, PESCA Y ALIMENTACIÓN",estatal,Orden,22203,22205,Orden de 29 de julio de 1983 sobre mejora de la estructura productiva de la ganadería ovina.
1983-08-11,191,1,BOE-A-1983-21748,"MINISTERIO DE AGRICULTURA, PESCA Y ALIMENTACIÓN",estatal,Orden,22205,22206,"Orden de 30 de julio de 1983 por la que se regula el ejercicio de la pesca con el arte de «rasco» dentro del caladero nacional, en el litoral Cantábrico y Noroeste."
1983-08-11,191,1,BOE-A-1983-21749,"MINISTERIO DE AGRICULTURA, PESCA Y ALIMENTACIÓN",estatal,Orden,22206,22207,"Orden de 30 de de junio de 1983 por la que se regula el ejercicio de la pesca con el arte de «volanta», dentro del caladero nacional, en el litoral Cantábrico y Noroeste."
1983-08-12,192,1,BOE-A-1983-50030,PRESIDENCIA DEL GOBIERNO,estatal,Real Decreto,22278,22282,"Real Decreto 2091/1983, de 28 de julio, sobre traspaso de funciones y servicios de la Administración del Estado a la Comunidad Autónoma de Canarias en materia de Educación. (Continuación)."
1983-08-12,192,1,BOE-A-1983-50054,PRESIDENCIA DEL GOBIERNO,estatal,Real Decreto,22283,22286,"Real Decreto 2093/1983, de 28 de julio, sobre traspaso de funciones y servicios de la Administración del Estado a la Comunidad Valenciana en materia de Educación. (Continuación)."
1983-08-12,192,1,BOE-A-1983-21839,MINISTERIO DE JUSTICIA,estatal,Real Decreto,22287,22287,"Real Decreto 2141/1983, de 22 de junio, por el que se modifica el Decreto 1530/1968, de 12 de junio, por el que se aprueba el Reglamento Orgánico del Ministerio de Justicia."
1983-08-12,192,1,BOE-A-1983-21840,MINISTERIO DE ECONOMÍA Y HACIENDA,estatal,Corrección,22287,22287,"Corrección de errores de la Resolución de 1 de julio de 1983, de la Dirección General de Exportación, sobre bases reguladoras de la campaña de exportación de pepino fresco de invierno 1983-84."
1983-08-12,192,1,BOE-A-1983-21841,MINISTERIO DE EDUCACIÓN Y CIENCIA,estatal,Orden,22287,22288,Orden de 3 de agosto de 1983 por la que se regula la creación de los Círculos de Estudio e Intercambio para la Renovación Educativa (CEIRES).
1983-08-12,192,1,BOE-A-1983-21842,MINISTERIO DE EDUCACIÓN Y CIENCIA,estatal,Orden,22288,22288,"Orden de 3 de agosto de 1983 por la que se suprimen las limitaciones sobre aplicación del Real Decreto 3186/1978, de 1 de diciembre, de desconcentración de funciones en las Direcciones Provinciales del Departamento."
1983-08-12,192,1,BOE-A-1983-21843,"MINISTERIO DE AGRICULTURA, PESCA Y ALIMENTACIÓN",estatal,Orden,22288,22290,"Orden de 30 de julio de 1983 por la que se regula el ejercicio de la pesca con el arte de «arrastre de fondo», dentro del caladero nacional, en el litoral Cantábrico y Noroeste."
1983-08-12,192,1,BOE-A-1983-21844,"MINISTERIO DE AGRICULTURA, PESCA Y ALIMENTACIÓN",estatal,Resolución,22290,22292,"Resolución de 28 de julio de 1983, del Fondo de Ordenación y Regulación de Producciones y Precios Agrarios (FORPPA), por la que se dictan normas para la adquisición de aceites crudos de girasol en aplicación de lo dispuesto en el Real Decreto 1897/1983, de 15 de junio."
1983-08-12,192,1,BOE-A-1983-21845,"MINISTERIO DE TRANSPORTES, TURISMO Y COMUNICACIONES",estatal,Orden,22292,22292,Orden de 29 de julio de 1983 sobre competencias en la prestación del Servicio Facsímil.
1983-08-12,192,1,BOE-A-1983-21846,MINISTERIO DE SANIDAD Y CONSUMO,estatal,Corrección,22292,22292,"Corrección de errores de la Resolución de 20 de junio de 1983, de la Subsecretaría, por la que se dan normas para la homologación de las medias elásticas terapéuticas."
1983-08-13,193,1,BOE-A-1983-21931,TRIBUNAL CONSTITUCIONAL,estatal,Resolución judicial,22373,22373,"Conflicto positivo de competencia número 482/83 promovido por el Gobierno contra el Decreto 84/1983, de 3 de marzo, de la Generalidad de Cataluña."
1983-08-13,193,1,BOE-A-1983-50031,PRESIDENCIA DEL GOBIERNO,estatal,Real Decreto,22373,22377,"Real Decreto 2091/1983, de 28 de julio, sobre traspaso de funciones y servicios de la Administración del Estado a la Comunidad Autónoma de Canarias en materia de Educación. (Continuación)."
1983-08-13,193,1,BOE-A-1983-50055,PRESIDENCIA DEL GOBIERNO,estatal,Real Decreto,22378,22383,"Real Decreto 2093/1983, de 28 de julio, sobre traspaso de funciones y servicios de la Administración del Estado a la Comunidad Valenciana en materia de Educación. (Continuación)."
1983-08-13,193,1,BOE-A-1983-21932,PRESIDENCIA DEL GOBIERNO,estatal,Orden,22384,22386,Orden de 5 de agosto de 1983 por la que se aprueba la norma de calidad para la miel destinada al mercado interior.
1983-08-13,193,1,BOE-A-1983-21933,MINISTERIO DE ECONOMÍA Y HACIENDA,estatal,Orden,22386,22389,Orden de 29 de julio de 1983 por la que se dictan normas sobre declaración de las rentas obtenidas sin mediación de establecimiento permanente por personas o Entidades no residentes en España.
1983-08-13,193,1,BOE-A-1983-21934,"MINISTERIO DE AGRICULTURA, PESCA Y ALIMENTACIÓN",estatal,Orden,22390,22391,"Orden de 30 de julio de 1983 por la que se regula el ejercicio de la pesca con artes de «palangre de fondo» dentro del caladero nacional, en el litoral Cantábrico y Noroeste."
1983-08-13,193,1,BOE-A-1983-21935,"MINISTERIO DE AGRICULTURA, PESCA Y ALIMENTACIÓN",estatal,Orden,22391,22393,Orden de 3 de agosto de 1983 para la promoción y apoyo del desarrollo comunitario en el sector agrario.
1983-08-13,193,1,BOE-A-1983-21936,MINISTERIO DE SANIDAD Y CONSUMO,estatal,Orden,22393,22400,Orden de 27 de julio de 1983 por la que se establecen métodos oficiales de análisis microbiológicos de aguas potables de consumo público.
1983-08-15,194,1,BOE-A-1983-22009,TRIBUNAL CONSTITUCIONAL,estatal,Resolución judicial,22468,22468,"Conflicto positivo de competencia número 194/83, planteado por el Gobierno de la Nación contra los artículos 2 y 4.a) del Decreto del Gobierno Vasco 205/1982, de 2 de noviembre."
1983-08-15,194,1,BOE-A-1983-50032,PRESIDENCIA DEL GOBIERNO,estatal,Real Decreto,22468,22472,"Real Decreto 2091/1983, de 28 de julio, sobre traspaso de funciones y servicios de la Administración del Estado a la Comunidad Autónoma de Canarias en materia de Educación (Continuación.)"
1983-08-15,194,1,BOE-A-1983-50056,PRESIDENCIA DEL GOBIERNO,estatal,Real Decreto,22473,22477,"Real Decreto 2093/1983, de 28 de julio, sobre traspaso de funciones y servicios de la Administración del Estado a la Comunidad Valenciana en materia de Educación. (Continuación.)"
1983-08-15,194,1,BOE-A-1983-22010,MINISTERIO DE ECONOMÍA Y HACIENDA,estatal,Real Decreto,22477,22478,"Real Decreto 2168/1983, de 4 de agosto, por el que se dispone emisiones de Deuda del Estado, interior y amortizable, por un importe conjunto de 100.000 millones de pesetas, ampliable para atender al canje de títulos de la Deuda del Estado, interior y amortizable, al 13 por 100, de 20 de diciembre de 1980."
1983-08-15,194,1,BOE-A-1983-22011,MINISTERIO DE ECONOMÍA Y HACIENDA,estatal,Orden,22478,22478,Orden de 2 de agosto de 1983 sobre atribución de facultades a la Dirección General de Exportación para modificar los requisitos exigibles a la entrada en los Registros Especiales de Exportadores.
1983-08-15,194,1,BOE-A-1983-22012,MINISTERIO DE ECONOMÍA Y HACIENDA,estatal,Resolución,22478,22478,"Resolución de 29 de julio de 1983, de la Dirección General de Exportación, por la que se somete al control del SOIVRE la exportación de los subproductos de la elaboración de aceites y grasas."
1983-08-15,194,1,BOE-A-1983-22013,MINISTERIO DE INDUSTRIA Y ENERGÍA,estatal,Corrección,22478,22478,"Corrección de erratas de la Orden de 31 de mayo de 1983 por la que se desarrolla el Real Decreto 1231/1983, de 20 de abril, que establece la sujeción a normas técnicas de los aparatos electromédicos para monitorización de la vigilancia intensiva de pacientes."
1983-08-15,194,1,BOE-A-1983-22014,MINISTERIO DE SANIDAD Y CONSUMO,estatal,Corrección,22478,22478,"Corrección de errores de la Resolución de 21 de abril de 1983, de la Subsecretaría, por la que se aprueba la lista positiva de aditivos y coadyuvantes tecnológicos para uso en la elaboración de zumos de frutas y de otros vegetales y sus derivados."
1983-08-16,195,1,BOE-A-1983-50033,PRESIDENCIA DEL GOBIERNO,estatal,Real Decreto,22516,22520,"Real Decreto 2091/1983, de 28 de julio, sobre traspaso de funciones y servicios de la Administración del Estado a la Comunidad Autónoma de Canarias en materia de Educación. (Continuación.)"
1983-08-16,195,1,BOE-A-1983-50057,PRESIDENCIA DEL GOBIERNO,estatal,Real Decreto,22521,22525,"Real Decreto 2093/1983, de 28 de julio, sobre traspaso de funciones y servicios de la Administración del Estado a la Comunidad Valenciana en materia de Educación. (Continuación.)"
1983-08-16,195,1,BOE-A-1983-22055,MINISTERIO DE ECONOMÍA Y HACIENDA,estatal,Orden,22526,22527,Orden de 30 de junio de 1983 sobre normas de calidad para el comercio exterior de piñones descascarillados y pelados.
1983-08-16,195,1,BOE-A-1983-22056,MINISTERIO DE ECONOMÍA Y HACIENDA,estatal,Orden,22527,22528,Orden de 14 de julio de 1983 sobre normas de calidad para el comercio exterior de lechugas y escarolas.
1983-08-16,195,1,BOE-A-1983-22057,MINISTERIO DE EDUCACIÓN Y CIENCIA,estatal,Orden,22528,22528,Orden de 4 de agosto de 1983 por la que se fijan los módulos de subvención para la gratuidad y gastos de sostenimiento referentes a los Centros privados de Formación Profesional de primero y segundo grados.
1983-08-16,195,1,BOE-A-1983-22058,MINISTERIO DE EDUCACIÓN Y CIENCIA,estatal,Orden,22528,22531,Orden de 5 de agosto de 1983 por la que se regula el régimen de subvenciones a Centros Docentes privados para el curso 1983-84.
1983-08-16,195,1,BOE-A-1983-22059,MINISTERIO DE TRABAJO Y SEGURIDAD SOCIAL,estatal,Orden,22531,22531,Orden de 5 de agosto de 1983 por la que se modifica el apartado 2.1.1 del artículo 2.º de la Orden de 31 de enero de 1979 sobre integración de funcionarios en el Cuerpo de Intervención y Contabilidad de la Seguridad Social.
1983-08-16,195,1,BOE-A-1983-22060,MINISTERIO DE INDUSTRIA Y ENERGÍA,estatal,Corrección,22531,22531,"Corrección de errores de la Orden de 11 de julio de 1983 por la que se aprueban las normas sobre precintos, plaza de montaje y libro de registro en la instalación y comprobación de tacógrafos."
1983-08-17,196,1,BOE-A-1983-50034,PRESIDENCIA DEL GOBIERNO,estatal,Real Decreto,22565,22569,"Real Decreto 2091/1983, de 28 de julio, sobre traspaso de funciones y servicios de la Administración del Estado a la Comunidad Autónoma de Canarias en materia de Educación. (Continuación.)"
1983-08-17,196,1,BOE-A-1983-50058,PRESIDENCIA DEL GOBIERNO,estatal,Real Decreto,22570,22574,"Real Decreto 2093/1983, de 28 de julio, sobre traspaso de funciones y servicios de la Administración del Estado a la Comunidad Valenciana en materia de Educación. (Continuación.)"
1983-08-17,196,1,BOE-A-1983-22088,MINISTERIO DE ASUNTOS EXTERIORES,estatal,Tratado o acuerdo internacional,22575,22577,"Convenio de 30 de mayo de 1983, de Transporte Marítimo entre el Gobierno de España y el Gobierno de la Unión de Repúblicas Socialistas Soviéticas, hecho en Moscú, y Cartas anejas."
1983-08-17,196,1,BOE-A-1983-22089,MINISTERIO DE ECONOMÍA Y HACIENDA,estatal,Orden,22577,22595,Orden de 7 de julio de 1983 por la que se fijan los precios básicos a la importación de determinados productos siderúrgicos.
1983-08-17,196,1,BOE-A-1983-22090,MINISTERIO DE ECONOMÍA Y HACIENDA,estatal,Orden,22595,22595,Orden de 30 de julio de 1983 por la que se regula la liquidación intervenida de las Entidades aseguradoras.
1983-08-17,196,1,BOE-A-1983-22091,MINISTERIO DE TRABAJO Y SEGURIDAD SOCIAL,estatal,Corrección,22595,22595,Corrección de errores de la Orden de 22 de julio de 1983 por la que se modifica la estructura orgánica de los Servicios Centrales del Instituto Nacional de la Seguridad Social.
1983-08-17,196,1,BOE-A-1983-22092,MINISTERIO DE SANIDAD Y CONSUMO,estatal,Orden,22596,22596,Orden de 27 de julio de 1983 por la que se crea la Comisión Ministerial para la Reforma Psiquiátrica.
1983-08-18,197,1,BOE-A-1983-22147,JEFATURA DEL ESTADO,estatal,Ley Orgánica,22663,22664,"Ley Orgánica 10/1983, de 16 de agosto, por la que se modifica la Ley 40/1979, de 10 de diciembre, sobre régimen jurídico de control de cambios."
1983-08-18,197,1,BOE-A-1983-22148,JEFATURA DEL ESTADO,estatal,Ley,22664,22665,"Ley 10/1983, de 16 de agosto, de Organización de la Administración Central del Estado."
1983-08-18,197,1,BOE-A-1983-22149,JEFATURA DEL ESTADO,estatal,Ley,22665,22666,"Ley 11/1983, de 16 de agosto, de medidas financieras de estímulo a la exportación."
1983-08-18,197,1,BOE-A-1983-50035,PRESIDENCIA DEL GOBIERNO,estatal,Real Decreto,22666,22671,"Real Decreto 2091/1983, de 28 de julio, sobre traspaso de funciones y servicios de la Administración del Estado a la Comunidad Autónoma de Canarias en materia de Educación. (Continuación.)"
1983-08-18,197,1,BOE-A-1983-50059,PRESIDENCIA DEL GOBIERNO,estatal,Real Decreto,22672,22678,"Real Decreto 2093/1983, de 28 de julio, sobre traspaso de funciones y servicios de la Administración del Estado a la Comunidad Valenciana en materia de Educación. (Continuación.)"
1983-08-18,197,1,BOE-A-1983-22150,PRESIDENCIA DEL GOBIERNO,estatal,Corrección,22678,22679,"Corrección de errores del Real Decreto 1945/1983, de 22 de junio, por el que se regulan las infracciones y sanciones en materia de defensa del consumidor y de la producción agroalimentaria."
1983-08-18,197,1,BOE-A-1983-22151,MINISTERIO DE ECONOMÍA Y HACIENDA,estatal,Orden,22679,22679,"Orden de 30 de mayo de 1983 sobre aplicación del artículo 2.º, número 3, del Real Decreto 2219/1978, de 25 de agosto, adaptando las normas de la Ley sobre Regularización de Balances a los Bancos, Cajas de Ahorro y Cooperativas de Crédito."
1983-08-19,198,1,BOE-A-1983-50036,PRESIDENCIA DEL GOBIERNO,estatal,Real Decreto,22785,22791,"Real Decreto 2091/1983, de 28 de julio, sobre traspaso de funciones y servicios de la Administración del Estado a la Comunidad Autónoma de Canarias en materia de Educación. (Continuación.)"
1983-08-19,198,1,BOE-A-1983-50060,PRESIDENCIA DEL GOBIERNO,estatal,Real Decreto,22792,22797,"Real Decreto 2093/1983, de 28 de julio, sobre traspaso de funciones y servicios de la Administración del Estado a la Comunidad Valenciana en materia de Educación. (Continuación.)"
1983-08-19,198,1,BOE-A-1983-22277,PRESIDENCIA DEL GOBIERNO,estatal,Real Decreto,22798,22801,"Real Decreto 2201/1983, de 4 de agosto, por el que se regula la campaña vínico-alcoholera 1983-1984."
1983-08-19,198,1,BOE-A-1983-22278,PRESIDENCIA DEL GOBIERNO,estatal,Corrección,22801,22801,"Corrección de errores del Real Decreto 1806/1983, de 15 de junio, por el que se regula la campaña arrocera 1983-84."
1983-08-20,199,1,BOE-A-1983-50037,PRESIDENCIA DEL GOBIERNO,estatal,Real Decreto,22881,22886,"Real Decreto 2091/1983, de 28 de julio, sobre traspaso de funciones y servicios de la Administración del Estado a la Comunidad Autónoma de Canarias en materia de Educación. (Continuación.)"
1983-08-20,199,1,BOE-A-1983-50061,PRESIDENCIA DEL GOBIERNO,estatal,Real Decreto,22887,22892,"Real Decreto 2093/1983, de 28 de julio, sobre traspaso de funciones y servicios de la Administración del Estado a la Comunidad Valenciana en materia de Educación. (Continuación.)"
1983-08-20,199,1,BOE-A-1983-22341,MINISTERIO DE ECONOMÍA Y HACIENDA,estatal,Orden,22892,22893,Orden de 18 de agosto de 1983 sobre fijación del derecho compensatorio variable para la importación de productos sometidos a este régimen.
1983-08-20,199,1,BOE-A-1983-22342,MINISTERIO DE ECONOMÍA Y HACIENDA,estatal,Orden,22893,22895,Orden de 18 de agosto de 1983 sobre fijación del derecho regulador para la importación de productos sometidos a este régimen.
1983-08-22,200,1,BOE-A-1983-22432,JEFATURA DEL ESTADO,estatal,Otras,22977,22985,"Instrumento de Ratificación de 30 de enero de 1980 del Convenio número 16 de la Comisión Internacional del Estado Civil sobre expedición de certificaciones plurilingües de las actas del Registro Civil, hecho en Viena el 8 de septiembre de 1976."
1983-08-22,200,1,BOE-A-1983-50038,PRESIDENCIA DEL GOBIERNO,estatal,Real Decreto,22985,22990,"Real Decreto 2091/1983, de 28 de julio, sobre traspaso de funciones y servicios de la Administración del Estado a la Comunidad Autónoma de Canarias en materia de Educación. (Continuación.)"
1983-08-22,200,1,BOE-A-1983-50062,PRESIDENCIA DEL GOBIERNO,estatal,Real Decreto,22991,22996,"Real Decreto 2093/1983, de 28 de julio, sobre traspaso de funciones y servicios de la Administración del Estado a la Comunidad Valenciana en materia de Educación. (Continuación.)"
1983-08-22,200,1,BOE-A-1983-22433,MINISTERIO DE ECONOMÍA Y HACIENDA,estatal,Orden,22997,22997,Orden de 15 de julio de 1983 por la que se reorganiza el Consejo de Administración de la Fábrica Nacional de Moneda y Timbre.
1983-08-22,200,1,BOE-A-1983-22434,"MINISTERIO DE AGRICULTURA, PESCA Y ALIMENTACIÓN",estatal,Orden,22997,22997,Orden de 30 de julio de 1983 por la que se regula la pesca con arte «claro» en el caladero nacional.
1983-08-23,201,1,BOE-A-1983-50039,PRESIDENCIA DEL GOBIERNO,estatal,Real Decreto,23074,23079,"Real Decreto 2091/1983, de 28 de julio, sobre traspaso de funciones y servicios de la Administración del Estado a la Comunidad Autónoma de Canarias en materia de Educación. (Continuación.)"
1983-08-23,201,1,BOE-A-1983-50063,PRESIDENCIA DEL GOBIERNO,estatal,Real Decreto,23080,23085,"Real Decreto 2093/1983, de 28 de julio, sobre traspaso de funciones y servicios de la Administración del Estado a la Comunidad Valenciana en materia de Educación. (Continuación.)"
1983-08-23,201,1,BOE-A-1983-22517,MINISTERIO DE DEFENSA,estatal,Real Decreto,23086,23086,"Real Decreto 2266/1983, de 4 de agosto, por el que se establecen las vacantes fijas que han de darse al ascenso en el Ejército del Aire durante el ciclo anual de 1983/84."
1983-08-23,201,1,BOE-A-1983-22518,MINISTERIO DE ECONOMÍA Y HACIENDA,estatal,Orden,23086,23087,"Orden de 16 de agosto de 1983 por la que se dispone las emisiones de bonos del Estado al 15,75 y al 16 por 100 por un importe máximo de 70.000 millones de pesetas."
1983-08-24,202,1,BOE-A-1983-22640,JEFATURA DEL ESTADO,estatal,Otras,23171,23178,"Instrumento de adhesión, de 3 de marzo de 1983, de España al Convenio Multilateral sobre Cooperación y Asistencia Mutua entre las Direcciones Nacionales de Aduanas, hecho en Méjico el 11 de septiembre de 1981."
1983-08-24,202,1,BOE-A-1983-22641,TRIBUNAL CONSTITUCIONAL,estatal,Resolución judicial,23178,23178,"Conflicto positivo de competencia número 551/1983, planteado por el Gobierno Vasco, respecto de Resolución de 13 de mayo de 1983, de la Dirección General de los Registros y del Notariado."
1983-08-24,202,1,BOE-A-1983-22642,TRIBUNAL CONSTITUCIONAL,estatal,Resolución judicial,23178,23178,"Conflicto positivo de competencia número 552/ 1983, planteado por el Gobierno Vasco respecto de Resolución de 16 de mayo de 1983, de la Dirección General de los Registros y del Notariado."
1983-08-24,202,1,BOE-A-1983-22643,TRIBUNAL CONSTITUCIONAL,estatal,Resolución judicial,23178,23179,"Conflicto positivo de competencia número 568/ 1983, planteado por el Gobierno de la Nación, en relación con el Decreto del Gobierno Vasco 34/1983, de 8 de marzo."
1983-08-24,202,1,BOE-A-1983-22644,TRIBUNAL CONSTITUCIONAL,estatal,Resolución judicial,23179,23179,"Conflicto positivo de competencia número 553/1983, planteado por el Gobierno Vasco respecto de Orden de 16 de mayo de 1983 del Ministerio de Justicia."
1983-08-24,202,1,BOE-A-1983-22645,TRIBUNAL CONSTITUCIONAL,estatal,Resolución judicial,23179,23179,"Conflicto positivo de competencia número 114/1983, planteado por el Gobierno de la Nación contra el artículo 2.2 del Decreto 120/1982, de 5 de octubre, de la Junta de Galicia."
1983-08-24,202,1,BOE-A-1983-22646,TRIBUNAL CONSTITUCIONAL,estatal,Resolución judicial,23179,23179,"Conflicto positivo de competencia número 599/1983, planteado por el Gobierno de la Nación, en relación con los artículos primero y segundo y disposiciones transitorias primera y segunda de la Orden de 2 de marzo de 1983 de la Consejería de Sanidad, Trabajo y Seguridad Social de la Generalidad Valenciana."
1983-08-24,202,1,BOE-A-1983-22647,TRIBUNAL CONSTITUCIONAL,estatal,Resolución judicial,23179,23179,"Conflicto positivo de competencia número 584/1983, planteado por el Consejo Ejecutivo de la Generalidad de Cataluña en relación con Resolución de la Dirección General de los Registros y del Notariado de 13 de mayo de 1983."
1983-08-24,202,1,BOE-A-1983-50040,PRESIDENCIA DEL GOBIERNO,estatal,Real Decreto,23180,23191,"Real Decreto 2091/1983, de 28 de julio, sobre traspaso de funciones y servicios de la Administración del Estado a la Comunidad Autónoma de Canarias en materia de Educación. (Continuación.)"
1983-08-24,202,1,BOE-A-1983-50064,PRESIDENCIA DEL GOBIERNO,estatal,Real Decreto,23192,23203,"Real Decreto 2093/1983, de 28 de julio, sobre traspaso de funciones y servicios de la Administración del Estado a la Comunidad Valenciana en materia de Educación. (Continuación.)"
1983-08-24,202,1,BOE-A-1983-22648,PRESIDENCIA DEL GOBIERNO,estatal,Real Decreto,23204,23204,"Real Decreto 2286/1983, de 28 de julio, por el que se regulan las tasas universitarias para el curso académico 1983-84."
1983-08-25,203,1,BOE-A-1983-50041,PRESIDENCIA DEL GOBIERNO,estatal,Real Decreto,23267,23278,"Real Decreto 2091/1983, de 28 de julio, sobre traspaso de funciones y servicios de la Administración del Estado a la Comunidad Autónoma de Canarias en materia de Educación. (Continuación.)"
1983-08-25,203,1,BOE-A-1983-50065,PRESIDENCIA DEL GOBIERNO,estatal,Real Decreto,23279,23290,"Real Decreto 2093/1983, de 28 de julio, sobre traspaso de funciones y servicios de la Administración del Estado a la Comunidad Valenciana en materia de Educación. (Continuación.)"
1983-08-25,203,1,BOE-A-1983-22763,PRESIDENCIA DEL GOBIERNO,estatal,Real Decreto,23290,23291,"Real Decreto 2287/1983, de 28 de julio, sobre reorganización interna del Instituto de Estudios de Administración Local."
1983-08-25,203,1,BOE-A-1983-22764,"MINISTERIO DE TRANSPORTES, TURISMO Y COMUNICACIONES",estatal,Real Decreto,23291,23291,"Real Decreto 2288/1983, de 27 de julio, por el que se establece para los hoteles como elemento promocional la distinción especial «Recomendado por su calidad»."
1983-08-26,204,1,BOE-A-1983-22881,PRESIDENCIA DEL GOBIERNO,estatal,Real Decreto,23364,23364,"Real Decreto 2290/1983, de 13 de julio, sobre aplicación de los beneficios previstos en la Ley 21/1982, de 9 de junio, al grupo «Ulgor, S. Coop.», del sector de reconversión de electrodomésticos línea blanca."
1983-08-26,204,1,BOE-A-1983-22882,PRESIDENCIA DEL GOBIERNO,estatal,Real Decreto,23364,23366,"Real Decreto 2291/1983, de 28 de julio, sobre órganos de elaboración y desarrollo de la política informática del Gobierno."
1983-08-26,204,1,BOE-A-1983-50042,PRESIDENCIA DEL GOBIERNO,estatal,Real Decreto,23367,23381,"Real Decreto 2091/1983, de 28 de julio, sobre traspaso de funciones y servicios de la Administración del Estado a la Comunidad Autónoma de Canarias en materia de Educación. (Continuación.)"
1983-08-26,204,1,BOE-A-1983-50066,PRESIDENCIA DEL GOBIERNO,estatal,Real Decreto,23382,23405,"Real Decreto 2093/1983, de 28 de julio, sobre traspaso de funciones y servicios de la Administración del Estado a la Comunidad Valenciana en materia de Educación. (Continuación.)"
1983-08-26,204,1,BOE-A-1983-22883,MINISTERIO DE ECONOMÍA Y HACIENDA,estatal,Real Decreto,23406,23406,"Real Decreto 2292/1983, de 28 de julio, por el que se modifica el Real Decreto 1718/1982, de 25 de junio, sobre prefinanciación de la exportación de bienes que se exporten en consignación."
1983-08-26,204,1,BOE-A-1983-22884,MINISTERIO DE EDUCACIÓN Y CIENCIA,estatal,Real Decreto,23406,23406,"Real Decreto 2293/1983, de 28 de julio, de desconcentración de funciones en las Direcciones Provinciales de Educación y Ciencia y en los Rectorados de Universidades estatales."
1983-08-27,205,1,BOE-A-1983-50043,PRESIDENCIA DEL GOBIERNO,estatal,Real Decreto,23554,23565,"Real Decreto 2091/1983, de 28 de julio, sobre traspaso de funciones y servicios de la Administración del Estado a la Comunidad Autónoma de Canarias en materia de Educación. (Continuación.)"
1983-08-27,205,1,BOE-A-1983-50067,PRESIDENCIA DEL GOBIERNO,estatal,Real Decreto,23566,23575,"Real Decreto 2093/1983, de 28 de julio, sobre traspaso de funciones y servicios de la Administración del Estado a la Comunidad Valenciana en materia de Educación. (Continuación.)"
1983-08-27,205,1,BOE-A-1983-23018,PRESIDENCIA DEL GOBIERNO,estatal,Real Decreto,23575,23575,"Real Decreto 2295/1983, de 25 de agosto, por el que se regulan las tasas académicas para el curso 1983/84, correspondientes a las enseñanzas turísticas especializadas."
1983-08-27,205,1,BOE-A-1983-23019,PRESIDENCIA DEL GOBIERNO,estatal,Real Decreto,23575,23578,"Real Decreto 2296/1983, de 25 de agosto, sobre tráfico y circulación de vehículos escolares y de menores."
1983-08-27,205,1,BOE-A-1983-23020,PRESIDENCIA DEL GOBIERNO,estatal,Orden,23578,23578,Orden de 23 de agosto de 1983 por la que se modifica la de 1 de marzo de 1971 sobre reestructuración del espacio aéreo español.
1983-08-27,205,1,BOE-A-1983-23021,PRESIDENCIA DEL GOBIERNO,estatal,Orden,23578,23578,Orden de 23 de agosto de 1983 por la que se modifica la de 23 de mayo de 1977 sobre zonas prohibidas y restringidas al vuelo.
1983-08-27,205,1,BOE-A-1983-23022,MINISTERIO DE ECONOMÍA Y HACIENDA,estatal,Real Decreto,23578,23578,"Real Decreto 2297/1983, de 28 de julio, por el que se suspenden totalmente los derechos arancelarios que gravan la importación de alcohol metílico de la partida 29.04.A.I del Arancel de Aduanas."
1983-08-27,205,1,BOE-A-1983-23023,MINISTERIO DE EDUCACIÓN Y CIENCIA,estatal,Real Decreto,23578,23580,"Real Decreto 2298/1983, de 28 de julio, por el que se regula el sistema de becas y otras ayudas al estudio de carácter personalizado."
1983-08-29,206,1,BOE-A-1983-50044,PRESIDENCIA DEL GOBIERNO,estatal,Real Decreto,23649,23660,"Real Decreto 2091/1983, de 28 de julio, sobre traspaso de funciones y servicios de la Administración del Estado a la Comunidad Autónoma de Canarias en materia de Educación. (Continuación)."
1983-08-29,206,1,BOE-A-1983-50068,PRESIDENCIA DEL GOBIERNO,estatal,Real Decreto,23661,23673,"Real Decreto 2093/1983, de 28 de julio, sobre traspaso de funciones y servicios de la Administración del Estado a la Comunidad Valenciana en materia de Educación. (Continuación)."
1983-08-29,206,1,BOE-A-1983-23129,PRESIDENCIA DEL GOBIERNO,estatal,Real Decreto,23673,23674,"Real Decreto 2301/1983, de 25 de agosto, por el que se convocan Elecciones Locales parciales."
1983-08-29,206,1,BOE-A-1983-23130,"MINISTERIO DE AGRICULTURA, PESCA Y ALIMENTACIÓN",estatal,Orden,23674,23674,Orden de 23 de agosto de 1983 por la que se regula la campaña de producción de achicoria 1983/84.
1983-08-30,207,1,BOE-A-1983-50046,PRESIDENCIA DEL GOBIERNO,estatal,Real Decreto,23746,23757,"Real Decreto 2091/1983, de 28 de julio, sobre traspaso de funciones y servicios de la Administración del Estado a la Comunidad Autónoma de Canarias en materia de Educación. (Continuación.)"
1983-08-30,207,1,BOE-A-1983-50069,PRESIDENCIA DEL GOBIERNO,estatal,Real Decreto,23758,23768,"Real Decreto 2093/1983, de 28 de julio, sobre traspaso de funciones y servicios de la Administración del Estado a la Comunidad Valenciana en materia de Educación. (Continuación.)"
1983-08-31,208,1,BOE-A-1983-23287,JEFATURA DEL ESTADO,estatal,Real Decreto-ley,23844,23845,"Real Decreto-ley 4/1983, de 4 de agosto, de medidas urgentes para el comienzo del curso 1983/1984."
1983-08-31,208,1,BOE-A-1983-50047,PRESIDENCIA DEL GOBIERNO,estatal,Real Decreto,23845,23863,"Real Decreto 2091/1983, de 28 de julio, sobre traspaso de funciones y servicios de la Administración del Estado a la Comunidad Autónoma de Canarias en materia de Educación. (Continuación.)"
1983-08-31,208,1,BOE-A-1983-50070,PRESIDENCIA DEL GOBIERNO,estatal,Real Decreto,23864,23882,"Real Decreto 2093/1983, de 28 de julio, sobre traspaso de funciones y servicios de la Administración del Estado a la Comunidad Valenciana en materia de Educación. (Continuación.)"
1983-08-31,208,1,BOE-A-1983-23288,MINISTERIO DE ECONOMÍA Y HACIENDA,estatal,Real Decreto,23883,23883,"Real Decreto 2308/1983, de 25 de agosto, por el que se desarrolla la disposición adicional decimotercera de la Ley 9/1983, de 13 de julio, de los Presupuestos Generales del Estado para 1983."
1983-08-31,208,1,BOE-A-1983-23289,MINISTERIO DE TRABAJO Y SEGURIDAD SOCIAL,estatal,Corrección,23883,23883,Corrección de erratas de la Orden de 26 de julio de 1983 por la que se completa la estructura orgánica del Ministerio de Trabajo y Seguridad Social.
1983-09-01,209,1,BOE-A-1983-23432,JEFATURA DEL ESTADO,estatal,Ley Orgánica,24034,24042,"Ley Orgánica 11/1983, de 25 de agosto, de Reforma Universitaria."
1983-09-01,209,1,BOE-A-1983-50048,PRESIDENCIA DEL GOBIERNO,estatal,Real Decreto,24042,24053,"Real Decreto 2091/1983, de 28 de julio, sobre traspaso de funciones y servicios de la Administración del Estado a la Comunidad Autónoma de Canarias en materia de Educación, (Continuación.)"
1983-09-01,209,1,BOE-A-1983-50071,PRESIDENCIA DEL GOBIERNO,estatal,Real Decreto,24054,24066,"Real Decreto 2093/1983, de 28 de julio, sobre traspaso de funciones y servicios de la Administración del Estado a la Comunidad Valenciana en materia de Educación. (Continuación.)"
1983-09-01,209,1,BOE-A-1983-23433,PRESIDENCIA DEL GOBIERNO,estatal,Corrección,24066,24067,"Corrección de errores de la Orden de 29 de junio de 1983 por la que se aprueban las normas de calidad para jamón cocido y fiambre de jamón, paleta cocida y fiambre de paleta y magro de cerdo cocido y fiambre de magro de cerdo."
1983-09-02,210,1,BOE-A-1983-23528,JEFATURA DEL ESTADO,estatal,Real Decreto-ley,24130,24132,"Real Decreto-ley 5/1983, de 1 de septiembre, sobre medidas urgentes para reparar los daños causados por las recientes inundaciones en el País Vasco, Cantabria, Asturias, Burgos y Navarra."
1983-09-02,210,1,BOE-A-1983-50049,PRESIDENCIA DEL GOBIERNO,estatal,Real Decreto,24132,24169,"Real Decreto 2091/1983, de 28 de julio, sobre traspaso de funciones y servicios de la Administración del Estado a la Comunidad Autónoma de Canarias en materia de educación. (Conclusión.)"
1983-09-02,210,1,BOE-A-1983-50072,PRESIDENCIA DEL GOBIERNO,estatal,Real Decreto,24169,24199,"Real Decreto 2093/1983, de 28 de julio, sobre traspaso de funciones y servicios de la Administración del Estado a la Comunidad Valenciana en materia de Educación. (Continuación.)"
1983-09-03,211,1,BOE-A-1983-50073,PRESIDENCIA DEL GOBIERNO,estatal,Real Decreto,24322,24338,"Real Decreto 2093/1983, de 28 de julio, sobre traspaso de funciones y servicios de la Administración del Estado a la Comunidad Valenciana en materia de educación. (Continuación.)"
1983-09-03,211,1,BOE-A-1983-23630,PRESIDENCIA DEL GOBIERNO,estatal,Real Decreto,24338,24338,"Real Decreto 2317/1983, de 1 de septiembre, por el que se determinan los precios máximos para determinados aceites de semillas."
1983-09-03,211,1,BOE-A-1983-23631,PRESIDENCIA DEL GOBIERNO,estatal,Corrección,24338,24338,"Corrección de errores del Real Decreto 2301/1983, de 25 de agosto, por el que se convocan elecciones locales parciales."
1983-09-03,211,1,BOE-A-1983-23632,MINISTERIO DE ECONOMÍA Y HACIENDA,estatal,Orden,24338,24339,Orden de 1 de septiembre de 1983 sobre fijación del derecho compensatorio variable para la importación de productos sometidos a este régimen.
1983-09-03,211,1,BOE-A-1983-23633,MINISTERIO DE ECONOMÍA Y HACIENDA,estatal,Orden,24339,24341,Orden de 1 de septiembre de 1983 sobre fijación del derecho regulador para la importación de productos sometidos a este régimen.
1983-09-05,212,1,BOE-A-1983-50074,PRESIDENCIA DEL GOBIERNO,estatal,Real Decreto,24417,24435,"Real Decreto 2093/1983, de 28 de julio, sobre traspaso de funciones y servicios de la Administración del Estado a la Comunidad Valenciana en materia de Educación. (Continuación.)"
1983-09-05,212,1,BOE-A-1983-23721,MINISTERIO DE ECONOMÍA Y HACIENDA,estatal,Real Decreto,24436,24436,"Real Decreto 2318/1983, de 13 de julio, por el que se establecen contingentes arancelarios, libres de derechos, para la importación de los productos que se señalan en el anexo del presente Real Decreto."
1983-09-05,212,1,BOE-A-1983-23722,MINISTERIO DE ECONOMÍA Y HACIENDA,estatal,Real Decreto,24436,24437,"Real Decreto 2319/1983, de 13 de julio, por el que se establece un contingente arancelario, libre de derechos, para la importación de desperdicios y desechos de zinc (P. A. 79.01.B)."
1983-09-05,212,1,BOE-A-1983-23723,MINISTERIO DE ECONOMÍA Y HACIENDA,estatal,Real Decreto,24437,24440,"Real Decreto 2320/1983, de 28 de julio, por el que se amplía, prorroga y modifica la lista apéndice de bienes de equipo del Arancel de Aduanas."
1983-09-05,212,1,BOE-A-1983-23724,MINISTERIO DE ECONOMÍA Y HACIENDA,estatal,Real Decreto,24440,24440,"Real Decreto 2321/1983, de 4 de agosto, de modificación del Real Decreto 489/1979, de 20 de febrero, por el que se reorganiza la Administración Territorial de la Hacienda Pública."
1983-09-05,212,1,BOE-A-1983-23725,MINISTERIO DEL INTERIOR,estatal,Real Decreto,24440,24440,"Real Decreto 2322/1983, de 15 de junio, por el que se dispone la publicación de los resultados electorales en los diarios oficiales."
1983-09-05,212,5,BOE-A-1983-23786,CATALUÑA,autonómico,Ley,24485,24487,"Ley 12/1983, de 14 de julio, de Administración Institucional de la Sanidad, y de la Asistencia y Servicios Sociales de Cataluña"
1983-09-05,212,5,BOE-A-1983-23787,CATALUÑA,autonómico,Ley,24487,24487,"Ley 13/1983, de 14 de julio, por la que se autoriza un incremento provisional en las retribuciones del personal contratado de la Generalidad de Cataluña"
1983-09-05,212,5,BOE-A-1983-23788,GALICIA,autonómico,Ley,24487,24491,"Ley 1/1983, de 22 de febrero, reguladora de la Junta y su Presidente."
1983-09-06,213,1,BOE-A-1983-50075,PRESIDENCIA DEL GOBIERNO,estatal,Real Decreto,24513,24530,"Real Decreto 2093/1983, de 28 de julio, sobre traspaso de funciones y servicios de la Administración del Estado a la Comunidad Valenciana en materia de Educación. (Continuación.)"
1983-09-06,213,1,BOE-A-1983-23791,MINISTERIO DEL INTERIOR,estatal,Orden,24531,24531,"Orden de 5 de septiembre de 1983 por la que se determinan los términos municipales de las provincias de Guipúzcoa, Vizcaya, Alava, Cantabria, Asturias, Burgos y Navarra afectados por las recientes inundaciones."
1983-09-06,213,1,BOE-A-1983-23792,MINISTERIO DEL INTERIOR,estatal,Orden,24531,24532,"Orden de 5 de septiembre de 1983 por la que se regula la expedición de la Carta de Damnificado en relación con las recientes inundaciones ocurridas en el País Vasco, Cantabria y determinados municipios de Navarra, Asturias y Burgos."
1983-09-06,213,1,BOE-A-1983-23793,MINISTERIO DE EDUCACIÓN Y CIENCIA,estatal,Real Decreto,24532,24532,"Real Decreto 2326/1983, de 13 de julio, por el que se modifica parcialmente el Decreto 2343/1975, de 23 de agosto, sobre regulación de Centros-Piloto y de experiencias en Centros docentes ordinarios."
1983-09-06,213,1,BOE-A-1983-23794,MINISTERIO DE TRABAJO Y SEGURIDAD SOCIAL,estatal,Orden,24532,24533,"Orden de 31 de agosto de 1983 por la que se desarrolla el Real Decreto 1450/1983, de 25 de mayo, sobre estrucutra y funciones del Instituto de Estudios Laborales y de la Seguridad Social."
1983-09-06,213,1,BOE-A-1983-23795,MINISTERIO DE SANIDAD Y CONSUMO,estatal,Orden,24533,24533,"Orden de 31 de agosto de 1983 por la que se desarrolla el Real Decreto 1270/1983, de 30 de marzo."
1983-09-06,213,5,BOE-A-1983-23845,CATALUÑA,autonómico,Ley,24574,24575,"Ley 14/1983, de 14 de julio, reguladora del proceso de integración en la red de Centros docentes públicos de diversas Escuelas privadas."
1983-09-06,213,5,BOE-A-1983-23846,CATALUÑA,autonómico,Ley,24575,24579,"Ley 15/1983, de 14 de julio, de higiene y control alimentarios."
1983-09-06,213,5,BOE-A-1983-23847,GALICIA,autonómico,Ley,24579,24579,"Ley 2/1983, de 15 de abril, para el incremento de los tipos de tasas de cuantía fija."
1983-09-06,213,5,BOE-A-1983-23848,GALICIA,autonómico,Ley,24579,24581,"Ley 3/1983, de 15 de junio, de normalización lingüística."
1983-09-06,213,5,BOE-A-1983-23849,ANDALUCÍA,autonómico,Ley,24581,24590,"Ley 5/1983, de 19 de julio, de la Hacienda Pública de la Comunidad Autónoma de Andalucía."
1983-09-06,213,5,BOE-A-1983-23850,REGIÓN DE MURCIA,autonómico,Ley,24590,24590,"Ley 5/1983, de 22 de julio, sobre creación, supresión y reestructuración de las Consejerías de la Administración de la Comunidad Autónoma."
1983-09-07,214,1,BOE-A-1983-50076,PRESIDENCIA DEL GOBIERNO,estatal,Real Decreto,24611,24672,"Real Decreto 2093/1983, de 28 de julio, sobre traspaso de funciones y servicios de la Administración del Estado a la Comunidad Valenciana en materia de Educación. (Continuación.)."
1983-09-07,214,1,BOE-A-1983-23851,PRESIDENCIA DEL GOBIERNO,estatal,Real Decreto,24673,24678,"Real Decreto 2329/1983, de 28 de julio, sobre protección a la rehabilitación del patrimonio residencial y urbano."
1983-09-07,214,1,BOE-A-1983-23852,PRESIDENCIA DEL GOBIERNO,estatal,Corrección,24678,24678,Corrección de erratas de la Orden de 6 de julio de 1983 por la que se aprueba la norma de calidad para patata de consumo destinada al mercado interior.
1983-09-07,214,5,BOE-A-1983-23954,CATALUÑA,autonómico,Ley,24754,24755,"Ley 16/1983, de 14 de julio, por la que se habilitan créditos en el presupuesto prorrogado para atender los gastos de funcionamiento del tercer canal de Televisión y de la red de frecuencia modulada de la Generalidad."
1983-09-07,214,5,BOE-A-1983-23955,CATALUÑA,autonómico,Ley,24755,24755,"Ley 17/1983, de 14 de julio, por la que se habilitan créditos en el presupuesto prorrogado para atender los gastos de financiación de las compensaciones de la tarifación social de los transportes públicos."
1983-09-07,214,5,BOE-A-1983-23957,GALICIA,autonómico,Ley,24755,24756,"Ley 4/1983, de 15 de junio, de reconocimiento de la galleguidad."
1983-09-07,214,5,BOE-A-1983-23958,GALICIA,autonómico,Ley,24756,24759,"Ley 5/1983, de 30 de junio, de Sanidad escolar."
1983-09-07,214,5,BOE-A-1983-23960,ANDALUCÍA,autonómico,Ley,24760,24764,"Ley 6/1983, de 21 de julio, del Gobierno y la Administración de la Comunidad Autónoma."
1983-09-07,214,5,BOE-A-1983-23964,REGIÓN DE MURCIA,autonómico,Ley,24765,24766,"Ley 6/1983, de 22 de julio, sobre designación de Senadores de la Comunidad Autónoma de la Región de Murcia."
1983-09-08,215,1,BOE-A-1983-50077,PRESIDENCIA DEL GOBIERNO,estatal,Real Decreto,24803,24826,"Real Decreto 2093/1983, de 28 de julio, sobre traspaso de funciones y servicios de la Administración del Estado a la Comunidad Valenciana en materia de Educación. (Continuación.)"
1983-09-08,215,1,BOE-A-1983-23966,PRESIDENCIA DEL GOBIERNO,estatal,Real Decreto,24826,24827,"Real Decreto 2332/1983, de 1 de septiembre, por el que se regula la venta, distribución y la exhibición pública de material audiovisual."
1983-09-08,215,1,BOE-A-1983-23967,"MINISTERIO DE TRANSPORTES, TURISMO Y COMUNICACIONES",estatal,Real Decreto,24827,24827,"Real Decreto 2333/1983, de 4 de agosto, por el que se actualiza la cuantía de las indemnizaciones por daños previstas en la Ley de Navegación Aérea."
1983-09-08,215,5,BOE-A-1983-24067,CATALUÑA,autonómico,Ley,24869,24869,"Ley 18/1983, de 14 de julio, por la que se autoriza daeterminadas operaciones financieras relativas a los ferrocarriles de la Generalidad de Cataluña y otras empresas."
1983-09-08,215,5,BOE-A-1983-24068,CATALUÑA,autonómico,Ley,24869,24869,"Ley 19/1983, de 14 de julio, por la que se crea la Policía Autonómica de la Generalidad de Cataluña."
1983-09-08,215,5,BOE-A-1983-24070,GALICIA,autonómico,Ley,24870,24871,"Ley 6/1983, de 22 de junio, de limitaciones en la propiedad en las carreteras no estatales de Galicia."
1983-09-09,216,1,BOE-A-1983-50078,PRESIDENCIA DEL GOBIERNO,estatal,Real Decreto,24897,24900,"Real Decreto 2093/1983, de 28 de julio, sobre traspaso de funciones y servicios de la Administración del Estado a la Comunidad Valenciana en materia de Educación. (Continuación.)"
1983-09-09,216,1,BOE-A-1983-24078,PRESIDENCIA DEL GOBIERNO,estatal,Real Decreto,24901,24912,"Real Decreto 2335/1983, de 4 de agosto, por el que se desarrolla la estructura orgánica del Ministerio de Economía y Hacienda."
1983-09-09,216,1,BOE-A-1983-24079,PRESIDENCIA DEL GOBIERNO,estatal,Real Decreto,24912,24912,"Real Decreto 2336/1983, de 7 de septiembre por el que se dictan normas sobre concesión de moratorias a los damnificados por las inundaciones del mes de agosto en las provincias de Alava, Guipúzcoa, Vizcaya, Cantabria, Asturias, Burgos y Navarra."
1983-09-09,216,1,BOE-A-1983-24080,PRESIDENCIA DEL GOBIERNO,estatal,Corrección,24912,24912,"Corrección de errores del Real Decreto 2296/1983, de 25 de agosto, sobre tráfico y circulación de vehículos escolares y de menores."
1983-09-09,216,1,BOE-A-1983-24081,MINISTERIO DE DEFENSA,estatal,Real Decreto,24912,24912,"Real Decreto 2337/1983, de 7 de septiembre, sobre diploma de Estado Mayor y destinos de los Jefes y Oficiales diplomados de Estado Mayor de la Guardia Civil."
1983-09-09,216,1,BOE-A-1983-24082,MINISTERIO DE ECONOMÍA Y HACIENDA,estatal,Real Decreto,24913,24913,"Real Decreto 2338/1983, de 23 de mayo, por el que se prorroga la Resolución-tipo para la construcción, en régimen de fabricación mixta, de sistemas nucleares de generación de vapor, con potencia unitaria de hasta 1.250 megawatios eléctricos (P. A. 84.59.B)."
1983-09-09,216,1,BOE-A-1983-24083,MINISTERIO DE ECONOMÍA Y HACIENDA,estatal,Real Decreto,24913,24913,"Real Decreto 2339/1983, de 23 de mayo, por el que se prorroga la Resolución-tipo para la construcción, en regimen de fabricación mixta, de esterilizadores continuos de hasta 25.000 litros/hora de capacidad (P. A. 84.17.C.II)."
1983-09-09,216,1,BOE-A-1983-24084,MINISTERIO DE ECONOMÍA Y HACIENDA,estatal,Real Decreto,24913,24913,"Real Decreto 2340/1983, de 23 de mayo, por el que se prorroga la Resolución-tipo para la construcción, en régimen de fabricación mixta, de válvulas especiales para centrales nucleares (partida arancelaria 84.61)."
1983-09-09,216,1,BOE-A-1983-24085,MINISTERIO DE ECONOMÍA Y HACIENDA,estatal,Real Decreto,24913,24913,"Real Decreto 2341/1983, de 23 de mayo, por el que se prorroga la Resolución-tipo para la construcción, en régimen de fabricación mixta, de motores eléctricos para las bombas de refrigeración de reactores nucleares (P. A. 85.01.A)."
1983-09-09,216,1,BOE-A-1983-24086,MINISTERIO DE ECONOMÍA Y HACIENDA,estatal,Orden,24913,24916,"Orden de 2 de septiembre de 1983 por la que se dispone la emisión de Deuda del Estado, interior y amortizable, formalizada en Obligaciones del Estado, por un importe de 30.000 millones de pesetas, ampliable hasta el límite fijado en el artículo 1.º, 1, del Real Decreto 2168/1983, de 4 de agosto."
1983-09-09,216,1,BOE-A-1983-24087,MINISTERIO DE ECONOMÍA Y HACIENDA,estatal,Corrección,24916,24916,"Corrección de errores de la Resolución de 30 de junio de 1983, de la Dirección General de Exportación, sobre bases generales reguladoras de la exportación de pepino fresco de invierno."
1983-09-09,216,1,BOE-A-1983-24088,MINISTERIO DE OBRAS PÚBLICAS Y URBANISMO,estatal,Real Decreto,24916,24916,"Real Decreto 2342/1983, de 28 de julio, por el que se modifica el precio de venta de las viviendas de protección oficial de promoción pública."
1983-09-10,217,1,BOE-A-1983-50079,PRESIDENCIA DEL GOBIERNO,estatal,Real Decreto,24960,24962,"Real Decreto 2093/1983, de 28 de julio, sobre traspaso de funciones y servicios de la Administración del Estado a la Comunidad Valenciana en materia de Educación (continuación)."
1983-09-12,218,1,BOE-A-1983-50080,PRESIDENCIA DEL GOBIERNO,estatal,Real Decreto,24993,25011,"Real Decreto 2093/1983, de 28 de julio, sobre traspaso de funciones y servicios de la Administración del Estado a la Comunidad Valenciana en materia de Educación. (Conclusión.)"
1983-09-12,218,1,BOE-A-1983-24202,PRESIDENCIA DEL GOBIERNO,estatal,Resolución,25011,25011,"Resolución de 5 de septiembre de 1983, de la Secretaría de Estado para la Administración Pública, por la que se ordena la publicación del acuerdo del Consejo de Ministros de 27 de julio de 1983, en relación con la selección de personal a efectos de contratación en el sector público."
1983-09-12,218,1,BOE-A-1983-24203,MINISTERIO DE JUSTICIA,estatal,Real Decreto,25011,25012,"Real Decreto 2400/1983, de 22 de junio, sobre jubilación de los Médicos del Registro Civil."
1983-09-12,218,1,BOE-A-1983-24204,MINISTERIO DE ECONOMÍA Y HACIENDA,estatal,Real Decreto,25012,25012,"Real Decreto 2401/1983, de 11 de mayo, sobre tipos de interés del crédito oficial a determinados sectores especiales."
1983-09-12,218,1,BOE-A-1983-24205,MINISTERIO DE ECONOMÍA Y HACIENDA,estatal,Real Decreto,25012,25012,"Real Decreto 2402/1983, de 22 de junio, sobre asignación de proporcionalidad y grado inicial de la Carrera Administrativa a la Escala a extinguir de Guardas rurales del Instituto de Relaciones Agrarias."
1983-09-12,218,1,BOE-A-1983-24206,MINISTERIO DE ECONOMÍA Y HACIENDA,estatal,Real Decreto,25013,25013,"Real Decreto 2403/1983, de 22 de junio, por el que se aclara lo que debe entenderse como valor en pesetas de las mercancías vendidas en consignación, a efectos de la base imponible de las «tasas oficiales por servicios de la Subsecretaría de Comercio», convalidadas por el Decreto 2016/1959, de 12 de noviembre."
1983-09-12,218,1,BOE-A-1983-24207,"MINISTERIO DE AGRICULTURA, PESCA Y ALIMENTACIÓN",estatal,Real Decreto,25013,25013,"Real Decreto 2404/1983, de 4 de agosto, que regula el régimen de autorizaciones para la plantación de viñedo durante la campaña 1983/84."
1983-09-13,219,1,BOE-A-1983-24276,PRESIDENCIA DEL GOBIERNO,estatal,Real Decreto,25090,25091,"Real Decreto 2411/1983, de 20 de julio, sobre traspaso de funciones y servicios de la Administración del Estado a la Comunidad Autónoma de Andalucía en materia de guarderías infantiles laborales."
1983-09-13,219,1,BOE-A-1983-24277,PRESIDENCIA DEL GOBIERNO,estatal,Real Decreto,25091,25092,"Real Decreto 2412/1983, de 20 de julio, sobre traspaso de funciones y servicios de la Administración del Estado a la Comunidad Autónoma de Canarias en materia de guarderías infantiles laborales."
1983-09-13,219,1,BOE-A-1983-24278,PRESIDENCIA DEL GOBIERNO,estatal,Real Decreto,25092,25093,"Real Decreto 2413/1983, de 20 de julio, sobre traspaso de funciones y servicios de la Administración del Estado a la Comunidad Autónoma de Castilla-La Mancha en materia en guarderías infantiles laborales."
1983-09-13,219,1,BOE-A-1983-24279,PRESIDENCIA DEL GOBIERNO,estatal,Real Decreto,25093,25094,"Real Decreto 2414/1983, de 20 de julio, sobre traspaso de funciones y servicios de la Administración del Estado a la Comunidad Autónoma de Galicia en materia de guarderías infantiles laborales."
1983-09-13,219,1,BOE-A-1983-24280,PRESIDENCIA DEL GOBIERNO,estatal,Real Decreto,25094,25095,"Real Decreto 2415/1983, de 20 de julio, sobre traspaso de funciones y servicios de la Administración del Estado a la Comunidad Autónoma de Murcia en materia de guarderías infantiles."
1983-09-13,219,1,BOE-A-1983-24281,PRESIDENCIA DEL GOBIERNO,estatal,Real Decreto,25095,25096,"Real Decreto 2416/1983, de 20 de julio, sobre traspaso de funciones y servicios de la Administración del Estado a la Comunidad Valenciana en materia de guarderías infantiles laborales."
1983-09-13,219,1,BOE-A-1983-24282,PRESIDENCIA DEL GOBIERNO,estatal,Real Decreto,25096,25099,"Real Decreto 2417/1983, de 28 de julio, sobre traspaso de funciones y servicios de la Administración del Estado a la Comunidad Autónoma de Andalucía en materia de Mutualidades no integradas en la Seguridad Social."
1983-09-13,219,1,BOE-A-1983-24283,PRESIDENCIA DEL GOBIERNO,estatal,Real Decreto,25099,25100,"Real Decreto 2418/1983, de 28 de julio, sobre traspaso de funciones y servicios de la Administración del Estado a la Comunidad Autónoma de Canarias en materia de Mutualidades no integradas en la Seguridad Social."
1983-09-13,219,1,BOE-A-1983-24284,PRESIDENCIA DEL GOBIERNO,estatal,Real Decreto,25100,25101,"Real Decreto 2419/1983, de 28 de julio, sobre traspaso de funciones y servicios de la Administración del Estado a la Comunidad Autónoma de Castilla y León en materia de Guarderías Infantiles Laborales."
1983-09-13,219,1,BOE-A-1983-24285,PRESIDENCIA DEL GOBIERNO,estatal,Real Decreto,25101,25102,"Real Decreto 2420/1983, de 28 de julio, sobre traspaso de funciones y servicios de la Administración del Estado a la Comunidad Autónoma de las Islas Baleares en materia de Guarderías Infantiles Laborales."
1983-09-13,219,1,BOE-A-1983-24286,PRESIDENCIA DEL GOBIERNO,estatal,Real Decreto,25102,25105,"Real Decreto 2421/1983, de 28 de julio, sobre traspaso de funciones y servicios de la Administración del Estado a la Comunidad Valenciana en materia de Mutualidades no integradas en la Seguridad Social."
1983-09-13,219,1,BOE-A-1983-24287,MINISTERIO DE ECONOMÍA Y HACIENDA,estatal,Orden,25105,25106,Orden de 8 de septiembre de 1983 sobre fijación del derecho compensatorio variable para la importación de productos sometidos a este régimen.
1983-09-13,219,1,BOE-A-1983-24288,MINISTERIO DE ECONOMÍA Y HACIENDA,estatal,Orden,25106,25108,Orden de 8 de septiembre de 1983 sobre fijación del derecho regulador para la importación de productos sometidos a este régimen.
1983-09-14,220,1,BOE-A-1983-24364,PRESIDENCIA DEL GOBIERNO,estatal,Real Decreto,25186,25196,"Real Decreto 2432/1983, de 20 de julio, sobre traspaso a la Generalidad de Cataluña en materia de Mutualidades no integradas en el sistema de la Seguridad Social."
1983-09-14,220,1,BOE-A-1983-24365,PRESIDENCIA DEL GOBIERNO,estatal,Real Decreto,25196,25198,"Real Decreto 2433/1983, de 7 de septiembre, sobre simplificación de trámites en los expedientes de Clases Pasivas de los funcionarios de la Administración del Estado."
1983-09-14,220,1,BOE-A-1983-24366,MINISTERIO DE ASUNTOS EXTERIORES,estatal,Tratado o acuerdo internacional,25199,25200,"Acuerdo de 18 de marzo de 1983, de cooperación económica y comercial entre España y la República Popular de Angola, firmado en Madrid."
1983-09-15,221,1,BOE-A-1983-24463,MINISTERIO DE ECONOMÍA Y HACIENDA,estatal,Orden,25282,25283,"Orden de 25 de agosto de 1983 por la que se aprueba el modelo para la declaración e ingreso del pago a cuenta del Impuesto sobre Sociedades, establecido en el artículo 29 de la Ley 9/1983, de 13 de julio"
1983-09-15,221,1,BOE-A-1983-24464,MINISTERIO DE ECONOMÍA Y HACIENDA,estatal,Resolución,25284,25284,"Resolución de 14 de septiembre de 1983, de la Dirección General de Exportación, por la que se modifica la de 29 de junio de 1983 por la que se crea un régimen especial para la incorporación de nuevos cosecheros-exportadores de tomate fresco de invierno."
1983-09-15,221,1,BOE-A-1983-24465,MINISTERIO DE OBRAS PÚBLICAS Y URBANISMO,estatal,Real Decreto,25284,25284,"Real Decreto 2439/1983, de 7 de septiembre por el que se establece un régimen de financiación del 100 por 100 a cargo del Estado para las obras de abastecimiento, saneamiento y depuración de aguas residuales que se incluyen en el Plan Especial de Emergencia por Sequía, a ejecutar por el Ministerio de Obras Públicas y Urbanismo."
1983-09-15,221,1,BOE-A-1983-24466,"MINISTERIO DE AGRICULTURA, PESCA Y ALIMENTACIÓN",estatal,Orden,25284,25285,Orden de 29 de julio de 1983 por la que se regula la concesión de autorizaciones para el riego de la vid en situaciones excepcionales.
1983-09-15,221,1,BOE-A-1983-24467,"MINISTERIO DE TRANSPORTES, TURISMO Y COMUNICACIONES",estatal,Orden,25285,25285,Orden de 13 de septiembre de 1983 por la que se regula el régimen tarifario de los servicios públicos de transporte escolar por carretera.
1983-09-16,222,1,BOE-A-1983-24600,MINISTERIO DE ASUNTOS EXTERIORES,estatal,Tratado o acuerdo internacional,25383,25385,"Acuerdo de 22 de julio de 1983 entre la Organización de las Naciones Unidas para el desarrollo industrial y el Gobierno de España relativo a la celebración de la Reunión Ministerial de Plenipotenciarios sobre la creación del Centro Internacional de Ingeniería Genética y Biotecnología convocada por la Organización de las Naciones Unidas para el desarrollo industrial, hecho en Viena."
1983-09-16,222,1,BOE-A-1983-24601,MINISTERIO DE ASUNTOS EXTERIORES,estatal,Resolución,25385,25401,"Resolución de 5 de septiembre de 1983, de la Secretaría General Técnica, sobre la aplicación del artículo 32 del Decreto 801/1972, relativo a la ordenación de la actividad de la Administración del Estado en materia de Tratados Internacionales."
1983-09-16,222,1,BOE-A-1983-24602,MINISTERIO DEL INTERIOR,estatal,Orden,25401,25401,"Orden de 15 de septiembre de 1983 por la que se determinan términos municipales de las provincias de Cantabria, Burgos y Navarra afectados por las recientes inundaciones."
1983-09-16,222,1,BOE-A-1983-24603,"MINISTERIO DE TRANSPORTES, TURISMO Y COMUNICACIONES",estatal,Corrección,25401,25401,Corrección de errores de la Orden de 30 de junio de 1983 por la que se regula el transporte internacional de mercancías.
1983-09-16,222,1,BOE-A-1983-24604,MINISTERIO DE SANIDAD Y CONSUMO,estatal,Resolución,25402,25402,"Resolución de 29 de julio de 1983, de la Subsecretaría, por la que se aprueba la lista positiva de aditivos y coadyuvantes tecnológicos para uso en la elaboración de aceites vegetales comestibles."
1983-09-17,223,1,BOE-A-1983-24839,MINISTERIO DE ASUNTOS EXTERIORES,estatal,Tratado o acuerdo internacional,25574,25575,"Enmiendas 01 al Reglamento número 37 sobre prescripciones uniformes relativas a la homologación de lámparas de incandescencia destinadas a ser utilizadas en las luces homologadas en vehículos de motor y sus remolques, anexo al Acuerdo relativo a la adopción de condiciones uniformes de homologación de piezas y equipos para vehículos automóviles, hecho en Ginebra el 20 de marzo de 1958."
1983-09-17,223,1,BOE-A-1983-24840,MINISTERIO DE ECONOMÍA Y HACIENDA,estatal,Orden,25575,25576,Orden de 15 de septiembre de 1983 sobre fijación del derecho compensatorio variable para la importación de productos sometidos a este régimen.
1983-09-17,223,1,BOE-A-1983-24841,MINISTERIO DE ECONOMÍA Y HACIENDA,estatal,Orden,25577,25578,Orden de 15 de septiembre de 1983 sobre fijación del derecho regulador para la importación de productos sometidos a este régimen.
1983-09-17,223,1,BOE-A-1983-24842,MINISTERIO DE ECONOMÍA Y HACIENDA,estatal,Corrección,25579,25579,"Corrección de errores de la Orden de 3 de agosto de 1983 por la que se reorganizan los Servicios de Inspección de la Administración Territorial de la Hacienda Pública, dependientes de la Dirección General de Inspección Financiera y Tributaria, y se modifica la Orden de 23 de mayo de 1980."
1983-09-17,223,1,BOE-A-1983-24843,MINISTERIO DE EDUCACIÓN Y CIENCIA,estatal,Orden,25579,25579,"Orden de 16 de septiembre de 1983 por la que se prorroga el plazo de presentación de instancias señalado en la Orden de 5 de agosto de 1983, por la que se regula el régimen de subvenciones a Centros docentes privados para el curso 1983-84."
1983-09-17,223,1,BOE-A-1983-24844,MINISTERIO DE TRABAJO Y SEGURIDAD SOCIAL,estatal,Orden,25579,25579,"Orden de 14 de septiembre de 1983 por la que se dictan normas para la determinación para el ejercicio 1983 del límite de los gastos de administración de las Mutuas Patronales de Accidentes de Trabajo que tengan Empresas asociadas acogidas a los beneficios establecidos en el apartado 2 del artículo 5 del Real Decreto-ley 5/1983, de 1 de septiembre."
1983-09-19,224,1,BOE-A-1983-25049,PRESIDENCIA DEL GOBIERNO,estatal,Real Decreto,25669,25670,"Real Decreto 2492/1983, de 29 de junio, por el que se regula la intervención administrativa del Estado sobre el nitrato amónico de «grado explosivo»."
1983-09-19,224,1,BOE-A-1983-25050,PRESIDENCIA DEL GOBIERNO,estatal,Orden,25670,25672,Orden de 12 de septiembre de 1983 por la que se aprueba la norma de calidad para tomates frescos destinados al mercado interior.
1983-09-19,224,1,BOE-A-1983-25051,PRESIDENCIA DEL GOBIERNO,estatal,Corrección,25672,25673,Corrección de errores de la Orden de 12 de julio de 1983 por la que se aprueban las normas generales de calidad para la nata y nata en polvo con destino al mercado interior.
1983-09-19,224,1,BOE-A-1983-25052,MINISTERIO DE ASUNTOS EXTERIORES,estatal,Tratado o acuerdo internacional,25673,25673,"Enmiendas 01 al Reglamento número 23 sobre prescripciones relativas a la homologación de los proyectores marcha atrás para los vehículos automóviles y sus remolques, anexo al Acuerdo relativo a la adopción de condiciones uniformes de homologación de piezas y equipos para vehículos automóviles, hecho en Ginebra el 20 de marzo de 1958."
1983-09-19,224,1,BOE-A-1983-25053,MINISTERIO DE DEFENSA,estatal,Real Decreto,25673,25675,"Real Decreto 2493/1983, de 7 de septiembre, para desarrollo de la Ley 14/1982, de 5 de mayo, por el que se reorganizan las Escalas Básica de Suboficiales y Especial de Jefes y Oficiales."
1983-09-19,224,1,BOE-A-1983-25054,MINISTERIO DE ECONOMÍA Y HACIENDA,estatal,Resolución,25675,25676,"Resolución de 12 de septiembre de 1983, de la Dirección General del Tesoro y Política Financiera, por la que se dictan normas para el canje voluntario de los títulos de la Deuda del Estado, interior y amortizable, al 13 por 100, de la emisión de 20 de diciembre de 1980, que no resulten amortizados en el sorteo de 25 de octubre de 1983."
1983-09-19,224,1,BOE-A-1983-25055,MINISTERIO DE ECONOMÍA Y HACIENDA,estatal,Instrucción o circular,25676,25676,"Circular número 896, de 26 de agosto de 1983, de la Dirección General de Aduanas e Impuestos Especiales, por la que se aprueba la «Actualización número 38» de las notas explicativas del arancel."
1983-09-19,224,1,BOE-A-1983-25056,"MINISTERIO DE AGRICULTURA, PESCA Y ALIMENTACIÓN",estatal,Orden,25676,25677,Orden de 13 de septiembre de 1983 sobre ayudas a las Entidades asociativas agrarias para la comercialización en común de sus producciones.
1983-09-20,225,1,BOE-A-1983-25237,PRESIDENCIA DEL GOBIERNO,estatal,Real Decreto,25763,25765,"Real Decreto 2496/1983, de 20 de julio, de traspaso de funciones y servicios de la Administración del Estado a la Generalidad de Cataluña en materia de medio ambiente."
1983-09-20,225,1,BOE-A-1983-25238,PRESIDENCIA DEL GOBIERNO,estatal,Real Decreto,25765,25767,"Real Decreto 2497/1983, de 20 de julio, sobre traspaso de funciones y servicios del Estado a la Generalidad de Cataluña en materia de vivienda rural."
1983-09-20,225,1,BOE-A-1983-25239,PRESIDENCIA DEL GOBIERNO,estatal,Real Decreto,25768,25771,"Real Decreto 2498/1983, de 20 de julio, sobre traspaso de funciones y servicios del Estado a la Comunidad Autónoma de Galicia en materia de vivienda rural."
1983-09-20,225,1,BOE-A-1983-25240,PRESIDENCIA DEL GOBIERNO,estatal,Real Decreto,25771,25777,"Real Decreto 2499/1983, de 20 de julio, sobre traspaso de funciones y servicios del Estado a la Comunidad Autónoma de Andalucía en materia de Vivienda Rural."
1983-09-20,225,1,BOE-A-1983-25241,PRESIDENCIA DEL GOBIERNO,estatal,Real Decreto,25777,25780,"Real Decreto 2500/1983, de 20 de julio, sobre traspaso de funciones y servicios del Estado a la Comunidad Valenciana en materia de vivienda rural."
1983-09-20,225,1,BOE-A-1983-25242,PRESIDENCIA DEL GOBIERNO,estatal,Real Decreto,25781,25784,"Real Decreto 2501/1983, de 20 de julio, sobre traspaso de funciones y servicios del Estado a la Comunidad Autónoma de Aragón en materia de vivienda rural."
1983-09-20,225,1,BOE-A-1983-25243,PRESIDENCIA DEL GOBIERNO,estatal,Real Decreto,25784,25786,"Real Decreto 2502/1983, de 28 de julio, sobre traspaso de funciones y servicios del Estado a la Comunidad Autónoma de Asturias en materia de vivienda rural."
1983-09-20,225,1,BOE-A-1983-25244,PRESIDENCIA DEL GOBIERNO,estatal,Real Decreto,25786,25789,"Real Decreto 2503/1983, de 28 de julio, sobre traspaso de funciones y servicios del Estado a la Comunidad Autónoma de la Región de Murcia en materia de vivienda rural."
1983-09-20,225,1,BOE-A-1983-25245,PRESIDENCIA DEL GOBIERNO,estatal,Real Decreto,25789,25792,"Real Decreto 2504/1983, de 28 de julio, sobre traspaso de funciones y servicios del Estado a la Comunidad Autónoma de Extremadura en materia de vivienda rural."
1983-09-20,225,1,BOE-A-1983-25246,PRESIDENCIA DEL GOBIERNO,estatal,Real Decreto,25792,25793,"Real Decreto 2505/1983, de 4 de agosto, por el que se aprueba el Reglamento de Manipuladores de Alimentos."
1983-09-20,225,1,BOE-A-1983-25247,PRESIDENCIA DEL GOBIERNO,estatal,Real Decreto,25793,25796,"Real Decreto 2506/1983, de 4 de agosto, por el que se aprueba la norma general para el control del contenido efectivo de los productos alimenticios envasados."
1983-09-20,225,1,BOE-A-1983-25248,PRESIDENCIA DEL GOBIERNO,estatal,Real Decreto,25796,25798,"Real Decreto 2507/1983, de 4 de agosto, por el que se aprueba la Reglamentación Técnico-Sanitaria para la elaboración y comercialización de masas fritas."
1983-09-20,225,1,BOE-A-1983-25249,MINISTERIO DE ASUNTOS EXTERIORES,estatal,Tratado o acuerdo internacional,25798,25803,"Reglamento número 3 sobre prescripciones uniformes relativas a la homologación de dispositivos catadióptricos para vehículos a motor y sus remolques, anexo al acuerdo relativo a la adopción de condiciones uniformes de homologación de piezas y equipos para vehículos automóviles, hecho en Ginebra el 20 de marzo de 1958. Incluye la serie de enmiendas 01 que entraron en vigor el 20 de marzo de 1982."
1983-09-21,226,1,BOE-A-1983-25350,MINISTERIO DE ASUNTOS EXTERIORES,estatal,Tratado o acuerdo internacional,25858,25861,"Reglamento número 19 sobre prescripciones uniformes relativas a la homologación de los proyectores antiniebla para vehículos automóviles, anexo al Acuerdo relativo a la adopción de condiciones uniformes de homologación de piezas y equipos para vehículos automóviles, hecho en Ginebra el 20 de marzo de 1958. Incluye la serie de enmiendas 01 que entraron en vigor el 18 de diciembre de 1974."
1983-09-21,226,1,BOE-A-1983-25351,"MINISTERIO DE AGRICULTURA, PESCA Y ALIMENTACIÓN",estatal,Orden,25861,25862,Orden de 8 de septiembre de 1983 sobre fomento del asociacionismo económico de la juventud campesina.
1983-09-21,226,1,BOE-A-1983-25352,"MINISTERIO DE AGRICULTURA, PESCA Y ALIMENTACIÓN",estatal,Orden,25862,25862,"Orden de 16 de septiembre de 1983 por la que se establecen diversas medidas urgentes de desarrollo y aplicación del Real Decreto-ley 5/1983, de 1 de septiembre."
1983-09-21,226,1,BOE-A-1983-25353,"MINISTERIO DE AGRICULTURA, PESCA Y ALIMENTACIÓN",estatal,Orden,25863,25863,"Orden de 16 de septiembre de 1983 por la que se autoriza al Instituto Nacional para la Conservación de la Naturaleza (ICONA), a realizar las obras urgentes en el ámbito de su competencia en Cantabria, Asturias y Burgos, en cumplimiento de lo establecido en el Real Decreto-ley 5/1983, de 1 de septiembre."
1983-09-21,226,1,BOE-A-1983-25354,"MINISTERIO DE AGRICULTURA, PESCA Y ALIMENTACIÓN",estatal,Resolución,25863,25863,"Resolución de 13 de septiembre de 1983, de la Secretaría General de Pesca Marítima, sobre cumplimentación del censo de la flota pesquera española."
1983-09-22,227,1,BOE-A-1983-25444,MINISTERIO DE ASUNTOS EXTERIORES,estatal,Tratado o acuerdo internacional,25953,25954,"Acuerdo complementario de 22 de julio de 1983, de cooperación técnica en materia de regadíos y protocolo anejo, entre el Gobierno de España y el Gobierno de Costa Rica. Firmado en San José de Costa Rica."
1983-09-22,227,1,BOE-A-1983-25445,MINISTERIO DE ECONOMÍA Y HACIENDA,estatal,Orden,25954,25957,Orden de 16 de septiembre de 1983 por la que se regulan determinados aspectos del Seguro Integral de cereales de invierno en secano.
1983-09-22,227,1,BOE-A-1983-25446,MINISTERIO DE TRABAJO Y SEGURIDAD SOCIAL,estatal,Orden,25957,25958,"Orden de 14 de septiembre de 1983 por la que se desarrolla el Real Decreto-ley 5/1983, de 1 de septiembre, en relación con la tramitación de expedientes de regulación de empleo, prestaciones de desempleo, conciertos con el INEM y aplazamiento de cuotas de la Seguridad Social."
1983-09-22,227,1,BOE-A-1983-25447,"MINISTERIO DE AGRICULTURA, PESCA Y ALIMENTACIÓN",estatal,Orden,25958,25959,Orden de 8 de septiembre de 1983 sobre mejora de la formación de personal y de la capacidad de gestión de determinadas Entidades asociativas del medio agrario.
1983-09-23,228,1,BOE-A-1983-25519,PRESIDENCIA DEL GOBIERNO,estatal,Orden,26050,26051,Orden de 12 de septiembre de 1983 por la que se aprueba la norma de calidad para pimientos frescos destinados al mercado interior.
1983-09-23,228,1,BOE-A-1983-25520,MINISTERIO DE ECONOMÍA Y HACIENDA,estatal,Resolución,26051,26055,"Resolución de 29 de agosto de 1983, de la Secretaría General de Presupuesto y Gasto Público, por la que se ordena la publicación del Acuerdo de Consejo de Ministros de 27 de julio de 1983, por el que se aprueba el Régimen de Incentivos de Productividad para el ejercicio de 1983 de los Cuerpos, Escalas y Plazas no escalafonadas dependientes de la Dirección General de Correos y Telecomunicación."
1983-09-23,228,1,BOE-A-1983-25521,MINISTERIO DE ECONOMÍA Y HACIENDA,estatal,Resolución,26055,26057,"Resolución de 29 de agosto de 1983, de la Secretaría General de Presupuesto y Gasto Público, por la que se ordena la publicación del acuerdo del Consejo de Ministros de 27 de julio de 1983, sobre aplicación en el año 1983 de las disposiciones contenidas en el Real Decreto 3313/1981, de 19 de diciembre."
1983-09-23,228,1,BOE-A-1983-25522,MINISTERIO DE ECONOMÍA Y HACIENDA,estatal,Resolución,26057,26058,"Resolución de 29 de agosto de 1983, de la Secretaria General de Presupuesto y Gasto Público, por la que se ordena la publicación del acuerdo de Consejo de Ministros de 27 de julio de 1983, por el que se distribuyen en el Ministerio del Interior (Guardia Civil y Policía Nacional) los incrementos de retribuciones a que se refiere el artículo 5.º, apartado 1, B), del Real Decreto-ley 3/1983, de 20 de abril."
1983-09-23,228,1,BOE-A-1983-25523,"MINISTERIO DE TRANSPORTES, TURISMO Y COMUNICACIONES",estatal,Orden,26058,26058,Orden de 8 de septiembre de 1983 por la que se desarrolla la estructura de la Subdirección General de Inspección del Transporte Terrestre.
1983-09-23,228,1,BOE-A-1983-25524,"MINISTERIO DE TRANSPORTES, TURISMO Y COMUNICACIONES",estatal,Orden,26058,26059,"Orden de 8 de septiembre de 1983 por la que se modifica la de 25 de mayo de 1982, que creó la Comisión de Estadística del Ministerio de Transportes, Turismo y Comunicaciones."
1983-09-23,228,1,BOE-A-1983-25525,"MINISTERIO DE TRANSPORTES, TURISMO Y COMUNICACIONES",estatal,Resolución,26059,26059,"Resolución de 12 de septiembre de 1983, de la Dirección General de Transportes Terrestres, sobre delegación de funciones de estudio, propuesta y resolución de los recursos de alzada en materia de infracciones a la legislación de ordenación y coordinación de los transportes mecánicos por carretera."
1983-09-24,229,1,BOE-A-1983-25607,PRESIDENCIA DEL GOBIERNO,estatal,Real Decreto,26146,26146,"Real Decreto 2521/1983, de 3 de agosto, por el que se regula el cumplimiento del porcentaje de participación del Instituto Nacional de Industria en Empresas."
1983-09-24,229,1,BOE-A-1983-25608,MINISTERIO DE ECONOMÍA Y HACIENDA,estatal,Orden,26146,26146,Orden de 22 de septiembre de 1983 por la que se delegan determinadas atribuciones del Ministro de Economía y Hacienda en el Secretario de Estado de Hacienda.
1983-09-24,229,1,BOE-A-1983-25609,MINISTERIO DE ECONOMÍA Y HACIENDA,estatal,Orden,26146,26147,Orden de 22 de septiembre de 1983 sobre fijación del derecho compensatorio variable para la importación de productos sometidos a este régimen.
1983-09-24,229,1,BOE-A-1983-25610,MINISTERIO DE ECONOMÍA Y HACIENDA,estatal,Orden,26147,26149,Orden de 22 de septiembre de 1983 sobre fijación del derecho regulador para la importación de productos sometidos a este régimen.
1983-09-24,229,1,BOE-A-1983-25611,MINISTERIO DE TRABAJO Y SEGURIDAD SOCIAL,estatal,Resolución,26149,26151,"Resolución de 14 de septiembre de 1983, de la Dirección General de Acción Social, por la que se convocan dotaciones económicas para contribuir a la financiación de programas de acción social."
1983-09-24,229,1,BOE-A-1983-25612,"MINISTERIO DE AGRICULTURA, PESCA Y ALIMENTACIÓN",estatal,Orden,26151,26151,Orden de 16 de septiembre de 1983 por la que se reglamenta una línea de ayudas a determinadas actividades agroindustriales.
1983-09-24,229,1,BOE-A-1983-25613,"MINISTERIO DE AGRICULTURA, PESCA Y ALIMENTACIÓN",estatal,Orden,26151,26152,Orden de 20 de septiembre de 1983 por la que se reglamenta una linea específica de ayudas para mejorar los medios de elaboración de vinos y mostos.
1983-09-24,229,1,BOE-A-1983-25614,"MINISTERIO DE AGRICULTURA, PESCA Y ALIMENTACIÓN",estatal,Orden,26152,26152,Orden de 23 de septiembre de 1983 por la que se suprimen las Comisiones Central y de Zonas de Cultivadores de Remolacha y Fabricantes de Azúcar y se crea la Comisión Nacional Azucarera.
1983-09-26,230,1,BOE-A-1983-25704,MINISTERIO DE ECONOMÍA Y HACIENDA,estatal,Real Decreto,26243,26244,"Real Decreto 2532/1983, de 7 de septiembre, por el que se introducen modificaciones en la estructura arancelaria de la partida 04.04 (quesos y requesón)."
1983-09-26,230,1,BOE-A-1983-25705,MINISTERIO DE ECONOMÍA Y HACIENDA,estatal,Real Decreto,26244,26244,"Real Decreto 2533/1983, de 7 de septiembre, por el que se modifican los derechos aplicables a la subpartida 39.02.C.XIV.a.2.bb, referente a los copolímeros de etileno-propileno."
1983-09-26,230,1,BOE-A-1983-25706,MINISTERIO DE ECONOMÍA Y HACIENDA,estatal,Corrección,26244,26244,"Corrección de errores de la Orden de 2 de septiembre de 1983 por la que se dispone la emisión de Deuda del Estado, interior y amortizable, formalizada en Obligaciones del Estado, por un importe de 30.000 millones de pesetas, ampliable hasta el límite fijado en el artículo 1.º, 1, del Real Decreto 2168/1983, de 4 de agosto."
1983-09-26,230,1,BOE-A-1983-25707,"MINISTERIO DE TRANSPORTES, TURISMO Y COMUNICACIONES",estatal,Resolución,26244,26244,"Resolución de 12 de septiembre de 1983, de la Dirección General de Correos y Telecomunicación, por la que se amplía el Servicio Internacional de Envíos contra Reembolso a los paquetes ordinarios y con valor declarado."
1983-09-27,231,1,BOE-A-1983-25844,JEFATURA DEL ESTADO,estatal,Corrección,26339,26339,"Corrección de errores del Real Decreto-ley 5/1983, de 1 de septiembre, sobre medidas urgentes para reparar los daños causados por las recientes inundaciones en el País Vasco, Cantabria, Asturias, Burgos y Navarra."
1983-09-27,231,1,BOE-A-1983-25845,JEFATURA DEL ESTADO,estatal,Otras,26339,26345,"Instrumento de Adhesión de 13 de agosto de 1983 de España al Convenio sobre la futura cooperación multilateral en las Pesquerías del Atlántico Noroeste, hecho en Ottawa el 24 de octubre de 1978."
1983-09-27,231,1,BOE-A-1983-25846,PRESIDENCIA DEL GOBIERNO,estatal,Orden,26345,26346,Orden de 13 de septiembre de 1983 por la que se aprueba la Norma de Calidad para cerezas destinadas al mercado interior.
1983-09-27,231,1,BOE-A-1983-25847,MINISTERIO DE DEFENSA,estatal,Orden,26346,26347,"Orden 69/1983, de 20 de septiembre, sobre composición de las Juntas o Consejos Directivos correspondientes a los órganos propios de gestión de la Seguridal Social en la Administración Militar."
1983-09-27,231,1,BOE-A-1983-25848,MINISTERIO DE ECONOMÍA Y HACIENDA,estatal,Real Decreto,26347,26347,"Real Decreto 2535/1983, de 28 de julio, por el que se modifica el tratamiento arancelario aplicable a las importaciones de efectos o artículos en régimen de viajeros."
1983-09-27,231,1,BOE-A-1983-25849,MINISTERIO DE ECONOMÍA Y HACIENDA,estatal,Real Decreto,26347,26347,"Real Decreto 2536/1983, de 28 de julio, por el que se modifican los derechos aplicables a la subpartida 73.15.B.III.a) referente a los desbastes en rollo para chapas de acero inoxidable."
1983-09-27,231,1,BOE-A-1983-25850,MINISTERIO DE ECONOMÍA Y HACIENDA,estatal,Real Decreto,26348,26348,"Real Decreto 2537/1983, de 28 de julio, por el que se amplía el contingente arancelario, libre de derechos, para la importación de papel estucado de menos de 65 gr/m2, con destino a la edición de revistas, establecido por Real Decreto 3276/1982, de 12 de noviembre (P. A. 48.07.D.II.b.1)."
1983-09-27,231,1,BOE-A-1983-25851,MINISTERIO DE ECONOMÍA Y HACIENDA,estatal,Real Decreto,26348,26348,"Real Decreto 2538/1983, de 28 de julio, por el que se modifican las partidas 08.01 (dátiles, plátanos, etc.), 84.11 (bombas, motobombas, etc.) y 84.45 (máquinas - herramienta, etcétera) del Arancel de Aduanas."
1983-09-27,231,1,BOE-A-1983-25852,MINISTERIO DE ECONOMÍA Y HACIENDA,estatal,Real Decreto,26349,26349,"Real Decreto 2539/1983, de 28 de julio, sobre modificación temporal del derecho arancelario aplicable a desbastes en rollo para chapas de acero inoxidable, en bruto (P. A. Ex-73.15.B.III.a)."
1983-09-27,231,1,BOE-A-1983-25853,MINISTERIO DE ECONOMÍA Y HACIENDA,estatal,Real Decreto,26349,26349,"Real Decreto 2540/1983, de 28 de julio, por el que se prorroga la resolución tipo para la construcción, en régimen de fabricación mixta, de unidades motocompresoras de tornillo para fluidos frigorígenos desde 20.000 frigorías/hora hasta 6.000.000 frigorías/hora de potencia (P. A. 84.11.A.II.b.4.cc)."
1983-09-27,231,1,BOE-A-1983-25854,MINISTERIO DE ECONOMÍA Y HACIENDA,estatal,Real Decreto,26349,26349,"Real Decreto 2541/1983, de 28 de julio, por el que se prorroga y modifica la resolución tipo para la construcción, en régimen de fabricación mixta, de robots industriales regidos por sistema de información codificada con capacidad de carga de hasta 60 kilogramos inclusive (P. A. 84.22.B.IV.c)."
1983-09-27,231,1,BOE-A-1983-25855,MINISTERIO DE ECONOMÍA Y HACIENDA,estatal,Real Decreto,26349,26350,"Real Decreto 2542/1983, de 28 de julio, por e que se aprueba la resolución tipo para la construcción, en régimen de fabricación mixta, de máquinas de coser industriales provistas de sistema de impulsión regulada (P. A. 84.41.A.II, excepto b.1)."
1983-09-27,231,1,BOE-A-1983-25856,MINISTERIO DE ECONOMÍA Y HACIENDA,estatal,Real Decreto,26350,26351,"Real Decreto 2543/1983, de 28 de julio, por el que se aprueba la resolución-tipo para la construcción, en régimen de fabricación mixta, de automotores eléctricos y remolques construidos en aleación ligera (P. A. 86.04 y 86.05)."
1983-09-27,231,1,BOE-A-1983-25857,MINISTERIO DE ECONOMÍA Y HACIENDA,estatal,Real Decreto,26351,26351,"Real Decreto 2544/1983, de 28 de julio, por el que se prorroga la resolución tipo para la construcción, en régimen de fabricación mixta, de unidades enfriadoras con motocompresor, condensador y evaporador desde 500.000 frigorías/hora hasta 4.500.000 frigorías/hora (P. A. 84.15.C.II.d)."
1983-09-27,231,1,BOE-A-1983-25858,MINISTERIO DE ECONOMÍA Y HACIENDA,estatal,Real Decreto,26351,26351,"Real Decreto 2545/1983, de 28 de julio, por el que se establece un contingente arancelario, libre de derechos, para la importación de determinado producto clasificado en la P. A. 48 01.F.XVIII.b.2."
1983-09-27,231,1,BOE-A-1983-25859,MINISTERIO DE ECONOMÍA Y HACIENDA,estatal,Real Decreto,26351,26353,"Real Decreto 2546/1983, de 4 de agosto, por el que se amplía, prorroga y modifica la lista apéndice de bienes de equipo del Arancel de Aduanas."
1983-09-27,231,1,BOE-A-1983-25860,MINISTERIO DE ECONOMÍA Y HACIENDA,estatal,Real Decreto,26354,26354,"Real Decreto 2547/1983, de 4 de agosto, por el que se fija el volumen y precio del alcohol etílico rectificado de caña en la zafra de 1983."
1983-09-27,231,1,BOE-A-1983-25861,MINISTERIO DE ECONOMÍA Y HACIENDA,estatal,Resolución,26354,26354,"Resolución de 6 de septiembre de 1983, de la Dirección General del Tesoro y Política Financiera, por la que se dispone la celebración de la 20, 21, 22 y 23 subastas de pagarés del Tesoro, correspondientes a 1983."
1983-09-27,231,1,BOE-A-1983-25862,MINISTERIO DE EDUCACIÓN Y CIENCIA,estatal,Resolución,26354,26354,"Resolución de 22 de septiembre de 1983, de la Dirección General de Enseñanza Universitaria, por la que se hacen públicas las calificaciones de las pruebas de aptitud para acceso a la Universidad para alumnos con estudios convalidables, celebradas en Embajadas y Consulados, en la convocatoria de junio de 1983."
1983-09-28,232,1,BOE-A-1983-25943,PRESIDENCIA DEL GOBIERNO,estatal,Real Decreto,26435,26436,"Real Decreto 2560/1983, de 25 de agosto, de traspaso de funciones y servicios del Estado a la Comunidad Autónoma de La Rioja, en materia de intervención de precios."
1983-09-28,232,1,BOE-A-1983-25944,PRESIDENCIA DEL GOBIERNO,estatal,Real Decreto,26437,26438,"Real Decreto 2561/1983, de 25 de agosto, de traspaso de funciones y servicios del Estado a la Comunidad Autónoma de La Rioja en materias de ferias interiores y comercio interior."
1983-09-28,232,1,BOE-A-1983-25945,MINISTERIO DE ECONOMÍA Y HACIENDA,estatal,Corrección,26438,26438,Corrección de erratas de la Orden de 1 de julio de 1983 por la que se dan instrucciones para el canje y recogida de las precintas de circulación de bebidas derivadas de alcoholes naturales a granel.
1983-09-28,232,1,BOE-A-1983-25946,"MINISTERIO DE AGRICULTURA, PESCA Y ALIMENTACIÓN",estatal,Orden,26438,26439,"Orden de 23 de septiembre de 1983 sobre medidas conducentes a paliar los daños producidos por las inundaciones ocurridas en el País Vasco, Cantabria, Asturias, Burgos y Navarra."
1983-09-28,232,1,BOE-A-1983-25947,"MINISTERIO DE TRANSPORTES, TURISMO Y COMUNICACIONES",estatal,Orden,26439,26440,Orden de 8 de septiembre de 1983 por la que se modifica la composición del Pleno de la Comisión Interministerial de Coordinación del Transporte de Mercancías Peligrosas.
1983-09-28,232,1,BOE-A-1983-25948,"MINISTERIO DE TRANSPORTES, TURISMO Y COMUNICACIONES",estatal,Orden,26440,26440,Orden de 20 de septiembre de 1983 por la que se dictan normas sobre la colaboración del Servicio de Correos en las elecciones locales parciales.
1983-09-29,233,1,BOE-A-1983-26058,JEFATURA DEL ESTADO,estatal,Corrección,26529,26529,"Corrección de erratas de la Ley 8/1983, de 29 de junio, sobre medidas urgentes en materia de órganos de gobierno de las Universidades."
1983-09-29,233,1,BOE-A-1983-26059,JEFATURA DEL ESTADO,estatal,Corrección,26529,26529,"Corrección de errores de la Ley 10/1983, de 16 de agosto, de organización de la Administración Central del Estado."
1983-09-29,233,1,BOE-A-1983-26060,MINISTERIO DE ECONOMÍA Y HACIENDA,estatal,Real Decreto,26529,26529,"Real Decreto 2569/1983, de 21 de septiembre, por el que se regula el gravamen complementario de sobre medidas financieras de estimulo a la exportación."
1983-09-29,233,1,BOE-A-1983-26061,MINISTERIO DE ECONOMÍA Y HACIENDA,estatal,Real Decreto,26529,26530,"Real Decreto 2570/1983, de 21 de septiembre, por el que se desarrolla la Ley 11/1983, de 16 de agosto, la tasa fiscal que grava los juegos de suerte, envite o azar llevados a cabo con máquinas o aparatos automáticos."
1983-09-29,233,1,BOE-A-1983-26062,MINISTERIO DE ECONOMÍA Y HACIENDA,estatal,Orden,26530,26530,Orden de 20 de septiembre de 1983 por la que se modifica la desgravación fiscal a la exportación de los comerciantes exportadores no fabricantes.
1983-09-29,233,1,BOE-A-1983-26063,MINISTERIO DE EDUCACIÓN Y CIENCIA,estatal,Orden,26530,26531,Orden de 23 de septiembre de 1983 por la que se dispone la regulación de la adscripción universitaria de los alumnos de la región de Castilla-La Mancha.
1983-09-29,233,1,BOE-A-1983-26064,"MINISTERIO DE AGRICULTURA, PESCA Y ALIMENTACIÓN",estatal,Corrección,26531,26531,Corrección de erratas de la Orden de 19 de julio de 1983 por la que se aprueba el Reglamento de Concesiones para el Cultivo del Tabaco.
1983-09-29,233,1,BOE-A-1983-26065,"MINISTERIO DE TRANSPORTES, TURISMO Y COMUNICACIONES",estatal,Orden,26531,26582,"Orden de 10 de junio de 1983 sobre normas complementarias de aplicación al Convenio Internacional para la Seguridad de la Vida Humana en el Mar, 1974, y su Protocolo de 1978, a los buques y embarcaciones mercantes nacionales."
1983-09-29,233,5,BOE-A-1983-26127,NAVARRA,autonómico,Ley,26603,26603,"Ley Foral 28/1983, de 30 de julio de 1983, sobre dotación de un crédito extraordinario de 60.500.000 pesetas para financiar diversas construcciones de edificios escolares incluidas en los Convenios suscritos en los años 1978 y 1982 entre el Ministerio de Educación y Ciencia y la Diputación Foral."
1983-09-29,233,5,BOE-A-1983-26128,NAVARRA,autonómico,Ley,26603,26603,"Ley Foral 27/1983, de 30 de julio, sobre concesión de un crédito extraordinario de 12 millones de pesetas para complementar la financiación del Plan especial de actuaciones para la mejora de abastecimientos a poblaciones afectadas por la sequía."
1983-09-29,233,5,BOE-A-1983-26129,NAVARRA,autonómico,Ley,26603,26604,"Ley Foral 26/1983, de 30 de julio, sobre concesión de un crédito extraordinario de 150 millones de pesetas para dar continuidad a las obras de dragados, encauzamientos y defensa de los ríos en Navarra."
1983-09-29,233,5,BOE-A-1983-26130,NAVARRA,autonómico,Ley,26604,26604,"Ley Foral 29/1983, de 29 de agosto, sobre concesión de autorización a la Diputación Foral para realizar operaciones de transmisión de créditos fiscales y de concesión de un crédito extraordinario para la reconversión industrial del Grupo ""Inelsa""."
1983-09-30,234,1,BOE-A-1983-26132,MINISTERIO DE DEFENSA,estatal,Orden,26625,26625,"Orden 310/90032/1983, de 28 de septiembre, por la que se dan normas para el sorteo de los mozos pertenecientes al reemplazo de 1984 y agregados al mismo."
1983-09-30,234,1,BOE-A-1983-26133,MINISTERIO DE ECONOMÍA Y HACIENDA,estatal,Corrección,26625,26625,"Corrección de errores del Real Decreto 2168/1983, de 4 de agosto, por el que se dispone emisiones de Deuda del Estado, interior y amortizable, por un importe conjunto de 100.000 millones de pesetas, ampliable para atender al canje de títulos de la Deuda del Estado, interior y amortizable, al 13 por 100, de 20 de diciembre de 1980."
1983-09-30,234,1,BOE-A-1983-26134,MINISTERIO DE ECONOMÍA Y HACIENDA,estatal,Corrección,26625,26625,"Corrección de erratas del Real Decreto 2569/1983, de 21 de septiembre, por el que se desarrolla la Ley 11/1983, de 16 de agosto, sobre medidas financieras de estímulo a la exportación."
1983-09-30,234,1,BOE-A-1983-26135,MINISTERIO DE ECONOMÍA Y HACIENDA,estatal,Corrección,26625,26625,"Corrección de erratas del Real Decreto 2570/1983, de 21 de septiembre, por el que se regula el gravamen complementario de la tasa fiscal que grava los juegos de suerte, envite o azar llevados a cabo con máquinas o aparatos automáticos."
1983-09-30,234,1,BOE-A-1983-26136,MINISTERIO DE ECONOMÍA Y HACIENDA,estatal,Orden,26626,26626,"Orden de 15 de septiembre de 1983 sobre la ejecución de lo establecido en el artículo 4.º, apartado 4.º, del Real Decreto-ley 5/1983, de 1 de septiembre, sobre medidas urgentes para reparar los daños causados por las recientes inundaciones en el País Vasco, Cantabria, Asturias, Burgos y Navarra."
1983-09-30,234,1,BOE-A-1983-26137,MINISTERIO DE ECONOMÍA Y HACIENDA,estatal,Orden,26626,26627,"Orden de 24 de septiembre de 1983 por la que se adoptan medidas para reparar daños causados en las labores de tabacos y efectos timbrados por las inundaciones acaecidas en las provincias de Valencia, Alicante, Murcia, Albacete, Barcelona, Tarragona, Lérida, Gerona, Huesca, Vizcaya, Alava, Guipúzcoa, Cantabria, Asturias, Burgos y Navarra, en los años 1982 y 1983."
1983-09-30,234,1,BOE-A-1983-26138,"MINISTERIO DE AGRICULTURA, PESCA Y ALIMENTACIÓN",estatal,Orden,26627,26627,Orden de 19 de septiembre de 1983 de prórroga de la vigencia del Plan de Explotación Marisquera y de Cultivos Marinos de la Región Sudatlántica (PEMARES).
1983-09-30,234,1,BOE-A-1983-26139,"MINISTERIO DE AGRICULTURA, PESCA Y ALIMENTACIÓN",estatal,Orden,26627,26627,Orden de 20 de septiembre de 1983 sobre variedades y calibres de patata de siembra que pueden ser objeto de importación en la campaña 1983-84.
1983-09-30,234,1,BOE-A-1983-50097,"MINISTERIO DE TRANSPORTES, TURISMO Y COMUNICACIONES",estatal,Orden,26628,26674,"Orden de 10 de junio de 1983 sobre normas complementarias de aplicación al Convenio Internacional para la Seguridad de la Vida Humana en el Mar, 1974, y su Protocolo de 1978, a los buques y embarcaciones mercantes nacionales. (Continuación.)"
1983-09-30,234,5,BOE-A-1983-26186,PRINCIPADO DE ASTURIAS,autonómico,Ley,26699,26699,"Ley 3/1983, de 14 de julio, de concesión de crédito extraordinario a la sección 17 de los Presupuestos Generales del Principado para 1983."
1983-09-30,234,5,BOE-A-1983-26187,PRINCIPADO DE ASTURIAS,autonómico,Ley,26699,26700,"Ley 4/1983, de 4 de agosto, reguladora del procedimiento de designación de Senadores por el Principado de Asturias."
1983-09-30,234,5,BOE-A-1983-26188,PRINCIPADO DE ASTURIAS,autonómico,Ley,26700,26702,"Ley 5/1983, de 4 de agosto, reguladora del Consejo Asesor de Radio y Televisión Española en el Principado de Asturias."
1983-09-30,234,5,BOE-A-1983-26189,PRINCIPADO DE ASTURIAS,autonómico,Ley,26702,26703,"Ley 6/1983, de 9 de agosto, de creación del Instituto de Fomento Regional."
1983-10-01,235,1,BOE-A-1983-26190,MINISTERIO DE ASUNTOS EXTERIORES,estatal,Corrección,26721,26721,"Corrección de erratas del Convenio de 30 de mayo de 1983, de transporte marítimo entre el Gobierno de España y el Gobierno de la Unión de Repúblicas Socialistas Soviéticas, hecho en Moscú, y Cartas anejas."
1983-10-01,235,1,BOE-A-1983-26191,MINISTERIO DE DEFENSA,estatal,Real Decreto,26721,26723,"Real Decreto 2571/1983, de 27 de septiembre, por el que se regula la tenencia y utilización de la paloma mensajera."
1983-10-01,235,1,BOE-A-1983-26192,MINISTERIO DE ECONOMÍA Y HACIENDA,estatal,Orden,26723,26724,Orden de 29 de septiembre de 1983 sobre fijación del derecho compensatorio variable para la importación de productos sometidos a este régimen.
1983-10-01,235,1,BOE-A-1983-26193,MINISTERIO DE ECONOMÍA Y HACIENDA,estatal,Orden,26724,26726,Orden de 29 de septiembre de 1983 sobre fijación del derecho regulador para la importación de productos sometidos a este régimen.
1983-10-01,235,1,BOE-A-1983-26194,MINISTERIO DEL INTERIOR,estatal,Corrección,26726,26727,"Corrección de errores del Real Decreto 2816/1982, de 27 de agosto, por el que se aprueba el Reglamento General de Policía de Espectáculos Públicos y Actividades Recreativas."
1983-10-01,235,1,BOE-A-1983-50098,"MINISTERIO DE TRANSPORTES, TURISMO Y COMUNICACIONES",estatal,Orden,26727,26776,"Orden de 10 de junio de 1983 sobre normas complementarias de aplicación al Convenio Internacional para la Seguridad de la Vida Humana en el Mar, 1974, y su Protocolo de 1978, a los buques y embarcaciones mercantes nacionales. (Conclusión.)"
1983-10-01,235,5,BOE-A-1983-26245,CATALUÑA,autonómico,Ley,26793,26794,"Ley 20/1983, de 2 de agosto, de Presupuesto de la Generalidad de Cataluña y de sus Entidades autónomas para 1983."
1983-10-03,236,1,BOE-A-1983-26248,PRESIDENCIA DEL GOBIERNO,estatal,Real Decreto,26818,26818,"Real Decreto 2574/1983, de 13 de julio, por el que se dictan las prescripciones relativas a las características de construcción de los vehículos de transporte colectivo de personas de más de dieciséis plazas, excluido el conductor."
1983-10-03,236,1,BOE-A-1983-26249,PRESIDENCIA DEL GOBIERNO,estatal,Real Decreto,26818,26819,"Real Decreto 2575/1983, de 20 de julio, sobre traspaso de funciones de la Administración del Estado a la Generalidad de Cataluña en materia de defensa del consumidor y del usuario."
1983-10-03,236,1,BOE-A-1983-26250,PRESIDENCIA DEL GOBIERNO,estatal,Real Decreto,26819,26821,"Real Decreto 2576/1983, de 20 de julio, de traspaso de funciones y servicios de la Administración del Estado a la Generalidad de Cataluña en materia del Centro de Estudios y Ordenación del Territorio y Medio Ambiente."
1983-10-03,236,1,BOE-A-1983-26251,PRESIDENCIA DEL GOBIERNO,estatal,Real Decreto,26822,26822,"Real Decreto 2577/1983, de 25 de agosto, sobre traspaso de funciones a la Comunidad Autónoma de Galicia en materia de Cámaras Oficiales de la Propiedad Urbana."
1983-10-03,236,1,BOE-A-1983-26252,PRESIDENCIA DEL GOBIERNO,estatal,Real Decreto,26822,26825,"Real Decreto 2578/1983, de 25 de agosto, sobre valoración definitiva y ampliación de medios adscritos a los servicios traspasados a la Comunidad Autónoma de Galicia en materias de ferias internacionales, comercio interior y Cámaras de Comercio, Industria y Navegación."
1983-10-03,236,1,BOE-A-1983-26253,MINISTERIO DE ASUNTOS EXTERIORES,estatal,Corrección,26826,26826,"Corrección de errores del Acuerdo Europeo sobre Trabajo de Tripulaciones de los Vehículos que efectúen Transportes Internacionales por Carretera (AETR), hecho en Ginebra el 1 de julio de 1970. Enmiendas propuestas por el Reino Unido a los artículos 3, 6, 10, 11, 12 y 14, puestas en circulación por el Secretario general de las Naciones Unidas el 2 de febrero de 1982."
1983-10-03,236,1,BOE-A-1983-26254,MINISTERIO DE ECONOMÍA Y HACIENDA,estatal,Corrección,26826,26826,"Corrección de errores del Real Decreto 1808/1983, de 20 de abril, de retirada de la circulación de la moneda de 50 céntimos."
1983-10-03,236,1,BOE-A-1983-26255,MINISTERIO DE EDUCACIÓN Y CIENCIA,estatal,Orden,26826,26827,Orden de 23 de septiembre de 1983 sobre regulación de las extensiones del Instituto Nacional de Bachillerato a Distancia en el extranjero.
1983-10-03,236,1,BOE-A-1983-26256,"MINISTERIO DE AGRICULTURA, PESCA Y ALIMENTACIÓN",estatal,Orden,26827,26828,Orden de 27 de septiembre de 1983 por la que se regula el fomento experimental de leguminosas pienso durante las campañas 1983-84 a 1986 87.
1983-10-04,237,1,BOE-A-1983-26341,PRESIDENCIA DEL GOBIERNO,estatal,Corrección,26914,26914,"Corrección de erratas del Real Decreto 2008/1983, de 15 de junio, por el que se concede franquicia postal y telegráfica a los órganos e Instituciones de la Comunidad Autónoma de Extremadura."
1983-10-04,237,1,BOE-A-1983-26342,PRESIDENCIA DEL GOBIERNO,estatal,Corrección,26914,26914,"Corrección de erratas del Real Decreto 2011/1983, de 15 de junio, por el que se concede franquicia postal y telegráfica a los órganos e Instituciones de la Comunidad Autónoma de Castilla-León."
1983-10-04,237,1,BOE-A-1983-26343,PRESIDENCIA DEL GOBIERNO,estatal,Orden,26914,26914,"Orden de 3 de octubre de 1983 por la que se determina la limitación del precio de venta de las viviendas de protección oficial acogidas a lo dispuesto en el Real Decreto 372/1982, de 12 de febrero."
1983-10-04,237,1,BOE-A-1983-26344,MINISTERIO DE ASUNTOS EXTERIORES,estatal,Otras,26914,26915,"Canjes de notas realizados en Madrid el 26 de noviembre y 27 de diciembre de 1982, y el 21 de febrero y 21 de abril de 1983, por los que se suspende la aplicación del canje de notas de 20 de septiembre de 1967, constitutivo del Acuerdo entre los Gobiernos de España y del Irán sobre supresión de visados para los súbditos de ambos países."
1983-10-04,237,1,BOE-A-1983-26345,MINISTERIO DE DEFENSA,estatal,Corrección,26915,26915,"Corrección de errores del Real Decreto 2571/1983, de 27 de septiembre, por el que se regula la tenencia y utilización de la paloma mensajera."
1983-10-04,237,1,BOE-A-1983-26346,MINISTERIO DE ECONOMÍA Y HACIENDA,estatal,Real Decreto,26915,26915,"Real Decreto 2581/1983, de 28 de julio, por el que se revisan las bonificaciones existentes en el Impuesto de Compensación de Gravámenes Interiores a la importación de determinadas mercancías."
1983-10-04,237,1,BOE-A-1983-26347,MINISTERIO DE ECONOMÍA Y HACIENDA,estatal,Real Decreto,26916,26916,"Real Decreto 2582/1983, de 28 de julio, por el que se dispensa del requisito de justificación de llegada a destino de mercancías extranjeras en los casos regulados en los artículos 95, 198, 203, 211 y 220 de las Ordenanzas de Aduanas."
1983-10-04,237,1,BOE-A-1983-26348,MINISTERIO DE ECONOMÍA Y HACIENDA,estatal,Real Decreto,26916,26916,"Real Decreto 2583/1983, de 28 de septiembre, por el que se modifica el Impuesto de Compensación de Gravámenes Interiores aplicable a las importaciones de maíz y sorgo."
1983-10-04,237,1,BOE-A-1983-26349,MINISTERIO DE ECONOMÍA Y HACIENDA,estatal,Orden,26916,26916,"Orden de 6 septiembre de 1983 por el que se actualiza las percepciones mínimas de los Recaudadores de Tributos, contenidas en el artículo 73 del Estatuto Orgánico de la Función Recaudatoria, en virtud de las facultades otorgadas al Ministerio por el Real Decreto 2996/1978, de 7 de diciembre."
1983-10-04,237,1,BOE-A-1983-26350,MINISTERIO DE INDUSTRIA Y ENERGÍA,estatal,Orden,26917,26917,Orden de 28 de de septiembre de 1983 sobre normas para la declaración de Empresas artesanas protegidas para el ejercicio de 1983.
1983-10-04,237,1,BOE-A-1983-26351,"MINISTERIO DE AGRICULTURA, PESCA Y ALIMENTACIÓN",estatal,Orden,26917,26917,"Orden de 22 de septiembre de 1983 por la que se rectifica la Orden de 16 de septiembre de 1983, por la que se autoriza al Instituto Nacional para la Conservación de la Naturaleza (ICONA) a realizar las obras urgentes en el ámbito de su competencia en Cantabria, Asturias y Burgos, en cumplimiento de lo establecido en el Real Decreto-ley 5/1983, de 1 de septiembre."
1983-10-05,238,1,BOE-A-1983-26429,TRIBUNAL CONSTITUCIONAL,estatal,Resolución judicial,27010,27010,"Recurso de inconstitucionalidad número 614/1983, promovido por don José María Ruiz Gallardón, como comisionado de 54 Diputados, contra la Ley del País Vasco 8/1983, de 19 de mayo."
1983-10-05,238,1,BOE-A-1983-26430,PRESIDENCIA DEL GOBIERNO,estatal,Real Decreto,27010,27010,"Real Decreto 2595/1983, de 28 de septiembre, regulador de las tasas académicas de las Escuelas Sociales para el curso 1983/1984."
1983-10-05,238,1,BOE-A-1983-26431,PRESIDENCIA DEL GOBIERNO,estatal,Corrección,27010,27010,"Corrección de errores del Real Decreto 1777/1983, de 22 de junio, por el que se modifican determinadas tarifas postales y de Telecomunicación."
1983-10-05,238,1,BOE-A-1983-26432,PRESIDENCIA DEL GOBIERNO,estatal,Corrección,27010,27010,"Corrección de errores del Real Decreto 2201/1983, de 4 de agosto, por el que se regula la campaña vínico-alcoholera 1983-84."
1983-10-05,238,1,BOE-A-1983-26433,PRESIDENCIA DEL GOBIERNO,estatal,Orden,27010,27012,Orden de 3 de octubre de 1983 por la que se aprueba la Norma General de Calidad para la Leche Pasterizada destinada al mercado interior.
1983-10-05,238,1,BOE-A-1983-26434,MINISTERIO DE SANIDAD Y CONSUMO,estatal,Orden,27012,27013,Orden de 26 de septiembre de 1983 sobre control y registro sanitarios de determinados productos.
1983-10-05,238,5,BOE-A-1983-26502,ANDALUCÍA,autonómico,Ley,27075,27080,"Ley 7/1983, de 3 de Agosto, de Presupuesto de la Comunidad Autónoma de Andalucía para 1983."
1983-10-05,238,5,BOE-A-1983-26506,COMUNIDAD VALENCIANA,autonómico,Ley,27082,27085,"Ley 1/1983, de 28 de julio, de Presupuestos de la Generalidad Valenciana para 1983."
1983-10-06,239,1,BOE-A-1983-26507,CORTES GENERALES,estatal,Resolución,27106,27106,"Resolución de 22 de septiembre de 1983, del Congreso de los Diputados, por la que se ordena la publicación del Acuerdo de convalidación del Real Decreto-ley 4/1983, de 4 de agosto, de medidas urgentes para el comienzo del curso 1983-84."
1983-10-06,239,1,BOE-A-1983-26508,CORTES GENERALES,estatal,Resolución,27106,27106,"Resolución de 22 de septiembre de 1983, del Congreso de los Diputados, por la que se ordena la publicación del Acuerdo de convalidación del Real Decreto-ley 5/1983, de 1 de septiembre, sobre medidas urgentes para reparar los daños causados por las recientes inundaciones en el País Vasco, Cantabria, Asturias, Burgos y Navarra."
1983-10-06,239,1,BOE-A-1983-26509,PRESIDENCIA DEL GOBIERNO,estatal,Orden,27106,27108,Orden de 3 de octubre de 1983 por la que se aprueba la Norma General de Calidad para la Leche Esterilizada destinada al mercado interior.
1983-10-06,239,1,BOE-A-1983-26510,MINISTERIO DE ASUNTOS EXTERIORES,estatal,Tratado o acuerdo internacional,27108,27109,"Acuerdo de 8 de septiembre de 1983 de Cooperación Turística entre el Gobierno de España y el Gobierno de la República Italiana, hecho en Madrid."
1983-10-06,239,1,BOE-A-1983-26511,MINISTERIO DE ECONOMÍA Y HACIENDA,estatal,Orden,27109,27109,Orden de 29 de septiembre de 1983 por la que se fija en 500.000 pesetas el valor mínimo de las peticiones de suscripción de pagarés del Tesoro a plazo de doce meses.
1983-10-06,239,1,BOE-A-1983-26512,MINISTERIO DE ECONOMÍA Y HACIENDA,estatal,Resolución,27109,27109,"Resolución de 9 de septiembre de 1983, de la Dirección General de Seguros, sobre delegación de atribuciones en materias de competencia de esta Dirección General."
1983-10-07,240,1,BOE-A-1983-26606,PRESIDENCIA DEL GOBIERNO,estatal,Orden,27204,27204,Orden de 6 de octubre de 1983 por la que se actualiza el baremo de ingresos familiares y el concepto y cuantía de las ayudas escolares a afectados por el síndrome tóxico para el curso 1983/1984.
1983-10-07,240,1,BOE-A-1983-26607,MINISTERIO DE ASUNTOS EXTERIORES,estatal,Tratado o acuerdo internacional,27205,27224,"Reglamento número 30 sobre prescripciones uniformes relativas a la homologación de los neumáticos para automóviles y sus remolques, anejo al Acuerdo de Ginebra de 20 de marzo de 1958 relativo a la adopción de condiciones uniformes de homologación y reconocimiento recíproco de homologación para equipos y piezas de vehículos de motor. Incluye las series 01 y 02 de enmiendas que entraron en vigor el 1 de agosto de 1977 y el 15 de marzo de 1981, respectivamente."
1983-10-07,240,1,BOE-A-1983-26608,MINISTERIO DE ASUNTOS EXTERIORES,estatal,Corrección,27224,27224,"Corrección de erratas del Acuerdo de 18 de marzo de 1983 de Cooperación Económica y Comercial entre España y la República Popular de Angola, firmado en Madrid."
1983-10-07,240,1,BOE-A-1983-26609,MINISTERIO DE ECONOMÍA Y HACIENDA,estatal,Orden,27225,27225,"Orden de 5 de octubre de 1983 para ejecución de lo establecido en el artículo 4.º, 4, del Real Decreto-ley 5/1983, de 1 de septiembre, sobre medidas urgentes para reparar los daños causados por las recientes inundaciones en el País Vasco, Cantabria, Asturias, Burgos y Navarra."
1983-10-07,240,1,BOE-A-1983-26610,MINISTERIO DE SANIDAD Y CONSUMO,estatal,Corrección,27225,27225,Corrección de errores de la Orden de 27 de julio de 1983 por la que se establecen métodos oficiales de análisis microbiológicos de aguas potables de consumo público.
1983-10-08,241,1,BOE-A-1983-26753,PRESIDENCIA DEL GOBIERNO,estatal,Real Decreto,27394,27396,"Real Decreto 2619/1983, de 25 de agosto, sobre valoración definitiva y ampliación de medios adscritos a los servicios traspasados a la Comunidad Valenciana en materias de ferias interiores y comercio interior."
1983-10-08,241,1,BOE-A-1983-26754,PRESIDENCIA DEL GOBIERNO,estatal,Real Decreto,27396,27398,"Real Decreto 2620/1983, de 25 de agosto, de traspaso de funciones y servicios del Estado a la Comunidad Valenciana en materia de ferias internacionales y Cámaras de Comercio, Industria y Navegación."
1983-10-08,241,1,BOE-A-1983-26755,PRESIDENCIA DEL GOBIERNO,estatal,Orden,27398,27399,Orden de 7 de octubre de 1983 por la que se constituye la Comisión Interministerial encargada de elaborar el libro blanco sobre la administración exterior del Estado.
1983-10-08,241,1,BOE-A-1983-26756,MINISTERIO DE ECONOMÍA Y HACIENDA,estatal,Real Decreto,27399,27400,"Real Decreto 2621/1983, de 29 de septiembre, sobre Ferias Comerciales Internacionales."
1983-10-08,241,1,BOE-A-1983-26757,MINISTERIO DE ECONOMÍA Y HACIENDA,estatal,Orden,27400,27401,"Orden de 21 de septiembre de 1983 sobre documentación estadístico contable de las Entidades de seguros, reaseguros y capitalización, adaptada al Plan General de Contabilidad."
1983-10-08,241,1,BOE-A-1983-26758,MINISTERIO DE ECONOMÍA Y HACIENDA,estatal,Orden,27401,27402,Orden de 6 de octubre de 1983 sobre fijación del derecho compensatorio variable para la importación de productos sometidos a este régimen.
1983-10-08,241,1,BOE-A-1983-26759,MINISTERIO DE ECONOMÍA Y HACIENDA,estatal,Orden,27402,27404,Orden de 6 de octubre de 1983 sobre fijación del derecho regulador para la importación de productos sometidos a este régimen.
1983-10-08,241,1,BOE-A-1983-26760,MINISTERIO DE ECONOMÍA Y HACIENDA,estatal,Corrección,27404,27404,"Corrección de erratas de la Orden de 3 de agosto de 1983 por la que se reorganizan los Servicios de Inspección de la Administración Territorial de la Hacienda Pública, dependiente de la Dirección General de Inspección Financiera y Tributaria, y se modifica la Orden de 23 de mayo de 1980."
1983-10-08,241,1,BOE-A-1983-26761,"MINISTERIO DE TRANSPORTES, TURISMO Y COMUNICACIONES",estatal,Corrección,27404,27404,"Corrección de erratas del Real Decreto 2333/1983, de 4 de agosto, por el que se actualiza la cuantía de las indemnizaciones por daños previstas en la Ley de Navegación Aérea."
1983-10-08,241,1,BOE-A-1983-26762,MINISTERIO DE SANIDAD Y CONSUMO,estatal,Resolución,27404,27405,"Resolución de 28 de septiembre de 1983, de la Subsecretaría, por la que se aprueba la lista positiva de aditivos y coadyuvantes tecnológicos para uso en la elaboración de aceitunas de mesa."
1983-10-08,241,5,BOE-A-1983-26843,CASTILLA-LA MANCHA,autonómico,Ley,27460,27464,"Ley 2/1983, de 30 de julio, de Presupuestos Generales de la Comunidad Autónoma Castilla-La Mancha."
1983-10-10,242,1,BOE-A-1983-26846,TRIBUNAL CONSTITUCIONAL,estatal,Resolución judicial,27490,27490,Planteamiento de cuestión de inconstitucionalidad número 470/83.
1983-10-10,242,1,BOE-A-1983-26847,PRESIDENCIA DEL GOBIERNO,estatal,Orden,27490,27492,Orden de 7 de octubre de 1983 por la que se aprueba la Norma General de Calidad para la leche UHT destinada al mercado interior.
1983-10-10,242,1,BOE-A-1983-26848,MINISTERIO DE ASUNTOS EXTERIORES,estatal,Tratado o acuerdo internacional,27492,27502,"Reglamento número 21 sobre prescripciones uniformes relativas a la homologación de vehículos en lo que concierne a su acondicionamiento interior, anejo al Acuerdo de Ginebra de 20 de marzo de 1958, relativo a la adopción de condiciones uniformes de homologación y reconocimiento recíproco de homologación de equipos y piezas de vehículos de motor. Incluye la serie 01 de enmiendas que entraron en vigor el 8 de octubre de 1980."
1983-10-10,242,1,BOE-A-1983-26849,MINISTERIO DE ECONOMÍA Y HACIENDA,estatal,Corrección,27502,27502,"Corrección de errores del Real Decreto 2581/1983, de 28 de julio, por el que se revisan las bonificaciones existentes en el Impuesto de Compensación de Gravámenes Interiores a la importación de determinadas mercancías."
1983-10-10,242,1,BOE-A-1983-26850,MINISTERIO DE ECONOMÍA Y HACIENDA,estatal,Orden,27502,27502,Orden de 16 de septiembre de 1983 por la que se crea la Comisión de Informática del Departamento.
1983-10-10,242,1,BOE-A-1983-26851,MINISTERIO DEL INTERIOR,estatal,Resolución,27502,27502,"Resolución de 26 de septiembre de 1983, de la Dirección General de la Guardia Civil, por la que se delega en los Jefes de Comandancia de dicho Cuerpo la expedición de guías de pertenencia tipo E de las armas pertenecientes al personal de Policía de las Comunidades Autónomas y de las Entidades Locales."
1983-10-11,243,1,BOE-A-1983-26941,PRESIDENCIA DEL GOBIERNO,estatal,Orden,27586,27588,Orden de 7 de octubre de 1983 por la que se aprueba la Norma General de Calidad para la Leche Evaporada destinada al mercado interior.
1983-10-11,243,1,BOE-A-1983-26942,PRESIDENCIA DEL GOBIERNO,estatal,Corrección,27588,27588,Corrección de errores de la Orden de 12 de septiembre de 1983 por la que se aprueba la Norma de Calidad para tomates frescos destinados al mercado interior.
1983-10-11,243,1,BOE-A-1983-26943,MINISTERIO DE ASUNTOS EXTERIORES,estatal,Corrección,27588,27588,"Corrección de errores del Real Decreto 2094/1983, de 28 de julio, por el que se desarrollan algunos aspectos del Convenio de Amistad, Defensa y Cooperación entre España y los Estados Unidos de América."
1983-10-11,243,1,BOE-A-1983-26944,MINISTERIO DE ASUNTOS EXTERIORES,estatal,Tratado o acuerdo internacional,27588,27590,Acuerdo de 1 de agosto de 1983 de cooperación sobre pesca marítima entre España y el Reino de Marruecos. Hecho en Rabat.
1983-10-11,243,1,BOE-A-1983-26945,MINISTERIO DE ECONOMÍA Y HACIENDA,estatal,Real Decreto,27591,27591,"Real Decreto 2641/1983, de 5 de octubre, por el que se modifican los derechos aplicables a la partida arancelaria 92.11.B referente a los aparatos para el registro o la reproducción de imágenes y de sonido en televisión."
1983-10-11,243,1,BOE-A-1983-26946,MINISTERIO DE ECONOMÍA Y HACIENDA,estatal,Corrección,27591,27591,"Corrección de errores del Real Decreto 2319/1983, de 13 de julio, por el que se establece un contingente arancelario, libre de derechos, para la importación de desperdicios y desechos de cinc (P. A. 79.01.B)."
1983-10-11,243,1,BOE-A-1983-26947,MINISTERIO DE ECONOMÍA Y HACIENDA,estatal,Corrección,27591,27591,"Corrección de erratas del Real Decreto 2321/1983, de 4 de agosto, de modificación del Real Decreto 489/1979, de 20 de febrero, por el que se reorganiza la Administración Territorial de la Hacienda Pública."
1983-10-11,243,1,BOE-A-1983-26948,MINISTERIO DE ECONOMÍA Y HACIENDA,estatal,Orden,27591,27593,"Orden de 8 de septiembre de 1983, normas de calidad para el comercio de exportación de las alfalfas deshidratadas, henificadas y sus derivados."
1983-10-11,243,1,BOE-A-1983-26949,MINISTERIO DE ECONOMÍA Y HACIENDA,estatal,Orden,27593,27594,Orden de 8 de septiembre de 1983 sobre normas de calidad para el comercio exterior de puerros.
1983-10-11,243,1,BOE-A-1983-26950,MINISTERIO DE ECONOMÍA Y HACIENDA,estatal,Orden,27594,27595,Orden de 8 de septiembre de 1983 sobre norma de calidad para el comercio exterior de frambuesa.
1983-10-11,243,1,BOE-A-1983-26951,MINISTERIO DE ECONOMÍA Y HACIENDA,estatal,Orden,27595,27596,Orden de 8 de septiembre de 1983 sobre norma de calidad para el comercio exterior de zanahorias.
1983-10-11,243,1,BOE-A-1983-26952,MINISTERIO DE ECONOMÍA Y HACIENDA,estatal,Orden,27596,27597,Orden de 29 de septiembre de 1983 por la que se corrigen errores de la Orden de 14 de julio sobre normas de calidad para el comercio exterior de lechugas y escarolas.
1983-10-11,243,1,BOE-A-1983-26953,MINISTERIO DE ECONOMÍA Y HACIENDA,estatal,Orden,27597,27597,Orden de 29 de septiembre de 1983 por la que se corrigen errores de la Orden de 20 de junio sobre normas de calidad para el comercio exterior de espárragos frescos.
1983-10-11,243,1,BOE-A-1983-26954,MINISTERIO DE ECONOMÍA Y HACIENDA,estatal,Orden,27597,27597,Orden de 30 de septiembre de 1983 por la que se establece el control aduanero de las restituciones a la exportación.
1983-10-11,243,1,BOE-A-1983-26955,MINISTERIO DE ECONOMÍA Y HACIENDA,estatal,Resolución,27597,27598,"Resolución de 28 de septiembre de 1983, de la Dirección General de Exportación, por la que se fijan las normas de campaña de aceitunas de mesa para 1984."
1983-10-11,243,1,BOE-A-1983-26956,MINISTERIO DE ECONOMÍA Y HACIENDA,estatal,Resolución,27598,27598,"Resolución de 28 de septiembre de 1983, de la Dirección General de Aduanas e Impuestos Especiales, por la que se modifica el margen de tolerancia fijado en el artículo 341 de las Ordenanzas de Aduanas para el pescado a granel conducido a España por el propio buque captor o por otro que lo tome de éste en transbordo directo en alta mar."
1983-10-11,243,1,BOE-A-1983-26957,"MINISTERIO DE AGRICULTURA, PESCA Y ALIMENTACIÓN",estatal,Orden,27598,27598,"Orden de 7 de octubre de 1983 por la que se autoriza al Instituto Nacional para la Conservación de la Naturaleza (ICONA) a realizar obras urgentes de restauración hidrológico-forestal, conservación de suelos y reparación de infraestructuras públicas forestales en el País Vasco, en cumplimiento de lo establecido en el Real Decreto-ley 5/1983, de 1 de septiembre."
1983-10-11,243,1,BOE-A-1983-26958,"MINISTERIO DE TRANSPORTES, TURISMO Y COMUNICACIONES",estatal,Corrección,27599,27599,"Corrección de erratas del Real Decreto 2288/1983, de 27 de julio, por el que se establece para los hoteles como elemento promocional la distinción especial «Recomendado por su calidad»."
1983-10-11,243,1,BOE-A-1983-26959,"MINISTERIO DE TRANSPORTES, TURISMO Y COMUNICACIONES",estatal,Orden,27599,27601,"Orden de 24 de febrero de 1983, sobre adopción de un cuaderno formulario de la información de las condiciones de asignación del francobordo."
1983-10-12,244,1,BOE-A-1983-27052,PRESIDENCIA DEL GOBIERNO,estatal,Orden,27681,27681,"Orden de 11 de octubre de 1983 por la que se desarrolla el artículo 1.º del Real Decreto 2103/1983, de 4 de agosto."
1983-10-12,244,1,BOE-A-1983-27053,PRESIDENCIA DEL GOBIERNO,estatal,Corrección,27681,27681,Corrección de errores de la Orden de 5 de agosto de 1983 por la que se aprueba la norma de calidad para la miel destinada al mercado interior.
1983-10-12,244,1,BOE-A-1983-27054,PRESIDENCIA DEL GOBIERNO,estatal,Corrección,27681,27681,Corrección de errores de la Orden de 12 de septiembre de 1983 por la que se aprueba la norma de calidad para pimientos frescos destinados al mercado interior.
1983-10-12,244,1,BOE-A-1983-27055,"MINISTERIO DE AGRICULTURA, PESCA Y ALIMENTACIÓN",estatal,Corrección,27681,27681,Corrección de erratas de la Orden de 13 de septiembre de 1983 sobre ayudas a las Entidades asociativas agrarias para la comercialización en común de sus producciones.
1983-10-14,246,1,BOE-A-1983-27162,TRIBUNAL CONSTITUCIONAL,estatal,Resolución judicial,27779,27779,"Conflicto positivo de competencia núm. 653/83 planteado por el Consejo Ejecutivo de la Generalidad de Cataluña, en relación con Resolución de 6 de mayo de 1983 de la Dirección General de los Registros y del Notariado."
1983-10-14,246,1,BOE-A-1983-27163,MINISTERIO DE ASUNTOS EXTERIORES,estatal,Otras,27779,27779,"Addenda al Protocolo sobre Cooperación en Materia de Astrofísica entre los Gobiernos del Reino de España, Reino de Dinamarca, Reino Unido de Gran Bretaña e Irlanda del Norte y del Reino de Suecia, firmada en Madrid el 8 de abril de 1983."
1983-10-14,246,1,BOE-A-1983-27164,MINISTERIO DE INDUSTRIA Y ENERGÍA,estatal,Real Decreto,27780,27780,"Real Decreto 2660/1983, de 13 de octubre, por el que se establecen nuevas tarifas eléctricas."
1983-10-14,246,1,BOE-A-1983-27165,MINISTERIO DE SANIDAD Y CONSUMO,estatal,Orden,27780,27797,Orden de 28 de septiembre de 1983 por la que se aprueban las normas de identidad y pureza de los aditivos antioxidantes autorizados para uso en la elaboración de diversos productos alimenticios.
1983-10-15,247,1,BOE-A-1983-27280,JEFATURA DEL ESTADO,estatal,Ley,27969,27972,"Ley 12/1983, de 14 de octubre, del Proceso Autonómico."
1983-10-15,247,1,BOE-A-1983-27281,PRESIDENCIA DEL GOBIERNO,estatal,Real Decreto,27972,27972,"Real Decreto 2664/1983, de 11 de mayo, sobre constitución del Colegio de Economistas de León."
1983-10-15,247,1,BOE-A-1983-27282,MINISTERIO DE ECONOMÍA Y HACIENDA,estatal,Orden,27973,27975,Orden de 1 de septiembre de 1983 sobre Normas de Calidad para el Comercio Exterior de Pimentón.
1983-10-15,247,1,BOE-A-1983-27283,MINISTERIO DE ECONOMÍA Y HACIENDA,estatal,Orden,27975,27976,Orden de 13 de octubre de 1983 sobre fijación del derecho compensatorio variable para la importación de productos sometidos a este régimen.
1983-10-15,247,1,BOE-A-1983-27284,MINISTERIO DE ECONOMÍA Y HACIENDA,estatal,Orden,27976,27978,Orden de 13 de octubre de 1983 sobre fijación del derecho regulador para la importación de productos sometidos a este régimen.
1983-10-15,247,1,BOE-A-1983-27285,"MINISTERIO DE AGRICULTURA, PESCA Y ALIMENTACIÓN",estatal,Orden,27979,27979,"Orden de 7 de octubre de 1983 por la que se dispone la publicación del acuerdo del Consejo de Ministros de 7 de septiembre de 1983 que aprueba el Plan de Seguros Agrarios Combinados, para el ejercicio 1984."
1983-10-17,248,1,BOE-A-1983-27335,MINISTERIO DE JUSTICIA,estatal,Resolución,28066,28066,"Resolución de 4 de octubre de 1983, de la Dirección General de los Registros y del Notariado, por la que se dictan instrucciones sobre la utilización de las certificaciones plurilingües del Registro Civil."
1983-10-17,248,1,BOE-A-1983-27336,MINISTERIO DE ECONOMÍA Y HACIENDA,estatal,Corrección,28066,28067,Corrección de errores de la Orden de 16 de septiembre de 1983 por la que se regulan determinados aspectos del Seguro Integral de Cereales de Invierno en Secano.
1983-10-17,248,1,BOE-A-1983-27337,MINISTERIO DEL INTERIOR,estatal,Orden,28067,28070,Orden de 7 de octubre de 1983 sobre documentación y canje de permisos de máquinas recreativas y de azar.
1983-10-17,248,1,BOE-A-1983-27338,MINISTERIO DE INDUSTRIA Y ENERGÍA,estatal,Orden,28070,28071,"Orden de 14 de octubre de 1983 por la que se desarrollan las normas sobre materia económica contenidas en el Real Decreto 2660/1983, de 13 de octubre, por el que se establecen nuevas tarifas eléctricas."
1983-10-17,248,1,BOE-A-1983-27339,MINISTERIO DE INDUSTRIA Y ENERGÍA,estatal,Corrección,28071,28071,Corrección de erratas de la Orden de 11 de julio de 1983 por la que se aprueba la Instrucción Técnica Complementaria MIE-AP9 del Reglamento de Aparatos a Presión referente a recipientes frigoríficos.
1983-10-17,248,1,BOE-A-1983-27340,"MINISTERIO DE AGRICULTURA, PESCA Y ALIMENTACIÓN",estatal,Orden,28071,28072,"Orden de 2 de agosto de 1983 por la que se definen: El ámbito de aplicación, condiciones técnicas mínimas de explotación, precios a aplicar y fecha límite de suscripción en relación con el Seguro de Riesgos Directos y Enfermedades Esporádicas en Ganado Vacuno, comprendido en el Plan Anual de Seguros Agrarios Combinados 1983."
1983-10-18,249,1,BOE-A-1983-27406,MINISTERIO DE DEFENSA,estatal,Real Decreto,28163,28163,"Real Decreto 2669/1983, de 5 de octubre, sobre participación de los beneficiarios del Régimen Especial de la Seguridad Social de las Fuerzas Armadas en el precio de determinados productos y especialidades farmacéuticas."
1983-10-18,249,1,BOE-A-1983-27407,MINISTERIO DE DEFENSA,estatal,Real Decreto,28163,28171,"Real Decreto 2670/1983, de 5 de octubre, por el que se aprueba el cuadro médico de exclusiones y normas sobre exención del servicio militar activo de los excedentes del contingente."
1983-10-18,249,1,BOE-A-1983-27408,MINISTERIO DE ECONOMÍA Y HACIENDA,estatal,Corrección,28171,28171,"Corrección de errores del Real Decreto 2546/1983, de 4 de agosto, por el que se amplía, prorroga y modifica la lista apéndice de bienes de equipo del Arancel de Aduanas."
1983-10-18,249,1,BOE-A-1983-27409,MINISTERIO DE ECONOMÍA Y HACIENDA,estatal,Corrección,28171,28171,"Corrección de erratas del Real Decreto 2533/1983, de 7 de septiembre, por el que se modifican los derechos aplicables a la subpartida 39.02.C.XIV.a.2.bb, referente a los copolímeros de etileno-propileno."
1983-10-18,249,1,BOE-A-1983-27410,MINISTERIO DE ECONOMÍA Y HACIENDA,estatal,Resolución,28172,28172,"Resolución de 7 de octubre de 1983 del Instituto de Crédito Oficial, por la que se delegan las funciones de Ordenador de Gastos y Pagos del presupuesto del Organismo en el Secretario general del Instituto."
1983-10-18,249,1,BOE-A-1983-27411,"MINISTERIO DE TRANSPORTES, TURISMO Y COMUNICACIONES",estatal,Resolución,28172,28172,"Resolución de 11 de octubre de 1983, de la Dirección General de Transportes Terrestres, por la que se publican las tarifas de los servicios discrecionales interurbanos del transporte escolar por carretera."
1983-10-19,250,1,BOE-A-1983-27539,PRESIDENCIA DEL GOBIERNO,estatal,Real Decreto,28261,28263,"Real Decreto 2675/1983, de 25 de agosto, sobre traspaso de funciones y servicios del Estado a la Comunidad Autónoma de las Islas Baleares en materia de vivienda rural."
1983-10-19,250,1,BOE-A-1983-27540,PRESIDENCIA DEL GOBIERNO,estatal,Corrección,28264,28264,"Corrección de errores del Real Decreto 1945/1983, de 22 de junio, por el que se regulan las infracciones y sanciones en materia de defensa del consumidor y de la producción agroalimentaria."
1983-10-19,250,1,BOE-A-1983-27541,MINISTERIO DE ECONOMÍA Y HACIENDA,estatal,Corrección,28264,28264,"Corrección de errores del Real Decreto 2535/1983, de 28 de julio, por el que se modifica el tratamiento arancelario aplicable a las importaciones de efectos o artículos en régimen de viajeros."
1983-10-19,250,1,BOE-A-1983-27542,MINISTERIO DE ECONOMÍA Y HACIENDA,estatal,Corrección,28264,28264,"Corrección de erratas del Real Decreto 2538/1983, de 28 de julio, por el que se modifican las partidas 08.01 (dátiles, plátanos, etc.), 84.11 (bombas, motobombas, etc.) y 84.45 (máquinas-herramientas, etc.) del Arancel de Aduanas."
1983-10-19,250,1,BOE-A-1983-27543,MINISTERIO DE ECONOMÍA Y HACIENDA,estatal,Orden,28264,28264,"Orden de 11 de octubre de 1983 por la que se dispone la existencia de un segundo período de suscripción de la emisión de bonos del Estado al 15,75 por 100, dispuesta por el Real Decreto 2168/1983, de 4 de agosto, y la Orden de 16 de agosto de 1983."
1983-10-19,250,1,BOE-A-1983-27544,"MINISTERIO DE AGRICULTURA, PESCA Y ALIMENTACIÓN",estatal,Orden,28264,28266,"Orden de 11 de octubre de 1983 por la que se definen el ámbito de aplicación, las condiciones técnicas mínimas de explotación, precios a aplicar y fecha límite de suscripción en relación con el Seguro Integral del Ganado Vacuno (prioritario), comprendido en el Plan Anual de Seguros Agrarios Combinados 1983."
1983-10-19,250,1,BOE-A-1983-27545,MINISTERIO DE ADMINISTRACIÓN TERRITORIAL,estatal,Orden,28266,28268,Orden de 7 de octubre de 1983 sobre desarrollo de la estructura orgánica del Ministerio de Administración Territorial.
1983-10-20,251,1,BOE-A-1983-27703,JEFATURA DEL ESTADO,estatal,Corrección,28450,28450,"Corrección de errores de la Ley 1/1982, de 24 de febrero, por la que se regulan las Salas Especiales de Exhibición Cinematográfica, la Filmoteca Española y las tarifas de las tasas por licencia de doblaje."
1983-10-20,251,1,BOE-A-1983-27704,JEFATURA DEL ESTADO,estatal,Corrección,28450,28450,"Corrección de errores de la Ley 12/1983, de 14 de octubre, del proceso autonómico."
1983-10-20,251,1,BOE-A-1983-27705,MINISTERIO DE OBRAS PÚBLICAS Y URBANISMO,estatal,Orden,28450,28450,"Orden de 14 de octubre de 1983 por la que se fijan los precios de venta de las viviendas sociales para el trimestre natural de octubre, noviembre y diciembre de 1983."
1983-10-20,251,1,BOE-A-1983-27706,MINISTERIO DE INDUSTRIA Y ENERGÍA,estatal,Orden,28450,28462,"Orden de 14 de octubre de 1983 por la que se desarrolla el Real Decreto 2660/1983, de 13 de octubre, por el que se establecen nuevas tarifas eléctricas."
1983-10-20,251,5,BOE-A-1983-27800,CASTILLA-LA MANCHA,autonómico,Ley,28520,28520,"Ley 1/1983, de 30 de junio, sobre al Escudo de la Región de Castilla-La Mancha."
1983-10-21,252,1,BOE-A-1983-27802,PRESIDENCIA DEL GOBIERNO,estatal,Real Decreto,28545,28546,"Real Decreto 2683/1983, de 25 de agosto, sobre traspaso de funciones y servicios de la Administración del Estado a la Comunidad Autónoma de Cantabria, en materia de Guarderías Infantiles Laborales."
1983-10-21,252,1,BOE-A-1983-27803,PRESIDENCIA DEL GOBIERNO,estatal,Real Decreto,28546,28549,"Real Decreto 2684/1983, de 1 de septiembre, sobre valoración definitiva, ampliación de medios adscritos a los servicios traspasados y adaptación de los transferidos a la Comunidad Autónoma de Cantabria en materia de transportes terrestres."
1983-10-21,252,1,BOE-A-1983-27804,PRESIDENCIA DEL GOBIERNO,estatal,Real Decreto,28550,28556,"Real Decreto 2685/1983, de 1 de septiembre, sobre valoración definitiva, ampliación de medios adscritos a los servicios traspasados y adaptación de los transferidos en fase preautomómica a la Comunidad Autónoma de Castilla y León en materia de transportes terrestres."
1983-10-21,252,1,BOE-A-1983-27805,PRESIDENCIA DEL GOBIERNO,estatal,Real Decreto,28556,28561,"Real Decreto 2686/1983, de 1 de septiembre, sobre transferencia de funciones y servicios del Estado a la Comunidad Autónoma de la Rioja en materia de transportes terrestres."
1983-10-21,252,1,BOE-A-1983-27806,PRESIDENCIA DEL GOBIERNO,estatal,Real Decreto,28562,28570,"Real Decreto 2687/1983, de 21 de septiembre, sobre traspaso de servicios del Estado a la Comunidad Autónoma de Andalucía en materia de pesca."
1983-10-21,252,1,BOE-A-1983-27807,MINISTERIO DE ASUNTOS EXTERIORES,estatal,Tratado o acuerdo internacional,28570,28571,"Canje de Notas de 1 de febrero y de 2 de mayo de 1983, constitutivo de Acuerdo por el que se prorroga el Acuerdo entre los Gobiernos de Estados Unidos y de España sobre Cooperación Científica y Técnica en materia de apoyo a los programas de exploración lunar y planetaria y vuelos espaciales tripulados y no tripulados de 29 de enero de 1964. Realizado en Madrid."
1983-10-21,252,1,BOE-A-1983-27808,MINISTERIO DE TRABAJO Y SEGURIDAD SOCIAL,estatal,Resolución,28571,28571,"Resolución de 17 de octubre de 1983, de la Dirección General de Trabajo, por la que se modifica el apartado 1.2 de la Norma Técnica Reglamentaria MT-5 sobre «Calzado de seguridad contra riesgos mecánicos», aprobada por Resolución de 31 de enero de 1980."
1983-10-22,253,1,BOE-A-1983-27846,PRESIDENCIA DEL GOBIERNO,estatal,Real Decreto,28642,28642,"Real Decreto 2690/1983, de 13 de octubre, por el que se modifica parcialmente el Reglamento del Seguro Obligatorio de Responsabilidad Civil de Vehículos de Motor, aprobado por Decreto 3787/1964, de 19 de noviembre."
1983-10-22,253,1,BOE-A-1983-27847,MINISTERIO DE ECONOMÍA Y HACIENDA,estatal,Orden,28642,28643,"Orden de 14 de octubre de 1983 por la que se adaptan las tarifas del seguro obligatorio del automóvil, aprobadas por Orden ministerial de 30 de julio de 1980, a los nuevos límites de indemnizaciones establecidos en el Real Decreto 2690/1983, de 13 de octubre."
1983-10-22,253,1,BOE-A-1983-27848,MINISTERIO DE ECONOMÍA Y HACIENDA,estatal,Orden,28643,28643,"Orden de 14 de octubre de 1983 por la que se adaptan las tarifas del seguro obligatorio de responsabilidad civil del cazador a los nuevos límites de indemnización establecidos en el Real Decreto 2690/1983, de 13 de octubre."
1983-10-22,253,1,BOE-A-1983-27849,MINISTERIO DE ECONOMÍA Y HACIENDA,estatal,Orden,28643,28644,Orden de 20 de octubre de 1983 sobre fijación del derecho compensatorio variable para la importación de productos sometidos a este régimen.
1983-10-22,253,1,BOE-A-1983-27850,MINISTERIO DE ECONOMÍA Y HACIENDA,estatal,Orden,28644,28646,Orden de 20 de octubre de 1983 sobre fijación del derecho regulador para la importación de productos sometidos a este régimen.
1983-10-22,253,1,BOE-A-1983-27851,MINISTERIO DE ECONOMÍA Y HACIENDA,estatal,Resolución,28646,28647,"Resolución de 19 de octubre de 1983, de la Dirección General de Tributos, por la que se aprueba el modelo para la declaración e ingreso del pago a cuenta del Impuesto sobre Sociedades establecido por el artículo 29 de la Ley 9/1983, de 13 de julio, a realizar por los grupos de Sociedades acogidos al régimen de tributación sobre el beneficio consolidado."
1983-10-22,253,1,BOE-A-1983-27852,MINISTERIO DE EDUCACIÓN Y CIENCIA,estatal,Real Decreto,28647,28648,"Real Decreto 2691/1983, de 15 de junio, por el que se suprimen las Direcciones Provinciales de Educación y Ciencia de Andalucía."
1983-10-22,253,1,BOE-A-1983-27853,MINISTERIO DE EDUCACIÓN Y CIENCIA,estatal,Real Decreto,28648,28648,"Real Decreto 2692/1983, de 15 de junio, por el que se suprimen las Direcciones Provinciales de Educación y Ciencia de Galicia."
1983-10-22,253,1,BOE-A-1983-27854,MINISTERIO DE EDUCACIÓN Y CIENCIA,estatal,Real Decreto,28648,28648,"Real Decreto 2693/1983, de 5 de octubre, por el que se suprimen las Direcciones Provinciales de Educación y Ciencia en Alicante, Castellón y Valencia."
1983-10-22,253,1,BOE-A-1983-27855,MINISTERIO DE EDUCACIÓN Y CIENCIA,estatal,Real Decreto,28648,28648,"Real Decreto 2694/1983, de 5 de octubre, por el que se suprimen las Direcciones Provinciales de Educación y Ciencia en Las Palmas y Santa Cruz de Tenerife."
1983-10-24,254,1,BOE-A-1983-27944,PRESIDENCIA DEL GOBIERNO,estatal,Orden,28737,28738,Orden de 20 de octubre de 1983 por la que se aprueba la Norma General de Calidad para la leche concentrada destinada al mercado interior.
1983-10-24,254,1,BOE-A-1983-27945,MINISTERIO DE ASUNTOS EXTERIORES,estatal,Otras,28738,28739,"Canjes de notas, constitutivas de Acuerdos sobre la supresión del visado español para los pasaportes diplomáticos y de servicio de la Santa Sede, realizados en Madrid el 24 de octubre, 8 de noviembre de 1978, 2 de enero y 9 de enero de 1979."
1983-10-24,254,1,BOE-A-1983-27946,MINISTERIO DE ECONOMÍA Y HACIENDA,estatal,Resolución,28739,28753,"Resolución de 14 de septiembre de 1983, de la Intervención General de la Administración del Estado (IGAE), por la que se aprueba la información económico-financiera que las Empresas y Entes públicos deberán remitir a la IGAE."
1983-10-24,254,5,BOE-A-1983-28010,LA RIOJA,autonómico,Ley,28807,28814,"Ley 1/1983, de 30 de julio, por la que se aprueban los Presupuestos Generales de la Comunidad Autónoma de La Rioja para el ejercicio económico de 1983."
1983-10-25,255,1,BOE-A-1983-28011,PRESIDENCIA DEL GOBIERNO,estatal,Real Decreto,28834,28838,"Real Decreto 2707/1983, de 7 de septiembre, por el que se aprueba el Reglamento de la Ley 19/1982, de 26 de mayo, sobre contratación de productos agrarios."
1983-10-25,255,1,BOE-A-1983-28012,PRESIDENCIA DEL GOBIERNO,estatal,Real Decreto,28838,28839,"Real Decreto 2708/1983, de 21 de septiembre, por el que se modifica el Real Decreto 3317/1982, de 24 de julio, sobre transferencia de funciones y servicios de la Administración del Estado a la Comunidad Autónoma de Galicia en materia de carreteras."
1983-10-25,255,1,BOE-A-1983-28013,PRESIDENCIA DEL GOBIERNO,estatal,Corrección,28839,28840,Corrección de erratas de la Orden de 3 de octubre de 1983 por la que se aprueba la Norma General de Calidad para la Leche Pasterizada destinada al mercado interior.
1983-10-25,255,1,BOE-A-1983-28014,MINISTERIO DE ASUNTOS EXTERIORES,estatal,Tratado o acuerdo internacional,28840,28850,"Reglamento número 24 sobre Prescripciones Uniformes relativas a la homologación de los vehículos equipados con motor diesel en lo que se refiere a las emisiones de contaminantes por el motor, Anejo al Acuerdo de Ginebra de 20 de marzo de 1958 relativo a la adopción de condiciones uniformes de homologación y al reconocimiento recíproco de la homologación de equipos y piezas de vehículos de motor. Revisión 1 incorporando la serie de enmiendas 02 que entraron en vigor el 11 de febrero de 1980."
1983-10-26,256,1,BOE-A-1983-28123,JEFATURA DEL ESTADO,estatal,Ley,28932,28935,"Ley 13/1983, de 24 de octubre, de Reforma del Código Civil en materia de tutela."
1983-10-26,256,1,BOE-A-1983-28124,JEFATURA DEL ESTADO,estatal,Ley,28935,28936,"Ley 14/1983, de 24 de octubre, de creación de las Facultades de Ciencias Químicas y de Filosofía y Letras en Tarragona."
1983-10-26,256,1,BOE-A-1983-28125,JEFATURA DEL ESTADO,estatal,Ley,28936,28936,"Ley 15/1983, de 24 de octubre, de autorización al Ministerio de Economía y Hacienda para permutar el inmueble dedicado a Centro de Preventivos y de Cumplimiento de Penas por un terreno propiedad del Ayuntamiento de Castellón de la Plana, sitos ambos en dicha capital."
1983-10-26,256,1,BOE-A-1983-28126,JEFATURA DEL ESTADO,estatal,Ley,28936,28937,"Ley 16/1983, de 24 de octubre, de creación del Organismo Autónomo Instituto de la Mujer."
1983-10-26,256,1,BOE-A-1983-28127,PRESIDENCIA DEL GOBIERNO,estatal,Corrección,28937,28937,Corrección de errores de la Orden de 7 de octubre de 1983 por la que se aprueba la norma general de calidad para la leche UHT destinada al mercado interior.
1983-10-26,256,1,BOE-A-1983-28128,MINISTERIO DE ECONOMÍA Y HACIENDA,estatal,Real Decreto,28937,28938,"Real Decreto 2716/1983, de 5 de octubre, por el que se prorroga la suspensión parcial de los derechos arancelarios de normal aplicación."
1983-10-26,256,1,BOE-A-1983-28129,MINISTERIO DE ECONOMÍA Y HACIENDA,estatal,Corrección,28938,28938,Corrección de erratas de la Orden de 16 de septiembre de 1983 por la que se crea la Comisión de Informática del Ministerio de Economía y Hacienda.
1983-10-26,256,1,BOE-A-1983-28130,MINISTERIO DE EDUCACIÓN Y CIENCIA,estatal,Orden,28938,28939,"Orden de 18 de octubre de 1983 por la que se regula la Educación Especial en el nivel de Formación Profesional en desarrollo del Real Decreto 2639/1982, de 15 de octubre."
1983-10-26,256,1,BOE-A-1983-28131,"MINISTERIO DE AGRICULTURA, PESCA Y ALIMENTACIÓN",estatal,Real Decreto,28939,28940,"Real Decreto 2717/1983, de 5 de octubre, por el que se constituye la Comisión de Agricultura de Montaña."
1983-10-26,256,1,BOE-A-1983-28132,"MINISTERIO DE TRANSPORTES, TURISMO Y COMUNICACIONES",estatal,Orden,28940,28942,Orden de 17 de octubre de 1983 para determinar las condiciones para obtener el certificado de aceptación radioeléctrica del receptor radiotelegráfico de reserva de un buque.
1983-10-27,257,1,BOE-A-1983-28274,PRESIDENCIA DEL GOBIERNO,estatal,Real Decreto,29121,29134,"Real Decreto 2724/1983, de 5 de octubre, sobre traspaso a la Generalidad de Cataluña en materia de Formación Profesional reglada."
1983-10-27,257,1,BOE-A-1983-28275,PRESIDENCIA DEL GOBIERNO,estatal,Real Decreto,29134,29135,"Real Decreto 2725/1983, de 5 de octubre, sobre traspaso de funciones y servicios de la Administración del Estado a la Comunidad Autónoma de Extremadura en materia de guarderías infantiles laborales."
1983-10-27,257,1,BOE-A-1983-28276,PRESIDENCIA DEL GOBIERNO,estatal,Corrección,29135,29135,"Corrección de errores del Real Decreto 1292/1981, de 5 de junio, sobre traspaso de servicios del Estado a la Generalidad de Cataluña en materia de protección de menores."
1983-10-27,257,1,BOE-A-1983-28277,MINISTERIO DE DEFENSA,estatal,Orden,29135,29136,"Orden 71/83, de 18 de octubre, por la que se establece en el Instituto Social de las Fuerzas Armadas el anticipo de pensiones de viudedad y orfandad pendientes de concesión por el régimen de derechos pasivos."
1983-10-27,257,1,BOE-A-1983-28278,MINISTERIO DE ECONOMÍA Y HACIENDA,estatal,Corrección,29136,29136,"Corrección de erratas del Real Decreto 2318/1983, de 13 de julio, por el que se establecen contingentes arancelarios, libres de derechos, para la importación de los productos que se señalan en el anexo del presente Real Decreto."
1983-10-27,257,1,BOE-A-1983-28279,MINISTERIO DE ECONOMÍA Y HACIENDA,estatal,Resolución,29136,29137,"Resolución de 17 de octubre de 1983, de la Dirección General de Transacciones Exteriores, por la que se modifica la de 25 de enero de 1975, que regula el procedimiento de la declaración de inversiones extranjeras."
1983-10-27,257,1,BOE-A-1983-28280,MINISTERIO DE INDUSTRIA Y ENERGÍA,estatal,Corrección,29137,29137,"Corrección de errores de la Orden de 11 de julio de 1983 por la que se modifican algunos puntos de los anexos de la Orden de 1 de septiembre de 1982 que aprueba la instrucción técnica complementaria MIE-AP7 del Reglamento de aparatos a presión sobre botellas y botellones de gases comprimidos, licuados y disueltos a presión."
1983-10-27,257,1,BOE-A-1983-28281,"MINISTERIO DE TRANSPORTES, TURISMO Y COMUNICACIONES",estatal,Resolución,29137,29137,"Resolución de 18 de octubre de 1983, de la Dirección General de Correos y Telecomunicación, sobre prestación del Servicio Facsímil."
1983-10-28,258,1,BOE-A-1983-28339,JEFATURA DEL ESTADO,estatal,Otras,29218,29220,"Instrumento de ratificación de 24 de noviembre de 1982 del Convenio adicional al Convenio de Seguridad Social entre España y la Confederación Suiza, de 13 de octubre de 1969, firmado en Berna el 11 de junio de 1982."
1983-10-28,258,1,BOE-A-1983-28340,TRIBUNAL CONSTITUCIONAL,estatal,Resolución judicial,29220,29220,Planteamiento de cuestión de inconstitucionalidad número 673/1983.
1983-10-28,258,1,BOE-A-1983-28341,TRIBUNAL CONSTITUCIONAL,estatal,Resolución judicial,29220,29220,"Recurso de inconstitucionalidad número 666/1983, promovido por el Presidente del Gobierno contra la Ley del Parlamento Vasco 11/1983, de 22 de junio."
1983-10-28,258,1,BOE-A-1983-28342,TRIBUNAL CONSTITUCIONAL,estatal,Resolución judicial,29220,29220,"Recurso de inconstitucionalidad número 668/1983, promovido por el Presidente del Gobierno contra la Ley del Parlamento Vasco 12/1983."
1983-10-28,258,1,BOE-A-1983-28343,TRIBUNAL CONSTITUCIONAL,estatal,Resolución judicial,29220,29220,"Recurso de inconstitucionalidad número 655/1983, promovido por el Gobierno Vasco contra la disposición adicional tercera y la Sección 33 de la Ley 5/1983, de 29 de junio."
1983-10-28,258,1,BOE-A-1983-28344,PRESIDENCIA DEL GOBIERNO,estatal,Real Decreto,29220,29222,"Real Decreto 2727/1983, de 25 de agosto, sobre traspaso de funciones y servicios del Estado a la Comunidad de Cantabria en materia de vivienda rural."
1983-10-28,258,1,BOE-A-1983-28345,PRESIDENCIA DEL GOBIERNO,estatal,Real Decreto,29223,29226,"Real Decreto 2728/1983, de 25 de agosto, sobre traspaso de funciones y servicios del Estado a la Comunidad Autónoma de Castilla-La Mancha en materia de vivienda rural."
1983-10-28,258,1,BOE-A-1983-28346,PRESIDENCIA DEL GOBIERNO,estatal,Real Decreto,29227,29230,"Real Decreto 2729/1983, de 25 de agosto, sobre traspaso de funciones y servicios del Estado a la Comunidad Autónoma de Canarias en materia de vivienda rural."
1983-10-28,258,1,BOE-A-1983-28347,PRESIDENCIA DEL GOBIERNO,estatal,Real Decreto,29230,29234,"Real Decreto 2730/1983, de 25 de agosto, sobre traspaso de funciones y servicios del Estado a la Comunidad Autónoma de Castilla y León en materia de vivienda rural."
1983-10-28,258,1,BOE-A-1983-28348,MINISTERIO DE ECONOMÍA Y HACIENDA,estatal,Real Decreto,29235,29235,"Real Decreto 2731/1983, de 5 de octubre, por el que se fijan los módulos medios de aumento a experimentar por las pensiones causadas por personas que pertenecieron en situación de activo al Cuerpo de Maestros Nacionales."
1983-10-28,258,1,BOE-A-1983-28349,MINISTERIO DE TRABAJO Y SEGURIDAD SOCIAL,estatal,Orden,29235,29235,Orden de 14 de octubre de 1983 por la que se incluyen diversos Colegios Profesionales en el ámbito de los Colegios Profesionales de Diplomados en Trabajo Social y Asistentes Sociales.
1983-10-28,258,1,BOE-A-1983-28350,"MINISTERIO DE AGRICULTURA, PESCA Y ALIMENTACIÓN",estatal,Orden,29235,29236,Orden de 8 de octubre de 1983 sobre constitución del órgano de participación de las OPAS en la transferencia de tecnología agraria.
1983-10-28,258,1,BOE-A-1983-28351,"MINISTERIO DE AGRICULTURA, PESCA Y ALIMENTACIÓN",estatal,Corrección,29236,29236,"Corrección de erratas de la Orden de 2 de agosto de 1983 por la que se definen el ámbito de aplicación, condiciones técnicas mínimas de explotación, precios a aplicar y fecha límite de suscripción en relación con el Seguro de Riesgos Directos y Enfermedades Esporádicas en Ganado Vacuno, comprendido en el Plan Anual de Seguros Agrarios Combinados 1983."
1983-10-28,258,1,BOE-A-1983-28352,MINISTERIO DE CULTURA,estatal,Orden,29236,29236,Orden de 17 de octubre de 1983 por la que se crea la Joven Orquesta Nacional de España.
1983-10-28,258,5,BOE-A-1983-28429,ARAGÓN,autonómico,Ley,29390,29390,"Ley 1/1983, de 28 de septiembre, por la que se determina la sede de las Cortes de Aragón."
1983-10-28,258,5,BOE-A-1983-28430,ARAGÓN,autonómico,Ley,29390,29390,"Ley 2/1983, de 28 de septiembre, por la que se regula la responsabilidad política de la Diputación General y de su Presidente ante las Cortes de Aragón."
1983-10-29,259,1,BOE-A-1983-28431,PRESIDENCIA DEL GOBIERNO,estatal,Real Decreto,29409,29432,"Real Decreto 2734/1983, de 28 de julio, de transferencia al Ministerio de Educación y Ciencia de los centros de formación profesional del Instituto Nacional de Empleo procedentes de la Obra de Formación Profesional de la Administración Institucional de Servicios Socio-Profesionales."
1983-10-29,259,1,BOE-A-1983-28432,PRESIDENCIA DEL GOBIERNO,estatal,Real Decreto,29432,29433,"Real Decreto 2735/1983, de 26 de octubre, por el que se aprueba la regulación de la campaña oleícola 1983/84."
1983-10-29,259,1,BOE-A-1983-28433,PRESIDENCIA DEL GOBIERNO,estatal,Corrección,29433,29433,"Corrección de errores del Real Decreto 1945/1983, de 22 de junio, por el que se regulan las infracciones y sanciones en materia de defensa del consumidor y de la producción agroalimentaria."
1983-10-29,259,1,BOE-A-1983-28434,MINISTERIO DE ASUNTOS EXTERIORES,estatal,Tratado o acuerdo internacional,29433,29433,"Enmienda propuesta por Suiza al capitulo VII del Convenio Aduanero relativo a la importación temporal de vehículos comerciales de carretera, hecho en Ginebra el 18 de mayo de 1956, puesta en circulación por el Secretario general de las Naciones Unidas el 26 de agosto de 1982."
1983-10-29,259,1,BOE-A-1983-28435,MINISTERIO DE ECONOMÍA Y HACIENDA,estatal,Real Decreto,29433,29433,"Real Decreto 2736/1983, de 29 de septiembre, por el que se deroga el artículo sexto del Real Decreto 1192/1979, de 4 de abril, sobre regulación del despacho aduanero de mercancías en los recintos de los propios interesados."
1983-10-29,259,1,BOE-A-1983-28436,MINISTERIO DE ECONOMÍA Y HACIENDA,estatal,Orden,29434,29435,Orden de 27 de octubre de 1983 sobre fijación del derecho compensatorio variable para la importación de productos sometidos a este régimen.
1983-10-29,259,1,BOE-A-1983-28437,MINISTERIO DE ECONOMÍA Y HACIENDA,estatal,Orden,29435,29437,Orden de 27 de octubre de 1983 sobre fijación del derecho regulador para la importación de productos sometidos a este régimen.
1983-10-29,259,1,BOE-A-1983-28438,MINISTERIO DE TRABAJO Y SEGURIDAD SOCIAL,estatal,Orden,29437,29439,Orden de 5 de octubre de 1983 por la que se reestructuran los Servicios Centrales del Instituto Nacional de Servicios Sociales.
1983-10-29,259,1,BOE-A-1983-28439,MINISTERIO DE TRABAJO Y SEGURIDAD SOCIAL,estatal,Orden,29439,29443,Orden de 5 de octubre de 1983 por la que se fijan las estructuras orgánicas de la Direcciones Provinciales de las Entidades Gestoras y Servicios Comunes de la Seguridad Social.
1983-10-29,259,5,BOE-A-1983-28491,ARAGÓN,autonómico,Ley,29480,29481,"Ley 3/1983, de 28 de septiembre, de designación de Senadores representantes de la Comunidad Autónoma."
1983-10-29,259,5,BOE-A-1983-28492,ARAGÓN,autonómico,Ley,29481,29481,"Ley 4/1983, de 28 de septiembre, por la que se regula la iniciativa legislativa ante las Cortes de Aragón."
1983-10-31,260,1,BOE-A-1983-28493,TRIBUNAL CONSTITUCIONAL,estatal,Resolución judicial,29505,29505,"Recurso de inconstitucionalidad número 678/1983, promovido por el Presidente del Gobierno contra la Ley 3/1983, de 15 de junio, del Parlamento de Galicia."
1983-10-31,260,1,BOE-A-1983-28494,TRIBUNAL CONSTITUCIONAL,estatal,Resolución judicial,29505,29505,"Recurso de inconstitucionalidad número 687/1983, promovido por el Defensor del Pueblo contra la Ley 9/1983, de 13 de julio."
1983-10-31,260,1,BOE-A-1983-28495,TRIBUNAL CONSTITUCIONAL,estatal,Resolución judicial,29505,29505,"Recurso de inconstitucionalidad número 679/1983, promovido por el Gobierno Vasco contra el artículo 21, apartados 2 y 3, y la sección 33, relativa al Fondo de Compensación Interterritorial del anexo III de la Ley 9/1983, de 13 de julio."
1983-10-31,260,1,BOE-A-1983-50082,PRESIDENCIA DEL GOBIERNO,estatal,Real Decreto,29505,29526,"Real Decreto 2734/1983, de 28 de julio, de transferencia al Ministerio de Educación y Ciencia de los Centros de Formación Profesional del Instituto Nacional de Empleo procedentes de la Obra de Formación Profesional de la Administración Institucional de Servicios Socio-Profesionales. (Conclusión.)"
1983-10-31,260,1,BOE-A-1983-28496,PRESIDENCIA DEL GOBIERNO,estatal,Real Decreto,29527,29529,"Real Decreto 2742/1983, de 25 de agosto, sobre traspaso de funciones y servicios del Estado a la Comunidad Autónoma de La Rioja en materia de vivienda rural."
1983-10-31,260,1,BOE-A-1983-28497,PRESIDENCIA DEL GOBIERNO,estatal,Real Decreto,29530,29534,"Real Decreto 2743/1983, de 5 de octubre, sobre valoración definitiva, ampliación de medios adscritos a los servicios traspasados y adaptación de los transferidos en fase preautonómica a la Comunidad Autónoma del Principado de Asturias en materia de transportes terrestres."
1983-10-31,260,1,BOE-A-1983-28498,PRESIDENCIA DEL GOBIERNO,estatal,Orden,29535,29536,"Orden de 25 de octubre de 1983 por la que se aprueba la Norma General de Calidad para la leche condensada, destinada al mercado interior."
1983-10-31,260,1,BOE-A-1983-28499,MINISTERIO DE ASUNTOS EXTERIORES,estatal,Tratado o acuerdo internacional,29537,29537,"Enmienda propuesta por el Reino Unido de Gran Bretaña e Irlanda del Norte al anejo B, enmendado, del Acuerdo Europeo relativo al Transporte Internacional de Mercancías Peligrosas por Carretera, hecho en Ginebra el 30 de septiembre de 1957, puesta en circulación por el Secretario general de las Naciones Unidas el 20 de junio de 1983."
1983-10-31,260,1,BOE-A-1983-28500,MINISTERIO DE ECONOMÍA Y HACIENDA,estatal,Real Decreto,29537,29539,"Real Decreto 2744/1983, de 25 de agosto, por el que se revisa el anexo de la Ordenanza Fiscal Reguladora de la Tarifa Especial del Arbitrio Insular a la Entrada de Mercancías en las islas Canarias."
1983-10-31,260,1,BOE-A-1983-28501,MINISTERIO DE ECONOMÍA Y HACIENDA,estatal,Corrección,29539,29540,"Corrección de errores del Real Decreto 2320/1983, de 28 de julio, por el que se amplía, prorroga y modifica la lista apéndice de bienes de equipo del arancel de Aduanas."
1983-10-31,260,1,BOE-A-1983-28502,"MINISTERIO DE AGRICULTURA, PESCA Y ALIMENTACIÓN",estatal,Resolución,29540,29540,"Resolución de 24 de octubre de 1983, del Instituto Nacional para la Conservación de la Naturaleza, por la que se rectifica la de 28 de marzo de 1983, que fija los períodos hábiles de pesca y normas relacionadas con la misma en las aguas continentales."
1983-11-01,261,1,BOE-A-1983-28548,MINISTERIO DE ECONOMÍA Y HACIENDA,estatal,Orden,29600,29609,Orden de 20 de septiembre de 1983 por la que se aprueba el texto que desarrolla el grupo 9 del Plan General de Contabilidad Pública relativo a la Contabilidad Analítica.
1983-11-01,261,1,BOE-A-1983-28549,MINISTERIO DE ECONOMÍA Y HACIENDA,estatal,Corrección,29609,29609,"Corrección de erratas de la Circular número 896, de 26 de agosto de 1983, de la Dirección General de Aduanas e Impuestos Especiales, por la que se aprueba la «Actualización número 38» de las notas explicativas del Arancel."
1983-11-03,263,1,BOE-A-1983-28620,MINISTERIO DE JUSTICIA,estatal,Orden,29699,29707,Orden de 21 de octubre de 1983 dictada en cumplimiento de lo previsto en el artículo 43 del Reglamento de la Ley de Zonas e Instalaciones de Interés para la Defensa Nacional.
1983-11-04,264,1,BOE-A-1983-28749,PRESIDENCIA DEL GOBIERNO,estatal,Corrección,29794,29794,"Corrección de errores del Real Decreto 2574/1983, de 13 de julio, por el que se dictan las prescripciones relativas a las características de construcción de los vehículos de transporte colectivo de personas de más de dieciséis plazas, excluido el conductor."
1983-11-04,264,1,BOE-A-1983-28750,MINISTERIO DE INDUSTRIA Y ENERGÍA,estatal,Orden,29794,29798,"Orden de 26 de octubre de 1983 por la que se aprueban las especificaciones técnicas, a que se refiere el apartado 3 del artículo 4.º del Real Decreto 2296/1983, de 25 de agosto, sobre tráfico y circulación de vehículos escolares y de menores, y se dictan normas para la inspección extraordinaria de dichos vehículos, prevista en el apartado 1, inciso a), del mismo artículo."
1983-11-04,264,1,BOE-A-1983-28751,"MINISTERIO DE AGRICULTURA, PESCA Y ALIMENTACIÓN",estatal,Resolución,29798,29798,"Resolución de 25 de octubre de 1983, del Instituto Nacional para la Conservación de la Naturaleza, por la que se establece la veda temporal de caza del ánsar común (anser anser) y del ánsar campestre (anser fabalis)."
1983-11-05,265,1,BOE-A-1983-28822,PRESIDENCIA DEL GOBIERNO,estatal,Real Decreto,29985,29995,"Real Decreto 2766/1983, de 5 de octubre, sobre traspaso de funciones y servicios del Estado a la Comunidad Autónoma de Andalucía en materia de agricultura."
1983-11-05,265,1,BOE-A-1983-28823,PRESIDENCIA DEL GOBIERNO,estatal,Real Decreto,29996,29998,"Real Decreto 2767/1983, de 5 de octubre, sobre traspaso de funciones y servicios del Estado a la Región de Murcia en materia de agricultura."
1983-11-05,265,1,BOE-A-1983-28824,MINISTERIO DE ASUNTOS EXTERIORES,estatal,Tratado o acuerdo internacional,29998,29999,"Convenio Internacional para la Conservación del Atún Atlántico, hecho en Río de Janeiro el 14 de mayo de 1966. Correcciones al texto español."
1983-11-05,265,1,BOE-A-1983-28825,MINISTERIO DE JUSTICIA,estatal,Orden,29999,30001,Orden de 26 de octubre de 1983 por la que se aprueba el Reglamento de la Escuela de Estudios Penitenciarios.
1983-11-05,265,1,BOE-A-1983-28826,MINISTERIO DE ECONOMÍA Y HACIENDA,estatal,Orden,30001,30003,"Orden de 26 de octubre de 1983 por la que se regulan las operaciones de cierre del ejercicio económico de 1983, en relación con la Contabilidad de Gastos Públicos."
1983-11-05,265,1,BOE-A-1983-28827,MINISTERIO DE ECONOMÍA Y HACIENDA,estatal,Orden,30003,30003,Orden de 26 de octubre 1983 sobre emisión de bonos por parte del Instituto de Crédito Oficial.
1983-11-05,265,1,BOE-A-1983-28828,MINISTERIO DE ECONOMÍA Y HACIENDA,estatal,Orden,30003,30004,Orden de 3 de noviembre de 1983 sobre fijación del derecho compensatorio variable para la importación de productos sometidos a este régimen.
1983-11-05,265,1,BOE-A-1983-28829,MINISTERIO DE ECONOMÍA Y HACIENDA,estatal,Orden,30004,30006,Orden de 3 de noviembre de 1983 sobre fijación del derecho regulador para la importación de productos sometidos a este régimen.
1983-11-05,265,1,BOE-A-1983-28830,MINISTERIO DE INDUSTRIA Y ENERGÍA,estatal,Resolución,30007,30007,"Resolución de 27 de octubre de 1983, de la Dirección General de la Energía, por la que se desarrolla la Orden de 12 de mayo de 1983 y se dictan disposiciones complementarias para la ejecución y desarrollo de lo dispuesto en la misma, en la Orden de 1 de agosto de 1983 que regula la ejecución del programa de investigación y desarrollo tecnológico electrotécnico, y en las de 14 de octubre de 1983 que desarrollan el Real Decreto 2660/1983, de 13 de octubre, que establecen nuevas tarifas eléctricas."
1983-11-05,265,1,BOE-A-1983-28831,"MINISTERIO DE AGRICULTURA, PESCA Y ALIMENTACIÓN",estatal,Corrección,30007,30007,"Corrección de errores de la Orden de 30 de julio de 1983 por la que se regula el ejercicio de la pesca con el arte de rasco dentro del caladero nacional, en el litoral Cantábrico y Noroeste."
1983-11-05,265,1,BOE-A-1983-28832,MINISTERIO DE SANIDAD Y CONSUMO,estatal,Resolución,30007,30007,"Resolución de 18 de octubre de 1983, de la Dirección General de Farmacia y Medicamentos, por la que se reduce la concentración máxima aceptada, para el acetato de plomo, en los tintes capilares."
1983-11-07,266,1,BOE-A-1983-28887,PRESIDENCIA DEL GOBIERNO,estatal,Real Decreto,30081,30086,"Real Decreto 2772/1983, de 1 de septiembre, sobre traspaso de funciones y servicios del Estado a la Comunidad Autónoma de La Rioja en materia de turismo."
1983-11-07,266,1,BOE-A-1983-28888,PRESIDENCIA DEL GOBIERNO,estatal,Real Decreto,30086,30088,"Real Decreto 2773/1983, de 5 de octubre, sobre traspaso de funciones y servicios del Estado a la Comunidad Autónoma de Canarias en materia de agricultura."
1983-11-07,266,1,BOE-A-1983-28889,PRESIDENCIA DEL GOBIERNO,estatal,Real Decreto,30088,30090,"Real Decreto 2774/1983, de 5 de octubre, sobre traspaso de funciones y servicios del Estado a la Comunidad Autónoma de Baleares en materia de agricultura."
1983-11-07,266,1,BOE-A-1983-28890,MINISTERIO DEL INTERIOR,estatal,Corrección,30090,30090,Corrección de errores de la Orden de 7 de octubre de 1983 sobre documentación y canje de permisos de máquinas recreativas y de azar.
1983-11-07,266,1,BOE-A-1983-28891,MINISTERIO DE INDUSTRIA Y ENERGÍA,estatal,Orden,30090,30091,"Orden de 26 de octubre de 1983 por la que se modifican los artículos 2.º, 9.º y 10 de la ITC MIE-AP5 del Reglamento de Aparatos a Presión relativo a extintores de incendios."
1983-11-07,266,1,BOE-A-1983-28892,MINISTERIO DE INDUSTRIA Y ENERGÍA,estatal,Orden,30091,30092,Orden de 26 de octubre de 1983 por la que se modifica la ITC MIE-APQ001 del Reglamento de Almacenamiento de Productos Químicos referente a líquidos inflamables y combustibles.
1983-11-07,266,1,BOE-A-1983-28893,"MINISTERIO DE AGRICULTURA, PESCA Y ALIMENTACIÓN",estatal,Corrección,30092,30092,Corrección de errores de la Orden de 30 de julio de 1983 por la que se regula el ejercicio de la pesca con el arte de volanta dentro del caladero nacional en el litoral Cantábrico y noroeste.
1983-11-08,267,1,BOE-A-1983-28960,PRESIDENCIA DEL GOBIERNO,estatal,Real Decreto,30148,30150,"Real Decreto 2777/1983, de 5 de octubre, sobre valoración definitiva y ampliación de medios adscritos a los servicios traspasados a la Comunidad Autónoma de Andalucía en materias de ferias interiores, ferias internacionales, comercio interior y Cámaras de Comercio, Industria y Navegación."
1983-11-08,267,1,BOE-A-1983-28961,MINISTERIO DE ASUNTOS EXTERIORES,estatal,Corrección,30150,30150,"Corrección de errores del Acuerdo de 8 de septiembre de 1983 de cooperación turística entre el Gobierno de España y el Gobierno de la República Italiana, hecho en Madrid."
1983-11-08,267,1,BOE-A-1983-28962,MINISTERIO DE INDUSTRIA Y ENERGÍA,estatal,Orden,30150,30171,Orden de 26 de octubre de 1983 por la que se modifica la Orden del Ministerio de Industria de 18 de noviembre de 1974 que aprueba el Reglamento de Redes y Acometidas de Combustibles Gaseosos.
1983-11-08,267,1,BOE-A-1983-28963,"MINISTERIO DE AGRICULTURA, PESCA Y ALIMENTACIÓN",estatal,Corrección,30171,30171,Corrección de errores de la Orden de 30 de julio de 1983 por la que se regula el ejercicio de la pesca con el arte de «arrastre de fondo» dentro del caladero nacional en el litoral Cantábrico y Noroeste.
1983-11-09,268,1,BOE-A-1983-29011,MINISTERIO DE ECONOMÍA Y HACIENDA,estatal,Orden,30244,30244,"Orden de 26 de octubre de 1983 sobre índices de precios de mano de obra y materiales de la construcción correspondientes a los meses de mayo, junio y julio de 1983, aplicables a la revisión de precios de contratos de obras del Estado."
1983-11-09,268,1,BOE-A-1983-29012,"MINISTERIO DE AGRICULTURA, PESCA Y ALIMENTACIÓN",estatal,Corrección,30244,30244,Corrección de errores de la Orden de 30 de julio de 1983 por la que se regula la pesca con arte «claro» en el caladero nacional.
1983-11-09,268,1,BOE-A-1983-29013,MINISTERIO DE SANIDAD Y CONSUMO,estatal,Corrección,30244,30244,Corrección de errores de la Orden de 27 de julio de 1983 por la que se establecen métodos oficiales de análisis microbiológicos de aguas potables de consumo público.
1983-11-10,269,1,BOE-A-1983-29056,MINISTERIO DE ECONOMÍA Y HACIENDA,estatal,Resolución,30292,30292,"Resolución de 18 de octubre de 1983, de la Dirección General de Coordinación con las Haciendas Territoriales, por la que se regula el procedimiento para la contestación vinculante a las consultas formuladas conforme al artículo 107 de la Ley General Tributaria 230/1963, de 28 de diciembre, y se delega en el Subdirector de Tributos Locales, en el ámbito de su competencia."
1983-11-10,269,1,BOE-A-1983-29057,MINISTERIO DE ECONOMÍA Y HACIENDA,estatal,Instrucción o circular,30292,30292,"Circular número 897, de 13 de octubre de 1983, asignación de claves estadísticas."
1983-11-11,270,1,BOE-A-1983-29101,PRESIDENCIA DEL GOBIERNO,estatal,Real Decreto,30342,30345,"Real Decreto 2802/1983, de 25 de agosto, sobre traspaso de funciones y servicios del Estado a la Comunidad Autónoma de Andalucía en materia de estudios de ordenación del territorio y medio ambiente."
1983-11-11,270,1,BOE-A-1983-29102,PRESIDENCIA DEL GOBIERNO,estatal,Real Decreto,30345,30351,"Real Decreto 2803/1983, de 25 de agosto, sobre traspaso de funciones y servicios a la Comunidad Autónoma de Andalucía en materia de ordenación del litoral y vertidos al mar."
1983-11-11,270,1,BOE-A-1983-29103,PRESIDENCIA DEL GOBIERNO,estatal,Real Decreto,30351,30357,"Real Decreto 2804/1983, de 1 de septiembre, sobre traspaso de funciones y servicios del Estado a la Comunidad Autónoma de Aragón en materia de turismo."
1983-11-11,270,1,BOE-A-1983-29104,PRESIDENCIA DEL GOBIERNO,estatal,Real Decreto,30358,30363,"Real Decreto 2805/1983, de 1 de septiembre, sobre traspaso de funciones y servicios del Estado a la Comunidad Autónoma de Extremadura en materia de turismo."
1983-11-11,270,1,BOE-A-1983-29105,PRESIDENCIA DEL GOBIERNO,estatal,Real Decreto,30363,30370,"Real Decreto 2806/1983, de 1 de septiembre, sobre traspasos de funciones y servicios del Estado a la Comunidad Autónoma de Galicia en materia de turismo."
1983-11-11,270,1,BOE-A-1983-29106,PRESIDENCIA DEL GOBIERNO,estatal,Real Decreto,30371,30376,"Real Decreto 2807/1983, de 5 de octubre, sobre traspaso de funciones y servicios del Estado a la Comunidad Autónoma de Canarias en materia de turismo."
1983-11-11,270,1,BOE-A-1983-29107,PRESIDENCIA DEL GOBIERNO,estatal,Real Decreto,30376,30383,"Real Decreto 2808/1983, de 5 de octubre, sobre traspaso de funciones y servicios del Estado a la Comunidad Autónoma de Castilla-La Mancha en materia de turismo."
1983-11-11,270,1,BOE-A-1983-29108,PRESIDENCIA DEL GOBIERNO,estatal,Real Decreto,30383,30386,"Real Decreto 2809/1983, de 5 de octubre, de traspaso de funciones y servicios del Estado a la Comunidad Autónoma de La Rioja en materia de reforma de estructuras comerciales."
1983-11-11,270,1,BOE-A-1983-29109,PRESIDENCIA DEL GOBIERNO,estatal,Real Decreto,30387,30388,"Real Decreto 2810/1983, de 5 de octubre, sobre valoración definitiva y ampliación de medios adscritos a los servicios traspasados a la Comunidad Autónoma de la región de Murcia en materias de ferias interiores y comercio interior."
1983-11-11,270,1,BOE-A-1983-29110,PRESIDENCIA DEL GOBIERNO,estatal,Real Decreto,30388,30388,"Real Decreto 2811/1983, de 13 de octubre, por el que se modifica la Reglamentación Técnico-Sanitaria para la elaboración, circulación y comercio de pastas alimenticias."
1983-11-11,270,1,BOE-A-1983-29111,PRESIDENCIA DEL GOBIERNO,estatal,Real Decreto,30389,30389,"Real Decreto 2812/1983, de 13 de octubre, por el que se modifica el punto quinto del epígrafe 5 2, «Condiciones específicas», de la Reglamentación Técnico-Sanitaria para la elaboración, fabricación, circulación y comercio de galletas, aprobada por Real Decreto 1124/1982, de 30 de abril."
1983-11-11,270,1,BOE-A-1983-29112,PRESIDENCIA DEL GOBIERNO,estatal,Real Decreto,30389,30389,"Real Decreto 2813/1983, de 13 de octubre, por el que se modifica el último párrafo del apartado d) del punto 2.1, «Etiquetas», del epígrafe VI, «Envasado, etiquetado y rotulación», de la Reglamentación Técnico-Sanitaria de aceites vegetales comestibles, aprobada por el Real Decreto 308/1983, de 25 de enero."
1983-11-11,270,1,BOE-A-1983-29113,PRESIDENCIA DEL GOBIERNO,estatal,Real Decreto,30389,30389,"Real Decreto 2814/1983, de 13 de octubre, por el que se prohíbe la utilización de materiales poliméricos recuperados o regenerados que hayan de estar en contacto con los alimentos."
1983-11-11,270,1,BOE-A-1983-29114,PRESIDENCIA DEL GOBIERNO,estatal,Real Decreto,30389,30393,"Real Decreto 2815/1983, de 13 de octubre, por el que se aprueba la reglamentación técnico-sanitaria de los productos de la caza."
1983-11-11,270,1,BOE-A-1983-29115,PRESIDENCIA DEL GOBIERNO,estatal,Real Decreto,30393,30396,"Real Decreto 2816/1983, de 13 de octubre, por el que se aprueba la Reglamentación Técnico-Sanitaria para la elaboración, circulación y comercio de detergentes (detergentes sintéticos y jabones de lavar)."
1983-11-11,270,1,BOE-A-1983-29116,PRESIDENCIA DEL GOBIERNO,estatal,Real Decreto,30396,30403,"Real Decreto 2817/1983, de 13 de octubre, por el que se aprueba la Reglamentación Técnico-Sanitaria de los Comedores Colectivos."
1983-11-11,270,1,BOE-A-1983-29117,MINISTERIO DE ASUNTOS EXTERIORES,estatal,Tratado o acuerdo internacional,30404,30406,"Protocolo de 21 de octubre de 1982, de adhesión de Tailandia al Acuerdo General sobre Aranceles Aduaneros y Comercio, hecho en Ginebra."
1983-11-11,270,1,BOE-A-1983-29118,"MINISTERIO DE TRANSPORTES, TURISMO Y COMUNICACIONES",estatal,Corrección,30406,30406,Corrección de errores de la Orden de 17 de octubre de 1983 para determinar las condiciones para obtener el certificado de aceptación radioeléctrica del receptor radiotelegráfico de reserva de un buque.
1983-11-12,271,1,BOE-A-1983-29173,PRESIDENCIA DEL GOBIERNO,estatal,Real Decreto,30533,30536,"Real Decreto 2821/1983, de 5 de octubre, sobre traspaso de funciones y servicios del Estado a la Comunidad Autónoma de Cantabria en materia de estudios de ordenación del territorio y medio ambiente."
1983-11-12,271,1,BOE-A-1983-29174,PRESIDENCIA DEL GOBIERNO,estatal,Real Decreto,30536,30540,"Real Decreto 2822/1983, de 5 de octubre, sobre traspaso de funciones y servicios del Estado a la Comunidad Autónoma de Castilla y León en materia de estudios de ordenación del territorio y medio ambiente."
1983-11-12,271,1,BOE-A-1983-29175,PRESIDENCIA DEL GOBIERNO,estatal,Real Decreto,30540,30543,"Real Decreto 2823/1983, de 5 de octubre, sobre traspaso de funciones y servicios del Estado a la Comunidad Autónoma de La Rioja en materia de estudios de ordenación del territorio y medio ambiente."
1983-11-12,271,1,BOE-A-1983-29176,PRESIDENCIA DEL GOBIERNO,estatal,Real Decreto,30543,30546,"Real Decreto 2824/1983, de 5 de octubre, sobre traspaso de funciones y servicios del Estado a la Comunidad Autónoma de la Región de Murcia en materia de estudios de ordenación del territorio y medio ambiente."
1983-11-12,271,1,BOE-A-1983-29177,PRESIDENCIA DEL GOBIERNO,estatal,Orden,30546,30548,Orden de 4 de noviembre de 1983 por la que se reorganiza la Gerencia de la Mutualidad General de Funcionarios Civiles del Estado (MUFACE).
1983-11-12,271,1,BOE-A-1983-29178,PRESIDENCIA DEL GOBIERNO,estatal,Orden,30548,30548,Orden de 10 de noviembre de 1983 sobre nuevo plazo para la presentación de certificados de rendimiento de calderas de potencia superior a 100 KW.
1983-11-12,271,1,BOE-A-1983-29179,MINISTERIO DE ECONOMÍA Y HACIENDA,estatal,Orden,30548,30549,Orden de 10 de noviembre de 1983 sobre fijación del derecho compensatorio variable para la importación de productos sometidos a este régimen.
1983-11-12,271,1,BOE-A-1983-29180,MINISTERIO DE ECONOMÍA Y HACIENDA,estatal,Orden,30549,30551,Orden de 10 de noviembre de 1983 sobre fijación del derecho regulador para la importación de productos sometidos a este régimen.
1983-11-12,271,1,BOE-A-1983-29181,MINISTERIO DE TRABAJO Y SEGURIDAD SOCIAL,estatal,Resolución,30551,30552,"Resolución de 24 de octubre de 1983, de la Dirección General del Instituto Nacional de Empleo, por la que se modifican para el presente año 1983 el punto 5 de la base segunda y el apartado A) de la base cuarta de la Resolución de 19 de agosto de 1982."
1983-11-12,271,1,BOE-A-1983-29182,MINISTERIO DE SANIDAD Y CONSUMO,estatal,Real Decreto,30552,30552,"Real Decreto 2825/1983, de 19 de octubre, por el que se suprimen las Direcciones Provinciales del Ministerio de Sanidad y Consumo en el País Vasco, Cataluña y Galicia."
1983-11-14,272,1,BOE-A-1983-29264,TRIBUNAL CONSTITUCIONAL,estatal,Resolución judicial,30629,30629,"Recurso de inconstitucionalidad número 707/1983, promovido por el Presidente del Gobierno contra la Ley del Parlamento de Cataluña 15/1983, de 14 de julio, sobre higiene y control alimentario."
1983-11-14,272,1,BOE-A-1983-29265,PRESIDENCIA DEL GOBIERNO,estatal,Real Decreto,30629,30632,"Real Decreto 2834/1983, de 5 de octubre, sobre traspaso de funciones y servicios de la Administración del Estado a la Comunidad Autónoma de Galicia en materia de protección a la mujer."
1983-11-14,272,1,BOE-A-1983-29266,PRESIDENCIA DEL GOBIERNO,estatal,Real Decreto,30633,30636,"Real Decreto 2835/1983, de 5 de octubre, sobre traspaso de funciones y servicios del Estado a la Comunidad Valenciana en materia de estudios de ordenación del territorio y medio ambiente."
1983-11-14,272,1,BOE-A-1983-29267,PRESIDENCIA DEL GOBIERNO,estatal,Corrección,30636,30636,"Corrección de erratas del Real Decreto 2816/1983, de 13 de octubre, por el que se aprueba la Reglamentación Técnico-Sanitaria para la elaboración, circulación y comercio de detergentes (detergentes sintéticos y jabones de lavar)."
1983-11-14,272,1,BOE-A-1983-29268,MINISTERIO DE ECONOMÍA Y HACIENDA,estatal,Orden,30636,30642,Orden de 19 de octubre de 1983 por la que se regula el movimiento de sellos de Correo con los Servicios encargados de su distribución y venta.
1983-11-14,272,1,BOE-A-1983-29269,MINISTERIO DE OBRAS PÚBLICAS Y URBANISMO,estatal,Orden,30643,30648,"Orden de 1 de octubre de 1983 por la que se aprueba la Norma Tecnológica de la Edificación NTE-ADG, «Acondiciionamiento del terreno. Desmontes. Galerías»."
1983-11-15,273,1,BOE-A-1983-29337,PRESIDENCIA DEL GOBIERNO,estatal,Corrección,30732,30732,"Corrección de errores del Real Decreto 2690/1983, de 13 de octubre, por el que se modifica parcialmente el Reglamento de Seguro Obligatorio de Responsabilidad Civil de Vehículos de Motor, aprobado por Decreto 3787/1964, de 19 de noviembre."
1983-11-15,273,1,BOE-A-1983-29338,MINISTERIO DE INDUSTRIA Y ENERGÍA,estatal,Orden,30732,30732,"Orden de 10 de noviembre de 1983 por la que se modifica la de 14 de octubre de 1983, que desarrolla las normas sobre materia económica contenidas en el Real Decreto 2660/1983, de 13 de octubre, por la que se establecen nuevas tarifas eléctricas."
1983-11-15,273,1,BOE-A-1983-29339,"MINISTERIO DE TRANSPORTES, TURISMO Y COMUNICACIONES",estatal,Orden,30732,30732,Orden de 8 de noviembre de 1983 por la que se autoriza la revisión de precios de los contratos de conducción de correspondencia.
1983-11-16,274,1,BOE-A-1983-29618,PRESIDENCIA DEL GOBIERNO,estatal,Real Decreto,30929,30930,"Real Decreto 2868/1983, de 13 de octubre, por el que se crea el Comité Español del Año Internacional de la Juventud y se regula su funcionamiento."
1983-11-16,274,1,BOE-A-1983-29619,PRESIDENCIA DEL GOBIERNO,estatal,Real Decreto,30930,30931,"Real Decreto 2869/1983, de 9 de noviembre, sobre valoración definitiva y ampliación de medios adscritos a los servicios traspasados a la Comunidad Autónoma de Andalucía en materia de educación."
1983-11-16,274,1,BOE-A-1983-29620,PRESIDENCIA DEL GOBIERNO,estatal,Corrección,30931,30931,"Corrección de erratas de la Orden de 20 de octubre de 1983 por la que se aprueba la Norma General de Calidad para la Leche Concentrada, destinada al mercado interior."
1983-11-17,275,1,BOE-A-1983-50092,PRESIDENCIA DEL GOBIERNO,estatal,Real Decreto,31110,31133,"Real Decreto 2869/1983, de 9 de noviembre, sobre valoración definitiva y ampliación de medios adscritos a los servicios traspasados a la Comunidad Autónoma de Andalucía en materia de educación. (Conclusión.)."
1983-11-17,275,1,BOE-A-1983-30007,PRESIDENCIA DEL GOBIERNO,estatal,Orden,31133,31135,"Orden de 16 de noviembre de 1983 por la que se aprueba la norma de calidad para determinadas legumbres secas y legumbres mondadas, envasadas, destinadas al mercado interior."
1983-11-17,275,1,BOE-A-1983-30008,MINISTERIO DE ECONOMÍA Y HACIENDA,estatal,Orden,31135,31135,"Orden de 28 de octubre de 1983 por la que se publica la Resolución de 19 de abril de 1983, de la Subsecretaría de Economía y Hacienda, en recurso de reposición interpuesto por «Unión Española de Entidades Aseguradoras, Reaseguradoras y de Capitalización» (UNESPA) contra Orden de este Ministerio de 3 de noviembre de 1982."
1983-11-17,275,1,BOE-A-1983-30009,MINISTERIO DE ECONOMÍA Y HACIENDA,estatal,Orden,31135,31136,Orden de 7 de noviembre de 1983 por la que se delegan atribuciones en los órganos directivos de la Fábrica Nacional de Moneda y Timbre.
1983-11-17,275,1,BOE-A-1983-30010,MINISTERIO DE ECONOMÍA Y HACIENDA,estatal,Corrección,31136,31136,"Corrección de errores de la Orden de 21 de septiembre de 1983 sobre documentación estadístico-contable de las Entidades de seguros, reaseguros y capitalización, adaptada al Plan General de Contabilidad."
1983-11-17,275,1,BOE-A-1983-30011,"MINISTERIO DE TRANSPORTES, TURISMO Y COMUNICACIONES",estatal,Real Decreto,31136,31136,"Real Decreto 2872/1983, de 28 de septiembre, por el que se modifica el artículo 7.º del Real Decreto 3155/1979, de 21 de diciembre, por el que se aprueba el Reglamento del Giro Nacional."
1983-11-18,276,1,BOE-A-1983-30112,PRESIDENCIA DEL GOBIERNO,estatal,Real Decreto,31213,31213,"Real Decreto 2884/1983, de 28 de septiembre, por el que se crea la Sociedad de Desarrollo Industrial de Aragón (SODIAR)."
1983-11-18,276,1,BOE-A-1983-30113,PRESIDENCIA DEL GOBIERNO,estatal,Real Decreto,31214,31214,"Real Decreto 2885/1983, de 19 de octubre, por el que se atribuyen a la Diputación Provincial de Cádiz las funciones de elaboración y aprobación del Plan de Obras y Servicios de la comarca del Campo de Gibraltar."
1983-11-18,276,1,BOE-A-1983-30114,PRESIDENCIA DEL GOBIERNO,estatal,Real Decreto,31214,31214,"Real Decreto 2886/1983, de 26 de octubre, sobre constitución del Colegio Oficial de Gestores Administrativos de Cantabria."
1983-11-18,276,1,BOE-A-1983-30115,PRESIDENCIA DEL GOBIERNO,estatal,Corrección,31214,31214,"Corrección de erratas del Real Decreto 2707/1983, de 7 de septiembre, por el que se aprueba el Reglamento de la Ley 19/1982, de 26 de mayo, sobre contratación de productos agrarios."
1983-11-18,276,1,BOE-A-1983-30116,PRESIDENCIA DEL GOBIERNO,estatal,Orden,31214,31216,"Orden de 10 de noviembre de 1983 por la que se aprueba la norma de calidad para el champiñón cultivado, destinado al mercado interior."
1983-11-18,276,1,BOE-A-1983-30117,PRESIDENCIA DEL GOBIERNO,estatal,Orden,31216,31216,Orden de 17 de noviembre de 1983 por la que se atribuyen al Ministerio de Defensa actividades concernientes a la extinguida Comisión Mixta de Servicios Civiles.
1983-11-18,276,1,BOE-A-1983-30118,MINISTERIO DE ECONOMÍA Y HACIENDA,estatal,Corrección,31216,31216,Corrección de erratas de la Orden de 10 de noviembre de 1983 sobre fijación del derecho regulador para la importación de productos sometidos a este régimen.
1983-11-18,276,1,BOE-A-1983-30119,MINISTERIO DE INDUSTRIA Y ENERGÍA,estatal,Orden,31216,31222,Orden de 7 de noviembre de 1983 por la que se aprueba la Instrucción Técnica Complementaria MIE-AP-10 del Reglamento de Aparatos a Presión referente a depósitos criogénicos.
1983-11-18,276,1,BOE-A-1983-30120,CONSEJO GENERAL DEL PODER JUDICIAL,estatal,Resolución judicial,31223,31223,"Acuerdo de 26 de octubre de 1983, del Pleno del Consejo General del Poder Judicial, por el que se atribuye la función de Juez de Vigilancia Penitenciaria a determinadas autoridades judiciales."
1983-11-19,277,1,BOE-A-1983-30435,PRESIDENCIA DEL GOBIERNO,estatal,Corrección,31400,31400,"Corrección de errores del Real Decreto 2335/1983, de 4 de agosto, por el que se desarrolla la estructura orgánica del Ministerio de Economía y Hacienda."
1983-11-19,277,1,BOE-A-1983-30436,MINISTERIO DE ECONOMÍA Y HACIENDA,estatal,Orden,31400,31401,Orden de 17 de noviembre de 1983 sobre fijación del derecho compensatorio variable para la importación de productos sometidos a este régimen.
1983-11-19,277,1,BOE-A-1983-30437,MINISTERIO DE ECONOMÍA Y HACIENDA,estatal,Orden,31401,31403,Orden de 17 de noviembre de 1983 sobre fijación del derecho regulador para la importación de productos sometidos a este régimen.
1983-11-22,279,1,BOE-A-1983-30704,PRESIDENCIA DEL GOBIERNO,estatal,Real Decreto,31591,31611,"Real Decreto 2892/1983, de 13 de octubre, sobre traspaso de funciones y servicios del Estado a la Comunidad Autónoma de La Rioja en materia de agricultura."
1983-11-22,279,1,BOE-A-1983-30705,PRESIDENCIA DEL GOBIERNO,estatal,Corrección,31612,31612,"Corrección de errores del Real Decreto 1424/1983, de 27 de abril, por el que se aprueba la Reglamentación Técnico-sanitaria para la obtención, circulación y venta de la sal y salmueras comestibles."
1983-11-22,279,1,BOE-A-1983-30706,PRESIDENCIA DEL GOBIERNO,estatal,Corrección,31612,31612,"Corrección de errores del Real Decreto 2329/1983, de 28 de julio, sobre protección a la rehabilitación del patrimonio residencial y urbano."
1983-11-22,279,1,BOE-A-1983-30707,PRESIDENCIA DEL GOBIERNO,estatal,Corrección,31612,31612,Corrección de errores de la Orden de 3 de octubre de 1983 por la que se aprueba la norma de calidad para la leche esterilizada destinada al mercado interior.
1983-11-22,279,1,BOE-A-1983-30708,MINISTERIO DE JUSTICIA,estatal,Orden,31612,31612,Orden de 15 de noviembre de 1983 por la que se modifica el artículo 47 del Reglamento de la Mutualidad de Previsión de Funcionarios de la Administración de Justicia.
1983-11-22,279,1,BOE-A-1983-30709,MINISTERIO DE ECONOMÍA Y HACIENDA,estatal,Corrección,31612,31612,"Corrección de errores del Real Decreto 2320/1983, de 28 de julio, por el que se amplía, prorroga y modifica la lista apéndice de bienes de equipo del Arancel de Aduanas."
1983-11-22,279,1,BOE-A-1983-30710,MINISTERIO DE TRABAJO Y SEGURIDAD SOCIAL,estatal,Orden,31612,31613,Orden de 24 de octubre de 1983 sobre funciones de la Inspección General de Servicios del Departamento en relación con los servicios de inspección internos de los Organismos autónomos y Entes adscritos o dependientes del mismo.
1983-11-23,280,1,BOE-A-1983-30824,PRESIDENCIA DEL GOBIERNO,estatal,Corrección,31685,31685,Corrección de errores de la Orden de 25 de octubre de 1983 por la que se aprueba la Norma General de Calidad para la Leche Condensada destinada al mercado interior.
1983-11-23,280,1,BOE-A-1983-30825,MINISTERIO DE ASUNTOS EXTERIORES,estatal,Tratado o acuerdo internacional,31685,31685,"Reglamento número 9 sobre prescripciones uniformes relativas a la homologación de los vehículos en lo que se refiere al ruido («Boletín Oficial del Estado» de 23 de noviembre de 1974), anejo al Acuerdo de Ginebra de 20 de marzo de 1958, relativo a la adopción de condiciones uniformes de homologación y reconocimiento recíproco de la homologación de piezas y equipos para vehículos de motor. Serie de enmiendas 02 propuestas por Checoslovaquia, puestas en circulación el 1 de enero de 1980, que entraron en vigor el 1 de junio de 1980, y serie de enmiendas 03 propuestas por Bélgica, puestas en circulación el 1 de abril de 1982, que entraron en vigor el 1 de octubre de 1982."
1983-11-23,280,1,BOE-A-1983-30826,MINISTERIO DE ECONOMÍA Y HACIENDA,estatal,Resolución,31685,31686,"Resolución de 11 de octubre de 1983, de la Dirección General del Tesoro y Política Financiera, por la que se hacen públicas las características esenciales de la Deuda del Estado, interior y amortizable, al 15,75 y 16 por 100, emitida en virtud de las autorizaciones contenidas en el Real Decreto 2168/1983, de 4 de agosto, y Orden ministerial de 16 de agosto de 1983, a efectos de su contratación en las Bolsas Oficiales de Comercio."
1983-11-23,280,1,BOE-A-1983-30827,MINISTERIO DE ECONOMÍA Y HACIENDA,estatal,Resolución,31686,31686,"Resolución de 16 de noviembre de 1983, de la Dirección General del Tesoro y Política Financiera, por la que se dispone la celebración de la 24 y 25 subastas de Pagarés del Tesoro correspondientes a 1983."
1983-11-23,280,1,BOE-A-1983-30828,MINISTERIO DE ECONOMÍA Y HACIENDA,estatal,Resolución,31686,31687,"Resolución de 21 de noviembre de 1983, de la Dirección General del Tesoro y Política Financiera, por la que se establece el procedimiento aplicable en las amortizaciones voluntarias de Deuda del Estado, interior y amortizable."
1983-11-23,280,1,BOE-A-1983-30829,MINISTERIO DE EDUCACIÓN Y CIENCIA,estatal,Orden,31687,31687,"Orden de 15 de noviembre de 1983 sobre incorporación a las Escuelas Universitarias de Enfermería de quienes tuviesen iniciados estudios de Ayudantes Técnicos Sanitarios conforme a lo previsto por la disposición transitoria primera del Real Decreto 2128/1977, de 23 de julio."
1983-11-23,280,1,BOE-A-1983-30830,"MINISTERIO DE AGRICULTURA, PESCA Y ALIMENTACIÓN",estatal,Orden,31687,31687,Orden de 15 de noviembre de 1983 para la concesión de autorizaciones temporales para el cultivo de arroz en la campaña 1984-85.
1983-11-24,281,1,BOE-A-1983-30901,JEFATURA DEL ESTADO,estatal,Corrección,31783,31783,"Corrección de errores del Instrumento de Ratificación del Convenio entre el Gobierno de España y el Gobierno de la República Argentina para evitar la doble imposición internacional en relación con el ejercicio de la navegación marítima y aérea, firmado en Buenos Aires el 30 de noviembre de 1978."
1983-11-24,281,1,BOE-A-1983-30902,PRESIDENCIA DEL GOBIERNO,estatal,Corrección,31783,31783,"Corrección de erratas del Real Decreto 1804/1983, de 23 de mayo, por el que se determinan las funciones, el nivel de titulación y los procedimientos de selección para ingreso, correspondientes a las Escuelas del personal científico investigador del Consejo Superior de Investigaciones Científicas."
1983-11-24,281,1,BOE-A-1983-30903,MINISTERIO DE TRABAJO Y SEGURIDAD SOCIAL,estatal,Orden,31783,31783,Orden de 17 de noviembre de 1983 por la que se desarrolla el Decreto 2309/1970 sobre reducción de edades mínimas para causar pensión de jubilación en el Régimen Especial de Seguridad Social de los Trabajadores del Mar.
1983-11-24,281,1,BOE-A-1983-30904,MINISTERIO DE ADMINISTRACIÓN TERRITORIAL,estatal,Orden,31783,31785,"Orden de 17 de noviembre de 1983 por la que se señala el procedimiento a seguir en el trámite de las subvenciones para la reparación de los daños en servicios e instalaciones de las Corporaciones Locales afectadas por las recientes inundaciones en el País Vasco, Cantabria, Asturias, Burgos y Navarra."
1983-11-25,282,1,BOE-A-1983-31028,PRESIDENCIA DEL GOBIERNO,estatal,Real Decreto,31878,31878,"Real Decreto 2914/1983, de 13 de octubre, por el que se incluye al personal interino al servicio de la Administración de Justicia en el ámbito de aplicación del Real Decreto 1167/1983, de 27 de abril."
1983-11-25,282,1,BOE-A-1983-31029,PRESIDENCIA DEL GOBIERNO,estatal,Real Decreto,31878,31884,"Real Decreto 2915/1983, de 19 de octubre, sobre valoración definitiva, ampliación de medios adscritos a los servicios traspasados y adaptación de los transferidos en fase preautonómica a la Comunidad Autónoma de Andalucía en materia de transportes terrestres."
1983-11-25,282,1,BOE-A-1983-31030,PRESIDENCIA DEL GOBIERNO,estatal,Real Decreto,31884,31890,"Real Decreto 2916/1983, de 19 de octubre, sobre transferencia de funciones y servicios de la Administración del Estado a la Comunidad Autónoma de Canarias en materia de disciplina del mercado."
1983-11-25,282,1,BOE-A-1983-31031,MINISTERIO DE ECONOMÍA Y HACIENDA,estatal,Real Decreto,31890,31890,"Real Decreto 2917/1983, de 19 de octubre, por el que se modifican determinadas cuantías establecidas en el Decreto 1005/1974, de 4 de abril, que regula los contratos de asistencia que celebre la Administración del Estado y sus Organismos Autónomos con Empresas consultoras o de servicios."
1983-11-25,282,1,BOE-A-1983-31032,MINISTERIO DE ECONOMÍA Y HACIENDA,estatal,Orden,31890,31891,Orden de 9 de noviembre de 1983 sobre modificación de la Orden de 1 de julio de 1982 sobre tipos de interés aplicables a la financiación de operaciones de exportación computables o que cuenten con apoyo financiero oficial.
1983-11-25,282,1,BOE-A-1983-31033,MINISTERIO DE ECONOMÍA Y HACIENDA,estatal,Orden,31891,31892,Orden de 15 de noviembre de 1983 por la que se modifican determinados aspectos de la contabilidad de gastos públicos para adaptarla a la nueva estructura presupuestaria.
1983-11-25,282,1,BOE-A-1983-31034,MINISTERIO DE ECONOMÍA Y HACIENDA,estatal,Corrección,31892,31892,"Corrección de erratas de la Resolución de 28 de septiembre de 1983, de la Dirección General de Aduanas e Impuestos Especiales, por la que se modifica el margen de tolerancia fijado en el artículo 341 de las Ordenanzas de Aduanas para el Pescado a Granel conducido a España por el propio buque captor o por otro que lo tome de éste en transbordo directo en alta mar."
1983-11-25,282,1,BOE-A-1983-31035,MINISTERIO DE OBRAS PÚBLICAS Y URBANISMO,estatal,Orden,31892,31899,"Orden de 21 de noviembre de 1983 por la que se regulan las condiciones de tramitación para la protección a la rehabilitación de viviendas regulada en el Real Decreto 2329/1983, de 28 de julio."
1983-11-26,283,1,BOE-A-1983-31090,JEFATURA DEL ESTADO,estatal,Ley Orgánica,32070,32070,"Ley Orgánica 12/1983, de 16 de noviembre, de modificación de competencias de la Audiencia Nacional."
1983-11-26,283,1,BOE-A-1983-31091,JEFATURA DEL ESTADO,estatal,Ley,32070,32071,"Ley 17/1983, de 16 de noviembre, sobre desarrollo del artículo 154 de la Constitución."
1983-11-26,283,1,BOE-A-1983-31092,JEFATURA DEL ESTADO,estatal,Ley,32071,32073,"Ley 18/1983, de 16 de noviembre, del Consejo de la Juventud de España"
1983-11-26,283,1,BOE-A-1983-31093,JEFATURA DEL ESTADO,estatal,Ley,32073,32073,"Ley 19/1983, de 16 de noviembre, sobre regulación del derecho a instalar en el exterior de los inmuebles las antenas de las estaciones radioeléctricas de aficionados."
1983-11-26,283,1,BOE-A-1983-31094,TRIBUNAL CONSTITUCIONAL,estatal,Resolución judicial,32073,32073,"Recurso de inconstitucionalidad número 367/1983, planteado por el Presidente del Gobierno contra determinados artículos de la Ley 1/1983, de 18 de febrero, del Parlamento de Cataluña."
1983-11-26,283,1,BOE-A-1983-31095,TRIBUNAL CONSTITUCIONAL,estatal,Resolución judicial,32073,32074,"Conflicto positivo de competencia número 738/1983, planteado por el Gobierno de la Nación, en relación con el Decreto 37/1983, de 22 de junio, modificado por Decreto 50/1983, de 3 de agosto, ambos del Consejo de Gobierno de la Comunidad Autónoma de Cantabria."
1983-11-26,283,1,BOE-A-1983-31096,PRESIDENCIA DEL GOBIERNO,estatal,Corrección,32074,32074,"Corrección de errores del Real Decreto 2496/1983, de 20 de julio, de traspaso de funciones y servicios de la Administración del Estado a la Generalidad de Cataluña en materia de medio ambiente."
1983-11-26,283,1,BOE-A-1983-31097,MINISTERIO DE ECONOMÍA Y HACIENDA,estatal,Real Decreto,32074,32074,"Real Decreto 2925/1983, de 2 de noviembre, por el que se modifica el caso 15 de la disposición preliminar primera del Arancel de Aduanas."
1983-11-26,283,1,BOE-A-1983-31098,MINISTERIO DE ECONOMÍA Y HACIENDA,estatal,Real Decreto,32074,32075,"Real Decreto 2926/1983, de 2 de noviembre, por el que se amplía y modifica la lista apéndice de bienes de equipo del Arancel de Aduanas."
1983-11-26,283,1,BOE-A-1983-31099,MINISTERIO DE ECONOMÍA Y HACIENDA,estatal,Real Decreto,32075,32075,"Real Decreto 2927/1983, de 23 de noviembre, por el que se prorroga por tres meses la suspensión de aplicación de derechos arancelarios a la importación de alcohol metílico de la partida 29.04.A.I del Arancel de Aduanas."
1983-11-26,283,1,BOE-A-1983-31100,MINISTERIO DE ECONOMÍA Y HACIENDA,estatal,Orden,32075,32076,Orden de 24 de noviembre de 1983 sobre fijación del derecho compensatorio variable para la importación de productos sometidos a este régimen.
1983-11-26,283,1,BOE-A-1983-31101,MINISTERIO DE ECONOMÍA Y HACIENDA,estatal,Orden,32077,32078,Orden de 24 de noviembre de 1983 sobre fijación del derecho regulador para la importación de productos sometidos a este régimen.
1983-11-26,283,1,BOE-A-1983-31102,MINISTERIO DEL INTERIOR,estatal,Orden,32079,32079,"Orden de 22 de noviembre de 1983, sobre determinación de los términos municipales afectados por las inundaciones habidas en el mes de agosto de 1983."
1983-11-26,283,1,BOE-A-1983-31103,MINISTERIO DE OBRAS PÚBLICAS Y URBANISMO,estatal,Orden,32079,32079,Orden de 22 de noviembre de 1983 sobre sustitución de funciones del Director de Arquitectura y Vivienda en caso de ausencia.
1983-11-26,283,1,BOE-A-1983-31104,MINISTERIO DE OBRAS PÚBLICAS Y URBANISMO,estatal,Corrección,32079,32079,"Corrección de errores de la Orden de 14 de octubre de 1983 por la que se fijan los precios de venta de las viviendas sociales para el trimestre natural de octubre, noviembre y diciembre de 1983."
1983-11-26,283,1,BOE-A-1983-31105,MINISTERIO DE ADMINISTRACIÓN TERRITORIAL,estatal,Corrección,32079,32079,Corrección de errores de la Orden de 7 de octubre de 1983 sobre desarrollo de la estructura orgánica del Ministerio de Administración Territorial.
1983-11-28,284,1,BOE-A-1983-31181,TRIBUNAL CONSTITUCIONAL,estatal,Resolución judicial,32167,32167,"Recurso de inconstitucionalidad número 707/1983, promovido por el Presidente del Gobierno contra la Ley del Parlamento de Cataluña 15/1983, de 14 de julio, sobre higiene y control alimentario."
1983-11-28,284,1,BOE-A-1983-31182,TRIBUNAL CONSTITUCIONAL,estatal,Resolución judicial,32167,32167,"Recurso de inconstitucionalidad número 737/1983, planteado por el Presidente del Gobierno contra determinados artículos de la Ley del Parlamento Vasco 15/1983, de 27 de julio, por la que se crea el «Euskal Ikastolen Erakundea-Instituto Vasco de Ikastolas» y se aprueba el Estatuto Jurídico de Ikastolas."
1983-11-28,284,1,BOE-A-1983-31183,MINISTERIO DE ECONOMÍA Y HACIENDA,estatal,Real Decreto,32167,32169,"Real Decreto 2933/1983, de 13 de octubre, por el que se regula el régimen de estimación objetiva singular en el Impuesto sobre la Renta de las Personas Físicas."
1983-11-28,284,1,BOE-A-1983-31184,MINISTERIO DE ECONOMÍA Y HACIENDA,estatal,Real Decreto,32169,32169,"Real Decreto 2934/1983, de 13 de octubre, de aprobación del Plan de Acuñación de Moneda Metálica para el ejercicio de 1983."
1983-11-28,284,1,BOE-A-1983-31185,MINISTERIO DE SANIDAD Y CONSUMO,estatal,Corrección,32169,32169,Corrección de errores de la Orden de 26 de septiembre de 1983 sobre control y registro sanitarios de determinados productos.
1983-11-29,285,1,BOE-A-1983-31295,JEFATURA DEL ESTADO,estatal,Real Decreto-ley,32261,32261,"Real Decreto-ley 6/1983, de 23 de noviembre, sobre adquisición por el Estado de la totalidad de las acciones representativas del capital de «Autopista Concesionaria Astur-Leonesa, S. A.», y «Autopista del Atlántico, Concesionaria Española, S. A.»."
1983-11-29,285,1,BOE-A-1983-31296,JEFATURA DEL ESTADO,estatal,Real Decreto-ley,32261,32262,"Real Decreto-ley 7/1983, de 23 de noviembre, sobre medidas urgentes para reparar los daños causados por las recientes inundaciones en determinados municipios de las provincias de Barcelona, Cádiz, Huelva, Sevilla y Valencia."
1983-11-29,285,1,BOE-A-1983-31297,PRESIDENCIA DEL GOBIERNO,estatal,Real Decreto,32262,32263,"Real Decreto 2938/1983, de 25 de agosto, sobre valoración definitiva y ampliación de medios adscritos a los servicios traspasados a la Comunidad Autónoma de Aragón en materias de ferias interiores y comercio interior."
1983-11-29,285,1,BOE-A-1983-31298,PRESIDENCIA DEL GOBIERNO,estatal,Real Decreto,32264,32265,"Real Decreto 2939/1983, de 25 de agosto, de traspaso de funciones y servicios del Estado a la Comunidad Autónoma de Aragón en materia de intervención de precios."
1983-11-29,285,1,BOE-A-1983-31299,PRESIDENCIA DEL GOBIERNO,estatal,Real Decreto,32266,32267,"Real Decreto 2940/1983, de 25 de agosto, sobre valoración definitiva y ampliación de medios adscritos a los servicios traspasados a la Comunidad Autónoma de Asturias en materias de ferias interiores y comercio interior."
1983-11-29,285,1,BOE-A-1983-31300,PRESIDENCIA DEL GOBIERNO,estatal,Real Decreto,32268,32269,"Real Decreto 2941/1983, de 25 de agosto, sobre valoración definitiva y ampliación de medios adscritos a los servicios traspasados a la Comunidad Autónoma de Cantabria en materias de ferias interiores y comercio interior."
1983-11-29,285,1,BOE-A-1983-31301,PRESIDENCIA DEL GOBIERNO,estatal,Real Decreto,32269,32271,"Real Decreto 2942/1983, de 25 de agosto, de traspaso de funciones y servicios del Estado a la Comunidad Autónoma de Castilla-La Mancha en materias de comercio interior y Cámaras de Comercio e Industria."
1983-11-29,285,1,BOE-A-1983-31302,PRESIDENCIA DEL GOBIERNO,estatal,Real Decreto,32272,32273,"Real Decreto 2943/1983, de 25 de agosto, sobre valoración definitiva y ampliación de medios adscritos a los servicios traspasados a la Comunidad de Castilla y León en materias de ferias interiores y comercio interior."
1983-11-29,285,1,BOE-A-1983-31303,PRESIDENCIA DEL GOBIERNO,estatal,Real Decreto,32274,32275,"Real Decreto 2944/1983, de 25 de agosto, sobre valoración definitiva y ampliación de medios adscritos a los servicios traspasados a la Comunidad Autónoma de Extremadura en materias de ferias interiores y comercio interior."
1983-11-29,285,1,BOE-A-1983-31304,MINISTERIO DE JUSTICIA,estatal,Orden,32275,32275,"Orden de 17 de noviembre de 1983 sobre transferencias de fondos, gestión económica y nóminas referentes a la Comisión de Asistencia Social."
1983-11-29,285,1,BOE-A-1983-31305,MINISTERIO DE JUSTICIA,estatal,Corrección,32276,32276,Corrección de erratas de la Orden de 26 de octubre de 1983 por la que se aprueba el Reglamento de la Escuela de Estudios Penitenciarios.
1983-11-29,285,1,BOE-A-1983-31306,MINISTERIO DE DEFENSA,estatal,Real Decreto,32276,32292,"Real Decreto 2945/1983, de 9 de noviembre, por el que se aprueban las Reales Ordenanzas del Ejército de Tierra."
1983-11-29,285,1,BOE-A-1983-31307,MINISTERIO DE ECONOMÍA Y HACIENDA,estatal,Real Decreto,32292,32292,"Real Decreto 2946/1983, de 19 de octubre, por el que se modifica el artículo 13 del Decreto 3186/1968, de 26 de diciembre, por el que se organiza el Servicio Central de Suministros de Material Mobiliario y de Oficina y se regulan las Juntas de Compras de los Ministerios civiles."
1983-11-29,285,1,BOE-A-1983-31308,MINISTERIO DE ECONOMÍA Y HACIENDA,estatal,Real Decreto,32292,32293,"Real Decreto 2947/1983, de 2 de noviembre, por el que se modifican diversos contingentes, libres de derechos, establecidos por Real Decreto 491/1983, de 9 de marzo."
1983-11-29,285,1,BOE-A-1983-31309,MINISTERIO DE ECONOMÍA Y HACIENDA,estatal,Real Decreto,32293,32293,"Real Decreto 2948/1983, de 23 de noviembre, por el que se dispone la emisión de Deuda del Estado, interior y amortizable, por un importe, ampliable, de 34.583,05 millones de pesetas."
1983-11-29,285,1,BOE-A-1983-31310,MINISTERIO DE ECONOMÍA Y HACIENDA,estatal,Resolución,32293,32293,"Resolución de 24 de noviembre de 1983, del Instituto de Crédito Oficial, por la que se anuncian los números de los títulos de los bonos emitidos por el Instituto de Crédito Oficial en virtud de las autorizaciones contenidas en el acuerdo del Consejo de Ministros de 13 de abril de 1983 y Orden del Ministerio de Economía y Hacienda de 14 de abril de 1983, a efectos de su contratación en las Bolsas de Comercio, con el fin de dar cumplimiento al artículo 24 del Reglamento de dicho Organismo."
1983-11-30,286,1,BOE-A-1983-31363,MINISTERIO DE TRABAJO Y SEGURIDAD SOCIAL,estatal,Corrección,32357,32357,Corrección de erratas de la Orden de 5 de octubre de 1983 por la que se fijan las estructuras orgánicas de las Direcciones Provinciales de las Entidades gestoras y servicios comunes de la Seguridad Social.
1983-11-30,286,1,BOE-A-1983-31364,MINISTERIO DE INDUSTRIA Y ENERGÍA,estatal,Real Decreto,32357,32358,"Real Decreto 2954/1983, de 4 de agosto, por el que se establece la sujeción a especificaciones técnicas de los tubos de rayos X de ánodo giratorio y tubos equipados para diagnóstico médico."
1983-11-30,286,1,BOE-A-1983-31365,"MINISTERIO DE AGRICULTURA, PESCA Y ALIMENTACIÓN",estatal,Orden,32358,32358,Orden de 8 de noviembre de 1983 por la que se rectifica la de 27 de septiembre que regula el fomento experimental de leguminosas pienso durante las campañas 1983/84 a 1986/87.
1983-12-01,287,1,BOE-A-1983-31431,JEFATURA DEL ESTADO,estatal,Ley Orgánica,32453,32453,"Ley Orgánica 13/1983, de 26 de noviembre, de modificación del apartado 1 del artículo 12 de la Ley 3/1980, de 22 de abril, del Consejo de Estado."
1983-12-01,287,1,BOE-A-1983-31432,JEFATURA DEL ESTADO,estatal,Ley,32453,32465,"Ley 20/1983, de 26 de noviembre, por la que se autoriza el ingreso de España en el Banco Africano de Desarrollo."
1983-12-01,287,1,BOE-A-1983-31433,JEFATURA DEL ESTADO,estatal,Ley,32466,32467,"Ley 21/1983, de 26 de noviembre, por la que se autoriza la participación de España en el aumento general ordinario de recursos del Fondo Africano de Desarrollo."
1983-12-01,287,1,BOE-A-1983-31434,JEFATURA DEL ESTADO,estatal,Ley,32468,32468,"Ley 22/1983, de 26 de noviembre, por la que se autoriza al Ministerio de Economía y Hacienda para permutar el edificio que ocupan los Servicios de Correos y Telecomunicación en Ciudad Real por un solar propiedad del Ayuntamiento de dicha capital."
1983-12-01,287,1,BOE-A-1983-31435,PRESIDENCIA DEL GOBIERNO,estatal,Real Decreto,32468,32471,"Real Decreto 2961/1983, de 5 de octubre, sobre valoración definitiva, ampliación de medios adscritos a los servicios traspasados y adaptación de los transferidos en fase preautonómica a la Comunidad Autónoma de las Islas Baleares en materia de transportes terrestres."
1983-12-01,287,1,BOE-A-1983-31436,PRESIDENCIA DEL GOBIERNO,estatal,Real Decreto,32472,32476,"Real Decreto 2962/1983, de 5 de octubre, sobre valoración definitiva, ampliación de medios adscritos a los servicios traspasados y adaptación de los transferidos en fase preautonómica a la Comunidad Autónoma de la Región de Murcia en materia de transportes terrestres."
1983-12-01,287,1,BOE-A-1983-31437,PRESIDENCIA DEL GOBIERNO,estatal,Real Decreto,32477,32477,"Real Decreto 2963/1983, de 2 de noviembre, por el que se adiciona una cláusula al anexo del Real Decreto 2286/1983, de 28 de julio, por el que se regulan las tasas unversitarias para el curso académico 1983-84."
1983-12-01,287,1,BOE-A-1983-31438,PRESIDENCIA DEL GOBIERNO,estatal,Real Decreto,32477,32477,"Real Decreto 2964/1983, de 30 de noviembre, por el que se establece el «Día de la Constitución»."
1983-12-01,287,1,BOE-A-1983-31439,PRESIDENCIA DEL GOBIERNO,estatal,Orden,32477,32479,Orden de 30 de noviembre de 1983 por la que se modifican los precios de venta al público de determinados productos petrolíferos en el ámbito del Monopolio de Petróleos.
1983-12-01,287,1,BOE-A-1983-31440,MINISTERIO DE ECONOMÍA Y HACIENDA,estatal,Corrección,32479,32479,Corrección de erratas de la Orden de 15 de noviembre de 1983 por la que se modifican determinados aspectos de la contabilidad de gastos públicos para adaptarla a la nueva estructura presupuestaria.
1983-12-01,287,1,BOE-A-1983-31441,MINISTERIO DE EDUCACIÓN Y CIENCIA,estatal,Orden,32479,32479,Orden de 30 de noviembre de 1983 por la que se dictan instrucciones para la celebración en los Centros docentes del «Día de la Constitución».
1983-12-01,287,1,BOE-A-1983-31442,"MINISTERIO DE AGRICULTURA, PESCA Y ALIMENTACIÓN",estatal,Orden,32479,32479,"Orden de 21 de noviembre de 1983 por la que se da cumplimiento a lo dispuesto en el Real Decreto 616/1983, de 2 de marzo, por el que se autoriza al Instituto Nacional para la Conservación de la Naturaleza a celebrar Convenios de Cooperación y Mejora de Zonas Verdes."
1983-12-02,288,1,BOE-A-1983-31503,TRIBUNAL CONSTITUCIONAL,estatal,Resolución judicial,32552,32552,"Conflicto positivo de competencia número 415/83 planteado por el Gobierno de la Nación en relación con el Decreto 15/1983, de 7 de febrero, del Gobierno Vasco."
1983-12-02,288,1,BOE-A-1983-31504,TRIBUNAL CONSTITUCIONAL,estatal,Resolución judicial,32552,32552,Conflicto positivo de competencia número 742/83 planteado por el Consejo Ejecutivo de la Generalidad de Cataluña en relación con Resolución de la Dirección General de la Salud (Ministerio de Sanidad y Consumo) de 20 de junio de 1983.
1983-12-02,288,1,BOE-A-1983-31505,TRIBUNAL CONSTITUCIONAL,estatal,Resolución judicial,32552,32552,Conflicto positivo de competencia planteado por el Consejo Ejecutivo de la Generalidad de Cataluña registrado con el número 743/83 en relación con la Resolución de 7 de julio de 1983 de la Dirección General de Producción Agraria.
1983-12-02,288,1,BOE-A-1983-31506,TRIBUNAL CONSTITUCIONAL,estatal,Resolución judicial,32552,32552,"Conflicto positivo de competencia número 744/83 planteado por el Consejo Ejecutivo de la Generalidad de Cataluña en relación con determinados artículos del Real Decreto 1932/1983, de 22 de junio."
1983-12-02,288,1,BOE-A-1983-31507,PRESIDENCIA DEL GOBIERNO,estatal,Real Decreto,32552,32562,"Real Decreto 2966/1983, de 19 de octubre, sobre transferencia de funciones y servicios de la Administración del Estado a la Comunidad Autónoma de Andalucía en materia de disciplina de mercado."
1983-12-02,288,1,BOE-A-1983-31508,PRESIDENCIA DEL GOBIERNO,estatal,Real Decreto,32562,32563,"Real Decreto 2967/1983, de 19 de octubre, de valoración definitiva de los servicios traspasados a la Comunidad Autónoma de Asturias en materia de pesca en aguas interiores, marisqueo y acuicultura."
1983-12-02,288,1,BOE-A-1983-31509,PRESIDENCIA DEL GOBIERNO,estatal,Real Decreto,32563,32565,"Real Decreto 2968/1983, de 19 de octubre, sobre valoración definitiva y ampliación de medios adscritos a los servicios traspasados a la Comunidad Autónoma de Cantabria en materia de reforma de estructuras comerciales."
1983-12-02,288,1,BOE-A-1983-31510,PRESIDENCIA DEL GOBIERNO,estatal,Real Decreto,32565,32567,"Real Decreto 2969/1983, de 19 de octubre, sobre valoración definitiva y ampliación de medios adscritos a los servicios traspasados a la Comunidad Autónoma de Galicia en materia de Gabinetes Técnicos Provinciales del Instituto Nacional de Seguridad e Higiene en el Trabajo."
1983-12-02,288,1,BOE-A-1983-31511,PRESIDENCIA DEL GOBIERNO,estatal,Real Decreto,32568,32568,"Real Decreto 2970/1983, de 19 de octubre, por el que se modifica el Real Decreto 2925/1982, de 12 de agosto, sobre transferencia de funciones y servicios de la Administración del Estado a la Comunidad Autónoma de Murcia en materia de puertos."
1983-12-02,288,1,BOE-A-1983-31512,PRESIDENCIA DEL GOBIERNO,estatal,Real Decreto,32568,32569,"Real Decreto 2971/1983, de 19 de octubre, sobre valoración definitiva de los servicios traspasados a la Comunidad Autónoma de la Región de Murcia en materia de pesca en aguas interiores, marisqueo y acuicultura."
1983-12-02,288,1,BOE-A-1983-31513,PRESIDENCIA DEL GOBIERNO,estatal,Real Decreto,32569,32572,"Real Decreto 2972/1983, de 26 de octubre, sobre valoración definitiva y ampliación de medios adscritos a los servicios traspasados a la Comunidad Autónoma de Andalucía en materia de mediación, arbitraje y conciliación."
1983-12-02,288,1,BOE-A-1983-31514,PRESIDENCIA DEL GOBIERNO,estatal,Real Decreto,32573,32573,"Real Decreto 2973/1983, de 26 de octubre, sobre valoración definitiva de los servicios traspasados a la Comunidad Autónoma de Cantabria en materia de pesca en aguas interiores, marisqueo y acuicultura."
1983-12-02,288,1,BOE-A-1983-31515,PRESIDENCIA DEL GOBIERNO,estatal,Real Decreto,32574,32578,"Real Decreto 2974/1983, de 2 de noviembre, sobre traspaso de funciones y servicios de la Administración del Estado a la Comunidad Autónoma de Andalucía en materia de Fundaciones benéficas y laborales."
1983-12-02,288,1,BOE-A-1983-31516,PRESIDENCIA DEL GOBIERNO,estatal,Real Decreto,32578,32578,"Real Decreto 2975/1983, de 2 de noviembre, por el que se fijan los objetivos de producción para la campaña remolachero-azucarera 1984/85."
1983-12-02,288,1,BOE-A-1983-31517,PRESIDENCIA DEL GOBIERNO,estatal,Corrección,32578,32579,"Corrección de errores del Real Decreto 2817/1983, de 13 de octubre, por el que se aprueba la Reglamentación Técnico-Sanitaria de los Comedores Colectivos."
1983-12-02,288,1,BOE-A-1983-31518,MINISTERIO DE ECONOMÍA Y HACIENDA,estatal,Orden,32579,32579,"Orden de 10 de octubre de 1983 por la que se adaptan determinados avales del Plan de Reconversión Textil a lo dispuesto en el Real Decreto 737/1983, de 30 de marzo."
1983-12-02,288,1,BOE-A-1983-31519,MINISTERIO DE ECONOMÍA Y HACIENDA,estatal,Orden,32579,32580,Orden de 10 de octubre de 1983 sobre créditos y avales aprobados por la Comisión Delegada del Gobierno para Asuntos Económicos y propuestos por la Comisión Ejecutiva del Plan de Reconversión Textil.
1983-12-02,288,1,BOE-A-1983-31520,MINISTERIO DE ECONOMÍA Y HACIENDA,estatal,Orden,32580,32581,"Orden de 29 de noviembre de 1983 por la que se dispone la emisión de Deuda del Estado, interior y amortizable, al 13,75 por 100, por un importe, ampliable, de 34.583,05 millones de pesetas."
1983-12-02,288,1,BOE-A-1983-31521,MINISTERIO DE TRABAJO Y SEGURIDAD SOCIAL,estatal,Real Decreto,32581,32582,"Real Decreto 2976/1983, de 9 de noviembre, por el que se regula la Comisión Consultiva Nacional de Convenios Colectivos."
1983-12-03,289,1,BOE-A-1983-31672,JEFATURA DEL ESTADO,estatal,Real Decreto-ley,32711,32715,"Real Decreto-ley 8/1983, de 30 de noviembre, de Reconversión y Reindustrialización."
1983-12-03,289,1,BOE-A-1983-31673,MINISTERIO DE ECONOMÍA Y HACIENDA,estatal,Real Decreto,32715,32715,"Real Decreto 3011/1983, de 16 de noviembre, por el que se suspenden los derechos arancelarios establecidos en la partida 07.01.A.I b a la importación de patatas de siembra en las islas Baleares."
1983-12-03,289,1,BOE-A-1983-31674,MINISTERIO DE ECONOMÍA Y HACIENDA,estatal,Orden,32715,32716,Orden de 1 de diciembre de 1983 sobre fijación del derecho compensatorio variable para la importación de productos sometidos a este régimen.
1983-12-03,289,1,BOE-A-1983-31675,MINISTERIO DE ECONOMÍA Y HACIENDA,estatal,Orden,32717,32718,Orden de 1 de diciembre de 1983 sobre fijación del derecho regulador para la importación de productos sometidos a este régimen.
1983-12-03,289,1,BOE-A-1983-31676,"MINISTERIO DE AGRICULTURA, PESCA Y ALIMENTACIÓN",estatal,Orden,32719,32719,Orden de 25 de noviembre de 1983 por la que se actualiza la composición y cometidos de la Comisión Nacional del Chopo.
1983-12-05,290,1,BOE-A-1983-31796,JEFATURA DEL ESTADO,estatal,Corrección,32808,32808,"Corrección de erratas de la Ley Orgánica 10/1983, de 16 de agosto, por la que se modifica la Ley 40/1979, de 10 de diciembre, sobre régimen jurídico de control de cambios."
1983-12-05,290,1,BOE-A-1983-31797,PRESIDENCIA DEL GOBIERNO,estatal,Real Decreto,32808,32808,"Real Decreto 3013/1983, de 13 de octubre, por el que se cambia la actual denominación de la Dirección General de Farmacia y Medicamentos por la de Dirección General de Farmacia y Productos Sanitarios."
1983-12-05,290,1,BOE-A-1983-31798,MINISTERIO DE ECONOMÍA Y HACIENDA,estatal,Corrección,32808,32808,"Corrección de erratas del Real Decreto 2533/1983, de 7 de septiembre, por el que se modifican los derechos aplicables a la subpartida 39.02 C.XIV. a.2.bb, referente a los copolímeros de etileno-propileno."
1983-12-05,290,1,BOE-A-1983-31799,"MINISTERIO DE AGRICULTURA, PESCA Y ALIMENTACIÓN",estatal,Resolución,32808,32808,"Resolución de 23 de noviembre de 1983, de la Dirección General de Política Alimentaria, de delegación de facultades para la imposición de sanciones a favor del Subdirector general de Defensa contra Fraudes."
1983-12-06,291,1,BOE-A-1983-31941,PRESIDENCIA DEL GOBIERNO,estatal,Real Decreto,32902,32916,"Real Decreto 3019/1983, de 21 de septiembre, sobre traspaso de funciones y servicios del Estado, en materia de cultura, a la Comunidad de Castilla y León."
1983-12-06,291,1,BOE-A-1983-31942,PRESIDENCIA DEL GOBIERNO,estatal,Real Decreto,32916,32920,"Real Decreto 3020/1983, de 5 de octubre, sobre traspaso de funciones y servicios del Estado a la Comunidad Autónoma de Castilla-La Mancha en materia de estudios de ordenación del territorio y medio ambiente."
1983-12-06,291,1,BOE-A-1983-31943,PRESIDENCIA DEL GOBIERNO,estatal,Real Decreto,32920,32923,"Real Decreto 3021/1983, de 5 de octubre, sobre traspaso de funciones y servicios del Estado a la Comunidad Autónoma de Extremadura en materia de estudios de ordenación del territorio y medio ambiente."
1983-12-06,291,1,BOE-A-1983-31944,PRESIDENCIA DEL GOBIERNO,estatal,Real Decreto,32923,32925,"Real Decreto 3022/1983, de 5 de octubre, sobre transferencia de funciones y servicios del Estado a la Comunidad Autónoma de La Rioja en materia de obras hidráulicas."
1983-12-06,291,1,BOE-A-1983-31945,PRESIDENCIA DEL GOBIERNO,estatal,Real Decreto,32926,32936,"Real Decreto 3023/1983, de 13 de octubre, sobre traspaso de funciones y servicios del Estado a la Comunidad Autónoma de La Rioja en materia de cultura."
1983-12-07,292,1,BOE-A-1983-32019,MINISTERIO DE ASUNTOS EXTERIORES,estatal,Orden,33006,33006,Orden de 25 de octubre de 1983 por la que se delegan atribuciones para la disposición de los gastos propios de los Servicios del Ministerio y de la ordenación de los pagos correspondientes.
1983-12-07,292,1,BOE-A-1983-32020,MINISTERIO DE ECONOMÍA Y HACIENDA,estatal,Real Decreto,33006,33006,"Real Decreto 3028/1983, de 19 de octubre, por el que se autoriza el canje de determinados efectos timbrados a los damnificados por las inundaciones acaecidas en las provincias que se expresan."
1983-12-07,292,1,BOE-A-1983-32021,MINISTERIO DEL INTERIOR,estatal,Orden,33007,33007,"Orden de 2 de diciembre de 1983 por la que se determinan los términos municipales de las provincias de Barcelona, Cádiz, Huelva, Sevilla y Valencia, afectados por las recientes inundaciones."
1983-12-08,293,1,BOE-A-1983-32320,JEFATURA DEL ESTADO,estatal,Ley,33189,33189,"Ley 23/1983, de 3 de diciembre, por la que se ceden al Ayuntamiento de Madrid los terrenos de la «Dehesa de la Arganzuela» y se modifican las condiciones exigidas por la Ley 23/1967, de 8 de abril."
1983-12-08,293,1,BOE-A-1983-32321,PRESIDENCIA DEL GOBIERNO,estatal,Real Decreto,33189,33197,"Real Decreto 3031/1983, de 21 de septiembre, sobre transferencia de funciones y servicios del Estado a la Región de Murcia en materia de cultura."
1983-12-08,293,1,BOE-A-1983-32322,PRESIDENCIA DEL GOBIERNO,estatal,Real Decreto,33198,33199,"Real Decreto 3032/1983, de 9 de noviembre, por el que se determinan las funciones, requisitos de ingreso y normas de integración en las Escalas de personal de Enseñanzas Integradas procedente de las extinguidas Universidades Laborales."
1983-12-08,293,1,BOE-A-1983-32323,MINISTERIO DE ECONOMÍA Y HACIENDA,estatal,Orden,33199,33200,Orden de 2 de diciembre de 1983 por la que se dan instrucciones para la confección de nóminas en el año 1984 como consecuencia de la aplicación del presupuesto por programas.
1983-12-08,293,1,BOE-A-1983-32324,MINISTERIO DE OBRAS PÚBLICAS Y URBANISMO,estatal,Orden,33200,33201,"Orden de 30 de noviembre de 1983 sobre las áreas de rehabilitación integrada reguladas en el Real Decreto 2329/1983, de 28 de julio, de Protección a la Rehabilitación del Patrimonio Residencial y Urbano."
1983-12-09,294,1,BOE-A-1983-32373,MINISTERIO DE ECONOMÍA Y HACIENDA,estatal,Orden,33252,33252,Orden de 30 de noviembre de 1983 por la que se delegan en el Director del Instituto de Estudios Fiscales determinadas atribuciones.
1983-12-09,294,1,BOE-A-1983-32374,MINISTERIO DE EDUCACIÓN Y CIENCIA,estatal,Orden,33252,33252,Orden de 5 de diciembre de 1983 por la que se modifica el artículo 5.º de la Orden de 24 de marzo de 1980 por la que se aprueban los Estatutos provisionales del Colegio Oficial de Psicólogos.
1983-12-09,294,1,BOE-A-1983-32375,MINISTERIO DE EDUCACIÓN Y CIENCIA,estatal,Orden,33252,33252,"Orden de 5 de diciembre de 1983 por la que se abre nuevo plazo de presentación de instancias para la integración en el Cuerpo de Profesores de Educación General Básica de los Maestros procedentes del Plan profesional de 1931 y de los procedentes de los cursillos de selección para ingreso en el Magisterio Nacional Primario, convocados por Decreto de 14 de marzo de 1936."
1983-12-09,294,1,BOE-A-1983-32376,"MINISTERIO DE AGRICULTURA, PESCA Y ALIMENTACIÓN",estatal,Orden,33252,33253,Orden de 30 de noviembre de 1983 por la que se desarrollan los acuerdos del Consejo de Ministros de 27 de julio de 1983 por los que se autoriza al Banco de Crédito Agrícola a conceder préstamos en apoyo de la reestructuración del olivar y del Reglamento Estructural de la Producción Lechera.
1983-12-09,294,1,BOE-A-1983-32377,MINISTERIO DE SANIDAD Y CONSUMO,estatal,Orden,33253,33253,"Orden de 1 de diciembre de 1983 por la que se desarrolla el Real Decreto 3152/1977, de 7 de noviembre, sobre registro de especialidades farmacéuticas."
1983-12-09,294,1,BOE-A-1983-32378,MINISTERIO DE SANIDAD Y CONSUMO,estatal,Orden,33253,33253,"Orden de 1 de diciembre de 1983 por la que se fija para el año 1984 el número máximo de autorizaciones de solicitudes del tercer grupo del Real Decreto 3152/1977, de 7 de noviembre."
1983-12-10,295,1,BOE-A-1983-32409,TRIBUNAL CONSTITUCIONAL,estatal,Resolución judicial,33287,33287,"Recurso previo de inconstitucionalidad número 800/83, promovido por don José María Ruiz Gallardón, comisionado por 54 Diputados, contra el texto definitivo del Proyecto de Ley Orgánica de Reforma del artículo 417 bis del Código Penal."
1983-12-10,295,1,BOE-A-1983-32410,PRESIDENCIA DEL GOBIERNO,estatal,Real Decreto,33287,33294,"Real Decreto 3039/1983, de 21 de septiembre, sobre traspaso de funciones y servicios del Estado a la Comunidad Autónoma de Extremadura en materia de cultura."
1983-12-10,295,1,BOE-A-1983-32411,PRESIDENCIA DEL GOBIERNO,estatal,Real Decreto,33294,33300,"Real Decreto 3040/1983, de 5 de octubre, sobre traspaso de funciones y servicios del Estado a la Comunidad Autónoma de las islas Baleares en materia de cultura."
1983-12-10,295,1,BOE-A-1983-32412,PRESIDENCIA DEL GOBIERNO,estatal,Corrección,33300,33300,"Corrección de errores del Real Decreto 2498/1983, de 20 de julio, sobre traspaso de funciones y servicios del Estado a la Comunidad Autónoma de Galicia en materia de vivienda rural."
1983-12-10,295,1,BOE-A-1983-32413,MINISTERIO DE ECONOMÍA Y HACIENDA,estatal,Orden,33300,33301,Orden de 6 de diciembre de 1983 por la que se determinan las Delegaciones de Hacienda Especiales.
1983-12-10,295,1,BOE-A-1983-32414,MINISTERIO DE TRABAJO Y SEGURIDAD SOCIAL,estatal,Orden,33301,33301,Orden de 28 de noviembre de 1983 por la que se dispone la asunción de competencias del Director general de Trabajo por el Subdirector general de Relaciones Laborales.
1983-12-10,295,1,BOE-A-1983-32415,MINISTERIO DE TRABAJO Y SEGURIDAD SOCIAL,estatal,Orden,33301,33301,Orden de 30 noviembre de 1983 por la que se regulan los derechos honoríficos de los funcionarios de la Seguridad Social.
1983-12-12,296,1,BOE-A-1983-32524,PRESIDENCIA DEL GOBIERNO,estatal,Real Decreto,33381,33387,"Real Decreto 3065/1983, de 5 de octubre, sobre traspaso de funciones y servicios del Estado a la Comunidad Autónoma de Aragón en materia de cultura."
1983-12-12,296,1,BOE-A-1983-32525,PRESIDENCIA DEL GOBIERNO,estatal,Real Decreto,33387,33397,"Real Decreto 3066/1983, de 13 de octubre, sobre traspaso de funciones y servicios del Estado a la Generalidad Valenciana en materia de cultura."
1983-12-12,296,1,BOE-A-1983-32526,PRESIDENCIA DEL GOBIERNO,estatal,Real Decreto,33398,33398,"Real Decreto 3067/1983, de 9 de diciembre, por el que se modifican determinados requisitos exigidos para el ascenso en la Escala de Tierra del Arma de Aviación."
1983-12-12,296,1,BOE-A-1983-32527,PRESIDENCIA DEL GOBIERNO,estatal,Corrección,33398,33398,"Corrección de errores del Real Decreto 2499/1983, de 20 de julio, sobre traspaso de funciones y servicios del Estado a la Comunidad Autónoma de Andalucía en materia de vivienda rural."
1983-12-12,296,1,BOE-A-1983-32528,MINISTERIO DE ECONOMÍA Y HACIENDA,estatal,Orden,33398,33399,Orden de 7 de diciembre de 1983 sobre fijación del derecho compensatorio variable para la importación de productos sometidos a este régimen.
1983-12-12,296,1,BOE-A-1983-32529,MINISTERIO DE ECONOMÍA Y HACIENDA,estatal,Orden,33399,33401,Orden de 7 de diciembre de 1983 sobre fijación del derecho regulador para la importación de productos sometidos a este régimen.
1983-12-13,297,1,BOE-A-1983-32585,PRESIDENCIA DEL GOBIERNO,estatal,Real Decreto,33477,33482,"Real Decreto 3068/1983 de 26 de octubre, sobre valoración definitiva, ampliación de medios adscritos a los servicios traspasados y adaptación de los transferidos en fase preautonómica a la Comunidad Autónoma de Aragón en materia de transportes terrestres."
1983-12-13,297,1,BOE-A-1983-32586,PRESIDENCIA DEL GOBIERNO,estatal,Real Decreto,33482,33486,"Real Decreto 3069/1983, de 2 de noviembre, sobre valoración definitiva, ampliación de medios adscritos a los servicios traspasados y adaptación de los transferidos en fase preautonómica a la Comunidad Autónoma de Castilla-La Mancha en materia de transportes terrestres."
1983-12-13,297,1,BOE-A-1983-32587,PRESIDENCIA DEL GOBIERNO,estatal,Real Decreto,33487,33493,"Real Decreto 3070/1983, de 2 de noviembre, sobre valoración definitiva, ampliación de medios adscritos a los servicios traspasados y adaptación de los transferidos a la Comunidad Valenciana en materia de disciplina del mercado."
1983-12-13,297,1,BOE-A-1983-32588,PRESIDENCIA DEL GOBIERNO,estatal,Corrección,33493,33493,"Corrección de errores del Real Decreto 2500/1983, de 20 de julio, sobre traspaso de funciones y servicios del Estado a la Comunidad Valenciana en materia de vivienda rural."
1983-12-13,297,1,BOE-A-1983-32589,MINISTERIO DE ECONOMÍA Y HACIENDA,estatal,Orden,33493,33494,"Orden de 5 de diciembre de 1983 por la que se desarrollan las disposiciones del Real Decreto-ley 5/1983, de 1 de septiembre, sobre medidas respecto a los daños producidos por las inundaciones en el País Vasco, Cantabria, Asturias, Burgos y Navarra."
1983-12-13,297,1,BOE-A-1983-32590,MINISTERIO DE ECONOMÍA Y HACIENDA,estatal,Resolución,33494,33494,"Resolución de 5 de diciembre de 1983, de la Dirección General de Comercio Interior, sobre los márgenes comerciales máximos de detallista para venta de cuartos congelados de regulación de vacuno añojo."
1983-12-13,297,1,BOE-A-1983-32591,"MINISTERIO DE AGRICULTURA, PESCA Y ALIMENTACIÓN",estatal,Orden,33494,33494,Orden de 5 de diciembre de 1983 por la que se modifica la prohibición de importación de suinos y productos derivados de los mismos procedentes de Italia.
1983-12-14,298,1,BOE-A-1983-32648,PRESIDENCIA DEL GOBIERNO,estatal,Real Decreto,33576,33582,"Real Decreto 3079/1983, de 26 de octubre, sobre traspasos de funciones y servicios del Estado a la Comunidad Autónoma de Cantabria en materia de turismo."
1983-12-14,298,1,BOE-A-1983-32649,PRESIDENCIA DEL GOBIERNO,estatal,Real Decreto,33582,33587,"Real Decreto 3080/1983, de 2 de noviembre, sobre traspaso de funciones y servicios del Estado a la Comunidad Autónoma de Murcia en materia de turismo."
1983-12-14,298,1,BOE-A-1983-32650,PRESIDENCIA DEL GOBIERNO,estatal,Corrección,33587,33587,"Corrección de errores del Real Decreto 2501/1983, de 20 de julio, sobre traspaso de funciones y servicios del Estado a la Comunidad Autónoma de Aragón en materia de vivienda rural."
1983-12-14,298,1,BOE-A-1983-32651,PRESIDENCIA DEL GOBIERNO,estatal,Orden,33587,33587,Orden de 12 de diciembre de 1983 por la que se revisan las tarifas del «Boletín Oficial del Estado».
1983-12-14,298,1,BOE-A-1983-32652,MINISTERIO DE DEFENSA,estatal,Corrección,33587,33588,"Corrección de errores del Real Decreto 2945/1983, de 9 de noviembre, por el que se aprueban las Reales Ordenanzas del Ejército de Tierra."
1983-12-14,298,1,BOE-A-1983-32653,MINISTERIO DE ECONOMÍA Y HACIENDA,estatal,Orden,33589,33589,"Orden de 7 de diciembre de 1983 sobre índices de precios de mano de obra y materiales de la construcción correspondientes a los meses de agosto y septiembre de 1983, aplicables a la revisión de precios de contratos de obras del Estado."
1983-12-15,299,1,BOE-A-1983-32829,JEFATURA DEL ESTADO,estatal,Otras,33714,33724,"Instrumento de ratificación de 22 de octubre de 1982 del Convenio entre España e Italia en materia de Seguridad Social y el Acuerdo Administrativo para su aplicación, hechos en Madrid el 30 de octubre de 1979."
1983-12-15,299,1,BOE-A-1983-32830,PRESIDENCIA DEL GOBIERNO,estatal,Corrección,33724,33724,"Corrección de errores del Real Decreto 2502/1983, de 28 de julio, sobre traspaso de funciones y servicios del Estado a la Comunidad Autónoma de Asturias en materia de vivienda rural."
1983-12-16,300,1,BOE-A-1983-32931,PRESIDENCIA DEL GOBIERNO,estatal,Corrección,33811,33811,"Corrección de errores del Real Decreto 2503/1983, de 28 de julio, sobre traspaso de funciones y servicios del Estado a la Comunidad Autónoma de la Región de Murcia en materia de vivienda rural."
1983-12-16,300,1,BOE-A-1983-32932,MINISTERIO DE ECONOMÍA Y HACIENDA,estatal,Orden,33811,33813,Orden de 7 de diciembre de 1983 por la que se regula la distribución entre los Ayuntamientos de la isla de Tenerife de su participación en los ingresos por arbitrios insulares.
1983-12-16,300,1,BOE-A-1983-32933,"MINISTERIO DE AGRICULTURA, PESCA Y ALIMENTACIÓN",estatal,Orden,33813,33813,"Orden de 5 de diciembre de 1983, complementaria de la del 29 de abril, por la que se dictan normas sobre transporte a granel de los productos y subproductos de origen animal con destino a piensos."
1983-12-17,301,1,BOE-A-1983-33050,PRESIDENCIA DEL GOBIERNO,estatal,Corrección,33907,33907,"Corrección de errores del Real Decreto 2504/1983, de 28 de julio, sobre traspaso de funciones y servicios del Estado a la Comunidad Autónoma de Extremadura en materia de vivienda rural."
1983-12-17,301,1,BOE-A-1983-33051,MINISTERIO DE DEFENSA,estatal,Real Decreto,33907,33907,"Real Decreto 3097/1983, de 14 de diciembre, por el que se establecen las vacantes fijas que han de producirse durante el año naval 1983-84 para la aplicación de la Ley 78/1968."
1983-12-17,301,1,BOE-A-1983-33052,MINISTERIO DE ECONOMÍA Y HACIENDA,estatal,Orden,33907,33908,Orden de 15 de diciembre de 1983 sobre fijación del derecho compensatorio variable para la importación de productos sometidos a este régimen.
1983-12-17,301,1,BOE-A-1983-33053,MINISTERIO DE ECONOMÍA Y HACIENDA,estatal,Orden,33908,33910,Orden de 15 de diciembre de 1983 sobre fijación del derecho regulador para la importación de productos sometidos a este régimen.
1983-12-17,301,1,BOE-A-1983-33054,"MINISTERIO DE AGRICULTURA, PESCA Y ALIMENTACIÓN",estatal,Resolución,33910,33911,"Resolución de 9 de diciembre de 1983, de la Dirección General de la Producción Agraria, por la que se actualizan las fechas iniciales de obligatoriedad de equipamiento de los tractores agrícolas con bastidores o cabinas homologados y los códigos preferentes aplicables en sus ensayos."
1983-12-19,302,1,BOE-A-1983-50096,PRESIDENCIA DEL GOBIERNO,estatal,Real Decreto,34003,34005,"Real Decreto 3023/1983, de 13 de octubre, sobre traspaso de funciones y servicios del Estado a la Comunidad Autónoma de La Rioja en materia de cultura. (Conclusión.)."
1983-12-19,302,1,BOE-A-1983-33182,MINISTERIO DE ASUNTOS EXTERIORES,estatal,Tratado o acuerdo internacional,34006,34006,"Canje de Notas constitutivo de acuerdo entre España y Estados Unidos de América, relativas a la jurisdicción sobre buques que utilizan el Louisiana Offshore Oil Port (Loop Inc.)."
1983-12-19,302,1,BOE-A-1983-33183,MINISTERIO DE ECONOMÍA Y HACIENDA,estatal,Corrección,34006,34006,"Corrección de erratas del Real Decreto 2926/1983, de 2 de noviembre, por el que se amplía y modifica la lista apéndice de bienes de equipo del Arancel de Aduanas."
1983-12-19,302,1,BOE-A-1983-33184,MINISTERIO DE ECONOMÍA Y HACIENDA,estatal,Resolución,34006,34006,"Resolución de 2 de diciembre de 1983, de la Dirección General de Exportación, por la que se complementa la de 28 de septiembre de la misma Dirección, relativa a las normas de campaña de aceituna de mesa para el año 1984."
1983-12-19,302,1,BOE-A-1983-33185,MINISTERIO DEL INTERIOR,estatal,Orden,34007,34007,"Orden de 6 de diciembre de 1983 por la que se modifican determinados artículos de la de 4 de mayo de 1979, que regula la composición y funciones de la Comisión Interministerial Permanente de Armas y Explosivos."
1983-12-19,302,1,BOE-A-1983-33186,MINISTERIO DE SANIDAD Y CONSUMO,estatal,Resolución,34007,34007,"Resolución de 2 de diciembre de 1983, de la Dirección General de Farmacia y Medicamentos, por la que se dictan normas sobre devolución de especialidades farmacéuticas que contienen estupefacientes de la Lista I del Convenio de Estupefacientes de 1961."
1983-12-20,303,1,BOE-A-1983-33320,MINISTERIO DE ASUNTOS EXTERIORES,estatal,Corrección,34101,34101,"Corrección de erratas del Reglamento número 24 sobre prescripciones uniformes relativas a la homologación de los vehículos equipados con motor diesel en lo que se refiere a las emisiones de contaminantes por el motor, anejo al Acuerdo de Ginebra de 20 de marzo de 1958, relativo a la adopción de condiciones uniformes de homologación y al reconocimiento recíproco de la homologación de equipos y piezas de vehículos de motor. Revisión 1 incorporando la serie de enmiendas 02 que entraron en vigor el 11 de febrero de 1980."
1983-12-20,303,1,BOE-A-1983-33321,MINISTERIO DE DEFENSA,estatal,Orden,34101,34101,"Orden 93/1983, de 15 de diciembre, por la que se asignan a la Secretaría General para asuntos de Personal y Acción Social las funciones de la extinguida Comisión Mixta de Servicios Civiles."
1983-12-20,303,1,BOE-A-1983-33322,MINISTERIO DE ECONOMÍA Y HACIENDA,estatal,Resolución,34101,34101,"Resolución de 15 de noviembre de 1983, de la Dirección General de Exportación, por la que se modifica el Registro Especial de Exportadores de Pescado y Cefalópodos Congelados."
1983-12-21,304,1,BOE-A-1983-33497,MINISTERIO DE ASUNTOS EXTERIORES,estatal,Corrección,34197,34197,Corrección de errores a la Orden de 25 de octubre de 1983 por la que se delegan atribuciones para la disposición de los gastos propios de los servicios del Ministerio y de la ordenación de los pagos correspondientes.
1983-12-21,304,1,BOE-A-1983-33498,MINISTERIO DE ECONOMÍA Y HACIENDA,estatal,Resolución,34197,34197,"Resolución de 29 de noviembre de 1983, de la Dirección General del Tesoro y Política Financiera, por la que se hacen públicas las características esenciales de la Deuda del Estado, interior y amortizable, formalizada en obligaciones del Estado, al 16,50 por 100, emitida en virtud de las autorizaciones contenidas en el Real Decreto 2168/1983, de 4 de agosto, y Orden ministerial de 2 de septiembre de 1983, a efectos de su contratación en las Bolsas Oficiales de Comercio."
1983-12-21,304,1,BOE-A-1983-33499,MINISTERIO DE ECONOMÍA Y HACIENDA,estatal,Resolución,34197,34197,"Resolución de 1 de diciembre de 1983, de la Dirección General del Tesoro y Política Financiera, por la que se aprueba la utilización de estados de contabilidad, impresos, formularios, así como cualquier otro documento relacionado con el Servicio recaudatorio en formatos y papel especiales de ordenador."
1983-12-22,305,1,BOE-A-1983-33665,JEFATURA DEL ESTADO,estatal,Ley,34289,34292,"Ley 24/1983, de 21 de diciembre, de medidas urgentes de saneamiento y regulación de las Haciendas Locales."
1983-12-22,305,1,BOE-A-1983-33666,PRESIDENCIA DEL GOBIERNO,estatal,Instrucción o circular,34292,34293,"Instrucción de 21 de diciembre de 1983, de la Secretaría de Estado para la Administración Pública, por la que se dictan normas sobre jornada y horario de trabajo, licencias y vacaciones del personal."
1983-12-22,305,1,BOE-A-1983-33667,MINISTERIO DE DEFENSA,estatal,Real Decreto,34293,34294,"Real Decreto 3125/1983, de 14 de diciembre, de medidas complementarias, para desarrollo de la Ley 20/1981, de 6 de julio de creación de la situación de Reserva Activa y fijación de las edades de retiro."
1983-12-22,305,1,BOE-A-1983-33668,MINISTERIO DE ECONOMÍA Y HACIENDA,estatal,Real Decreto,34294,34295,"Real Decreto 3126/1983, de 14 de diciembre, por el que se modifica el Estatuto Orgánico de la Función Recaudatoria y del Personal Recaudador del Ministerio de Hacienda."
1983-12-22,305,1,BOE-A-1983-33669,MINISTERIO DE INDUSTRIA Y ENERGÍA,estatal,Orden,34295,34296,Orden de 19 de diciembre de 1983 por la que se establece el valor de la prima adicional a la construcción naval en el caso de buques pesqueros.
1983-12-22,305,1,BOE-A-1983-33670,"MINISTERIO DE AGRICULTURA, PESCA Y ALIMENTACIÓN",estatal,Orden,34296,34296,"Orden de 15 de diciembre de 1983 sobre delegación de atribuciones del ilustrísimo señor Director general del Servicio Nacional de Productos Agrarios (SENPA) en los Secretarios Técnicos de la CAT, extinguida, de las provincias que se indican."
1983-12-22,305,1,BOE-A-1983-33671,MINISTERIO DE SANIDAD Y CONSUMO,estatal,Orden,34296,34298,Orden de 19 de diciembre de 1983 por la que se regula el desarrollo de la formación en atención primaria de salud de la especialidad de Medicina de Familia y Comunitaria.
1983-12-22,305,1,BOE-A-1983-33672,MINISTERIO DE SANIDAD Y CONSUMO,estatal,Resolución,34298,34298,"Resolución de 19 de diciembre de 1983, de la Secretaría General para el Consumo, sobre identificación de la fecha de fabricación de conservas vegetales y de pescado para el año 1984."
1983-12-23,306,1,BOE-A-1983-33716,MINISTERIO DE ECONOMÍA Y HACIENDA,estatal,Real Decreto,34336,34336,"Real Decreto 3131/1983, de 14 de diciembre, por el que se suprime el requisito del marcado de los sacos y talegas, importados temporalmente, exigido en el artículo 138 de las Ordenanzas de Aduanas."
1983-12-23,306,1,BOE-A-1983-33717,MINISTERIO DE OBRAS PÚBLICAS Y URBANISMO,estatal,Orden,34336,34347,"Orden de 12 de diciembre de 1983 por la que se aprueba la norma tecnológica de la edificación NTE-IET «Instalaciones de Electricidad, Centros de Transformación»."
1983-12-23,306,1,BOE-A-1983-33718,"MINISTERIO DE AGRICULTURA, PESCA Y ALIMENTACIÓN",estatal,Orden,34347,34349,Orden de 5 de diciembre de 1983 por la que se actualiza el anejo I de la Orden de 23 de junio de 1976.
1983-12-23,306,1,BOE-A-1983-33719,"MINISTERIO DE TRANSPORTES, TURISMO Y COMUNICACIONES",estatal,Orden,34350,34351,"Orden de 15 de diciembre de 1983 por la que se modifican los anexos 1 y 2 del Decreto 1675/1972, de 28 de junio, sobre las tarifas de EUROCONTROL."
1983-12-24,307,1,BOE-A-1983-33758,PRESIDENCIA DEL GOBIERNO,estatal,Real Decreto,34433,34446,"Real Decreto 3137/1983, de 25 de agosto, sobre traspaso de funciones y servicios a la Comunidad Autónoma de Andalucía en materia de puertos."
1983-12-24,307,1,BOE-A-1983-33759,PRESIDENCIA DEL GOBIERNO,estatal,Real Decreto,34446,34450,"Real Decreto 3138/1983, de 12 de octubre, de traspaso de funciones y servicios del Estado a la Comunidad Autónoma de Castilla-La Mancha en materia de reforma de estructuras comerciales."
1983-12-24,307,1,BOE-A-1983-33760,PRESIDENCIA DEL GOBIERNO,estatal,Real Decreto,34450,34453,"Real Decreto 3139/1983, de 2 de noviembre, sobre valoración definitiva y ampliación de medios adscritos a los servicios traspasados a la Junta de Andalucía en materia de Gabinetes Técnicos Provinciales del Instituto Nacional de Seguridad e Higiene en el Trabajo."
1983-12-24,307,1,BOE-A-1983-33761,PRESIDENCIA DEL GOBIERNO,estatal,Real Decreto,34453,34453,"Real Decreto 3140/1983, de 2 de noviembre, por el que se modifica el Real Decreto 3228/1982, de 15 de octubre, sobre transferencia de funciones y servicios de la Administración del Estado a la Comunidad Autónoma del País Vasco en materia de Mutualidades no integradas en la Seguridad Social."
1983-12-24,307,1,BOE-A-1983-33762,PRESIDENCIA DEL GOBIERNO,estatal,Real Decreto,34453,34456,"Real Decreto 3141/1983, de 9 de noviembre, sobre valoración definitiva y ampliación de medios adscritos a los servicios traspasados a la Comunidad Autónoma de Cantabria en materia de disciplina del mercado."
1983-12-24,307,1,BOE-A-1983-33763,MINISTERIO DE ECONOMÍA Y HACIENDA,estatal,Real Decreto,34457,34457,"Real Decreto 3142/1983, de 21 de diciembre, por el que se dispone la emisión de Deuda del Tesoro, interior y amortizable, en virtud de la autorización contenida en el artículo 23.6 de la Ley 9/1983."
1983-12-24,307,1,BOE-A-1983-33764,MINISTERIO DE ECONOMÍA Y HACIENDA,estatal,Orden,34457,34458,Orden de 22 de diciembre de 1983 sobre fijación del derecho compensatorio variable para la importación de productos sometidos a este régimen.
1983-12-24,307,1,BOE-A-1983-33765,MINISTERIO DE ECONOMÍA Y HACIENDA,estatal,Orden,34458,34460,Orden de 22 de diciembre de 1983 sobre fijación del derecho regulador para la importación de productos sometidos a este régimen.
1983-12-24,307,1,BOE-A-1983-33766,MINISTERIO DE INDUSTRIA Y ENERGÍA,estatal,Orden,34460,34460,Orden de 20 de diciembre de 1983 por la que se revisan las tarifas de inspección técnica de vehículos aplicables por las Entidades colaboradoras.
1983-12-24,307,1,BOE-A-1983-33767,MINISTERIO DE ADMINISTRACIÓN TERRITORIAL,estatal,Real Decreto,34460,34460,"Real Decreto 3143/1983, de 7 de diciembre, por el que se amplía el plazo establecido en la disposición transitoria segunda del Real Decreto 2656/1982, de 15 de octubre."
1983-12-27,309,1,BOE-A-1983-33885,JEFATURA DEL ESTADO,estatal,Ley,34577,34578,"Ley 25/1983, de 26 de diciembre, sobre incompatibilidades de altos cargos."
1983-12-27,309,1,BOE-A-1983-33886,JEFATURA DEL ESTADO,estatal,Ley,34578,34579,"Ley 26/1983, de 26 de diciembre, de coeficientes de Caja de los intermediarios financieros."
1983-12-27,309,1,BOE-A-1983-33887,CORTES GENERALES,estatal,Resolución,34579,34579,"Resolución de 13 de diciembre de 1983, del Congreso de los Diputados, por la que se ordena la publicación del acuerdo de convalidación del Real Decreto-ley 6/1983, de 23 de noviembre, sobre adquisición por el Estado de la totalidad de las acciones representativas del capital de «Autopista Concesionaria Astur-Leonesa, S. A.», y «Autopista del Atlántico, Concesionaria Española, S. A.»."
1983-12-27,309,1,BOE-A-1983-33888,CORTES GENERALES,estatal,Resolución,34579,34579,"Resolución de 13 de diciembre de 1983, del Congreso de los Diputados, por la que se ordena la publicación del acuerdo de convalidación del Real Decreto-ley 7/1983, de 23 de noviembre, sobre medidas urgentes para reparar los daños causados por las recientes inundaciones en determinados municipios de las provincias de Barcelona, Cádiz, Huelva, Sevilla y Valencia."
1983-12-27,309,1,BOE-A-1983-33889,PRESIDENCIA DEL GOBIERNO,estatal,Real Decreto,34579,34587,"Real Decreto 3149/1983, de 5 de octubre, sobre traspasos de funciones y servicios del Estado al Principado de Asturias en materia de cultura."
1983-12-27,309,1,BOE-A-1983-33890,PRESIDENCIA DEL GOBIERNO,estatal,Real Decreto,34588,34596,"Real Decreto 3150/1983, de 26 de octubre, sobre valoración definitiva, ampliación de medios adscritos a los servicios traspasados y adaptación de los transferidos en fase preautonómica a la Comunidad Autónoma de Extremadura en materia de cultura."
1983-12-27,309,1,BOE-A-1983-33891,PRESIDENCIA DEL GOBIERNO,estatal,Real Decreto,34597,34602,"Real Decreto 3151/1983, de 26 de octubre, sobre valoración definitiva, ampliación de medios adscritos a los servicios traspasados y adaptación de los transferidos en fase preautonómica a la Comunidad Autónoma de las islas Baleares en materia de cultura."
1983-12-27,309,1,BOE-A-1983-33892,PRESIDENCIA DEL GOBIERNO,estatal,Real Decreto,34603,34604,"Real Decreto 3152/1983, de 2 de noviembre, sobre valoración definitiva y ampliación de medios adscritos a los servicios traspasados a la Comunidad Autónoma de Aragón en materia de reforma de estructuras comerciales."
1983-12-27,309,1,BOE-A-1983-33893,PRESIDENCIA DEL GOBIERNO,estatal,Real Decreto,34604,34608,"Real Decreto 3153/1983, de 2 de noviembre, sobre traspaso de funciones y servicios del Estado a la Comunidad Autónoma de Canarias en materia de estudios de ordenación del territorio y medio ambiente."
1983-12-27,309,1,BOE-A-1983-33894,PRESIDENCIA DEL GOBIERNO,estatal,Real Decreto,34608,34609,"Real Decreto 3154/1983, de 2 de noviembre, sobre valoración definitiva y ampliación de medios adscritos a los servicios traspasados a la Comunidad de Castilla y León en materia de reforma de estructuras comerciales."
1983-12-27,309,1,BOE-A-1983-33895,PRESIDENCIA DEL GOBIERNO,estatal,Real Decreto,34610,34611,"Real Decreto 3155/1983, de 2 de noviembre, sobre valoración definitiva y ampliación de medios adscritos a los servicos traspasados a la Comunidad Autónoma de Galicia en materia de reforma y estructuras comerciales."
1983-12-27,309,1,BOE-A-1983-33896,PRESIDENCIA DEL GOBIERNO,estatal,Real Decreto,34611,34613,"Real Decreto 3156/1983, de 2 de noviembre, sobre valoración definitiva y ampliación de medios adscritos a los servicios traspasados al Principado de Asturias en materia de reforma de estructuras comerciales."
1983-12-27,309,1,BOE-A-1983-33897,PRESIDENCIA DEL GOBIERNO,estatal,Real Decreto,34613,34614,"Real Decreto 3157/1983, de 2 de noviembre, sobre valoración definitiva y ampliación de medios adscritos a los servicios traspasados a la Comunidad Valenciana en materia de reforma de estructuras comerciales."
1983-12-27,309,1,BOE-A-1983-33898,MINISTERIO DE ECONOMÍA Y HACIENDA,estatal,Orden,34614,34614,"Orden de 20 de diciembre de 1983 por la que se incrementa en 0,5 puntos el coeficiente de inversión de la Banca privada."
1983-12-27,309,1,BOE-A-1983-33899,MINISTERIO DE ECONOMÍA Y HACIENDA,estatal,Orden,34615,34615,Orden de 20 de diciembre de 1983 por la que se eleva el coeficiente de inversión de las Cajas de Ahorro.
1983-12-27,309,1,BOE-A-1983-33900,MINISTERIO DE ECONOMÍA Y HACIENDA,estatal,Orden,34615,34615,"Orden de 23 de diciembre de 1983 por la que se dispone la emisión de Deuda del Tesoro, interior y amortizable, por importe de 685.000 millones de pesetas para sustituir disposiciones realizadas por el Tesoro Público sobre el crédito concedido por el Banco de España durante el ejercicio de 1983."
1983-12-27,309,1,BOE-A-1983-33901,MINISTERIO DE ECONOMÍA Y HACIENDA,estatal,Orden,34615,34616,Orden de 26 de diciembre de 1983 sobre coeficientes de caja de los intermediarios financieros.
1983-12-27,309,1,BOE-A-1983-33902,MINISTERIO DE ECONOMÍA Y HACIENDA,estatal,Resolución,34616,34616,"Resolución de 24 de diciembre de 1983, de la Dirección General del Tesoro y Política Financiera, por la que se dispone la celebración de una subasta extraordinaria de pagarés del Tesoro el día 29 de diciembre de 1983."
1983-12-28,310,1,BOE-A-1983-33954,JEFATURA DEL ESTADO,estatal,Ley Orgánica,34674,34674,"Ley Orgánica 14/1983, de 12 de diciembre, por la que se desarrolla el artículo 17.3 de la Constitución en materia de asistencia letrada al detenido y al preso y modificación de los artículos 520 y 527 de la Ley de Enjuiciamiento Criminal."
1983-12-28,310,1,BOE-A-1983-33955,JEFATURA DEL ESTADO,estatal,Ley,34674,34675,"Ley 27/1983, de 12 de diciembre, sobre concesión de un crédito extraordinario de 5.865.497.150 pesetas para satisfacer los gastos de las elecciones locales 1983 para todo el Estado, de las Comunidades Autónomas de Madrid, Cantabria, La Rioja, Canarias, Principado de Asturias, Murcia, Valencia, Castilla y León, Navarra, Baleares, Extremadura, Castilla-La Mancha y Aragón, y parciales al Senado por Barcelona."
1983-12-28,310,1,BOE-A-1983-33956,JEFATURA DEL ESTADO,estatal,Ley,34675,34676,"Ley 28/1983, de 12 de diciembre, de concurrencia de España al octavo aumento de cuotas del Fondo Monetario Internacional."
1983-12-28,310,1,BOE-A-1983-33957,JEFATURA DEL ESTADO,estatal,Ley,34676,34676,"Ley 29/1983, de 12 de diciembre, sobre jubilación de Notarios, Agentes de Cambio y Bolsa y Corredores Colegiados de Comercio."
1983-12-28,310,1,BOE-A-1983-33958,TRIBUNAL CONSTITUCIONAL,estatal,Resolución judicial,34676,34676,"Conflicto positivo de competencia número 816/1983, planteado por el Gobierno Vasco en relación con el Real Decreto 2099/1983, de 4 de agosto."
1983-12-28,310,1,BOE-A-1983-33959,TRIBUNAL CONSTITUCIONAL,estatal,Resolución judicial,34677,34677,"Conflicto positivo de competencia número 810/1983, planteado por el Consejo Ejecutivo de la Generalidad de Cataluña, en relación con determinados artículos del Real Decreto 2099/1983, de 4 de agosto."
1983-12-28,310,1,BOE-A-1983-33960,PRESIDENCIA DEL GOBIERNO,estatal,Real Decreto,34677,34680,"Real Decreto 3172/1983, de 9 de noviembre, de traspaso de funciones y servicios del Estado a la Comunidad Autónoma de Canarias en materia de reforma de estructuras comerciales."
1983-12-28,310,1,BOE-A-1983-33961,PRESIDENCIA DEL GOBIERNO,estatal,Real Decreto,34681,34683,"Real Decreto 3173/1983, de 9 de noviembre, de traspaso de funciones y servicios del Estado a la Comunidad Autónoma de Canarias en materia de intervención de precios."
1983-12-28,310,1,BOE-A-1983-33962,PRESIDENCIA DEL GOBIERNO,estatal,Real Decreto,34683,34686,"Real Decreto 3174/1983, de 9 de noviembre, de traspaso de funciones y servicios del Estado a la Comunidad Autónoma de Canarias en materia de ferias interiores, comercio interior y Cámaras de Comercio, Industria y Navegación."
1983-12-28,310,1,BOE-A-1983-33963,PRESIDENCIA DEL GOBIERNO,estatal,Real Decreto,34687,34689,"Real Decreto 3175/1983, de 16 de noviembre, sobre valoración definitiva y ampliación de medios adscritos a los servicios traspasados a la Comunidad Autónoma de la Región de Murcia en materia de disciplina del mercado."
1983-12-28,310,1,BOE-A-1983-33964,PRESIDENCIA DEL GOBIERNO,estatal,Real Decreto,34690,34692,"Real Decreto 3176/1983, de 16 de noviembre, por el que se aprueba la Reglamentación Técnico-Sanitaria para la Elaboración, Circulación y Comercio de Especies Vegetales para Infusiones de uso en Alimentación."
1983-12-28,310,1,BOE-A-1983-33965,PRESIDENCIA DEL GOBIERNO,estatal,Real Decreto,34692,34696,"Real Decreto 3177/1983, de 16 de noviembre, por el que se aprueba la reglamentación técnico-sanitaria de aditivos alimentarios."
1983-12-28,310,1,BOE-A-1983-33966,MINISTERIO DE DEFENSA,estatal,Real Decreto,34696,34697,"Real Decreto 3178/1983, de 21 de diciembre, por el que se modifica el Real Decreto 216/1981, de 5 de febrero, por el que se crean los Juzgados Togados Militares Permanentes de Instrucción."
1983-12-28,310,1,BOE-A-1983-33967,MINISTERIO DE OBRAS PÚBLICAS Y URBANISMO,estatal,Orden,34697,34705,"Orden de 12 de diciembre de 1983 por la que se revisa la norma tecnológica de la edificación NTE-EHS, «Estructuras de hormigón armado. Soportes»."
1983-12-28,310,1,BOE-A-1983-33968,"MINISTERIO DE TRANSPORTES, TURISMO Y COMUNICACIONES",estatal,Orden,34706,34706,"Orden de 19 de diciembre de 1983 por la que se modifica la de 29 de diciembre de 1982, que desarrolla el Real Decreto 2945/1982, de 4 de junio, sobre compensaciones al transporte de mercancías con origen o destino a las islas Canarias."
1983-12-28,310,1,BOE-A-1983-33969,"MINISTERIO DE TRANSPORTES, TURISMO Y COMUNICACIONES",estatal,Orden,34706,34706,Orden de 20 de diciembre de 1983 por la que se modifican los artículos 21 y 23 de los Estatutos del Colegio Oficial de Ingenieros de Telecomunicación.
1983-12-28,310,1,BOE-A-1983-33970,MINISTERIO DE SANIDAD Y CONSUMO,estatal,Real Decreto,34706,34708,"Real Decreto 3179/1983, de 23 de noviembre, por el que se regula el suministro, la distribución, prescripción y control de la administración de la vacuna contra la hepatitis B."
1983-12-29,311,1,BOE-A-1983-34079,JEFATURA DEL ESTADO,estatal,Ley,34770,34774,"Ley 30/1983, de 28 de diciembre, reguladora de la cesión de tributos del Estado a las Comunidades Autónomas."
1983-12-29,311,1,BOE-A-1983-34080,JEFATURA DEL ESTADO,estatal,Ley,34774,34774,"Ley 31/1983, de 28 de diciembre, reguladora de la cesión de tributos a la Comunidad Autónoma de Galicia."
1983-12-29,311,1,BOE-A-1983-34081,JEFATURA DEL ESTADO,estatal,Ley,34774,34775,"Ley 32/1983, de 28 de diciembre, reguladora de la cesión de tributos a la Comunidad Autónoma de Andalucía."
1983-12-29,311,1,BOE-A-1983-34082,JEFATURA DEL ESTADO,estatal,Ley,34775,34776,"Ley 33/1983, de 28 de diciembre, reguladora de la cesión de tributos a la Comunidad Autónoma de Asturias."
1983-12-29,311,1,BOE-A-1983-34083,JEFATURA DEL ESTADO,estatal,Ley,34776,34776,"Ley 34/1983, de 28 de diciembre, reguladora de la Cesión de Tributos a la Comunidad Autónoma de Cantabria."
1983-12-29,311,1,BOE-A-1983-34084,JEFATURA DEL ESTADO,estatal,Ley,34776,34777,"Ley 35/1983, de 28 de diciembre, reguladora de la cesión de tributos a la Comunidad Autónoma de La Rioja."
1983-12-29,311,1,BOE-A-1983-34085,JEFATURA DEL ESTADO,estatal,Ley,34777,34778,"Ley 36/1983, de 28 de diciembre, reguladora de la cesión de tributos a la Comunidad Autónoma de Murcia."
1983-12-29,311,1,BOE-A-1983-34086,JEFATURA DEL ESTADO,estatal,Ley,34778,34779,"Ley 37/1983, de 28 de diciembre, reguladora de la cesión de tributos a la Comunidad Autónoma Valenciana."
1983-12-29,311,1,BOE-A-1983-34087,JEFATURA DEL ESTADO,estatal,Ley,34779,34779,"Ley 38/1983 ,de 28 de diciembre, reguladora de la cesión de tributos a la Comunidad Autónoma de Aragón."
1983-12-29,311,1,BOE-A-1983-34088,JEFATURA DEL ESTADO,estatal,Ley,34779,34780,"Ley 39/1983, de 28 de diciembre, reguladora de la cesión de tributos a la Comunidad Autónoma de Castilla-La Mancha."
1983-12-29,311,1,BOE-A-1983-34089,JEFATURA DEL ESTADO,estatal,Ley,34780,34781,"Ley 40/1983, de 28 de diciembre, reguladora de la cesión de tributos a la Comunidad Autónoma de Canarias."
1983-12-29,311,1,BOE-A-1983-34090,JEFATURA DEL ESTADO,estatal,Ley,34781,34781,"Ley 41/1983, de 28 de diciembre, reguladora de la cesión de tributos a la Comunidad Autónoma de Extremadura."
1983-12-29,311,1,BOE-A-1983-34091,JEFATURA DEL ESTADO,estatal,Ley,34782,34782,"Ley 42/1983, de 28 de diciembre, reguladora de la cesión de tributos de la Comunidad Autónoma de Madrid."
1983-12-29,311,1,BOE-A-1983-34092,JEFATURA DEL ESTADO,estatal,Ley,34782,34783,"Ley 43/1983, de 28 de diciembre, reguladora de la cesión de tributos a la Comunidad Autónoma de Castilla y León."
1983-12-29,311,1,BOE-A-1983-34093,TRIBUNAL CONSTITUCIONAL,estatal,Resolución judicial,34783,34783,"Recurso de inconstitucionalidad número 794/1983, planteado por el Gobierno Vasco contra varios artículos de la Ley Orgánica 1/1983, de 28 de agosto, de reforma universitaria."
1983-12-29,311,1,BOE-A-1983-34094,PRESIDENCIA DEL GOBIERNO,estatal,Real Decreto,34783,34790,"Real Decreto 3193/1983, de 26 de octubre, sobre valoración definitiva, ampliación de medios adscritos a los servicios traspasados y adaptación de los transferidos en fase preautonómica a la Comunidad Autónoma de la Región de Murcia en materia de cultura."
1983-12-29,311,1,BOE-A-1983-34095,PRESIDENCIA DEL GOBIERNO,estatal,Real Decreto,34790,34799,"Real Decreto 3194/1983, de 9 de noviembre, sobre valoración definitiva, ampliación de medios adscritos a los servicios traspasados y adaptación de los transferidos en fase preautonómica a la Comunidad Autónoma de Aragón en materia de cultura."
1983-12-29,311,1,BOE-A-1983-34096,PRESIDENCIA DEL GOBIERNO,estatal,Real Decreto,34799,34805,"Real Decreto 3195/1983, de 9 de noviembre, sobre valoración definitiva, ampliación de medios adscritos a los servicios traspasados y adaptación de los transferidos en fase preautonómica al Principado de Asturias en materia de cultura."
1983-12-29,311,1,BOE-A-1983-34097,PRESIDENCIA DEL GOBIERNO,estatal,Real Decreto,34805,34813,"Real Decreto 3196/1983, de 23 de noviembre, sobre valoración definitiva, ampliación de medios adscritos a los servicios traspasados y adaptación de los transferidos en fase preautonómica a la Generalidad Valenciana en materia de cultura."
1983-12-29,311,1,BOE-A-1983-34098,PRESIDENCIA DEL GOBIERNO,estatal,Corrección,34814,34814,"Corrección de errores de la Instrucción de 21 de diciembre de 1983, de la Secretaría de Estado para la Administración Pública, por la que se dictan normas sobre jornada y horario de trabajo, licencias y vacaciones del personal."
1983-12-29,311,1,BOE-A-1983-34099,MINISTERIO DE JUSTICIA,estatal,Orden,34814,34814,Orden de 31 de octubre de 1983 sobre organización y competencias de la Comisión Asesora de Libertad Religiosa.
1983-12-29,311,1,BOE-A-1983-34100,MINISTERIO DE ECONOMÍA Y HACIENDA,estatal,Real Decreto,34815,34816,"Real Decreto 3197/1983, de 7 de diciembre, por el que se crean, en las tarifas de licencia fiscal de actividades comerciales e industriales, nuevos epígrafes para actividades no clasificadas y se modifican los de otras."
1983-12-29,311,1,BOE-A-1983-34101,MINISTERIO DE ECONOMÍA Y HACIENDA,estatal,Real Decreto,34816,34823,"Real Decreto 3198/1983, de 14 de diciembre, por el que se introducen en el Arancel de Aduanas diversas modificaciones en distintas partidas arancelarias."
1983-12-29,311,1,BOE-A-1983-34102,MINISTERIO DE ECONOMÍA Y HACIENDA,estatal,Orden,34823,34823,"Orden de 28 de diciembre de 1983 por la que se modifica parcialmente el contenido de la Orden ministerial de 21 de julio de 1983 dictada en aplicación de lo dispuesto en la Ley 3/1983, de 29 de junio."
1983-12-29,311,1,BOE-A-1983-34103,MINISTERIO DE INDUSTRIA Y ENERGÍA,estatal,Orden,34823,34823,Orden de 19 de diciembre de 1983 por la que se modifican determinados aspectos de la Orden de 22 de junio de 1982 por la que se regulaba el cálculo de las compensaciones de la Oficina de Compensaciones de la Energía Eléctrica (OFICO) a las Empresas con explotaciones extrapeninsulares.
1983-12-30,312,1,BOE-A-1983-34167,JEFATURA DEL ESTADO,estatal,Ley,34866,34884,"Ley 44/1983, de 28 de diciembre, de Presupuestos Generales del Estado para 1984."
1983-12-30,312,1,BOE-A-1983-34168,JEFATURA DEL ESTADO,estatal,Ley,34885,34885,"Ley 45/1983, de 29 de diciembre, por la que se determinan los índices multiplicadores de los Cuerpos Unicos de la Carrera Judicial, de la Carrera Fiscal y del Secretariado de la Administración de Justicia."
1983-12-30,312,1,BOE-A-1983-34169,"MINISTERIO DE TRANSPORTES, TURISMO Y COMUNICACIONES",estatal,Orden,34885,34887,"Orden de 23 de diciembre de 1983 reguladora del régimen jurídico del otorgamiento, modificación y extinción de las autorizaciones de transporte público discrecional de mercancías por carretera."
1983-12-30,312,1,BOE-A-1983-34170,"MINISTERIO DE TRANSPORTES, TURISMO Y COMUNICACIONES",estatal,Orden,34887,34889,"Orden de 23 de diciembre de 1983 reguladora del régimen jurídico del otorgamiento, modificación y extinción de las autorizaciones de transporte público discrecional de viajeros por carretera."
1983-12-31,313,1,BOE-A-1983-34287,MINISTERIO DE ASUNTOS EXTERIORES,estatal,Real Decreto,34963,34963,"Real Decreto 3232/1983, de 21 de diciembre, por el que se crea la Delegación española en la Conferencia de Desarme Europeo, que comenzará en Estocolmo el 17 de enero de 1984."
1983-12-31,313,1,BOE-A-1983-34288,MINISTERIO DE DEFENSA,estatal,Orden,34963,34964,"Orden 96/1983, de 27 de diciembre, por la que se aprueba la tabla de disposiciones derogadas por el Real Decreto 2945/1983, de 9 de noviembre, por el que se aprueban las Reales Ordenanzas del Ejército de Tierra."
1983-12-31,313,1,BOE-A-1983-34289,MINISTERIO DE ECONOMÍA Y HACIENDA,estatal,Real Decreto,34964,34966,"Real Decreto 3233/1983, de 21 de diciembre por el que se establece el régimen de complementos de los miembros de las Carreras Judicial y Fiscal y de los funcionarios al servicio de la Administración de Justicia."
1983-12-31,313,1,BOE-A-1983-34290,MINISTERIO DE ECONOMÍA Y HACIENDA,estatal,Real Decreto,34966,34967,"Real Decreto 3234/1983, de 21 de diciembre, sobre modificaciones temporales de los derechos arancelarios aplicables a determinadas mercancías."
1983-12-31,313,1,BOE-A-1983-34291,MINISTERIO DE ECONOMÍA Y HACIENDA,estatal,Orden,34967,34968,"Orden de 14 de diciembre de 1983 por la que se define el concepto de usados que exigen la disposición preliminar tercera del arancel de Aduanas, caso 3.º, y el artículo 120 de las Ordenanzas para la importación libre de derechos por cambio de residencia de los automóviles de funcionarios españoles destinados en el extranejero."
1983-12-31,313,1,BOE-A-1983-34292,MINISTERIO DE ECONOMÍA Y HACIENDA,estatal,Orden,34968,34970,"Orden de 21 de diciembre de 1983 por la que se determinan los precios medios de vehículos previamente matriculados, a aplicar a las transmisiones que se verifiquen a partir de 1 de enero de 1984."
1983-12-31,313,1,BOE-A-1983-34293,MINISTERIO DE TRABAJO Y SEGURIDAD SOCIAL,estatal,Real Decreto,34970,34970,"Real Decreto 3235/1983, de 21 de diciembre, por el que se establece el calendario laboral para el año 1984."
1983-12-31,313,1,BOE-A-1983-34294,MINISTERIO DE TRABAJO Y SEGURIDAD SOCIAL,estatal,Real Decreto,34970,34970,"Real Decreto 3236/1983, de 21 de diciembre, por el que se prorroga la vigencia de la sección 1.ª del capítulo II del Real Decreto 1445/1982, de 23 de junio, que regula diversas medidas de fomento del empleo."
1983-12-31,313,1,BOE-A-1983-34295,MINISTERIO DE TRABAJO Y SEGURIDAD SOCIAL,estatal,Real Decreto,34970,34972,"Real Decreto 3237/1983, de 28 de diciembre, por el que se establece un subsidio de desempleo en favor de los trabajadores eventuales incluidos en el Régimen Especial Agrario de la Seguridad Social en sustitución del sistema de empleo comunitario."
1983-12-31,313,1,BOE-A-1983-34296,MINISTERIO DE TRABAJO Y SEGURIDAD SOCIAL,estatal,Real Decreto,34972,34973,"Real Decreto 3238/1983, de 28 de diciembre, por el que se fija el salario mínimo interprofesional para el año 1984."
1983-12-31,313,1,BOE-A-1983-34297,MINISTERIO DE TRABAJO Y SEGURIDAD SOCIAL,estatal,Real Decreto,34973,34974,"Real Decreto 3239/1983, de 28 de diciembre, por el que se establecen incentivos para fomentar la contratación de trabajadores mayores de cuarenta y cinco años."
1983-12-31,313,1,BOE-A-1983-34298,MINISTERIO DE TRABAJO Y SEGURIDAD SOCIAL,estatal,Orden,34974,34974,Orden de 22 de diciembre de 1983 por la que se suprimen diversos conceptos de acción social en la Administración de la Seguridad Social.
1983-12-31,313,1,BOE-A-1983-34299,MINISTERIO DE INDUSTRIA Y ENERGÍA,estatal,Orden,34974,34974,"Orden de 29 de diciembre de 1983 por la que se determina el valor del precio medio del KWh en el año 1983, a efectos del canon sobre la producción de energía eléctrica."
1983-12-31,313,1,BOE-A-1983-34300,"MINISTERIO DE AGRICULTURA, PESCA Y ALIMENTACIÓN",estatal,Real Decreto,34974,34975,"Real Decreto 3240/1983, de 21 de diciembre sobre construcción, modernización y reconversión de la Flota Pesquera, en su fase inicial, para el año 1984."
1983-12-31,313,1,BOE-A-1983-34301,"MINISTERIO DE TRANSPORTES, TURISMO Y COMUNICACIONES",estatal,Orden,34976,34976,Orden de 26 de diciembre de 1983 sobre fijación de coeficientes correctores a aplicar para la actualización de los módulos del Crédito Turístico.
1983-12-31,313,1,BOE-A-1983-34302,"MINISTERIO DE TRANSPORTES, TURISMO Y COMUNICACIONES",estatal,Orden,34976,34976,Orden de 28 de diciembre de 1983 por la que se establece una nueva equivalencia entre el franco oro y la peseta en función del derecho especial de giro para las transacciones internacionales de los servicios de telecomunicaciones.
1983-12-31,313,1,BOE-A-1983-34303,"MINISTERIO DE TRANSPORTES, TURISMO Y COMUNICACIONES",estatal,Orden,34976,34976,Orden de 29 de diciembre de 1983 de elevación de tarifas de los servicios públicos regulares de transporte de viajeros por carretera.
1983-12-31,313,1,BOE-A-1983-34304,"MINISTERIO DE TRANSPORTES, TURISMO Y COMUNICACIONES",estatal,Orden,34976,34977,Orden de 29 de diciembre de 1983 por la que se aprueba el aumento de tarifas de los servicios públicos discrecionales de transporte de viajeros por carretera de más de nueve plazas.
1983-12-31,313,1,BOE-A-1983-34305,"MINISTERIO DE TRANSPORTES, TURISMO Y COMUNICACIONES",estatal,Orden,34977,34978,Orden de 29 de diciembre de 1983 por la que se establecen nuevas tarifas en los servicios públicos discrecionales de transportes de mercancías por carretera contratados por camión completo.
1983-12-31,313,1,BOE-A-1983-34306,MINISTERIO DE ADMINISTRACIÓN TERRITORIAL,estatal,Real Decreto,34978,34979,"Real Decreto 3241/1983, de 14 de diciembre, por el que se regula la prestación de la asistencia sanitaria para el personal protegido por la Mutualidad Nacional de Previsión de la Administración Local."
1983-12-31,313,1,BOE-A-1983-34307,MINISTERIO DE SANIDAD Y CONSUMO,estatal,Orden,34979,34980,"Orden de 27 de diciembre de 1983 por la que se establece una nueva redacción de los artículos 16, 21, 26, 108 y 136 del Estatuto de Personal Auxiliar Sanitario Titulado y Auxiliar de Clínica de la Seguridad Social."
1983-12-31,313,1,BOE-A-1983-34308,MINISTERIO DE SANIDAD Y CONSUMO,estatal,Orden,34980,34981,"Orden de 27 de diciembre de 1983 por la que se establece una nueva redacción de los artículos 3, 26, 27, 28, 40, 58 y 60 del Estatuto de Personal no Sanitario al servicio de Instituciones Sanitarias de la Seguridad Social."
1983-12-31,313,1,BOE-A-1983-34309,MINISTERIO DE SANIDAD Y CONSUMO,estatal,Orden,34981,34982,Orden de 27 de diciembre de 1983 por la que se modifica el artículo 57 del Estatuto de Personal no Sanitario al Servicio de Instituciones Sanitarias de la Seguridad Social.
1983-12-31,313,1,BOE-A-1983-34310,MINISTERIO DE SANIDAD Y CONSUMO,estatal,Orden,34982,34982,"Orden de 27 de diciembre de 1983 por la que se modifica la de 7 de junio de 1983, que dio una nueva redacción al artículo 50 del Estatuto de Personal Auxiliar Sanitario Titulado y Auxiliar de Clínica."
