fecha,diario,seccion,id,departamento,ambito,tipo,pag_ini,pag_fin,titulo
1993-01-01,1,1,BOE-A-1993-1,MINISTERIO DE ECONOMÍA Y HACIENDA,estatal,Orden,4,4,Orden de 23 de diciembre de 1992 sobre transmisión a no residentes de valores con cupón corrido.
1993-01-01,1,1,BOE-A-1993-2,MINISTERIO DE RELACIONES CON LAS CORTES Y DE LA SECRETARÍA DEL GOBIERNO,estatal,Real Decreto,4,6,"Real Decreto 1631/1992, de 29 de diciembre sobre restricciones a la circulación de ciertos bienes y mercancías."
1993-01-01,1,1,BOE-A-1993-3,COMISIÓN NACIONAL DEL MERCADO DE VALORES,estatal,Instrucción o circular,6,33,"Circular 6/1992, de 30 de diciembre, de la Comisión Nacional del Mercado de Valores, sobre exigencias de recursos propios de Sociedades y Agencias de Valores y sus grupos consolidables."
1993-01-04,3,1,BOE-A-1993-51,PRESIDENCIA DEL GOBIERNO,estatal,Real Decreto,99,99,"Real Decreto 1621/1992, de 29 de diciembre, por el que se suprime la Comisión Delegada del Gobierno para los Juegos Olímpicos de Barcelona 1992."
1993-01-04,3,1,BOE-A-1993-52,MINISTERIO DE ECONOMÍA Y HACIENDA,estatal,Orden,99,99,"Orden de 21 de diciembre de 1992 sobre índices de precios de mano de obra y materiales de la construcción correspondientes a los meses de junio y julio de 1992, aplicables a la revisión de precios de contratos de obras del Estado."
1993-01-04,3,1,BOE-A-1993-53,MINISTERIO DE OBRAS PÚBLICAS Y TRANSPORTES,estatal,Orden,100,101,Orden de 29 de diciembre de 1992 por la que se regula la autorización de servicios aéreos intracomunitarios y el registro de sus tarifas.
1993-01-04,3,1,BOE-A-1993-54,"MINISTERIO DE INDUSTRIA, COMERCIO Y TURISMO",estatal,Orden,101,102,"Orden de 29 de diciembre de 1992 por la que se modifica la Orden de 27 de diciembre de 1991, por la que se dictan normas de inspección y control para los Centros de Inspección de Comercio Exterior (SOIVRE) dependientes del Ministerio de Industria, Comercio y Turismo."
1993-01-04,3,1,BOE-A-1993-55,"MINISTERIO DE INDUSTRIA, COMERCIO Y TURISMO",estatal,Resolución,102,114,"Resolución de 30 de diciembre de 1992, de la Dirección General de la Energía, por la que se fija para el año 1993 el calendario aplicable al sistema estacional tipo 5 de discriminación horaria en el sistema integrado peninsular y en los sistemas extrapeninsulares de Ceuta, Melilla, archipiélago balear y archipiélago canario."
1993-01-04,3,1,BOE-A-1993-56,"MINISTERIO DE INDUSTRIA, COMERCIO Y TURISMO",estatal,Resolución,115,115,"Resolución de 31 de diciembre de 1992, de la Dirección General de la Energía, por la que se hacen públicos los nuevos precios máximos de venta de gas natural para usos industriales."
1993-01-04,3,1,BOE-A-1993-57,MINISTERIO PARA LAS ADMINISTRACIONES PÚBLICAS,estatal,Real Decreto,115,116,"Real Decreto 1629/1992, de 29 de diciembre, por el que se extingue la Comisión Nacional para la Conmemoración del Quinto Centenario del Descubrimiento de América."
1993-01-04,3,1,BOE-A-1993-58,COMUNIDAD AUTÓNOMA DE CANARIAS,autonómico,Ley,116,118,"Ley 7/1992, de 25 de noviembre, de creación del Instituto Canario de Formación y Empleo."
1993-01-05,4,1,BOE-A-1993-148,TRIBUNAL CONSTITUCIONAL,estatal,Resolución judicial,161,161,"Conflicto positivo de competencia número 2.959/1992, planteado por el Consejo Ejecutivo de la Generalidad de Cataluña, en relación con dos Ordenes del Ministerio de Industria, Comercio y Turismo de 19 de agosto de 1992."
1993-01-05,4,1,BOE-A-1993-149,TRIBUNAL CONSTITUCIONAL,estatal,Resolución judicial,161,161,"Conflictos positivos de competencia acumulados, números 630 y 652/1988, planteados por el Gobierno Vasco y el Consejo Ejecutivo de la Generalidad de Cataluña, respectivamente, en relación con el Real Decreto 1492/1987, de 25 de noviembre."
1993-01-05,4,1,BOE-A-1993-150,TRIBUNAL CONSTITUCIONAL,estatal,Resolución judicial,161,161,Cuestión de inconstitucionalidad número 2.854/1992.
1993-01-05,4,1,BOE-A-1993-151,TRIBUNAL CONSTITUCIONAL,estatal,Resolución judicial,161,161,Cuestión de inconstitucionalidad número 2.971/1992.
1993-01-05,4,1,BOE-A-1993-152,TRIBUNAL CONSTITUCIONAL,estatal,Resolución judicial,161,161,Cuestión de inconstitucionalidad número 2.813/1992.
1993-01-05,4,1,BOE-A-1993-153,MINISTERIO DE ECONOMÍA Y HACIENDA,estatal,Real Decreto,161,163,"Real Decreto 1397/1992, de 20 de noviembre, de modificación del Real Decreto 1389/1988, de 18 de noviembre, de delimitación de la zona de promoción económica de Extremadura."
1993-01-05,4,1,BOE-A-1993-154,MINISTERIO DE EDUCACIÓN Y CIENCIA,estatal,Real Decreto,163,164,"Real Decreto 1424/1992, de 27 de noviembre, por el que se homologa el título de Ingeniero Industrial (especialidad de Química), del Instituto Químico de Sarriá, de la Universidad privada «Ramón Llull», de Barcelona."
1993-01-06,5,1,BOE-A-1993-314,JEFATURA DEL ESTADO,estatal,Corrección,301,304,"Corrección de errores de la Ley 39/1992, de 29 de diciembre, de Presupuestos Generales del Estado para 1993."
1993-01-06,5,1,BOE-A-1993-315,MINISTERIO DE EDUCACIÓN Y CIENCIA,estatal,Real Decreto,305,313,"Real Decreto 1427/1992. de 27 de noviembre, por el que se homologa el título de Diplomado en Relaciones Laborales, de la Escuela Universitaria de Relaciones Laborales de Vigo, adscrita a la Universidad de Vigo."
1993-01-06,5,1,BOE-A-1993-316,"MINISTERIO DE AGRICULTURA, PESCA Y ALIMENTACIÓN",estatal,Orden,314,316,Orden de 21 de diciembre de 1992 por la que se instrumenta la asignación de derechos individuales a la prima a los productores de ovino y caprino.
1993-01-07,6,1,BOE-A-1993-380,MINISTERIO DEL INTERIOR,estatal,Orden,336,337,Orden de 21 de diciembre de 1992 por la que se crea la Comisión de Coordinación de Publicidad y se desarrollan las competencias de la Dirección General de Relaciones Informativas y Sociales en Materia de Publicidad.
1993-01-07,6,1,BOE-A-1993-381,COMUNIDAD AUTÓNOMA DE CANARIAS,autonómico,Ley,337,339,"Ley 8/1992, de 4 de diciembre, por la que se modifica la Ley 5/1986, de 28 de julio, del Impuesto Especial de la Comunidad Autónoma de Canarias sobre combustibles derivados del petróleo, se establece un recargo transitorio para los ejercicios de 1992 a 1996 sobre el mismo y se autorizan determinadas modificaciones a los Presupuestos Generales de la Comunidad Autónoma de Canarias para 1992."
1993-01-08,7,1,BOE-A-1993-426,MINISTERIO DE ECONOMÍA Y HACIENDA,estatal,Orden,378,382,Orden de 30 de diciembre de 1992 sobre normas de solvencia de las Entidades de Crédito.
1993-01-08,7,1,BOE-A-1993-427,MINISTERIO DE ECONOMÍA Y HACIENDA,estatal,Resolución,382,382,"Resolución de 31 de diciembre de 1992, de la Dirección General de Seguros, por la que se publica la tasa interna de rendimiento a la que hace referencia la norma cuarta de la Orden de 28 de diciembre de 1992, sobre valoración de inversiones en valores negociables de renta fija por las entidades aseguradoras."
1993-01-08,7,1,BOE-A-1993-428,MINISTERIO DE OBRAS PÚBLICAS Y TRANSPORTES,estatal,Orden,383,387,Orden de 29 de diciembre de 1992 por la que se establecen las normas para la concesión y el mantenimiento de licencias de explotación a las compañías aéreas.
1993-01-09,8,1,BOE-A-1993-536,MINISTERIO DE ECONOMÍA Y HACIENDA,estatal,Instrucción o circular,473,473,"Circular 12/1992, de 23 de diciembre, del Departamento de Aduanas e Impuestos Especiales, sobre inclusión de mercancías de terceros países con carácter general, en el ámbito de autorización de la Circular 1.020."
1993-01-11,9,1,BOE-A-1993-618,"MINISTERIO DE INDUSTRIA, COMERCIO Y TURISMO",estatal,Orden,521,526,"Orden de 29 de diciembre de 1992, por la que se actualizan los anexos I y II de las normas para la aplicación de determinadas directivas de la CEE relativas a la homologación de tipos de vehículos automóviles, remolques y semirremolques, así como de partes y piezas de dichos vehículos."
1993-01-12,10,1,BOE-A-1993-688,JEFATURA DEL ESTADO,estatal,Real Decreto-ley,575,580,"Real Decreto-ley 1/1993, de 8 de enero, sobre medidas urgentes en materia de gastos de personal activo y concesión de un suplemento de crédito por importe de 80.027 millones de pesetas."
1993-01-12,10,1,BOE-A-1993-689,MINISTERIO DE ECONOMÍA Y HACIENDA,estatal,Orden,580,581,Orden de 30 de diciembre de 1992 por la que se ordena la elaboración de un cartón de 300 pesetas para el juego del Bingo y se dispone la suspensión de la fabricación del cartón de 200 pesetas.
1993-01-12,10,1,BOE-A-1993-690,MINISTERIO DE ECONOMÍA Y HACIENDA,estatal,Corrección,581,581,"Corrección de errores de la Orden de 29 de mayo de 1992 por la que se desarrolla parcialmente el Reglamento General de Recaudación, aprobado por Real Decreto 1684/1990, de 20 de diciembre, en relación con las Entidades de Depósito que prestan el servicio de colaboración en la gestión recaudatoria."
1993-01-12,10,1,BOE-A-1993-691,MINISTERIO DE EDUCACIÓN Y CIENCIA,estatal,Orden,581,586,"Orden de 10 de diciembre de 1992 por la que se regulan las pruebas de acceso a la Universidad de los alumnos que hayan cursado las enseñanzas de Bachillerato previstas en la Ley Orgánica 1/1990, de 3 de octubre, de Ordenación General del Sistema Educativo, durante el período de implantación anticipada de estas enseñanzas."
1993-01-12,10,1,BOE-A-1993-692,MINISTERIO DE EDUCACIÓN Y CIENCIA,estatal,Corrección,586,592,Corrección de erratas de la Orden de 22 de diciembre de 1992 por la que se dictan normas para la aplicación del régimen de conciertos eductivos a partir del curso académico 1993/1994.
1993-01-13,11,1,BOE-A-1993-821,JEFATURA DEL ESTADO,estatal,Corrección,768,768,"Corrección de erratas del Real Decreto-Ley 1/1993, de 8 de enero, sobre medidas urgentes en materia de gastos de personal activo y concesión de un suplemento de crédito por importe de 80.027.000.000 de pesetas."
1993-01-13,11,1,BOE-A-1993-822,MINISTERIO DE ECONOMÍA Y HACIENDA,estatal,Real Decreto,768,773,"Real Decreto 5/1993, de 8 de enero, sobre revalorización y complementos de pensiones de Clases Pasivas para 1993 y otras normas en materia de Clases Pasivas."
1993-01-13,11,1,BOE-A-1993-823,MINISTERIO DE ECONOMÍA Y HACIENDA,estatal,Corrección,774,774,Corrección de errores de la Orden de 2 de diciembre de 1992 por la que se dictan normas sobre zonas y depósitos francos.
1993-01-13,11,1,BOE-A-1993-824,MINISTERIO DE ECONOMÍA Y HACIENDA,estatal,Resolución,774,778,"Resolución de 12 de enero de 1993, de la Secretaría de Estado de Hacienda, por la que se dictan instrucciones en relación con las nóminas para el año 1993 de los funcionarios públicos incluidos en el ámbito de aplicación de la Ley 30/1984, de 2 de agosto."
1993-01-13,11,1,BOE-A-1993-825,MINISTERIO DE EDUCACIÓN Y CIENCIA,estatal,Orden,778,779,"Orden de 22 de diciembre de 1992 por la que se establecen las titulaciones y estudios previos del primer ciclo, así como los complementos de formación con los que se puede acceder a las enseñanzas de segundo ciclo, conducentes a la obtención del título oficial de Ingeniero en Electrónica."
1993-01-13,11,1,BOE-A-1993-826,MINISTERIO DE EDUCACIÓN Y CIENCIA,estatal,Orden,779,779,"Orden de 22 de diciembre de 1992 por la que se establecen las titulaciones y estudios previos del primer ciclo, así como los complementos de formación con los que se puede acceder a las enseñanzas de segundo ciclo, conducentes a la obtención del título oficial de Licenciado en Náutica y Transporte Marítimo."
1993-01-13,11,1,BOE-A-1993-827,MINISTERIO DE EDUCACIÓN Y CIENCIA,estatal,Orden,779,780,"Orden de 22 de diciembre de 1992 por la que se establecen las titulaciones y estudios previos del primer ciclo, así como los complementos de formación con los que se puede acceder a las enseñanzas de segundo ciclo conducentes a la obtención del título oficial de Licenciado en Lingüística."
1993-01-13,11,1,BOE-A-1993-828,MINISTERIO DE EDUCACIÓN Y CIENCIA,estatal,Orden,780,780,"Orden de 22 de diciembre de 1992 por la que se establecen las titulaciones y estudios previos del primer ciclo, así como los complementos de formación con los que se puede acceder a las enseñanzas de segundo ciclo conducentes a la obtención del título oficial de Licenciado en Radioelectrónica Naval."
1993-01-13,11,1,BOE-A-1993-829,MINISTERIO DE EDUCACIÓN Y CIENCIA,estatal,Orden,780,781,"Orden de 22 de diciembre de 1992 por la que se establecen las titulaciones y estudios previos del primer ciclo, así como los complementos de formación con los que se puede acceder a las enseñanzas de segundo ciclo conducentes a la obtención del título oficial de Licenciado en Psicopedagogía."
1993-01-13,11,1,BOE-A-1993-830,MINISTERIO DE EDUCACIÓN Y CIENCIA,estatal,Orden,781,781,"Orden de 22 de diciembre de 1992 por la que se establecen las titulaciones y estudios previos del primer ciclo, así como los complementos de formación con los que se puede acceder a las enseñanzas de segundo ciclo conducentes a la obtención del título oficial de Licenciado en Máquinas Navales."
1993-01-13,11,1,BOE-A-1993-831,MINISTERIO DE EDUCACIÓN Y CIENCIA,estatal,Orden,781,781,"Orden de 22 de diciembre de 1992 por la que se establecen las titulaciones y estudios previos del primer ciclo, así como los complementos de formación con los que se puede acceder a las enseñanzas de segundo ciclo conducentes a la obtención del título oficial de Licenciado en Documentación."
1993-01-13,11,1,BOE-A-1993-832,MINISTERIO DE EDUCACIÓN Y CIENCIA,estatal,Orden,781,782,"Orden de 22 de diciembre de 1992 por la que se establecen las titulaciones y estudios previos del primer ciclo, así como los complementos de formación con los que se puede acceder a las enseñanzas de segundo ciclo conducentes a la obtención del título oficial de Licenciado en Antropología Social y Cultural."
1993-01-13,11,1,BOE-A-1993-833,MINISTERIO DE EDUCACIÓN Y CIENCIA,estatal,Orden,782,782,"Orden de 22 de diciembre de 1992 por la que se establecen las titulaciones y estudios previos del primer ciclo, así como los complementos de formación con los que se puede acceder a las enseñanzas de segundo ciclo conducentes a la obtención del título oficial de Licenciado en Bioquímica."
1993-01-13,11,1,BOE-A-1993-834,MINISTERIO DE TRABAJO Y SEGURIDAD SOCIAL,estatal,Real Decreto,782,789,"Real Decreto 6/1993, de 8 de enero, sobre revalorización de pensiones del sistema de la Seguridad Social y de otras prestaciones de protección social pública para 1993."
1993-01-13,11,1,BOE-A-1993-835,MINISTERIO PARA LAS ADMINISTRACIONES PÚBLICAS,estatal,Real Decreto,789,793,"Real Decreto 7/1993, de 8 de enero, de revalorización de pensiones de la Mutualidad Nacional de Previsión de la Administración Local para 1993."
1993-01-13,11,1,BOE-A-1993-836,MINISTERIO DE RELACIONES CON LAS CORTES Y DE LA SECRETARÍA DEL GOBIERNO,estatal,Real Decreto,793,801,"Real Decreto 1408/1992, de 20 de noviembre, por el que se aprueba la Reglamentación Técnico-Sanitaria Específica de los preparados para lactantes y preparados de continuación."
1993-01-13,11,1,BOE-A-1993-837,MINISTERIO DE RELACIONES CON LAS CORTES Y DE LA SECRETARÍA DEL GOBIERNO,estatal,Real Decreto,801,808,"Real Decreto 1436/1992, de 27 de noviembre, por el que se aprueba la Reglamentación Técnico-Sanitaria por la que se establecen los requisitos relativos a la producción y a los intercambios intracomunitarios de carnes picadas, de carnes en trozos de menos de 100 gramos y de preparados de carnes destinados al consumo humano directo o a la industria y por el que se modifican las Normas Técnico-Sanitarias y la Reglamentación Técnico-Sanitaria aprobadas, respectivamente, por los Reales Decretos 1728/1987, de 23 de diciembre y 644/1989, de 19 de mayo."
1993-01-13,11,1,BOE-A-1993-838,MINISTERIO DE RELACIONES CON LAS CORTES Y DE LA SECRETARÍA DEL GOBIERNO,estatal,Real Decreto,808,820,"Real Decreto 1437/1992, de 27 de noviembre, por el que se fijan las normas sanitarias aplicables a la producción y comercialización de los productos pesqueros y de la acuicultura."
1993-01-14,12,1,BOE-A-1993-967,MINISTERIO DE OBRAS PÚBLICAS Y TRANSPORTES,estatal,Real Decreto,942,942,"Real Decreto 1563/1992, de 18 de diciembre, por el que se modifica el Real Decreto 2076/1979, de 20 de julio, y se establecen las condiciones que deben cumplir las viviendas terminadas o en construccción que se acojan al régimen de viviendas de protección oficial."
1993-01-14,12,1,BOE-A-1993-968,MINISTERIO DE EDUCACIÓN Y CIENCIA,estatal,Orden,942,943,"Orden de 16 de diciembre de 1992 por la que se aprueban determinados proyectos editoriales para Educación Primaria y se autoriza el uso de los materiales curriculares correspondientes, en Centros docentes públicos y privados."
1993-01-14,12,1,BOE-A-1993-969,"MINISTERIO DE INDUSTRIA, COMERCIO Y TURISMO",estatal,Orden,943,945,Orden de 13 de enero de 1993 por la que se establecen tarifas eléctricas.
1993-01-14,12,1,BOE-A-1993-970,"MINISTERIO DE AGRICULTURA, PESCA Y ALIMENTACIÓN",estatal,Orden,945,945,"Orden de 12 de enero de 1993 por la que se modifica el artículo 6.º de la Orden de 21 de diciembre de 1992, por la que se instrumenta la asignación de derechos individuales a la prima a los productores de ovino y caprino."
1993-01-15,13,1,BOE-A-1993-1060,MINISTERIO DE OBRAS PÚBLICAS Y TRANSPORTES,estatal,Orden,1071,1071,"Orden de 11 de enero de 1993 por la que se fijan los precios máximos de venta de las viviendas sociales para el trimestre natural de enero, febrero y marzo de 1993."
1993-01-15,13,1,BOE-A-1993-1061,MINISTERIO DE CULTURA,estatal,Corrección,1071,1072,"Corrección de errores del Real Decreto 1434/1992, de 27 de noviembre, de desarrollo de los artículos 24, 25 y 140 de la Ley 22/1987, de 11 de noviembre, de Propiedad Intelectual, en la versión dada a los mismos por la Ley 20/1992, de 7 de julio."
1993-01-16,14,1,BOE-A-1993-1173,MINISTERIO DE ECONOMÍA Y HACIENDA,estatal,Real Decreto,1164,1164,"Real Decreto 43/1993, de 15 de enero, por el que se dispone la creación de Deuda del Estado durante 1993."
1993-01-16,14,1,BOE-A-1993-1174,MINISTERIO DE ECONOMÍA Y HACIENDA,estatal,Corrección,1164,1164,"Corrección de erratas del Real Decreto 1623/1992, de 29 de diciembre, por el que se desarrollan determinados preceptos de la Ley 38/1992, de 28 de diciembre, de Impuestos Especiales, y se atribuyen competencias en materia de gestión, recaudación, comprobación e investigación en relación con el Impuesto Especial sobre determinados Medios de Transporte."
1993-01-16,14,1,BOE-A-1993-1175,MINISTERIO DE TRABAJO Y SEGURIDAD SOCIAL,estatal,Real Decreto,1165,1166,"Real Decreto 44/1993, de 15 de enero, por el que se fija el salario mínimo interprofesional para 1993."
1993-01-16,14,1,BOE-A-1993-1176,MINISTERIO DE TRABAJO Y SEGURIDAD SOCIAL,estatal,Resolución,1166,1167,"Resolución de 29 de diciembre de 1992, de la Secretaría General para la Seguridad Social, por la que se aprueba la adaptación del Plan General de Contabilidad del Sistema de la Seguridad Social a las Entidades gestoras y Servicios comunes de la misma y se acuerda su aplicación a partir del día 1 de enero de 1993."
1993-01-16,14,1,BOE-A-1993-1177,"MINISTERIO DE AGRICULTURA, PESCA Y ALIMENTACIÓN",estatal,Real Decreto,1167,1175,"Real Decreto 1430/1992, de 27 de noviembre, por el que se establecen los principios relativos a la organización de controles veterinarios y de identidad de los animales que se introduzcan en la Comunidad procedentes de países terceros."
1993-01-16,14,1,BOE-A-1993-1178,COMUNIDAD AUTÓNOMA DE MADRID,autonómico,Ley,1175,1175,"Ley 7/1992, de 4 de noviembre, de Renovación de los órganos de gobierno de la Caja de Ahorros y Monte de Piedad de Madrid."
1993-01-18,15,1,BOE-A-1993-1198,MINISTERIO DE ECONOMÍA Y HACIENDA,estatal,Resolución,1196,1196,"Resolución de 13 de enero de 1993, de la Delegación del Gobierno en la «Compañía Arrendataria del Monopolio de Petróleos, Sociedad Anónima», por la que se determinan los precios máximos de venta al público de gasolinas y gasóleos, aplicables en el ámbito de la Península e islas Baleares a partir del dia 19 de enero de 1993."
1993-01-18,15,1,BOE-A-1993-1199,"MINISTERIO DE INDUSTRIA, COMERCIO Y TURISMO",estatal,Resolución,1196,1196,"Resolución de 12 de enero de 1993, de la Dirección General de la Energía, por la que se publican los precios máximos de venta al público de los gases licuados de petróleo a granel, aplicables en el ámbito de la Península e islas Baleares a partir del día 19 de enero de 1993."
1993-01-18,15,1,BOE-A-1993-1200,"MINISTERIO DE INDUSTRIA, COMERCIO Y TURISMO",estatal,Resolución,1196,1197,"Resolución de 14 de enero de 1993, de la Dirección General de la Energía, por la que se hacen públicos los nuevos precios máximos de venta de gas natural para usos industriales."
1993-01-18,15,1,BOE-A-1993-1201,"MINISTERIO DE INDUSTRIA, COMERCIO Y TURISMO",estatal,Resolución,1197,1197,"Resolución de 15 de enero de 1993, de la Dirección General de la Energía, por la que se publican los precios máximos de venta al público de gasolinas y gasóleos, Impuesto General Indirecto Canario excluido, aplicables en el ámbito de la Comunidad Autónoma de Canarias a partir del día 19 de enero de 1993."
1993-01-18,15,1,BOE-A-1993-1202,COMUNIDAD AUTÓNOMA DE CANARIAS,autonómico,Ley,1197,1198,"Ley 9/1992, de 10 de diciembre, de Creación del Colegio Profesional de Podólogos de Canarias."
1993-01-19,16,1,BOE-A-1993-1251,JEFATURA DEL ESTADO,estatal,Corrección,1223,1223,"Corrección de errores de la Ley 38/1992, de 28 de diciembre, de Impuestos Especiales."
1993-01-19,16,1,BOE-A-1993-1252,JEFATURA DEL ESTADO,estatal,Otras,1223,1225,"Instrumento de Adhesión de España al Acuerdo relativo a la readmisión de personas en situación irregular, hecho en Bruselas el 29 de marzo de 1991 por las Partes Contratantes en el Acuerdo de Schengen y la República de Polonia."
1993-01-19,16,1,BOE-A-1993-1253,MINISTERIO DE ECONOMÍA Y HACIENDA,estatal,Corrección,1225,1226,Corrección de errores de la Orden de 28 de diciembre de 1992 por la que se establece un régimen transitorio en la aplicación del nuevo sistema de información contable para la Administración Local.
1993-01-19,16,1,BOE-A-1993-1254,MINISTERIO DE ECONOMÍA Y HACIENDA,estatal,Corrección,1226,1226,Corrección de errores de la Orden de 30 de diciembre de 1992 por la que se aprueba el modelo de solicitud de aplicación en el Impuesto especial sobre determinados medios de transporte de los supuestos de no sujeción y exención que requieren reconocimiento previo de la Administración Tributaria.
1993-01-19,16,1,BOE-A-1993-1255,MINISTERIO DE OBRAS PÚBLICAS Y TRANSPORTES,estatal,Orden,1226,1227,"Orden de 14 de enero de 1993 por la que se determinan para 1993 los módulos y su ponderación para las actuaciones protegibles del Plan de Vivienda 1992-1995, a que se refiere el Real Decreto 1932/1991, de 20 de diciembre, y se indican los precios máximos de dichas actuaciones."
1993-01-19,16,1,BOE-A-1993-1256,MINISTERIO DE EDUCACIÓN Y CIENCIA,estatal,Real Decreto,1227,1229,"Real Decreto 1425/1992, de 27 de noviembre, por el que se homologa el título de Diplomado en Profesorado de EGB, de la Escuela Universitaria de Formación del Profesorado de EGB «Blanquerna» de la Universidad privada «Ramón Llull», de Barcelona."
1993-01-19,16,1,BOE-A-1993-1257,MINISTERIO DE EDUCACIÓN Y CIENCIA,estatal,Orden,1229,1231,Orden de 12 de enero de 1993 por la que se regulan los programas de Garantía Social durante el período de implantación anticipada del segundo ciclo de la Educación Secundaria Obligatoria.
1993-01-19,16,1,BOE-A-1993-1258,MINISTERIO PARA LAS ADMINISTRACIONES PÚBLICAS,estatal,Resolución,1231,1232,"Resolución de 14 de diciembre de 1992, de la Secretaría de Estado para la Administración Pública, por la que se dispone la publicación del Manual de Procedimientos de Gestión de Recursos Humanos en materia de vacaciones, permisos y licencias, comisiones de servicios y reingresos al servicio activo."
1993-01-19,16,1,BOE-A-1993-1259,MINISTERIO DE SANIDAD Y CONSUMO,estatal,Corrección,1232,1232,Corrección de erratas de la Orden de 20 de noviembre de 1992 por la que se desarrolla la composición y régimen de funcionamiento del Consejo Asesor de Sanidad.
1993-01-19,16,1,BOE-A-1993-1260,COMUNIDAD AUTÓNOMA DE ARAGÓN,autonómico,Ley,1232,1246,"Ley 11/1992, de 24 de noviembre, de Ordenación del Territorio."
1993-01-20,17,1,BOE-A-1993-1380,JEFATURA DEL ESTADO,estatal,Real Decreto-ley,1350,1351,"Real Decreto-ley 2/1993, de 15 de enero, por el que se adoptan medidas para paliar determinadas consecuencias adversas del accidente del buque «Aegean Sea»."
1993-01-20,17,1,BOE-A-1993-1381,MINISTERIO DE TRABAJO Y SEGURIDAD SOCIAL,estatal,Orden,1351,1363,"Orden de 18 de enero de 1993 por la que se desarrollan las normas de cotización a la Seguridad Social, Desempleo, Fondo de Garantía Salarial y Formación Profesional, contenidas en la Ley 39/1992, de 29 de diciembre, de Presupuestos Generales del Estado para 1993."
1993-01-21,18,1,BOE-A-1993-1459,MINISTERIO DE ECONOMÍA Y HACIENDA,estatal,Corrección,1478,1478,"Corrección de errores del Real Decreto 1622/1992, de 29 de diciembre, por el que se desarrolla el artículo 26 de la Ley 61/1978, de 27 de diciembre, del Impuesto sobre Sociedades, en la redacción dada al mismo por la Ley 31/91, de 30 de diciembre, de Presupuestos Generales del Estado para 1992, en lo relativo a la deducción de los gastos de investigación y desarrollo de nuevos productos o procedimientos industriales."
1993-01-21,18,1,BOE-A-1993-1460,MINISTERIO DE EDUCACIÓN Y CIENCIA,estatal,Corrección,1478,1479,"Corrección de errores de la Orden de 26 de noviembre de 1992 por la que se regula la convocatoria, reconocimiento, certificación y registro de las actividades de formación permanente del profesorado y se establece la equivalencia de las actividades de investigación y de las titulaciones universitarias."
1993-01-21,18,1,BOE-A-1993-1461,MINISTERIO DE TRABAJO Y SEGURIDAD SOCIAL,estatal,Orden,1479,1479,"Orden de 20 de enero de 1993 por la que se determinan los trámites a seguir para acceder a las bonificaciones en materia de cuotas a la Seguridad Social previstas en el Real Decreto-ley 2/1993, de 15 de enero, por el que se adoptan medidas para paliar las consecuencias socioeconómicas adversas del accidente del buque «Aegean Sea»."
1993-01-21,18,1,BOE-A-1993-1462,MINISTERIO PARA LAS ADMINISTRACIONES PÚBLICAS,estatal,Real Decreto,1479,1481,"Real Decreto 1475/1992, de 4 de diciembre, sobre ampliación de medios adscritos a los servicios traspasados a la Comunidad Autónoma de Aragón en materia de protección de menores."
1993-01-21,18,1,BOE-A-1993-1463,MINISTERIO PARA LAS ADMINISTRACIONES PÚBLICAS,estatal,Real Decreto,1481,1485,"Real Decreto 1476/1992, de 4 de diciembre, de traspasos a la Comunidad Autónoma de Aragón de los medios personales, presupuestarios y patrimoniales adscritos al ejercicio de las facultades delegadas por la Ley Orgánica 5/1987, de 30 de julio, en relación con los transportes por carretera y por cable."
1993-01-21,18,1,BOE-A-1993-1464,MINISTERIO PARA LAS ADMINISTRACIONES PÚBLICAS,estatal,Real Decreto,1485,1487,"Real Decreto 1474/1992, de 4 de diciembre, sobre ampliación de las funciones y los medios adscritos a los servicios traspasados a la Comunidad Autónoma de Aragón en materia de Cultura."
1993-01-22,19,1,BOE-A-1993-1562,JEFATURA DEL ESTADO,estatal,Corrección,1670,1670,"Corrección de erratas del Real Decreto-Ley 2/1993, de 15 de enero, por el que se adoptan medidas para paliar determinadas consecuencias adversas del accidente del buque «Aegean Sea»."
1993-01-22,19,1,BOE-A-1993-1563,TRIBUNAL CONSTITUCIONAL,estatal,Resolución judicial,1670,1670,Cuestión de inconstitucionalidad número 2.810/1992.
1993-01-22,19,1,BOE-A-1993-1564,TRIBUNAL CONSTITUCIONAL,estatal,Resolución judicial,1670,1670,Cuestión de inconstitucionalidad número 12/1993.
1993-01-22,19,1,BOE-A-1993-1565,MINISTERIO DE OBRAS PÚBLICAS Y TRANSPORTES,estatal,Corrección,1670,1670,Corrección de erratas de la Orden de 17 de diciembre de 1992 por la que se modifican determinadas tarifas de los Servicios Básicos Postales.
1993-01-22,19,1,BOE-A-1993-1566,"MINISTERIO DE INDUSTRIA, COMERCIO Y TURISMO",estatal,Resolución,1671,1672,"Resolución de 11 de enero de 1993, de la Dirección General de Comercio Exterior, por la que se convoca contingente de importación de productos del sector de la carne de porcino procedente de terceros países."
1993-01-22,19,1,BOE-A-1993-1567,MINISTERIO PARA LAS ADMINISTRACIONES PÚBLICAS,estatal,Corrección,1672,1672,"Corrección de errores del Real Decreto 1514/1992, de 11 de diciembre, por el que se crea la Representación Permanente de España en el Consejo de la Unión Europea Occidental con sede en Bruselas."
1993-01-23,20,1,BOE-A-1993-1647,MINISTERIO DE ECONOMÍA Y HACIENDA,estatal,Real Decreto,1861,1861,"Real Decreto 1587/1992, de 23 de diciembre, por el que se constituye el Colegio Oficial de Economistas de Albacete."
1993-01-23,20,1,BOE-A-1993-1648,MINISTERIO DE ECONOMÍA Y HACIENDA,estatal,Real Decreto,1861,1861,"Real Decreto 1588/1992, de 23 de diciembre, por el que se constituye el Colegio Oficial de Economistas de Extremadura."
1993-01-23,20,1,BOE-A-1993-1649,MINISTERIO DE ECONOMÍA Y HACIENDA,estatal,Orden,1861,1869,Orden de 20 de enero de 1993 por la que se dispone la creación de Deuda del Estado durante 1993 y enero de 1994 y se delegan determinadas facultades en el Director General del Tesoro y Política Financiera.
1993-01-23,20,1,BOE-A-1993-1650,MINISTERIO DE ECONOMÍA Y HACIENDA,estatal,Resolución,1869,1870,"Resolución de 30 de diciembre de 1992, de la Dirección General de Seguros, por la que se aprueban las tarifas del Seguro de Responsabilidad Civil derivada del Uso y Circulación de Vehículos de Motor, de suscripción obligatoria y voluntaria, de aplicación a la Comunidad de Vehículos Oficiales gestionada por el Consorcio de Compensación de Seguros."
1993-01-23,20,1,BOE-A-1993-1651,MINISTERIO DE ECONOMÍA Y HACIENDA,estatal,Resolución,1870,1871,"Resolución 1/1993, de 22 de enero, de la Dirección General de Tributos por la que se dictan instrucciones complementarias sobre el cumplimiento de la obligación de declaración del Impuesto Especial sobre bienes inmuebles de Entidades no residentes que hayan solicitado la exención del Tributo."
1993-01-23,20,1,BOE-A-1993-1652,MINISTERIO DE OBRAS PÚBLICAS Y TRANSPORTES,estatal,Orden,1871,1872,"Orden de 18 de enero de 1993 por la que se modifica la definición de pasajero, a efectos de la aplicación de la tarifa de utilización de infraestructuras y facilidades aeroportuarias complementarias, establecida en la Orden de 16 de julio de 1992 y modificada por la Orden de 18 de diciembre de 1992."
1993-01-23,20,1,BOE-A-1993-1653,"MINISTERIO DE INDUSTRIA, COMERCIO Y TURISMO",estatal,Corrección,1872,1872,"Corrección de erratas del Real Decreto 1428/1992, de 27 de noviembre, por el que se dictan las disposiciones de aplicación de la Directiva del Consejo de las Comunidades Europeas 90/396/CEE sobre aparatos de gas."
1993-01-23,20,1,BOE-A-1993-1654,MINISTERIO DE RELACIONES CON LAS CORTES Y DE LA SECRETARÍA DEL GOBIERNO,estatal,Orden,1872,1877,Orden de 18 de enero de 1993 sobre zonas prohibidas y restringidas al vuelo.
1993-01-26,22,1,BOE-A-1993-1767,MINISTERIO DE ECONOMÍA Y HACIENDA,estatal,Orden,1956,1956,"Orden de 19 de enero de 1993 por la que se determina la aplicación de la clasificación de empresas consultoras y de servicios en el subgrupo 7 del grupo II y en los subgrupos 7 y 9 del grupo III regulados en la Orden de 24 de noviembre de 1982, modificada por la Orden de 30 de enero de 1991."
1993-01-26,22,1,BOE-A-1993-1768,MINISTERIO DE ECONOMÍA Y HACIENDA,estatal,Orden,1956,1956,Orden de 19 de enero de 1993 por la que se determina la aplicación de la clasificación de los contratistas de obras en el subgrupo 8 del grupo F regulados en la Orden de 28 de marzo de 1968.
1993-01-26,22,1,BOE-A-1993-1769,"MINISTERIO DE AGRICULTURA, PESCA Y ALIMENTACIÓN",estatal,Orden,1957,1957,Orden de 20 de enero de 1993 por la que se actualizan las condiciones zootécnicas para el comercio intracomunitario de los porcinos híbridos con destino a la reproducción.
1993-01-26,22,1,BOE-A-1993-1770,"MINISTERIO DE AGRICULTURA, PESCA Y ALIMENTACIÓN",estatal,Orden,1957,1957,"Orden de 21 de enero de 1993 por la que se fija para el año 1993 la renta de referencia prevista en el Real Decreto 1887/1991, de 30 de diciembre, sobre mejora de las estructuras agrarias."
1993-01-26,22,1,BOE-A-1993-1771,"MINISTERIO DE AGRICULTURA, PESCA Y ALIMENTACIÓN",estatal,Orden,1957,1958,"Orden de 21 de enero de 1993 por la que se fija para el año 1993 el importe de las ayudas previstas en el artículo 9.º del Real Decreto 1178/1989, de 29 de septiembre, por el que se establece un régimen de ayudas destinado a fomentar el cese anticipado en la actividad agraria."
1993-01-26,22,1,BOE-A-1993-1772,MINISTERIO DE CULTURA,estatal,Orden,1958,1960,Orden de 11 de enero de 1993 por la que se regulan los órganos de asistencia y asesoramiento del Instituto Nacional de las Artes Escénicas y de la Música.
1993-01-26,22,1,BOE-A-1993-1773,COMUNIDAD AUTÓNOMA DE LA REGIÓN DE MURCIA,autonómico,Ley,1960,1962,"Ley 1/1992, de 28 de julio, por la que se concede un crédito extraordinario en el ejercicio de 1991 y anteriores y suplemento de crédito en 1992, para atender obligaciones derivadas de gastos sanitarios y actuaciones en escuelas infantiles."
1993-01-26,22,1,BOE-A-1993-1774,COMUNIDAD AUTÓNOMA DE LA REGIÓN DE MURCIA,autonómico,Ley,1962,1963,"Ley 2/1992, de 28 de julio, de fijación de la cuantía del recargo sobre las cuotas mínimas del Impuesto sobre Actividades Económicas."
1993-01-26,22,1,BOE-A-1993-1775,COMUNIDAD AUTÓNOMA DE LA REGIÓN DE MURCIA,autonómico,Ley,1963,1971,"Ley 3/1992, de 30 de julio, de Patrimonio de la Comunidad Autónoma de la Región de Murcia."
1993-01-26,22,1,BOE-A-1993-1776,COMUNIDAD AUTÓNOMA DE LA REGIÓN DE MURCIA,autonómico,Ley,1971,1982,"Ley 4/1992, de 30 de julio, de Ordenación y Protección del Territorio de la Región de Murcia."
1993-01-27,23,1,BOE-A-1993-1922,JEFATURA DEL ESTADO,estatal,Corrección,2081,2081,"Corrección de errores de la Ley 30/1992, de 26 de noviembre, de Régimen Jurídico de las Administraciones Públicas y del Procedimiento Administrativo Común."
1993-01-27,23,1,BOE-A-1993-1923,MINISTERIO DE ECONOMÍA Y HACIENDA,estatal,Resolución,2081,2081,"Resolución de 15 de enero de 1993, del Centro de Gestión Catastral y Cooperación Tributaria, por la que se aprueba el coeficiente RM a efectos de lo establecido en la Ley Reguladora de las Haciendas Locales."
1993-01-27,23,1,BOE-A-1993-1924,MINISTERIO DE EDUCACIÓN Y CIENCIA,estatal,Corrección,2081,2081,"Corrección de erratas de la Orden de 12 de noviembre de 1992, por la que se regula la evaluación y la calificación de los alumnos que cursan el Bachillerato establecido en la Ley Orgánica 1/1990, de 3 de octubre, de Ordenación General del Sistema Educativo."
1993-01-27,23,1,BOE-A-1993-1925,"MINISTERIO DE INDUSTRIA, COMERCIO Y TURISMO",estatal,Corrección,2082,2082,"Corrección de erratas del Real Decreto 1428/1992, de 27 de noviembre, por el que se dicta las disposiciones de aplicación de la Directiva del Consejo de las Comunidades Europeas 90/396/CEE, sobre aparatos de gas."
1993-01-27,23,1,BOE-A-1993-1926,MINISTERIO PARA LAS ADMINISTRACIONES PÚBLICAS,estatal,Resolución,2082,2085,"Resolución de 14 de enero de 1993, de la Secretaría de Estado para la Administración Pública, por la que se dispone la publicación del Acuerdo del Consejo de Ministros sobre autorización de convocatorias de pruebas selectivas para 1993."
1993-01-27,23,1,BOE-A-1993-1927,COMUNIDAD AUTÓNOMA DE CATALUÑA,autonómico,Ley,2085,2100,"Ley 3/1992, de 28 de diciembre, de Presupuestos de la Generalidad de Cataluña para 1993."
1993-01-28,24,1,BOE-A-1993-2035,MINISTERIO DE ASUNTOS EXTERIORES,estatal,Tratado o acuerdo internacional,2212,2214,"Acuerdo entre el Reino de España y los Estados Unidos de América relativo a la asistencia mutua entre sus Administraciones Aduaneras, firmado en Madrid el 3 de julio de 1990."
1993-01-28,24,1,BOE-A-1993-2036,MINISTERIO DE ASUNTOS EXTERIORES,estatal,Tratado o acuerdo internacional,2214,2215,"Acuerdo Complementario General de Cooperación del Convenio Básico de Cooperación Científica y Técnica entre el Reino de España y la República de Nicaragua, hecho en Madrid el día 26 de abril de 1989."
1993-01-28,24,1,BOE-A-1993-2037,MINISTERIO DE ASUNTOS EXTERIORES,estatal,Tratado o acuerdo internacional,2216,2217,"Acuerdo de Cooperación Económica e Industrial entre el Reino de España y la República Arabe de Egipto, hecho en El Cairo el 12 de marzo de 1991."
1993-01-28,24,1,BOE-A-1993-2038,MINISTERIO DE ECONOMÍA Y HACIENDA,estatal,Corrección,2217,2217,"Corrección de erratas de la Orden de 26 de noviembre de 1992 por la que se da cumplimiento para 1993 y 1994 a lo dispuesto en los artículos 27, apartado uno, y 28 del Reglamento del Impuesto sobre la Renta de las Personas Físicas y 97, número 1, apartado 1.º, 98 y 102 del Reglamento del Impuesto sobre el Valor Añadido."
1993-01-28,24,1,BOE-A-1993-2039,MINISTERIO DE ECONOMÍA Y HACIENDA,estatal,Resolución,2217,2218,"Resolución de 22 de enero de 1993, de la Delegación del Gobierno en el Monopolio de Tabacos, por la que se publican los precios de venta al público de determinadas labores de tabaco en expendedurías de tabaco y timbre del área del monopolio de la península e islas Baleares."
1993-01-28,24,1,BOE-A-1993-2040,MINISTERIO DE ECONOMÍA Y HACIENDA,estatal,Resolución,2218,2219,"Resolución de 27 de enero de 1993, de la Delegación del Gobierno en el Monopolio de Tabacos, por la que se publican los precios de venta al público de determinadas labores de tabaco en expendedurías de tabaco y timbre del área del monopolio de la península e islas Baleares."
1993-01-28,24,1,BOE-A-1993-2041,MINISTERIO DE OBRAS PÚBLICAS Y TRANSPORTES,estatal,Resolución,2219,2219,"Resolución de 21 de diciembre de 1992, de la Dirección General de la Marina Mercante, por la que se desarrolla la Orden de 2 de octubre de 1980 que aprueba el Reglamento de las Escuelas Deportivas Náuticas."
1993-01-28,24,1,BOE-A-1993-2042,MINISTERIO PARA LAS ADMINISTRACIONES PÚBLICAS,estatal,Resolución,2219,2220,"Resolución de 16 de diciembre de 1992, de la Secretaría de Estado para la Administración Pública, por la que se ordena la publicación del Acuerdo del Consejo de Ministros de 11 de septiembre de 1992, por el que se modifica el de 19 de diciembre de 1984, de adscripción de Cuerpos y Escalas de Funcionarios de la Administración del Estado a los Departamentos ministeriales."
1993-01-28,24,1,BOE-A-1993-2043,COMISIÓN NACIONAL DEL MERCADO DE VALORES,estatal,Corrección,2220,2221,"Corrección de errores de la Circular 6/1992, de 30 de diciembre, de la Comisión Nacional del Mercado de Valores, sobre exigencias de recursos propios de Sociedades y Agencias de Valores y sus grupos consolidables."
1993-01-29,25,1,BOE-A-1993-2190,MINISTERIO DE ECONOMÍA Y HACIENDA,estatal,Orden,2404,2404,Orden de 21 de enero de 1993 por la que se modifica la de 23 de diciembre de 1987 sobre régimen de determinados bienes y servicios.
1993-01-29,25,1,BOE-A-1993-2191,MINISTERIO DE ECONOMÍA Y HACIENDA,estatal,Corrección,2404,2405,"Corrección de errores de la Orden de 26 de noviembre de 1992 por la que se fijan los módulos e índices correctores del régimen simplificado del Impuesto sobre el Valor Añadido para el año 1993, correspondientes a los sectores comprendidos en el artículo 97, 1,2.º, del Reglamento del citado Impuesto."
1993-01-29,25,1,BOE-A-1993-2192,MINISTERIO DE EDUCACIÓN Y CIENCIA,estatal,Resolución,2405,2439,"Resolución de 29 de diciembre de 1992, de la Dirección General de Renovación Pedagógica, por la que se regula el currículo de las materias optativas de Bachillerato establecidas en la Orden de 12 de noviembre de 1992 de implantación anticipada del Bachillerato definido por la Ley Orgánica 1/1990, de 3 de octubre, de Ordenación General del Sistema Educativo."
1993-01-29,25,1,BOE-A-1993-2193,"MINISTERIO DE INDUSTRIA, COMERCIO Y TURISMO",estatal,Resolución,2439,2439,"Resolución de 11 de enero de 1993, de la Dirección General de Comercio Exterior, por la que se convoca contingente de importación de carne de conejo doméstico procedente de terceros países."
1993-01-29,25,1,BOE-A-1993-2194,"MINISTERIO DE AGRICULTURA, PESCA Y ALIMENTACIÓN",estatal,Orden,2440,2440,"Orden de 26 de enero de 1993 por la que se establecen modalidades de aplicación de la normativa fitosanitaria para la introducción en el territorio nacional, excepto Canarias, Ceuta y Melilla, de vegetales, productos vegetales y otros objetos originarios de países comunitarios."
1993-01-29,25,1,BOE-A-1993-2195,BANCO DE ESPAÑA,estatal,Instrucción o circular,2440,2440,"Circular número 1/1993, de 26 de enero, sobre régimen de pagos con Colombia."
1993-01-30,26,1,BOE-A-1993-2328,MINISTERIO DE ECONOMÍA Y HACIENDA,estatal,Corrección,2594,2594,"Corrección de errores de la Resolución de 9 de diciembre de 1992, de la Intervención General de la Administración del Estado, por la que se introducen determinadas modificaciones en el Plan de Contabilidad para la Agencia Estatal de Administración Tributaria."
1993-01-30,26,1,BOE-A-1993-2329,MINISTERIO DE TRABAJO Y SEGURIDAD SOCIAL,estatal,Corrección,2594,2594,"Corrección de erratas del Real Decreto 6/1993, de 8 de enero, sobre revalorización de pensiones del Sistema de la Seguridad Social y de otras prestaciones de protección social pública para 1993."
1993-01-30,26,1,BOE-A-1993-2330,COMUNIDAD AUTÓNOMA DE ARAGÓN,autonómico,Ley,2594,2595,"Ley 13/1992, de 18 de diciembre, sobre actualización de las retribuciones del personal al servicio de la Comunidad Autónoma de Aragón en el ejercicio de 1992."
1993-02-01,27,1,BOE-A-1993-2419,MINISTERIO DE ECONOMÍA Y HACIENDA,estatal,Real Decreto,2674,2674,"Real Decreto 42/1993, de 15 de enero, por el que se modifica el Real Decreto 1816/1991, de 20 de diciembre, sobre transacciones económicas con el exterior."
1993-02-01,27,1,BOE-A-1993-2420,MINISTERIO DE ECONOMÍA Y HACIENDA,estatal,Corrección,2674,2674,"Corrección de errores de la Orden de 29 de diciembre de 1992, sobre recursos propios y supervisión en base consolidada de las Sociedades y Agencias de Valores y sus grupos."
1993-02-01,27,1,BOE-A-1993-2421,"MINISTERIO DE INDUSTRIA, COMERCIO Y TURISMO",estatal,Resolución,2675,2675,"Resolución de 28 de enero de 1993, de la Dirección General de la Energía, por la que se hacen públicos los nuevos precios máximos de venta de gas natural para usos industriales."
1993-02-01,27,1,BOE-A-1993-2422,"MINISTERIO DE INDUSTRIA, COMERCIO Y TURISMO",estatal,Resolución,2675,2675,"Resolución de 28 de enero de 1993, de la Dirección General de la Energía, por la que se publican los precios máximos de venta al público de gasolinas y gasóleos, Impuesto General Indirecto Canario excluido, aplicables en el ámbito de la Comunidad Autónoma de Canarias a partir del día 2 de febrero de 1993."
1993-02-01,27,1,BOE-A-1993-2423,"MINISTERIO DE INDUSTRIA, COMERCIO Y TURISMO",estatal,Resolución,2676,2676,"Resolución de 28 de enero de 1993, de la Dirección General de la Energía, por la que se publican los precios máximos de venta al público de gasolinas y gasóleos, aplicables en el ámbito de la península e islas Baleares a partir del día 2 de febrero de 1993."
1993-02-01,27,1,BOE-A-1993-2424,COMUNIDAD AUTÓNOMA DE CASTILLA Y LEÓN,autonómico,Ley,2676,2678,"Ley 5/1992, de 18 de diciembre, sobre creación del sistema de red de Centros Tecnológicos Asociados en Castilla y León."
1993-02-02,28,1,BOE-A-1993-2529,PRESIDENCIA DEL GOBIERNO,estatal,Real Decreto,2740,2740,"Real Decreto 135/1993, de 29 de enero, por el que se extingue la Comisaría General de España para la Exposición Universal de Sevilla 1992."
1993-02-02,28,1,BOE-A-1993-2530,MINISTERIO DE ECONOMÍA Y HACIENDA,estatal,Corrección,2740,2741,"Corrección de errores de la Orden de 30 de diciembre de 1992, sobre normas de solvencia de las Entidades de Crédito."
1993-02-02,28,1,BOE-A-1993-2531,MINISTERIO DEL INTERIOR,estatal,Orden,2741,2743,Orden de 25 de enero de 1993 por la que se regula el funcionamiento de los Registros Taurinos.
1993-02-02,28,1,BOE-A-1993-2532,MINISTERIO DE EDUCACIÓN Y CIENCIA,estatal,Corrección,2743,2743,"Corrección de errores de la Orden de 12 de enero de 1993 por la que se regulan los programas de garantía social, durante el período de implantación anticipada del segundo ciclo de la educación secundaria obligatoria."
1993-02-02,28,1,BOE-A-1993-2533,MINISTERIO DE TRABAJO Y SEGURIDAD SOCIAL,estatal,Real Decreto,2744,2753,"Real Decreto 138/1993, de 29 de enero, por el que se regula el Plan de Empleo Rural para 1993."
1993-02-02,28,1,BOE-A-1993-2534,"MINISTERIO DE INDUSTRIA, COMERCIO Y TURISMO",estatal,Corrección,2754,2754,"Corrección de errores de la Orden de 28 de diciembre de 1992 por la que se modifica el anexo de la Orden de 23 de diciembre de 1991, en la que se establecen los diferentes regímenes comerciales de importación."
1993-02-02,28,1,BOE-A-1993-2535,MINISTERIO PARA LAS ADMINISTRACIONES PÚBLICAS,estatal,Real Decreto,2755,2756,"Real Decreto 141/1993, de 29 de enero, de reestructuración de los Servicios Periféricos del Ministerio de Agricultura, Pesca y Alimentación."
1993-02-02,28,1,BOE-A-1993-2536,MINISTERIO DE SANIDAD Y CONSUMO,estatal,Real Decreto,2756,2764,"Real Decreto 1564/1992, de 18 de diciembre, por el que se desarrolla y regula el régimen de autorización de los laboratorios farmacéuticos e importadores de medicamentos y la garantía de calidad en su fabricación industrial."
1993-02-02,28,1,BOE-A-1993-2537,BANCO DE ESPAÑA,estatal,Instrucción o circular,2764,2764,"Circular 2/1993, de 29 de enero, sobre Fondo de Garantía de Depósitos en Establecimientos Bancarios."
1993-02-03,29,1,BOE-A-1993-2698,MINISTERIO DE JUSTICIA,estatal,Orden,2931,2932,Orden de 21 de enero de 1993 por la que se aprueba modelo de certificado de capacidad matrimonial y de celebración de matrimonio religioso.
1993-02-03,29,1,BOE-A-1993-2699,MINISTERIO DE ECONOMÍA Y HACIENDA,estatal,Corrección,2933,2933,"Corrección de errores del Real Decreto 1343/1992, de 6 de noviembre, por el que se desarrolla la Ley 13/1992, de 1 de junio, de recursos propios y supervisión en base consolidada de las entidades financieras."
1993-02-03,29,1,BOE-A-1993-2700,MINISTERIO DE OBRAS PÚBLICAS Y TRANSPORTES,estatal,Corrección,2933,2933,"Corrección de erratas del Real Decreto 1321/1992, de 30 de octubre, por el que se modifica parcialmente el Real Decreto 1613/1985, de 1 de agosto, y se establecen nuevas normas de calidad del aire en lo referente a la contaminación por dióxido de azufre y partículas."
1993-02-03,29,1,BOE-A-1993-2701,COMUNIDAD AUTÓNOMA DE ARAGÓN,autonómico,Ley,2933,2945,"Ley 12/1992, de 10 de diciembre, de Caza."
1993-02-03,29,1,BOE-A-1993-2702,COMUNIDAD AUTÓNOMA DE EXTREMADURA,autonómico,Decreto Legislativo,2945,2974,"Decreto Legislativo 1/1992, de 9 de septiembre, por el que se aprueba el texto refundido de la Ley de Tasas y Precios Públicos de la Comunidad Autónoma de Extremadura."
1993-02-03,29,1,BOE-A-1993-2703,COMUNIDAD AUTÓNOMA DE CASTILLA Y LEÓN,autonómico,Ley,2975,2988,"Ley 6/1992, de 18 de diciembre, de Protección de los Ecosistemas Acuáticos y de Regulación de la Pesca en Castilla y León."
1993-02-03,29,1,BOE-A-1993-2704,COMUNIDAD AUTÓNOMA DE CASTILLA Y LEÓN,autonómico,Ley,2989,2989,"Ley 7/1992, de 18 de diciembre, por la que se autoriza a la Junta de Castilla y León a prestar aval de la Comunidad Autónoma en favor de la «Sociedad Española de Productos Fotográficos, Sociedad Anónima» (VALCA, S. A.)."
1993-02-03,29,1,BOE-A-1993-2705,COMUNIDAD AUTÓNOMA DE CASTILLA Y LEÓN,autonómico,Ley,2989,2990,"Ley 8/1992, de 18 de diciembre, por la que se autoriza a la Junta de Castilla y León a prestar aval de la Comunidad Autónoma en favor de la «Sociedad Anónima Nicolás Correa»."
1993-02-03,29,1,BOE-A-1993-2706,COMUNIDAD AUTÓNOMA DE CASTILLA Y LEÓN,autonómico,Ley,2990,3003,"Ley 9/1992, de 29 de diciembre, de Presupuestos Generales de la Comunidad de Castilla y León."
1993-02-04,30,1,BOE-A-1993-2870,MINISTERIO DE ASUNTOS EXTERIORES,estatal,Corrección,3123,3123,"Corrección de erratas del Instrumento de Adhesión de España al Acuerdo relativo a la readmisión de personas en situación irregular, hecho en Bruselas el 29 de marzo de 1991 por las Partes Contratantes en el Acuerdo de Schengen y la República de Polonia."
1993-02-04,30,1,BOE-A-1993-2871,MINISTERIO DE EDUCACIÓN Y CIENCIA,estatal,Corrección,3123,3123,"Corrección de erratas del Real Decreto 1423/1992, de 27 de noviembre, sobre incorporación a la Universidad de las enseñanzas de Educación Física."
1993-02-04,30,1,BOE-A-1993-2872,"MINISTERIO DE INDUSTRIA, COMERCIO Y TURISMO",estatal,Resolución,3123,3124,"Resolución de 20 de enero de 1993, de la Dirección General de Comercio Exterior, por la que se convoca contingente de importación para productos del sector de la carne bovina procedentes de terceros países."
1993-02-04,30,1,BOE-A-1993-2873,MINISTERIO DE RELACIONES CON LAS CORTES Y DE LA SECRETARÍA DEL GOBIERNO,estatal,Corrección,3124,3124,"Corrección de erratas del Real Decreto 211/1992, de 6 de marzo, por el que se aprueba la lista de sustancias permitidas para la fabricación de materiales y objetos plásticos destinados a entrar en contacto con los alimentos y se regulan determinadas condiciones de ensayo."
1993-02-04,30,1,BOE-A-1993-2874,COMUNIDAD AUTÓNOMA DE ARAGÓN,autonómico,Ley,3124,3133,"Ley 14/1992, de 28 de diciembre, de patrimonio agrario de la Comunidad Autónoma de Aragón y de medidas específicas de reforma y desarrollo agrario."
1993-02-04,30,1,BOE-A-1993-2875,COMUNIDAD FORAL DE NAVARRA,autonómico,Ley,3133,3142,"Ley Foral 11/1992, de 20 de octubre, reguladora del régimen específico del personal adscrito al Servicio Navarro de Salud-Osasunbidea."
1993-02-04,30,1,BOE-A-1993-2876,COMUNIDAD FORAL DE NAVARRA,autonómico,Ley,3143,3158,"Ley Foral 12/1992, de 20 de octubre, de Modificaciones Tributarias."
1993-02-04,30,1,BOE-A-1993-2877,COMUNIDAD FORAL DE NAVARRA,autonómico,Ley,3158,3164,"Ley Foral 13/1992, de 19 de noviembre, del Impuesto sobre el Patrimonio."
1993-02-04,30,1,BOE-A-1993-2878,COMUNIDAD FORAL DE NAVARRA,autonómico,Ley,3165,3169,"Ley Foral 14/1992, de 21 de diciembre, reguladora del sistema y modelos de financiación de las actuaciones protegibles en materia de vivienda."
1993-02-04,30,1,BOE-A-1993-2879,COMUNIDAD FORAL DE NAVARRA,autonómico,Ley,3169,3169,"Ley Foral 15/1992, de 21 de diciembre, de concesión de un suplemento de crédito para el Departamento de Agricultura, Ganadería y Montes."
1993-02-04,30,1,BOE-A-1993-2880,COMUNIDAD FORAL DE NAVARRA,autonómico,Ley,3169,3170,"Ley Foral 16/1992, de 21 de diciembre, de concesión de un suplemento de crédito para el Departamento de Obras Públicas, Transportes y Comunicaciones."
1993-02-04,30,1,BOE-A-1993-2881,COMUNIDAD FORAL DE NAVARRA,autonómico,Ley,3170,3171,"Ley Foral 17/1992, de 21 de diciembre, de concesión de un crédito extraordinario para el Servicio Navarro de Salud."
1993-02-04,30,1,BOE-A-1993-2882,COMUNIDAD FORAL DE NAVARRA,autonómico,Ley,3171,3171,"Ley Foral 18/1992, de 28 de diciembre, por la que se modifica el Título V del Decreto Foral Legislativo 133/1991, de 4 de abril, por el que se aprueba el texto refundido de las disposiciones con rango legal sobre financiación agraria."
1993-02-05,31,1,BOE-A-1993-3074,TRIBUNAL CONSTITUCIONAL,estatal,Resolución judicial,3317,3317,"Conflictos positivos de competencia números 613, 648, 997, 1109/86, 337/87, 385/88 y 1908/89, acumulados, promovidos por el Consejo Ejecutivo de la Generalidad de Cataluña y el Gobierno Vasco."
1993-02-05,31,1,BOE-A-1993-3075,TRIBUNAL CONSTITUCIONAL,estatal,Resolución judicial,3317,3317,Cuestión de inconstitucionalidad número 112/93.
1993-02-05,31,1,BOE-A-1993-3076,TRIBUNAL CONSTITUCIONAL,estatal,Resolución judicial,3317,3317,"Recurso de inconstitucionalidad número 506/1987, planteado por el Presidente del Gobierno contra determinados preceptos de la Ley del Parlamento de Canarias 4/1984, de 6 de julio, según redacción efectuada por la Ley del mismo Parlamento 13/1986, de 30 de diciembre."
1993-02-05,31,1,BOE-A-1993-3077,MINISTERIO DE OBRAS PÚBLICAS Y TRANSPORTES,estatal,Resolución,3317,3324,"Resolución de 1 de febrero de 1993, de la Secretaría General de Comunicaciones, por la que se dispone la publicación del Acuerdo del Consejo Rector del Organismo Autónomo Correos y Telégrafos, de 18 de diciembre de 1992, por el que se aprueban las tarifas de determinados servicios prestados por el Organismo Autónomo Correos y Telégrafos."
1993-02-05,31,1,BOE-A-1993-3078,MINISTERIO DE EDUCACIÓN Y CIENCIA,estatal,Corrección,3324,3326,"Corrección de erratas del Real Decreto 1426/1992, de 27 de noviembre, por el que se homologa el título de Graduado Social Diplomado de la Escuela Universitaria de Graduados Sociales de Algeciras, adscrita a la Universidad de Cádiz."
1993-02-05,31,1,BOE-A-1993-3079,MINISTERIO DE TRABAJO Y SEGURIDAD SOCIAL,estatal,Corrección,3327,3327,"Corrección de errores de la Orden de 18 de enero de 1993 por la que se desarrollan las normas de cotización a la Seguridad Social, Desempleo, Fondo de Garantía Salarial y Formación Profesional, contenidas en la Ley 39/1992, de 29 de diciembre, de Presupuestos Generales del Estado para 1993."
1993-02-05,31,1,BOE-A-1993-3080,"MINISTERIO DE AGRICULTURA, PESCA Y ALIMENTACIÓN",estatal,Orden,3327,3328,"Orden de 29 de enero de 1993 por la que se regulan las capturas de especies pelágicas en el Cantábrico y noroeste, durante la campaña 1993."
1993-02-05,31,1,BOE-A-1993-3081,COMUNIDAD FORAL DE NAVARRA,autonómico,Ley,3328,3328,"Ley Foral 21/1992, de 30 de diciembre de concesión en un suplemento de crédito para el Departamento de Economía y Hacienda."
1993-02-06,32,1,BOE-A-1993-3255,MINISTERIO DE JUSTICIA,estatal,Real Decreto,3504,3505,"Real Decreto 1558/1992, de 18 de diciembre, de modificación de los Reglamentos Notarial e Hipotecario sobre colaboración entre las Notarías y los Registros de la Propiedad para la seguridad del tráfico jurídico inmobiliario."
1993-02-08,33,1,BOE-A-1993-3297,JEFATURA DEL ESTADO,estatal,Corrección,3572,3572,"Corrección de errores de la Ley 37/1992, de 28 de diciembre, del Impuesto sobre el Valor Añadido."
1993-02-08,33,1,BOE-A-1993-3298,MINISTERIO DE ASUNTOS EXTERIORES,estatal,Tratado o acuerdo internacional,3572,3572,"Entrada en vigor del Convenio de Cooperación en materia jurídica entre el Reino de España y la República de Chile, firmado en Santiago de Chile el 14 de abril de 1992 cuya aplicación provisional fue publicada en el «Boletín Oficial del Estado» número 144, de fecha 16 de junio de 1992."
1993-02-08,33,1,BOE-A-1993-3299,MINISTERIO DE ECONOMÍA Y HACIENDA,estatal,Orden,3573,3573,Orden de 20 de enero de 1993 por la que se aprueban los nuevos modelos de papel timbrado para documentos notariales.
1993-02-08,33,1,BOE-A-1993-3300,MINISTERIO DE ECONOMÍA Y HACIENDA,estatal,Corrección,3573,3574,"Corrección de errores del Real Decreto 1624/1992, de 29 de diciembre, por el que se aprueba el Reglamento del Impuesto sobre el Valor Añadido, y se modifica el Real Decreto 1041/1990, de 27 de julio, por el que se regulan las declaraciones censales que han de presentar a efectos fiscales los empresarios, los profesionales y otros obligados tributarios; el Real Decreto 338/1990, de 9 de marzo, por el que se regula la composición y la forma de utilización del número de identificación fiscal; el Real Decreto 2402/1985, de 18 de diciembre, por el que se regula el deber de expedir y entregar factura que incumbe a los empresarios y profesionales, y el Real Decreto 1326/1987, de 11 de septiembre, por el que se establece el procedimiento de aplicación de las Directivas de la Comunidad Económica Europea sobre intercambio de información tributaria."
1993-02-08,33,1,BOE-A-1993-3301,MINISTERIO DE EDUCACIÓN Y CIENCIA,estatal,Corrección,3575,3575,"Corrección de erratas del Real Decreto 1242/1992, de 16 de octubre, por el que se regula la composición y funcionamiento de la Comisión Directiva del Consejo Superior de Deportes."
1993-02-09,34,1,BOE-A-1993-3338,MINISTERIO DE ASUNTOS EXTERIORES,estatal,Tratado o acuerdo internacional,3598,3599,"Protocolo de Adhesión del Gobierno de la República Helénica al Acuerdo entre los Gobiernos de los Estados de la Unión Económica Benelux, de la República Federal de Alemania y de la República Francesa, relativo a la supresión gradual de los controles en las fronteras comunes, firmado en Schengen el 14 de junio de 1985, tal como quedó enmendado por los Protocolos de Adhesión del Gobierno de la República Italiana, firmado en París el 27 de noviembre de 1990, y de los Gobiernos del Reino de España y de la República Portuguesa firmados en Bonn el 25 de junio de 1991."
1993-02-09,34,1,BOE-A-1993-3339,MINISTERIO DE DEFENSA,estatal,Orden,3599,3600,"Orden 11/1993, de 2 de febrero, por la que se crean las Delegaciones del Instituto para la Vivienda de las Fuerzas Armadas y se establecen las competencias que por delegación del Gerente les corresponden."
1993-02-09,34,1,BOE-A-1993-3340,MINISTERIO DE OBRAS PÚBLICAS Y TRANSPORTES,estatal,Real Decreto,3600,3650,"Real Decreto 1562/1992, de 18 de diciembre, por el que se establecen las especificaciones técnicas de los sistemas multilínea de abonado destinados a ser utilizados como equipos terminales."
1993-02-09,34,1,BOE-A-1993-3341,MINISTERIO DE EDUCACIÓN Y CIENCIA,estatal,Real Decreto,3651,3654,"Real Decreto 1593/1992, de 23 de diciembre, por el que se homologa el título de Ingeniero Técnico en Sonido e Imagen, de la Escuela Universitaria de Ingeniería Técnica de Telecomunicación «La Salle», de la Universidad Ramón Llull de Barcelona."
1993-02-09,34,1,BOE-A-1993-3342,"MINISTERIO DE AGRICULTURA, PESCA Y ALIMENTACIÓN",estatal,Orden,3655,3656,"Orden de 2 de febrero de 1993 por la que se crea, en el Instituto Nacional de Investigación y Tecnología Agraria y Alimentaria, el Centro de Investigación en Sanidad Animal."
1993-02-09,34,1,BOE-A-1993-3343,MINISTERIO DE RELACIONES CON LAS CORTES Y DE LA SECRETARÍA DEL GOBIERNO,estatal,Real Decreto,3656,3658,"Real Decreto 1595/1992, de 23 de diciembre, por el que se modifica y amplía el Real Decreto 1667/1989, de 22 de diciembre, por el que se regula el reconocimiento de diplomas, certificados y otros títulos de Farmacia de los Estados miembros de la Comunidad Económica Europea, así como el ejercicio efectivo del derecho de establecimiento."
1993-02-09,34,1,BOE-A-1993-3344,MINISTERIO DE RELACIONES CON LAS CORTES Y DE LA SECRETARÍA DEL GOBIERNO,estatal,Real Decreto,3658,3664,"Real Decreto 1630/1992, de 29 de diciembre, por el que se dictan disposiciones para la libre circulación de productos de construcción, en aplicación de la Directiva 89/106/CEE."
1993-02-10,35,1,BOE-A-1993-3433,MINISTERIO DE ASUNTOS EXTERIORES,estatal,Resolución,3793,3829,"Resolución de 26 de enero de 1993, de la Secretaría General Técnica, sobre aplicación del artículo 32 del Decreto 801/1972, relativo a la ordenación de la actividad de la Administración del Estado en materia de tratados internacionales."
1993-02-10,35,1,BOE-A-1993-3434,MINISTERIO DE ASUNTOS EXTERIORES,estatal,Corrección,3829,3829,"Corrección de erratas de la aplicación provisional del Acuerdo entre España y Honduras sobre Transporte Aéreo y Anejo, firmado en Tegucigalpa el 30 de octubre de 1992."
1993-02-10,35,1,BOE-A-1993-3435,MINISTERIO DE EDUCACIÓN Y CIENCIA,estatal,Real Decreto,3829,3830,"Real Decreto 1592/1992, de 23 de diciembre, por el que se homologa el título de Ingeniero Técnico en Equipos Electrónicos, de la Escuela Universitaria de Ingeniería Técnica de Telecomunicación «La Salle», de la Universidad «Ramón Llull» de Barcelona."
1993-02-11,36,1,BOE-A-1993-3622,MINISTERIO DE ECONOMÍA Y HACIENDA,estatal,Orden,3984,3984,"Orden de 2 de febrero de 1993 por la que se modifica la de 27 de diciembre de 1991, sobre Transacciones Económicas con el Exterior."
1993-02-11,36,1,BOE-A-1993-3623,MINISTERIO DE OBRAS PÚBLICAS Y TRANSPORTES,estatal,Orden,3984,3985,"Orden de 3 de febrero de 1993, por la que se determina el módulo y se establecen los precios de cesión para 1993 de las viviendas de protección oficial acogidas a regímen anteriores al Real Decreto-ley 31/1978, de 31 de octubre."
1993-02-11,36,1,BOE-A-1993-3624,"MINISTERIO DE AGRICULTURA, PESCA Y ALIMENTACIÓN",estatal,Real Decreto,3985,3986,"Real Decreto 1628/1992, de 29 de diciembre, por el que se modifican los Reales Decretos 110/1990, de 26 de enero, y 495/1990, de 20 de abril, en relación con la incidencia de la peste clásica en el comercio con países terceros de carnes frescas y animales vivos de la especie porcina."
1993-02-11,36,1,BOE-A-1993-3625,MINISTERIO PARA LAS ADMINISTRACIONES PÚBLICAS,estatal,Resolución,3986,3987,"Resolución de 3 de febrero de 1993, de la Secretaría de Estado para la Administración Pública, por la que se define el sistema de identificación común del personal al servicio de la Administración General del Estado."
1993-02-11,36,1,BOE-A-1993-3626,MINISTERIO DE RELACIONES CON LAS CORTES Y DE LA SECRETARÍA DEL GOBIERNO,estatal,Real Decreto,3987,3989,"Real Decreto 50/1993, de 15 de enero, por el que se regula el control oficial de los productos alimenticios."
1993-02-11,36,1,BOE-A-1993-3627,COMUNIDAD FORAL DE NAVARRA,autonómico,Ley,3989,4026,"Ley Foral 19/1992, de 30 de diciembre, del Impuesto sobre el Valor Añadido."
1993-02-11,36,1,BOE-A-1993-3628,COMUNIDAD FORAL DE NAVARRA,autonómico,Ley,4026,4038,"Ley Foral 20/1992, de 30 de diciembre, de Impuestos Especiales."
1993-02-12,37,1,BOE-A-1993-3901,MINISTERIO DE ASUNTOS EXTERIORES,estatal,Tratado o acuerdo internacional,4275,4277,"Aplicación provisional del Acuerdo entre el Reino de España y la Unión Europea Occidental (UEO) relativo a la cesión de un terreno situado en la base aérea de Torrejón (Madrid) y de un edificio sito en el mismo, destinado a convertirse en la sede del Centro de Satélites de la Unión Europea Occidental (UEO), firmado en París el 1 de diciembre de 1992."
1993-02-12,37,1,BOE-A-1993-3902,MINISTERIO DE ECONOMÍA Y HACIENDA,estatal,Orden,4277,4278,"Orden de 5 de febrero de 1993 por la que se dictan las normas para la elaboración de los Programas de Actuación, Inversiones y Financiación (PAIF) de las Sociedades estatales correspondientes a 1994."
1993-02-12,37,1,BOE-A-1993-3903,MINISTERIO DE ECONOMÍA Y HACIENDA,estatal,Resolución,4278,4278,"Resolución de 3 de febrero de 1993, de la Dirección General de Transacciones Exteriores, por la que se modifica la de 7 de enero de 1992."
1993-02-13,38,1,BOE-A-1993-4117,JEFATURA DEL ESTADO,estatal,Corrección,4557,4557,"Corrección de errores de la Ley 39/1992, de 29 de diciembre, de Presupuestos Generales del Estado para 1993."
1993-02-13,38,1,BOE-A-1993-4118,MINISTERIO DE ECONOMÍA Y HACIENDA,estatal,Instrucción o circular,4557,4559,"Circular número 1/1993, de 29 de enero, de la Intervención General de la Administración del Estado, por la que se dictan instrucciones para el ejercicio del control financiero de programas conforme a la Orden de 14 de julio de 1992, por la que se regula el sistema de seguimiento de programas."
1993-02-13,38,1,BOE-A-1993-4119,MINISTERIO DE OBRAS PÚBLICAS Y TRANSPORTES,estatal,Corrección,4559,4560,"Corrección de errores del Real Decreto legislativo 1/1992, de 26 de junio, por el que se aprueba el texto refundido de la Ley sobre Régimen del Suelo y Ordenación Urbana."
1993-02-15,39,1,BOE-A-1993-4188,MINISTERIO DEL INTERIOR,estatal,Orden,4621,4621,"Orden de 8 de febrero de 1993 por la que se da cumplimiento a lo dispuesto en la Directiva del Consejo de Comunidades Europeas 91/671/CEE, de 16 de diciembre, relativa a la utilización del cinturón de seguridad en la circulación de vehículos a motor."
1993-02-15,39,1,BOE-A-1993-4189,"MINISTERIO DE INDUSTRIA, COMERCIO Y TURISMO",estatal,Resolución,4622,4622,"Resolución de 10 de febrero de 1993, de la Dirección General de la Energía, por la que se publican los precios máximos de venta al público de gasolinas y gasóleos, aplicables en el ámbito de la Península e Islas Baleares a partir del día 16 de febrero de 1993."
1993-02-15,39,1,BOE-A-1993-4190,"MINISTERIO DE INDUSTRIA, COMERCIO Y TURISMO",estatal,Resolución,4622,4622,"Resolución de 11 de febrero de 1993, de la Dirección General de la Energía, por la que se publican los precios máximos de venta al público de los gases licuados de petróleo a granel, aplicables en el ámbito de la península e islas Baleares a partir del día 16 de febrero de 1993."
1993-02-15,39,1,BOE-A-1993-4191,"MINISTERIO DE INDUSTRIA, COMERCIO Y TURISMO",estatal,Resolución,4622,4623,"Resolución de 11 de febrero de 1993, de la Dirección General de la Energía, por la que se hacen públicos los nuevos precios máximos de venta de gas natural para usos industriales."
1993-02-15,39,1,BOE-A-1993-4192,"MINISTERIO DE INDUSTRIA, COMERCIO Y TURISMO",estatal,Resolución,4623,4623,"Resolución de 11 de febrero de 1993, de la Dirección General de la Energía, por la que se publican los precios máximos de venta al público de gasolinas y gasóleos, Impuesto General Indirecto Canario excluido, aplicables en el ámbito de la Comunidad Autónoma de Canarias a partir del día 16 de febrero de 1993."
1993-02-15,39,1,BOE-A-1993-4193,COMUNIDAD AUTÓNOMA DEL PRINCIPADO DE ASTURIAS,autonómico,Ley,4623,4624,"Ley 2/1992, de 30 de diciembre, del Impuesto sobre el Juego del Bingo."
1993-02-15,39,1,BOE-A-1993-4194,COMUNIDAD AUTÓNOMA DE CANTABRIA,autonómico,Ley,4624,4625,"Ley 7/1992, de 16 de diciembre, de Incremento de Retribuciones del Personal al Servicio de la Diputación Regional de Cantabria y concesión de una paga de compensación."
1993-02-15,39,1,BOE-A-1993-4195,COMUNIDAD AUTÓNOMA DE CANTABRIA,autonómico,Ley,4625,4626,"Ley 8/1992, de 16 de diciembre, para la determinación de la capitalidad de los partidos judiciales de la Comunidad Autónoma de Cantabria."
1993-02-16,40,1,BOE-A-1993-4240,MINISTERIO DE OBRAS PÚBLICAS Y TRANSPORTES,estatal,Orden,4694,4706,Orden de 3 de febrero de 1993 por la que se desarrolla el Reglamento de la Ley de Ordenación de los Transportes Terrestres en materia de autorizaciones de transporte de mercancías por carretera.
1993-02-16,40,1,BOE-A-1993-4241,MINISTERIO DE OBRAS PÚBLICAS Y TRANSPORTES,estatal,Orden,4706,4712,"Orden de 4 de febrero de 1993 por la que se desarrolla el Reglamento de la Ley de Ordenación de los Transportes Terrestres, en materia de agencias de transporte de mercancías, transitarios, almacenistas-distribuidores, Cooperativas de transportistas y Sociedades de comercialización."
1993-02-16,40,1,BOE-A-1993-4242,MINISTERIO DE OBRAS PÚBLICAS Y TRANSPORTES,estatal,Orden,4712,4726,Orden de 4 de febrero de 1993 por la que se desarrolla el Reglamento de la Ley de Ordenación de los Transportes Terrestres en materia de autorizaciones de transporte discrecional de viajeros por carretera.
1993-02-16,40,1,BOE-A-1993-4243,"MINISTERIO DE INDUSTRIA, COMERCIO Y TURISMO",estatal,Resolución,4726,4733,"Resolución de 9 de febrero de 1993, de la Secretaría de Estado de Comercio, sobre importaciones de determinados productos siderúrgicos regulados por el Tratado CECA y originarios de ciertos países."
1993-02-17,41,1,BOE-A-1993-4317,CORTES GENERALES,estatal,Resolución,4873,4873,"Resolución de 11 de febrero de 1993, del Congreso de los Diputados, por la que se ordena la publicación del acuerdo de convalidación del Real Decreto-ley 1/1993, de 8 de enero, sobre medidas urgentes en materia de gastos de personal activo y concesión de un suplementeo de crédito por importe de 80.027.000.000 de pesetas."
1993-02-17,41,1,BOE-A-1993-4318,MINISTERIO DE OBRAS PÚBLICAS Y TRANSPORTES,estatal,Real Decreto,4873,4882,"Real Decreto 80/1993, de 22 de enero, por el que se establecen las especificaciones técnicas de los equipos transmisores de radiodifusión sonora en ondas métricas con modulación de frecuencia."
1993-02-17,41,1,BOE-A-1993-4319,MINISTERIO DE OBRAS PÚBLICAS Y TRANSPORTES,estatal,Real Decreto,4882,4913,"Real Decreto 81/1993, de 22 de enero, por el que se establecen las especificaciones técnicas para la conexión de equipos terminales de datos a red pública de datos con conmutación de paquetes «Iberpac» utilizando los interfaces definidos en las recomendaciones X.28 y X.32 (1988) del Comité Consultivo Internacional Telegráfico y Telefónico (CCITT), el procedimiento datáfono y el interfaz basado en el modo de respuesta normal del protocolo de control de línea de alto nivel (HDLC/MRN)."
1993-02-17,41,1,BOE-A-1993-4320,MINISTERIO DE EDUCACIÓN Y CIENCIA,estatal,Resolución,4913,4913,"Resolución de 3 de febrero de 1993, de la Dirección General de Enseñanza Superior, por la que se rectifica el apartado primero de la Resolución de 1 de diciembre de 1992, sobre plazos para la realización de las pruebas de aptitud para acceso a la Universidad durante el curso 1992-1993."
1993-02-18,42,1,BOE-A-1993-4514,MINISTERIO DE ECONOMÍA Y HACIENDA,estatal,Orden,5065,5066,"Orden de 3 de febrero de 1993 por la que se adecua la modalidad de signos, índices y módulos del método de estimación objetiva del Impuesto sobre la Renta de las Personas Físicas y el régimen simplificado del Impuesto sobre el Valor Añadido a las modificaciones introducidas en el Impuesto sobre Actividades Económicas por la Ley de Presupuestos Generales del Estado para 1993."
1993-02-18,42,1,BOE-A-1993-4515,MINISTERIO DE OBRAS PÚBLICAS Y TRANSPORTES,estatal,Resolución,5066,5067,"Resolución de 10 de febrero de 1993, de la Secretaría General de Comunicaciones, por la que se dispone la publicación del Acuerdo del Consejo Rector del Organismo autónomo Correos y Telégrafos, de 15 de enero de 1993, por el que se aprueba la ampliación del servicio «Correo Especial de Negocios» (CEN) y las tarifas que le serán de aplicación."
1993-02-18,42,1,BOE-A-1993-4516,"MINISTERIO DE AGRICULTURA, PESCA Y ALIMENTACIÓN",estatal,Real Decreto,5067,5071,"Real Decreto 1431/1992, de 27 de noviembre, por el que se aprueba el Plan de Ordenación de los Recursos Naturales del Parque Nacional Marítimo-Terrestre del Archipiélago de Cabrera."
1993-02-18,42,1,BOE-A-1993-4517,"MINISTERIO DE AGRICULTURA, PESCA Y ALIMENTACIÓN",estatal,Orden,5071,5072,Orden de 15 de febrero de 1993 por la que se regula el régimen de ayudas para la constitución y el funcionamiento de las organizaciones de productores de la pesca y sus asociaciones.
1993-02-18,42,1,BOE-A-1993-4518,COMUNIDAD AUTÓNOMA DE GALICIA,autonómico,Ley,5072,5098,"Ley 11/1992, de 7 de octubre, de régimen financiero y presupuestario de Galicia."
1993-02-18,42,1,BOE-A-1993-4519,COMUNIDAD AUTÓNOMA DE GALICIA,autonómico,Ley,5098,5100,"Ley 12/1992, de 9 de noviembre, de creación de determinadas Escalas de personal funcionario al servicio de la Xunta de Galicia."
1993-02-18,42,1,BOE-A-1993-4520,COMUNIDAD AUTÓNOMA DE GALICIA,autonómico,Ley,5100,5101,"Ley 13/1992, de 9 de noviembre, sobre la revisión del Mapa sanitario para crear el área de salud del Salnés."
1993-02-18,42,1,BOE-A-1993-4521,COMUNIDAD AUTÓNOMA DE LAS ISLAS BALEARES,autonómico,Ley,5101,5120,"Ley 7/1992, de 23 de diciembre, de modificación de determinados artículos de la Ley 1/1991, de 30 de enero, de Espacios Naturales y de Régimen Urbanístico de las Areas de Especial Protección de las Islas Baleares."
1993-02-19,43,1,BOE-A-1993-4673,TRIBUNAL CONSTITUCIONAL,estatal,Resolución judicial,5259,5259,"Conflictos positivos de competencia acumulados números 319 y 359/1986; 959, 964 y 971/1987, y 263/1988, planteados por el Consejo Ejecutivo de la Generalidad de Cataluña, el Gobierno vasco y el Gobierno valenciano."
1993-02-19,43,1,BOE-A-1993-4674,TRIBUNAL CONSTITUCIONAL,estatal,Resolución judicial,5259,5259,Recurso de inconstitucionalidad número 201/1993.
1993-02-19,43,1,BOE-A-1993-4675,TRIBUNAL CONSTITUCIONAL,estatal,Resolución judicial,5259,5259,Recurso de inconstitucionalidad número 219/1993.
1993-02-19,43,1,BOE-A-1993-4676,TRIBUNAL CONSTITUCIONAL,estatal,Resolución judicial,5259,5259,Recurso de inconstitucionalidad número 226/1993.
1993-02-19,43,1,BOE-A-1993-4677,TRIBUNAL CONSTITUCIONAL,estatal,Resolución judicial,5259,5259,Recurso de inconstitucionalidad número 236/1993.
1993-02-19,43,1,BOE-A-1993-4678,MINISTERIO DE EDUCACIÓN Y CIENCIA,estatal,Real Decreto,5259,5273,"Real Decreto 1591/1992, de 23 de diciembre, sobre Disciplina Deportiva."
1993-02-19,43,1,BOE-A-1993-4679,MINISTERIO PARA LAS ADMINISTRACIONES PÚBLICAS,estatal,Real Decreto,5273,5274,"Real Decreto 45/1993, de 15 de enero, sobre ampliación de medios materiales traspasados a la Generalidad de Cataluña en materia de enseñanza."
1993-02-19,43,1,BOE-A-1993-4680,MINISTERIO PARA LAS ADMINISTRACIONES PÚBLICAS,estatal,Real Decreto,5274,5275,"Real Decreto 46/1993, de 15 de enero, sobre ampliación de medios patrimoniales traspasados a la Generalidad de Cataluña en materia de Sanidad, Servicios y Asistencia Sociales, y de Seguridad Social (INSALUD e INSERSO), (Instituto »Guttman»)."
1993-02-19,43,1,BOE-A-1993-4681,MINISTERIO PARA LAS ADMINISTRACIONES PÚBLICAS,estatal,Real Decreto,5276,5278,"Real Decreto 47/1993, de 15 de enero, sobre ampliación y modificación de medios adscritos a los servicios de la Administración del Estado traspasados a la Generalidad de Cataluña por el Real Decreto 1577/1991, de 18 de octubre, en materia de gestión de la formación profesional ocupacional."
1993-02-19,43,1,BOE-A-1993-4682,MINISTERIO PARA LAS ADMINISTRACIONES PÚBLICAS,estatal,Real Decreto,5279,5291,"Real Decreto 48/1993, de 15 de enero, sobre traspaso de funciones y servicios de la Administración del Estado a la Generalidad de Cataluña en materia de Cámaras Agrarias."
1993-02-19,43,1,BOE-A-1993-4683,MINISTERIO DE SANIDAD Y CONSUMO,estatal,Real Decreto,5292,5295,"Real Decreto 83/1993, de 22 de enero, por el que se regula la selección de los medicamentos a efectos de su financiación por el Sistema Nacional de Salud."
1993-02-19,43,1,BOE-A-1993-4684,MINISTERIO DE RELACIONES CON LAS CORTES Y DE LA SECRETARÍA DEL GOBIERNO,estatal,Real Decreto,5295,5310,"Real Decreto 84/1993, de 22 de enero, por el que se aprueba el Reglamento de desarrollo de la Ley 13/1989, de 26 de mayo, de Cooperativas de Crédito."
1993-02-20,44,1,BOE-A-1993-4913,MINISTERIO DEL INTERIOR,estatal,Real Decreto,5540,5540,"Real Decreto 1625/1992, de 29 de diciembre, por el que se regula la profundidad de las ranuras de los neumáticos de algunos tipos de vehículos a motor y sus remolques."
1993-02-20,44,1,BOE-A-1993-4914,MINISTERIO DE OBRAS PÚBLICAS Y TRANSPORTES,estatal,Corrección,5540,5540,"Corrección de erratas de la Resolución de 1 de febrero de 1993, de la Secretaría General de Comunicaciones, por la que se dispone la publicación del Acuerdo del Consejo Rector del Organismo Autónomo Correos y Telégrafos, de 18 de diciembre de 1992, por el que se aprueban las tarifas de determinados servicios prestados por el Organismo Autónomo Correos y Telégrafos."
1993-02-20,44,1,BOE-A-1993-4915,"MINISTERIO DE AGRICULTURA, PESCA Y ALIMENTACIÓN",estatal,Real Decreto,5541,5542,"Real Decreto 1318/1992, de 30 de octubre, sobre medidas especiales de carácter estructural agrario para las islas Canarias."
1993-02-20,44,1,BOE-A-1993-4916,COMUNIDAD AUTÓNOMA DE ANDALUCÍA,autonómico,Ley,5542,5543,"Ley 1/1993, de 19 de enero, de modificación de la Ley 3/1989, de 2 de diciembre, por la que se determina la capitalidad de los partidos judiciales ubicados en el territorio de la Comunidad Autónoma de Andalucía, y se fija la sede de los Juzgados de lo Penal y de lo Social con jurisdicción inferior a la provincia."
1993-02-22,45,1,BOE-A-1993-4952,MINISTERIO DE ASUNTOS EXTERIORES,estatal,Tratado o acuerdo internacional,5616,5618,"Convenio sobre cooperación técnica y asistencia mutua en materia de Protección Civil entre el Reino de España y el Reino de Marruecos, firmado en Rabat el 21 de enero de 1987."
1993-02-22,45,1,BOE-A-1993-4953,COMUNIDAD AUTÓNOMA DE EXTREMADURA,autonómico,Ley,5618,5623,"Ley 4/1992, de 26 de noviembre, de Financiación Agraria Extremeña."
1993-02-22,45,1,BOE-A-1993-4954,COMUNIDAD AUTÓNOMA DE EXTREMADURA,autonómico,Ley,5623,5632,"Ley 5/1992, de 26 de noviembre, sobre la ordenación de las producciones agrarias en Extremadura."
1993-02-23,46,1,BOE-A-1993-5005,CORTES GENERALES,estatal,Resolución,5666,5666,"Resolución de 18 de febrero de 1993, de la Presidencia del Congreso de los Diputados, por la que se ordena la publicación del acuerdo de convalidación del Real Decreto-ley 2/1993, de 15 de enero, por el que se adoptan medidas para paliar determinadas consecuencias adversas del accidente del buque «Aegean Sea»."
1993-02-23,46,1,BOE-A-1993-5006,MINISTERIO DE JUSTICIA,estatal,Real Decreto,5666,5668,"Real Decreto 181/1993, de 9 de febrero, sobre integración de los médicos del Registro Civil y de los procedentes de la extinguida Escala de Médicos de la Obra de Protección de Menores, pertenecientes a la Escala de Médicos de Organismos Autónomos del Ministerio de Justicia, en el Cuerpo de Médicos Forenses."
1993-02-23,46,1,BOE-A-1993-5007,MINISTERIO DE ECONOMÍA Y HACIENDA,estatal,Resolución,5668,5668,"Resolución de 19 de febrero de 1993, de la Delegación del Gobierno en el Monopolio de Tabacos, por la que se publican los precios de venta al público de determinadas labores de tabaco."
1993-02-23,46,1,BOE-A-1993-5008,MINISTERIO DEL INTERIOR,estatal,Orden,5668,5669,"Orden de 11 de febrero de 1993, por la que se suprime la Comisaría Local de Basauri."
1993-02-23,46,1,BOE-A-1993-5009,"MINISTERIO DE AGRICULTURA, PESCA Y ALIMENTACIÓN",estatal,Orden,5669,5669,"Orden de 15 de febrero de 1993, por la que se deroga la de 12 de febrero de 1992 y se delimitan las nuevas zonas de protección y vigilancia de la peste equina, regulando el movimiento de équidos procedentes de estas zonas."
1993-02-23,46,1,BOE-A-1993-5010,MINISTERIO PARA LAS ADMINISTRACIONES PÚBLICAS,estatal,Real Decreto,5670,5677,"Real Decreto 140/1993, de 29 de enero, por el que se aprueba el Reglamento de Organización y Funcionamiento del Consejo Superior de Investigaciones Científicas."
1993-02-23,46,1,BOE-A-1993-5011,MINISTERIO PARA LAS ADMINISTRACIONES PÚBLICAS,estatal,Real Decreto,5677,5679,"Real Decreto 142/1993, de 29 de enero, por el que se modifica la estructura orgánica del Instituto Nacional de Investigación y Tecnología Agraria y Alimentaria (INIA)."
1993-02-23,46,1,BOE-A-1993-5012,MINISTERIO PARA LAS ADMINISTRACIONES PÚBLICAS,estatal,Real Decreto,5679,5681,"Real Decreto 143/1993, de 29 de enero, por el que se crean dos unidades de carácter técnico en el Tribunal de Defensa de la Competencia y se reestructura parcialmente la Dirección General de Defensa de la Competencia del Ministerio de Economía y Hacienda."
1993-02-23,46,1,BOE-A-1993-5013,MINISTERIO PARA LAS ADMINISTRACIONES PÚBLICAS,estatal,Real Decreto,5681,5682,"Real Decreto 182/1993, de 5 de febrero, sobre el acceso de funcionarios de nacionalidad española de Organismos internacionales a los Cuerpos y Escalas de la Administración General del Estado."
1993-02-23,46,1,BOE-A-1993-5014,MINISTERIO PARA LAS ADMINISTRACIONES PÚBLICAS,estatal,Resolución,5682,5683,"Resolución de 12 de febrero de 1993, de la Mutualidad Nacional de Previsión de la Administración Local, por la que se regula la asistencia sanitaria de los funcionarios en excedencia para el cuidado de hijos."
1993-02-23,46,1,BOE-A-1993-5015,COMUNIDAD AUTÓNOMA DE GALICIA,autonómico,Ley,5683,5763,"Ley 14/1992, de 29 de diciembre, de presupuestos generales de la Comunidad Autónoma gallega para el año 1993."
1993-02-23,46,1,BOE-A-1993-5016,COMUNIDAD AUTÓNOMA DE GALICIA,autonómico,Ley,5764,5766,"Ley 15/1992, de 30 de diciembre, por la que se modifica la Ley 8/1985, de 13 de agosto, de Elecciones al Parlamento de Galicia."
1993-02-24,47,1,BOE-A-1993-5134,JEFATURA DEL ESTADO,estatal,Otras,5860,5881,"Instrumento de Ratificación del Acuerdo Regional relativo a la planificación del Servicio de Radionavegación Marítima (Radiofaros) en la Zona Marítima Europea (Ginebra, 1985), hecho en Ginebra el 13 de marzo de 1985."
1993-02-24,47,1,BOE-A-1993-5135,JEFATURA DEL ESTADO,estatal,Corrección,5881,5881,"Corrección de errores del Instrumento de Ratificación del Convenio entre el Reino de España y los Estados Unidos de América para evitar la doble imposición y prevenir la evasión fiscal respecto de los impuestos sobre la renta, hecho en Madrid el 22 de febrero de 1990."
1993-02-24,47,1,BOE-A-1993-5136,MINISTERIO DE JUSTICIA,estatal,Instrucción o circular,5881,5883,"Instrucción de 10 de febrero de 1993, de la Dirección General de los Registros y del Notariado, sobre la inscripción en el Registro Civil de determinados matrimonios celebrados en forma religiosa."
1993-02-24,47,1,BOE-A-1993-5137,"MINISTERIO DE AGRICULTURA, PESCA Y ALIMENTACIÓN",estatal,Corrección,5883,5883,"Corrección de errores del Real Decreto 1347/1992, de 6 de noviembre, por el que se modifican las normas de lucha contra la peste equina y se establecen las condiciones de sanidad animal que regulan los movimientos intracomunitarios de équidos y las importaciones de estos animales de países terceros."
1993-02-24,47,1,BOE-A-1993-5138,"MINISTERIO DE AGRICULTURA, PESCA Y ALIMENTACIÓN",estatal,Orden,5883,5885,"Orden de 3 de febrero de 1993 por la que se modifica el anexo de la de 23 de marzo de 1988, relativa a los aditivos en la alimentación de los animales."
1993-02-24,47,1,BOE-A-1993-5139,MINISTERIO DE RELACIONES CON LAS CORTES Y DE LA SECRETARÍA DEL GOBIERNO,estatal,Corrección,5885,5885,"Corrección de erratas del Real Decreto 1407/1992, de 20 de noviembre, por el que se regulan las condiciones para la comercialización y libre circulación intracomunitaria de los equipos de protección individual."
1993-02-24,47,1,BOE-A-1993-5140,COMUNIDAD AUTÓNOMA DE EXTREMADURA,autonómico,Ley,5885,5888,"Ley 6/1992, de 26 de noviembre, de Fomento de la Agricultura Ecológica, Natural y Extensiva en Extremadura."
1993-02-24,47,1,BOE-A-1993-5141,COMUNIDAD AUTÓNOMA DE EXTREMADURA,autonómico,Ley,5888,5888,"Ley 7/1992, de 26 de noviembre, del Agricultor a Título Principal y de las explotaciones calificadas de singulares en Extremadura."
1993-02-24,47,1,BOE-A-1993-5142,COMUNIDAD AUTÓNOMA DE LAS ISLAS BALEARES,autonómico,Ley,5889,5908,"Ley 6/1992, de 22 de diciembre, de presupuestos generales de la Comunidad Autónoma de las Islas Baleares para el año 1993."
1993-02-25,48,1,BOE-A-1993-5272,MINISTERIO DE OBRAS PÚBLICAS Y TRANSPORTES,estatal,Orden,6053,6053,Orden de 16 de febrero de 1993 por la que se crea en el Centro de Estudios y Experimentación de Obras Públicas la Escuela de Formación Técnica del Ministerio de Obras Públicas y Transportes.
1993-02-25,48,1,BOE-A-1993-5273,"MINISTERIO DE AGRICULTURA, PESCA Y ALIMENTACIÓN",estatal,Orden,6054,6055,Orden de 8 de enero de 1993 por la que se regula la flota palangrera de superficie de caladeros internacionales.
1993-02-25,48,1,BOE-A-1993-5274,COMUNIDAD AUTÓNOMA DE CANTABRIA,autonómico,Ley,6055,6082,"Ley 9/1992, de 18 de diciembre, de Tasas y Precios Públicos de la Diputación Regional de Cantabria."
1993-02-25,48,1,BOE-A-1993-5275,COMUNIDAD AUTÓNOMA DE EXTREMADURA,autonómico,Ley,6082,6086,"Ley 8/1992, de 26 de noviembre, para la modernización y mejora de las estructuras de las tierras de regadío."
1993-02-25,48,1,BOE-A-1993-5276,COMUNIDAD AUTÓNOMA DE EXTREMADURA,autonómico,Ley,6086,6094,"Ley 9/1992, de 18 de diciembre, de Presupuestos Generales de la Comunidad Autónoma de Extremadura para 1993."
1993-02-26,49,1,BOE-A-1993-5419,JEFATURA DEL ESTADO,estatal,Otras,6245,6311,"Instrumento de ratificación del Acuerdo Regional relativo a los Servicios móvil marítimo y de radionavegación aeronáutica en la banda de ondas hectométricas (Región I), hecho en Ginebra el 15 de marzo de 1985."
1993-02-26,49,1,BOE-A-1993-5420,JEFATURA DEL ESTADO,estatal,Corrección,6311,6311,"Corrección de errores del Instrumento de Ratificación del Acuerdo Europeo sobre Colocación «Au Pair», hecho en Estrasburgo el 24 de noviembre de 1969 (publicado en el «Boletín Oficial del Estado» número 214, de fecha 6 de septiembre de 1988)."
1993-02-26,49,1,BOE-A-1993-5421,TRIBUNAL CONSTITUCIONAL,estatal,Resolución judicial,6311,6311,Cuestión de inconstitucionalidad número 173/1993.
1993-02-26,49,1,BOE-A-1993-5422,MINISTERIO DE ASUNTOS EXTERIORES,estatal,Tratado o acuerdo internacional,6311,6314,"Tratado de amistad, buena vecindad y cooperación entre el Reino de España y el Reino de Marruecos, hecho en Rabat, el 4 de julio de 1991."
1993-02-26,49,1,BOE-A-1993-5423,"MINISTERIO DE AGRICULTURA, PESCA Y ALIMENTACIÓN",estatal,Real Decreto,6314,6315,"Real Decreto 139/1993, de 29 de enero, por el que se modifica el Real Decreto 2349/1984, de 28 de noviembre, que regula la pesca con artes de cerco en el caladero nacional."
1993-02-27,50,1,BOE-A-1993-5624,MINISTERIO DE ECONOMÍA Y HACIENDA,estatal,Real Decreto,6433,6436,"Real Decreto 302/1993, de 26 de febrero, por el que se modifica parcialmente el Reglamento de desarrollo de la Ley 50/1985, de 27 de diciembre, de Incentivos Regionales, aprobado por Real Decreto 1535/1987, de 11 de diciembre."
1993-02-27,50,1,BOE-A-1993-5625,MINISTERIO DE ECONOMÍA Y HACIENDA,estatal,Real Decreto,6436,6437,"Real Decreto 303/1993, de 26 de febrero, por el que se modifica el Real Decreto 488/1988, de 6 de mayo, de delimitación de la Zona de Promoción Económica de Murcia y se crea la Zona Especial de Cartagena."
1993-02-27,50,1,BOE-A-1993-5626,"MINISTERIO DE INDUSTRIA, COMERCIO Y TURISMO",estatal,Real Decreto,6437,6439,"Real Decreto 305/1993, de 26 de febrero, por el que se modifica parcialmente el Reglamento Orgánico de la Oficina Española de Patentes y Marcas, aprobado por Real Decreto 2573/1977, de 17 de junio."
1993-02-27,50,1,BOE-A-1993-5627,MINISTERIO PARA LAS ADMINISTRACIONES PÚBLICAS,estatal,Real Decreto,6439,6471,"Real Decreto 144/1993, de 29 de enero, de traspaso de funciones y servicios a la Comunidad Autónoma de Andalucía en materia de Cámaras Agrarias."
1993-02-27,50,1,BOE-A-1993-5628,MINISTERIO DE RELACIONES CON LAS CORTES Y DE LA SECRETARÍA DEL GOBIERNO,estatal,Real Decreto,6472,6476,"Real Decreto 49/1993, de 15 de enero, relativo a los controles veterinarios aplicables en los intercambios intracomunitarios de los productos de origen animal."
1993-03-01,51,1,BOE-A-1993-5673,MINISTERIO DEL INTERIOR,estatal,Orden,6497,6497,Orden de 11 de febrero de 1993 por la que se modifica la regulación de las Unidades de Intervención Policial.
1993-03-01,51,1,BOE-A-1993-5674,"MINISTERIO DE INDUSTRIA, COMERCIO Y TURISMO",estatal,Resolución,6497,6498,"Resolución de 24 de febrero de 1993, de la Dirección General de la Energía, por la que se publican los precios máximos de venta al público de gasolinas y gasóleos, aplicables en el ámbito de la península e islas Baleares a partir del día 2 de marzo de 1993."
1993-03-01,51,1,BOE-A-1993-5675,"MINISTERIO DE INDUSTRIA, COMERCIO Y TURISMO",estatal,Resolución,6498,6498,"Resolución de 25 de febrero de 1993, de la Dirección General de la Energía, por la que se hacen públicos los nuevos precios máximos de venta de gas natural para usos industriales."
1993-03-01,51,1,BOE-A-1993-5676,"MINISTERIO DE INDUSTRIA, COMERCIO Y TURISMO",estatal,Resolución,6499,6499,"Resolución de 25 de febrero de 1993, de la Dirección General de la Energía, por la que se publican los precios máximos de venta al público de gasolinas y gasóleos, Impuesto General Indirecto Canario excluido, aplicables en el ámbito de la Comunidad Autónoma de Canarias a partir del día 2 de marzo de 1993."
1993-03-02,52,1,BOE-A-1993-5716,JEFATURA DEL ESTADO,estatal,Real Decreto-ley,6532,6537,"Real Decreto-ley 3/1993, de 26 de febrero, de medidas urgentes sobre materias presupuestarias, tributarias, financieras y de empleo."
1993-03-02,52,1,BOE-A-1993-5717,"MINISTERIO DE AGRICULTURA, PESCA Y ALIMENTACIÓN",estatal,Orden,6537,6553,Orden de 25 de febrero de 1993 por la que se instrumenta la solicitud y concesión de la prima especial a los productores de carne de vacuno para el año 1993.
1993-03-02,52,1,BOE-A-1993-5718,MINISTERIO DE RELACIONES CON LAS CORTES Y DE LA SECRETARÍA DEL GOBIERNO,estatal,Real Decreto,6554,6554,"Real Decreto 307/1993, de 26 de febrero, por el que se establece la celebración del «Día del Libro»."
1993-03-03,53,1,BOE-A-1993-5832,JEFATURA DEL ESTADO,estatal,Corrección,6723,6723,"Corrección de erratas del Real Decreto-ley 3/1993, de 26 de febrero, de medidas urgentes sobre materias presupuestarias, tributarias, financieras y de empleo."
1993-03-03,53,1,BOE-A-1993-5833,MINISTERIO DE ECONOMÍA Y HACIENDA,estatal,Corrección,6723,6723,"Corrección de errores de la Orden de 30 de diciembre de 1992 por la que se aprueban los nuevos modelos 300, 310, 320, 330, 370, 308 y 309 de declaración-liquidación del Impuesto sobre el Valor Añadido."
1993-03-03,53,1,BOE-A-1993-5834,MINISTERIO DE ECONOMÍA Y HACIENDA,estatal,Corrección,6723,6723,Corrección de erratas de la Orden de 20 de enero de 1993 por la que se dispone la creación de Deuda del Estado durante 1993 y enero de 1994 y se delegan determinadas facultades en el Director general del Tesoro y Política Financiera.
1993-03-03,53,1,BOE-A-1993-5835,"MINISTERIO DE INDUSTRIA, COMERCIO Y TURISMO",estatal,Orden,6724,6724,Orden de 24 de febrero de 1993 por la que se modifican los precios del gas de producción nacional.
1993-03-03,53,1,BOE-A-1993-5836,"MINISTERIO DE AGRICULTURA, PESCA Y ALIMENTACIÓN",estatal,Corrección,6724,6724,Corrección de errores de la Orden de 21 de diciembre de 1992 por la que se instrumenta la asignación de derechos individuales a la prima a los productores de ovino y caprino.
1993-03-03,53,1,BOE-A-1993-5837,UNIVERSIDADES,estatal,Real Decreto,6724,6755,"Real Decreto 82/1993, de 22 de enero, por el que se aprueba la reforma de los Estatutos de la Universidad de Cantabria y se dispone la publicación completa de los mismos."
1993-03-04,54,1,BOE-A-1993-5979,MINISTERIO DE ECONOMÍA Y HACIENDA,estatal,Resolución,6821,6824,"Resolución 2/1993, de 18 de febrero, de la Dirección General de Tributos, sobre la aplicación del tipo impositivo del 3 por 100 en el Impuesto sobre el Valor Añadido en relación con determinados productos alimenticios."
1993-03-04,54,1,BOE-A-1993-5980,MINISTERIO DE OBRAS PÚBLICAS Y TRANSPORTES,estatal,Corrección,6824,6824,Corrección de erratas de la Orden de 16 de febrero de 1993 por la que se crea en el Centro de Estudios y Experimentación de Obras Públicas la Escuela de Formación Técnica del Ministerio de Obras Públicas y Transportes.
1993-03-04,54,1,BOE-A-1993-5981,"MINISTERIO DE AGRICULTURA, PESCA Y ALIMENTACIÓN",estatal,Resolución,6824,6825,"Resolución de 1 de marzo de 1993, de la Dirección General de Sanidad de la Producción Agraria, en relación con el comercio de ganado porcino procedente de Holanda e Italia."
1993-03-04,54,1,BOE-A-1993-5982,MINISTERIO PARA LAS ADMINISTRACIONES PÚBLICAS,estatal,Real Decreto,6825,6827,"Real Decreto 145/1993, de 29 de enero, de traspaso de funciones y medios del servicio público de estiba y desestiba en puertos no clasificados como de interés general a la Comunidad Autónoma de Galicia."
1993-03-04,54,1,BOE-A-1993-5983,MINISTERIO PARA LAS ADMINISTRACIONES PÚBLICAS,estatal,Real Decreto,6827,6838,"Real Decreto 146/1993, de 29 de enero, de traspaso de funciones y servicios de la gestión de la formación profesional ocupacional a la Comunidad Autónoma de Galicia."
1993-03-04,54,1,BOE-A-1993-5984,MINISTERIO DE SANIDAD Y CONSUMO,estatal,Orden,6839,6839,"Orden de 16 de febrero de 1993 por la que se modifica el anexo de la Orden de 28 de julio de 1988, por la que se aprueban las normas de pureza para estabilizantes, emulgentes, espesantes y gelificantes, así como los diluyentes o soportes para carragenanos y pectinas autorizados para su uso en la elaboración de diversos productos alimenticios."
1993-03-04,54,1,BOE-A-1993-5985,MINISTERIO DE RELACIONES CON LAS CORTES Y DE LA SECRETARÍA DEL GOBIERNO,estatal,Orden,6839,6841,Orden de 24 de febrero de 1993 por la que se normalizan la inscripción y funcionamiento del Registro de Establecimientos y Servicios Plaguicidas.
1993-03-04,54,1,BOE-A-1993-5986,MINISTERIO DE RELACIONES CON LAS CORTES Y DE LA SECRETARÍA DEL GOBIERNO,estatal,Orden,6841,6842,Orden de 24 de febrero de 1993 por la que se establece la normativa reguladora del Libro Oficial de Movimiento de Plaguicidas Peligrosos.
1993-03-05,55,1,BOE-A-1993-6199,MINISTERIO DE DEFENSA,estatal,Orden,7012,7012,"Orden 17/1993, de 26 de febrero, por la que se modifica la Orden 52/1987, de 24 de septiembre, de Desarrollo del Real Decreto 1/1987, de 1 de enero, en materia de informática."
1993-03-05,55,1,BOE-A-1993-6200,MINISTERIO DE ECONOMÍA Y HACIENDA,estatal,Real Decreto,7012,7013,"Real Decreto 136/1993, de 29 de enero, por el que se aprueba el Plan Estadístico Nacional 1993-1996."
1993-03-05,55,1,BOE-A-1993-6201,MINISTERIO DE ECONOMÍA Y HACIENDA,estatal,Resolución,7013,7016,"Resolución de 2 de marzo de 1993, de la Delegación del Gobierno en el Monopolio de Tabacos, por la que se publican los precios de venta al público de las labores de tabaco en Ceuta y Melilla."
1993-03-05,55,1,BOE-A-1993-6202,MINISTERIO DEL INTERIOR,estatal,Real Decreto,7016,7051,"Real Decreto 137/1993, de 29 de enero, por el que se aprueba el Reglamento de Armas."
1993-03-05,55,1,BOE-A-1993-6203,MINISTERIO DE EDUCACIÓN Y CIENCIA,estatal,Orden,7051,7052,Orden de 24 de febrero de 1993 por la que se establece la estructura orgánica y funcional del Centro para la Innovación y Desarrollo de la Educación a Distancia.
1993-03-06,56,1,BOE-A-1993-6329,MINISTERIO DE ECONOMÍA Y HACIENDA,estatal,Real Decreto,7200,7232,"Real Decreto 258/1993, de 19 de febrero, por el que se aprueba el Reglamento provisional de los Impuestos Especiales de Fabricación."
1993-03-06,56,1,BOE-A-1993-6330,"MINISTERIO DE INDUSTRIA, COMERCIO Y TURISMO",estatal,Orden,7232,7232,"Orden de 27 de febrero de 1993 por la que se modifica la Orden de 30 de octubre de 1992 relativa al régimen de intercambios comerciales con la República de Croacia, la República de Bosnia-Herzegovina y la República Yugoslava de Macedonia."
1993-03-06,56,1,BOE-A-1993-6331,MINISTERIO DE RELACIONES CON LAS CORTES Y DE LA SECRETARÍA DEL GOBIERNO,estatal,Orden,7232,7233,"Orden de 3 de marzo de 1993 por la que se modifican los precios máximos de venta en los municipios de Madrid y Barcelona de las viviendas libre de adquisición protegida a precio tasado a que se refiere el Real Decreto 1932/1991, de 20 de diciembre."
1993-03-08,57,1,BOE-A-1993-6359,MINISTERIO DE ASUNTOS EXTERIORES,estatal,Tratado o acuerdo internacional,7250,7250,"Entrada en vigor del Canje de Notas constitutivo de Acuerdo para la enmienda del Acuerdo entre el Gobierno de España y el Gobierno de los Estados Unidos de América de 21 de enero de 1952 sobre supresión de visados en pasaportes ordinarios, hecho en Madrid el 27 de mayo y el 10 de junio de 1992."
1993-03-08,57,1,BOE-A-1993-6360,MINISTERIO DE ECONOMÍA Y HACIENDA,estatal,Orden,7250,7250,"Orden de 22 de febrero de 1993 por la que se actualizan las referencias de los códigos de la nomenclatura combinada, contenidas en los conceptos, definiciones y tarifas del Impuesto sobre Hidrocarburos."
1993-03-09,58,1,BOE-A-1993-6438,JEFATURA DEL ESTADO,estatal,Ley,7289,7293,"Ley 1/1993, de 8 de marzo, por la que se autoriza la participación de España en la Quinta Reposición de Recursos del Fondo Asiático de Desarrollo."
1993-03-09,58,1,BOE-A-1993-6439,JEFATURA DEL ESTADO,estatal,Otras,7294,7300,"Instrumento de Adhesión de España al Protocolo del Acuerdo (publicado en el «Boletín Oficial del Estado» número 69, de 9 de marzo de 1956) para la Importación de Objetos de Carácter Educativo, Científico o Cultural, hecho en Nairobi el 26 de noviembre de 1976."
1993-03-09,58,1,BOE-A-1993-6440,MINISTERIO DE ECONOMÍA Y HACIENDA,estatal,Orden,7300,7301,Orden de 1 de marzo de 1993 sobre régimen específico de abastecimiento para las islas Canarias.
1993-03-09,58,1,BOE-A-1993-6441,MINISTERIO DEL INTERIOR,estatal,Real Decreto,7301,7303,"Real Decreto 259/1993, de 19 de febrero, por el que se modifica parcialmente el Reglamento de Máquinas Recreativas y de Azar, aprobado por Real Decreto 593/1990, de 27 de abril."
1993-03-09,58,1,BOE-A-1993-6442,MINISTERIO DE RELACIONES CON LAS CORTES Y DE LA SECRETARÍA DEL GOBIERNO,estatal,Real Decreto,7303,7306,"Real Decreto 183/1993, de 5 de febrero, por el que se determina la provisión de plazas para el ingreso en los centros docentes militares de formación y el acceso a militar de empleo de las categorías de Oficial y de Tropa y Marinería profesionales durante el año 1993."
1993-03-09,58,1,BOE-A-1993-6443,COMUNIDAD AUTÓNOMA DE MADRID,autonómico,Ley,7306,7325,"Ley 8/1992, de 23 de diciembre, de Presupuestos Generales de la Comunidad de Madrid para 1993."
1993-03-10,59,1,BOE-A-1993-6488,TRIBUNAL CONSTITUCIONAL,estatal,Resolución judicial,7387,7387,"Conflicto positivo de competencia número 281/1993, planteado por el Consejo Ejecutivo de la Generalidad de Cataluña frente al Gobierno."
1993-03-10,59,1,BOE-A-1993-6489,TRIBUNAL CONSTITUCIONAL,estatal,Resolución judicial,7387,7387,"Cuestión de inconstitucionalidad, número 420/1993."
1993-03-10,59,1,BOE-A-1993-6490,TRIBUNAL CONSTITUCIONAL,estatal,Resolución judicial,7387,7387,"Cuestión de inconstitucionalidad, número 518/1993."
1993-03-10,59,1,BOE-A-1993-6491,TRIBUNAL CONSTITUCIONAL,estatal,Resolución judicial,7387,7387,"Recurso de inconstitucionalidad número 472/1993, planteado por el Presidente del Gobierno contra la Ley de las Cortes de Aragón 10/1992, de 4 de noviembre."
1993-03-10,59,1,BOE-A-1993-6492,TRIBUNAL CONSTITUCIONAL,estatal,Resolución judicial,7387,7387,"Recurso de inconstitucionalidad número 521/1993, planteado por la Junta de Consejeros de Castilla y León contra determinados preceptos de la Ley 30/1992, de 26 de noviembre."
1993-03-10,59,1,BOE-A-1993-6493,TRIBUNAL CONSTITUCIONAL,estatal,Resolución judicial,7387,7388,"Recurso de inconstitucionalidad número 522/1993, planteado por el Consejo de Gobierno de las Islas Baleares, contra la Ley 27/1992, de 24 de noviembre."
1993-03-10,59,1,BOE-A-1993-6494,TRIBUNAL CONSTITUCIONAL,estatal,Resolución judicial,7388,7388,"Recurso de inconstitucionalidad número 525/1993, planteado por el Consejo de la Junta de Galicia contra la Ley 27/1992, de 24 de noviembre."
1993-03-10,59,1,BOE-A-1993-6495,TRIBUNAL CONSTITUCIONAL,estatal,Resolución judicial,7388,7388,"Recurso de inconstitucionalidad número 547/1993, planteado por el Consejo Ejecutivo de la Generalidad de Cataluña contra la Ley 30/1992, de 26 de noviembre."
1993-03-10,59,1,BOE-A-1993-6496,TRIBUNAL CONSTITUCIONAL,estatal,Resolución judicial,7388,7388,"Recurso de inconstitucionalidad número 548/1993, planteado por el Consejo Ejecutivo de la Generalidad de Cataluña contra la Ley 27/1992, de 24 de noviembre."
1993-03-10,59,1,BOE-A-1993-6497,MINISTERIO DE ASUNTOS EXTERIORES,estatal,Tratado o acuerdo internacional,7388,7390,"Aplicación provisional del Acuerdo entre el Reino de España y la Organización Marítima Internacional para la adopción del Protocolo al Convenio de Torremolinos de 1977 sobre la seguridad de los buques pesqueros, hecho en Londres el 12 de enero de 1993."
1993-03-10,59,1,BOE-A-1993-6498,MINISTERIO DE ASUNTOS EXTERIORES,estatal,Corrección,7391,7391,"Corrección de erratas del Convenio entre España y Australia para evitar la doble imposición y prevenir la evasión fiscal en materia de impuestos sobre la renta y Protocolo, hecho en Canberra el 24 de marzo de 1992."
1993-03-10,59,1,BOE-A-1993-6499,MINISTERIO DE TRABAJO Y SEGURIDAD SOCIAL,estatal,Corrección,7391,7391,"Corrección de errores del Real Decreto 1221/1992, de 9 de octubre, sobre el patrimonio de la Seguridad Social."
1993-03-10,59,1,BOE-A-1993-6500,MINISTERIO PARA LAS ADMINISTRACIONES PÚBLICAS,estatal,Corrección,7391,7392,"Corrección de erratas del Real Decreto 146/1993, de 29 de enero, de traspaso de funciones y servicios de la gestión de la formación profesional ocupacional a la Comunidad Autónoma de Galicia."
1993-03-10,59,1,BOE-A-1993-6501,COMUNIDAD AUTÓNOMA DE MADRID,autonómico,Ley,7392,7394,"Ley 1/1993, de 14 de enero, de Reordenación de Funciones y Organización del Organismo Autónomo Instituto de la Vivienda de Madrid."
1993-03-11,60,1,BOE-A-1993-6629,MINISTERIO DE ECONOMÍA Y HACIENDA,estatal,Orden,7579,7580,"Orden de 4 de marzo de 1993 que desarrolla el artículo 97 de la Ley 39/1992, de Presupuestos Generales del Estado para 1993."
1993-03-11,60,1,BOE-A-1993-6630,MINISTERIO DEL INTERIOR,estatal,Resolución,7580,7596,"Resolución de 4 de marzo de 1993, de la Dirección General de Tráfico, por la que se establecen medidas especiales de regulación de tráfico durante el año 1993."
1993-03-11,60,1,BOE-A-1993-6631,MINISTERIO DE OBRAS PÚBLICAS Y TRANSPORTES,estatal,Corrección,7597,7597,"Corrección de errores de la Orden de 4 de febrero de 1993 por la que se desarrolla el Reglamento de la Ley de Ordenación de los Transportes Terretres en materia de agencias de transportes de mercancías, transitarios, almacenistas-distribuidores, cooperativas de transportistas y sociedades de comercialización."
1993-03-11,60,1,BOE-A-1993-6632,MINISTERIO DE OBRAS PÚBLICAS Y TRANSPORTES,estatal,Corrección,7597,7597,Corrección de erratas de la Orden de 4 de febrero de 1993 por la que se desarrolla el Reglamento de la Ley de Ordenación de los Transportes Terrestres en materia de autorizaciones de transporte discrecional de viajeros por carretera.
1993-03-11,60,1,BOE-A-1993-6633,MINISTERIO DE SANIDAD Y CONSUMO,estatal,Corrección,7597,7597,"Corrección de errores del Real Decreto 1564/1992, de 18 de diciembre, por el que se desarrolla y regula el régimen de autorización de los laboratorios farmacéuticos e importadores de medicamentos y la garantía de calidad en su fabricación industrial."
1993-03-12,61,1,BOE-A-1993-6756,MINISTERIO DE ECONOMÍA Y HACIENDA,estatal,Orden,7765,7765,Orden de 26 de febrero de 1993 por la que se modifica el régimen de precios de determinados bienes y servicios y se deroga la Orden de 23 de diciembre de 1987.
1993-03-12,61,1,BOE-A-1993-6757,MINISTERIO DE OBRAS PÚBLICAS Y TRANSPORTES,estatal,Orden,7766,7766,Orden de 4 de marzo de 1993 sobre Cabotaje Marítimo Peninsular.
1993-03-12,61,1,BOE-A-1993-6758,"MINISTERIO DE AGRICULTURA, PESCA Y ALIMENTACIÓN",estatal,Orden,7766,7769,"Orden de 5 de marzo de 1993 por la que se establecen excepciones temporales y se modifica la Orden de 12 de marzo de 1987 por la que se establecen normas fitosanitarias relativas a la importación, exportación y tránsito de vegetales y productos vegetales en aplicación de la Directiva 77/93/CEE y sus modificaciones."
1993-03-12,61,1,BOE-A-1993-6759,MINISTERIO DE CULTURA,estatal,Orden,7770,7770,Orden de 10 de marzo de 1993 por la que se prorroga el plazo para que el mediador dicte la resolución a que se refiere el artículo 35 del Real Decreto 1434/1992.
1993-03-12,61,1,BOE-A-1993-6760,MINISTERIO DE RELACIONES CON LAS CORTES Y DE LA SECRETARÍA DEL GOBIERNO,estatal,Real Decreto,7770,7792,"Real Decreto 147/1993, de 29 de enero, por el que se establecen las condiciones sanitarias de producción y comercialización de carnes frescas."
1993-03-12,61,1,BOE-A-1993-6761,COMUNIDAD AUTÓNOMA DE ANDALUCÍA,autonómico,Ley,7792,7805,"Ley 4/1992, de 30 de diciembre de Presupuesto de la Comunidad Autónoma de Andalucía para 1993."
1993-03-13,62,1,BOE-A-1993-6973,CORTES GENERALES,estatal,Resolución,7952,7952,"Resolución de 11 de marzo de 1993, del Congreso de los Diputados, por la que se ordena la publicación del Acuerdo de convalidación del Real Decreto-ley 3/1993, de 26 de febrero, de medidas urgentes sobre materias presupuestarias, tributarias, financieras y de empleo."
1993-03-13,62,1,BOE-A-1993-6974,MINISTERIO DE OBRAS PÚBLICAS Y TRANSPORTES,estatal,Resolución,7952,7952,"Resolución de 26 de febrero de 1993, de la Dirección General del Organismo Autónomo Correos y Telégrafos, por la que se regulan los pagos a justificar del Organismo."
1993-03-13,62,1,BOE-A-1993-6975,MINISTERIO DE TRABAJO Y SEGURIDAD SOCIAL,estatal,Resolución,7953,7953,"Resolución de 1 de marzo de 1993, de la Dirección General de Planificación y Ordenación Económica de la Seguridad Social, sobre modificación de los supuestos especiales contemplados en el artículo 76.1 de la Orden de 8 de abril de 1992."
1993-03-13,62,1,BOE-A-1993-6976,"MINISTERIO DE INDUSTRIA, COMERCIO Y TURISMO",estatal,Corrección,7953,7953,"Corrección de errores de la Orden de 24 de febrero de 1993, por la que se modifican los precios del gas de producción nacional."
1993-03-13,62,1,BOE-A-1993-6977,"MINISTERIO DE AGRICULTURA, PESCA Y ALIMENTACIÓN",estatal,Orden,7953,7955,Orden de 5 de marzo de 1993 por la que se establece un plan experimental de pesca con palangre de fondo y artes de enmalle de fondo hasta el 31 de diciembre de 1993 en determinada zona del litoral noroeste.
1993-03-15,63,1,BOE-A-1993-7012,"MINISTERIO DE INDUSTRIA, COMERCIO Y TURISMO",estatal,Resolución,7997,7997,"Resolución de 9 de marzo de 1993, de la Dirección General de la Energía, por la que se publican los precios máximos de venta al público de los gases licuados de petróleo a granel, aplicables en el ámbito de la península e islas Baleares a partir del día 16 de marzo de 1993."
1993-03-15,63,1,BOE-A-1993-7013,"MINISTERIO DE INDUSTRIA, COMERCIO Y TURISMO",estatal,Resolución,7997,7998,"Resolución de 11 de marzo de 1993, de la Dirección General de la Energía, por la que se hacen públicos los nuevos precios máximos de venta de gas natural para usos industriales."
1993-03-15,63,1,BOE-A-1993-7014,"MINISTERIO DE INDUSTRIA, COMERCIO Y TURISMO",estatal,Resolución,7998,7998,"Resolución de 11 de marzo de 1993, de la Dirección General de la Energía, por la que se publican los precios máximos de venta al público de gasolinas y gasóleos, Impuesto General Indirecto Canario excluido, aplicables en el ámbito de la Comunidad Autónoma de Canarias a partir del día 16 de marzo de 1993."
1993-03-15,63,1,BOE-A-1993-7015,"MINISTERIO DE INDUSTRIA, COMERCIO Y TURISMO",estatal,Resolución,7998,7998,"Resolución de 11 de marzo de 1993, de la Dirección General de la Energía, por la que se publican los precios máximos de venta al público de gasolinas y gasóleos, aplicables en el ámbito de la península e islas Baleares a partir del día 16 de marzo de 1993."
1993-03-16,64,1,BOE-A-1993-7069,MINISTERIO DE DEFENSA,estatal,Orden,8074,8074,"Orden 21/1993, de 10 de marzo, sobre organización del servicio de búsqueda y salvamento aéreo."
1993-03-16,64,1,BOE-A-1993-7070,MINISTERIO DE ECONOMÍA Y HACIENDA,estatal,Instrucción o circular,8074,8079,"Circular 1/1993, de 11 de febrero, del Departamento de Aduanas e Impuestos Especiales de la A.E.A.T., por la que se corrige y enmienda el texto de la Circular 9/1992, de 15 de diciembre, relativa a las instrucciones para la formalización del Documento Unico Administrativo (D.U.A)."
1993-03-16,64,1,BOE-A-1993-7071,MINISTERIO DE ECONOMÍA Y HACIENDA,estatal,Instrucción o circular,8079,8082,"Circular 2/1993, de 11 de febrero, del Departamento de Aduanas e Impuestos Especiales de la AEAT, por la que se corrige y enmienda el texto de la Circular 10/1992, de 15 de diciembre, sobre estadística de los intercambios de bienes entre los Estados miembros de la Comunidad Europea."
1993-03-16,64,1,BOE-A-1993-7072,MINISTERIO DE OBRAS PÚBLICAS Y TRANSPORTES,estatal,Orden,8082,8083,Orden de 9 de marzo de 1993 sobre implantación de un nuevo sistema que permita la más adecuada consecución de los fines perseguidos por la declaración de porte.
1993-03-16,64,1,BOE-A-1993-7073,MINISTERIO PARA LAS ADMINISTRACIONES PÚBLICAS,estatal,Real Decreto,8083,8084,"Real Decreto 199/1993, de 12 de febrero, por el que se estructuran los Servicios Territoriales del Ministerio de Obras Públicas y Transportes."
1993-03-17,65,1,BOE-A-1993-7260,MINISTERIO DE TRABAJO Y SEGURIDAD SOCIAL,estatal,Orden,8263,8263,Orden de 11 de marzo de 1993 por la que se incluye en el Régimen Especial de la Seguridad Social de los Trabajadores por Cuenta Propia o Autónomos a los Ingenieros Agrónomos que trabajen por cuenta propia y figuren adscritos al correspondiente Colegio Profesional.
1993-03-17,65,1,BOE-A-1993-7261,MINISTERIO DE RELACIONES CON LAS CORTES Y DE LA SECRETARÍA DEL GOBIERNO,estatal,Corrección,8263,8263,"Corrección de errores del Real Decreto 84/1993, de 22 de enero, por el que se aprueba el Reglamento de desarrollo de la Ley 13/1989, de 26 de mayo, de Cooperativas de Crédito."
1993-03-18,66,1,BOE-A-1993-7359,JEFATURA DEL ESTADO,estatal,Ley,8359,8359,"Ley 2/1993, de 17 de marzo, por la que se derogan los artículos 75 y 76 de la Ley 25/1970, de 2 de diciembre, del Estatuto de la Viña, del Vino y de los Alcoholes."
1993-03-18,66,1,BOE-A-1993-7360,MINISTERIO DE ECONOMÍA Y HACIENDA,estatal,Resolución,8359,8360,"Resolución de 5 de marzo de 1993, de la Dirección General de Presupuestos, que modifica la de 6 de abril de 1989 «por la que se establecen los códigos que definen la estructura económica establecida por Orden del Ministerio de Economía y Hacienda de 13 de febrero de 1989», en lo relativo a reintegros por operaciones de capital."
1993-03-18,66,1,BOE-A-1993-7361,MINISTERIO DE OBRAS PÚBLICAS Y TRANSPORTES,estatal,Real Decreto,8360,8360,"Real Decreto 304/1993, de 26 de febrero, por el que se aprueba la tabla de vigencias de los Reglamentos de Planeamiento, Gestión Urbanística, Disciplina Urbanística, Edificación Forzosa y Registro Municipal de Solares y Reparcelaciones, en ejecución de la disposición final única del texto refundido de la Ley sobre Régimen del Suelo y Ordenación Urbana."
1993-03-18,66,1,BOE-A-1993-7362,MINISTERIO DE OBRAS PÚBLICAS Y TRANSPORTES,estatal,Orden,8360,8364,"Orden de 4 de marzo de 1993 por la que se desarrolla el Real Decreto 1665/1991, de 25 de octubre, por el que se regula el sistema general de reconocimiento de los títulos de enseñanza superior de los estados miembros de la Comunidad Económica Europea que exigen una formación mínima de tres años de duración, en lo que afecta a la profesión de Agente de la Propiedad Inmobiliaria."
1993-03-18,66,1,BOE-A-1993-7363,MINISTERIO DE OBRAS PÚBLICAS Y TRANSPORTES,estatal,Resolución,8364,8365,"Resolución de 1 de marzo de 1993, de la Secretaría General de Comunicaciones, por la que se dispone la publicación del Acuerdo del Consejo de Ministros por el que se aprueban las tarifas máximas del servicio portador del servicio de televisión por satélite."
1993-03-18,66,1,BOE-A-1993-7364,MINISTERIO DE OBRAS PÚBLICAS Y TRANSPORTES,estatal,Resolución,8365,8366,"Resolución de 15 de marzo de 1993, de la Subsecretaría, por la que se hace público el Acuerdo del Consejo de Ministros de fecha 29 de enero de 1993, sobre condiciones de los préstamos para la financiación de actuaciones protegibles en vivienda y suelo."
1993-03-18,66,1,BOE-A-1993-7365,MINISTERIO PARA LAS ADMINISTRACIONES PÚBLICAS,estatal,Corrección,8366,8366,"Corrección de errores de la Resolución de 12 de febrero de 1993, de la Mutualidad Nacional de Previsión de la Administración Local, por la que se regula la asistencia sanitaria de los funcionarios en excedencia para el cuidado de hijos."
1993-03-18,66,1,BOE-A-1993-7366,MINISTERIO DE SANIDAD Y CONSUMO,estatal,Real Decreto,8366,8367,"Real Decreto 306/1993, de 26 de febrero, por el que se modifica la denominación y se da nueva redacción a diversos artículos de los Estatutos de la Organización Colegial de Ayudantes Técnicos Sanitarios, aprobados por el Real Decreto 1856/1978, de 29 de junio."
1993-03-19,67,1,BOE-A-1993-7524,TRIBUNAL CONSTITUCIONAL,estatal,Resolución judicial,8453,8453,"Conflicto positivo de competencia número 87/1988, planteado por el Gobierno en relación con una Resolución de 3 de septiembre de 1987 de la Consejería de la Presidencia del Consejo de Gobierno de Cantabria."
1993-03-19,67,1,BOE-A-1993-7525,TRIBUNAL CONSTITUCIONAL,estatal,Resolución judicial,8453,8453,Cuestión de inconstitucionalidad número 342/1993.
1993-03-19,67,1,BOE-A-1993-7526,TRIBUNAL CONSTITUCIONAL,estatal,Resolución judicial,8453,8453,"Recurso de inconstitucionalidad número 551/1993, planteado por el Gobierno de Canarias contra determinados preceptos de la Ley 27/1992, de 24 de noviembre."
1993-03-19,67,1,BOE-A-1993-7527,TRIBUNAL CONSTITUCIONAL,estatal,Resolución judicial,8453,8453,"Recurso de inconstitucionalidad número 553/1993, planteado por más de 50 Diputados del Grupo Parlamentario Popular contra el artículo 2 de la Ley 28/1992, de 24 de noviembre."
1993-03-19,67,1,BOE-A-1993-7528,MINISTERIO DE ECONOMÍA Y HACIENDA,estatal,Corrección,8453,8453,"Corrección de errores del Real Decreto 258/1993, de 19 de febrero, por el que se aprueba el Reglamento provisional de los Impuestos Especiales de Fabricación."
1993-03-19,67,1,BOE-A-1993-7529,MINISTERIO DE EDUCACIÓN Y CIENCIA,estatal,Orden,8453,8454,"Orden de 9 de marzo de 1993 por la que se establece la composición, atribuciones y funcionamiento del Consejo de Dirección del Centro para la Innovación y Desarrollo de la Educación a Distancia."
1993-03-19,67,1,BOE-A-1993-7530,MINISTERIO DE RELACIONES CON LAS CORTES Y DE LA SECRETARÍA DEL GOBIERNO,estatal,Real Decreto,8454,8457,"Real Decreto 379/1993, de 12 de marzo, de Ordenación de Publicaciones Oficiales."
1993-03-19,67,1,BOE-A-1993-7531,COMISIÓN NACIONAL DEL MERCADO DE VALORES,estatal,Instrucción o circular,8457,8472,"Circular 1/1993, de 3 de marzo, de la Comisión Nacional del Mercado de Valores, sobre normas contables de consolidación aplicables a los grupos y subgrupos de Sociedades y Agencias de Valores."
1993-03-20,68,1,BOE-A-1993-7599,COMUNIDAD AUTÓNOMA VALENCIANA,autonómico,Ley,8516,8547,"Ley 7/1992, de 28 de diciembre, de la Generalidad Valenciana, de Presupuestos para el ejercicio de 1993."
1993-03-22,69,1,BOE-A-1993-7656,MINISTERIO DE ASUNTOS EXTERIORES,estatal,Orden,8590,8590,Orden de 8 de marzo de 1993 por la que se crea una Oficina Consular Honoraria en Cebú (Filipinas).
1993-03-22,69,1,BOE-A-1993-7657,COMISIÓN NACIONAL DEL MERCADO DE VALORES,estatal,Instrucción o circular,8590,8593,"Circular 2/1993, de 3 de marzo, de la Comisión Nacional del Mercado de Valores, sobre información de las Instituciones de Inversión Colectiva Extranjeras que hayan registrado en la Comisión Nacional del Mercado de Valores el folleto de oferta de sus participaciones o acciones."
1993-03-23,70,1,BOE-A-1993-7730,JEFATURA DEL ESTADO,estatal,Ley,8623,8630,"Ley 3/1993, de 22 de marzo, Básica de las Cámaras Oficiales de Comercio, Industria y Navegación."
1993-03-23,70,1,BOE-A-1993-7731,MINISTERIO DE ASUNTOS EXTERIORES,estatal,Resolución,8630,8631,"Resolución de 12 de marzo de 1993, de la Secretaría General Técnica, por la que se dispone la publicación de la denuncia del Acuerdo de Supresión de visados con las islas Seychelles."
1993-03-23,70,1,BOE-A-1993-7732,MINISTERIO DE ECONOMÍA Y HACIENDA,estatal,Orden,8631,8657,Orden de 16 de marzo de 1993 por la que se aprueba el modelo 349 de declaración recapitulativa de operaciones intracomunitarias.
1993-03-23,70,1,BOE-A-1993-7733,MINISTERIO DE ECONOMÍA Y HACIENDA,estatal,Orden,8658,8712,"Orden de 16 de marzo de 1993 por la que se aprueban los modelos de declaración del Impuesto sobre Sociedades para los ejercicios iniciados entre el 1 de enero y el 31 de diciembre de 1992, se dictan instrucciones relativas al procedimiento de declaración e ingreso y se aprueban los modelos para efectuar los pagos a cuenta del ejercicio 1993."
1993-03-24,71,1,BOE-A-1993-7845,MINISTERIO DE JUSTICIA,estatal,Real Decreto,8815,8816,"Real Decreto 257/1993, de 19 de febrero, por el que se regulan las Agrupaciones de Secretarías de Juzgados de Paz."
1993-03-24,71,1,BOE-A-1993-7846,MINISTERIO DE EDUCACIÓN Y CIENCIA,estatal,Real Decreto,8816,8820,"Real Decreto 377/1993, de 12 de marzo, por el que se regula la admisión de alumnos en centros sostenidos con fondos públicos de educación infantil, de educación primaria y de educación secundaria."
1993-03-24,71,1,BOE-A-1993-7847,"MINISTERIO DE INDUSTRIA, COMERCIO Y TURISMO",estatal,Corrección,8820,8820,Corrección de errores de la orden de 13 de enero de 1993 por la que se establecen tarifas eléctricas.
1993-03-24,71,1,BOE-A-1993-7848,MINISTERIO PARA LAS ADMINISTRACIONES PÚBLICAS,estatal,Real Decreto,8820,8821,"Real Decreto 348/1993, de 5 de marzo, sobre organización de los servicios territoriales del Ministerio de Sanidad y Consumo."
1993-03-24,71,1,BOE-A-1993-7849,COMUNIDAD AUTÓNOMA DE ARAGÓN,autonómico,Ley,8822,8825,"Ley 1/1993, de 19 de febrero, de Medidas Básicas de Inserción y Normalización Social."
1993-03-24,71,1,BOE-A-1993-7850,COMUNIDAD AUTÓNOMA DE ARAGÓN,autonómico,Ley,8825,8827,"Ley 2/1993, de 19 de febrero, por la que se crea el Instituto Aragonés de la Mujer."
1993-03-25,72,1,BOE-A-1993-7948,MINISTERIO DE TRABAJO Y SEGURIDAD SOCIAL,estatal,Orden,9005,9005,Orden de 22 de marzo de 1993 sobre implantación de nuevas Unidades de Recaudación Ejecutiva de la Tesorería General de la Seguridad Social.
1993-03-25,72,1,BOE-A-1993-7949,"MINISTERIO DE AGRICULTURA, PESCA Y ALIMENTACIÓN",estatal,Real Decreto,9006,9006,"Real Decreto 346/1993, de 5 de marzo, por el que se modifica el Real Decreto 1193/1991, de 26 de julio, que regula el régimen de autorizaciones para la plantación de viñedo durante las campañas 1991/1992 a 1995/1996."
1993-03-26,73,1,BOE-A-1993-8019,MINISTERIO DE TRABAJO Y SEGURIDAD SOCIAL,estatal,Resolución,9104,9127,"Resolución de 23 de marzo de 1993, de la Secretaría General para la Seguridad Social, por la que se determina el ámbito territorial de las Unidades de Recaudación Ejecutiva en las Direcciones Provinciales de la Tesorería General de la Seguridad Social."
1993-03-26,73,1,BOE-A-1993-8020,MINISTERIO DE SANIDAD Y CONSUMO,estatal,Orden,9127,9130,"Orden de 12 de marzo de 1993 por la que se adaptan por quinta vez al progreso técnico los anexos del Real Decreto 349/1988, de 15 de abril, por el que se aprueba la Reglamentación Técnico-Sanitaria de Productos Cosméticos."
1993-03-26,73,1,BOE-A-1993-8021,MINISTERIO DE RELACIONES CON LAS CORTES Y DE LA SECRETARÍA DEL GOBIERNO,estatal,Orden,9130,9131,"Orden de 24 de marzo de 1993, sobre transferencias de funciones y medios en materia de pesca marítima."
1993-03-26,73,1,BOE-A-1993-8022,MINISTERIO DE RELACIONES CON LAS CORTES Y DE LA SECRETARÍA DEL GOBIERNO,estatal,Resolución,9131,9147,"Resolución de 15 de marzo de 1993, de la Subsecretaría, por la que se dispone la publicación del Acuerdo del Consejo de Ministros de 21 de febrero de 1992, por el que se autoriza la inclusión de nueve humedales en la lista del Convenio sobre Humedales de Importancia Internacional, especialmente como hábitat para las aves acuáticas (Ramsar, 2 de febrero de 1971)."
1993-03-26,73,1,BOE-A-1993-8023,COMISIÓN INTERMINISTERIAL DE RETRIBUCIONES,estatal,Resolución,9148,9153,"Resolución de 22 de marzo de 1993, conjunta de las Subsecretarías de Economía y Hacienda y para las Administraciones Públicas, por la que se dispone la publicación del Acuerdo de Consejo de Ministros de 12 de febrero de 1993, por el que, en cumplimiento de lo dispuesto en el Real Decreto 236/1988, de 4 de marzo, se revisa el importe de las indemnizaciones establecidas en el mismo."
1993-03-27,74,1,BOE-A-1993-8257,MINISTERIO DE ASUNTOS EXTERIORES,estatal,Tratado o acuerdo internacional,9285,9286,"Acuerdo entre el Reino de España y la República de Filipinas sobre Cooperación Económica e Industrial, hecho en Manila el 21 de mayo de 1988."
1993-03-27,74,1,BOE-A-1993-8258,MINISTERIO DEL INTERIOR,estatal,Orden,9286,9286,"Orden de 18 de marzo de 1993, por la que se concretan los órganos competentes para sancionar las infracciones a la legislación del seguro obligatorio de responsabilidad civil para circular con vehículos de motor."
1993-03-27,74,1,BOE-A-1993-8259,MINISTERIO DE OBRAS PÚBLICAS Y TRANSPORTES,estatal,Real Decreto,9286,9299,"Real Decreto 409/1993, de 18 de marzo, por el que se aprueba el Reglamento Técnico y de Prestación del Servicio de Televisión por Satélite y del Servicio Portador soporte del mismo."
1993-03-27,74,1,BOE-A-1993-8260,MINISTERIO DE EDUCACIÓN Y CIENCIA,estatal,Orden,9299,9300,"Orden de 22 de marzo de 1993 por la que se regula provisionalmente la expedición de los Certificados de Aptitud, correspondientes al ciclo superior del primer nivel de las enseñanzas especializadas de idiomas."
1993-03-27,74,1,BOE-A-1993-8261,"MINISTERIO DE INDUSTRIA, COMERCIO Y TURISMO",estatal,Real Decreto,9300,9301,"Real Decreto 425/1993, de 26 de marzo, sobre garantías de prestación de servicios esenciales por las Empresas autorizadas a realizar las actividades de transporte y almacenamiento, distribución al por mayor y distribución al por menor de carburantes y combustibles petrolíferos."
1993-03-27,74,1,BOE-A-1993-8262,"MINISTERIO DE INDUSTRIA, COMERCIO Y TURISMO",estatal,Orden,9301,9301,"Orden de 15 de marzo de 1993 por la que se modifica el anexo 11 del Real Decreto 2140/1985, de 9 de octubre, por el que se dictan normas sobre la homologación de tipos de vehículos automóviles y semirremolques, así como de partes y piezas de dichos vehículos."
1993-03-27,74,1,BOE-A-1993-8263,"MINISTERIO DE AGRICULTURA, PESCA Y ALIMENTACIÓN",estatal,Real Decreto,9301,9307,"Real Decreto 345/1993, de 5 de marzo, por el que se establecen las normas de calidad de las aguas y de la producción de moluscos y otros invertebrados marinos vivos."
1993-03-27,74,1,BOE-A-1993-8264,COMUNIDAD AUTÓNOMA DE CATALUÑA,autonómico,Ley,9308,9308,"Ley 1/1993, de 25 de febrero, del himno nacional de Cataluña."
1993-03-27,74,1,BOE-A-1993-8265,COMUNIDAD AUTÓNOMA DE GALICIA,autonómico,Corrección,9308,9309,"Corrección de errores de la Ley 14/1992, de 29 de diciembre, de presupuestos generales de la Comunidad Autónoma Gallega para el año 1993."
1993-03-29,75,1,BOE-A-1993-8309,MINISTERIO DE ASUNTOS EXTERIORES,estatal,Tratado o acuerdo internacional,9341,9343,Acuerdo Administrativo firmado en Madrid el 21 de mayo de 1991 para la aplicación del Convenio de Seguridad Social entre España y Filipinas de 20 de mayo de 1988.
1993-03-29,75,1,BOE-A-1993-8310,"MINISTERIO DE INDUSTRIA, COMERCIO Y TURISMO",estatal,Resolución,9343,9343,"Resolución de 24 de marzo de 1993, de la Dirección General de la Energía, por la que se publican los precios máximos de venta al público de gasolinas y gasóleos, aplicables en el ámbito de la península e islas Baleares a partir del día 30 de marzo de 1993."
1993-03-29,75,1,BOE-A-1993-8311,"MINISTERIO DE INDUSTRIA, COMERCIO Y TURISMO",estatal,Resolución,9343,9344,"Resolución de 25 de marzo de 1993, de la Dirección General de la Energía, por la que se hacen públicos los nuevos precios máximos de venta de gas natural para usos industriales."
1993-03-29,75,1,BOE-A-1993-8312,"MINISTERIO DE INDUSTRIA, COMERCIO Y TURISMO",estatal,Resolución,9344,9344,"Resolución de 25 de marzo de 1993, de la Dirección General de la Energía, por la que se publican los precios máximos de venta al público de gasolinas y gasóleos, Impuesto General Indirecto Canario excluido, aplicables en el ámbito de la Comunidad Autónoma de Canarias a partir del día 30 de marzo de 1993."
1993-03-30,76,1,BOE-A-1993-8367,JEFATURA DEL ESTADO,estatal,Real Decreto-ley,9374,9376,"Real Decreto-ley 4/1993, de 26 de marzo, por el que se autoriza el resarcimiento de los daños causados como consecuencia de la rotura de la presa de Tous y se concede un crédito extraordinario por importe de 19.000 millones de pesetas."
1993-03-30,76,1,BOE-A-1993-8368,MINISTERIO DEL INTERIOR,estatal,Orden,9376,9377,"Orden de 24 de marzo de 1993 por la que se modifica parcialmente la de 17 de febrero de 1988, que desarrolla la estructura orgánica y funciones de los servicios centrales y periféricos de la Dirección General de la Policía."
1993-03-30,76,1,BOE-A-1993-8369,MINISTERIO DE EDUCACIÓN Y CIENCIA,estatal,Orden,9377,9378,"Orden de 25 de marzo de 1993 por la que se regula la creación y funcionamiento de los Centros de Formación, Innovación y Desarrollo de la Formación Profesional."
1993-03-30,76,1,BOE-A-1993-8370,"MINISTERIO DE AGRICULTURA, PESCA Y ALIMENTACIÓN",estatal,Real Decreto,9378,9385,"Real Decreto 378/1993, de 12 de marzo, por el que se establece un régimen de ayudas para fomentar inversiones forestales en explotaciones agrarias y acciones de desarrollo y aprovechamiento de los bosques en las zonas rurales."
1993-03-30,76,1,BOE-A-1993-8371,MINISTERIO DE RELACIONES CON LAS CORTES Y DE LA SECRETARÍA DEL GOBIERNO,estatal,Real Decreto,9386,9393,"Real Decreto 308/1993, de 26 de febrero, por el que se aprueba la reglamentación técnico-sanitaria que fija las normas aplicables a la comercialización de moluscos bivalvos vivos."
1993-03-31,77,1,BOE-A-1993-8501,JEFATURA DEL ESTADO,estatal,Ley,9471,9471,"Ley 4/1993, de 29 de marzo, de modificación de la Ley 26/1990, de 20 de diciembre, sobre actualización periódica del límite máximo de ingresos anuales para acceder a la asignación económica por hijo a cargo."
1993-03-31,77,1,BOE-A-1993-8502,TRIBUNAL CONSTITUCIONAL,estatal,Resolución judicial,9471,9471,"Conflicto positivo de competencia número 271/1986, planteado por el Consejo Ejecutivo de la Generalidad de Cataluña frente al Gobierno."
1993-03-31,77,1,BOE-A-1993-8503,TRIBUNAL CONSTITUCIONAL,estatal,Resolución judicial,9471,9472,"Conflicto positivo de competencia número 385/1988, planteado por el Consejo Ejecutivo de la Generalidad de Cataluña frente al Gobierno."
1993-03-31,77,1,BOE-A-1993-8504,TRIBUNAL CONSTITUCIONAL,estatal,Resolución judicial,9472,9472,"Recurso de inconstitucionalidad número 749/1993, planteado por el Presidente del Gobierno contra la Ley de la Comunidad Autónoma de Castilla y León 6/1992, de 18 de diciembre."
1993-03-31,77,1,BOE-A-1993-8505,"MINISTERIO DE INDUSTRIA, COMERCIO Y TURISMO",estatal,Real Decreto,9472,9473,"Real Decreto 344/1993, de 5 de marzo, relativo al tránsito de electricidad por las grandes redes."
1993-03-31,77,1,BOE-A-1993-8506,"MINISTERIO DE AGRICULTURA, PESCA Y ALIMENTACIÓN",estatal,Orden,9473,9473,"Orden de 24 de marzo de 1993 por la que se modifica el anexo II de la de 11 de octubre de 1988, relativa a sustancias y productos indeseables en alimentación animal."
1993-03-31,77,1,BOE-A-1993-8507,"MINISTERIO DE AGRICULTURA, PESCA Y ALIMENTACIÓN",estatal,Orden,9473,9479,"Orden de 26 de marzo de 1993, por la que se modifica la Orden de 25 de febrero de 1993 por la que se instrumenta la solicitud y concesión de la prima especial a los productores de carne de vacuno para el año 1993."
1993-03-31,77,1,BOE-A-1993-8508,MINISTERIO PARA LAS ADMINISTRACIONES PÚBLICAS,estatal,Real Decreto,9480,9482,"Real Decreto 347/1993, de 5 de marzo, sobre organización de los Servicios Territoriales del Instituto Nacional de la Salud."
1993-03-31,77,1,BOE-A-1993-8509,MINISTERIO DE RELACIONES CON LAS CORTES Y DE LA SECRETARÍA DEL GOBIERNO,estatal,Real Decreto,9482,9483,"Real Decreto 350/1993, de 5 de marzo, por el que se modifica la Reglamentación Técnico-Sanitaria de los productos de la caza, aprobada por el Real Decreto 2815/1983, de 13 de octubre."
1993-03-31,77,1,BOE-A-1993-8510,BANCO DE ESPAÑA,estatal,Instrucción o circular,9483,9484,"Circular 3/1993, de 26 de marzo, sobre cambio de moneda extranjera en establecimientos abiertos al público."
1993-04-01,78,1,BOE-A-1993-8638,MINISTERIO DE ASUNTOS EXTERIORES,estatal,Tratado o acuerdo internacional,9599,9600,"Aplicación provisional del Canje de Notas, de fechas 30 de septiembre y 23 de diciembre de 1992, modificativo del Tratado General de Cooperación y Amistad entre el Reino de España y la República Argentina de 3 de junio de 1988."
1993-04-01,78,1,BOE-A-1993-8639,MINISTERIO DE RELACIONES CON LAS CORTES Y DE LA SECRETARÍA DEL GOBIERNO,estatal,Orden,9600,9601,Orden de 31 de marzo de 1993 por la que se regula el acceso al Banco de Datos del Centro de Investigaciones Sociológicas.
1993-04-02,79,1,BOE-A-1993-8787,PRESIDENCIA DEL GOBIERNO,estatal,Real Decreto,9786,9786,"Real Decreto 469/1993, de 1 de abril, por el que se declaran días de Luto Nacional y se disponen los honores fúnebres con motivo del fallecimiento de S.A.R. Don Juan de Borbón y Battenberg, Conde de Barcelona."
1993-04-03,80,1,BOE-A-1993-8969,TRIBUNAL CONSTITUCIONAL,estatal,Resolución judicial,9968,9968,Cuestión de inconstitucionalidad número 587/1993.
1993-04-03,80,1,BOE-A-1993-8970,TRIBUNAL CONSTITUCIONAL,estatal,Resolución judicial,9968,9968,"Recurso de inconstitucionalidad número 2.559/1992, planteado por el Presidente del Gobierno contra determinados preceptos de la Ley de Castilla-La Mancha 2/1992, de 7 de mayo, de Pesca Fluvial."
1993-04-03,80,1,BOE-A-1993-8971,TRIBUNAL CONSTITUCIONAL,estatal,Resolución judicial,9968,9968,"Recurso de inconstitucionalidad número 650/1993, planteado por más de cincuenta Diputados del Grupo Parlamentario Popular contra determinados preceptos de la Ley 32/1992, de 3 de diciembre."
1993-04-03,80,1,BOE-A-1993-8972,MINISTERIO DE OBRAS PÚBLICAS Y TRANSPORTES,estatal,Corrección,9968,9968,"Corrección de errores del Real Decreto 81/1993, de 22 de enero, por el que se establecen las especificaciones técnicas para la conexión de equipos terminales de datos con conmutación de paquetes «Iberpac» utilizando los interfaces definidos en las recomendaciones X.28 y X.32 (1988) del Comité Consultivo Internacional Telegráfico y Telefónico (CCITT), el procedimiento datáfono y el interfaz basado en el modo de respuesta normal de protocolo de control de línea de alto nivel (HDLC/MRN)."
1993-04-03,80,1,BOE-A-1993-8973,"MINISTERIO DE AGRICULTURA, PESCA Y ALIMENTACIÓN",estatal,Real Decreto,9968,9973,"Real Decreto 477/1993, de 2 de abril, por el que se establece un régimen de ayudas destinado a fomentar el cese anticipando en la actividad agraria."
1993-04-03,80,1,BOE-A-1993-8974,MINISTERIO DE RELACIONES CON LAS CORTES Y DE LA SECRETARÍA DEL GOBIERNO,estatal,Real Decreto,9974,9979,"Real Decreto 480/1993, de 2 de abril, por el que se integra en el Régimen General de la Seguridad Social el Régimen Especial de la Seguridad Social de los Funcionarios de la Administración Local."
1993-04-03,80,1,BOE-A-1993-8975,COMUNIDAD AUTÓNOMA DE CATALUÑA,autonómico,Ley,9979,9982,"Ley 2/1993, de 5 de marzo, de Fomento y Protección de la Cultura Popular y Tradicional y del Asociacionismo Cultural."
1993-04-05,81,1,BOE-A-1993-9081,MINISTERIO DE ECONOMÍA Y HACIENDA,estatal,Resolución,10017,10017,"Resolución de 17 de marzo de 1993, de la Secretaría de Estado de Hacienda, por la que se ordena la publicación del acuerdo del Consejo de Ministros por el que se establece el control financiero de carácter permanente en distintos hospitales y centros sanitarios del INSALUD."
1993-04-05,81,1,BOE-A-1993-9082,MINISTERIO DE OBRAS PÚBLICAS Y TRANSPORTES,estatal,Orden,10017,10019,"Orden de 25 de marzo de 1993 de desarrollo del Real Decreto 1145/1992, de 25 de septiembre, por el que se regula la prestación de determinados servicios rápidos internacionales de recogida, transporte y entrega de cartas y tarjetas postales."
1993-04-05,81,1,BOE-A-1993-9083,"MINISTERIO DE AGRICULTURA, PESCA Y ALIMENTACIÓN",estatal,Corrección,10019,10020,Corrección de errores de la Orden de 5 de marzo de 1993 por la que se establece un plan experimental de pesca con palangre de fondo y artes de enmalle de fondo hasta el 31 de diciembre de 1993 en determinada zona del litoral noroeste.
1993-04-05,81,1,BOE-A-1993-9084,COMUNIDAD AUTÓNOMA DE CATALUÑA,autonómico,Ley,10020,10026,"Ley 3/1993, de 5 de marzo, del Estatuto del Consumidor."
1993-04-06,82,1,BOE-A-1993-9144,PRESIDENCIA DEL GOBIERNO,estatal,Real Decreto,10084,10084,"Real Decreto 475/1993, de 2 de abril, por el que se modifica el Real Decreto 135/1993, de 29 de enero."
1993-04-06,82,1,BOE-A-1993-9145,MINISTERIO DE ECONOMÍA Y HACIENDA,estatal,Resolución,10084,10086,Resolución de 30 de marzo de 1993 por la que se modifican parcialmente las normas que regulan los concursos de Lotería Primitiva.
1993-04-06,82,1,BOE-A-1993-9146,COMUNIDAD AUTÓNOMA DE CANARIAS,autonómico,Ley,10086,10130,"Ley 10/1992, de 23 de diciembre, de Presupuestos Generales de la Comunidad Autónoma de Canarias para 1993."
1993-04-07,83,1,BOE-A-1993-9181,MINISTERIO DE EDUCACIÓN Y CIENCIA,estatal,Orden,10255,10261,"Orden de 1 de abril de 1993 por la que se regula el procedimiento de admisión de alumnos en centros sostenidos con fondos públicos de Educación Infantil, de Educación Primaria y de Educación Secundaria."
1993-04-07,83,1,BOE-A-1993-9182,"MINISTERIO DE INDUSTRIA, COMERCIO Y TURISMO",estatal,Resolución,10262,10262,"Resolución de 29 de marzo de 1993, de la Dirección General de Comercio Exterior, por la que se modifica la relación de Centros de Inspección de Comercio Exterior (SOIVRE) habilitados por la emisión de permisos y certificados CITES."
1993-04-08,84,1,BOE-A-1993-9288,MINISTERIO DE ASUNTOS EXTERIORES,estatal,Tratado o acuerdo internacional,10381,10382,"Acuerdo sobre cooperación en materia de reducción de la demanda de drogas entre el Reino de España y los Estados Unidos de América, hecho en Madrid el 25 de noviembre de 1991."
1993-04-08,84,1,BOE-A-1993-9289,MINISTERIO DE ECONOMÍA Y HACIENDA,estatal,Resolución,10382,10382,"Resolución de 1 de abril de 1993, de la Dirección General de Presupuestos, por la que se corrigen errores en la de 5 de marzo de 1993, que modifica la de 6 de abril de 1989, «Por la que se establecen los códigos que definen la estructura económica establecida por Orden del Ministerio de Economía y Hacienda de 13 de febrero de 1989», en lo relativo a reintegros por operaciones de capital."
1993-04-08,84,1,BOE-A-1993-9290,BANCO DE ESPAÑA,estatal,Instrucción o circular,10382,10390,"Circular 4/1993, de 26 de marzo, a Entidades de crédito, sobre modificación de la Circular 4/1991, de normas de contabilidad."
1993-04-08,84,1,BOE-A-1993-9291,BANCO DE ESPAÑA,estatal,Instrucción o circular,10391,10412,"Circular 5/1993, de 26 de marzo, a Entidades de crédito, sobre determinación y control de los recursos propios mínimos."
1993-04-09,85,1,BOE-A-1993-9339,TRIBUNAL CONSTITUCIONAL,estatal,Resolución judicial,10437,10437,"Recurso de inconstitucionalidad número 847/93, planteado por el Consejo Ejecutivo de la Generalidad de Cataluña contra la disposición final tercera de la Ley 34/1992, de 22 de diciembre."
1993-04-09,85,1,BOE-A-1993-9340,TRIBUNAL CONSTITUCIONAL,estatal,Resolución judicial,10437,10437,"Recurso de inconstitucionalidad número 2685/92, planteado por el Presidente del Gobierno contra determinados preceptos de la Ley del Parlamento Vasco 3/1992, de 1 de julio."
1993-04-09,85,1,BOE-A-1993-9341,MINISTERIO DE OBRAS PÚBLICAS Y TRANSPORTES,estatal,Orden,10437,10438,"Orden de 25 de marzo de 1993 por la que se modifica la tasa de amortización establecida en el artículo 17 del Real Decreto 1932/1991, de 20 de diciembre, sobre medidas de financiación de actuaciones protegibles en materia de vivienda del Plan 1992-1995, y se adoptan otras medidas relativas a estas actuaciones."
1993-04-12,87,1,BOE-A-1993-9441,MINISTERIO DE TRABAJO Y SEGURIDAD SOCIAL,estatal,Orden,10533,10534,"Orden de 7 de abril de 1993 por la que se desarrolla el Real Decreto 480/1993, de 2 de abril, por el que se integra en el Régimen General de la Seguridad Social el Régimen Especial de la Seguridad Social de los Funcionarios de la Administración Local, en materia de cotización y pago de pensiones."
1993-04-12,87,1,BOE-A-1993-9442,"MINISTERIO DE INDUSTRIA, COMERCIO Y TURISMO",estatal,Resolución,10534,10535,"Resolución de 7 de abril de 1993, de la Dirección General de la Energía, por la que se hacen públicos los nuevos precios máximos de venta de gas natural para usos industriales."
1993-04-12,87,1,BOE-A-1993-9443,"MINISTERIO DE INDUSTRIA, COMERCIO Y TURISMO",estatal,Resolución,10535,10535,"Resolución de 7 de abril de 1993, de la Dirección General de la Energía, por la que se publican los precios máximos de venta al público de gasolinas y gasóleos, Impuesto General Indirecto Canario excluido, aplicables en el ámbito de la Comunidad Autónoma de Canarias a partir del día 13 de abril de 1993."
1993-04-12,87,1,BOE-A-1993-9444,"MINISTERIO DE INDUSTRIA, COMERCIO Y TURISMO",estatal,Resolución,10535,10536,"Resolución de 7 de abril de 1993, de la Dirección General de la Energía, por la que se publican los precios máximos de venta al público de gasolinas y gasóleos, aplicables en el ámbito de la península e islas Baleares a partir del día 13 de abril de 1993."
1993-04-13,88,1,BOE-A-1993-9513,JEFATURA DEL ESTADO,estatal,Real Decreto,10581,10582,"Real Decreto 534/1993, de 12 de abril, de disolución del Congreso de los Diputados y del Senado y de convocatoria de elecciones."
1993-04-13,88,1,BOE-A-1993-9514,MINISTERIO DE ASUNTOS EXTERIORES,estatal,Orden,10583,10587,Orden de 29 de marzo de 1993 por la que se regula las bases generales para la concesión de subvenciones a Organizaciones no Gubernamentales de Desarrollo e Instituciones sin fines de lucro que realicen actividades en el campo de la cooperacion internacional para la ejecución de proyectos de cooperación al desarrollo.
1993-04-13,88,1,BOE-A-1993-9515,MINISTERIO DE TRABAJO Y SEGURIDAD SOCIAL,estatal,Resolución,10587,10594,"Resolución de 31 de marzo de 1993, de la Subsecretaría, por la que se acuerda la publicación del Reglamento de Organización y Funcionamiento Interno del Consejo Económico y Social."
1993-04-13,88,1,BOE-A-1993-9516,"MINISTERIO DE AGRICULTURA, PESCA Y ALIMENTACIÓN",estatal,Orden,10594,10599,Orden de 6 de abril de 1993 por la que se instrumentan modalidades de aplicación de la tasa suplementaria en el sector de la leche y de los productos lácteos.
1993-04-13,88,1,BOE-A-1993-9517,MINISTERIO DE SANIDAD Y CONSUMO,estatal,Orden,10600,10638,"Orden de 6 de abril de 1993 por la que se desarrolla el Real Decreto 83/1993, de 22 de enero, que regula la selección de los medicamentos a efectos de su financiación por el Sistema Nacional de Salud."
1993-04-14,89,1,BOE-A-1993-9578,MINISTERIO DE OBRAS PÚBLICAS Y TRANSPORTES,estatal,Real Decreto,10711,10782,"Real Decreto 376/1993, de 12 de marzo, por el que se establecen las especificaciones técnicas de los «modems» para circuitos analógicos alquilados de banda vocal."
1993-04-14,89,1,BOE-A-1993-9579,MINISTERIO DE OBRAS PÚBLICAS Y TRANSPORTES,estatal,Real Decreto,10783,10785,"Real Decreto 419/1993, de 26 de marzo, por el que se actualiza el importe de las sanciones establecidas en el artículo 109 de la Ley 29/1985, de 2 de agosto, de Aguas, y se modifican determinados artículos del Reglamento del Dominio Público Hidráulico, aprobado por el Real Decreto 849/1986, de 11 de abril."
1993-04-14,89,1,BOE-A-1993-9580,MINISTERIO DE OBRAS PÚBLICAS Y TRANSPORTES,estatal,Real Decreto,10785,10785,"Real Decreto 420/1993, de 26 de marzo, por el que se deroga el Decreto de 10 de abril de 1942 sobre contribución obligatoria por parte del personal de las compañías ferroviarias al sostenimiento del Colegio de Huérfanos de Ferroviarios."
1993-04-14,89,1,BOE-A-1993-9581,MINISTERIO PARA LAS ADMINISTRACIONES PÚBLICAS,estatal,Real Decreto,10785,10787,"Real Decreto 426/1993, de 26 de marzo, por el que se regulan las Secciones de Asuntos Laborales y de Seguridad Social de las Oficinas Consulares."
1993-04-15,90,1,BOE-A-1993-9779,MINISTERIO DEL INTERIOR,estatal,Orden,10967,10974,Orden de 2 de abril de 1993 por la que se publica el Acuerdo del consejo de Ministros que aprueba la Directriz Básica de Planificación de Protección Civil de Emergencia por Incendios Forestales.
1993-04-15,90,1,BOE-A-1993-9780,MINISTERIO DE EDUCACIÓN Y CIENCIA,estatal,Orden,10975,10975,"Orden de 2 de abril de 1993 por la que se modifica la Orden de 30 de octubre de 1992, por la que se establecen los elementos básicos de los informes de evaluación, de las enseñanzas de régimen general reguladas por la Ley Orgánica 1/1990, de 3 de octubre, de Ordenación General del Sistema Educativo, así como los requisitos formales derivados del proceso de evaluación que son precisos para garantizar la movilidad de los alumnos."
1993-04-16,91,1,BOE-A-1993-9907,MINISTERIO DE ASUNTOS EXTERIORES,estatal,Orden,11098,11098,Orden de 6 de abril de 1993 por la que se crea una Oficina Consular Honoraria en Reggio Calabria (Italia).
1993-04-16,91,1,BOE-A-1993-9908,MINISTERIO DE ASUNTOS EXTERIORES,estatal,Orden,11098,11098,Orden de 6 de abril de 1993 por la que se crea una Oficina Consular Honoraria en Avellino (Italia).
1993-04-16,91,1,BOE-A-1993-9909,MINISTERIO DE ASUNTOS EXTERIORES,estatal,Tratado o acuerdo internacional,11098,11098,"Protocolo relativo a la prohibición del empleo en la guerra de gases asfixiantes, tóxicos o similares y de medios bacteriológicos, hecho en Ginebra el 17 de junio de 1925. Gaceta de Madrid de 6 de septiembre de 1929 y 14 de septiembre de 1930. Retirada de la Reserva española."
1993-04-16,91,1,BOE-A-1993-9910,MINISTERIO DE JUSTICIA,estatal,Orden,11098,11102,Orden de 25 de marzo de 1993 por la que se agrupan diversos Juzgados a efectos de ser servidos por un solo médico forense.
1993-04-16,91,1,BOE-A-1993-9911,MINISTERIO DE ECONOMÍA Y HACIENDA,estatal,Orden,11102,11169,"Orden de 14 de abril de 1993 por la que se aprueban los modelos de declaración del Impuesto sobre la Renta de las Personas Físicas y del Impuesto sobre el Patrimonio para el ejercicio 1992, y se determinan el lugar, forma y plazos de presentación de los mismos."
1993-04-16,91,1,BOE-A-1993-9912,MINISTERIO DE ECONOMÍA Y HACIENDA,estatal,Instrucción o circular,11170,11173,"Circular 2/1993, de 3 de marzo, de la Intervención General de la Administración del Estado, por la que se establece el ejercicio del control posterior de derechos e ingresos previsto en el artículo 95.6 de la Ley General Presupuestaria."
1993-04-16,91,1,BOE-A-1993-9913,MINISTERIO PARA LAS ADMINISTRACIONES PÚBLICAS,estatal,Real Decreto,11173,11194,"Real Decreto 427/1993, de 26 de marzo, de traspaso de funciones y servicios de la gestión de la formación profesional ocupacional a la Comunidad Autónoma de Andalucía."
1993-04-16,91,1,BOE-A-1993-9914,COMUNIDAD AUTÓNOMA DE LA RIOJA,autonómico,Ley,11195,11205,"Ley 1/1993, de 23 de marzo, de Patrimonio de la Comunidad Autónoma de La Rioja."
1993-04-17,92,1,BOE-A-1993-10082,JEFATURA DEL ESTADO,estatal,Ley,11438,11439,"Ley 5/1993, de 16 de abril, sobre la liquidación definitiva de la participación de las Corporaciones Locales en los tributos del Estado, correspondiente al ejercicio de 1990."
1993-04-17,92,1,BOE-A-1993-10083,JEFATURA DEL ESTADO,estatal,Ley,11439,11440,"Ley 6/1993, de 16 de abril, sobre concesión de un crédito extraordinario por importe de 11.869.164.225 pesetas para el pago de indemnizaciones derivadas de sentencias del Tribunal Supremo a titulares de las oficinas de farmacia."
1993-04-17,92,1,BOE-A-1993-10084,JEFATURA DEL ESTADO,estatal,Ley,11440,11443,"Ley 7/1993, de 16 de abril, por la que se aprueba la metodología de determinación del Cupo del País Vasco para el quinquenio 1992/1996."
1993-04-17,92,1,BOE-A-1993-10085,JEFATURA DEL ESTADO,estatal,Real Decreto-ley,11443,11444,"Real Decreto-ley 5/1993, de 16 de abril, por el que se autorizan determinadas actuaciones en relación con las cuencas del Tajo y el Segura."
1993-04-17,92,1,BOE-A-1993-10086,MINISTERIO DE JUSTICIA,estatal,Real Decreto,11444,11445,"Real Decreto 557/1993, de 16 de abril, sobre actuación notarial en el procedimiento de emisión de voto por correo."
1993-04-17,92,1,BOE-A-1993-10087,MINISTERIO DE ECONOMÍA Y HACIENDA,estatal,Orden,11445,11445,Orden de 15 de abril de 1993 por la que se fijan las cantidades actualizadas de las subvenciones a los gastos originados por actividades electorales para las elecciones generales del 6 de junio de 1993.
1993-04-17,92,1,BOE-A-1993-10088,MINISTERIO DE ECONOMÍA Y HACIENDA,estatal,Corrección,11446,11446,"Corrección de errores de la Orden de 14 de abril de 1993 por la que se aprueban los modelos de declaración del Impuesto sobre la Renta de las Personas Físicas y del Impuesto sobre el Patrimonio para el ejercicio 1992, y se determinan el lugar, forma y plazos de presentación de los mismos."
1993-04-17,92,1,BOE-A-1993-10089,MINISTERIO DE RELACIONES CON LAS CORTES Y DE LA SECRETARÍA DEL GOBIERNO,estatal,Real Decreto,11446,11449,"Real Decreto 562/1993, de 16 de abril, por el que se desarrolla el artículo 18 de la Ley 31/1991, de 30 de diciembre, de Presupuestos Generales del Estado para 1992, sobre procedimiento especial de gestión de gastos electorales."
1993-04-17,92,1,BOE-A-1993-10090,MINISTERIO DE RELACIONES CON LAS CORTES Y DE LA SECRETARÍA DEL GOBIERNO,estatal,Real Decreto,11449,11454,"Real Decreto 563/1993, de 16 de abril, por el que se modifican determinados preceptos del Real Decreto 421/1991, de 5 de abril, por el que se dictan normas reguladoras de los procesos electorales"
1993-04-19,93,1,BOE-A-1993-10158,MINISTERIO DE OBRAS PÚBLICAS Y TRANSPORTES,estatal,Corrección,11518,11518,"Corrección de errores de la Resolución de 26 de febrero de 1993, de la Dirección General del Organismo autónomo Correos y Telégrafos, por la que se regulan los pagos a justificar del Organismo."
1993-04-19,93,1,BOE-A-1993-10159,"MINISTERIO DE INDUSTRIA, COMERCIO Y TURISMO",estatal,Resolución,11518,11518,"Resolución de 15 de abril de 1993, de la Dirección General de la Energía, por la que se publican los precios máximos de venta al público de los gases licuados de petróleo a granel, aplicables en el ámbito de la península e islas Baleares a partir del día 20 de abril de 1993."
1993-04-19,93,1,BOE-A-1993-10160,COMISIÓN NACIONAL DEL MERCADO DE VALORES,estatal,Corrección,11518,11518,"Corrección de errores en el texto de la Circular 1/1993, de 3 de marzo, de la Comisión Nacional del Mercado de Valores, sobre normas contables de consolidación aplicables a los grupos y subgrupos de sociedades y agencias de valores."
1993-04-20,94,1,BOE-A-1993-10255,JEFATURA DEL ESTADO,estatal,Ley,11559,11560,"Ley 8/1993, de 19 de abril, de reconocimiento de la Universidad «San Pablo-CEU», de Madrid."
1993-04-20,94,1,BOE-A-1993-10256,JEFATURA DEL ESTADO,estatal,Ley,11561,11562,"Ley 9/1993, de 19 de abril, de reconocimiento de la Universidad «Alfonso X el Sabio», de Madrid."
1993-04-20,94,1,BOE-A-1993-10257,MINISTERIO DE OBRAS PÚBLICAS Y TRANSPORTES,estatal,Orden,11563,11575,Orden de 13 de abril de 1993 sobre aplicación de las tarifas por servicios prestados por las autoridades protuarias.
1993-04-20,94,1,BOE-A-1993-10258,MINISTERIO DE RELACIONES CON LAS CORTES Y DE LA SECRETARÍA DEL GOBIERNO,estatal,Real Decreto,11575,11578,"Real Decreto 349/1993, de 5 de marzo, por el que se modifica la Reglamentación Técnico-Sanitaria de Lejías aprobada por el Real Decreto 3360/1983, de 30 de noviembre."
1993-04-20,94,1,BOE-A-1993-10259,MINISTERIO DE RELACIONES CON LAS CORTES Y DE LA SECRETARÍA DEL GOBIERNO,estatal,Real Decreto,11578,11581,"Real Decreto 380/1993, de 12 de marzo, por el que se modifica la Norma General relativa a los alimentos ultracongelados destinados a la alimentación humana, aprobada por Real Decreto 1109/1991, de 12 de julio."
1993-04-20,94,1,BOE-A-1993-10260,MINISTERIO DE RELACIONES CON LAS CORTES Y DE LA SECRETARÍA DEL GOBIERNO,estatal,Orden,11581,11585,"Orden de 12 de abril de 1993 por la que se desarrolla el Real Decreto 1665/1991, de 25 de octubre, por el que se regula el sistema general de reconocimiento de los títulos de Enseñanza Superior de los Estados miembros de la Comunidad Económica Europea que exigen una formación mínima de tres años de duración, en lo que afecta a las profesiones de Ingeniero de Caminos, Canales y Puertos, Ingeniero aeronáutico, Ingeniero de Telecomunicación, Ingeniero técnico de Obras Públicas, Ingeniero técnico en Topografía, Ingeniero técnico aeronáutico, Ingeniero técnico de Telecomunicación y Arquitecto técnico."
1993-04-20,94,1,BOE-A-1993-10261,COMUNIDAD AUTÓNOMA DE LA RIOJA,autonómico,Ley,11586,11596,"Ley 2/1993, de 13 de abril, de Presupuestos de la Comunidad Autónoma de La Rioja para 1993."
1993-04-21,95,1,BOE-A-1993-10380,MINISTERIO DEL INTERIOR,estatal,Corrección,11734,11734,"Corrección de errores del Real Decreto 137/1993, de 29 de enero, por el que se aprueba el Reglamento de Armas."
1993-04-21,95,1,BOE-A-1993-10381,MINISTERIO DE EDUCACIÓN Y CIENCIA,estatal,Real Decreto,11734,11735,"Real Decreto 421/1993, de 26 de marzo, por el que se reconocen efectos civiles a los estudios conducentes a la obtención del título de Licenciado en Ciencias de la Información (Sección Periodismo) de la Universidad Pontificia de Salamanca."
1993-04-21,95,1,BOE-A-1993-10382,MINISTERIO DE EDUCACIÓN Y CIENCIA,estatal,Real Decreto,11735,11742,"Real Decreto 422/1993, de 26 de marzo, por el que se reconocen efectos civiles a los estudios conducentes a la obtención del título de Licenciado en Filosofía de la Facultad de Filosofía y Letras de la Universidad Pontificia de Salamanca."
1993-04-21,95,1,BOE-A-1993-10383,MINISTERIO DE TRABAJO Y SEGURIDAD SOCIAL,estatal,Orden,11742,11743,"Orden de 19 de abril de 1993 por la que se amplían los plazos establecidos en la de 21 de febrero de 1985, modificada por la de 24 de junio de 1988, sobre bases de colaboración entre el Instituto Nacional de Empleo y las Corporaciones Locales para la realización de obras y servicios por trabajadores desempleados."
1993-04-21,95,1,BOE-A-1993-10384,COMUNIDAD AUTÓNOMA DE CATALUÑA,autonómico,Ley,11743,11749,"Ley 4/1993, de 18 de marzo, del sistema bibliotecario de Cataluña."
1993-04-22,96,1,BOE-A-1993-10455,JEFATURA DEL ESTADO,estatal,Ley,11797,11798,"Ley 10/1993, de 21 de abril, de modificación del régimen de puestos de trabajo reservados a funcionarios de Administración Local con habilitación de carácter nacional."
1993-04-22,96,1,BOE-A-1993-10456,BANCO DE ESPAÑA,estatal,Instrucción o circular,11798,11801,"Circular 6/1993, de 26 de marzo, a entidades gestoras del Mercado de Deuda Pública en Anotaciones, sobre modificaciones de las circulares 6/1991 y 8/1991."
1993-04-22,96,1,BOE-A-1993-10457,COMUNIDAD AUTÓNOMA DE ARAGÓN,autonómico,Ley,11801,11807,"Ley 3/1993, de 15 de marzo, de modificación de la Ley 3/1984, de 22 de junio, del Presidente de la Diputación General y de la Administración de la Comunidad Autónoma de Aragón."
1993-04-23,97,1,BOE-A-1993-10529,MINISTERIO DE ASUNTOS EXTERIORES,estatal,Tratado o acuerdo internacional,11925,11926,"Convenio de Cooperación Científica y Técnica entre el Reino de España y la República Arabe de Egipto, firmado «ad referendum» el 12 de marzo de 1991 en El Cairo."
1993-04-23,97,1,BOE-A-1993-10530,MINISTERIO DE EDUCACIÓN Y CIENCIA,estatal,Real Decreto,11926,11946,"Real Decreto 423/1993, de 26 de marzo, por el que se reconocen efectos civiles a los estudios conducentes a la obtención del título de Licenciado en Psicología de la Facultad de Filosofía y Letras de la Universidad Pontificia de Salamanca."
1993-04-23,97,1,BOE-A-1993-10531,MINISTERIO DE EDUCACIÓN Y CIENCIA,estatal,Real Decreto,11947,12043,"Real Decreto 424/1993, de 26 de marzo, por el que se reconocen efectos civiles a los estudios conducentes a la obtención del título de Maestro, en sus distintas especialidades, de la Escuela Universitaria de Profesorado de Educación General Básica «Luis Vives» de la Universidad Pontificia de Salamanca."
1993-04-23,97,1,BOE-A-1993-10532,MINISTERIO DE RELACIONES CON LAS CORTES Y DE LA SECRETARÍA DEL GOBIERNO,estatal,Real Decreto,12044,12044,"Real Decreto 564/1993, de 16 de abril, sobre presencia de la letra «Ñ» y demás caracteres específicos del idioma castellano en los teclados de determinados aparatos de funcionamiento mecánico, eléctrico o electrónico que se utilicen para la escritura."
1993-04-23,97,1,BOE-A-1993-10533,MINISTERIO DE ASUNTOS SOCIALES,estatal,Resolución,12044,12047,"Resolución de 18 de enero de 1993, de la Dirección General del INSERSO, por la que se regulan los ingresos y traslados en los Centros de Recuperación de Minusválidos Físicos."
1993-04-24,98,1,BOE-A-1993-10592,JEFATURA DEL ESTADO,estatal,Real Decreto-ley,12292,12292,"Real Decreto-ley 6/1993, de 23 de abril, sobre abono de subvenciones por gastos electorales (elecciones 1991)."
1993-04-24,98,1,BOE-A-1993-10593,"MINISTERIO DE INDUSTRIA, COMERCIO Y TURISMO",estatal,Real Decreto,12292,12293,"Real Decreto 560/1993, de 16 de abril, por el que se derogan diferentes disposiciones vigentes en materia de normalización y homologación."
1993-04-24,98,1,BOE-A-1993-10594,MINISTERIO DE RELACIONES CON LAS CORTES Y DE LA SECRETARÍA DEL GOBIERNO,estatal,Real Decreto,12293,12294,"Real Decreto 539/1993, de 12 de abril, por el que se acuerda la aplicación y se desarrolla la regulación de la tasa por expedición de tarjetas de residencia a nacionales de países comunitarios y sus familiares."
1993-04-26,99,1,BOE-A-1993-10630,"MINISTERIO DE INDUSTRIA, COMERCIO Y TURISMO",estatal,Resolución,12317,12317,"Resolución de 22 de abril de 1993, de la Dirección General de la Energía, por la que se hacen públicos los nuevos precios máximos de venta de gas natural para usos industriales."
1993-04-26,99,1,BOE-A-1993-10631,"MINISTERIO DE INDUSTRIA, COMERCIO Y TURISMO",estatal,Resolución,12317,12318,"Resolución de 22 de abril de 1993, de la Dirección General de la Energía, por la que se publican los precios máximos de venta al público de gasolinas y gasóleos, aplicables en el ámbito de la península e islas Baleares a partir del día 27 de abril de 1993."
1993-04-26,99,1,BOE-A-1993-10632,"MINISTERIO DE INDUSTRIA, COMERCIO Y TURISMO",estatal,Resolución,12318,12318,"Resolución de 22 de abril de 1993, de la Dirección General de la Energía, por la que se publican los precios máximos de venta al público de gasolinas y gasóleos, Impuesto General Indirecto Canario excluido, aplicables en el ámbito de la Comunidad Autónoma de Canarias a partir del día 27 de abril de 1993."
1993-04-27,100,1,BOE-A-1993-10695,COMUNIDAD AUTÓNOMA DE CANTABRIA,autonómico,Ley,12344,12344,"Ley 1/1993, de 5 de marzo, de Cantabria, por la que se modifica la Ley 5/1984, de 18 de octubre, de incompatibilidades de altos cargos."
1993-04-27,100,1,BOE-A-1993-10696,COMUNIDAD AUTÓNOMA DE CANTABRIA,autonómico,Ley,12344,12345,"Ley 2/1993, de 5 de marzo, de Cantabria por la que se modifica parcialmente en materia de contratación la Ley 3/1984, de 26 de abril, de Régimen Jurídico del Gobierno y de la Administración de la Diputación Regional de Cantabria."
1993-04-27,100,1,BOE-A-1993-10697,COMUNIDAD AUTÓNOMA DE CASTILLA-LA MANCHA,autonómico,Ley,12345,12350,"Ley 2/1992, de 10 de diciembre, de ordenación y disciplina en materia turística."
1993-04-28,101,1,BOE-A-1993-10818,MINISTERIO DE DEFENSA,estatal,Orden,12527,12534,"Orden 43/1993, de 21 de abril, sobre Régimen del Alumnado de los Centros docentes militares de formación."
1993-04-28,101,1,BOE-A-1993-10819,MINISTERIO DE OBRAS PÚBLICAS Y TRANSPORTES,estatal,Orden,12535,12537,Orden de 26 de abril de 1993 por la que se dictan normas sobre colaboración del Servicio de Correos en las elecciones al Congreso de los Diputados y al Senado.
1993-04-28,101,1,BOE-A-1993-10820,MINISTERIO DE OBRAS PÚBLICAS Y TRANSPORTES,estatal,Orden,12537,12564,"Orden de 27 de abril de 1993 por la que se aprueban determinadas tarifas de «Telefónica de España, Sociedad Anónima»."
1993-04-28,101,1,BOE-A-1993-10821,MINISTERIO DE SANIDAD Y CONSUMO,estatal,Corrección,12564,12564,"Corrección de errores de la Orden de 12 de marzo de 1993 por la que se adaptan por quinta vez al progreso técnico los anexos del Real Decreto 349/1988, de 15 de abril, por el que se aprueba la Reglamentación Técnico-Sanitaria de Productos Cosméticos."
1993-04-28,101,1,BOE-A-1993-10822,JUNTA ELECTORAL CENTRAL,estatal,Instrucción o circular,12565,12565,"Instrucción de 26 de abril de 1993, de la Junta Electoral Central, sobre certificado médico oficial y gratuito a que se refiere el artículo 72.c) de la Ley Orgánica 5/1985, de 19 de junio, del Régimen Electoral General, en la redacción dada por la Ley Orgánica 6/1992, de 2 de noviembre."
1993-04-28,101,1,BOE-A-1993-10823,JUNTA ELECTORAL CENTRAL,estatal,Instrucción o circular,12565,12565,"Instrucción de 26 de abril de 1993, de la Junta Electoral Central, de desarrollo del artículo 69.8 de la Ley Orgánica 5/1985, del Régimen Electoral General."
1993-04-28,101,1,BOE-A-1993-10824,JUNTA ELECTORAL CENTRAL,estatal,Instrucción o circular,12565,12566,"Instrucción de 26 de abril de 1993, de la Junta Electoral Central, sobre la comprobación por la Junta Electoral competente de la concurrencia de las circunstancias a que se refiere el artículo 72.c) de la Ley Orgánica 5/1985, de 19 de junio, del Régimen Electoral General, en la redacción dada por la Ley Orgánica 6/1992, de 2 de noviembre."
1993-04-28,101,1,BOE-A-1993-10825,COMUNIDAD AUTÓNOMA DE ARAGÓN,autonómico,Ley,12566,12581,"Ley 4/1993, de 16 de marzo, del Deporte de Aragón."
1993-04-28,101,1,BOE-A-1993-10826,COMUNIDAD AUTÓNOMA DE CASTILLA-LA MANCHA,autonómico,Ley,12581,12587,"Ley 3/1992, de 18 de diciembre, de Presupuestos Generales de Castilla-La Mancha para 1993."
1993-04-29,102,1,BOE-A-1993-10942,CORTES GENERALES,estatal,Resolución,12783,12783,"Resolución de 27 de abril de 1993 por la que se ordena la publicación del acuerdo de convalidación del Real Decreto-ley 4/1993, de 26 de marzo, por el que se autoriza el resarcimiento de los daños causados como consecuencia de la rotura de la presa de Tous y se concede un crédito extraordinario por importe de 19.000.000.000 de pesetas."
1993-04-29,102,1,BOE-A-1993-10943,CORTES GENERALES,estatal,Resolución,12783,12783,"Resolución de 27 de abril de 1993 por la que se ordena la publicación del acuerdo de convalidación del Real Decreto-ley 5/1993, de 16 de abril, por el que se autorizan determinadas actuaciones en relación con las cuencas del Tajo y del Segura."
1993-04-29,102,1,BOE-A-1993-10944,CORTES GENERALES,estatal,Resolución,12783,12783,"Resolución de 27 de abril de 1993 por la que se ordena la publicación del acuerdo de convalidación del Real Decreto-ley 6/1993, de 23 de abril, sobre abono de subvenciones por gastos electorales (elecciones 1991)."
1993-04-29,102,1,BOE-A-1993-10945,MINISTERIO DE ASUNTOS EXTERIORES,estatal,Tratado o acuerdo internacional,12783,12792,"Convenio para el reconocimiento recíproco de punzones de pruebas de armas de fuego portátiles y Reglamento hechos en Bruselas el 1 de julio de 1969 («Boletín Oficial del Estado» número 228, de 22 de septiembre de 1973), decisiones tomadas por la Comisión Internacional Permanente para la prueba de armas de fuego portátiles en su XXI sesión plenaria de junio de 1990."
1993-04-29,102,1,BOE-A-1993-10946,MINISTERIO DE OBRAS PÚBLICAS Y TRANSPORTES,estatal,Orden,12792,12793,"Orden de 21 de abril de 1993 por la que se fijan los precios máximos de venta de las viviendas sociales para el trimestre natural de abril, mayo y junio de 1993."
1993-04-29,102,1,BOE-A-1993-10947,MINISTERIO DE EDUCACIÓN Y CIENCIA,estatal,Corrección,12793,12793,"Corrección de erratas de la Orden de 1 de abril de 1993 por la que se regula el procedimiento de admisión de alumnos en Centros sostenidos con fondos públicos de Educación Infantil, de Educación Primaria y de Educación Secundaria."
1993-04-30,103,1,BOE-A-1993-11058,JEFATURA DEL ESTADO,estatal,Otras,12869,12879,"Instrumento de Adhesión de España al Convenio Internacional sobre Búsqueda y Salvamento Marítimo 1979, hecho en Hamburgo el 27 de abril de 1979."
1993-04-30,103,1,BOE-A-1993-11059,TRIBUNAL CONSTITUCIONAL,estatal,Resolución judicial,12879,12880,"Conflicto positivo de competencia número 798/1986, planteado por el Consejo Ejecutivo de la Generalidad de Cataluña, contra el Real Decreto 518/1986, de 7 de marzo."
1993-04-30,103,1,BOE-A-1993-11060,TRIBUNAL CONSTITUCIONAL,estatal,Resolución judicial,12880,12880,"Conflicto positivo de competencia número 894/1993, planteado por el Gobierno de Canarias en relación con el Real Decreto 1623/1992, de 29 de diciembre."
1993-04-30,103,1,BOE-A-1993-11061,TRIBUNAL CONSTITUCIONAL,estatal,Resolución judicial,12880,12880,"Conflicto positivo de competencia número 1.176/1993, planteado por el Consejo Ejecutivo de la Generalidad de Cataluña, contra el Acuerdo tripartito en materia de formación continua de los trabajadores ocupados, firmado en Madrid el 22 de diciembre de 1992."
1993-04-30,103,1,BOE-A-1993-11062,TRIBUNAL CONSTITUCIONAL,estatal,Resolución judicial,12880,12880,Cuestión de inconstitucionalidad número 962/1993.
1993-04-30,103,1,BOE-A-1993-11063,TRIBUNAL CONSTITUCIONAL,estatal,Resolución judicial,12880,12880,"Recurso de inconstitucionalidad número 893/1993, planteado por el Gobierno de Canarias contra determinados preceptos de la Ley 38/1992, de 28 de diciembre, de Impuestos Especiales."
1993-04-30,103,1,BOE-A-1993-11064,TRIBUNAL CONSTITUCIONAL,estatal,Resolución judicial,12880,12880,"Recurso de inconstitucionalidad número 921/1993, planteado por el Parlamento de Canarias contra la Ley 38/1992, de 28 de diciembre, de Impuestos Especiales."
1993-04-30,103,1,BOE-A-1993-11065,TRIBUNAL CONSTITUCIONAL,estatal,Resolución judicial,12880,12881,"Recurso de inconstitucionalidad número 922/1993, planteado por el Gobierno de Canarias, contra varias partidas presupuestarias de la Ley 39/1992, de 29 de diciembre."
1993-04-30,103,1,BOE-A-1993-11066,TRIBUNAL CONSTITUCIONAL,estatal,Resolución judicial,12881,12881,"Recurso de inconstitucionalidad número 938/1993, planteado por el Consejo Ejecutivo de la Generalidad de Cataluña contra la Ley 39/1992, de 29 de diciembre, de Presupuestos Generales del Estado para 1993."
1993-04-30,103,1,BOE-A-1993-11067,TRIBUNAL CONSTITUCIONAL,estatal,Resolución judicial,12881,12881,"Recurso de inconstitucionalidad número 943/1993, planteado por más de cincuenta Senadores del Grupo Parlamentario Popular, contra la Ley 38/1992, de 28 de diciembre, de Impuestos Especiales."
1993-04-30,103,1,BOE-A-1993-11068,MINISTERIO DE ASUNTOS EXTERIORES,estatal,Tratado o acuerdo internacional,12881,12881,"Entrada en vigor del Memorándum de entendimiento, en virtud del Acuerdo sobre Transporte Aéreo de 20 de febrero de 1973 entre España y los Estados Unidos de América, hecho en Madrid el 27 de noviembre de 1991."
1993-04-30,103,1,BOE-A-1993-11069,MINISTERIO DE ECONOMÍA Y HACIENDA,estatal,Orden,12881,12928,"Orden de 26 de abril de 1993 de modificación de la Orden de 19 de septiembre de 1991, del Ministerio de Economía y Hacienda, por la que se aprueban los modelos de documentos en que las entidades aseguradoras han de remitir la información estadístico-contable a la Dirección General de Seguros."
1993-04-30,103,1,BOE-A-1993-11070,MINISTERIO DE ECONOMÍA Y HACIENDA,estatal,Orden,12929,12929,"Orden de 28 de abril de 1993 por la que se modifica parcialmente la Orden de 24 de julio de 1992, por la que se dictan las normas e instrucciones técnicas precisas para la revisión del Censo Electoral a 1 de enero de 1993 y elaboración de las listas electorales derivadas de la misma."
1993-04-30,103,1,BOE-A-1993-11071,MINISTERIO DE ECONOMÍA Y HACIENDA,estatal,Orden,12929,12936,Orden de 28 de abril de 1993 por la que se dictan las normas para la elaboración de los Presupuestos Generales del Estado para 1994.
1993-04-30,103,1,BOE-A-1993-11072,MINISTERIO DE OBRAS PÚBLICAS Y TRANSPORTES,estatal,Orden,12936,12942,Orden de 26 de abril de 1993 por la que se aprueban las bases reguladoras de la concesión de ayudas al sector del transporte público por carretera.
1993-04-30,103,1,BOE-A-1993-11073,MINISTERIO DE RELACIONES CON LAS CORTES Y DE LA SECRETARÍA DEL GOBIERNO,estatal,Corrección,12942,12943,"Corrección de erratas de la Orden de 12 de abril de 1993 por la que se desarrolla el Real Decreto 1665/1991, de 25 de octubre, por el que se regula el sistema general de reconocimiento de los títulos de Enseñanza Superior de los Estados miembros de la Comunidad Económica Europea, que exigen una formación mínima de tres años de duración, en lo que afecta a las profesiones de Ingeniero de Caminos, Canales y Puertos, Ingeniero aeronáutico, Ingeniero de Telecomunicación, Ingeniero técnico de Obras Públicas, Ingeniero técnico en Topografía, Ingeniero técnico aeronáutico, Ingeniero técnico de Telecomunicación y Arquitecto técnico."
1993-04-30,103,1,BOE-A-1993-11074,JUNTA ELECTORAL CENTRAL,estatal,Instrucción o circular,12943,12943,"Instrucción de 28 de abril de 1993, de la Junta Electoral Central, por la que se modifica la Instrucción de 29 de abril de 1991, sobre concepto de certificación censal específica, supuestos en que procede su expedición, órgano competente y plazo para tal expedición."
1993-05-01,104,1,BOE-A-1993-11117,MINISTERIO DE ECONOMÍA Y HACIENDA,estatal,Orden,13141,13141,Orden de 28 de abril de 1993 sobre revisión de la cuantía de los gastos de locomoción y de las dietas en el Impuesto sobre la Renta de las Personas Físicas.
1993-05-01,104,1,BOE-A-1993-11118,MINISTERIO DE EDUCACIÓN Y CIENCIA,estatal,Corrección,13141,13141,"Corrección de errores del Real Decreto 377/1993, de 12 de marzo, por el que se regula la admisión de alumnos en centros sostenidos con fondos públicos de educación infantil, de educación primaria y de educación secundaria."
1993-05-03,105,1,BOE-A-1993-11178,MINISTERIO DE OBRAS PÚBLICAS Y TRANSPORTES,estatal,Orden,13182,13182,"Orden de 26 de abril de 1993 por la que se establecen medidas en el ámbito portuario en aplicación de la Resolución del Consejo de Seguridad de las Naciones Unidas 820, de 17 de abril de 1993."
1993-05-03,105,1,BOE-A-1993-11179,"MINISTERIO DE AGRICULTURA, PESCA Y ALIMENTACIÓN",estatal,Orden,13182,13191,Orden de 28 de abril de 1993 por la que se regula para la campaña 1993-1994 la retirada del cultivo de las tierras que se benefician de los pagos compensatorios contemplados en el Reglamento (CEE) número 1.765/92 del Consejo de 30 de junio y su posible utilización para la producción de materias primas destinadas a la fabricación de productos cuyo principal destino no sea el consumo humano o animal.
1993-05-04,106,1,BOE-A-1993-11244,MINISTERIO DE ASUNTOS EXTERIORES,estatal,Tratado o acuerdo internacional,13230,13230,"Acuerdo Europeo sobre Transporte Internacional de Mercancías Peligrosas por Carretera (ADR), hecho en Ginebra el 30 de septiembre de 1957. Enmiendas propuestas por Francia relativas al Apéndice B.6 del Anejo B y a los Anejos A y B."
1993-05-04,106,1,BOE-A-1993-11245,MINISTERIO DEL INTERIOR,estatal,Resolución,13230,13230,"Resolución de 22 de abril de 1993, de la Dirección General de Tráfico, por la que se corrigen errores de la Resolución de 4 de marzo de 1993, por la que se establecen medidas especiales de regulación de tráfico durante el año 1993."
1993-05-04,106,1,BOE-A-1993-11246,MINISTERIO DE OBRAS PÚBLICAS Y TRANSPORTES,estatal,Real Decreto,13230,13231,"Real Decreto 558/1993, de 16 de abril, de modificación parcial del artículo 11 del Real Decreto 1273/1992, de 23 de octubre, por el que se regula el otorgamiento de concesiones y la asignación de frecuencias para la explotación del servicio público de radiodifusión sonora en ondas métricas con modulación de frecuencia por las Corporaciones locales."
1993-05-04,106,1,BOE-A-1993-11247,MINISTERIO DE EDUCACIÓN Y CIENCIA,estatal,Real Decreto,13231,13237,"Real Decreto 535/1993, de 12 de abril, por el que se modifica y completa el Real Decreto 986/1991, de 14 de junio, por el que se aprueba el calendario de aplicación de la nueva Ordenación del Sistema Educativo."
1993-05-04,106,1,BOE-A-1993-11248,MINISTERIO DE TRABAJO Y SEGURIDAD SOCIAL,estatal,Real Decreto,13237,13243,"Real Decreto 631/1993, de 3 de mayo, por el que se regula el Plan Nacional de Formación e Inserción Profesional."
1993-05-04,106,1,BOE-A-1993-11249,MINISTERIO DE TRABAJO Y SEGURIDAD SOCIAL,estatal,Corrección,13243,13243,"Corrección de errores de la Resolución de 23 de marzo de 1993, de la Secretaría General Técnica, por la que se determina el ámbito territorial de las Unidades de Recaudación Ejecutiva en las Direcciones Provinciales de la Tesorería General de la Seguridad Social."
1993-05-04,106,1,BOE-A-1993-11250,"MINISTERIO DE INDUSTRIA, COMERCIO Y TURISMO",estatal,Real Decreto,13243,13244,"Real Decreto 476/1993, de 2 de abril, por el que se declaran las materias primas minerales y actividades con ellas relacionadas, calificadas como prioritarias a efectos de lo previsto en la Ley 6/1977, de 4 de enero, de Fomento de la Minería."
1993-05-04,106,1,BOE-A-1993-11251,"MINISTERIO DE INDUSTRIA, COMERCIO Y TURISMO",estatal,Resolución,13244,13244,"Resolución de 3 de mayo de 1993, de la Dirección General de la Energía, por la que se publican los precios máximos de venta al público de gasolinas y gasóleos, Impuesto General Indirecto Canario excluido, aplicables en el ámbito de la Comunidad Autónoma de Canarias a partir del día de entrada en vigor de los nuevos tipos impositivos del Impuesto Especial de la Comunidad Autónoma de Canarias sobre los combustibles derivados del petróleo aplicables a las gasolinas y gasóleos de automoción."
1993-05-04,106,1,BOE-A-1993-11252,MINISTERIO DE RELACIONES CON LAS CORTES Y DE LA SECRETARÍA DEL GOBIERNO,estatal,Real Decreto,13244,13250,"Real Decreto 428/1993, de 26 de marzo, por el que se aprueba el Estatuto de la Agencia de Protección de Datos."
1993-05-04,106,1,BOE-A-1993-11253,MINISTERIO DE RELACIONES CON LAS CORTES Y DE LA SECRETARÍA DEL GOBIERNO,estatal,Real Decreto,13250,13255,"Real Decreto 429/1993, de 26 de marzo, por el que se aprueba el Reglamento de los procedimientos de las Administraciones públicas en materia de responsabilidad patrimonial."
1993-05-05,107,1,BOE-A-1993-11362,JEFATURA DEL ESTADO,estatal,Otras,13343,13350,"Instrumento de Ratificación del Convenio para evitar la Doble Imposición y prevenir la evasión fiscal en materia de Impuestos sobre la Renta y el Patrimonio entre España y Ecuador, firmado en Quito el 20 de mayo de 1991."
1993-05-05,107,1,BOE-A-1993-11363,MINISTERIO DE ASUNTOS EXTERIORES,estatal,Resolución,13350,13350,"Resolución de 26 de abril de 1993, de la Secretaría General Técnica, por la que se dispone la publicación de la denuncia del Convenio Postal hispano-portugués de 1 de mayo de 1959."
1993-05-05,107,1,BOE-A-1993-11364,"MINISTERIO DE AGRICULTURA, PESCA Y ALIMENTACIÓN",estatal,Real Decreto,13350,13351,"Real Decreto 633/1993, de 3 de mayo, por el que se fija la cuantía de los módulos base que deberán aplicarse para el cálculo de la indemnización compensatoria básica en determinadas zonas desfavorecidas, en el año 1993."
1993-05-05,107,1,BOE-A-1993-11365,MINISTERIO PARA LAS ADMINISTRACIONES PÚBLICAS,estatal,Real Decreto,13351,13358,"Real Decreto 536/1993, de 12 de abril, sobre ampliación de medios adscritos a los servicios traspasados a la Comunidad Autónoma de Canarias en materia de educación no universitaria."
1993-05-05,107,1,BOE-A-1993-11366,MINISTERIO DE RELACIONES CON LAS CORTES Y DE LA SECRETARÍA DEL GOBIERNO,estatal,Real Decreto,13358,13359,"Real Decreto 538/1993, de 12 de abril, por el que se modifican determinadas disposiciones relativas a los requisitos industriales de elaboración, circulación y comercio de aceites vegetales comestibles."
1993-05-05,107,1,BOE-A-1993-11367,BANCO DE ESPAÑA,estatal,Instrucción o circular,13359,13359,"Circular número 7/1993, de 27 de abril, a Entidades de crédito, sobre Registro Especial de Estatutos."
1993-05-05,107,1,BOE-A-1993-11368,COMUNIDAD AUTÓNOMA DE ARAGÓN,autonómico,Ley,13359,13363,"Ley 5/1993, de 29 de marzo, por la que se establece el régimen de inspección y procedimiento en materia de disciplina turística."
1993-05-05,107,1,BOE-A-1993-11369,COMUNIDAD AUTÓNOMA DE ARAGÓN,autonómico,Ley,13364,13369,"Ley 6/1993, de 5 de abril, de Carreteras de la Comunidad Autónoma de Aragón."
1993-05-06,108,1,BOE-A-1993-11476,MINISTERIO DE ECONOMÍA Y HACIENDA,estatal,Instrucción o circular,13544,13547,"Circular 3/93, de 10 de marzo de 1993, del Departamento de Aduanas e Impuestos Especiales sobre restituciones a la exportación. Aplicación del apartado 2 del artículo 3 del Reglamento (CEE) número 3035/80."
1993-05-06,108,1,BOE-A-1993-11477,MINISTERIO DE OBRAS PÚBLICAS Y TRANSPORTES,estatal,Resolución,13547,13553,"Resolución de 3 de mayo de 1993, de la Secretaría General de Comunicaciones, por la que se dispone la publicación del acuerdo del Consejo de Ministros de fecha 30 de abril por el que se aprueba el pliego de cláusulas de explotación del servicio público de televisión por satélite para la emisión de programas con cobertura nacional o comunitaria, en gestión indirecta, se fija el número de concesiones a adjudicar y se dispone la convocatoria del correspondiente concurso público."
1993-05-06,108,1,BOE-A-1993-11478,MINISTERIO DE EDUCACIÓN Y CIENCIA,estatal,Orden,13553,13555,Orden de 28 de abril de 1993 por la que se establecen las funciones y se regula el régimen de funcionamiento de determinados órganos de asesoramiento y apoyo del Consejo Superior de Investigaciones Científicas.
1993-05-07,109,1,BOE-A-1993-11799,TRIBUNAL CONSTITUCIONAL,estatal,Resolución judicial,13670,13670,"Conflicto positivo de competencia número 757/1993, planteado por el Consejo de Gobierno de la Diputación Regional de Cantabria en relación con el Real Decreto 1319/1992, de 30 de octubre."
1993-05-07,109,1,BOE-A-1993-11800,TRIBUNAL CONSTITUCIONAL,estatal,Resolución judicial,13670,13670,"Conflicto positivo de competencia número 1.056/1990, planteado por el Gobierno en relación con el Decreto del Gobierno de las Islas Baleares 146/1989, de 30 de noviembre, relativo a Sociedades Cooperativas."
1993-05-07,109,1,BOE-A-1993-11801,"MINISTERIO DE INDUSTRIA, COMERCIO Y TURISMO",estatal,Orden,13670,13670,"Orden de 19 de abril de 1993 por la que se derogan los puntos 1, 3 y 4 del apartado 1 de la Orden de 9 de diciembre de 1975, modificados por la Orden de 10 de julio de 1989, sobre precintado de la bomba de inyección."
1993-05-07,109,1,BOE-A-1993-11802,"MINISTERIO DE AGRICULTURA, PESCA Y ALIMENTACIÓN",estatal,Orden,13670,13672,"Orden de 23 de abril de 1993 por la que se crea el Programa de Conservación y Utilización de Recursos Fitogenéticos del Ministerio de Agricultura, Pesca y Alimentación y se establecen los objetivos básicos, directrices y normativa general del programa."
1993-05-07,109,1,BOE-A-1993-11803,"MINISTERIO DE AGRICULTURA, PESCA Y ALIMENTACIÓN",estatal,Orden,13672,13680,Orden de 30 de abril de 1993 por la que se establece una lista de los principales ingredientes para la preparación de piensos compuestos destinados a animales distintos de los de compañía.
1993-05-07,109,1,BOE-A-1993-11804,MINISTERIO PARA LAS ADMINISTRACIONES PÚBLICAS,estatal,Real Decreto,13681,13684,"Real Decreto 537/1993, de 12 de abril, sobre ampliación de los medios adscritos a los servicios traspasados a la Comunidad Autónoma de Canarias en materia de deportes."
1993-05-07,109,1,BOE-A-1993-11805,MINISTERIO DE SANIDAD Y CONSUMO,estatal,Real Decreto,13684,13687,"Real Decreto 478/1993, de 2 de abril, por el que se regulan los medicamentos derivados de la sangre y plasma humano."
1993-05-07,109,1,BOE-A-1993-11806,MINISTERIO DE SANIDAD Y CONSUMO,estatal,Real Decreto,13687,13693,"Real Decreto 479/1993, de 2 de abril, por el que se regulan los medicamentos radiofármacos de uso humano."
1993-05-07,109,1,BOE-A-1993-11807,MINISTERIO DE SANIDAD Y CONSUMO,estatal,Real Decreto,13693,13694,"Real Decreto 592/1993, de 23 de abril, por el que se determina la composición y el funcionamiento de la Comisión Nacional de Coordinación y Seguimiento de Programas de Prevención del Sida."
1993-05-07,109,1,BOE-A-1993-11808,JUNTA ELECTORAL CENTRAL,estatal,Instrucción o circular,13694,13695,"Instrucción de 5 de mayo de 1993, de la Junta Electoral Central, sobre delegación en las Juntas Electorales Provinciales de la competencia para la distribución de espacios gratuitos de propaganda electoral en la programación regional y local de los medios públicos de comunicación."
1993-05-08,110,1,BOE-A-1993-11993,TRIBUNAL CONSTITUCIONAL,estatal,Resolución judicial,13778,13778,"Acuerdo de 5 de mayo de 1993, del Pleno del Tribunal Constitucional, por el que se habilitan, para la presentación en el Registro General del Tribunal del recurso de amparo electoral, los días 15 y 16 de mayo de 1993."
1993-05-08,110,1,BOE-A-1993-11994,MINISTERIO DE JUSTICIA,estatal,Real Decreto,13778,13778,"Real Decreto 675/1993, de 7 de mayo, por el que se modifica el artículo 142 del Reglamento Notarial."
1993-05-08,110,1,BOE-A-1993-11995,MINISTERIO DE EDUCACIÓN Y CIENCIA,estatal,Real Decreto,13778,13779,"Real Decreto 559/1993, de 16 de abril, por el que se deroga el Real Decreto 2689/1980, de 21 de noviembre, referente a los Institutos de Orientación Educativa y Profesional, integrándose sus efectivos en los nuevos servicios especializados."
1993-05-08,110,1,BOE-A-1993-11996,MINISTERIO DE RELACIONES CON LAS CORTES Y DE LA SECRETARÍA DEL GOBIERNO,estatal,Real Decreto,13779,13781,"Real Decreto 685/1993, de 7 de mayo, sobre asistencia jurídica a los entes públicos Puertos del Estado y Autoridades Portuarias."
1993-05-10,111,1,BOE-A-1993-12083,"MINISTERIO DE INDUSTRIA, COMERCIO Y TURISMO",estatal,Resolución,13826,13826,"Resolución de 6 de mayo de 1993, de la Dirección General de la Energía, por la que se hacen públicos los nuevos precios máximos de venta de gas natural para usos industriales."
1993-05-10,111,1,BOE-A-1993-12084,"MINISTERIO DE INDUSTRIA, COMERCIO Y TURISMO",estatal,Resolución,13826,13827,"Resolución de 6 de mayo de 1993, de la Dirección General de la Energía, por la que se publican los precios máximos de venta al público de gasolinas y gasóleos, aplicables en el ámbito de la península e islas Baleares a partir del día 11 de mayo de 1993."
1993-05-10,111,1,BOE-A-1993-12085,"MINISTERIO DE INDUSTRIA, COMERCIO Y TURISMO",estatal,Resolución,13827,13827,"Resolución de 6 de mayo de 1993, de la Dirección General de la Energía, por la que se publican los precios máximos de venta al público de gasolinas y gasóleos, Impuesto General Indirecto Canario excluido, aplicables en el ámbito de la Comunidad Autónoma de Canarias a partir del día 11 de mayo de 1993."
1993-05-10,111,1,BOE-A-1993-12086,"MINISTERIO DE AGRICULTURA, PESCA Y ALIMENTACIÓN",estatal,Orden,13827,13828,"Orden de 4 de mayo de 1993 por la que se fija el plazo para la presentación de las solicitudes de la indemnización compensatoria básica en determinadas zonas desfavorecidas correspondientes al año 1993, y se modifica el anexo III de la Orden de 20 de abril de 1990, por la que se desarrolla el Real Decreto 466/1990, de 6 de abril."
1993-05-11,112,1,BOE-A-1993-12168,MINISTERIO DE ECONOMÍA Y HACIENDA,estatal,Instrucción o circular,13873,13879,"Circular 4/1993, del Departamento de Aduanas e Impuestos Especiales de la Agencia Estatal de Administración Tributaria, de 23 de abril de 1993, por la que se dictan normas de cumplimentación de los documentos de acompañamiento que amparan la circulación de productos objeto de los Impuestos Especiales de fabricación y se aprueba el modelo de resumen trimestral de movimientos de vinos y bebidas fermentadas."
1993-05-11,112,1,BOE-A-1993-12169,MINISTERIO DE ECONOMÍA Y HACIENDA,estatal,Resolución,13880,13888,"Resolución de 6 de mayo de 1993, del Departamento de Recaudación de la Agencia Estatal de Administración Tributaria, por la que se dictan instrucciones en relación con los ingresos o solicitudes de devolución por el Impuesto sobre la Renta de las Personas Físicas e ingresos por el Impuesto sobre el Patrimonio en el caso de residentes en el extranjero sujetos por obligación personal e ingresos derivados de las declaraciones de los Impuestos sobre la Renta de las Personas Físicas y Sociedades correspondientes a no residentes sin establecimiento permanente a través de Entidad colaboradora."
1993-05-11,112,1,BOE-A-1993-12170,"MINISTERIO DE INDUSTRIA, COMERCIO Y TURISMO",estatal,Orden,13889,13889,Orden de 27 de abril de 1993 por la que se actualiza el apartado 1 del anexo I de la Orden de 19 de febrero de 1988 por la que se regula la retribución de las Empresas eléctricas integrantes del sistema eléctrico peninsular.
1993-05-11,112,1,BOE-A-1993-12171,"MINISTERIO DE AGRICULTURA, PESCA Y ALIMENTACIÓN",estatal,Orden,13889,13891,Orden de 4 de mayo de 1993 por la que se regulan las declaraciones de superficies de plantación de cultivo de lúpulo para el año 1993.
1993-05-11,112,1,BOE-A-1993-12172,COMUNIDAD AUTÓNOMA DE GALICIA,autonómico,Ley,13892,13895,"Ley 1/1993, de 13 de abril, de Protección de Animales Domésticos y Salvajes en Cautividad."
1993-05-11,112,1,BOE-A-1993-12173,COMUNIDAD AUTÓNOMA DE GALICIA,autonómico,Ley,13896,13896,"Ley 2/1993, de 15 de abril, por la que se aprueba una disposición adicional a la Ley 12/1992, de 9 de noviembre, de creación de determinadas Escalas de personal funcionario al servicio de la Xunta de Galicia."
1993-05-11,112,1,BOE-A-1993-12174,COMUNIDAD AUTÓNOMA DE GALICIA,autonómico,Ley,13896,13897,"Ley 3/1993, de 16 de abril, de las Aparcerías y de los Arrendamientos Rústicos Históricos de Galicia."
1993-05-11,112,1,BOE-A-1993-12175,COMUNIDAD AUTÓNOMA DE GALICIA,autonómico,Ley,13897,13910,"Ley 4/1993, de 14 de abril, de servicios sociales."
1993-05-12,113,1,BOE-A-1993-12231,MINISTERIO DE OBRAS PÚBLICAS Y TRANSPORTES,estatal,Resolución,14088,14100,"Resolución de 27 de abril de 1993, de la Secretaría General de Comunicaciones, por la que se dispone la publicación del Acuerdo del Consejo de Ministros de fecha 12 de marzo por el que se aprueba el Plan Operacional de Extensión del Servicio Telefónico en el Medio Rural 1993-1996."
1993-05-12,113,1,BOE-A-1993-12232,"MINISTERIO DE INDUSTRIA, COMERCIO Y TURISMO",estatal,Orden,14101,14102,"Orden de 30 de abril 1993, complementaria de la Orden de 31 de octubre de 1990, sobre compensaciones a empresas eléctricas explotadoras de centrales térmicas de carbón."
1993-05-12,113,1,BOE-A-1993-12233,"MINISTERIO DE INDUSTRIA, COMERCIO Y TURISMO",estatal,Orden,14102,14102,"Orden de 3 de mayo de 1993 sobre composición y funcionamiento de la Junta de Compras del Ministerio de Industria, Comercio y Turismo."
1993-05-12,113,1,BOE-A-1993-12234,"MINISTERIO DE AGRICULTURA, PESCA Y ALIMENTACIÓN",estatal,Orden,14102,14103,"Orden de 5 de mayo de 1993 por la que se prorrogan, para el período 1993/1994, las cantidades de referencia individuales de leche de vaca asignadas al amparo de la Orden del Ministerio de Agricultura, Pesca y Alimentación de 4 de diciembre de 1992."
1993-05-12,113,1,BOE-A-1993-12235,COMUNIDAD AUTÓNOMA DE LAS ISLAS BALEARES,autonómico,Ley,14103,14106,"Ley 1/1993, de 10 de marzo, del Síndic de Greuges de las Islas Baleares."
1993-05-13,114,1,BOE-A-1993-12481,MINISTERIO DE ASUNTOS EXTERIORES,estatal,Orden,14333,14333,Orden de 6 de mayo de 1993 por la que se crea una Oficina Consular Honoraria en Peshawar (Pakistán).
1993-05-13,114,1,BOE-A-1993-12482,MINISTERIO DE EDUCACIÓN Y CIENCIA,estatal,Orden,14333,14346,Orden de 29 de abril de 1993 por la que se hacen públicos los modelos de documentos administrativos en los que se formalizarán los conciertos educativos.
1993-05-13,114,1,BOE-A-1993-12483,MINISTERIO DE SANIDAD Y CONSUMO,estatal,Real Decreto,14346,14364,"Real Decreto 561/1993, de 16 de abril, por el que se establecen los requisitos para la realización de ensayos clínicos con medicamentos."
1993-05-14,115,1,BOE-A-1993-12626,TRIBUNAL CONSTITUCIONAL,estatal,Resolución judicial,14578,14578,"Conflicto positivo de competencia número 1.167/1987, planteado por la Junta de Castilla y León contra una Resolución del Ministerio de Economía y Hacienda de 27 de mayo de 1987."
1993-05-14,115,1,BOE-A-1993-12627,TRIBUNAL CONSTITUCIONAL,estatal,Resolución judicial,14578,14578,"Conflicto positivo de competencia número 624/1993, planteado por el Consejo Ejecutivo de la Generalidad de Cataluña en relación con el Real Decreto 1319/1992, de 30 de octubre, y de una Orden de 4 de diciembre de 1992, del Ministerio de Agricultura, Pesca y Alimentación."
1993-05-14,115,1,BOE-A-1993-12628,TRIBUNAL CONSTITUCIONAL,estatal,Resolución judicial,14578,14578,Cuestión de inconstitucionalidad número 1.277/1993.
1993-05-14,115,1,BOE-A-1993-12629,TRIBUNAL CONSTITUCIONAL,estatal,Resolución judicial,14578,14578,Rectificación de error padecido en el edicto de la cuestión de inconstitucionalidad número 962/1993.
1993-05-14,115,1,BOE-A-1993-12630,MINISTERIO DE ASUNTOS EXTERIORES,estatal,Tratado o acuerdo internacional,14578,14579,"Acuerdo relativo al transporte de cianuro sódico sólido entre el Reino de España y la República Francesa que deroga parcialmente los anexos del Acuerdo europeo sobre transporte de mercancías peligrosas, firmado en Madrid y París el 13 de abril de 1993."
1993-05-14,115,1,BOE-A-1993-12631,MINISTERIO DE DEFENSA,estatal,Orden,14579,14579,"Orden 53/1993, de 11 de mayo, por la que se regula el ejercicio del derecho al voto en los próximos procesos electorales por el personal de las fuerzas armadas, destinados en misiones de paz internacional."
1993-05-14,115,1,BOE-A-1993-12632,MINISTERIO DEL INTERIOR,estatal,Orden,14580,14580,"Orden de 12 de mayo de 1993 por la que se dictan normas para garantizar el ejercicio del derecho al voto por los miembros de las Fuerzas y Cuerpos de Seguridad del Estado destinados en misiones internacionales de paz, en El Salvador."
1993-05-14,115,1,BOE-A-1993-12633,MINISTERIO DE EDUCACIÓN Y CIENCIA,estatal,Orden,14580,14581,Orden de 6 de mayo de 1993 por la que se dictan normas para la elección de órganos unipersonales de gobierno en Centros públicos.
1993-05-14,115,1,BOE-A-1993-12634,"MINISTERIO DE AGRICULTURA, PESCA Y ALIMENTACIÓN",estatal,Orden,14581,14582,Orden de 5 de mayo de 1993 por la que se modifica el Reglamento Técnico de Control y Certificación de Semillas de Cereales.
1993-05-15,116,1,BOE-A-1993-12721,MINISTERIO DE ECONOMÍA Y HACIENDA,estatal,Orden,14706,14706,"Orden de 13 de mayo de 1993 sobre índices de precios de mano de obra y materiales de la construcción correspondientes al mes de diciembre de 1992, aplicables a la revisión de precios de contratos de obras del Estado."
1993-05-15,116,1,BOE-A-1993-12722,MINISTERIO DE ECONOMÍA Y HACIENDA,estatal,Resolución,14706,14710,"Resolución de 10 de mayo de 1993, de la Dirección General de Transacciones Exteriores, por la que se modifican parcialmente las Resoluciones de 6 y 7 de julio de 1992 y el anexo de la Resolución de 21 de septiembre de 1992, sobre inversiones extranjeras en España e Inversiones Españolas en el Exterior."
1993-05-15,116,1,BOE-A-1993-12723,COMUNIDAD AUTÓNOMA DE CASTILLA Y LEÓN,autonómico,Ley,14711,14711,"Ley 2/1993, de 6 de abril, por la que se autoriza a la empresa pública «Parque Tecnológico de Boecillo, Sociedad Anónima», a participar mayoritariamente en el capital social de la empresa «Crystaloid Europe, Sociedad Anónima»."
1993-05-17,117,1,BOE-A-1993-12795,MINISTERIO DE ECONOMÍA Y HACIENDA,estatal,Orden,14777,14779,"Orden de 11 de mayo de 1993 por la que se aprueba el modelo de solicitud-liquidación de la tasa fiscal que grava los juegos de suerte, envite o azar, devengada por las salas de bingo."
1993-05-17,117,1,BOE-A-1993-12796,MINISTERIO DEL INTERIOR,estatal,Orden,14780,14781,Orden de 5 de mayo de 1993 por la que se aprueba el Reglamento de Organización y Funcionamiento de la Comisión Consultiva Nacional de Asuntos Taurinos.
1993-05-17,117,1,BOE-A-1993-12797,"MINISTERIO DE INDUSTRIA, COMERCIO Y TURISMO",estatal,Resolución,14782,14782,"Resolución de 14 de mayo de 1993, de la Dirección General de la Energía, por la que se publican los precios máximos de venta al público de los gases licuados de petróleo a granel, aplicables en el ámbito de la península e islas Baleares a partir del día 18 de mayo de 1993."
1993-05-18,118,1,BOE-A-1993-12849,MINISTERIO DE ECONOMÍA Y HACIENDA,estatal,Orden,14828,14862,"Orden de 11 de mayo de 1993 por la que se aprueban los modelos de declaración del Impuesto sobre Sociedades para los ejercicios iniciados entre el 1 de enero y el 31 de diciembre de 1992, de los Grupos de Sociedades a los que se haya concedido el Régimen de Tributación sobre el beneficio consolidado."
1993-05-18,118,1,BOE-A-1993-12850,"MINISTERIO DE AGRICULTURA, PESCA Y ALIMENTACIÓN",estatal,Real Decreto,14863,14865,"Real Decreto 632/1993, de 3 de mayo, por el que se regula el ejercicio de la pesca de «arrastre de fondo» en el golfo de Cádiz."
1993-05-18,118,1,BOE-A-1993-12851,MINISTERIO PARA LAS ADMINISTRACIONES PÚBLICAS,estatal,Real Decreto,14865,14866,"Real Decreto 681/1993, de 7 de mayo, por el que se crea la Misión Diplomática Permanente de España en la República de Croacia."
1993-05-18,118,1,BOE-A-1993-12852,MINISTERIO PARA LAS ADMINISTRACIONES PÚBLICAS,estatal,Real Decreto,14866,14870,"Real Decreto 732/1993, de 14 de mayo, de estructura orgánica del Organismo autónomo Instituto Nacional de Estadística."
1993-05-18,118,1,BOE-A-1993-12853,MINISTERIO DE RELACIONES CON LAS CORTES Y DE LA SECRETARÍA DEL GOBIERNO,estatal,Real Decreto,14870,14871,"Real Decreto 635/1993, de 3 de mayo, por el que se regula la organización y funcionamiento de la Sección española en la Comisión Internacional del Estado Civil."
1993-05-19,119,1,BOE-A-1993-12977,MINISTERIO DE ECONOMÍA Y HACIENDA,estatal,Orden,15066,15067,Orden de 11 de mayo de 1993 por la que se programan series especiales del Año Jacobeo.
1993-05-19,119,1,BOE-A-1993-12978,MINISTERIO DE ECONOMÍA Y HACIENDA,estatal,Orden,15067,15068,"Orden de 11 de mayo de 1993 por la que se modifican las monedas de 5, 10, 25, 100, 200 y 500 pesetas."
1993-05-19,119,1,BOE-A-1993-12979,MINISTERIO DE EDUCACIÓN Y CIENCIA,estatal,Orden,15068,15069,"Orden de 13 de mayo de 1993 por la que se amplían los anexos I y II de la Orden de 24 de octubre de 1991, que sustituyeron a los del Real Decreto 1005/1991, de 14 de junio, sobre procedimientos para el ingreso en los centros universitarios."
1993-05-19,119,1,BOE-A-1993-12980,MINISTERIO DE EDUCACIÓN Y CIENCIA,estatal,Orden,15069,15072,"Orden de 13 de mayo de 1993 por la que se regulan distintos procesos electivos, para la designación de representantes en órganos de gobierno y asesoramiento del Consejo Superior de Investigaciones Científicas."
1993-05-19,119,1,BOE-A-1993-12981,MINISTERIO DE EDUCACIÓN Y CIENCIA,estatal,Orden,15072,15073,"Orden de 13 de mayo de 1993 por la que se determina la Universidad que corresponde a los alumnos con estudios extranjeros convalidables a los efectos de la realización de las pruebas de aptitud para el acceso a Facultades, Escuelas Técnicas Superiores y Colegios Universitarios y de los procedimientos de ingreso en los Centros Universitarios."
1993-05-20,120,1,BOE-A-1993-13062,MINISTERIO DE ASUNTOS EXTERIORES,estatal,Tratado o acuerdo internacional,15195,15202,"Declaración de ciertos Gobiernos europeos relativa a la fase de producción de los lanzadores «Ariane», hecha en París el 4 de octubre de 1990."
1993-05-20,120,1,BOE-A-1993-13063,MINISTERIO DE ECONOMÍA Y HACIENDA,estatal,Orden,15202,15223,Orden de 12 de mayo de 1993 por la que se aprueba la tabla de coeficientes anuales de amortización.
1993-05-20,120,1,BOE-A-1993-13064,"MINISTERIO DE AGRICULTURA, PESCA Y ALIMENTACIÓN",estatal,Orden,15223,15225,"Orden de 17 de mayo de 1993 por la que se establece la normalización de los pasaportes fitosanitarios destinados a la circulación de determinados vegetales, productos vegetales y otros objetos dentro de la Comunidad, y por la que se establecen los procedimientos para la expedición de tales pasaportes y las condiciones y procedimientos para su sustitución."
1993-05-20,120,1,BOE-A-1993-13065,"MINISTERIO DE AGRICULTURA, PESCA Y ALIMENTACIÓN",estatal,Orden,15225,15231,"Orden de 17 de mayo de 1993 por la que se establecen las obligaciones a que están sujetos los productores, comerciantes e importadores de vegetales, productos vegetales y otros objetos, así como las normas detalladas para su inscripción en un Registro oficial."
1993-05-20,120,1,BOE-A-1993-13066,COMUNIDAD AUTÓNOMA DE CANTABRIA,autonómico,Ley,15232,15244,"Ley de Cantabria 3/1993, de 10 de marzo, de Presupuestos Generales de la Diputación Regional de Cantabria."
1993-05-21,121,1,BOE-A-1993-13175,MINISTERIO DE ECONOMÍA Y HACIENDA,estatal,Real Decreto,15387,15389,"Real Decreto 591/1993, de 23 de abril, por el que se regulan determinados aspectos relacionados con la gestión de gastos y pagos en el exterior."
1993-05-21,121,1,BOE-A-1993-13176,MINISTERIO DE ECONOMÍA Y HACIENDA,estatal,Real Decreto,15389,15395,"Real Decreto 629/1993, de 3 de mayo, sobre normas de actuación en los mercados de valores y registros obligatorios."
1993-05-21,121,1,BOE-A-1993-13177,MINISTERIO DE ECONOMÍA Y HACIENDA,estatal,Corrección,15395,15395,Corrección de errores de la Orden de 28 de abril de 1993 por la que se dictan las normas para la elaboración de los Presupuestos Generales del Estado para 1994.
1993-05-21,121,1,BOE-A-1993-13178,MINISTERIO DEL INTERIOR,estatal,Orden,15395,15396,"Orden de 14 de mayo de 1993 por la que se modifica el artículo 4 del Reglamento del Juego del Bingo, aprobado por Orden de 9 de enero de 1979."
1993-05-21,121,1,BOE-A-1993-13179,MINISTERIO DE TRABAJO Y SEGURIDAD SOCIAL,estatal,Real Decreto,15396,15399,"Real Decreto 728/1993, de 14 de mayo, por el que se establecen pensiones asistenciales por ancianidad en favor de los emigrantes españoles."
1993-05-21,121,1,BOE-A-1993-13180,MINISTERIO DE SANIDAD Y CONSUMO,estatal,Orden,15399,15400,Orden de 12 de mayo de 1993 por la que se establece el certificado sanitario oficial para la exportación de productos alimenticios.
1993-05-21,121,1,BOE-A-1993-13181,MINISTERIO DE RELACIONES CON LAS CORTES Y DE LA SECRETARÍA DEL GOBIERNO,estatal,Real Decreto,15400,15404,"Real Decreto 636/1993, de 3 de mayo, por el que se regula el sistema arbitral de consumo."
1993-05-21,121,1,BOE-A-1993-13182,MINISTERIO DE RELACIONES CON LAS CORTES Y DE LA SECRETARÍA DEL GOBIERNO,estatal,Real Decreto,15404,15404,"Real Decreto 637/1993, de 3 de mayo, sobre atribución de competencias en relación con el papel de oficio utilizado por los órganos de la Administración de Justicia."
1993-05-21,121,1,BOE-A-1993-13183,MINISTERIO DE RELACIONES CON LAS CORTES Y DE LA SECRETARÍA DEL GOBIERNO,estatal,Corrección,15405,15405,"Corrección de errores del Real Decreto 49/1993, de 15 de enero, relativo a los controles veterinarios aplicables en los intercambios intracomunitarios de los productos de origen animal."
1993-05-22,122,1,BOE-A-1993-13321,MINISTERIO DE EDUCACIÓN Y CIENCIA,estatal,Real Decreto,15609,15610,"Real Decreto 630/1993, de 4 de mayo, sobre la Asamblea General del Deporte."
1993-05-22,122,1,BOE-A-1993-13322,MINISTERIO DE EDUCACIÓN Y CIENCIA,estatal,Real Decreto,15610,15614,"Real Decreto 676/1993, de 7 de mayo, por el que se establecen directrices generales sobre los títulos y las correspondientes enseñanzas mínimas de formación profesional."
1993-05-22,122,1,BOE-A-1993-13323,"MINISTERIO DE AGRICULTURA, PESCA Y ALIMENTACIÓN",estatal,Real Decreto,15614,15615,"Real Decreto 679/1993, de 7 de mayo, por el que se modifica el Real Decreto 434/1990, de 30 de marzo, por el que se establecen las condiciones sanitarias aplicables al comercio intracomunitario de animales vivos de la especie bovina y porcina."
1993-05-24,123,1,BOE-A-1993-13378,"MINISTERIO DE INDUSTRIA, COMERCIO Y TURISMO",estatal,Resolución,15648,15648,"Resolución de 20 de mayo de 1993, de la Dirección General de la Energía, por la que se hacen públicos los nuevos precios máximos de venta de gas natural para usos industriales."
1993-05-24,123,1,BOE-A-1993-13379,"MINISTERIO DE INDUSTRIA, COMERCIO Y TURISMO",estatal,Resolución,15648,15649,"Resolución de 20 de mayo de 1993, de la Dirección General de la Energía, por la que se publican los precios máximos de venta al público de gasolinas y gasóleos, aplicables en el ámbito de la península e islas Baleares a partir del día 25 de mayo de 1993."
1993-05-24,123,1,BOE-A-1993-13380,"MINISTERIO DE INDUSTRIA, COMERCIO Y TURISMO",estatal,Resolución,15649,15649,"Resolución de 20 de mayo de 1993, de la Dirección General de la Energía, por la que se publican los precios máximos de venta al público de gasolinas y gasóleos, Impuesto General Indirecto Canario excluido, aplicables en el ámbito de la Comunidad Autónoma de Canarias a partir del día 25 de mayo de 1993."
1993-05-24,123,1,BOE-A-1993-13381,BANCO DE ESPAÑA,estatal,Corrección,15649,15649,"Corrección de errores de la Circular número 5/1993, de 26 de marzo, a Entidades de crédito, sobre determinación y control de los recursos propios mínimos."
1993-05-25,124,1,BOE-A-1993-13434,MINISTERIO DE ASUNTOS EXTERIORES,estatal,Real Decreto,15666,15670,"Real Decreto 674/1993, de 7 de mayo, sobre provisión de puestos de trabajo en el extranjero y ascensos de los funcionarios de la Carrera Diplomática."
1993-05-25,124,1,BOE-A-1993-13435,"MINISTERIO DE INDUSTRIA, COMERCIO Y TURISMO",estatal,Real Decreto,15670,15672,"Real Decreto 677/1993, de 7 de mayo, por el que se aprueba el Reglamento de procedimiento para la concesión de apoyo oficial al crédito a la exportación mediante convenios de ajuste recíproco de intereses."
1993-05-25,124,1,BOE-A-1993-13436,MINISTERIO DE RELACIONES CON LAS CORTES Y DE LA SECRETARÍA DEL GOBIERNO,estatal,Real Decreto,15672,15678,"Real Decreto 686/1993, de 7 de mayo, por el que se modifica el Reglamento de la Ley 46/1984, de 26 de diciembre, reguladora de las Instituciones de Inversión Colectiva, precisándose el régimen de las Sociedades y Fondos de Inversión Inmobiliaria."
1993-05-25,124,1,BOE-A-1993-13437,COMUNIDAD AUTÓNOMA DE CANTABRIA,autonómico,Ley,15679,15692,"Ley 4/1993, de 10 de marzo, de Función Pública."
1993-05-25,124,1,BOE-A-1993-13438,COMUNIDAD AUTÓNOMA DE CASTILLA Y LEÓN,autonómico,Ley,15692,15709,Ley 1/1993 de 6 de abril de Ordenación del Sistema Sanitario.
1993-05-26,125,1,BOE-A-1993-13527,MINISTERIO DE ASUNTOS EXTERIORES,estatal,Resolución,15796,15796,"Resolución de 19 de mayo de 1993, de la Secretaría General Técnica, por la que se dispone la publicación de la denuncia del Acuerdo de supresión de visados con la República Dominicana, la cual surte efectos a partir del 1 de junio de 1993."
1993-05-26,125,1,BOE-A-1993-13528,COMUNIDAD FORAL DE NAVARRA,autonómico,Ley,15796,15797,"Ley Foral 1/1993, de 17 de febrero, de creación del Consejo Navarro de Medio Ambiente."
1993-05-26,125,1,BOE-A-1993-13529,COMUNIDAD FORAL DE NAVARRA,autonómico,Ley,15797,15798,"Ley Foral 3/1993, de 30 de marzo, por la que se establece el módulo y su ponderación para 1993 aplicable a las actuaciones protegibles en materia de vivienda, y se fijan los precios máximos correspondientes a algunas de dichas actuaciones."
1993-05-26,125,1,BOE-A-1993-13530,COMUNIDAD FORAL DE NAVARRA,autonómico,Ley,15798,15802,"Ley Foral 4/1993, de 15 de abril, del Plan Trienal de Infraestructuras Locales para el período 1993-1995."
1993-05-26,125,1,BOE-A-1993-13531,COMUNIDAD FORAL DE NAVARRA,autonómico,Ley,15802,15802,"Ley Foral 5/1993, de 15 de abril, por la que se modifica la Ley Foral 14/1992, de 21 de diciembre, reguladora del sistema y modelos de financiación de las actuaciones protegibles en materia de vivienda."
1993-05-26,125,1,BOE-A-1993-13532,COMUNIDAD FORAL DE NAVARRA,autonómico,Ley,15803,15803,"Ley Foral 6/1993, de 15 de abril, de concesión de un suplemento de crédito para el Departamento de Industria, Comercio, Turismo y Trabajo."
1993-05-27,126,1,BOE-A-1993-13663,JEFATURA DEL ESTADO,estatal,Real Decreto-ley,16011,16022,"Real Decreto-ley 7/1993, de 21 de mayo, de medidas urgentes de adaptación y modificación del Impuesto sobre el Valor Añadido, del Impuesto Especial sobre determinados Medios de Transporte, del Impuesto General Indirecto Canario, del Arbitrio sobre la Producción e Importación en las Islas Canarias y de la Tarifa Especial del Arbitrio Insular a la Entrada de Mercancías."
1993-05-27,126,1,BOE-A-1993-13664,JEFATURA DEL ESTADO,estatal,Real Decreto-ley,16022,16031,"Real Decreto-ley 8/1993, de 21 de mayo, por el que se adoptan medidas urgentes para reparar los efectos producidos por la sequía."
1993-05-27,126,1,BOE-A-1993-13665,MINISTERIO DE ASUNTOS EXTERIORES,estatal,Corrección,16031,16031,"Corrección de errores del Convenio entre el Gobierno de España y la República Popular China para evitar la doble imposición y prevenir la evasión fiscal en materia de impuestos sobre la renta y el patrimonio, hecho en Pekín el 22 de noviembre de 1990 (publicado en el «Boletín Oficial del Estado» número 152, de fecha 25 de junio de 1992)."
1993-05-27,126,1,BOE-A-1993-13666,MINISTERIO DE ECONOMÍA Y HACIENDA,estatal,Corrección,16031,16031,"Corrección de errores de la Circular 3/93, de 10 de marzo, sobre restituciones a la exportación. Aplicación del apartado 2 del artículo 3 del Reglamento (CEE) número 3035/80."
1993-05-27,126,1,BOE-A-1993-13667,"MINISTERIO DE INDUSTRIA, COMERCIO Y TURISMO",estatal,Orden,16031,16032,Orden de 24 mayo de 1993 por la que se regulan los regímenes de intercambios comerciales con la República Federal de Yugoslavia (Serbia y Montenegro).
1993-05-27,126,1,BOE-A-1993-13668,"MINISTERIO DE AGRICULTURA, PESCA Y ALIMENTACIÓN",estatal,Corrección,16032,16033,Corrección de errores de la Orden de 28 de abril de 1993 por la que se regula para la campaña 1993/94 la retirada del cultivo de tierras y su posible utilización para la fabricación de productos cuyo principal destino no sea el consumo humano o animal.
1993-05-27,126,1,BOE-A-1993-13669,MINISTERIO DE CULTURA,estatal,Real Decreto,16033,16035,"Real Decreto 682/1993, de 7 de mayo, por el que se reorganiza el Museo de América."
1993-05-27,126,1,BOE-A-1993-13670,MINISTERIO DE CULTURA,estatal,Real Decreto,16036,16038,"Real Decreto 683/1993, de 7 de mayo, por el que se reorganiza el Museo Arqueológico Nacional."
1993-05-27,126,1,BOE-A-1993-13671,MINISTERIO DE CULTURA,estatal,Real Decreto,16038,16041,"Real Decreto 684/1993, de 7 de mayo, por el que se crea el Museo Nacional de Antropología."
1993-05-27,126,1,BOE-A-1993-13672,MINISTERIO DE SANIDAD Y CONSUMO,estatal,Real Decreto,16041,16054,"Real Decreto 634/1993, de 3 de mayo, sobre productos sanitarios implantables activos."
1993-05-28,127,1,BOE-A-1993-13779,MINISTERIO DE ASUNTOS EXTERIORES,estatal,Tratado o acuerdo internacional,16139,16139,"Entrada en vigor del Acuerdo Marco de Cooperación económica y financiera entre el Reino de España y la República Tunecina, hecho en Madrid el 28 de mayo de 1991."
1993-05-28,127,1,BOE-A-1993-13780,MINISTERIO DE ASUNTOS EXTERIORES,estatal,Otras,16139,16139,Suspensión temporal del Canje de Notas de 3 de marzo de 1978 entre el Gobierno de España y la República Socialista Federativa de Yugoslavia sobre supresión de visados.
1993-05-29,128,1,BOE-A-1993-13886,MINISTERIO DE ECONOMÍA Y HACIENDA,estatal,Real Decreto,16265,16271,"Real Decreto 803/1993, de 28 de mayo, por el que se modifican determinados procedimientos tributarios."
1993-05-29,128,1,BOE-A-1993-13887,"MINISTERIO DE AGRICULTURA, PESCA Y ALIMENTACIÓN",estatal,Orden,16271,16272,"Orden de 28 de mayo de 1993 por la que se desarrolla el artículo 2 del Real Decreto-ley 8/1993, de 21 de mayo, por el que se adoptan medidas urgentes para reparar los efectos producidos por la sequía."
1993-05-29,128,1,BOE-A-1993-13888,MINISTERIO DE RELACIONES CON LAS CORTES Y DE LA SECRETARÍA DEL GOBIERNO,estatal,Real Decreto,16272,16278,"Real Decreto 822/1993, de 28 de mayo, por el que se establecen los principios de buenas prácticas de laboratorio y su aplicación en la realización de estudios no clínicos sobre sustancias y productos químicos."
1993-05-29,128,1,BOE-A-1993-13889,MINISTERIO DE RELACIONES CON LAS CORTES Y DE LA SECRETARÍA DEL GOBIERNO,estatal,Orden,16278,16283,"Orden de 26 de mayo de 1993 por la que se establecen las condiciones para la solicitud de clasificación de establecimientos y de concesión de excepciones temporales y limitadas a las normas comunitarias sanitarias para la producción y comercialización de leche cruda, leche de consumo tratada térmicamente y productos lácteos."
1993-05-31,129,1,BOE-A-1993-13943,MINISTERIO DE ASUNTOS EXTERIORES,estatal,Resolución,16321,16347,"Resolución de 19 de mayo de 1993, de la Secretaría General Técnica, sobre aplicación del artículo 32 del Decreto 801/1972, relativo a la ordenación de la actividad de la Administración del Estado en materia de Tratados Internacionales."
1993-05-31,129,1,BOE-A-1993-13944,MINISTERIO DE ECONOMÍA Y HACIENDA,estatal,Resolución,16347,16350,"Resolución de 29 de abril de 1993, del Departamento de Aduanas e Impuestos Especiales, por la que se actualiza el arancel integrado de aplicación (TARIC)."
1993-06-01,130,1,BOE-A-1993-13989,JEFATURA DEL ESTADO,estatal,Real Decreto-ley,16420,16422,"Real Decreto-ley 9/1993, de 28 de mayo, por el que se conceden ayudas a los afectados por el Virus de Inmunodeficiencia Humana (VIH) como consecuencia de actuaciones realizadas en el sistema sanitario público."
1993-06-01,130,1,BOE-A-1993-13990,MINISTERIO DE OBRAS PÚBLICAS Y TRANSPORTES,estatal,Real Decreto,16422,16423,"Real Decreto 727/1993, de 14 de mayo, sobre precio de las viviendas de protección oficial de promoción privada."
1993-06-01,130,1,BOE-A-1993-13991,MINISTERIO DE EDUCACIÓN Y CIENCIA,estatal,Orden,16423,16429,Orden de 26 de mayo de 1993 sobre adscripción de centros a Universidades Públicas de competencia de la Administración General del Estado y autorización de los centros extranjeros que son competencia de la misma.
1993-06-01,130,1,BOE-A-1993-13992,"MINISTERIO DE AGRICULTURA, PESCA Y ALIMENTACIÓN",estatal,Orden,16430,16430,"Orden de 27 de mayo de 1993 por la que se amplía el plazo para la presentación de las solicitudes de la indemnización compensatoria básica en determinadas zonas desfavorecidas, correspondientes al año 1993, previsto en la Orden de 4 de mayo de 1993."
1993-06-01,130,1,BOE-A-1993-13993,COMUNIDAD FORAL DE NAVARRA,autonómico,Ley,16430,16451,"Ley Foral 2/1993, de 5 de marzo, de protección y gestión de la fauna silvestre y sus hábitats."
1993-06-02,131,1,BOE-A-1993-14101,COMUNIDAD AUTÓNOMA DE GALICIA,autonómico,Ley,16547,16548,"Ley 5/1993, de 16 de abril, de concesión de una paga al personal al servicio de la Comunidad Autónoma, así como de determinación del incremento retributivo para 1993, y concesión de un crédito extraordinario por importe de 2.683.000.000 de pesetas."
1993-06-02,131,1,BOE-A-1993-14102,COMUNIDAD AUTÓNOMA DE ARAGÓN,autonómico,Ley,16548,16562,"Ley 7/1993, de 4 de mayo, de Presupuestos de la Comunidad Autónoma de Aragón para 1993."
1993-06-03,132,1,BOE-A-1993-14201,MINISTERIO DE ECONOMÍA Y HACIENDA,estatal,Corrección,16681,16681,"Corrección de errores del Real Decreto 136/1993, de 29 de enero, por el que se aprueba el Plan Estadístico Nacional 1993-1996."
1993-06-03,132,1,BOE-A-1993-14202,MINISTERIO DEL INTERIOR,estatal,Orden,16681,16685,Orden de 20 de mayo de 1993 por la que se aprueba el modelo de Tarjeta Europea de Armas de Fuego y el de declaración de transferencias de armas de fuego por armeros autorizados.
1993-06-03,132,1,BOE-A-1993-14203,MINISTERIO DE OBRAS PÚBLICAS Y TRANSPORTES,estatal,Resolución,16686,16687,"Resolución de 13 de mayo de 1993, de la Dirección General de Aviación Civil, por la que se determinan los plazos y formas de presentación de los registros de tarifas de las compañías aéreas comunitarias en los servicios aéreos intracomunitarios."
1993-06-03,132,1,BOE-A-1993-14204,"MINISTERIO DE AGRICULTURA, PESCA Y ALIMENTACIÓN",estatal,Real Decreto,16687,16689,"Real Decreto 678/1993, de 7 de mayo, sobre obras para la mejora y modernización de los regadíos tradicionales."
1993-06-03,132,1,BOE-A-1993-14205,"MINISTERIO DE AGRICULTURA, PESCA Y ALIMENTACIÓN",estatal,Real Decreto,16689,16692,"Real Decreto 680/1993, de 7 de mayo, por el que se establece las normas de control y las medidas de lucha contra la peste equina."
1993-06-03,132,1,BOE-A-1993-14206,"MINISTERIO DE AGRICULTURA, PESCA Y ALIMENTACIÓN",estatal,Real Decreto,16693,16693,"Real Decreto 729/1993, de 14 de mayo, por el que se incluye las salazones cárnicas en el régimen de denominaciones de origen, genéricas y específicas, establecido en la Ley 25/1970, de 2 de diciembre, Estatuto de la Viña, del Vino y de los Alcoholes."
1993-06-03,132,1,BOE-A-1993-14207,"MINISTERIO DE AGRICULTURA, PESCA Y ALIMENTACIÓN",estatal,Real Decreto,16693,16693,"Real Decreto 730/1993, de 14 de mayo, por el que se incluye las berenjenas en el régimen de denominaciones de origen, genéricas y específicas, establecido en la Ley 25/1970, de 2 de diciembre, Estatuto de la Viña, del Vino y de los Alcoholes."
1993-06-03,132,1,BOE-A-1993-14208,"MINISTERIO DE AGRICULTURA, PESCA Y ALIMENTACIÓN",estatal,Orden,16693,16694,"Orden de 19 de mayo de 1993 por la que se modifica la de 19 de octubre de 1991 por la que se establecen normas complementarias y el procedimiento de tramitación del Real Decreto 1193/1991, de 26 de julio, por el que se regula el régimen de autorizaciones para la plantación de viñedo durante las campañas 1991/1992 a 1995/1996."
1993-06-03,132,1,BOE-A-1993-14209,"MINISTERIO DE AGRICULTURA, PESCA Y ALIMENTACIÓN",estatal,Orden,16694,16733,"Orden de 27 de mayo de 1993 por la que se modifican los anexos I al VI, de la Orden de 12 de marzo de 1987 por la que se establecen las normas fitosanitarias relativas a la importación, exportación y tránsito de vegetales y productos vegetales en aplicación de la Directiva 77/93/CEE y sus modificaciones."
1993-06-03,132,1,BOE-A-1993-14210,"MINISTERIO DE AGRICULTURA, PESCA Y ALIMENTACIÓN",estatal,Orden,16734,16740,"Orden de 28 de mayo de 1993 por la que se regulan determinados aspectos relacionados con la asignación de cantidades de referencia individuales en el caso de ventas directas, para la aplicación del régimen de tasa suplementaria en el sector de la leche y de los productos lácteos."
1993-06-03,132,1,BOE-A-1993-14211,MINISTERIO DE RELACIONES CON LAS CORTES Y DE LA SECRETARÍA DEL GOBIERNO,estatal,Real Decreto,16740,16745,"Real Decreto 736/1993, de 14 de mayo, por el que se desarrollan determinadas disposiciones de la Ley 39/1992, de 29 de diciembre, de Presupuestos Generales del Estado para 1993, sobre beneficios fiscales aplicables al «Año Santo Compostelano 1993» y deducción por inversiones en investigación y desarrollo."
1993-06-03,132,1,BOE-A-1993-14212,COMUNIDAD AUTÓNOMA DE MADRID,autonómico,Ley,16745,16745,"Ley 2/1993, de 23 de marzo, de aprobación de un crédito extraordinario por importe de 73.000.422 pesetas, para sufragar las liquidaciones definitivas de las subvenciones por gastos electorales de las Elecciones a la Asamblea de Madrid, celebradas el 26 de mayo de 1991."
1993-06-04,133,1,BOE-A-1993-14467,TRIBUNAL CONSTITUCIONAL,estatal,Resolución judicial,16931,16931,"Conflicto positivo de competencia número 180/1987, planteado por el Gobierno en relación con el Decreto 106/1986, de 11 de diciembre, de la Comunidad Autónoma de las Islas Baleares."
1993-06-04,133,1,BOE-A-1993-14468,TRIBUNAL CONSTITUCIONAL,estatal,Resolución judicial,16931,16931,"Conflicto positivo de competencia número 1187/1987, planteado por el Consejo de Gobierno del Principado de Asturias en relación con el Real Decreto 650/1987, de 8 de mayo."
1993-06-04,133,1,BOE-A-1993-14469,TRIBUNAL CONSTITUCIONAL,estatal,Resolución judicial,16931,16931,Cuestión de inconstitucionalidad número 1372/1993.
1993-06-04,133,1,BOE-A-1993-14470,TRIBUNAL CONSTITUCIONAL,estatal,Resolución judicial,16931,16931,Cuestión de inconstitucionalidad número 1404/1993.
1993-06-04,133,1,BOE-A-1993-14471,TRIBUNAL CONSTITUCIONAL,estatal,Resolución judicial,16931,16931,Cuestión de inconstitucionalidad número 1534/1993.
1993-06-04,133,1,BOE-A-1993-14472,TRIBUNAL CONSTITUCIONAL,estatal,Resolución judicial,16931,16932,Cuestión de inconstitucionalidad número 1581/1993.
1993-06-04,133,1,BOE-A-1993-14473,TRIBUNAL CONSTITUCIONAL,estatal,Resolución judicial,16932,16932,Cuestión de inconstitucionalidad número 1582/1993.
1993-06-04,133,1,BOE-A-1993-14474,MINISTERIO DE ASUNTOS EXTERIORES,estatal,Tratado o acuerdo internacional,16932,16933,"Acuerdo de cooperación en el campo de los usos pacíficos de la energía nuclear entre el Gobierno de España y el Gobierno de la República Federativa de Brasil, hecho en Brasilia el 12 de mayo de 1983."
1993-06-04,133,1,BOE-A-1993-14475,MINISTERIO DE ASUNTOS EXTERIORES,estatal,Tratado o acuerdo internacional,16933,16936,"Acuerdo para la protección y fomento recíproco de las inversiones entre el Reino de España y la República de Polonia, hecho en Madrid el 30 de julio de 1992."
1993-06-04,133,1,BOE-A-1993-14476,MINISTERIO DE ASUNTOS EXTERIORES,estatal,Tratado o acuerdo internacional,16936,16938,"Convenio Aduanero relativo al transporte internacional de mercancías al amparo de los cuadernos TIR, hecho en Ginebra el 14 de noviembre de 1975, enmiendas propuestas por Suecia a los anejos 2 y 7 (publicados en el «Boletín Oficial del Estado» de 9 de febrero de 1983) y puestas en circulación por el Secretario General de las Naciones Unidas el 21 de enero de 1992."
1993-06-04,133,1,BOE-A-1993-14477,MINISTERIO DEL INTERIOR,estatal,Orden,16939,16940,Orden de 27 de mayo de 1993 por la que se dispone la publicación del Acuerdo del Consejo de Ministros relativo a la información al público sobre las medidas de protección sanitaria aplicables y sobre el comportamiento a seguir en caso de emergencia radiológica
1993-06-04,133,1,BOE-A-1993-14478,MINISTERIO DE EDUCACIÓN Y CIENCIA,estatal,Resolución,16941,16941,"Resolución de 28 de mayo de 1993, de la Secretaría de Estado de Educación, sobre criterios y procedimientos para decidir la promoción y titulación del alumnado en la Educación Secundaria Obligatoria."
1993-06-04,133,1,BOE-A-1993-14479,"MINISTERIO DE AGRICULTURA, PESCA Y ALIMENTACIÓN",estatal,Orden,16942,16944,Orden de 27 de mayo de 1993 por la que se ordena la actividad pesquera de las flotas españolas que operan al amparo del «Acuerdo sobre las relaciones en materia de pesca marítima entre la Comunidad Económica Europea y el Reino de Marruecos».
1993-06-04,133,1,BOE-A-1993-14480,MINISTERIO PARA LAS ADMINISTRACIONES PÚBLICAS,estatal,Corrección,16944,16944,"Corrección de erratas del Real Decreto 347/1993, de 5 de marzo, sobre Organización de los Servicios Territoriales del Instituto Nacional de la Salud."
1993-06-05,134,1,BOE-A-1993-14574,MINISTERIO DE DEFENSA,estatal,Real Decreto,17057,17057,"Real Decreto 725/1993, de 14 de mayo, por el que se modifica el Real Decreto 2157/1977, de 23 de julio, de creación del distintivo de la Casa de Su Majestad el Rey."
1993-06-05,134,1,BOE-A-1993-14575,MINISTERIO DE TRABAJO Y SEGURIDAD SOCIAL,estatal,Real Decreto,17057,17058,"Real Decreto 766/1993, de 21 de mayo, por el que se incluye en el Régimen General de la Seguridad Social a los jugadores profesionales de baloncesto."
1993-06-05,134,1,BOE-A-1993-14576,"MINISTERIO DE AGRICULTURA, PESCA Y ALIMENTACIÓN",estatal,Corrección,17058,17059,"Corrección de erratas del Real Decreto 345/1993, de 5 de marzo, por el que se establecen las normas de calidad de las aguas y de la producción de moluscos y otros invertebrados marinos vivos."
1993-06-05,134,1,BOE-A-1993-14577,MINISTERIO PARA LAS ADMINISTRACIONES PÚBLICAS,estatal,Resolución,17059,17060,"Resolución de 3 de junio de 1993, de la Secretaría de Estado para la Administración Pública, por la que se dispone la publicación del Acuerdo de Consejo de Ministros sobre autorización de convocatorias de personal estatutario de las Instituciones Sanitarias de la Seguridad Social del INSALUD."
1993-06-07,135,1,BOE-A-1993-14616,MINISTERIO DE EDUCACIÓN Y CIENCIA,estatal,Resolución,17089,17091,"Resolución de 28 de mayo de 1993, de la Secretaría de Estado de Educación, por la que se regulan los programas de diversificación curricular en la etapa de Educación Secundaria Obligatoria durante el período de implantación anticipada de esta etapa."
1993-06-07,135,1,BOE-A-1993-14617,MINISTERIO DE TRABAJO Y SEGURIDAD SOCIAL,estatal,Corrección,17092,17092,"Corrección de errores de la Resolución de 31 de marzo de 1993, de la Subsecretaría de Trabajo y Seguridad Social, por la que se acuerda la publicación del Reglamento de Organización y Funcionamiento interno del Consejo Económico y Social."
1993-06-07,135,1,BOE-A-1993-14618,"MINISTERIO DE INDUSTRIA, COMERCIO Y TURISMO",estatal,Resolución,17092,17092,"Resolución de 3 de junio de 1993, de la Dirección General de la Energía, por la que se hacen públicos los nuevos precios máximos de venta de gas natural para usos industriales."
1993-06-07,135,1,BOE-A-1993-14619,"MINISTERIO DE INDUSTRIA, COMERCIO Y TURISMO",estatal,Resolución,17093,17093,"Resolución de 3 de junio de 1993, de la Dirección General de la Energía, por la que se publican los precios máximos de venta al público de gasolinas y gasóleos, aplicables en el ámbito de la península e islas Baleares a partir del día 8 de junio de 1993."
1993-06-07,135,1,BOE-A-1993-14620,"MINISTERIO DE INDUSTRIA, COMERCIO Y TURISMO",estatal,Resolución,17093,17093,"Resolución de 3 de junio de 1993, de la Dirección General de la Energía, por la que se publican los precios máximos de venta al público de gasolinas y gasóleos, Impuesto General Indirecto Canario excluido, aplicables en el ámbito de la Comunidad Autónoma de Canarias a partir del día 8 de junio de 1993."
1993-06-07,135,1,BOE-A-1993-14621,"MINISTERIO DE AGRICULTURA, PESCA Y ALIMENTACIÓN",estatal,Corrección,17093,17093,"Corrección de errores del Real Decreto 378/1993, de 12 de marzo, por el que se establece un régimen de ayudas para fomentar inversiones forestales en explotaciones agrarias y acciones de desarrollo y aprovechamiento de los bosques en las zonas rurales."
1993-06-08,136,1,BOE-A-1993-14656,JEFATURA DEL ESTADO,estatal,Otras,17131,17157,"Instrumento de ratificación de las Actas de la Unión Postal de las Américas, España y Portugal, adoptadas en el XIV Congreso de la Unión Postal de las Américas, España y Portugal (UPAEP) en Buenos Aires el 21 de septiembre de 1990."
1993-06-08,136,1,BOE-A-1993-14657,MINISTERIO DE EDUCACIÓN Y CIENCIA,estatal,Real Decreto,17158,17158,"Real Decreto 807/1993, de 28 de mayo, por el que se modifica el Real Decreto 406/1988, de 29 de abril, sobre organización de las pruebas de aptitud para el acceso a las Facultades, Escuelas Técnicas Superiores y Colegios Universitarios."
1993-06-08,136,1,BOE-A-1993-14658,MINISTERIO PARA LAS ADMINISTRACIONES PÚBLICAS,estatal,Real Decreto,17158,17165,"Real Decreto 731/1993, de 14 de mayo, sobre provisión de puestos de trabajo reservados a funcionarios de Administración Local, con habilitación de carácter nacional."
1993-06-08,136,1,BOE-A-1993-14659,MINISTERIO DE RELACIONES CON LAS CORTES Y DE LA SECRETARÍA DEL GOBIERNO,estatal,Real Decreto,17165,17165,"Real Decreto 821/1993, de 28 de mayo, por el que se suprime la Comisión Regional del Plátano (CREP)."
1993-06-08,136,1,BOE-A-1993-14660,MINISTERIO DE RELACIONES CON LAS CORTES Y DE LA SECRETARÍA DEL GOBIERNO,estatal,Corrección,17166,17166,"Corrección de erratas del Real Decreto 429/1993, de 26 de marzo, por el que se aprueba el Reglamento de los procedimientos de las Administraciones públicas en materia de responsabilidad patrimonial."
1993-06-09,137,1,BOE-A-1993-14768,MINISTERIO DE ASUNTOS EXTERIORES,estatal,Tratado o acuerdo internacional,17388,17407,"Enmiendas al Anexo del Protocolo de 1978 relativo al Convenio Internacional para prevenir la contaminación por los buques 1973, hecho en Londres el 17 de febrero de 1978, publicado en el «Boletín Oficial del Estado» números 249 y 250, de 17 y 18 de octubre de 1984."
1993-06-09,137,1,BOE-A-1993-14769,MINISTERIO DE OBRAS PÚBLICAS Y TRANSPORTES,estatal,Real Decreto,17407,17407,"Real Decreto 764/1993, de 21 de mayo, por el que se otorga al Organismo autónomo Correos y Telégrafos, al Ente público de la Red Técnica Española de Televisión (RETEVISION) y a «Telefónica de España, Sociedad Anónima» título habilitante para la prestación de determinado servicio portador de telecomunicación, en aplicación del artículo 14.3 de la Ley de Ordenación de las Telecomunicaciones."
1993-06-09,137,1,BOE-A-1993-14770,"MINISTERIO DE AGRICULTURA, PESCA Y ALIMENTACIÓN",estatal,Corrección,17407,17408,"Corrección de errores del Real Decreto 477/1993, de 2 de abril, por el que se establece un régimen de ayudas destinado a fomentar el cese anticipado en la actividad agraria."
1993-06-09,137,1,BOE-A-1993-14771,COMUNIDAD AUTÓNOMA DE CANARIAS,autonómico,Ley,17408,17410,"Ley 1/1993, de 26 de marzo, de creación y regulación de la Escuela de Servicios Sanitarios y Sociales de Canarias."
1993-06-09,137,1,BOE-A-1993-14772,COMUNIDAD AUTÓNOMA DE MADRID,autonómico,Ley,17410,17413,"Ley 5/1993, de 21 de abril, de modificación de la Ley 7/1991, de 4 de abril, de ampliación del Parque Regional de la Cuenca Alta del Manzanares."
1993-06-09,137,1,BOE-A-1993-14773,COMUNIDAD AUTÓNOMA DE MADRID,autonómico,Ley,17414,17414,"Ley 6/1993, de 21 de abril, de concesión de aval a la Empresa «La Seda de Barcelona, Sociedad Anónima»."
1993-06-10,138,1,BOE-A-1993-14876,MINISTERIO DE ECONOMÍA Y HACIENDA,estatal,Resolución,17646,17646,"Resolución 4/1993, de 28 de mayo, de la Dirección General de Tributos, para la devolución del Impuesto sobre el Valor Añadido en el Régimen de Viajeros a las personas residentes en Canarias."
1993-06-10,138,1,BOE-A-1993-14877,MINISTERIO DE ECONOMÍA Y HACIENDA,estatal,Resolución,17646,17648,"Resolución 5/1993, de 28 de mayo, de la Dirección General de Tributos, por la que se determinan las distancias de los vuelos aéreos entre la península y las islas adyacentes que se entienden comprendidas en el ámbito territorial del Impuesto sobre el Valor Añadido."
1993-06-10,138,1,BOE-A-1993-14878,MINISTERIO DE EDUCACIÓN Y CIENCIA,estatal,Orden,17648,17651,"Orden de 9 de junio de 1993 sobre pruebas de aptitud para el acceso a las Facultades, Escuelas Técnicas Superiores y Colegios Universitarios."
1993-06-10,138,1,BOE-A-1993-14879,MINISTERIO DE RELACIONES CON LAS CORTES Y DE LA SECRETARÍA DEL GOBIERNO,estatal,Real Decreto,17651,17652,"Real Decreto 768/1993, de 21 de mayo, por el que se regula con carácter transitorio el sistema de ascensos en el Cuerpo de la Guardia Civil."
1993-06-10,138,1,BOE-A-1993-14880,COMUNIDAD AUTÓNOMA DE MADRID,autonómico,Ley,17652,17656,"Ley 3/1993, de 2 de abril, de Creación del Consejo de la Mujer en la Comunidad de Madrid."
1993-06-10,138,1,BOE-A-1993-14881,COMUNIDAD AUTÓNOMA DE MADRID,autonómico,Ley,17656,17663,"Ley 4/1993, de 21 de abril, de Archivos y Patrimonio Documental de la Comunidad de Madrid."
1993-06-11,139,1,BOE-A-1993-15062,MINISTERIO DE ASUNTOS EXTERIORES,estatal,Orden,17878,17878,Orden de 4 de junio de 1993 por la que se crea una Oficina Consular Honoraria en Jounieh (Líbano).
1993-06-11,139,1,BOE-A-1993-15063,MINISTERIO DE ASUNTOS EXTERIORES,estatal,Otras,17878,17888,"Anexo al Convenio Internacional para la Regulación de la Pesca de la Ballena enmendado en la 44.ª Reunión de la Comisión Ballenera Internacional, celebrada del 29 de junio al 3 de julio de 1992."
1993-06-11,139,1,BOE-A-1993-15064,MINISTERIO DE OBRAS PÚBLICAS Y TRANSPORTES,estatal,Real Decreto,17888,17894,"Real Decreto 726/1993, de 14 de mayo, por el que se regula la financiación de actuaciones protegibles en materia de rehabilitación de inmuebles y se modifican determinados artículos del Real Decreto 1932/1991, de 20 de diciembre."
1993-06-11,139,1,BOE-A-1993-15065,MINISTERIO DE OBRAS PÚBLICAS Y TRANSPORTES,estatal,Real Decreto,17894,17898,"Real Decreto 765/1993, de 21 de mayo, por el que se aprueba el Plan Técnico Nacional de Radiodifusión Sonora en Ondas Medias (hectométricas)."
1993-06-11,139,1,BOE-A-1993-15066,MINISTERIO DE OBRAS PÚBLICAS Y TRANSPORTES,estatal,Real Decreto,17898,17903,"Real Decreto 804/1993, de 28 de mayo, por el que se aprueba el Reglamento técnico y de prestación del servicio de telecomunicación de valor añadido de suministro de conmutación de datos por paquetes o circuitos."
1993-06-12,140,1,BOE-A-1993-15262,TRIBUNAL CONSTITUCIONAL,estatal,Resolución judicial,18041,18041,"Conflictos positivos de competencia acumulados, números 823/1987, 846/1987, 1.469/1987 y 517/1989, planteados por el Consejo Ejecutivo de la Generalidad de Cataluña el primero y los otros tres por el Gobierno Vasco."
1993-06-12,140,1,BOE-A-1993-15263,TRIBUNAL CONSTITUCIONAL,estatal,Resolución judicial,18041,18041,"Conflictos positivos de competencia acumulados, números 1.479 y 1.761/1988, planteados, respectivamente, por el Gobierno y el Consejo Ejecutivo de la Generalidad de Cataluña."
1993-06-12,140,1,BOE-A-1993-15264,TRIBUNAL CONSTITUCIONAL,estatal,Resolución judicial,18041,18041,Cuestión de inconstitucionalidad número 1.484/1993.
1993-06-12,140,1,BOE-A-1993-15265,"MINISTERIO DE AGRICULTURA, PESCA Y ALIMENTACIÓN",estatal,Resolución,18041,18044,"Resolución de 9 de junio de 1993, de la Secretaría General de Pesca Marítima, por la que se regula la pesquería del boquerón en el golfo de León durante 1993."
1993-06-14,141,1,BOE-A-1993-15330,"MINISTERIO DE INDUSTRIA, COMERCIO Y TURISMO",estatal,Resolución,18081,18081,"Resolución de 11 de junio de 1993, de la Dirección General de la Energía, por la que se publican los precios máximos de venta al público de los gases licuados de petróleo a granel, aplicables en el ámbito de la península e islas Baleares a partir del día 15 de junio de 1993."
1993-06-15,142,1,BOE-A-1993-15392,MINISTERIO DE TRABAJO Y SEGURIDAD SOCIAL,estatal,Orden,18168,18189,Orden de 8 de junio de 1993 por la que se dictan las normas para la elaboración de los presupuestos de la Seguridad Social para 1994.
1993-06-15,142,1,BOE-A-1993-15393,MINISTERIO DE CULTURA,estatal,Real Decreto,18190,18199,"Real Decreto 733/1993, de 14 de mayo, por el que se aprueba el Reglamento del Registro General de la Propiedad Intelectual."
1993-06-15,142,1,BOE-A-1993-15394,MINISTERIO DE RELACIONES CON LAS CORTES Y DE LA SECRETARÍA DEL GOBIERNO,estatal,Real Decreto,18199,18200,"Real Decreto 734/1993, de 14 de mayo, sobre compensación al transporte de mercancías con origen o destino en las islas Canarias."
1993-06-15,142,1,BOE-A-1993-15395,MINISTERIO DE RELACIONES CON LAS CORTES Y DE LA SECRETARÍA DEL GOBIERNO,estatal,Real Decreto,18200,18201,"Real Decreto 735/1993, de 14 de mayo, por el que se acuerda la aplicación y se desarrolla la regulación de las tasas por prestaciones de servicios y realización de actividades en materia de dominio público marítimo-terrestre."
1993-06-15,142,1,BOE-A-1993-15396,COMUNIDAD AUTÓNOMA DE ANDALUCÍA,autonómico,Ley,18202,18202,"Ley 2/1993, de 11 de mayo, por la que se modifica la composición del Consejo de Administración del Servicio Andaluz de Salud."
1993-06-16,143,1,BOE-A-1993-15612,JEFATURA DEL ESTADO,estatal,Corrección,18325,18325,"Corrección de erratas del Real Decreto-ley 8/1993, de 21 de mayo, por el que se adoptan medidas urgentes para reparar los efectos producidos por la sequía."
1993-06-17,144,1,BOE-A-1993-15744,JEFATURA DEL ESTADO,estatal,Otras,18539,18543,"Instrumento de ratificación del Tratado de Asistencia Jurídica Mutua en Materia Penal entre el Reino de España y los Estados Unidos de América, hecho en Washington el 20 de noviembre de 1990."
1993-06-17,144,1,BOE-A-1993-15745,MINISTERIO DE ASUNTOS EXTERIORES,estatal,Tratado o acuerdo internacional,18543,18544,"Canje de Notas de 12 y 19 de julio de 1991 por el que se corrigen algunas discrepancias detectadas en el texto español respecto del texto inglés del Tratado de Asistencia Jurídica Mutua en materia penal entre el Reino de España y los Estados Unidos de América, hecho en Washington el 20 de noviembre de 1990."
1993-06-17,144,1,BOE-A-1993-15746,MINISTERIO DE JUSTICIA,estatal,Real Decreto,18544,18552,"Real Decreto 763/1993, de 21 de mayo, de dotación y constitución de plazas de Magistrado y Juzgados correspondiente a la programación de 1993."
1993-06-17,144,1,BOE-A-1993-15747,MINISTERIO DE ECONOMÍA Y HACIENDA,estatal,Resolución,18552,18553,"Resolución de 31 de mayo de 1993, de la Secretaría de Estado de Hacienda, sobre tratamiento en el Impuesto sobre el Valor Añadido de las ayudas comunitarias al consumo de aceite de oliva, concedidas en virtud de lo dispuesto en el Reglamento (CEE) 136/1966, de 22 de septiembre."
1993-06-18,145,1,BOE-A-1993-15830,MINISTERIO DE ASUNTOS EXTERIORES,estatal,Tratado o acuerdo internacional,18762,18763,"Convenio Hispano-Andorrano en materia educativa, firmado en Madrid el 11 de enero de 1993."
1993-06-18,145,1,BOE-A-1993-15831,MINISTERIO DE ECONOMÍA Y HACIENDA,estatal,Resolución,18763,18764,"Resolución de 4 de junio de 1993, de la Delegación del Gobierno en el Monopolio de Tabacos, por la que se publican los precios de venta al público de determinadas labores de tabaco en el área del Monopolio."
1993-06-18,145,1,BOE-A-1993-15832,MINISTERIO PARA LAS ADMINISTRACIONES PÚBLICAS,estatal,Orden,18764,18764,Orden de 11 de junio de 1993 sobre regulación de promoción interna para el acceso al Cuerpo Superior Postal y de Telecomunicación en el Organismo autónomo Correos y Telégrafos.
1993-06-19,146,1,BOE-A-1993-15900,JEFATURA DEL ESTADO,estatal,Real Decreto-ley,18888,18888,"Real Decreto-ley 10/1993, de 18 de junio, sobre concesión de un crédito extraordinario, por importe de 222.441.315.588 pesetas, para atender insuficiencias producidas durante 1991 en el Instituto Nacional de Empleo, en materia de gestión de prestaciones por desempleo."
1993-06-19,146,1,BOE-A-1993-15901,JEFATURA DEL ESTADO,estatal,Real Decreto-ley,18888,18891,"Real Decreto-ley 11/1993, de 18 de junio, sobre medidas reguladoras del contrato de adquisición de la colección Thyssen-Bornemisza."
1993-06-19,146,1,BOE-A-1993-15902,MINISTERIO DE ASUNTOS EXTERIORES,estatal,Corrección,18891,18891,"Corrección de erratas de la Declaración de ciertos Gobiernos europeos relativa a la fase de producción de los lanzadores «Ariane», hecha en París el 4 de octubre de 1990."
1993-06-19,146,1,BOE-A-1993-15903,MINISTERIO DE EDUCACIÓN Y CIENCIA,estatal,Real Decreto,18891,18902,"Real Decreto 819/1993, de 28 de mayo, por el que se aprueba el Reglamento Orgánico de las escuelas de educación infantil y de los colegios de educación primaria."
1993-06-19,146,1,BOE-A-1993-15904,MINISTERIO DE RELACIONES CON LAS CORTES Y DE LA SECRETARÍA DEL GOBIERNO,estatal,Real Decreto,18902,18912,"Real Decreto 769/1993, de 21 de mayo, por el que se aprueba el Reglamento para la Prevención de la Violencia en los Espectáculos Deportivos."
1993-06-19,146,1,BOE-A-1993-15905,MINISTERIO DE RELACIONES CON LAS CORTES Y DE LA SECRETARÍA DEL GOBIERNO,estatal,Real Decreto,18912,18913,"Real Decreto 825/1993, de 28 de mayo, por el que se determina las medidas laborales y de Seguridad Social específicas a que se refiere el artículo 6 de la Ley 21/1992, de 16 de julio, de Industria."
1993-06-19,146,1,BOE-A-1993-15906,MINISTERIO DE RELACIONES CON LAS CORTES Y DE LA SECRETARÍA DEL GOBIERNO,estatal,Real Decreto,18913,18913,"Real Decreto 930/1993, de 18 de junio, por el que se modifica el Reglamento de la Ley 4/1986, de 8 de enero, de Cesión de Bienes del Patrimonio Sindical Acumulado, aprobado por el Real Decreto 1671/1986, de 1 de agosto."
1993-06-21,147,1,BOE-A-1993-15963,MINISTERIO DE OBRAS PÚBLICAS Y TRANSPORTES,estatal,Resolución,18930,18930,"Resolución de 19 de junio de 1993, de la Secretaría General de Comunicaciones, por la que se dispone la publicación del Acuerdo del Consejo de Ministros de 18 de junio, por el que se prorrogan los plazos establecidos en las cláusulas 18.ª y 22.ª del pliego de cláusulas de explotación del servicio público de televisión por satélite para la emisión de programas con cobertura nacional o comunitaria, en gestión indirecta."
1993-06-21,147,1,BOE-A-1993-15964,"MINISTERIO DE INDUSTRIA, COMERCIO Y TURISMO",estatal,Resolución,18930,18931,"Resolución de 16 de junio de 1993, de la Dirección General de la Energía, por la que se publican los precios máximos de venta al público de gasolinas y gasóleos, aplicables en el ámbito de la península e islas Baleares a partir del día 22 de junio de 1993."
1993-06-21,147,1,BOE-A-1993-15965,"MINISTERIO DE INDUSTRIA, COMERCIO Y TURISMO",estatal,Resolución,18931,18931,"Resolución de 17 de junio de 1993, de la Dirección General de la Energía, por la que se publican los nuevos precios máximos de venta al público de gas natural para usos industriales."
1993-06-21,147,1,BOE-A-1993-15966,"MINISTERIO DE INDUSTRIA, COMERCIO Y TURISMO",estatal,Resolución,18931,18931,"Resolución de 17 de junio de 1993, de la Dirección General de la Energía, por la que se publican los precios máximos de venta al público de gasolinas y gasóleos, Impuesto General Indirecto Canario excluido, aplicables en el ámbito de la Comunidad Autónoma de Canarias a partir del día 22 de junio de 1993."
1993-06-22,148,1,BOE-A-1993-16055,MINISTERIO DE JUSTICIA,estatal,Real Decreto,19018,19018,"Real Decreto 762/1993, de 21 de mayo, por el que se modifica los artículos 170 y 191 del Reglamento del Registro Civil."
1993-06-22,148,1,BOE-A-1993-16056,MINISTERIO DE ECONOMÍA Y HACIENDA,estatal,Corrección,19018,19018,"Corrección de erratas de la Orden de 26 de abril de 1993, de modificación de la Orden de 19 de septiembre de 1991, del Ministerio de Economía y Hacienda, por la que se aprueban los modelos de documentos en que las Entidades aseguradoras han de remitir la información estadístico-contable a la Dirección General de Seguros."
1993-06-22,148,1,BOE-A-1993-16057,MINISTERIO DE ECONOMÍA Y HACIENDA,estatal,Corrección,19019,19019,Corrección de erratas de la Orden de 28 de abril de 1993 por la que se dictan las normas para la elaboración de los Presupuestos Generales del Estado para 1994.
1993-06-22,148,1,BOE-A-1993-16058,MINISTERIO DE OBRAS PÚBLICAS Y TRANSPORTES,estatal,Orden,19019,19024,"Orden de 14 de junio de 1993 por la que se desarrolla la sección 2.ª del capítulo IV del título V del Reglamento de la Ley de Ordenación de los Transportes Terrestres, sobre arrendamiento de vehículos con conductor."
1993-06-22,148,1,BOE-A-1993-16059,MINISTERIO DE RELACIONES CON LAS CORTES Y DE LA SECRETARÍA DEL GOBIERNO,estatal,Real Decreto,19024,19031,"Real Decreto 823/1993, de 28 de mayo, por el que se aprueba la Instrucción para la recepción de cementos (RC-93)."
1993-06-23,149,1,BOE-A-1993-16126,TRIBUNAL CONSTITUCIONAL,estatal,Resolución judicial,19150,19150,"Conflicto positivo de competencia número 733/1986, planteado por el Consejo Ejecutivo de la Generalidad de Cataluña en relación con una Orden de 27 de febrero de 1986 del Ministerio de Agricultura, Pesca y Alimentación."
1993-06-23,149,1,BOE-A-1993-16127,MINISTERIO DE OBRAS PÚBLICAS Y TRANSPORTES,estatal,Orden,19150,19152,"Orden de 18 de junio de 1993 por la que se desarrolla el Real Decreto 734/1993, de 14 de mayo, sobre compensación al transporte de mercancías con origen o destino en las islas Canarias."
1993-06-23,149,1,BOE-A-1993-16128,MINISTERIO DE EDUCACIÓN Y CIENCIA,estatal,Real Decreto,19152,19156,"Real Decreto 806/1993, de 28 de mayo, sobre régimen de Centros docentes extranjeros en España."
1993-06-23,149,1,BOE-A-1993-16129,MINISTERIO DE EDUCACIÓN Y CIENCIA,estatal,Real Decreto,19156,19157,"Real Decreto 849/1993, de 4 de junio, por el que se determina las prestaciones mínimas del Seguro Obligatorio Deportivo."
1993-06-23,149,1,BOE-A-1993-16130,MINISTERIO DE EDUCACIÓN Y CIENCIA,estatal,Corrección,19158,19158,"Corrección de errores de la Orden de 9 de junio de 1993 sobre pruebas de aptitud para el acceso a las Facultades, Escuelas Técnicas Superiores y Colegios Universitarios."
1993-06-23,149,1,BOE-A-1993-16131,MINISTERIO PARA LAS ADMINISTRACIONES PÚBLICAS,estatal,Real Decreto,19158,19158,"Real Decreto 852/1993, de 4 de junio, por el que se crea la misión diplomática permanente de España en el Principado de Andorra."
1993-06-24,150,1,BOE-A-1993-16340,MINISTERIO DE ASUNTOS EXTERIORES,estatal,Orden,19315,19315,"Orden de 4 de junio de 1993 por la que se crea una oficina consular, con categoría de Consulado General, en Andorra la Vella."
1993-06-24,150,1,BOE-A-1993-16341,MINISTERIO DE RELACIONES CON LAS CORTES Y DE LA SECRETARÍA DEL GOBIERNO,estatal,Corrección,19315,19316,"Corrección de errores del Real Decreto 147/1993, de 29 de enero, por el que se establecen las condiciones sanitarias de producción y comercialización de carnes frescas."
1993-06-24,150,1,BOE-A-1993-16342,MINISTERIO DE RELACIONES CON LAS CORTES Y DE LA SECRETARÍA DEL GOBIERNO,estatal,Orden,19316,19316,"Orden de 18 de junio de 1993 por la que se modifican el anexo 3 del Real Decreto 2272/1985 y el anexo 2 del Real Decreto 2283/1985, ambos de 4 de diciembre, sobre tarifas aplicables a los informes de aptitud regulados en aquéllos."
1993-06-24,150,1,BOE-A-1993-16343,MINISTERIO DE RELACIONES CON LAS CORTES Y DE LA SECRETARÍA DEL GOBIERNO,estatal,Orden,19317,19317,"Orden de 18 de junio de 1993, sobre reconocimiento de períodos formativos previos de los Médicos y Farmacéuticos residentes en formación."
1993-06-25,151,1,BOE-A-1993-16497,MINISTERIO DE ECONOMÍA Y HACIENDA,estatal,Orden,19413,19414,"Orden de 31 de mayo de 1993 por la que se desarrolla el Real Decreto 995/1992, de 31 de julio, en relación con la compensación de beneficios fiscales a los Ayuntamientos, cuyos términos municipales han sido afectados por la sequía."
1993-06-25,151,1,BOE-A-1993-16498,MINISTERIO DE ECONOMÍA Y HACIENDA,estatal,Orden,19414,19431,"Orden de 17 de junio de 1993 por la que se modifica el modelo 349 de declaración recapitulativa de operaciones intracomunitarias, adaptándolo a las disposiciones de armonización comunitarias contenidas en el Real Decreto-ley 7/1993."
1993-06-25,151,1,BOE-A-1993-16499,MINISTERIO DE ECONOMÍA Y HACIENDA,estatal,Instrucción o circular,19432,19435,"Circular 5/1993, de 9 de junio, del Departamento de Aduanas e Impuestos Especiales sobre Valor en Aduana: Exigencia de la presentación del documento D.V.1."
1993-06-25,151,1,BOE-A-1993-16500,MINISTERIO DE TRABAJO Y SEGURIDAD SOCIAL,estatal,Corrección,19435,19435,"Corrección de erratas del Real Decreto 631/1993, de 3 de mayo, por el que se regula el Plan Nacional de Formación e Inserción Profesional."
1993-06-25,151,1,BOE-A-1993-16501,"MINISTERIO DE INDUSTRIA, COMERCIO Y TURISMO",estatal,Orden,19435,19437,Orden de 18 de junio de 1993 por la que se modifica el sistema de precios máximos de venta al público de gasolinas y gasóleos.
1993-06-26,152,1,BOE-A-1993-16652,CORTES GENERALES,estatal,Resolución,19642,19642,"Resolución de 23 de junio de 1993, de las Cortes Generales, por la que se ordena la publicación del Acuerdo de convalidación del Real Decreto-ley 11/1993, de 18 de junio, sobre medidas reguladoras del contrato de adquisición de la Colección Thyssen-Bornemisza."
1993-06-26,152,1,BOE-A-1993-16653,CORTES GENERALES,estatal,Resolución,19642,19642,"Resolución de 23 de junio de 1993, de las Cortes Generales, por la que se ordena la publicación del Acuerdo de convalidación del Real Decreto-ley 10/1993, de 18 de junio, sobre concesión de un crédito extraordinario por importe de 222.441.315.588 pesetas, para atender insuficiencias producidas durante 1991 en el Instituto Nacional de Empleo, en materia de gestión de prestaciones por desempleo."
1993-06-26,152,1,BOE-A-1993-16654,CORTES GENERALES,estatal,Resolución,19642,19642,"Resolución de 23 de junio de 1993, de las Cortes Generales, por la que se ordena la publicación del Acuerdo de convalidación del Real Decreto-ley 8/1993, de 21 de mayo, por el que se adoptan medidas urgentes para reparar los efectos producidos por la sequía."
1993-06-26,152,1,BOE-A-1993-16655,CORTES GENERALES,estatal,Resolución,19642,19642,"Resolución de 23 de junio de 1993, de las Cortes Generales, por las que se ordena la publicación del Acuerdo de convalidación del Real Decreto-Ley 7/1993, de 21 de mayo, de medidas urgentes de adaptación y modificación del Impuesto sobre el Valor Añadido, del Impuesto Especial sobre determinados Medios de Transporte, del Impuesto General Indirecto Canario, del Arbitrio sobre la Producción e Importación en las Islas Canarias y de la Tarifa Especial del Arbitrio Insular a la Entrada de Mercancías."
1993-06-26,152,1,BOE-A-1993-16656,CORTES GENERALES,estatal,Resolución,19643,19643,"Resolución de 23 de junio de 1993, de las Cortes Generales, por la que se ordena la publicación del Acuerdo de convalidación del Real Decreto-Ley 9/1993, de 28 de mayo, por el que se conceden ayudas a los afectados por el Virus de Inmunodeficiencia Humana (VIH) como consecuencia de actuaciones realizadas en el sistema sanitario público."
1993-06-26,152,1,BOE-A-1993-16657,MINISTERIO DE ASUNTOS EXTERIORES,estatal,Tratado o acuerdo internacional,19643,19644,"Acuerdo particular entre las Autoridades Centrales de España y del Reino Unido, hecho mediante Canje de Notas de 12 de febrero de 1991 y 31 de mayo de 1993, relativo a la no aplicación de la reserva española al artículo 6 del Convenio Europeo número 105 sobre reconocimiento y ejecución de decisiones en materia de custodia de menores."
1993-06-26,152,1,BOE-A-1993-16658,MINISTERIO DE ASUNTOS EXTERIORES,estatal,Tratado o acuerdo internacional,19644,19644,"Enmiendas propuestas por Alemania al anejo 1, apéndice 2 (párrafos 12 y 27), del Acuerdo sobre Transportes Internacionales de Mercancías Perecederas y sobre Vehículos Especiales utilizados en esos transportes (A.T.P.) hecho en Ginebra el 1 de septiembre de 1970 (publicado en el «Boletín Oficial del Estado» de 22 de noviembre de 1976, 25 de marzo y 16 de junio de 1981, 28 y 29 de febrero de 1984, 2 de julio de 1986, 5 de mayo de 1987, 20 de mayo de 1988, 10 de mayo y 6 de noviembre de 1990 y 5 de agosto de 1991), puestas en circulación por el Secretario general de las Naciones Unidas el 15 de junio de 1992."
1993-06-26,152,1,BOE-A-1993-16659,MINISTERIO DE OBRAS PÚBLICAS Y TRANSPORTES,estatal,Real Decreto,19644,19645,"Real Decreto 805/1993, de 28 de mayo, por el que se aprueba la instrucción para el proyecto y la ejecución de obras de hormigón pretensado EP-93."
1993-06-26,152,1,BOE-A-1993-16660,MINISTERIO DE OBRAS PÚBLICAS Y TRANSPORTES,estatal,Real Decreto,19645,19646,"Real Decreto 897/1993, de 11 de junio, por el que se autoriza la inscripción en el Registro especial de buques y empresas navieras de buques destinados al tráfico de cabotaje."
1993-06-26,152,1,BOE-A-1993-16661,MINISTERIO DE OBRAS PÚBLICAS Y TRANSPORTES,estatal,Resolución,19646,19646,"Resolución de 24 de junio de 1993, de la Subsecretaría, por la que se hace público el Acuerdo del Consejo de Ministros, de fecha 18 de junio de 1993, sobre condiciones de los préstamos para la financiación de actuaciones protegibles en vivienda y suelo."
1993-06-26,152,1,BOE-A-1993-16662,"MINISTERIO DE AGRICULTURA, PESCA Y ALIMENTACIÓN",estatal,Corrección,19646,19646,"Corrección de erratas del Real Decreto 345/1993, de 5 de marzo, por el que se establecen las normas de calidad de las aguas y de la producción de moluscos y otros invertebrados marinos vivos."
1993-06-26,152,1,BOE-A-1993-16663,MINISTERIO DE RELACIONES CON LAS CORTES Y DE LA SECRETARÍA DEL GOBIERNO,estatal,Orden,19647,19647,Orden de 22 de junio de 1993 sobre transferencias de funciones en materia de pesca marítima.
1993-06-29,154,1,BOE-A-1993-16772,TRIBUNAL CONSTITUCIONAL,estatal,Resolución judicial,19739,19739,"Conflicto positivo de competencia número 1.913/1993, planteado por el Gobierno en relación con dos Ordenes de 15 de enero y 1 de febrero de 1993 de la Consejería de Agricultura y Pesca del Gobierno Vasco."
1993-06-29,154,1,BOE-A-1993-16773,MINISTERIO DE ECONOMÍA Y HACIENDA,estatal,Corrección,19739,19739,"Corrección de erratas de la Resolución de 31 de mayo de 1993, de la Secretaría de Estado de Hacienda, sobre tratamiento en el Impuesto sobre el Valor Añadido de las ayudas comunitarias al consumo de aceite de oliva, concedidas en virtud de lo dispuesto en el Reglamento (CEE) 136/1966, de 22 de septiembre."
1993-06-29,154,1,BOE-A-1993-16774,MINISTERIO DE EDUCACIÓN Y CIENCIA,estatal,Corrección,19739,19739,Corrección de errores de la Orden de 26 de mayo de 1993 sobre adscripción de Centros a Universidades Públicas de competencia de la Administración General del Estado y autorización de los Centros extranjeros que son competencia de la misma.
1993-06-29,154,1,BOE-A-1993-16775,MINISTERIO DE RELACIONES CON LAS CORTES Y DE LA SECRETARÍA DEL GOBIERNO,estatal,Real Decreto,19739,19740,"Real Decreto 854/1993, de 4 de junio, por el que se crea el Consejo Superior de la Guardia Civil."
1993-06-29,154,1,BOE-A-1993-16776,MINISTERIO DE RELACIONES CON LAS CORTES Y DE LA SECRETARÍA DEL GOBIERNO,estatal,Corrección,19740,19740,"Corrección de errores del Real Decreto 686/1993, de 7 de mayo, por el que se modifica el Reglamento de la Ley 46/1984, de 26 de diciembre, reguladora de las Instituciones de Inversión Colectiva, precisándose el régimen de las Sociedades y Fondos de Inversión Inmobiliaria."
1993-06-30,155,1,BOE-A-1993-16867,MINISTERIO DE ASUNTOS EXTERIORES,estatal,Tratado o acuerdo internacional,19869,19875,"Enmiendas propuestas por Italia al Convenio sobre formalidades aduaneras para la importación temporal de vehículos particulares de carretera, hecho en Nueva York el 4 de junio de 1954 (publicado en el «Boletín Oficial del Estado» de 17 de noviembre de 1958, 8 de diciembre y 25 de mayo de 1985) puestas en circulación por el Secretario general de las Naciones Unidas el 30 de enero de 1992."
1993-06-30,155,1,BOE-A-1993-16868,MINISTERIO DE ASUNTOS EXTERIORES,estatal,Tratado o acuerdo internacional,19876,19877,"Aplicación Provisional del Tratado de Buena Vecindad, Amistad y Cooperación entre el Reino de España, la República Francesa y el Principado de Andorra, hecho en Madrid y París el 1 de junio de 1993 y en Andorra la Vieja el 3 de junio de 1993."
1993-06-30,155,1,BOE-A-1993-16869,MINISTERIO DE ASUNTOS EXTERIORES,estatal,Tratado o acuerdo internacional,19877,19891,"Enmiendas propuestas por Italia al Convenio Aduanero relativo a la importación temporal de vehículos comerciales de carretera, hecho en Ginebra el 18 de mayo de 1956 (publicado en el «Boletín Oficial del Estado» de 20 de abril de 1959 y 29 de octubre de 1983) puestas en circulación por el Secretario general de las Naciones Unidas el 30 de enero de 1992."
1993-06-30,155,1,BOE-A-1993-16870,MINISTERIO DE ASUNTOS EXTERIORES,estatal,Tratado o acuerdo internacional,19891,19891,"Modificaciones al Reglamento relativo al transporte internacional de mercancías peligrosas por ferrocarril (RID), hecho en Berna el 1 de mayo de 1985 («Boletín Oficial del Estado» del 20 al 26 de agosto de 1986, 30 de diciembre de 1988 y 21 de noviembre de 1989)."
1993-06-30,155,1,BOE-A-1993-16871,MINISTERIO DE ASUNTOS EXTERIORES,estatal,Tratado o acuerdo internacional,19891,19902,"Acuerdo europeo sobre trabajos de tripulaciones de vehículos que efectúen transportes internacionales por carretera (AETR), hecho en Ginebra el 1 de julio de 1970 (publicado en el «Boletín Oficial del Estado» de 18 de noviembre de 1976). Enmiendas propuestas por Noruega, puestas en circulación por el Secretario general de las Naciones Unidas el 24 de julio de 1991."
1993-06-30,155,1,BOE-A-1993-16872,MINISTERIO DE ASUNTOS EXTERIORES,estatal,Tratado o acuerdo internacional,19902,19906,"Enmiendas de 1992 al Anexo del Convenio para facilitar el tráfico marítimo internacional, 1965, en su forma enmendada, hecho en Londres el 9 de abril de 1965 (publicado en el «Boletín Oficial del Estado» de 26 de septiembre de 1973), aprobadas por el Comité de Facilitación en su 21.º período de sesiones el 1 de mayo de 1992."
1993-06-30,155,1,BOE-A-1993-16873,MINISTERIO DE ASUNTOS EXTERIORES,estatal,Otras,19906,19923,"Convención sobre el comercio internacional de especies amenazadas de fauna y flora silvestre, hecho en Washington el 3 de marzo de 1973 (publicado en el «Boletín Oficial del Estado» de 30 de julio de 1986 y 18 de enero de 1991) enmiendas al apéndice III válido a partir del 11 de junio de 1992 y a los apéndicese I y II válidos a partir del 16 de abril de 1993."
1993-06-30,155,1,BOE-A-1993-16874,MINISTERIO DE EDUCACIÓN Y CIENCIA,estatal,Real Decreto,19924,19941,"Real Decreto 850/1993, de 4 de junio, por el que se regula el ingreso y la adquisición de especialidades en los Cuerpos de Funcionarios Docentes a que se refiere la Ley Orgánica 1/1990, de 3 de octubre, de Ordenación General del Sistema Educativo."
1993-06-30,155,1,BOE-A-1993-16875,MINISTERIO DE EDUCACIÓN Y CIENCIA,estatal,Resolución,19942,19943,"Resolución de 21 de junio de 1993, de la Secretaría de Estado de Educación, sobre el proceso de elaboración y revisión de los proyectos curriculares en la Educación Infantil durante el curso 1993-1994."
1993-06-30,155,1,BOE-A-1993-16876,MINISTERIO DE EDUCACIÓN Y CIENCIA,estatal,Resolución,19943,19945,"Resolución de 21 de junio de 1993, de la Secretaría de Estado de Educación, sobre el proceso de elaboración y revisión de los proyectos curriculares en la Educación Primaria durante el curso 1993-1994."
1993-06-30,155,1,BOE-A-1993-16877,"MINISTERIO DE AGRICULTURA, PESCA Y ALIMENTACIÓN",estatal,Corrección,19945,19945,"Corrección de errores del Real Decreto 477/1993, de 2 de abril, por el que se establece un régimen de ayudas destinado a fomentar el cese anticipado en la actividad agraria."
1993-06-30,155,1,BOE-A-1993-16878,MINISTERIO PARA LAS ADMINISTRACIONES PÚBLICAS,estatal,Corrección,19945,19945,"Corrección de errores del Real Decreto 732/1993, de 14 de mayo, de estructura orgánica del Organismo autónomo Instituto Nacional de Estadística."
1993-06-30,155,1,BOE-A-1993-16879,MINISTERIO DE RELACIONES CON LAS CORTES Y DE LA SECRETARÍA DEL GOBIERNO,estatal,Corrección,19945,19945,"Corrección de errores del Real Decreto 350/1993, de 5 marzo, por el que se modifica la Reglamentación Técnico-Sanitaria de los productos de la caza, aprobada por el Real Decreto 2815/1983, de 13 de octubre."
1993-07-01,156,1,BOE-A-1993-17025,JEFATURA DEL ESTADO,estatal,Otras,20043,20044,"Instrumento de Ratificación del Segundo Tratado Suplementario de Extradición entre el Reino de España y los Estados Unidos de América, firmado en Madrid el 9 de febrero de 1988."
1993-07-01,156,1,BOE-A-1993-17026,MINISTERIO DE ASUNTOS EXTERIORES,estatal,Tratado o acuerdo internacional,20045,20045,"Canje de Cartas de 23 de marzo de 1992 y 3 de mayo de 1993, constitutivo de Acuerdo entre España y Francia para la extensión a los territorios franceses de Ultramar del Convenio Europeo número 30, sobre Asistencia Judicial en Materia Penal."
1993-07-01,156,1,BOE-A-1993-17027,MINISTERIO DE ASUNTOS EXTERIORES,estatal,Tratado o acuerdo internacional,20045,20046,"Canje de cartas de 23 de marzo de 1992 y 3 de mayo de 1993, constitutivo de Acuerdo entre España y Francia para la extensión a los territorios franceses de Ultramar del Convenio Europeo número 24 sobre Extradición."
1993-07-01,156,1,BOE-A-1993-17028,MINISTERIO DE ECONOMÍA Y HACIENDA,estatal,Instrucción o circular,20046,20047,"Circular de 9 de junio de 1993, conjunta de la Dirección General del Patrimonio del Estado y de la Dirección del Departamento de Recaudación de la Agencia Estatal de Administración Tributaria, sobre coordinación de órganos en materia de adjudicación de bienes al Estado como consecuencia de procedimientos de apremio seguidos por la Agencia Estatal de Administración Tributaria."
1993-07-01,156,1,BOE-A-1993-17029,MINISTERIO DE TRABAJO Y SEGURIDAD SOCIAL,estatal,Orden,20047,20048,"Orden de 29 de junio de 1993 por la que se dictan las normas de desarrollo del Real Decreto 825/1993, de 28 de mayo, por el que se determinan las medidas laborales y de Seguridad Social específicas a que se refiere el artículo 6 de la Ley 21/1992, de 16 de julio, de Industria."
1993-07-01,156,1,BOE-A-1993-17030,"MINISTERIO DE AGRICULTURA, PESCA Y ALIMENTACIÓN",estatal,Orden,20048,20049,"Orden de 30 de junio de 1993 por la que se amplia el plazo de presentación de solicitudes para la asignación de cantidades de referencia individuales en el caso de ventas directas, para la aplicación del régimen de la tasa suplementaria en el sector de la leche y de los productos lácteos, previsto en la Orden de 28 de mayo de 1993."
1993-07-01,156,1,BOE-A-1993-17031,MINISTERIO DE RELACIONES CON LAS CORTES Y DE LA SECRETARÍA DEL GOBIERNO,estatal,Real Decreto,20049,20051,"Real Decreto 853/1993, de 4 de junio, sobre ejercicio de las funciones de Médico de Medicina General en el Sistema Nacional de Salud."
1993-07-01,156,1,BOE-A-1993-17032,COMUNIDAD AUTÓNOMA DE GALICIA,autonómico,Ley,20051,20064,"Ley 6/1993, de 11 de mayo, de pesca de Galicia."
1993-07-02,157,1,BOE-A-1993-17134,MINISTERIO DE ASUNTOS EXTERIORES,estatal,Tratado o acuerdo internacional,20158,20158,"Canje de Notas constitutivo de Acuerdo entre España y Túnez sobre gratuidad de visados, realizado en Madrid el 13 y 15 de julio de 1992."
1993-07-02,157,1,BOE-A-1993-17135,MINISTERIO DE OBRAS PÚBLICAS Y TRANSPORTES,estatal,Corrección,20158,20158,Corrección de errores de la Orden de 13 de abril de 1993 sobre aplicación de las tarifas por servicios prestados por las autoridades portuarias.
1993-07-02,157,1,BOE-A-1993-17136,"MINISTERIO DE INDUSTRIA, COMERCIO Y TURISMO",estatal,Resolución,20159,20159,"Resolución de 29 de junio de 1993, de la Secretaría de Estado de Comercio, por la que se modifica el régimen de intercambios comerciales de importación con Rumanía y Mongolia."
1993-07-02,157,1,BOE-A-1993-17137,"MINISTERIO DE INDUSTRIA, COMERCIO Y TURISMO",estatal,Resolución,20159,20160,"Resolución de 30 de junio de 1993, de la Dirección General de la Energía, por la que se hacen públicos los nuevos precios máximos de venta de gas natural para usos industriales."
1993-07-02,157,1,BOE-A-1993-17138,"MINISTERIO DE INDUSTRIA, COMERCIO Y TURISMO",estatal,Resolución,20160,20160,"Resolución de 30 de junio de 1993, de la Dirección General de la Energía, por la que se publican los precios máximos de venta al público de gasolinas y gasóleos, Impuesto General Indirecto Canario excluido, aplicables en el ámbito de la Comunidad Autónoma de Canarias a partir del día 3 de julio de 1993."
1993-07-02,157,1,BOE-A-1993-17139,"MINISTERIO DE INDUSTRIA, COMERCIO Y TURISMO",estatal,Resolución,20160,20161,"Resolución de 30 de junio de 1993, de la Dirección General de la Energía, por la que se publican los precios máximos de venta al público de gasolinas y gasóleos, aplicables en el ámbito de la península e islas Baleares a partir del día 3 de julio de 1993."
1993-07-02,157,1,BOE-A-1993-17140,MINISTERIO DE SANIDAD Y CONSUMO,estatal,Real Decreto,20161,20185,"Real Decreto 767/1993, de 21 de mayo, por el que se regula la evaluación, autorización, registro y condiciones de dispensación de especialidades farmacéuticas y otros medicamentos de uso humano fabricados industrialmente."
1993-07-03,158,1,BOE-A-1993-17300,JEFATURA DEL ESTADO,estatal,Real Decreto-ley,20281,20282,"Real Decreto-ley 12/1993, de 2 de julio, por el que se concede un crédito extraordinario por importe de 31.804.000.000 de pesetas y se autoriza a concertar operaciones de crédito al Ente público Radio Televisión Española y sus sociedades estatales."
1993-07-03,158,1,BOE-A-1993-17301,TRIBUNAL CONSTITUCIONAL,estatal,Resolución judicial,20282,20282,"Recurso de inconstitucionalidad número 1997/1993, planteado por el Presidente del Gobierno contra determinados preceptos de la Ley Foral del Parlamento de Navarra 2/1993, de 5 de marzo."
1993-07-03,158,1,BOE-A-1993-17302,MINISTERIO DE ECONOMÍA Y HACIENDA,estatal,Resolución,20283,20283,"Resolución de 23 de junio de 1993, del Departamento de Recaudación de la Agencia Estatal de Administración Tributaria, por la que se modifica el plazo de ingreso en período voluntario de los recibos del Impuesto sobre Actividades Económicas del ejercicio 1993, relativos a las cuotas cuya recaudación corresponde a la Administración Tributaria del Estado y se establece el lugar de pago de dichas cuotas."
1993-07-03,158,1,BOE-A-1993-17303,MINISTERIO DE SANIDAD Y CONSUMO,estatal,Orden,20283,20283,"Orden de 28 de junio de 1993 por la que se modifica el anexo III de la Orden de 1 de febrero de 1990, por la que se establecen los modelos oficiales de receta médica para la prestación farmacéutica en el Sistema Nacional de Salud."
1993-07-05,159,1,BOE-A-1993-17400,TRIBUNAL CONSTITUCIONAL,estatal,Resolución judicial,20321,20321,"Recurso de inconstitucionalidad número 2035/1993, planteado por el Consejo Ejecutivo de la Generalidad de Cataluña contra determinados preceptos de la Ley 3/1993, de 22 de marzo."
1993-07-05,159,1,BOE-A-1993-17401,TRIBUNAL CONSTITUCIONAL,estatal,Resolución judicial,20321,20321,"Recurso de inconstitucionalidad número 2038/1993, planteado por el Gobierno Valenciano contra determinados preceptos de la Ley 3/1993, de 22 de marzo."
1993-07-06,160,1,BOE-A-1993-17448,MINISTERIO DE EDUCACIÓN Y CIENCIA,estatal,Real Decreto,20372,20374,"Real Decreto 928/1993, de 18 de junio, por el que se regula el Instituto Nacional de Calidad y Evaluación."
1993-07-06,160,1,BOE-A-1993-17449,MINISTERIO DE EDUCACIÓN Y CIENCIA,estatal,Orden,20374,20388,"Orden de 28 de junio de 1993 por la que se dispone la publicación de los currículos de Enseñanza Religiosa Evangélica, correspondiente a Educación Primaria, Educación Secundaria Obligatoria y Bachillerato."
1993-07-06,160,1,BOE-A-1993-17450,BANCO DE ESPAÑA,estatal,Instrucción o circular,20388,20389,"Circular número 8/1993, de 28 de junio, a Entidades de crédito, sobre coeficiente de caja."
1993-07-06,160,1,BOE-A-1993-17451,BANCO DE ESPAÑA,estatal,Instrucción o circular,20389,20390,"Circular número 9/1993, de 28 de junio, sobre operaciones con billetes y efectos. Cuentas de no residentes abiertas en España. Entidades registradas."
1993-07-06,160,1,BOE-A-1993-17452,UNIVERSIDADES,estatal,Otras,20390,20413,"Acuerdo de 28 de junio de 1993, de la Comisión Académica del Consejo de Universidades, por el que se resuelven las solicitudes de establecimiento de límites de admisión de alumnos de nuevo ingreso presentadas por las Universidades para el curso 1993-1994."
1993-07-07,161,1,BOE-A-1993-17583,MINISTERIO DE JUSTICIA,estatal,Orden,20500,20501,"Orden de 30 de junio de 1993 por la que se modifica la Orden de 1 de agosto de 1991, por la que se regula el acceso al Centro de Estudios Judiciales de los aspirantes a ingreso en la carrera judicial."
1993-07-07,161,1,BOE-A-1993-17584,MINISTERIO DE EDUCACIÓN Y CIENCIA,estatal,Real Decreto,20502,20528,"Real Decreto 809/1993, de 28 de mayo, por el que se establece el título de Técnico superior en industrias de proceso de pasta y papel y las correspondientes enseñanzas mínimas."
1993-07-07,161,1,BOE-A-1993-17585,MINISTERIO DE TRABAJO Y SEGURIDAD SOCIAL,estatal,Orden,20528,20528,"Orden de 1 de julio de 1993 por la que se desarrolla el Real Decreto 930/1993, de 18 de junio, en relación con la composición de la Comisión Consultiva del Patrimonio Sindical."
1993-07-07,161,1,BOE-A-1993-17586,"MINISTERIO DE AGRICULTURA, PESCA Y ALIMENTACIÓN",estatal,Real Decreto,20528,20531,"Real Decreto 851/1993, de 4 de junio, por el que se modifica el Real Decreto 1887/1991, de 30 de diciembre, sobre mejora de las estructuras agrarias."
1993-07-08,162,1,BOE-A-1993-17710,MINISTERIO DE ECONOMÍA Y HACIENDA,estatal,Resolución,20583,20600,"Resolución de 29 de junio de 1993, del Organismo Nacional de Loterías y Apuestas del Estado, por la que se aprueban las normas que han de regir los concursos de pronósticos a partir de la primera jornada de la temporada 1993-94."
1993-07-08,162,1,BOE-A-1993-17711,MINISTERIO DE EDUCACIÓN Y CIENCIA,estatal,Real Decreto,20601,20625,"Real Decreto 808/1993, de 28 de mayo, por el que se establece el título de Técnico superior en industrias de proceso químico y las correspondientes enseñanzas mínimas."
1993-07-08,162,1,BOE-A-1993-17712,MINISTERIO DE TRABAJO Y SEGURIDAD SOCIAL,estatal,Orden,20625,20630,"Orden de 1 de julio de 1993 por la que se desarrolla el Real Decreto 728/1993, de 14 de mayo, por el que se establecen pensiones asistenciales por ancianidad en favor de los emigrantes españoles."
1993-07-08,162,1,BOE-A-1993-17713,MINISTERIO DE TRABAJO Y SEGURIDAD SOCIAL,estatal,Orden,20631,20635,"Orden de 1 de julio de 1993 por la que se regula el procedimiento para la gestión y reconocimiento de las pensiones asistenciales por ancianidad en favor de los emigrantes españoles, establecidas en la disposición adicional primera del Real Decreto 728/1993, de 14 de mayo."
1993-07-08,162,1,BOE-A-1993-17714,"MINISTERIO DE AGRICULTURA, PESCA Y ALIMENTACIÓN",estatal,Orden,20636,20636,Orden de 29 de junio de 1993 por la que se crea la Junta de Compras del Instituto Nacional para la Conservación de la Naturaleza.
1993-07-08,162,1,BOE-A-1993-17715,MINISTERIO DE SANIDAD Y CONSUMO,estatal,Orden,20636,20639,Orden de 29 de junio de 1993 sobre revisión de precios y tarifas máximas por servicios concertados de transporte sanitario.
1993-07-08,162,1,BOE-A-1993-17716,MINISTERIO DE SANIDAD Y CONSUMO,estatal,Orden,20639,20646,Orden de 29 de junio de 1993 por la que se establecen las normas para la revisión de las condiciones económicas aplicables a la prestación de asistencia sanitaria concertada con Entidades públicas y privadas para 1993.
1993-07-09,163,1,BOE-A-1993-17894,JEFATURA DEL ESTADO,estatal,Otras,20773,20775,"Instrumento de Ratificación del Tratado de Relaciones de Amistad y Cooperación entre el Reino de España y Rumania, hecho en Madrid el 4 de febrero de 1992."
1993-07-09,163,1,BOE-A-1993-17895,MINISTERIO DE ASUNTOS EXTERIORES,estatal,Tratado o acuerdo internacional,20775,20775,"Canje de Notas de 7 de junio y 20 de julio de 1992 por el que se prorroga por un año el Acuerdo de Cooperación Cultural y Educativa entre el Reino de España y los Estados Unidos de América, firmado en Washington el 7 de junio de 1989."
1993-07-09,163,1,BOE-A-1993-17896,MINISTERIO DE ECONOMÍA Y HACIENDA,estatal,Real Decreto,20775,20778,"Real Decreto 848/1993, de 4 de junio, por el que se regulan pensiones e indemnizaciones del Régimen de Clases Pasivas del Estado causadas por quienes realizan la prestación social sustitutoria del servicio militar."
1993-07-09,163,1,BOE-A-1993-17897,MINISTERIO DE ECONOMÍA Y HACIENDA,estatal,Orden,20778,20779,"Orden de 2 de julio de 1993 por la que se modifica parcialmente la del Ministerio de Economía y Hacienda, de 31 de julio de 1990, sobre gestión, modificación y seguimiento de los créditos del Presupuesto del Instituto Nacional de la Salud."
1993-07-09,163,1,BOE-A-1993-17898,"MINISTERIO DE INDUSTRIA, COMERCIO Y TURISMO",estatal,Real Decreto,20780,20780,"Real Decreto 820/1993, de 28 de mayo, por el que se suprimen los derechos arancelarios en los intercambios con Portugal."
1993-07-09,163,1,BOE-A-1993-17899,"MINISTERIO DE INDUSTRIA, COMERCIO Y TURISMO",estatal,Resolución,20780,20780,"Resolución de 7 de julio de 1993, de la Dirección General de la Energía, por la que se publican los precios máximos de venta al público de gasolinas y gasóleos, Impuesto General Indirecto Canario excluido, aplicables en el ámbito de la Comunidad Autónoma de Canarias a partir del día 10 de julio de 1993."
1993-07-09,163,1,BOE-A-1993-17900,"MINISTERIO DE INDUSTRIA, COMERCIO Y TURISMO",estatal,Resolución,20780,20781,"Resolución de 7 de julio de 1993, de la Dirección General de la Energía, por la que se publican los precios máximos de venta al público de gasolinas y gasóleos, aplicables en el ámbito de la península e islas Baleares a partir del día 10 de julio de 1993."
1993-07-09,163,1,BOE-A-1993-17901,MINISTERIO DE RELACIONES CON LAS CORTES Y DE LA SECRETARÍA DEL GOBIERNO,estatal,Corrección,20781,20781,"Corrección de erratas del Real Decreto 736/1993, de 14 de mayo, por el que se desarrolla determinadas disposiciones de la Ley 39/1992, de 29 de diciembre, de Presupuestos Generales del Estado para 1993, sobre beneficios fiscales aplicables al «Año Santo Compostelano 1993» y deducción por inversiones en investigación y desarrollo."
1993-07-09,163,1,BOE-A-1993-17902,COMUNIDAD AUTÓNOMA DE MADRID,autonómico,Corrección,20781,20781,"Corrección de erratas de la Ley 8/1992, de 23 de diciembre, de Presupuestos Generales de la Comunidad de Madrid para 1993."
1993-07-13,166,1,BOE-A-1993-18162,MINISTERIO DE ECONOMÍA Y HACIENDA,estatal,Corrección,20985,20985,"Corrección de errores del Real Decreto 803/1993, de 28 de mayo, por el que se modifican determinados procedimientos tributarios."
1993-07-13,166,1,BOE-A-1993-18163,MINISTERIO DE EDUCACIÓN Y CIENCIA,estatal,Real Decreto,20985,21000,"Real Decreto 929/1993, de 18 de junio, por el que se aprueba el Reglamento orgánico de los institutos de educación secundaria."
1993-07-13,166,1,BOE-A-1993-18164,MINISTERIO DE EDUCACIÓN Y CIENCIA,estatal,Real Decreto,21001,21017,"Real Decreto 1022/1993, de 25 de junio, por el que se reconoce efectos civiles a los estudios conducentes a la obtención de los títulos de Licenciado en Filosofía, en Comunicación Audiovisual y en Periodismo, de las Facultades de Filosofía y Letras y de Ciencias de la Información de la Universidad de la Iglesia de Navarra."
1993-07-13,166,1,BOE-A-1993-18165,"MINISTERIO DE AGRICULTURA, PESCA Y ALIMENTACIÓN",estatal,Resolución,21018,21018,"Resolución de 29 de junio de 1993, de la Dirección General de Sanidad de la Producción Agraria, por la que de acuerdo con lo dispuesto en el apartado 4 del artículo 2.º de la Orden de 30 de diciembre de 1987, se fija para las semanas 43 a 53 del año 1992 el precio de mercado correspondiente a cerdos cebados de bellota pertenecientes al tronco ibérico y su cruces, a los efectos de indemnización por sacrificio de animales afectados de peste porcina africana."
1993-07-13,166,1,BOE-A-1993-18166,MINISTERIO DE CULTURA,estatal,Corrección,21018,21018,"Corrección de erratas del Real Decreto 733/1993, de 14 de mayo, por el que se aprueba el Reglamento del Registro General de la Propiedad Intelectual."
1993-07-13,166,1,BOE-A-1993-18167,MINISTERIO DE RELACIONES CON LAS CORTES Y DE LA SECRETARÍA DEL GOBIERNO,estatal,Corrección,21018,21018,"Corrección de erratas del Real Decreto 930/1993, de 18 de junio, por el que se modifica el Reglamento de la Ley 4/1986, de 8 de enero, de cesión de Bienes del Patrimonio Sindical Acumulado, aprobado por el Real Decreto 1671/1986, de 1 de agosto."
1993-07-14,167,1,BOE-A-1993-18234,PRESIDENCIA DEL GOBIERNO,estatal,Real Decreto,21205,21206,"Real Decreto 1173/1993, de 13 de julio, de Reestructuración de Departamentos ministeriales."
1993-07-14,167,1,BOE-A-1993-18235,MINISTERIO DE ECONOMÍA Y HACIENDA,estatal,Real Decreto,21206,21210,"Real Decreto 1108/1993, de 9 de julio, por el que se dicta normas para la distribución de cuotas del Impuesto sobre Actividades Económicas y se desarrollan parcialmente los artículos 7 y 8 de la Ley 39/1988, de 28 de diciembre, reguladora de las Haciendas Locales."
1993-07-15,168,1,BOE-A-1993-18408,JEFATURA DEL ESTADO,estatal,Corrección,21424,21424,"Corrección de errores del Real Decreto-ley 12/1993, de 2 de julio, por el que se concede un crédito extraordinario por importe de 31.804.000.000 de pesetas y se autoriza a concertar operaciones de crédito al Ente público Radio Televisión Española y sus Sociedades estatales."
1993-07-15,168,1,BOE-A-1993-18409,CONSEJO GENERAL DEL PODER JUDICIAL,estatal,Resolución judicial,21424,21424,"Acuerdo de 30 de junio de 1993, del Pleno del Consejo General del Poder Judicial, por el que se decide que el Servicio de Guardia en los Juzgados de Instrucción de la ciudad de Barcelona se continúe prestando por cuatro de ellos."
1993-07-15,168,1,BOE-A-1993-18410,MINISTERIO DE ASUNTOS EXTERIORES,estatal,Corrección,21424,21424,"Corrección de errores del Acuerdo de Cooperación en el campo de los usos pacíficos de la energía nuclear entre el Gobierno de España y el Gobierno de la República Federativa de Brasil, hecho en Brasilia el 12 de mayo de 1983 (publicado en el «Boletín Oficial del Estado» número 133, de fecha 4 de junio de 1993)."
1993-07-15,168,1,BOE-A-1993-18411,MINISTERIO DE OBRAS PÚBLICAS Y TRANSPORTES,estatal,Orden,21424,21425,Orden de 1 de julio de 1993 por la que se crea en el Ministerio de Obras Públicas y Transportes una Junta Coordinadora de Inmuebles adscritos al Departamento.
1993-07-15,168,1,BOE-A-1993-18412,MINISTERIO DE OBRAS PÚBLICAS Y TRANSPORTES,estatal,Orden,21425,21426,"Orden de 5 de julio de 1993 por la que se dispone la aplicación de la tasa de amortización establecida en el artículo 17 del Real Decreto 1932/1991, de 20 de diciembre, sobre medidas de financiación de actuaciones protegibles en materia de vivienda del Plan 1992-1995."
1993-07-16,169,1,BOE-A-1993-18648,MINISTERIO DE OBRAS PÚBLICAS Y TRANSPORTES,estatal,Corrección,21628,21628,"Corrección de errores del Real Decreto 726/1993, de 14 de mayo, por el que se regula la financiación de actuaciones protegibles en materia de rehabilitación de inmuebles y se modifican determinados artículos del Real Decreto 1932/1991, de 20 de diciembre."
1993-07-16,169,1,BOE-A-1993-18649,MINISTERIO DE OBRAS PÚBLICAS Y TRANSPORTES,estatal,Corrección,21628,21628,"Corrección de erratas de la Orden de 18 de junio de 1993 por la que se desarrolla el Real Decreto 734/1993, de 14 de mayo, sobre compensación al transporte de mercancías con origen o destino en las islas Canarias."
1993-07-16,169,1,BOE-A-1993-18650,MINISTERIO DE EDUCACIÓN Y CIENCIA,estatal,Real Decreto,21628,21637,"Real Decreto 1021/1993, de 25 de junio, por el que se homologa el título de Licenciado en Filosofía y Ciencias de la Educación (Sección Ciencias de la Educación), de la Facultad de Psicología y Pedagogía, de la Universidad privada «Ramón Llull», de Barcelona."
1993-07-16,169,1,BOE-A-1993-18651,MINISTERIO DE EDUCACIÓN Y CIENCIA,estatal,Real Decreto,21638,21695,"Real Decreto 1023/1993, de 25 de junio, por el que se reconoce efectos civiles a los estudios conducentes a la obtención de los títulos de Licenciado en Filosofía, en Pedagogía, en Psicopedagogía y en Traducción e Interpretación, de la Facultad de Filosofía y Letras de la Universidad Pontificia «Comillas», de Madrid."
1993-07-16,169,1,BOE-A-1993-18652,MINISTERIO DE EDUCACIÓN Y CIENCIA,estatal,Resolución,21695,21696,"Resolución de 24 de junio de 1993, de la Dirección General de Enseñanza Superior, por la que se establecen normas para el cálculo de la nota media en el expediente académico de los alumnos que acceden a enseñanzas conducentes a títulos oficiales de primer ciclo universitario o equivalentes desde la Formación Profesional."
1993-07-16,169,1,BOE-A-1993-18653,MINISTERIO DE INDUSTRIA Y ENERGÍA,estatal,Resolución,21696,21697,"Resolución de 14 de julio de 1993, de la Dirección General de la Energía, por la que se hacen públicos los nuevos precios máximos de venta de gas natural para usos industriales."
1993-07-16,169,1,BOE-A-1993-18654,MINISTERIO DE INDUSTRIA Y ENERGÍA,estatal,Resolución,21697,21697,"Resolución de 14 de julio de 1993, de la Dirección General de la Energía, por la que se publican los precios máximos de venta al público de los gases licuados de petróleo a granel, aplicables en el ámbito de la Península e islas Baleares a partir del día 20 de julio de 1993."
1993-07-16,169,1,BOE-A-1993-18655,MINISTERIO DE INDUSTRIA Y ENERGÍA,estatal,Resolución,21697,21697,"Resolución de 14 de julio de 1993, de la Dirección General de la Energía, por la que se publican los precios máximos de venta al público de gasolinas y gasóleos, aplicables en el ámbito de la Península e islas Baleares a partir del día 17 de julio de 1993."
1993-07-16,169,1,BOE-A-1993-18656,MINISTERIO DE INDUSTRIA Y ENERGÍA,estatal,Resolución,21697,21698,"Resolución de 14 de julio de 1993, de la Dirección General de la Energía, por la que se publican los precios máximos de venta al público de gasolinas y gasóleos, Impuesto General Indirecto Canario excluido, aplicables en el ámbito de la Comunidad Autónoma de Canarias a partir del día 17 de julio de 1993."
1993-07-16,169,1,BOE-A-1993-18657,MINISTERIO PARA LAS ADMINISTRACIONES PÚBLICAS,estatal,Orden,21698,21702,Orden de 7 de julio de 1993 por la que se dictan normas de aplicación en relación con la provisión de puestos reservados a funcionarios de Administración Local con habilitación de carácter nacional.
1993-07-16,169,1,BOE-A-1993-18658,MINISTERIO DE SANIDAD Y CONSUMO,estatal,Real Decreto,21702,21704,"Real Decreto 898/1993, de 11 de junio, por el que se regula la Comisión Nacional de Evaluación de Medicamentos."
1993-07-16,169,1,BOE-A-1993-18659,MINISTERIO DE RELACIONES CON LAS CORTES Y DE LA SECRETARÍA DEL GOBIERNO,estatal,Orden,21704,21709,Orden de 13 de julio de 1993 por la que se establecen las condiciones de concesión de excepciones temporales y limitadas respecto de las normas sanitarias específicas de producción y comercialización de carne de caza silvestre.
1993-07-17,170,1,BOE-A-1993-18743,JEFATURA DEL ESTADO,estatal,Corrección,21851,21851,"Corrección de erratas del Instrumento de Ratificación del Tratado de Asistencia Jurídica Mutua en Materia Penal entre el Reino de España y los Estados Unidos de América, hecho en Washington el 20 de noviembre de 1990."
1993-07-17,170,1,BOE-A-1993-18744,TRIBUNAL CONSTITUCIONAL,estatal,Resolución judicial,21851,21851,Cuestión de inconstitucionalidad número 1845/1993.
1993-07-17,170,1,BOE-A-1993-18745,MINISTERIO DE ASUNTOS EXTERIORES,estatal,Orden,21851,21851,Orden de 7 de julio de 1993 por la que se crea una Agencia Consular en Fez (Marruecos).
1993-07-17,170,1,BOE-A-1993-18746,MINISTERIO DE JUSTICIA,estatal,Orden,21851,21852,"Orden de 28 de junio de 1993 por la que se deroga el anexo primero del Reglamento del Colegio Nacional de Registradores de la Propiedad de 15 de octubre de 1958, que contiene el Reglamento Orgánico del Personal Auxiliar de Registros."
1993-07-17,170,1,BOE-A-1993-18747,MINISTERIO DE ECONOMÍA Y HACIENDA,estatal,Orden,21852,21853,Orden de 6 de julio de 1993 sobre normas de funcionamiento de las Sociedades de Inversión Mobiliaria de Capital Variable.
1993-07-17,170,1,BOE-A-1993-18748,MINISTERIO DE ECONOMÍA Y HACIENDA,estatal,Orden,21854,21854,"Orden de 9 de julio de 1993 sobre índices de precios de mano de obra y materiales de la construcción correspondientes a los meses de enero y febrero de 1993, así como del índice provincial de mano de obra para 1993, aplicables a la revisión de precios de contratos de obras del Estado."
1993-07-17,170,1,BOE-A-1993-18749,MINISTERIO DE ECONOMÍA Y HACIENDA,estatal,Resolución,21854,21854,"Resolución de 30 de junio de 1993, de la Presidencia de la Agencia Estatal de Administración Tributaria, por la que se integra en la Delegación de la Agencia en Pontevedra la Aduana Principal de Tuy."
1993-07-17,170,1,BOE-A-1993-18750,MINISTERIO DE OBRAS PÚBLICAS Y TRANSPORTES,estatal,Corrección,21854,21854,"Corrección de erratas del Real Decreto 765/1993, de 21 de mayo, por el que se aprueba el Plan Técnico Nacional de Radiodifusión Sonora en Ondas Medias (hectométricas)."
1993-07-17,170,1,BOE-A-1993-18751,"MINISTERIO DE INDUSTRIA, COMERCIO Y TURISMO",estatal,Resolución,21854,21855,"Resolución de 8 de julio de 1993, de la Secretaría de Estado de Comercio, relativa al régimen de importancia de plátanos originarios de países terceros."
1993-07-17,170,1,BOE-A-1993-18752,"MINISTERIO DE INDUSTRIA, COMERCIO Y TURISMO",estatal,Resolución,21855,21855,"Resolución de 9 de julio de 1993, de la Secretaría de Estado de Comercio, relativa al régimen de importación de guindas frescas originarias de las Repúblicas de Bosnia-Herzegovina, de Croacia y del Territorio de la antigua República Yugoslava de Macedonia."
1993-07-17,170,1,BOE-A-1993-18753,"MINISTERIO DE AGRICULTURA, PESCA Y ALIMENTACIÓN",estatal,Orden,21855,21856,"Orden de 8 de julio de 1993 por la que se modifica el anexo de la de 23 de marzo de 1988, relativa a los aditivos en la alimentación de los animales."
1993-07-19,171,1,BOE-A-1993-18896,JEFATURA DEL ESTADO,estatal,Otras,21953,21959,"Instrumento de Ratificación del Convenio relativo a la Adhesión del Reino de España y de la República Portuguesa al Convenio sobre la Ley aplicable a las Obligaciones Contractuales, abierto a la firma en Roma el 19 de junio de 1980, hecho en Funchal el 18 de mayo de 1992."
1993-07-19,171,1,BOE-A-1993-18897,MINISTERIO DE ECONOMÍA Y HACIENDA,estatal,Orden,21959,21960,"Orden de 9 de julio de 1993 por la que se desarrolla el artículo 3.º del Real Decreto 419/1991, de 27 de marzo, por el que se regula la distribución y recaudación de los premios en las Apuestas Deportivas del Estado y otros juegos gestionados por el Organismo Nacional de Loterías y Apuestas del Estado."
1993-07-19,171,1,BOE-A-1993-18898,MINISTERIO DE EDUCACIÓN Y CIENCIA,estatal,Orden,21960,21965,Orden de 8 de julio de 1993 por la que se dictan instrucciones para la implantación anticipada de enseñanzas de Educación Secundaria Obligatoria.
1993-07-20,172,1,BOE-A-1993-18948,CONSEJO GENERAL DEL PODER JUDICIAL,estatal,Resolución judicial,22077,22077,"Acuerdo de 7 de julio de 1993, del Pleno del Consejo General del Poder Judicial, por el que aprueba el Reglamento sobre el contenido del escalafón de la Carrera Judicial."
1993-07-20,172,1,BOE-A-1993-18949,MINISTERIO DE ECONOMÍA Y HACIENDA,estatal,Corrección,22077,22077,"Corrección de errores de la Resolución de 29 de junio de 1993 del Organismo Nacional de Loterías y Apuestas del Estado, por la que se aprueban las normas que han de regir los concursos de pronósticos a partir de la primera jornada de la temporada 1993-94."
1993-07-20,172,1,BOE-A-1993-18950,"MINISTERIO DE INDUSTRIA, COMERCIO Y TURISMO",estatal,Orden,22077,22088,"Orden de 6 de julio de 1993 por la que se modifica el anexo del Real Decreto 2312/1985, de 24 de septiembre, por el que se aprueban las normas de homologación, ensayo e inspección del acondicionamiento térmico de los vehículos destinados al transporte de mercancías perecederas."
1993-07-20,172,1,BOE-A-1993-18951,MINISTERIO DE RELACIONES CON LAS CORTES Y DE LA SECRETARÍA DEL GOBIERNO,estatal,Real Decreto,22088,22089,"Real Decreto 1079/1993, de 2 de julio, por el que se regula la remisión de las sanciones administrativas en materia de drogas."
1993-07-22,174,1,BOE-A-1993-19258,TRIBUNAL CONSTITUCIONAL,estatal,Resolución judicial,22355,22355,"Conflicto positivo de competencia número 2.143/1993, planteado por el Gobierno Valenciano en relación con el Real Decreto 84/1993, de 22 de enero, que aprueba el Reglamento de Cooperativas de Crédito."
1993-07-22,174,1,BOE-A-1993-19259,TRIBUNAL CONSTITUCIONAL,estatal,Resolución judicial,22355,22355,Cuestión de inconstitucionalidad número 2.138/1993.
1993-07-22,174,1,BOE-A-1993-19260,TRIBUNAL CONSTITUCIONAL,estatal,Resolución judicial,22355,22355,Cuestión de inconstitucionalidad número 2.140/1993.
1993-07-22,174,1,BOE-A-1993-19261,TRIBUNAL CONSTITUCIONAL,estatal,Resolución judicial,22355,22355,Cuestión de inconstitucionalidad número 2.274/1993.
1993-07-22,174,1,BOE-A-1993-19262,TRIBUNAL CONSTITUCIONAL,estatal,Resolución judicial,22355,22355,"Recurso de inconstitucionalidad número 472/1993, promovido por el Presidente del Gobierno contra determinados preceptos de la Ley de las Cortes de Aragón 10/1992, de 4 de noviembre."
1993-07-22,174,1,BOE-A-1993-19263,TRIBUNAL CONSTITUCIONAL,estatal,Resolución judicial,22355,22356,"Recurso de inconstitucionalidad número 749/1993, promovido por el Presidente del Gobierno contra determinados preceptos de la Ley de la Comunidad Autónoma de Castilla y León 6/1992, de 18 de diciembre."
1993-07-22,174,1,BOE-A-1993-19264,TRIBUNAL CONSTITUCIONAL,estatal,Resolución judicial,22356,22356,"Recurso de inconstitucionalidad número 2.133/1993, planteado por el Presidente del Gobierno contra la disposición adicional tercera de la Ley de la Comunidad Autónoma de Cantabria 4/1993, de 10 de marzo."
1993-07-22,174,1,BOE-A-1993-19265,MINISTERIO DE ECONOMÍA Y HACIENDA,estatal,Real Decreto,22356,22366,"Real Decreto 1020/1993, de 25 de junio, por el que se aprueban las normas técnicas de valoración y el cuadro marco de valores del suelo y de las construcciones para determinar el valor catastral de los bienes inmuebles de naturaleza urbana."
1993-07-22,174,1,BOE-A-1993-19266,MINISTERIO DE ECONOMÍA Y HACIENDA,estatal,Orden,22367,22391,"Orden de 12 de julio de 1993 sobre folletos informativos y otros desarrollos del Real Decreto 291/1992, de 27 de marzo, sobre emisiones y ofertas públicas de venta de valores."
1993-07-22,174,1,BOE-A-1993-19267,MINISTERIO DE ECONOMÍA Y HACIENDA,estatal,Orden,22391,22437,Orden de 12 de julio de 1993 por la que se establecen diversas normas de gestión en relación con los impuestos especiales de fabricación.
1993-07-22,174,1,BOE-A-1993-19268,MINISTERIO DE EDUCACIÓN Y CIENCIA,estatal,Real Decreto,22438,22456,"Real Decreto 818/1993, de 28 de mayo, por el que se establece el título de Técnico en operaciones de transformación de plásticos y caucho y las correspondientes enseñanzas mínimas."
1993-07-22,174,1,BOE-A-1993-19269,MINISTERIO DE ASUNTOS SOCIALES,estatal,Orden,22456,22456,"Orden de 4 de junio de 1993 por la que se modifica la Orden de 16 de mayo de 1985, que aprobó el Estatuto Básico de los Centros de la Tercera Edad."
1993-07-23,175,1,BOE-A-1993-19373,MINISTERIO DE ASUNTOS EXTERIORES,estatal,Tratado o acuerdo internacional,22547,22549,"Protocolo entre el Reino de España y la República Portuguesa sobre Cooperación Técnica y Asistencia Mutua en materia de Protección Civil, hecho en Evora el 9 de marzo de 1992."
1993-07-23,175,1,BOE-A-1993-19374,MINISTERIO DE OBRAS PÚBLICAS Y TRANSPORTES,estatal,Resolución,22549,22554,"Resolución de 12 de julio de 1993, de la Secretaría de Estado para las Políticas del Agua y el Medio Ambiente del Ministerio de Obras Públicas y Transportes, por la que se determinan los ámbitos territoriales de los regadíos afectados por la sequía, en cumplimiento de lo dispuesto en el Real Decreto-ley 8/1993, de 21 de mayo, por el que se adoptan medidas urgentes para reparar los efectos producidos por la sequía."
1993-07-23,175,1,BOE-A-1993-19375,MINISTERIO DE INDUSTRIA Y ENERGÍA,estatal,Resolución,22554,22555,"Resolución de 21 de julio de 1993, de la Dirección General de la Energía, por la que se publican los precios máximos de venta al público de gasolinas y gasóleos, aplicables en el ámbito de la península e islas Baleares a partir del día 24 de julio de 1993."
1993-07-23,175,1,BOE-A-1993-19376,MINISTERIO DE INDUSTRIA Y ENERGÍA,estatal,Resolución,22555,22555,"Resolución de 21 de julio de 1993, de la Dirección General de la Energía, por la que se publican los precios máximos de venta al público de gasolinas y gasóleos, Impuesto General Indirecto Canario excluido. Aplicables en el ámbito de la Comunidad Autónoma de Canarias a partir del día 24 de julio de 1993."
1993-07-23,175,1,BOE-A-1993-19377,"MINISTERIO DE AGRICULTURA, PESCA Y ALIMENTACIÓN",estatal,Real Decreto,22555,22559,"Real Decreto 1026/1993, de 25 de junio, sobre selección y reproducción de ganado equino de razas puras."
1993-07-24,176,1,BOE-A-1993-19462,CORTES GENERALES,estatal,Resolución,22713,22713,"Resolución de 22 de julio de 1993 por la que se ordena la publicación del acuerdo de convalidación del Real Decreto-ley 12/1993, de 2 de julio, por el que se concede un crédito extraordinario por importe de 31.804.000.000 de pesetas, y se autoriza a concertar operaciones de crédito al Ente Público Radiotelevisión Española y sus Sociedades estatales."
1993-07-24,176,1,BOE-A-1993-19463,COMUNIDAD AUTÓNOMA DE CASTILLA Y LEÓN,autonómico,Ley,22713,22713,"Ley 3/1993, de 23 de junio, de crédito extraordinario para conceder una subvención a la Mancomunidad del Valle del Tiétar por un importe de 125 millones de pesetas."
1993-07-26,177,1,BOE-A-1993-19543,MINISTERIO DE ASUNTOS EXTERIORES,estatal,Tratado o acuerdo internacional,22761,22761,"Canje de Notas, constitutivo de Acuerdo, por el que se modifica el artículo 11 del Convenio de Extradición concluido el 17 de junio de 1870 entre España y Bélgica."
1993-07-26,177,1,BOE-A-1993-19544,MINISTERIO DE SANIDAD Y CONSUMO,estatal,Orden,22761,22762,"Orden de 19 de julio de 1993 por la que se crea la Comisión de Ayudas a afectados por VIH a que se refiere el artículo 6 del Real Decreto-ley 9/1993, de 28 de mayo."
1993-07-26,177,1,BOE-A-1993-19545,MINISTERIO DE SANIDAD Y CONSUMO,estatal,Orden,22762,22762,"Orden de 20 de julio de 1993 por la que se publica la composición de la Comisión de Ayudas a los afectados por VIH a que se refiere el artículo 6 del Real Decreto-ley 9/1993, de 28 de mayo."
1993-07-27,178,1,BOE-A-1993-19591,MINISTERIO DE ECONOMÍA Y HACIENDA,estatal,Corrección,22861,22861,"Corrección de errores de la Orden de 9 de julio de 1993, del Organismo Nacional de Loterías y Apuestas del Estado, por la que se desarrolla el artículo 3.º del Real Decreto 419/1991, de 27 de marzo, por el que se regula la distribución y recaudación de los premios en las Apuestas Deportivas del Estado y otros juegos gestionados por el Organismo Nacional de Loterías y Apuestas del Estado."
1993-07-27,178,1,BOE-A-1993-19592,MINISTERIO DE ECONOMÍA Y HACIENDA,estatal,Resolución,22861,22861,"Resolución de 21 de julio de 1993, de la Delegación del Gobierno en el Monopolio de Tabacos, por la que se publican los precios de venta al público de determinadas labores de tabaco en el área del Monopolio."
1993-07-27,178,1,BOE-A-1993-19593,MINISTERIO DE OBRAS PÚBLICAS Y TRANSPORTES,estatal,Orden,22861,22876,Orden de 13 de julio de 1993 por la que se aprueba la instrucción para el proyecto de conducciones de vertidos desde tierra al mar.
1993-07-27,178,1,BOE-A-1993-19594,"MINISTERIO DE OBRAS PÚBLICAS, TRANSPORTES Y MEDIO AMBIENTE",estatal,Orden,22876,22877,Orden de 21 de julio de 1993 por la que se modifica la Orden del Ministerio de Obras Públicas y Transportes de 13 de abril de 1993 sobre aplicación de las tarifas por servicios prestados por las autoridades portuarias.
1993-07-27,178,1,BOE-A-1993-19595,MINISTERIO PARA LAS ADMINISTRACIONES PÚBLICAS,estatal,Real Decreto,22877,22878,"Real Decreto 1231/1993, de 23 de julio, por el que se modifica determinados preceptos del Real Decreto 10/1991, de 11 de enero, por el que se establece la estructura orgánica del Ministerio de Justicia."
1993-07-28,179,1,BOE-A-1993-19727,MINISTERIO DE EDUCACIÓN Y CIENCIA,estatal,Real Decreto,23019,23043,"Real Decreto 810/1993, de 28 de mayo, por el que se establece el título de Técnico superior en fabricación de productos farmacéuticos y afines y las correspondientes enseñanzas mínimas."
1993-07-28,179,1,BOE-A-1993-19728,"MINISTERIO DE AGRICULTURA, PESCA Y ALIMENTACIÓN",estatal,Resolución,23044,23045,"Resolución de 18 de junio de 1993, de la Secretaría General de Pesca Marítima, por la que se efectúa la revisión anual del censo al día 1 de enero, conforme a la Orden de 8 de junio de 1981, modificada por la Orden de 12 de junio de 1992, por la que se ordena la actividad pesquera de la flota bacaladera."
1993-07-29,180,1,BOE-A-1993-19864,MINISTERIO DE EDUCACIÓN Y CIENCIA,estatal,Real Decreto,23144,23161,"Real Decreto 817/1993, de 28 de mayo, por el que se establece el título de Técnico en Laboratorio y las correspondientes enseñanzas mínimas."
1993-07-29,180,1,BOE-A-1993-19865,MINISTERIO DE EDUCACIÓN Y CIENCIA,estatal,Resolución,23162,23173,"Resolución de 14 de julio de 1993, de la Secretaría de Estado de Educación, por la que se dictan instrucciones para regular el proceso de solicitud y registro del Libro de Calificaciones del Bachillerato, definido en la Orden de 30 de octubre de 1992, así como normas para facilitar su cumplimentación por los Centros."
1993-07-29,180,1,BOE-A-1993-19866,MINISTERIO DE EDUCACIÓN Y CIENCIA,estatal,Resolución,23174,23175,"Resolución de 14 de julio de 1993, de la Secretaría de Estado de Educación, sobre el proceso de elaboración y revisión de los Proyectos Curriculares en la Educación Secundaria Obligatoria durante el período de implantación anticipada de esta etapa educativa."
1993-07-29,180,1,BOE-A-1993-19867,MINISTERIO DE TRABAJO Y SEGURIDAD SOCIAL,estatal,Corrección,23175,23175,"Corrección de errores de la Orden de 1 de julio de 1993 por la que se regula el procedimiento para la gestión y reconocimiento de las pensiones asistenciales por ancianidad en favor de los emigrantes españoles, establecidas en la disposición adicional primera del Real Decreto 728/1993, de 14 de mayo."
1993-07-29,180,1,BOE-A-1993-19868,"MINISTERIO DE AGRICULTURA, PESCA Y ALIMENTACIÓN",estatal,Resolución,23176,23189,"Resolución de 8 de julio de 1993, del Servicio Nacional de Productos Agrarios (SENPA), por la que se establecen normas para la gestión, control y recaudación en período voluntario de la tasa suplementaria en el sector de la leche y de los productos lácteos."
1993-07-29,180,1,BOE-A-1993-19869,COMUNIDAD AUTÓNOMA DE CATALUÑA,autonómico,Ley,23190,23190,"Ley 5/1993, de 28 de junio, de ampliación del crédito público de la Generalidad de Cataluña para 1993."
1993-07-30,181,1,BOE-A-1993-19890,CONSEJO GENERAL DEL PODER JUDICIAL,estatal,Resolución judicial,23244,23244,"Acuerdo de 21 de julio de 1993, del Pleno del Consejo General del Poder Judicial, por el que se aprueban criterios para la provisión de plazas vacantes correspondientes a la Carrera Judicial."
1993-07-30,181,1,BOE-A-1993-19891,MINISTERIO DE ECONOMÍA Y HACIENDA,estatal,Resolución,23244,23248,"Resolución de 10 de julio de 1993, del Departamento de Aduanas e Impuestos Especiales de la Agencia Estatal de Administración Tributaria, por la que se actualiza el Arancel Integrado de Aplicación (TARIC)."
1993-07-30,181,1,BOE-A-1993-19892,MINISTERIO DE EDUCACIÓN Y CIENCIA,estatal,Real Decreto,23248,23267,"Real Decreto 814/1993, de 28 de mayo, por el que se establece el título de Técnico en Operaciones de Proceso en Planta Química y las correspondientes enseñanzas mínimas."
1993-07-30,181,1,BOE-A-1993-19893,MINISTERIO DE EDUCACIÓN Y CIENCIA,estatal,Real Decreto,23267,23271,"Real Decreto 1109/1993, de 9 de julio, por el que se aprueba los Estatutos de la Real Academia Española."
1993-07-30,181,1,BOE-A-1993-19894,MINISTERIO DE INDUSTRIA Y ENERGÍA,estatal,Resolución,23271,23272,"Resolución de 28 de julio de 1993, de la Dirección General de la Energía, por la que se hacen públicos los nuevos precios máximos de venta de gas natural para usos industriales."
1993-07-30,181,1,BOE-A-1993-19895,MINISTERIO DE INDUSTRIA Y ENERGÍA,estatal,Resolución,23272,23272,"Resolución de 28 de julio de 1993, de la Dirección General de la Energía, por la que se publican los precios máximos de venta al público de gasolinas y gasóleos, aplicables en el ámbito de la peninsula e islas Baleares a partir del día 31 de julio de 1993."
1993-07-30,181,1,BOE-A-1993-19896,MINISTERIO DE INDUSTRIA Y ENERGÍA,estatal,Resolución,23273,23273,"Resolución de 28 de julio de 1993, de la Dirección General de la Energía, por la que se publican los precios máximos de venta al público de gasolinas y gasóleos, Impuesto General Indirecto Canario excluido, aplicables en el ámbito de la Comunidad Autónoma de Canarias a partir del dia 31 de julio de 1993."
1993-07-30,181,1,BOE-A-1993-19897,"MINISTERIO DE AGRICULTURA, PESCA Y ALIMENTACIÓN",estatal,Corrección,23273,23273,"Corrección de erratas del Real Decreto 851/1993, de 4 de junio, por el que se modifica el Real Decreto 1887/1991, de 30 de diciembre, sobre mejora de las estructuras agrarias."
1993-07-31,182,1,BOE-A-1993-20012,MINISTERIO DE ECONOMÍA Y HACIENDA,estatal,Corrección,23466,23466,"Corrección de errores del Real Decreto 1108/1993, de 9 de julio, por el que se dicta normas para la distribución de cuotas del Impuesto sobre Actividades Económicas y se desarrolla parcialmente los artículos 7 y 8 de la Ley 39/1988, de 28 de diciembre, reguladora de las Haciendas Locales."
1993-07-31,182,1,BOE-A-1993-20013,MINISTERIO PARA LAS ADMINISTRACIONES PÚBLICAS,estatal,Real Decreto,23466,23469,"Real Decreto 1289/1993, de 30 de julio, por el que se establece la estructura orgánica del Ministerio de Comercio y Turismo."
1993-08-02,183,1,BOE-A-1993-20127,TRIBUNAL CONSTITUCIONAL,estatal,Resolución judicial,23537,23537,Cuestión de inconstitucionalidad número 2293/93.
1993-08-02,183,1,BOE-A-1993-20128,TRIBUNAL CONSTITUCIONAL,estatal,Resolución judicial,23537,23537,"Recurso de inconstitucionalidad número 2299/93, planteado por más de 50 Senadores del Grupo Parlamentario Popular contra determinados preceptos de la Ley de la Comunidad Autónoma de La Rioja 2/1993, de 13 de abril."
1993-08-02,183,1,BOE-A-1993-20129,TRIBUNAL CONSTITUCIONAL,estatal,Resolución judicial,23537,23537,"Recurso de inconstitucionalidad número 2300/93, planteado por más de 50 Senadores del Grupo Parlamentario Popular contra la Ley 5/1993, de 16 de abril."
1993-08-02,183,1,BOE-A-1993-20130,MINISTERIO DE RELACIONES CON LAS CORTES Y DE LA SECRETARÍA DEL GOBIERNO,estatal,Corrección,23537,23537,"Corrección de errores del Real Decreto 823/1993, de 28 de mayo, por el que se aprueba la instrucción para la recepción de cementos (RC-93)."
1993-08-03,184,1,BOE-A-1993-20196,"MINISTERIO DE AGRICULTURA, PESCA Y ALIMENTACIÓN",estatal,Resolución,23580,23581,"Resolución de 23 de julio de 1993, de la Secretaría General de Pesca Marítima, por la que se publica el «Censo Especial de Buques Palangreros de Superficie» de caladeros internacionales."
1993-08-04,185,1,BOE-A-1993-20341,MINISTERIO DE ECONOMÍA Y HACIENDA,estatal,Resolución,23685,23686,"Resolución de 27 de julio de 1993, de la Dirección General del Patrimonio del Estado, por la que se hace pública la recomendación de la Junta Consultiva de Contratación Administrativa sobre aplicación del acuerdo entre la Comunidad Económica Europea y Estados Unidos, sobre contratación pública."
1993-08-04,185,1,BOE-A-1993-20342,MINISTERIO DE EDUCACIÓN Y CIENCIA,estatal,Orden,23686,23686,"Orden de 28 de julio de 1993 por la que se aprueban nuevas materias optativas para las modalidades de tecnología y de ciencias humanas y sociales del Bachillerato establecido por la Ley Orgánica 1/1990, de 3 de octubre, de Ordenación General del Sistema Educativo."
1993-08-04,185,1,BOE-A-1993-20343,MINISTERIO DE TRABAJO Y SEGURIDAD SOCIAL,estatal,Orden,23686,23687,"Orden de 30 de julio de 1993 por la que se establecen las normas reguladoras para la concesión a las Centrales sindicales, Organizaciones de funcionarios y Organizaciones empresariales, de compensaciones económicas por participación en los órganos consultivos del Ministerio de Trabajo y Seguridad Social y de las Entidades Gestoras de la Seguridad Social."
1993-08-04,185,1,BOE-A-1993-20344,"MINISTERIO DE AGRICULTURA, PESCA Y ALIMENTACIÓN",estatal,Orden,23687,23695,Orden de 30 de julio de 1993 por la que se instrumenta un plan de abandono nacional voluntario y definitivo de la producción lechera.
1993-08-05,186,1,BOE-A-1993-20504,JEFATURA DEL ESTADO,estatal,Corrección,23811,23811,"Corrección de erratas del Instrumento de ratificación de las actas de la Unión Postal de las Américas, España y Portugal, adoptadas en el XIV Congreo de la Unión Postal de las Américas, España y Portugal (UPAEP), en Buenos Aires el 21 de septiembre de 1990."
1993-08-05,186,1,BOE-A-1993-20505,MINISTERIO DE ASUNTOS EXTERIORES,estatal,Orden,23811,23811,Orden de 26 de julio de 1993 por la que se crea una Oficina Consular Honoraria en San Cristóbal y Nieves.
1993-08-05,186,1,BOE-A-1993-20506,MINISTERIO DE ASUNTOS EXTERIORES,estatal,Tratado o acuerdo internacional,23812,23816,"Convenio de transporte aéreo y anejo entre el Reino de España y la República Arabe de Egipto, hecho en El Cairo el 12 de marzo de 1991."
1993-08-05,186,1,BOE-A-1993-20507,MINISTERIO DE ASUNTOS EXTERIORES,estatal,Corrección,23816,23818,"Corrección de errores del anexo al Convenio Internacional para la Regulación de la Pesca de la Ballena enmendado en la 44.ª Reunión de la Comisión Ballenera Internacional, celebrada del 29 de junio al 3 de julio de 1992 (publicado en el «Boletín Oficial del Estado» número 139, de fecha 11 de junio de 1993)."
1993-08-05,186,1,BOE-A-1993-20508,MINISTERIO DE ECONOMÍA Y HACIENDA,estatal,Corrección,23818,23818,Corrección de erratas de la Orden de 12 de julio de 1993 por la que se establecen diversas normas de gestión en relación con los impuestos especiales de fabricación.
1993-08-05,186,1,BOE-A-1993-20509,"MINISTERIO DE OBRAS PÚBLICAS, TRANSPORTES Y MEDIO AMBIENTE",estatal,Orden,23818,23818,Orden de 28 de julio de 1993 sobre Cabotaje Marítimo Peninsular.
1993-08-05,186,1,BOE-A-1993-20510,"MINISTERIO DE OBRAS PÚBLICAS, TRANSPORTES Y MEDIO AMBIENTE",estatal,Orden,23818,23819,Orden de 30 de julio de 1993 por la que se autoriza la modificación de tarifas en los ferrocarriles de Vía Estrecha (FEVE).
1993-08-05,186,1,BOE-A-1993-20511,"MINISTERIO DE OBRAS PÚBLICAS, TRANSPORTES Y MEDIO AMBIENTE",estatal,Orden,23819,23819,Orden de 30 de julio de 1993 por la que se autoriza la modificación de tarifas de la Red Nacional de los Ferrocarriles Españoles (RENFE).
1993-08-05,186,1,BOE-A-1993-20512,MINISTERIO DE EDUCACIÓN Y CIENCIA,estatal,Orden,23819,23820,"Orden de 13 de julio de 1993 por la que se establecen las titulaciones y estudios previos de primer ciclo, así como los complementos de formación con los que se puede acceder a las enseñanzas de segundo ciclo conducentes a la obtención del título oficial de Licenciado en Documentación."
1993-08-05,186,1,BOE-A-1993-20513,MINISTERIO DE TRABAJO Y SEGURIDAD SOCIAL,estatal,Orden,23820,23821,"Orden de 26 de julio de 1993 por la que se modifican los artículos 2., 3.º y 13 de la Orden de 31 de octubre de 1984 por la que se aprueba el Reglamento sobre Trabajos con Riesgo de Amianto y el artículo 2.º de la Orden de 7 de enero de 1987 por la que se establecen normas complementarias al citado Reglamento."
1993-08-05,186,1,BOE-A-1993-20514,"MINISTERIO DE AGRICULTURA, PESCA Y ALIMENTACIÓN",estatal,Orden,23822,23822,"Orden de 27 de julio de 1993 por la que se amplían para el año 1993 las actividades prioritarias definidas en el Real Decreto 1462/1986, de 13 de junio, por el que se fomenta la mejora de las condiciones de transformación y comercialización de productos agrarios y pesqueros"
1993-08-05,186,1,BOE-A-1993-20515,MINISTERIO DE COMERCIO Y TURISMO,estatal,Resolución,23822,23822,"Resolución de 26 de julio de 1993, de la Secretaría de Estado de Comercio, relativa al régimen de importación de ajos originarios de países terceros."
1993-08-05,186,1,BOE-A-1993-20516,MINISTERIO DE COMERCIO Y TURISMO,estatal,Resolución,23822,23823,"Resolución de 26 de julio de 1993, de la Secretaría de Estado de Comercio, relativa a los intercambios comerciales de exportación con Haití."
1993-08-05,186,1,BOE-A-1993-20517,MINISTERIO DE COMERCIO Y TURISMO,estatal,Resolución,23823,23860,"Resolución de 29 de julio de 1993, de la Secretaría de Estado de Comercio, por la que se modifica la Orden de 10 de octubre de 1989 que regula la importación de determinados productos textiles."
1993-08-06,187,1,BOE-A-1993-20608,JEFATURA DEL ESTADO,estatal,Real Decreto-ley,23939,23939,"Real Decreto-ley 13/1993, de 4 de agosto, de Medidas Tributarias Urgentes."
1993-08-06,187,1,BOE-A-1993-20609,PRESIDENCIA DEL GOBIERNO,estatal,Real Decreto,23939,23940,"Real Decreto 1391/1993, de 4 de agosto por el que se declara día de luto oficial con motivo del fallecimiento de su majestad el rey Balduino I de Bélgica."
1993-08-06,187,1,BOE-A-1993-20610,MINISTERIO DE ASUNTOS EXTERIORES,estatal,Tratado o acuerdo internacional,23940,23940,"Entrada en vigor del Acuerdo en materia de transporte aéreo entre el Reino de España y la República de Singapur y Memorandum, firmado en Madrid el 11 de marzo de 1992."
1993-08-06,187,1,BOE-A-1993-20611,MINISTERIO DE INDUSTRIA Y ENERGÍA,estatal,Resolución,23940,23940,"Resolución de 4 de agosto de 1993, de la Dirección General de la Energía, por la que se publican los precios máximos de venta al público de gasolinas y gasóleos, Impuesto General Indirecto Canario excluido, aplicables en el ámbito de la Comunidad Autónoma de Canarias a partir del día 7 de agosto de 1993."
1993-08-06,187,1,BOE-A-1993-20612,MINISTERIO DE INDUSTRIA Y ENERGÍA,estatal,Resolución,23940,23941,"Resolución de 5 de agosto de 1993, de la Dirección General de la Energía, por la que se publican los precios máximos de venta al público de gasolinas y gasóleos, aplicables en el ámbito de la península e islas Baleares a partir del día 7 de agosto de 1993."
1993-08-06,187,1,BOE-A-1993-20613,MINISTERIO DE RELACIONES CON LAS CORTES Y DE LA SECRETARÍA DEL GOBIERNO,estatal,Real Decreto,23941,23948,"Real Decreto 1027/1993, de 25 de junio, por el que se regula la acción educativa en el exterior."
1993-08-07,188,1,BOE-A-1993-20714,MINISTERIO DE DEFENSA,estatal,Orden,24024,24030,"Orden 80/1993, de 29 de julio, sobre organización y funciones de los Centros docentes de la Enseñanza Militar de Formación."
1993-08-09,189,1,BOE-A-1993-20746,JEFATURA DEL ESTADO,estatal,Corrección,24049,24049,"Corrección de erratas del Instrumento de Ratificación del Convenio relativo a la Adhesión del Reino de España y de la República Portuguesa al Convenio sobre la Ley aplicable a las Obligaciones Contractuales, abierto a la firma en Roma el 19 de junio de 1980, hecho en Funchal el 18 de mayo de 1992."
1993-08-09,189,1,BOE-A-1993-20747,MINISTERIO DE JUSTICIA,estatal,Orden,24049,24050,"Orden de 2 de agosto de 1993 por la que se desarrolla el Real Decreto 1558/1992, de 18 de diciembre, sobre colaboración entre las Notarías y los Registros de la Propiedad para la seguridad del tráfico jurídico inmobiliario."
1993-08-09,189,1,BOE-A-1993-20748,MINISTERIO PARA LAS ADMINISTRACIONES PÚBLICAS,estatal,Real Decreto,24050,24056,"Real Decreto 1398/1993, de 4 de agosto, por el que se aprueba el Reglamento del Procedimiento para el Ejercicio de la Potestad Sancionadora."
1993-08-09,189,1,BOE-A-1993-20749,UNIVERSIDADES,estatal,Resolución,24057,24057,"Resolución de 30 de julio de 1993, de la Secretaría General del Consejo de Universidades, por la que se corrigen errores detectados en el acuerdo de 28 de junio de 1993, de la Comisión Académica del Consejo de Universidades, por el que se resuelven las solicitudes de establecimiento de límites de admisión de alumnos de nuevo ingreso presentadas por las Universidades para el curso 1993-1994."
1993-08-10,190,1,BOE-A-1993-20798,MINISTERIO DE ECONOMÍA Y HACIENDA,estatal,Instrucción o circular,24089,24110,"Circular 6/93, del Departamento de Aduanas e Impuestos Especiales de la Agencia Estatal de Administración Tributaria, por la que se actualiza el texto de la Circular 9/92, de 15 de diciembre de 1992, relativa a las instrucciones para la formalización del Documento Unico Administrativo (DUA)."
1993-08-10,190,1,BOE-A-1993-20799,MINISTERIO DE EDUCACIÓN Y CIENCIA,estatal,Real Decreto,24111,24135,"Real Decreto 813/1993, de 28 de mayo, por el que se establece el título de Técnico superior en plásticos y caucho y las correspondientes enseñanzas mínimas."
1993-08-10,190,1,BOE-A-1993-20800,"MINISTERIO DE AGRICULTURA, PESCA Y ALIMENTACIÓN",estatal,Orden,24135,24147,Orden de 4 de agosto de 1993 por la que se establecen los requisitos para solicitudes de autorizaciones de productos fitosanitarios.
1993-08-11,191,1,BOE-A-1993-20861,MINISTERIO DE DEFENSA,estatal,Real Decreto,24211,24293,"Real Decreto 1107/1993, de 9 de julio, por el que se aprueba el Reglamento de Reclutamiento."
1993-08-11,191,1,BOE-A-1993-20862,MINISTERIO DE ECONOMÍA Y HACIENDA,estatal,Real Decreto,24294,24295,"Real Decreto 1392/1993, de 4 de agosto, por el que se regula el procedimiento sancionador de las infracciones administrativas en materia de control de cambios."
1993-08-11,191,1,BOE-A-1993-20863,MINISTERIO DE ECONOMÍA Y HACIENDA,estatal,Real Decreto,24295,24297,"Real Decreto 1394/1993, de 4 de agosto, por el que se regula el procedimiento sancionador en el ámbito del Monopolio de Tabacos."
1993-08-11,191,1,BOE-A-1993-20864,MINISTERIO DE ECONOMÍA Y HACIENDA,estatal,Orden,24297,24304,Orden de 6 de agosto de 1993 por la que se dictan las normas e instrucciones técnicas precisas para la revisión del Censo Electoral a 1 de enero de 1994 y elaboración de las listas electorales derivadas de la misma.
1993-08-12,192,1,BOE-A-1993-20987,JEFATURA DEL ESTADO,estatal,Corrección,24478,24478,"Corrección de erratas del Instrumento de Ratificación del Segundo Tratado Suplementario de Extradición entre el Reino de España y los Estados Unidos de América, firmado en Madrid, el 9 de febrero de 1988."
1993-08-12,192,1,BOE-A-1993-20988,MINISTERIO DE ASUNTOS EXTERIORES,estatal,Corrección,24478,24478,"Corrección de erratas del Acuerdo para la protección y fomento recíproco de las inversiones entre el Reino de España y la República de Polonia, hecho en Madrid, el 30 de julio de 1992."
1993-08-12,192,1,BOE-A-1993-20989,MINISTERIO DE DEFENSA,estatal,Orden,24478,24588,"Orden 72/1993, de 6 de julio, por la que se aprueban las normas para la asignación de destinos y se establece el calendario de incorporación del reemplazo de 1994."
1993-08-12,192,1,BOE-A-1993-20990,MINISTERIO DE EDUCACIÓN Y CIENCIA,estatal,Real Decreto,24589,24615,"Real Decreto 811/1993, de 28 de mayo, por el que se establece el título de Técnico superior en Análisis y Control y las correspondientes enseñanzas mínimas."
1993-08-12,192,1,BOE-A-1993-20991,MINISTERIO DE EDUCACIÓN Y CIENCIA,estatal,Real Decreto,24615,24634,"Real Decreto 812/1993, de 28 de mayo, por el que se establece el título de Técnico superior en Química Ambiental y las correspondientes enseñanzas mínimas."
1993-08-13,193,1,BOE-A-1993-21145,MINISTERIO DE ECONOMÍA Y HACIENDA,estatal,Corrección,24683,24683,Corrección de errores de la Orden de 6 de julio de 1993 sobre normas de funcionamiento de las Sociedades de Inversión Mobiliaria de Capital Variable.
1993-08-13,193,1,BOE-A-1993-21146,MINISTERIO DE OBRAS PÚBLICAS Y TRANSPORTES,estatal,Corrección,24683,24684,Corrección de erratas de la Orden de 13 de julio de 1993 por la que se aprueba la Instrucción para el proyecto de conducciones de vertidos desde tierra al mar.
1993-08-13,193,1,BOE-A-1993-21147,MINISTERIO DE EDUCACIÓN Y CIENCIA,estatal,Real Decreto,24684,24707,"Real Decreto 815/1993, de 28 de mayo, por el que se establece el título de Técnico en operaciones de proceso de pasta y papel y las correspondientes enseñanzas minimas."
1993-08-13,193,1,BOE-A-1993-21148,MINISTERIO DE EDUCACIÓN Y CIENCIA,estatal,Real Decreto,24707,24728,"Real Decreto 816/1993, de 28 de mayo, por el que se establece el título de Técnico en operaciones de fabricación de productos farmacéuticos y las correspondientes enseñanzas mínimas."
1993-08-13,193,1,BOE-A-1993-21149,MINISTERIO DE EDUCACIÓN Y CIENCIA,estatal,Real Decreto,24728,24734,"Real Decreto 1067/1993, de 2 de julio, por el que se establece el currículo del ciclo formativo de grado superior correspondiente al Título de técnico superior en industrias de proceso químico."
1993-08-13,193,1,BOE-A-1993-21150,MINISTERIO DE EDUCACIÓN Y CIENCIA,estatal,Orden,24734,24738,Orden de 30 de julio de 1993 por la que se modifican determinados puestos de trabajo de los Centros de Recursos y Servicios de Apoyo Escolar.
1993-08-13,193,1,BOE-A-1993-21151,MINISTERIO DE TRABAJO Y SEGURIDAD SOCIAL,estatal,Orden,24739,24739,"Orden de 3 de agosto de 1993 por la que se prorroga el plazo previsto en la disposición transitoria de la Orden de 28 de julio de 1987, que desarrolla el Real Decreto 996/1986, de 25 de abril, regulador del Convenio Especial de los emigrantes e hijos de emigrantes."
1993-08-13,193,1,BOE-A-1993-21152,MINISTERIO DE INDUSTRIA Y ENERGÍA,estatal,Orden,24739,24740,Orden de 30 de julio de 1993 por la que se actualiza la relación de instalaciones de producción que forman parte del sistema eléctrico nacional a 31 de diciembre de 1991.
1993-08-13,193,1,BOE-A-1993-21153,MINISTERIO DE INDUSTRIA Y ENERGÍA,estatal,Orden,24740,24740,"Orden de 30 de julio de 1993 por la que se establecen las modificaciones y bajas de las instalaciones de producción que integran el sistema eléctrico nacional a los efectos previstos en el Real Decreto 453/1989, de 21 de abril a 31 de diciembre de 1992."
1993-08-13,193,1,BOE-A-1993-21154,MINISTERIO DE INDUSTRIA Y ENERGÍA,estatal,Resolución,24740,24740,"Resolución de 12 de agosto de 1993, de la Dirección General de la Energía, por la que se publican los precios máximos de venta al público de gasolinas y gasóleos, Impuesto General Indirecto Canario excluido, aplicables en el ámbito de la Comunidad Autónoma de Canarias a partir del día 14 de agosto de 1993."
1993-08-13,193,1,BOE-A-1993-21155,MINISTERIO DE INDUSTRIA Y ENERGÍA,estatal,Resolución,24740,24741,"Resolución de 12 de agosto de 1993, de la Dirección General de la Energía, por la que se publican los precios máximos de venta al público de gasolinas y gasóleos, aplicables en el ámbito de la península e islas Baleares a partir del día 14 de agosto de 1993."
1993-08-14,194,1,BOE-A-1993-21254,MINISTERIO DE DEFENSA,estatal,Corrección,24801,24801,"Corrección de errores de la Orden 80/1993, de 29 de julio, sobre organización y funciones de los Centros docentes de la Enseñanza Militar de Formación."
1993-08-14,194,1,BOE-A-1993-21255,MINISTERIO DE EDUCACIÓN Y CIENCIA,estatal,Real Decreto,24801,24806,"Real Decreto 1068/1993, de 2 de julio, por el que se establece el currículo del ciclo formativo de grado superior correspondiente al título de Técnico superior en industrias de proceso de pasta y papel."
1993-08-14,194,1,BOE-A-1993-21256,MINISTERIO DE EDUCACIÓN Y CIENCIA,estatal,Real Decreto,24806,24811,"Real Decreto 1069/1993, de 2 de julio, por el que se establece el currículo del ciclo formativo de grado superior correspondiente al título de Técnico superior en fabricación de productos farmacéuticos y afines."
1993-08-14,194,1,BOE-A-1993-21257,MINISTERIO DE EDUCACIÓN Y CIENCIA,estatal,Resolución,24811,24813,"Resolución de 30 de julio de 1993, de la Dirección General de Renovación Pedagógica, por la que se regula el currículo de las materias optativas establecidas por la Orden de 28 de julio de 1993 para las modalidades de Tecnología y Ciencias Humanas y Sociales de Bachillerato."
1993-08-14,194,1,BOE-A-1993-21258,MINISTERIO DE INDUSTRIA Y ENERGÍA,estatal,Resolución,24813,24815,"Resolución de 29 de julio de 1993, de la Delegación del Gobierno en la Explotación del Sistema Eléctrico, por la que se fijan las normas para el cálculo de las compensaciones de OFICO correspondientes a los gastos de almacenamiento de carbón térmico durante el año 1992."
1993-08-14,194,1,BOE-A-1993-21259,MINISTERIO DE INDUSTRIA Y ENERGÍA,estatal,Resolución,24815,24816,"Resolución de 11 de agosto de 1993, de la Dirección General de la Energía, por la que se hacen públicos los nuevos precios máximos de venta de gas natural para usos industriales."
1993-08-14,194,1,BOE-A-1993-21260,MINISTERIO DE INDUSTRIA Y ENERGÍA,estatal,Resolución,24816,24816,"Resolución de 12 de agosto de 1993, de la Dirección General de la Energía, por la que se publican los precios máximos de venta al público de los gases licuados de petróleo a granel, aplicables en el ámbito de la Península e islas Baleares a partir del dia 17 de agosto de 1993."
1993-08-14,194,1,BOE-A-1993-21261,"MINISTERIO DE AGRICULTURA, PESCA Y ALIMENTACIÓN",estatal,Corrección,24816,24816,Corrección de erratas de la Orden de 30 de julio de 1993 por la que se instrumenta un plan de abandono nacional voluntario y definitivo de la producción lechera.
1993-08-14,194,1,BOE-A-1993-21262,COMUNIDAD AUTÓNOMA DE ANDALUCÍA,autonómico,Ley,24816,24824,"Ley 6/1993, de 19 de julio, del Plan Estadístico de Andalucía 1993-1996."
1993-08-16,195,1,BOE-A-1993-21310,"MINISTERIO DE OBRAS PÚBLICAS, TRANSPORTES Y MEDIO AMBIENTE",estatal,Resolución,24849,24849,"Resolución de 3 de agosto de 1993, de la Secretaría General de Comunicaciones, por la que se dispone la publicación del Acuerdo del Consejo Rector del Organismo Autónomo Correos y Telégrafos, de 16 de julio de 1993, por el que se aprueba la modificación del punto primero del anexo del Acuerdo de dicho Consejo, de 18 de diciembre de 1992."
1993-08-16,195,1,BOE-A-1993-21311,MINISTERIO DE EDUCACIÓN Y CIENCIA,estatal,Real Decreto,24850,24855,"Real Decreto 1070/1993, de 2 de julio, por el que se establece el currículo del ciclo formativo de grado superior correspondiente al Título de técnico superior en análisis y control."
1993-08-16,195,1,BOE-A-1993-21312,MINISTERIO DE EDUCACIÓN Y CIENCIA,estatal,Real Decreto,24855,24859,"Real Decreto 1071/1993, de 2 de julio, por el que se establece el currículo del ciclo formativo de grado superior correspondiente al Título de técnico superior en química ambiental."
1993-08-17,196,1,BOE-A-1993-21377,MINISTERIO DE EDUCACIÓN Y CIENCIA,estatal,Real Decreto,24896,24900,"Real Decreto 1072/1993, de 2 de julio, por el que se establece el currículo del ciclo formativo de grado superior correspondiente al Título de técnico superior en plásticos y caucho."
1993-08-17,196,1,BOE-A-1993-21378,MINISTERIO DE EDUCACIÓN Y CIENCIA,estatal,Real Decreto,24900,24904,"Real Decreto 1073/1993, de 2 de julio, por el que se establece el currículo del ciclo formativo de grado medio correspondiente al título de Técnico de operaciones de proceso en planta química."
1993-08-17,196,1,BOE-A-1993-21379,COMUNIDAD AUTÓNOMA DE ARAGÓN,autonómico,Ley,24904,24905,"Ley 8/1993, de 6 de julio, reguladora de la distribución del Fondo Aragonés de Participación Municipal."
1993-08-18,197,1,BOE-A-1993-21437,MINISTERIO DE EDUCACIÓN Y CIENCIA,estatal,Real Decreto,24953,24957,"Real Decreto 1074/1993, de 2 de julio, por el que se establece el currículo del ciclo formativo de grado medio correspondiente al título de Técnico en operaciones de proceso de pasta y papel."
1993-08-18,197,1,BOE-A-1993-21438,MINISTERIO DE EDUCACIÓN Y CIENCIA,estatal,Real Decreto,24957,24961,"Real Decreto 1075/1993, de 2 de julio, por el que se establece el currículo del ciclo formativo de grado medio correspondiente al título de Técnico en operaciones de fabricación de productos farmacéuticos."
1993-08-18,197,1,BOE-A-1993-21439,MINISTERIO DE EDUCACIÓN Y CIENCIA,estatal,Real Decreto,24961,24965,"Real Decreto 1076/1993, de 2 de julio, por el que se establece el currículo del ciclo formativo de grado medio correspondiente al título de Técnico en laboratorio."
1993-08-18,197,1,BOE-A-1993-21440,MINISTERIO DE EDUCACIÓN Y CIENCIA,estatal,Real Decreto,24965,24968,"Real Decreto 1077/1993, de 2 de julio, por el que se establece el currículo del ciclo formativo de grado medio correspondiente al título de Técnico en operaciones de transformación de plásticos y caucho."
1993-08-18,197,1,BOE-A-1993-21441,COMUNIDAD AUTÓNOMA DE GALICIA,autonómico,Ley,24968,24970,"Ley 7/1993, de 24 de mayo, de modificación de la Ley 9/1988, de 19 de julio, de estadística de Galicia."
1993-08-18,197,1,BOE-A-1993-21442,COMUNIDAD AUTÓNOMA DE GALICIA,autonómico,Ley,24970,24977,"Ley 8/1993, de 23 de junio, reguladora de la Administración Hidráulica de Galicia."
1993-08-18,197,1,BOE-A-1993-21443,COMUNIDAD AUTÓNOMA DE CANTABRIA,autonómico,Ley,24977,24990,"Ley 5/1993, de 6 de mayo, de Presupuestos Generales de la Diputación Regional de Cantabria para 1993."
1993-08-18,197,1,BOE-A-1993-21444,COMUNIDAD AUTÓNOMA DE ARAGÓN,autonómico,Ley,24990,24991,"Ley 9/1993, de 6 de julio, sobre concesión de un crédito extraordinario por importe de 129.637.300 pesetas, al que asciende el límite máximo de las subvenciones a adjudicar como consecuencia de las elecciones a las Cortes de Aragón celebradas el 26 de mayo de 1991."
1993-08-18,197,1,BOE-A-1993-21445,COMUNIDAD AUTÓNOMA DE CASTILLA-LA MANCHA,autonómico,Ley,24991,24992,"Ley 1/1993, de 20 de mayo, de Transparencia y Control de los Intereses Privados de los Gestores Públicos."
1993-08-18,197,1,BOE-A-1993-21446,COMUNIDAD AUTÓNOMA DE LAS ISLAS BALEARES,autonómico,Ley,24992,24995,"Ley 2/1993, de 30 de marzo, de creación del Parque Balear de Innovación Tecnológica."
1993-08-18,197,1,BOE-A-1993-21447,COMUNIDAD AUTÓNOMA DE LAS ISLAS BALEARES,autonómico,Ley,24995,25001,"Ley 3/1993, de 4 de mayo, para la mejora de la accesibilidad y de la supresión de las barreras arquitectónicas."
1993-08-18,197,1,BOE-A-1993-21448,COMUNIDAD AUTÓNOMA DE LAS ISLAS BALEARES,autonómico,Ley,25001,25001,"Ley 4/1993, de 28 de abril, de crédito extraordinario de subvenciones electorales."
1993-08-18,197,1,BOE-A-1993-21449,COMUNIDAD AUTÓNOMA DE LAS ISLAS BALEARES,autonómico,Ley,25001,25004,"Ley 5/1993, de 15 de junio, del Consejo Consultivo de las Islas Baleares."
1993-08-18,197,1,BOE-A-1993-21450,COMUNIDAD AUTÓNOMA DE MADRID,autonómico,Ley,25004,25005,"Ley 7/1993, de 22 de junio, de adecuación a la Ley estatal 30/1992, de 26 de noviembre, de las Normas Reguladoras de los Procedimientos Propios de la Comunidad de Madrid, y de modificación de la Ley de Gobierno y Administración y de la Ley reguladora de la Administración Institucional de la Comunidad de Madrid."
1993-08-20,199,1,BOE-A-1993-21772,JEFATURA DEL ESTADO,estatal,Real Decreto-ley,25425,25426,"Real Decreto-ley 14/1993, de 4 de agosto, por el que se modifica la disposición adicional tercera y la disposición transitoria segunda de la Ley 30/1992, de 26 de noviembre, de Régimen Jurídico de las Administraciones Públicas y del Procedimiento Administrativo Común."
1993-08-20,199,1,BOE-A-1993-21773,MINISTERIO DE INDUSTRIA Y ENERGÍA,estatal,Resolución,25426,25426,"Resolución de 19 de agosto de 1993, de la Dirección General de la Energía, por la que se publican los precios máximos de venta al público de gasolinas y gasóleos, aplicables en el ámbito de la península e islas Baleares a partir del día 21 de agosto de 1993."
1993-08-20,199,1,BOE-A-1993-21774,MINISTERIO DE INDUSTRIA Y ENERGÍA,estatal,Resolución,25426,25427,"Resolución de 19 de agosto de 1993, de la Dirección General de la Energía, por la que se publican los precios máximos de venta al público de gasolinas y gasóleos, Impuesto General Indirecto Canario excluido, aplicables en el ámbito de la Comunidad Autónoma de Canarias a partir del día 21 de agosto de 1993."
1993-08-20,199,1,BOE-A-1993-21775,MINISTERIO DE COMERCIO Y TURISMO,estatal,Corrección,25427,25427,"Corrección de errores de la Resolución de 29 de julio de 1993, de la Secretaría de Estado de Comercio, por la que se modifica la Orden de 10 de octubre de 1989, que regula la importación de determinados productos textiles."
1993-08-24,202,1,BOE-A-1993-21880,MINISTERIO DE COMERCIO Y TURISMO,estatal,Resolución,25585,25586,"Resolución de 3 de agosto de 1993, del Consejo de Dirección de la Escuela Oficial de Turismo, sobre los precios a satisfacer por la prestación de los servicios académicos de la Escuela Oficial de Turismo para el curso 1993-1994."
1993-08-24,202,1,BOE-A-1993-21881,COMUNIDAD AUTÓNOMA DE ANDALUCÍA,autonómico,Ley,25586,25590,"Ley 3/1993, de 1 de julio, de creación de la Universidad de Almería."
1993-08-25,203,1,BOE-A-1993-21942,COMUNIDAD AUTÓNOMA DE CATALUÑA,autonómico,Ley,25650,25666,"Ley 6/1993, de 15 de julio, reguladora de los Residuos."
1993-08-25,203,1,BOE-A-1993-21943,COMUNIDAD AUTÓNOMA DE GALICIA,autonómico,Ley,25666,25669,"Ley 9/1993, de 8 de julio, de Cofradías de Pescadores de Galicia."
1993-08-25,203,1,BOE-A-1993-21944,COMUNIDAD AUTÓNOMA DE ANDALUCÍA,autonómico,Ley,25669,25673,"Ley 4/1993, de 1 de julio, de creación de la Universidad de Huelva."
1993-08-25,203,1,BOE-A-1993-21945,COMUNIDAD AUTÓNOMA DE ANDALUCÍA,autonómico,Ley,25673,25677,"Ley 5/1993, de 1 de julio, de creación de la Universidad de Jaén."
1993-08-25,203,1,BOE-A-1993-21946,COMUNIDAD AUTÓNOMA DE ARAGÓN,autonómico,Corrección,25677,25677,"Corrección de errores de la Ley 7/1993, de 4 de mayo, de Presupuestos de la Comunidad Autónoma de Aragón para 1993."
1993-08-25,203,1,BOE-A-1993-21947,COMUNIDAD AUTÓNOMA DE MADRID,autonómico,Ley,25677,25687,"Ley 8/1993, de 22 de junio, de Promoción de la Accesibilidad y Supresión de Barreras Arquitectónicas."
1993-08-26,204,1,BOE-A-1993-22023,TRIBUNAL CONSTITUCIONAL,estatal,Resolución judicial,25746,25746,"Recurso de inconstitucionalidad número 2.481/1993, planteado por el Presidente del Gobierno contra determinados preceptos de la Ley de las Cortes de Aragón 7/1993, de 4 de mayo."
1993-08-26,204,1,BOE-A-1993-22024,TRIBUNAL CONSTITUCIONAL,estatal,Resolución judicial,25746,25746,"Recurso de inconstitucionalidad número 2.199/1992, planteado por el Presidente del Gobierno contra determinados preceptos de la Ley Foral del Parlamento de Navarra 6/1992, de 14 de mayo."
1993-08-26,204,1,BOE-A-1993-22025,TRIBUNAL CONSTITUCIONAL,estatal,Resolución judicial,25746,25746,"Recurso de inconstitucionalidad número 2.587/1993, planteado por el Presidente del Gobierno contra determinados preceptos de la Ley de las Cortes de Cantabria 5/1993, de 6 de mayo."
1993-08-26,204,1,BOE-A-1993-22026,MINISTERIO DE EDUCACIÓN Y CIENCIA,estatal,Orden,25746,25750,Orden de 23 de agosto de 1993 por la que se fijan los precios a satisfacer por la prestación de servicios académicos universitarios para el curso 1993-1994.
1993-08-26,204,1,BOE-A-1993-22027,COMUNIDAD AUTÓNOMA DEL PRINCIPADO DE ASTURIAS,autonómico,Ley,25750,25776,"Ley 1/1993, de 20 de mayo, de Presupuestos Generales del Principado de Asturias para 1993."
1993-08-26,204,1,BOE-A-1993-22028,COMUNIDAD FORAL DE NAVARRA,autonómico,Ley,25777,25777,"Ley Foral 7/1993 de 10 de mayo, de concesión de un suplemento de crédito para el Departamento de Economía y Hacienda."
1993-08-26,204,1,BOE-A-1993-22029,COMUNIDAD FORAL DE NAVARRA,autonómico,Ley,25777,25778,"Ley Foral 8/1993 de 24 de mayo, de cuentas generales de Navarra de 1991."
1993-08-26,204,1,BOE-A-1993-22030,COMUNIDAD FORAL DE NAVARRA,autonómico,Ley,25778,25792,"Ley Foral 9/1993, de 30 de junio, de Presupuestos Generales de Navarra para el ejercicio de 1993."
1993-08-26,204,1,BOE-A-1993-22031,COMUNIDAD FORAL DE NAVARRA,autonómico,Ley,25793,25793,"Ley Foral 10/1993, de 30 de junio, por la que se acuerda la permuta de un solar en el paraje la Biurdana, de Pamplona, por el edificio de la Audiencia Provincial."
1993-08-27,205,1,BOE-A-1993-22093,"MINISTERIO DE OBRAS PÚBLICAS, TRANSPORTES Y MEDIO AMBIENTE",estatal,Real Decreto,25950,25958,"Real Decreto 1230/1993, de 23 de julio, por el que se aprueba el anejo C, «Condiciones particulares para el uso comercial», de la norma básica de la edificación «NBE-CPI/91: Condiciones de protección contra incendios en los edificios»."
1993-08-27,205,1,BOE-A-1993-22094,MINISTERIO DE EDUCACIÓN Y CIENCIA,estatal,Real Decreto,25959,25959,"Real Decreto 1024/1993, de 25 de junio, por el que se reconocen efectos civiles a los estudios conducentes a la obtención de diversos títulos universitarios oficiales de la Universidad de la Iglesia de Deusto."
1993-08-27,205,1,BOE-A-1993-22095,MINISTERIO DE INDUSTRIA Y ENERGÍA,estatal,Resolución,25960,25960,"Resolución de 25 de agosto de 1993, de la Dirección General de la Energía, por la que se hacen públicos los nuevos precios máximos de venta de gas natural para usos industriales."
1993-08-27,205,1,BOE-A-1993-22096,MINISTERIO DE INDUSTRIA Y ENERGÍA,estatal,Resolución,25960,25961,"Resolución de 26 de agosto de 1993, de la Dirección General de la Energía, por la que se publican los precios máximos de venta al público de gasolinas y gasóleos, aplicables en el ámbito de la península e islas Baleares a partir del día 28 de agosto de 1993."
1993-08-27,205,1,BOE-A-1993-22097,MINISTERIO DE INDUSTRIA Y ENERGÍA,estatal,Resolución,25961,25961,"Resolución de 26 de agosto de 1993, de la Dirección General de la Energía, por la que se publican los precios máximos de venta al público de gasolinas y gasóleos, Impuesto General Indirecto Canario excluido, aplicables en el ámbito de la Comunidad Autónoma de Canarias a partir del día 28 de agosto de 1993."
1993-08-28,206,1,BOE-A-1993-22175,MINISTERIO DE EDUCACIÓN Y CIENCIA,estatal,Real Decreto,26005,26008,"Real Decreto 1286/1993, de 30 de julio, por el que se crean Centros y se autorizan enseñanzas en las Universidades de Alcalá de Henares, Cantabria, Castilla-La Mancha, Extremadura, Islas Baleares, León, Autónoma, Complutense y Politécnica de Madrid, Murcia, Oviedo, Salamanca, Valladolid, Zaragoza y UNED."
1993-08-31,208,1,BOE-A-1993-22239,MINISTERIO DE ECONOMÍA Y HACIENDA,estatal,Real Decreto,26060,26061,"Real Decreto 1393/1993, de 4 de agosto, por el que se modifica el artículo 15 del Real Decreto 338/1990, de 9 de marzo, por el que se regula la composición y la forma de utilización del Número de Identificación Fiscal."
1993-09-01,209,1,BOE-A-1993-22275,MINISTERIO DE OBRAS PÚBLICAS Y TRANSPORTES,estatal,Corrección,26148,26148,"Corrección de errores de la Resolución de 12 de julio de 1993, de la Secretaría de Estado para las Políticas del Agua y el Medio Ambiente del Ministerio de Obras Públicas y Transportes, por la que se determinan los ámbitos territoriales de los regadíos afectados por la sequía, en cumplimiento de lo dispuesto en el Real Decreto-ley 8/1993, de 21 de mayo, por el que se adoptan medidas urgentes para reparar los efectos producidos por la sequía."
1993-09-01,209,1,BOE-A-1993-22276,MINISTERIO DE EDUCACIÓN Y CIENCIA,estatal,Orden,26148,26149,"Orden de 27 de agosto de 1993 por la que se establecen los precios públicos correspondientes a las enseñanzas de idiomas, música, danza, arte dramático y conservación y restauración de bienes culturales, para el curso 1993-94."
1993-09-03,211,1,BOE-A-1993-22348,MINISTERIO DE EDUCACIÓN Y CIENCIA,estatal,Real Decreto,26229,26241,"Real Decreto 1287/1993, de 30 de julio, por el que se homologa el título de Licenciado en Ciencias de la Información (Secciones de Publicidad y Relaciones Públicas y de Imagen Visual y Auditiva) del Centro Superior de Ciencias de la Información (C.E.U. San Pablo), adscrito a la Universidad Politécnica de Valencia."
1993-09-03,211,1,BOE-A-1993-22349,MINISTERIO DE INDUSTRIA Y ENERGÍA,estatal,Resolución,26242,26242,"Resolución de 2 de septiembre de 1993, de la Dirección General de la Energía, por la que se publican los precios máximos de venta al público de gasolinas y gasóleos, aplicables en el ámbito de la península e islas Baleares a partir del día 4 de septiembre de 1993."
1993-09-03,211,1,BOE-A-1993-22350,MINISTERIO DE INDUSTRIA Y ENERGÍA,estatal,Resolución,26242,26242,"Resolución de 2 de septiembre de 1993, de la Dirección General de la Energía, por la que se publican los precios máximos de venta al público de gasolinas y gasóleos, Impuesto General Indirecto Canario excluido, aplicables en el ámbito de la Comunidad Autónoma de Canarias a partir del día 4 de septiembre de 1993."
1993-09-04,212,1,BOE-A-1993-22403,MINISTERIO DE ASUNTOS EXTERIORES,estatal,Orden,26277,26277,"Orden de 25 de agosto de 1993 por la que se transforman en agencias consulares los consulados generales en Bremen, Nimes y Basilea."
1993-09-04,212,1,BOE-A-1993-22404,MINISTERIO DE EDUCACIÓN Y CIENCIA,estatal,Real Decreto,26277,26278,"Real Decreto 1395/1993, de 4 de agosto, sobre contratación a tiempo completo de profesores asociados en las Universidades públicas."
1993-09-04,212,1,BOE-A-1993-22405,MINISTERIO DE LA PRESIDENCIA,estatal,Real Decreto,26278,26282,"Real Decreto 1288/1993, de 30 de julio, por el que se modifican los anexos de los Reales Decretos 495/1990, de 20 de abril, 110/1990, de 26 de enero, y 646/1992, de 12 de junio, y se establece la lista de países terceros de los que se autorizan las importaciones de animales de las especies bovina, porcina, ovina, caprina y equina, carnes frescas y productos cárnicos."
1993-09-04,212,1,BOE-A-1993-22406,MINISTERIO DE LA PRESIDENCIA,estatal,Real Decreto,26283,26283,"Real Decreto 1397/1993, de 4 de agosto, de modificación de la disposición final primera del Real Decreto 73/1992, de 31 de enero, por el que se aprueba el Reglamento de Circulación Aérea."
1993-09-06,213,1,BOE-A-1993-22461,MINISTERIO PARA LAS ADMINISTRACIONES PÚBLICAS,estatal,Real Decreto,26301,26308,"Real Decreto 1486/1993, de 3 de septiembre, por el que se determina la estructura orgánica básica del Ministerio de la Presidencia."
1993-09-06,213,1,BOE-A-1993-22462,COMUNIDAD AUTÓNOMA DE MADRID,autonómico,Corrección,26308,26308,"Corrección de erratas de la Ley 7/1993, de 22 de junio, de adecuación a la Ley Estatal 30/1992, de 26 de noviembre, de las Normas Reguladoras de los Procedimientos Propios de la Comunidad de Madrid, y de modificación de la Ley de Gobierno y Administración y de la Ley reguladora de la Administración Institucional de la Comunidad de Madrid."
1993-09-07,214,1,BOE-A-1993-22542,MINISTERIO DE ECONOMÍA Y HACIENDA,estatal,Resolución,26333,26333,"Resolución 6/1993, de 27 de agosto, de la Dirección General de Tributos, sobre la cumplimentación de determinada obligación formal contenida en el Reglamento de los Impuestos Especiales, aprobado por Real Decreto 2442/1985, de 27 de diciembre."
1993-09-08,215,1,BOE-A-1993-22603,MINISTERIO DE ECONOMÍA Y HACIENDA,estatal,Orden,26430,26430,"Orden de 3 de septiembre de 1993 sobre índices de precios de mano de obra y materiales de la construcción correspondientes al mes de marzo de 1993, aplicables a la revisión de precios de contratos de obras del Estado."
1993-09-09,216,1,BOE-A-1993-22679,"MINISTERIO DE OBRAS PÚBLICAS, TRANSPORTES Y MEDIO AMBIENTE",estatal,Orden,26510,26512,Orden de 6 de septiembre de 1993 por la que se dictan normas sobre colaboración del Servicio de Correos en las elecciones al Parlamento de Galicia.
1993-09-09,216,1,BOE-A-1993-22680,"MINISTERIO DE AGRICULTURA, PESCA Y ALIMENTACIÓN",estatal,Corrección,26512,26512,"Corrección de erratas de la Resolución de 23 de julio de 1993, de la Secretaría General de Pesca Marítima, por la que se publica el «Censo Especial de Buques Palangreros de Superficie» de caladeros internacionales."
1993-09-09,216,1,BOE-A-1993-22681,MINISTERIO PARA LAS ADMINISTRACIONES PÚBLICAS,estatal,Corrección,26513,26513,"Corrección de errores del Real Decreto 536/1993, de 12 de abril, sobre ampliación de medios adscritos a los servicios traspasados a la Comunidad Autónoma de Canarias en materia de educación no universitaria."
1993-09-09,216,1,BOE-A-1993-22682,MINISTERIO DE RELACIONES CON LAS CORTES Y DE LA SECRETARÍA DEL GOBIERNO,estatal,Real Decreto,26513,26530,"Real Decreto 1078/1993, de 2 de julio, por el que se aprueba el Reglamento sobre clasificación, envasado y etiquetado de preparados peligrosos."
1993-09-09,216,1,BOE-A-1993-22683,MINISTERIO DE RELACIONES CON LAS CORTES Y DE LA SECRETARÍA DEL GOBIERNO,estatal,Corrección,26530,26530,"Corrección de errores del Real Decreto 736/1993, de 14 de mayo, por el que se desarrollan determinadas disposiciones de la Ley 39/1992, de 29 de diciembre, de Presupuestos Generales del Estado para 1993, sobre beneficios fiscales aplicables al «Año Santo Compostelano 1993» y deducción por inversiones en investigación y desarrollo."
1993-09-10,217,1,BOE-A-1993-22753,MINISTERIO DE ECONOMÍA Y HACIENDA,estatal,Orden,26717,26717,Orden de 6 de septiembre de 1993 por la que se dispone la elaboración de una nueva serie de cartones para el juego del bingo.
1993-09-10,217,1,BOE-A-1993-22754,MINISTERIO DE INDUSTRIA Y ENERGÍA,estatal,Resolución,26717,26718,"Resolución de 9 de septiembre de 1993, de la Dirección General de la Energía, por la que se hacen públicos los nuevos precios máximos de venta de gas natural para usos industriales."
1993-09-10,217,1,BOE-A-1993-22755,MINISTERIO DE INDUSTRIA Y ENERGÍA,estatal,Resolución,26718,26718,"Resolución de 9 de septiembre de 1993, de la Dirección General de la Energía, por la que se publican los precios máximos de venta al público de gasolinas y gasóleos, Impuesto General Indirecto Canario excluido, aplicables en el ámbito de la Comunidad Autónoma de Canarias a partir del día 11 de septiembre de 1993."
1993-09-10,217,1,BOE-A-1993-22756,MINISTERIO DE INDUSTRIA Y ENERGÍA,estatal,Resolución,26718,26719,"Resolución de 9 de septiembre de 1993, de la Dirección General de la Energía, por la que se publican los precios máximos de venta al público de gasolinas y gasóleos, aplicables en el ámbito de la península e islas Baleares a partir del día 11 de septiembre de 1993."
1993-09-11,218,1,BOE-A-1993-22817,MINISTERIO PARA LAS ADMINISTRACIONES PÚBLICAS,estatal,Real Decreto,26845,26847,"Real Decreto 1574/1993, de 10 de septiembre, por el que se modifican parcialmente los Reales Decretos 1485/1985, de 28 de agosto, y 1527/1988, de 11 de noviembre, sobre estructura orgánica básica del Ministerio de Asuntos Exteriores."
1993-09-13,219,1,BOE-A-1993-22878,"MINISTERIO DE OBRAS PÚBLICAS, TRANSPORTES Y MEDIO AMBIENTE",estatal,Orden,26877,26879,Orden de 7 de septiembre de 1993 por la que se establecen tarifas de referencia de los servicios de transportes público discrecional de viajeros en autobús.
1993-09-14,220,1,BOE-A-1993-22950,MINISTERIO DE ECONOMÍA Y HACIENDA,estatal,Instrucción o circular,26910,26919,"Circular número 7/1993, de 31 de agosto, del Departamento de Aduanas e Impuestos Especiales de la Agencia Estatal de Administración Tributaria, por la que se aprueban los diseños de los soportes magnéticos relativos a documentos de acompañamiento."
1993-09-14,220,1,BOE-A-1993-22951,"MINISTERIO DE AGRICULTURA, PESCA Y ALIMENTACIÓN",estatal,Orden,26919,26923,Orden de 9 de septiembre de 1993 por la que se establecen normas para la cesión temporal de cantidades de referencia individuales de leche de vaca de entregas a compradores.
1993-09-14,220,1,BOE-A-1993-22952,COMUNIDAD AUTÓNOMA DE ANDALUCÍA,autonómico,Ley,26923,26933,"Ley 7/1993, de 27 de julio, reguladora de la Demarcación Municipal de Andalucía."
1993-09-14,220,1,BOE-A-1993-22953,COMUNIDAD AUTÓNOMA VALENCIANA,autonómico,Ley,26933,26938,"Ley 1/1993, de 7 de julio, de la Generalidad Valenciana, de creación del Comité Económico y Social de la Comunidad Valenciana."
1993-09-15,221,1,BOE-A-1993-23028,CORTES GENERALES,estatal,Resolución,27037,27037,"Resolución de 9 de septiembre de 1993, del Congreso de los Diputados, por la que se ordena la publicación del Acuerdo de Convalidación del Real Decreto-ley 14/1993, de 4 de agosto, por el que se modifica la disposición adicional tercera y la disposición transitoria segunda de la Ley 30/1992, de 26 de noviembre, de Régimen Jurídico de las Administraciones Públicas y del Procedimiento Administrativo Común."
1993-09-15,221,1,BOE-A-1993-23029,CORTES GENERALES,estatal,Resolución,27037,27037,"Resolución de 9 de septiembre de 1993, del Congreso de los Diputados, por la que se ordena la publicación del Acuerdo de Convalidación del Real Decreto-ley 13/1993, de 4 de agosto, de Medidas Tributarias Urgentes."
1993-09-15,221,1,BOE-A-1993-23030,MINISTERIO DE ECONOMÍA Y HACIENDA,estatal,Real Decreto,27037,27041,"Real Decreto 1571/1993, de 10 de septiembre, por el que se adapta la Reglamentación de la matrícula turística a las consecuencias de la armonización fiscal del mercado interior."
1993-09-16,222,1,BOE-A-1993-23084,MINISTERIO DE DEFENSA,estatal,Orden,27092,27092,"Orden 85/1993, de 13 de septiembre, por la que se suprime el Sector Aéreo de Cádiz, incluyendo su demarcación en el Sector Aéreo de Sevilla."
1993-09-17,223,1,BOE-A-1993-23120,MINISTERIO DEL INTERIOR,estatal,Orden,27220,27221,Orden de 31 de agosto de 1993 por la que se constituye una Unidad del Cuerpo Nacional de Policía y se adscribe a la Comunidad Autónoma de Andalucía.
1993-09-17,223,1,BOE-A-1993-23121,MINISTERIO DEL INTERIOR,estatal,Orden,27221,27221,"Orden de 9 de septiembre de 1993 por la que se determina la señalización luminosa de los tractores, maquinaria agrícola y demás vehículos especiales o de transportes especiales."
1993-09-17,223,1,BOE-A-1993-23122,MINISTERIO DE INDUSTRIA Y ENERGÍA,estatal,Resolución,27221,27222,"Resolución de 16 de septiembre de 1993, de la Dirección General de la Energía, por la que se publican los precios máximos de venta al público de los gases licuados de petróleo a granel, aplicables en el ámbito de la península e islas Baleares a partir del día 21 de septiembre de 1993."
1993-09-17,223,1,BOE-A-1993-23123,MINISTERIO DE INDUSTRIA Y ENERGÍA,estatal,Resolución,27222,27222,"Resolución de 16 de septiembre de 1993, de la Dirección General de la Energía, por la que se publican los precios máximos de venta al público de gasolinas y gasóleos, Impuesto General Indirecto Canario excluido, aplicables en el ámbito de la Comunidad Autónoma de Canarias a partir del día 18 de septiembre de 1993."
1993-09-17,223,1,BOE-A-1993-23124,MINISTERIO DE INDUSTRIA Y ENERGÍA,estatal,Resolución,27222,27222,"Resolución de 16 de septiembre de 1993, de la Dirección General de la Energía, por la que se publican los precios máximos de venta al público de gasolinas y gasóleos, aplicables en el ámbito de la península e islas Baleares a partir del día 18 de septiembre de 1993."
1993-09-18,224,1,BOE-A-1993-23154,"MINISTERIO DE OBRAS PÚBLICAS, TRANSPORTES Y MEDIO AMBIENTE",estatal,Orden,27268,27270,Orden de 14 de septiembre de 1993 por la que se desarrolla el capítulo V del título II del Reglamento de la Ley de Ordenación de los Transportes Terrestres en relación con el Comité Nacional del Transporte por Carretera.
1993-09-20,225,1,BOE-A-1993-23188,COMUNIDAD AUTÓNOMA DE MADRID,autonómico,Ley,27292,27292,"Ley 9/1993, de 30 de junio, de autorización de endeudamiento al Instituto de la Vivienda de Madrid."
1993-09-21,226,1,BOE-A-1993-23227,JEFATURA DEL ESTADO,estatal,Real Decreto-ley,27318,27318,"Real Decreto-ley 15/1993, de 17 de septiembre, por el que se permite a los funcionarios públicos de los cuerpos docentes universitarios que deban jubilarse al finalizar el curso académico 1992-1993 la posibilidad de optar por jubilarse a la finalización del curso académico 1993-1994."
1993-09-21,226,1,BOE-A-1993-23228,JEFATURA DEL ESTADO,estatal,Corrección,27318,27318,"Corrección de erratas del Instrumento de Adhesión de España al Convenio Internacional sobre Búsqueda y Salvamento Marítimo 1979, hecho en Hambrugo el 27 de abril de 1979."
1993-09-21,226,1,BOE-A-1993-23229,MINISTERIO DE JUSTICIA,estatal,Orden,27319,27319,"Orden de 10 de septiembre de 1993, por la que se dan instrucciones sobre la tramitación de solicitudes de indultos."
1993-09-21,226,1,BOE-A-1993-23230,MINISTERIO DE RELACIONES CON LAS CORTES Y DE LA SECRETARÍA DEL GOBIERNO,estatal,Real Decreto,27319,27324,"Real Decreto 824/1993, de 28 de mayo, por el que se aprueba el Reglamento del Comercio Exterior de Material de Defensa y de Material de Doble Uso."
1993-09-21,226,1,BOE-A-1993-23231,BANCO DE ESPAÑA,estatal,Instrucción o circular,27324,27324,"Circular número 10/1993, de 17 de septiembre, a Entidades de crédito, sobre coeficiente de caja."
1993-09-21,226,1,BOE-A-1993-23232,COMUNIDAD AUTÓNOMA DE MADRID,autonómico,Corrección,27324,27324,"Corrección de errores de la Ley 8/1993, de 22 de junio, de Promoción de Accesibilidad y Supresión de Barreras Arquitectónicas."
1993-09-22,227,1,BOE-A-1993-23300,MINISTERIO DE ASUNTOS EXTERIORES,estatal,Tratado o acuerdo internacional,27474,27479,"Acuerdo sobre transporte aéreo entre el Gobierno de España y el Gobierno de Malasia, hecho en Kuala Lumpur el 23 de marzo de 1993."
1993-09-22,227,1,BOE-A-1993-23301,MINISTERIO DE DEFENSA,estatal,Resolución,27479,27479,"Resolución 451/38965/1993, de 15 de septiembre, de la Secretaría de Estado de Administración Militar, por la que se aprueba el modelo de notificación de incorporación a las Fuerzas Armadas."
1993-09-22,227,1,BOE-A-1993-23302,MINISTERIO DE DEFENSA,estatal,Resolución,27479,27480,"Resolución 451/38966/1993, de 15 de septiembre, de la Secretaría de Estado de Administración Militar, por la que se aprueba el modelo de notificación de pase a la reserva del servicio militar."
1993-09-22,227,1,BOE-A-1993-23303,MINISTERIO DE DEFENSA,estatal,Resolución,27480,27481,"Resolución 451/38967/1993, de 15 de septiembre, de la Secretaría de Estado de Administración Militar, por la que se aprueba la ficha de inscripción para el alistamiento."
1993-09-22,227,1,BOE-A-1993-23304,MINISTERIO DE DEFENSA,estatal,Resolución,27482,27483,"Resolución 451/38968/1993, de 15 de septiembre, de la Secretaría de Estado de Administración Militar, por la que se aprueba el modelo de instancia para alegaciones o solicitudes posteriores a la inscripción para el alistamiento."
1993-09-22,227,1,BOE-A-1993-23305,MINISTERIO DE ECONOMÍA Y HACIENDA,estatal,Corrección,27484,27484,"Corrección de erratas del Real Decreto 1020/1993, de 25 de junio, por el que se aprueban las normas técnicas de valoración y el cuadro marco de valores del suelo y de las construcciones para determinar el valor catastral de los bienes inmuebles de naturaleza urbana."
1993-09-22,227,1,BOE-A-1993-23306,MINISTERIO DE LA PRESIDENCIA,estatal,Real Decreto,27484,27484,"Real Decreto 1635/1993, de 17 de septiembre, por el que se modifica el apartado uno del artículo 2 del Real Decreto 874/1981, de 10 de abril, en su redacción dada por el Real Decreto 540/1985, sobre procedimiento de concesión del segundo aval a las sociedades de garantía recíproca."
1993-09-23,228,1,BOE-A-1993-23470,MINISTERIO DE COMERCIO Y TURISMO,estatal,Orden,27599,27599,"Orden de 17 de septiembre de 1993 por la que se derogan las Ordenes del Ministerio de Industria, Comercio y Turismo de 30 de octubre de 1992 y de 27 de febrero de 1993, relativas al régimen de intercambios comerciales con la República de Croacia, la República de Bosnia-Herzegovina y la República Yugoslava de Macedonia."
1993-09-24,229,1,BOE-A-1993-23570,MINISTERIO DE ECONOMÍA Y HACIENDA,estatal,Resolución,27725,27725,"Resolución de 16 de septiembre de 1993, de la Delegación del Gobierno en el Monopolio de Tabacos, por la que se publica el precio de venta al público de determinada labor de tabaco en el Area del Monopolio de la península e islas Baleares."
1993-09-24,229,1,BOE-A-1993-23571,MINISTERIO DE INDUSTRIA Y ENERGÍA,estatal,Resolución,27725,27725,"Resolución de 22 de septiembre de 1993, de la Dirección General de la Energía, por la que se publican los precios máximos de venta al público de gasolinas y gasóleos, aplicables en el ámbito de la península e islas Baleares a partir del día 25 de septiembre de 1993."
1993-09-24,229,1,BOE-A-1993-23572,MINISTERIO DE INDUSTRIA Y ENERGÍA,estatal,Resolución,27726,27726,"Resolución de 22 de septiembre de 1993, de la Dirección General de la Energía, por la que se publican los precios máximos de venta al público de gasolinas y gasóleos, Impuesto General Indirecto Canario excluido, aplicables en el ámbito de la Comunidad Autónoma de Canarias a partir del día 25 de septiembre de 1993."
1993-09-24,229,1,BOE-A-1993-23573,MINISTERIO DE INDUSTRIA Y ENERGÍA,estatal,Resolución,27726,27726,"Resolución de 23 de septiembre de 1993, de la Dirección General de la Energía, por la que se hacen públicos los nuevos precios máximos de venta de gas natural para usos industriales."
1993-09-25,230,1,BOE-A-1993-23626,TRIBUNAL CONSTITUCIONAL,estatal,Resolución judicial,27846,27846,"Recurso de inconstitucionalidad número 2728/93, planteado por el Presidente del Gobierno contra determinados preceptos de la Ley del Parlamento de Galicia 6/1993, de 11 de mayo."
1993-09-28,232,1,BOE-A-1993-23765,MINISTERIO DE DEFENSA,estatal,Orden,27900,27900,"Orden 93/1993, de 21 de septiembre, por la que se establece una nueva clasificación de las Bases Aéreas y Aeródromos Militares del Ejército del Aire."
1993-09-28,232,1,BOE-A-1993-23766,MINISTERIO PARA LAS ADMINISTRACIONES PÚBLICAS,estatal,Real Decreto,27900,27902,"Real Decreto 1671/1993, de 24 de septiembre, por el que se modifica la estructura orgánica del Ministerio de Obras Públicas, Transportes y Medio Ambiente."
1993-09-29,233,1,BOE-A-1993-23795,TRIBUNAL CONSTITUCIONAL,estatal,Resolución judicial,27970,27970,"Recurso de inconstitucionalidad número 2199/92, planteado por el Presidente del Gobierno contra determinados preceptos de la Ley Foral del Parlamento de Navarra 6/1992, de 14 de mayo."
1993-09-29,233,1,BOE-A-1993-23796,TRIBUNAL CONSTITUCIONAL,estatal,Resolución judicial,27970,27970,Cuestión de inconstitucionalidad número 2275/93.
1993-09-29,233,1,BOE-A-1993-23797,TRIBUNAL CONSTITUCIONAL,estatal,Resolución judicial,27970,27970,Cuestión de inconstitucionalidad número 2346/93.
1993-09-29,233,1,BOE-A-1993-23798,TRIBUNAL CONSTITUCIONAL,estatal,Resolución judicial,27970,27970,Cuestión de inconstitucionalidad número 2394/93.
1993-09-29,233,1,BOE-A-1993-23799,TRIBUNAL CONSTITUCIONAL,estatal,Resolución judicial,27970,27970,Cuestión de inconstitucionalidad número 2432/93.
1993-09-29,233,1,BOE-A-1993-23800,TRIBUNAL CONSTITUCIONAL,estatal,Resolución judicial,27970,27971,Cuestión de inconstitucionalidad número 2433/93.
1993-09-29,233,1,BOE-A-1993-23801,TRIBUNAL CONSTITUCIONAL,estatal,Resolución judicial,27971,27971,Cuestión de inconstitucionalidad número 2434/93.
1993-09-29,233,1,BOE-A-1993-23802,TRIBUNAL CONSTITUCIONAL,estatal,Resolución judicial,27971,27971,Cuestión de inconstitucionalidad número 2583/93.
1993-09-29,233,1,BOE-A-1993-23803,TRIBUNAL CONSTITUCIONAL,estatal,Resolución judicial,27971,27971,Cuestión de inconstitucionalidad número 2591/93.
1993-09-29,233,1,BOE-A-1993-23804,TRIBUNAL CONSTITUCIONAL,estatal,Resolución judicial,27971,27971,Cuestión de inconstitucionalidad número 2607/93.
1993-09-29,233,1,BOE-A-1993-23805,TRIBUNAL CONSTITUCIONAL,estatal,Resolución judicial,27971,27971,Cuestión de inconstitucionalidad número 2641/93.
1993-09-29,233,1,BOE-A-1993-23806,TRIBUNAL CONSTITUCIONAL,estatal,Resolución judicial,27971,27971,Cuestión de inconstitucionalidad número 2642/93.
1993-09-29,233,1,BOE-A-1993-23807,TRIBUNAL CONSTITUCIONAL,estatal,Resolución judicial,27971,27971,Cuestión de inconstitucionalidad número 2643/93.
1993-09-29,233,1,BOE-A-1993-23808,TRIBUNAL CONSTITUCIONAL,estatal,Resolución judicial,27971,27972,Cuestión de inconstitucionalidad número 2644/93.
1993-09-29,233,1,BOE-A-1993-23809,TRIBUNAL CONSTITUCIONAL,estatal,Resolución judicial,27972,27972,Cuestión de inconstitucionalidad número 2752/93.
1993-09-29,233,1,BOE-A-1993-23810,TRIBUNAL CONSTITUCIONAL,estatal,Resolución judicial,27972,27972,"Recurso de inconstitucionalidad número 2351/93, planteado por más de 50 Diputados del Grupo Parlamentario Popular contra determinados preceptos de la Ley 7/1985, de 2 de abril, en su nueva redacción dada por la Ley 10/1993, de 21 de abril."
1993-09-29,233,1,BOE-A-1993-23811,MINISTERIO DE EDUCACIÓN Y CIENCIA,estatal,Corrección,27972,27972,"Corrección de errores del Real Decreto 850/1993, de 4 de junio, por el que se regula el ingreso y la adquisición de especialidades en los Cuerpos de funcionarios docentes a que se refiere la Ley Orgánica 1/1990, de 3 de octubre, de Ordenación General del Sistema Educativo."
1993-09-30,234,1,BOE-A-1993-23974,MINISTERIO DE ECONOMÍA Y HACIENDA,estatal,Resolución,28095,28096,"Resolución de 27 de septiembre de 1993, del Organismo Nacional de Loterías y Apuestas del Estado, por la que se añade un nuevo capítulo a las normas que regulan la Lotería Primitiva, mediante el que se establece un concurso extraordinario denominado «El Gordo de la Primitiva»."
1993-09-30,234,1,BOE-A-1993-23975,MINISTERIO DE ECONOMÍA Y HACIENDA,estatal,Corrección,28096,28096,"Corrección de errores de la Orden de 11 de mayo de 1993 por la que se modifican las monedas de 5, 10, 25, 50, 100, 200 y 500 pesetas."
1993-09-30,234,1,BOE-A-1993-23976,"MINISTERIO DE OBRAS PÚBLICAS, TRANSPORTES Y MEDIO AMBIENTE",estatal,Resolución,28096,28097,"Resolución de 7 de septiembre de 1993, del Delegado del Gobierno en «Telefónica de España, Sociedad Anónima», autorizando la reducción de determinadas tarifas del servicio de Telefonía Móvil Automática (TMA)."
1993-10-01,235,1,BOE-A-1993-24064,TRIBUNAL CONSTITUCIONAL,estatal,Resolución judicial,28206,28206,"Rectificación de error padecido en la publicación del edicto del recurso de inconstitucionalidad número 2.728/1993, aparecido en el «Boletín Oficial del estado» número 230, de 25 de septiembre."
1993-10-01,235,1,BOE-A-1993-24065,MINISTERIO DE INDUSTRIA Y ENERGÍA,estatal,Resolución,28206,28206,"Resolución de 29 de septiembre de 1993, de la Dirección General de la Energía, por la que se publican los precios máximos de venta al público de gasolina y gasóleos, aplicables en el ámbito de la península e islas Baleares a partir del día 2 de octubre de 1993."
1993-10-01,235,1,BOE-A-1993-24066,MINISTERIO DE INDUSTRIA Y ENERGÍA,estatal,Resolución,28206,28207,"Resolución de 29 de septiembre de 1993, de la Dirección General de la Energía, por la que se publican los precios máximos de venta al público de gasolinas y gasóleos, Impuesto General Indirecto Canario excluido, aplicables en el ámbito de la Comunidad Autónoma de Canarias, a partir del día 2 de octubre de 1993."
1993-10-01,235,1,BOE-A-1993-24067,MINISTERIO DE LA PRESIDENCIA,estatal,Real Decreto,28207,28207,"Real Decreto 1573/1993, de 10 de septiembre, por el que se somete a ciertas restricciones la circulación de los productos psicotrópicos y estupefacientes."
1993-10-02,236,1,BOE-A-1993-24148,MINISTERIO DE EDUCACIÓN Y CIENCIA,estatal,Orden,28293,28293,"Orden de 21 de septiembre de 1993 por la que se regula la participación, en los órganos de gobierno colegiados de los Centros docentes, de los Profesores que impartan enseñanza religiosa."
1993-10-02,236,1,BOE-A-1993-24149,MINISTERIO DE EDUCACIÓN Y CIENCIA,estatal,Orden,28293,28294,Orden de 1 de octubre de 1993 por la que se modifica la de 23 de agosto por la que se fijan los precios a satisfacer por la prestación de servicios académicos para el curso 1993-1994.
1993-10-02,236,1,BOE-A-1993-24150,MINISTERIO DE LA PRESIDENCIA,estatal,Real Decreto,28295,28301,"Real Decreto 1725/1993, de 1 de octubre, de modificación parcial de la estructura orgánica del Ministerio de Economía y Hacienda."
1993-10-04,237,1,BOE-A-1993-24222,CORTES GENERALES,estatal,Otras,28326,28326,"Reforma del Reglamento del Congreso de los Diputados por la que se modifican los artículos 18, 20.1 y 46.1 y se deroga el apartado 3 del artículo 88, aprobada el 23 de septiembre de 1993."
1993-10-04,237,1,BOE-A-1993-24223,MINISTERIO DE ASUNTOS EXTERIORES,estatal,Tratado o acuerdo internacional,28326,28337,"Convenio para el reconocimiento recíproco de punzones de pruebas de armas de fuego portátiles y Reglamento hechos en Bruselas el 1 de julio de 1969 («Boletín Oficial del Estado» número 228, de 22 de septiembre de 1973), decisiones tomadas por la Comisión Internacional Permanente para la prueba de armas de fuego portátiles en su XXI Sesión Plenaria de junio de 1990 (Rectificado)."
1993-10-04,237,1,BOE-A-1993-24224,MINISTERIO DE ASUNTOS EXTERIORES,estatal,Tratado o acuerdo internacional,28337,28340,"Acuerdo para la promoción y fomento recíprocos de inversiones entre el Reino de España y la República Popular de China, hecho en Madrid el 6 de febrero de 1992."
1993-10-04,237,1,BOE-A-1993-24225,MINISTERIO PARA LAS ADMINISTRACIONES PÚBLICAS,estatal,Orden,28340,28341,"Orden de 28 de septiembre de 1993 por la que se crea en el Consejo Superior de Informática, con carácter de Comisión Nacional, el Grupo de Usuarios de Telecomunicaciones en la Administración y se regulan su composición y funciones."
1993-10-05,238,1,BOE-A-1993-24299,JEFATURA DEL ESTADO,estatal,Real Decreto-ley,28388,28389,"Real Decreto-ley 16/1993, de 1 de octubre, por el que se concede al Ministerio de Trabajo y Seguridad Social un crédito extraordinario por importe de 237.458.944.063 pesetas para atender insuficiencias producidas durante 1992 en materia de gestión de prestaciones de desempleo, y un suplemento de crédito, por importe de 21.907.000.000 de pesetas, para completar las aportaciones del Estado a la Seguridad Social con destino a pensiones no contributivas."
1993-10-05,238,1,BOE-A-1993-24300,CORTES GENERALES,estatal,Resolución,28389,28389,"Resolución de 30 de septiembre de 1993, por la que se ordena la publicación del acuerdo de convalidación del Real Decreto-ley 15/1993, de 17 de septiembre, por el que se permite a los funcionarios públicos de los Cuerpos Docentes Universitarios que deban jubilarse al finalizar el curso académico 1992-1993, la posibilidad de optar por jubilarse a la finalización del curso académico 1993-1994."
1993-10-05,238,1,BOE-A-1993-24301,MINISTERIO DE ECONOMÍA Y HACIENDA,estatal,Orden,28390,28396,Orden de 24 de septiembre de 1993 sobre fondos y Sociedades de inversión inmobiliaria.
1993-10-05,238,1,BOE-A-1993-24302,MINISTERIO DE SANIDAD Y CONSUMO,estatal,Real Decreto,28396,28397,"Real Decreto 1575/1993, de 10 de septiembre, por el que se regula la libre elección de médico en los servicios de atención primaria del Instituto Nacional de la Salud."
1993-10-06,239,1,BOE-A-1993-24316,MINISTERIO DE ASUNTOS EXTERIORES,estatal,Orden,28461,28461,Orden de 28 de septiembre de 1993 por la que se crea una Oficina Consular Honoraria en Antigua y Barbuda.
1993-10-06,239,1,BOE-A-1993-24317,MINISTERIO DE ECONOMÍA Y HACIENDA,estatal,Real Decreto,28461,28463,"Real Decreto 1572/1993, de 10 de septiembre, por el que se aprueba el Reglamento de procedimiento administrativo sancionador de las infracciones por incumplimiento de las obligaciones establecidas en la Ley de la Función Estadística Pública."
1993-10-06,239,1,BOE-A-1993-24318,"MINISTERIO DE OBRAS PÚBLICAS, TRANSPORTES Y MEDIO AMBIENTE",estatal,Orden,28463,28466,Orden de 29 de septiembre de 1993 por la que se aprueba el pliego de condiciones para el otorgamiento de concesiones del servicio público de telecomunicación de valor añadido de suministro de conmutación de datos por paquetes o circuitos.
1993-10-06,239,1,BOE-A-1993-24319,COMUNIDAD AUTÓNOMA DE LA REGIÓN DE MURCIA,autonómico,Ley,28466,28503,"Ley 6/1992, de 23 de diciembre, de tasas, precios públicos y contribuciones especiales."
1993-10-07,240,1,BOE-A-1993-24376,"MINISTERIO DE AGRICULTURA, PESCA Y ALIMENTACIÓN",estatal,Real Decreto,28580,28588,"Real Decreto 1025/1993, de 25 de junio, por el que se establecen medidas para la lucha contra la influenza aviar."
1993-10-08,241,1,BOE-A-1993-24406,TRIBUNAL CONSTITUCIONAL,estatal,Resolución judicial,28637,28637,"Conflicto positivo de competencia número 1.939/1990, planteado por el Consejo Ejecutivo de la Generalidad de Cataluña, en relación con determinados preceptos del Real Decreto 434/1990, de 30 de marzo."
1993-10-08,241,1,BOE-A-1993-24407,TRIBUNAL CONSTITUCIONAL,estatal,Resolución judicial,28637,28637,"Conflicto positivo de competencia número 1.479/1988, planteado por el Gobierno en relación con el Decreto 81/1988, de 10 de marzo, del Consejo Ejecutivo de la Generalidad de Cataluña."
1993-10-08,241,1,BOE-A-1993-24408,MINISTERIO DE ECONOMÍA Y HACIENDA,estatal,Instrucción o circular,28637,28638,"Circular 8/1993, de 30 de septiembre, del Departamento de Aduanas e Impuestos Especiales de la Agencia Estatal de Administración Tributaria, sobre presentación en aduana del documento único administrativo (DUA) por sistemas de transmisión electrónica de datos."
1993-10-08,241,1,BOE-A-1993-24409,MINISTERIO DE INDUSTRIA Y ENERGÍA,estatal,Resolución,28638,28638,"Resolución de 6 de octubre de 1993, de la Dirección General de la Energía, por la que se publican los precios máximos de venta al público de gasolinas y gasóleos, Impuesto General Indirecto Canario excluido, aplicables en el ámbito de la Comunidad Autónoma de Canarias a partir del día 9 de octubre de 1993."
1993-10-08,241,1,BOE-A-1993-24410,MINISTERIO DE INDUSTRIA Y ENERGÍA,estatal,Resolución,28638,28639,"Resolución de 6 de octubre de 1993, de la Dirección General de la Energía, por la que se publican los precios máximos de venta al público de gasolinas y gasóleos, aplicables en el ámbito de la península e islas Baleares a partir del día 9 de octubre de 1993."
1993-10-08,241,1,BOE-A-1993-24411,MINISTERIO DE INDUSTRIA Y ENERGÍA,estatal,Resolución,28639,28639,"Resolución de 7 de octubre de 1993, de la Dirección General de la Energía, por la que se hacen públicos los nuevos precios máximos de venta de gas natural para usos industriales."
1993-10-11,243,1,BOE-A-1993-24531,MINISTERIO DE ASUNTOS EXTERIORES,estatal,Otras,28727,28735,"Reglamentos números 1 y 2 sobre prescripciones uniformes relativas a la homologación de los proyectores para vehículos automóviles que emiten un haz de cruce asimétrico y/o un haz de carretera y equipados con lámparas de incandescencia categoría R2 y sobre prescripciones uniformes relativas a la homologación de las lámparas eléctricas de incandescencia para proyectores que emiten un haz de cruce asimétrico y un haz de carretera o uno u otro de estos haces, anejos al Acuerdo de Ginebra de 20 de marzo de 1958, relativo al cumplimiento de condiciones uniformes de homologación y reconocimiento recíproco de la homologación de equipos y piezas de vehículos de motor (publicados en el «Boletín Oficial del Estado» de 3 de enero de 1962, de 27 de marzo de 1968, de 24 de enero de 1970 y de 23 de enero de 1984). Revisión 2 (comprende la Serie 01 de Enmiendas al Reglamento número 1, entrada en vigor el 18 de marzo de 1986 y la Serie 03 de Enmiendas al Reglamento número 2, entrada en vigor el 9 de marzo de 1986). Revisión 2-Rectificación 1."
1993-10-11,243,1,BOE-A-1993-24532,MINISTERIO DE ASUNTOS EXTERIORES,estatal,Tratado o acuerdo internacional,28736,28745,"Reglamento número 7 sobre prescripciones uniformes relativas a la homologación de las luces de posición delanteras y traseras, de las luces de parada y de las luces de gálibo de los vehículos de motor (con excepción de las motocicletas) y de sus remolques, anejo al Acuerdo de Ginebra de 20 de marzo de 1958 relativo al cumplimiento de condiciones uniformes de homologación y reconocimiento recíproco de la homologación de equipos y piezas de vehículos de motor (publicado en el «Boletín Oficial del Estado» de 11 de marzo de 1970). Revisión 1 (comprende la Serie 01 de Enmiendas): Revisión 1-Enmienda 1 (Suplemento a la Serie 01 de Enmiendas -no requiere ningún cambio en el número de homologación). Revisión 1-Enmienda 2 (Suplemento 2 a la Serie 01 de Enmiendas -no requiere cambios en la marca de homologación)."
1993-10-11,243,1,BOE-A-1993-24533,MINISTERIO DE ASUNTOS EXTERIORES,estatal,Tratado o acuerdo internacional,28745,28745,"Reglamento número 11 sobre prescripciones uniformes relativas a la homologación de los vehículos en lo que respecta a las cerraduras y los órganos de fijación en las puertas. Anejo al Acuerdo de Ginebra de 20 de marzo de 1958, relativo al cumplimiento de condiciones uniformes de homologación y reconocimiento recíproco de la homologación de equipos y piezas de vehículos de motor (publicado en el «Boletín Oficial del Estado» de 30 de marzo de 1983 y de 27 de septiembre de 1986). Revisión 1 -En mienda 1 (enmiendas entradas en vigor el 20 de abril de 1986)."
1993-10-11,243,1,BOE-A-1993-24534,MINISTERIO DE ASUNTOS EXTERIORES,estatal,Tratado o acuerdo internacional,28746,28752,"Reglamento número 8 sobre prescripciones uniformes relativas a la homologación de los proyectores para vehículos automóviles que emiten un haz de cruce asimétrico y/o un haz de carretera y equipados con lámparas halógenas (lámparas H1, H2 o H3). Anejo al Acuerdo de Ginebra de 20 de marzo de 1958, relativo al cumplimiento de condiciones uniformes de homologación y reconocimiento recíproco de la homologación de equipos y piezas de vehículos de motor (publicado en el «Boletín Oficial del Estado» de 14 de agosto de 1968 y de 19 de mayo de 1982). Revisión 2-Enmienda 1 (Serie 04 de Enmiendas, entrada en vigor el 6 de julio de 1986). Revisión 2-Enmienda 2 (Suplemento 1 a la Serie 04 de Enmiendas, entrada en vigor el 24 de julio de 1989)."
1993-10-11,243,1,BOE-A-1993-24535,MINISTERIO DE ASUNTOS EXTERIORES,estatal,Tratado o acuerdo internacional,28753,28759,Reglamento número 20 sobre prescripciones uniformes relativas a la homologación de proyectores para vehículos automóviles que emitan un haz de cruce asimétrico y/o un haz de carretera y equipados de lámparas halógenas (lámparas H4) y a la homologación de dichas lámparas. Anejo al Acuerdo de Ginebra de 20 de marzo de 1958 sobre condiciones uniformes de homologación y reconocimiento recíproco de homologación para equipos y piezas de vehículos de motor (publicado en el «Boletín Oficial del Estado» de 28 de junio de 1974 y de 16 de mayo de 1977). Revisión 1-Enmienda 1 (Serie 02 de Enmiendas propuestas por los Países Bajos. Entrada en vigor el 3 de julio de 1986). Revisión 1-Enmienda 2 (Suplemento 1 a la Serie 02 de Enmiendas propuestas por los Países Bajos. Entrada en vigor el 28 de febrero de 1990).
1993-10-11,243,1,BOE-A-1993-24536,MINISTERIO DE ASUNTOS EXTERIORES,estatal,Tratado o acuerdo internacional,28760,28771,"Reglamento número 17 sobre prescripciones uniformes relativas a la homologación de vehículos en relación con la resistencia de los asientos, sus anclajes y reposacabezas. Anejo al Acuerdo de Ginebra de 20 de marzo de 1958 sobre condiciones uniformes de homologación y reconocimiento recíproco de homologación para equipos y piezas de vehículos de motor (publicado en el «Boletín Oficial del Estado» de 20 de julio de 1977 y de 25 de mayo de 1982). Revisión 3, comprende la Serie 04 de Enmiendas propuestas por Italia, entrada en vigor el 28 de enero de 1990 (el texto refundido que ahora se publica revisado incluye también las Enmiendas habidas hasta la fecha)."
1993-10-11,243,1,BOE-A-1993-24537,MINISTERIO DE ASUNTOS EXTERIORES,estatal,Tratado o acuerdo internacional,28771,28771,Reglamento número 18 sobre prescripciones uniformes relativas a la homologación de los vehículos de motor en lo que respecta a su protección contra la utilización no autorizada. Anejo al Acuerdo de Ginebra de 20 de marzo de 1958 relativo al cumplimiento de condiciones uniformes de homologación y reconocimiento recíproco de la homologación de equipos y piezas de vehículos de motor (publicado en el «Boletín Oficial del Estado» de 22 de junio de 1983). Revisión 1. Rectificación 1 a la Serie 01 de Enmiendas que entró en vigor el 24 de noviembre de 1980.
1993-10-11,243,1,BOE-A-1993-24538,MINISTERIO DE ASUNTOS EXTERIORES,estatal,Tratado o acuerdo internacional,28772,28772,"Reglamento número 21 sobre prescripciones uniformes relativas a la homologación de vehículos en lo que concierne a su acondicionamiento interior. Anejo al Acuerdo de Ginebra de 20 de marzo de 1958 sobre condiciones uniformes de homologación y reconocimiento recíproco de homologación para equipos y piezas de vehículos de motor (publicado en el «Boletín Oficial del Estado» de 10 de septiembre de 1978, de 10 de octubre de 1983 y de 6 de junio de 1984). Revisión 1-Enmienda 1 (Suplemento 1 a la Serie 01 de Enmiendas). Revisión 1-Enmienda 1, rectificación 1. Revisión 1, rectificación 1 (Suplemento 1 a la Serie 01 de Enmiendas)."
1993-10-11,243,1,BOE-A-1993-24539,MINISTERIO DE ASUNTOS EXTERIORES,estatal,Tratado o acuerdo internacional,28772,28773,"Reglamento número 23 sobre prescripciones uniformes relativas a la homologación de los proyectores de marcha atrás para vehículos automóviles y sus remolques. Anejo al Acuerdo de Ginebra de 20 de marzo de 1958, sobre condiciones uniformes, de homologación y reconocimiento recíproco de homologación para equipos y piezas de vehículos de motor (publicado en el «Boletín Oficial del Estado» de 19 de septiembre de 1983). Enmienda 2, Suplemento 2, propuesta por los Países Bajos, entrada en vigor el 28 de febrero de 1989."
1993-10-11,243,1,BOE-A-1993-24540,MINISTERIO DE ASUNTOS EXTERIORES,estatal,Tratado o acuerdo internacional,28774,28785,"Reglamento número 25 sobre prescripciones uniformes relativas a la homologación de reposacabezas, incorporados o no a los asientos del vehículo. Anejo al Acuerdo de Ginebra de 20 de marzo de 1958 sobre condiciones uniformes de homologación y reconocimiento recíproco de homologación para equipos y piezas de vehículos de motor (publicado en el «Boletín Oficial del Estado» de 13 de julio de 1984). Revisión 1. Comprende la Serie 03 de Enmiendas propuestas por Italia con entrada en vigor el 20 de noviembre de 1989 (el texto refundido que ahora se publica revisado incluye también las Enmiendas habidas hasta la fecha)."
1993-10-11,243,1,BOE-A-1993-24541,MINISTERIO DE ASUNTOS EXTERIORES,estatal,Tratado o acuerdo internacional,28785,28785,"Reglamento número 26 sobre prescripciones uniformes relativas a la homologación de vehículos, en lo que concierne a sus salientes exteriores. Anejo al Acuerdo de Ginebra de 20 de marzo de 1958, sobre condiciones uniformes de homologación y reconocimiento recíproco de homologación para equipos y piezas de vehículos de motor (publicado en el «Boletín Oficial del Estado» de 14 de enero de 1984). Rectificación 1."
1993-10-11,243,1,BOE-A-1993-24542,MINISTERIO DE ASUNTOS EXTERIORES,estatal,Tratado o acuerdo internacional,28786,28791,"Reglamento número 27 sobre prescripciones uniformes relativas a la homologación de los triángulos de preseñalización. Anejo al Acuerdo de Ginebra de 20 de marzo de 1958 sobre condiciones uniformes de homologación, y reconocimiento recíproco de homologación para equipos y piezas de vehículos de motor (publicado en el «Boletín Oficial del Estado» de 25 de noviembre de 1974 y de 16 de marzo de 1984). Enmienda 3 a la Serie 03 de Enmiendas propuestas por los Países Bajos, entrada en vigor el 3 de marzo de 1985."
1993-10-11,243,1,BOE-A-1993-24543,MINISTERIO DE ASUNTOS EXTERIORES,estatal,Tratado o acuerdo internacional,28791,28792,"Reglamento número 38 sobre prescripciones uniformes relativas a la homologación de las luces antiniebla traseras para los vehículos de motor y sus remolques. Anejo al Acuerdo de Ginebra de 20 de marzo de 1958, relativo al cumplimiento de condiciones uniformes de homologación y reconocimiento recíproco de la homologación de equipos y piezas de vehículos de motor (publicado en el «Boletín Oficial del Estado» de 26 de mayo de 1982). Enmienda 1. Suplemento 1 al presente Reglamento en su forma original (no implica cambio en el número de la homologación)."
1993-10-12,244,1,BOE-A-1993-24613,MINISTERIO DE ASUNTOS EXTERIORES,estatal,Tratado o acuerdo internacional,28814,28857,"Reglamento número 43 sobre prescripciones uniformes para la homologación de los vidrios de seguridad y de los materiales para acristalamiento, anejo al Acuerdo de Ginebra de 20 de marzo de 1958, sobre condiciones uniformes de homologación y reconocimiento recíproco de homologación para equipos y piezas de vehículos de motor (publicado en el «Boletín Oficial del Estado» de 15 de febrero de 1984). Suplemento 2 propuesto por Francia, entrada en vigor el 4 de abril de 1986. Revisión 1, suplemento 3 a la Serie 00 propuesta por Francia, entrada en vigor el 31 de marzo de 1987."
1993-10-12,244,1,BOE-A-1993-24614,MINISTERIO DE ASUNTOS EXTERIORES,estatal,Tratado o acuerdo internacional,28858,28860,"Reglamento número 51 sobre prescripciones uniformes relativas a la homologación de los automóviles de un mínimo de cuatro ruedas en lo que respecta al ruido, anejo al Acuerdo de Ginebra, de 20 de marzo de 1958, sobre condiciones uniformes de homologación y reconocimiento recíproco de homologación para equipos y piezas de vehículos de motor (publicado en el «Boletín Oficial del Estado» de 22 de julio de 1983 y de 2 de abril de 1985). Enmienda 2 a la Serie 01 de Enmiendas propuestas por Italia, entrada en vigor el 27 de abril de 1988."
1993-10-12,244,1,BOE-A-1993-24615,MINISTERIO DE ASUNTOS EXTERIORES,estatal,Tratado o acuerdo internacional,28860,28861,"Reglamento número 36 sobre prescripciones uniformes relativas a las características de construcción de los vehículos de transporte público de personas, anejo al Acuerdo de Ginebra de 20 de marzo de 1958 sobre condiciones uniformes de homologación y reconocimiento recíproco de homologación para equipos y piezas de vehículos de motor (publicado en el «Boletín Oficial del Estado» de 9 de septiembre de 1978 y 6 de abril de 1983). Enmienda 2 a la serie 02 de enmiendas propuestas por el Reino Unido de Gran Bretaña e Irlanda del Norte, entrada en vigor el 7 de septiembre de 1986."
1993-10-12,244,1,BOE-A-1993-24616,MINISTERIO DE EDUCACIÓN Y CIENCIA,estatal,Orden,28862,28864,"Orden de 29 de septiembre de 1993 por la que se establecen las normas generales de procedimiento a que deben atenerse las convocatorias específicas de concurso para provisión de puestos de trabajo en Centros públicos de Educación Infantil, Preescolar, Educación Primaria y Educación General Básica."
1993-10-12,244,1,BOE-A-1993-24617,MINISTERIO DE EDUCACIÓN Y CIENCIA,estatal,Orden,28864,28864,"Orden de 30 de septiembre de 1993 por la que se modifica parcialmente la de 24 de noviembre de 1992, reguladora de los comedores escolares."
1993-10-12,244,1,BOE-A-1993-24618,MINISTERIO DE EDUCACIÓN Y CIENCIA,estatal,Orden,28864,28865,Orden de 30 de septiembre de 1993 por la que se regula el nombramiento de Profesores interinos a tiempo parcial.
1993-10-12,244,1,BOE-A-1993-24619,MINISTERIO DE EDUCACIÓN Y CIENCIA,estatal,Orden,28865,28867,Orden de 5 de octubre de 1993 por la que se dictan normas para la elección y constitución de los órganos de gobierno de los Centros públicos de Enseñanzas Artísticas y Escuelas Oficiales de Idiomas.
1993-10-12,244,1,BOE-A-1993-24620,MINISTERIO DE EDUCACIÓN Y CIENCIA,estatal,Orden,28868,28870,"Orden de 5 de octubre de 1993 por la que se regula la elección de los Consejos Escolares y órganos unipersonales de gobierno de los Centros públicos de Educación Infantil, Educación Primaria y Educación Secundaria."
1993-10-12,244,1,BOE-A-1993-24621,"MINISTERIO DE AGRICULTURA, PESCA Y ALIMENTACIÓN",estatal,Real Decreto,28871,28871,"Real Decreto 1396/1993, de 4 de agosto, por el que se modifica el Real Decreto 1254/1990, de 11 de octubre, por el que se regula la utilización de nombres geográficos protegidos por denominaciones de origen, genéricas y específicas en productos agroalimentarios."
1993-10-13,245,1,BOE-A-1993-24709,JEFATURA DEL ESTADO,estatal,Otras,28910,28911,"Instrumento de Ratificación del Acuerdo Marco de Cooperación Científica y Técnica entre el Reino de España y la República de Túnez, firmado «ad referéndum» en Madrid el 28 de mayo de 1991."
1993-10-13,245,1,BOE-A-1993-24710,"MINISTERIO DE OBRAS PÚBLICAS, TRANSPORTES Y MEDIO AMBIENTE",estatal,Resolución,28911,28912,"Resolución de 7 de octubre de 1993, de la Secretaría General de Comunicaciones, por la que se dispone la publicación del Acuerdo del Consejo de Ministros por el que se resuelve el concurso para la adjudicación del servicio público de televisión por satélite para la emisión de programas con cobertura nacional o comunitaria."
1993-10-13,245,1,BOE-A-1993-24711,MINISTERIO DE EDUCACIÓN Y CIENCIA,estatal,Orden,28912,28914,Orden de 5 de octubre de 1993 por la que se establece el currículo de «Religión Católica» en el Bachillerato.
1993-10-13,245,1,BOE-A-1993-24712,COMUNIDAD AUTÓNOMA DE CANTABRIA,autonómico,Ley,28914,28915,"Ley 6/1993, de 2 de septiembre, de Finanzas de la Diputación Regional de Cantabria."
1993-10-14,246,1,BOE-A-1993-24768,JEFATURA DEL ESTADO,estatal,Corrección,29000,29000,"Corrección de errores del Real Decreto-ley 16/1993, de 1 de octubre, por el que se concede al Ministerio de Trabajo y Seguridad Social un crédito extraordinario por importe de 237.458.944.063 pesetas para atender insuficiencias producidas durante 1992, en materia de gestión de prestaciones de desempleo, y un suplemento de crédito, por importe de 21.907.000.000 de pesetas, para completar las aportaciones del Estado a la Seguridad Social, con destino a pensiones no contributivas."
1993-10-14,246,1,BOE-A-1993-24769,TRIBUNAL CONSTITUCIONAL,estatal,Resolución judicial,29000,29000,"Conflicto positivo de competencia número 2836/1993, planteado por el Consejo Ejecutivo de la Generalidad de Cataluña, en relación con una Orden del Ministerio de Obras Públicas y Transportes de 22 de marzo de 1993."
1993-10-14,246,1,BOE-A-1993-24770,"MINISTERIO DE OBRAS PÚBLICAS, TRANSPORTES Y MEDIO AMBIENTE",estatal,Orden,29000,29001,Orden de 30 de septiembre de 1993 por la que se establecen normas especiales para determinados transportes combinados de mercancías entre Estados miembros de la CEE.
1993-10-14,246,1,BOE-A-1993-24771,"MINISTERIO DE AGRICULTURA, PESCA Y ALIMENTACIÓN",estatal,Orden,29002,29002,"Orden de 6 de octubre de 1993, sobre el procedimiento para las solicitudes de registro de certificaciones de características específicas de los productos agrícolas y alimenticios, a los efectos del Reglamento (CEE) 2082/92, del Consejo, de 14 de julio de 1992, relativo a la certificación de las características específicas de los productos agrícolas y alimenticios."
1993-10-14,246,1,BOE-A-1993-24772,MINISTERIO DE COMERCIO Y TURISMO,estatal,Resolución,29002,29003,"Resolución de 5 de octubre de 1993, de la Secretaría de Estado de Comercio, por la que se suspende la Resolución de 26 de julio de 1993 relativa a los intercambios comerciales de exportación con Haití."
1993-10-15,247,1,BOE-A-1993-24877,CORTES GENERALES,estatal,Otras,29127,29127,"Reforma del artículo 51 del Reglamento del Senado, de 26 de mayo de 1982, aprobada el día 6 de octubre de 1993."
1993-10-15,247,1,BOE-A-1993-24878,MINISTERIO DE INDUSTRIA Y ENERGÍA,estatal,Resolución,29127,29127,"Resolución de 14 de octubre de 1993, de la Dirección General de la Energía, por la que se publican los precios máximos de venta al público de los gases licuados de petróleo a granel, aplicables en el ámbito de la península e islas Baleares, a partir del día 19 de octubre de 1993."
1993-10-15,247,1,BOE-A-1993-24879,MINISTERIO DE INDUSTRIA Y ENERGÍA,estatal,Resolución,29128,29128,"Resolución de 14 de octubre de 1993, de la Dirección General de la Energía, por la que se publican los precios máximos de venta al público de gasolinas y gasóleos, Impuesto General Indirecto Canario excluido, aplicables en el ámbito de la Comunidad Autónoma de Canarias a partir del día 16 de octubre de 1993."
1993-10-15,247,1,BOE-A-1993-24880,MINISTERIO DE INDUSTRIA Y ENERGÍA,estatal,Resolución,29128,29128,"Resolución de 14 de octubre de 1993, de la Dirección General de la Energía, por la que se publican los precios máximos de venta al público de gasolinas y gasóleos, aplicables en el ámbito de la península e islas Baleares a partir del día 16 de octubre de 1993."
1993-10-15,247,1,BOE-A-1993-24881,"MINISTERIO DE AGRICULTURA, PESCA Y ALIMENTACIÓN",estatal,Orden,29128,29131,"Orden de 4 de octubre de 1993 por la que se establecen, respecto a la madera de coníferas tratada térmicamente originaria de Canadá, excepciones temporales a ciertas disposiciones de la Orden de 12 de marzo de 1987, para Península y Baleares, por la que se establecen normas fitosanitarias relativas a la importación, exportación y tránsito de vegetales y productos vegetales en aplicación de la Directiva 77/93/CEE y sus modificaciones."
1993-10-15,247,1,BOE-A-1993-24882,"MINISTERIO DE AGRICULTURA, PESCA Y ALIMENTACIÓN",estatal,Orden,29132,29135,"Orden de 4 de octubre de 1993 por la que se establecen, respecto a la madera de coníferas secada en horno originaria de Canadá y Estados Unidos, excepciones temporales a ciertas disposiciones de la Orden de 12 de marzo de 1987, para Península y Baleares, por la que se establecen normas fitosanitarias relativas a la importación, exportación y tránsito de vegetales y productos vegetales en aplicación de la Directiva 77/93/CEE y sus modificaciones."
1993-10-16,248,1,BOE-A-1993-24978,MINISTERIO DE ECONOMÍA Y HACIENDA,estatal,Corrección,29255,29255,"Corrección de errores de la Orden de 24 de septiembre de 1993, sobre fondos y Sociedades de inversión inmobiliaria."
1993-10-19,250,1,BOE-A-1993-25244,MINISTERIO DE ASUNTOS EXTERIORES,estatal,Tratado o acuerdo internacional,29416,29431,"Reglamento número 36 sobre prescripciones uniformes relativas a las características de construcción de los vehículos de transporte público de personas, anejo al acuerdo de Ginebra de 20 de marzo de 1958 sobre condiciones uniformes de homologación y reconocimiento recíproco de homologación para equipos y piezas de vehículos de motor (publicado en el «Boletín Oficial del Estado» de 9 de septiembre de 1978 y 6 de abril de 1983). Serie 03 de enmiendas propuestas por España, entrada en vigor el 14 de diciembre de 1992."
1993-10-19,250,1,BOE-A-1993-25245,MINISTERIO DE INDUSTRIA Y ENERGÍA,estatal,Real Decreto,29431,29432,"Real Decreto 1634/1993, de 17 de septiembre, por el que se modifica el apartado 1.2 del artículo 28 del Reglamento para la aplicación de la Ley 21/1974, de 27 de junio, sobre Investigación y Explotación de Hidrocarburos."
1993-10-19,250,1,BOE-A-1993-25246,MINISTERIO PARA LAS ADMINISTRACIONES PÚBLICAS,estatal,Corrección,29432,29433,"Corrección de errores de la Orden de 28 de septiembre de 1993 por la que se crea en el Consejo Superior de Informática, con carácter de comisión nacional, el Grupo de Usuarios de Telecomunicaciones en la Administración y se regulan su composición y funciones."
1993-10-19,250,1,BOE-A-1993-25247,COMUNIDAD AUTÓNOMA DE LA RIOJA,autonómico,Ley,29433,29441,"Ley 3/1993, de 22 de septiembre, de Régimen Local de La Rioja."
1993-10-20,251,1,BOE-A-1993-25359,MINISTERIO DE ECONOMÍA Y HACIENDA,estatal,Real Decreto Legislativo,29545,29557,"Real Decreto Legislativo 1/1993, de 24 de septiembre, por el que se aprueba el Texto refundido de la Ley del Impuesto sobre Transmisiones Patrimoniales y Actos Jurídicos Documentados."
1993-10-20,251,1,BOE-A-1993-25360,MINISTERIO DE EDUCACIÓN Y CIENCIA,estatal,Real Decreto,29558,29559,"Real Decreto 1670/1993, de 24 de septiembre, por el que se establece el título universitario oficial de Licenciado en Ciencias de la Actividad Física y del Deporte y las directrices generales propias de los planes de estudios conducente a la obtención del mismo."
1993-10-20,251,1,BOE-A-1993-25361,MINISTERIO DE LA PRESIDENCIA,estatal,Orden,29560,29560,"Orden de 15 de octubre de 1993 por la que se aprueban los trazadores y marcadores que deben incorporarse a determinados hidrocarburos para la aplicación de los tipos reducidos establecidos en la Ley 38/1992, de 28 de diciembre, de Impuestos Especiales."
1993-10-20,251,1,BOE-A-1993-25362,MINISTERIO DE LA PRESIDENCIA,estatal,Resolución,29560,29561,"Resolución de 19 de octubre de 1993, de la Subsecretaría, por la que se dispone la publicación del Acuerdo del Consejo de Ministros, de 4 de agosto de 1993, por el que se constituye la Unidad Especial para el Estudio y Propuesta de Medidas para la Prevención y Corrección del Fraude."
1993-10-20,251,1,BOE-A-1993-25363,MINISTERIO PARA LAS ADMINISTRACIONES PÚBLICAS,estatal,Real Decreto,29561,29564,"Real Decreto 1816/1993, de 18 de octubre, por el que se modifican determinados artículos del Real Decreto 565/1985, de 24 de abril, por el que se establece la estructura orgánica básica del Ministerio de Cultura y de sus Organismos autónomos."
1993-10-21,252,1,BOE-A-1993-25502,MINISTERIO DE JUSTICIA,estatal,Real Decreto,29671,29671,"Real Decreto 1767/1993, de 8 de octubre, por el que se da nueva redacción al artículo 251 del Reglamento Penitenciario."
1993-10-21,252,1,BOE-A-1993-25503,MINISTERIO DE DEFENSA,estatal,Orden,29671,29675,"Orden 98/1993, de 11 de octubre, por la que se reorganiza el Consejo Superior de Educación Física y Deportes de las Fuerzas Armadas."
1993-10-21,252,1,BOE-A-1993-25504,COMUNIDAD AUTÓNOMA DE MADRID,autonómico,Decreto,29675,29677,"Decreto 76/1993, de 26 de agosto, por el que se aprueba el Reglamento del procedimiento para la concesión de ayudas y subvenciones públicas."
1993-10-21,252,1,BOE-A-1993-25505,COMUNIDAD AUTÓNOMA DE MADRID,autonómico,Decreto,29677,29680,"Decreto 77/1993, de 26 de agosto, por el que se aprueba el Reglamento para el ejercicio de la potestad sancionadora por la Administración Pública de la Comunidad de Madrid."
1993-10-22,253,1,BOE-A-1993-25609,MINISTERIO DE DEFENSA,estatal,Corrección,29845,29845,"Corrección de errores del Real Decreto 1107/1993, de 9 de julio, por el que se aprueba el Reglamento de Reclutamiento."
1993-10-22,253,1,BOE-A-1993-25610,MINISTERIO DE EDUCACIÓN Y CIENCIA,estatal,Orden,29845,29845,Orden de 11 de octubre de 1993 por la que se regulan las condiciones de impartición de Formación Profesional e Idiomas en la modalidad a Distancia por parte de los funcionarios de carrera de Cuerpos Docentes.
1993-10-22,253,1,BOE-A-1993-25611,MINISTERIO DE EDUCACIÓN Y CIENCIA,estatal,Corrección,29846,29846,"Corrección de errores de la Orden de 30 de septiembre de 1993, por la que se modifica parcialmente la de 24 de noviembre de 1992, reguladora de los comedores escolares."
1993-10-22,253,1,BOE-A-1993-25612,MINISTERIO DE INDUSTRIA Y ENERGÍA,estatal,Resolución,29846,29846,"Resolución de 20 de octubre de 1993, de la Dirección General de la Energía, por la que se publican los precios máximos de venta al público de gasolinas y gasóleos, Impuesto General Indirecto Canario excluido, aplicables en el ámbito de la Comunidad Autónoma de Canarias a partir del día 23 de octubre de 1993."
1993-10-22,253,1,BOE-A-1993-25613,MINISTERIO DE INDUSTRIA Y ENERGÍA,estatal,Resolución,29846,29847,"Resolución de 20 de octubre de 1993, de la Dirección General de la Energía, por la que se publican los precios máximos de venta al público de gasolinas y gasóleos, aplicables en el ámbito de la península e islas Baleares a partir del día 23 de octubre de 1993."
1993-10-22,253,1,BOE-A-1993-25614,MINISTERIO DE INDUSTRIA Y ENERGÍA,estatal,Resolución,29847,29847,"Resolución de 21 de octubre de 1993, de la Dirección General de la Energía, por la que se hacen públicos los nuevos precios máximos de venta de gas natural para usos industriales."
1993-10-25,255,1,BOE-A-1993-25758,MINISTERIO DE ASUNTOS EXTERIORES,estatal,Resolución,30015,30028,"Resolución de 30 de septiembre de 1993, de la Secretaría General Técnica, sobre aplicación del artículo 32 del Decreto 801/1972, relativo a la ordenación de la actividad de la Administración del Estado en materia de Tratados Internacionales."
1993-10-26,256,1,BOE-A-1993-25899,MINISTERIO DE ASUNTOS EXTERIORES,estatal,Corrección,30094,30095,"Corrección de errores del Convenio Aduanero relativo al transporte internacional de mercancías al amparo de los cuadernos TIR, hecho en Ginebra el 14 de noviembre de 1975, enmiendas propuestas por Suecia a los anejos 2 y 7 (publicados en el «Boletín Oficial del Estado» de 9 de febrero de 1983) y puestas en circulación por el Secretario general de las Naciones Unidas el 21 de enero de 1992 (publicado en el «Boletín Oficial del Estado» número 133, de fecha 4 de junio de 1993)."
1993-10-26,256,1,BOE-A-1993-25900,MINISTERIO DE ECONOMÍA Y HACIENDA,estatal,Instrucción o circular,30096,30097,"Circular 9/1993, de 19 de octubre, del Departamento de Aduanas e Impuestos Especiales de la Agencia Estatal de Administración Tributaria por la que se modifica parcialmente la Circular 4/1993 del mismo Departamento, de 23 de abril, sobre cumplimentación de los documentos de acompañamiento que amparan la circulación de productos objeto de los impuestos especiales de fabricación."
1993-10-26,256,1,BOE-A-1993-25901,MINISTERIO DE INDUSTRIA Y ENERGÍA,estatal,Orden,30097,30109,"Orden de 15 de octubre de 1993 por la que se actualizan los anexos I y II de las normas para la aplicación de determinadas directivas de la CEE, relativas a la homologación de tipos de vehículos automóviles, remolques y semirremolques, así como de partes y piezas de dichos vehículos."
1993-10-27,257,1,BOE-A-1993-25970,TRIBUNAL CONSTITUCIONAL,estatal,Resolución judicial,30223,30223,"Conflicto positivo de competencia número 274/1988, planteado por el Consejo Ejecutivo de la Generalidad de Cataluña, en relación con el Avance del Plan de Ordenación de la Playa de los Eucaliptus de Amposta."
1993-10-27,257,1,BOE-A-1993-25971,MINISTERIO DE ASUNTOS EXTERIORES,estatal,Orden,30223,30223,Orden de 13 de octubre de 1993 por la que se crea una Oficina Consular Honoraria en Gaborone (Botswana).
1993-10-27,257,1,BOE-A-1993-25972,MINISTERIO DE ASUNTOS EXTERIORES,estatal,Orden,30223,30223,Orden de 13 de octubre de 1993 por la que se crea una Oficina Consular Honoraria en Barinas (Venezuela).
1993-10-27,257,1,BOE-A-1993-25973,MINISTERIO DE EDUCACIÓN Y CIENCIA,estatal,Real Decreto,30223,30236,"Real Decreto 1630/1993, de 17 de septiembre, por el que se reconoce efectos civiles a los estudios conducentes a la obtención del título de Diplomado en Fisioterapia en la Escuela Universitaria de Enfermería ""San Juan de Dios"", de la Universidad Pontificia de ""Comillas"", de Madrid."
1993-10-27,257,1,BOE-A-1993-25974,MINISTERIO DE EDUCACIÓN Y CIENCIA,estatal,Real Decreto,30237,30298,"Real Decreto 1631/1993, de 17 de septiembre, por el que se reconoce efectos civiles a los estudios conducentes a la obtención de diversos títulos universitarios oficiales de la Universidad de la Iglesia de Deusto."
1993-10-27,257,1,BOE-A-1993-25975,MINISTERIO DE EDUCACIÓN Y CIENCIA,estatal,Real Decreto,30299,30328,"Real Decreto 1632/1993, de 17 de septiembre, por el que se reconoce efectos civiles a los estudios conducentes a la obtención de los títulos de Diplomado en Educación Social y en Logopedia, de la Facultad de Ciencias Humanas y Sociales de la Universidad Pontificia de Salamanca."
1993-10-27,257,1,BOE-A-1993-25976,MINISTERIO DE EDUCACIÓN Y CIENCIA,estatal,Real Decreto,30329,30330,"Real Decreto 1633/1993, de 17 de septiembre, por el que se homologa el título de Licenciado en Ciencias Económicas y Empresariales (Sección de Empresariales), de la Facultad de Ciencias Económicas y Empresariales (Sección de Empresariales), adscrita a la Universidad de Córdoba."
1993-10-27,257,1,BOE-A-1993-25977,"MINISTERIO DE AGRICULTURA, PESCA Y ALIMENTACIÓN",estatal,Orden,30330,30333,"Orden de 4 de octubre de 1993 por la que se establecen, respecto a la madera de Thuja originaria de Estados Unidos de América y de Canadá, excepciones temporales a ciertas disposiciones de la Orden de 12 de marzo de 1987, para Península y Baleares, por la que se establecen normas fitosanitarias relativas a la importación, exportación y tránsito de vegetales y productos vegetales en aplicación de la Directiva 77/93/CEE y sus modificaciones."
1993-10-27,257,1,BOE-A-1993-25978,MINISTERIO PARA LAS ADMINISTRACIONES PÚBLICAS,estatal,Corrección,30334,30334,"Corrección de errores del Real Decreto 1486/1993, de 3 de septiembre, por el que se determina la estructura orgánica básica del Ministerio de la Presidencia."
1993-10-29,259,1,BOE-A-1993-26133,MINISTERIO DE ECONOMÍA Y HACIENDA,estatal,Orden,30486,30486,Orden de 22 de octubre de 1993 por la que se determinan los representantes de la Administración General del Estado en el Comité Interterritorial de Estadística.
1993-10-29,259,1,BOE-A-1993-26134,MINISTERIO DE INDUSTRIA Y ENERGÍA,estatal,Resolución,30486,30486,"Resolución de 27 de octubre de 1993, de la Dirección General de la Energía, por la que se publican los precios máximos de venta al público de gasolinas y gasóleos, Impuesto General Indirecto Canario excluido, aplicables en el ámbito de la Comunidad Autónoma de Canarias a partir del día 30 de octubre de 1993."
1993-10-29,259,1,BOE-A-1993-26135,MINISTERIO DE INDUSTRIA Y ENERGÍA,estatal,Resolución,30487,30487,"Resolución de 27 de octubre de 1993, de la Dirección General de la Energía, por la que se publican los precios máximos de venta al público de gasolinas y gasóleos, aplicables en el ámbito de la península e islas Baleares a partir del día 30 de octubre de 1993."
1993-10-30,260,1,BOE-A-1993-26205,MINISTERIO DE ECONOMÍA Y HACIENDA,estatal,Resolución,30581,30582,"Resolución de 29 de octubre de 1993, de la Delegación del Gobierno en el Monopolio de Tabacos, por la que se publican los precios de venta al público de determinadas labores de tabaco en el area del Monopolio."
1993-10-30,260,1,BOE-A-1993-26206,"MINISTERIO DE AGRICULTURA, PESCA Y ALIMENTACIÓN",estatal,Orden,30582,30582,Orden de 29 de octubre de 1993 por la que se modifica la de 30 de julio por la que se instrumenta un plan de abandono nacional voluntario y definitivo de la producción lechera.
1993-10-30,260,1,BOE-A-1993-26207,"MINISTERIO DE AGRICULTURA, PESCA Y ALIMENTACIÓN",estatal,Orden,30582,30582,Orden de 29 de octubre de 1993 por la que se modifica la de 9 de septiembre por la que se establecen normas para la cesión temporal de cantidades de referencia individuales de leche de vaca de entregas a compradores.
1993-10-30,260,1,BOE-A-1993-26208,MINISTERIO DE COMERCIO Y TURISMO,estatal,Orden,30582,30584,Orden de 18 de octubre de 1993 por la que se constituye la Comisión de Informática del Ministerio de Comercio y Turismo.
1993-11-02,262,1,BOE-A-1993-26323,COMUNIDAD AUTÓNOMA DE CASTILLA-LA MANCHA,autonómico,Ley,30647,30662,"Ley 2/1993, de 15 de julio, de Caza de Castilla-La Mancha."
1993-11-03,263,1,BOE-A-1993-26427,CORTES GENERALES,estatal,Resolución,30726,30726,"Resolución de 28 de octubre de 1993, del Congreso de los Diputados, por la que se ordena la publicación del acuerdo de convalidación del Real Decreto-ley 16/1993, de 1 de octubre, por el que se concede al Ministerio de Trabajo y Seguridad Social un crédito extraordinario por importe de 237.458.944.063 pesetas, para atender insuficiencias producidas durante 1992. en materia de gestión de desempleo, y un suplemento de crédito, por importe de 21.907.000.000 de pesetas. para completar las aportaciones del Estado a la Seguridad Social con destino a pensiones no contributivas."
1993-11-03,263,1,BOE-A-1993-26428,COMUNIDAD AUTÓNOMA DE CATALUÑA,autonómico,Ley,30726,30736,"Ley 7/1993, de 30 de septiembre, de Carreteras."
1993-11-03,263,1,BOE-A-1993-26429,COMUNIDAD AUTÓNOMA DE CATALUÑA,autonómico,Ley,30736,30741,"Ley 8/1993, de 30 de septiembre, de modificación de la compilación en materia de relaciones patrimoniales entre cónyuges."
1993-11-04,264,1,BOE-A-1993-26496,JEFATURA DEL ESTADO,estatal,Corrección,30974,30974,"Corrección de erratas del Instrumento de Ratificación del Acuerdo Marco de Cooperación Científica y Técnica entre el Reino de España y la República de Túnez, firmado «ad referendum» en Madrid el 28 de mayo de 1991."
1993-11-04,264,1,BOE-A-1993-26497,COMUNIDAD AUTÓNOMA DE CATALUÑA,autonómico,Ley,30974,30987,"Ley 9/1993, de 30 de septiembre, del Patrimonio Cultural Catalán."
1993-11-05,265,1,BOE-A-1993-26568,TRIBUNAL CONSTITUCIONAL,estatal,Resolución judicial,31072,31072,Cuestión de inconstitucionalidad número 2305/1993.
1993-11-05,265,1,BOE-A-1993-26569,MINISTERIO DE INDUSTRIA Y ENERGÍA,estatal,Resolución,31072,31072,"Resolución de 3 de noviembre de 1993, de la Dirección General de la Energía, por la que se publican los precios máximos de venta al público de gasolinas y gasóleos, aplicables en el ámbito de la península e islas Baleares a partir del día 6 de noviembre de 1993."
1993-11-05,265,1,BOE-A-1993-26570,MINISTERIO DE INDUSTRIA Y ENERGÍA,estatal,Resolución,31072,31073,"Resolución de 3 de noviembre de 1993, de la Dirección General de la Energía, por la que se publican los precios máximos de venta al público de gasolinas y gasóleos, Impuesto General Indirecto Canario excluido, aplicables en el ámbito de la Comunidad Autónoma de Canarias a partir del día 6 de noviembre de 1993."
1993-11-05,265,1,BOE-A-1993-26571,MINISTERIO DE INDUSTRIA Y ENERGÍA,estatal,Resolución,31073,31073,"Resolución de 4 de noviembre de 1993, de la Dirección General de la Energía, por la que se hacen públicos los nuevos precios máximos de venta de gas natural para usos industriales."
1993-11-05,265,1,BOE-A-1993-26572,"MINISTERIO DE AGRICULTURA, PESCA Y ALIMENTACIÓN",estatal,Orden,31073,31076,Orden de 26 de octubre de 1993 sobre utilización de lodos de depuración en el sector agrario.
1993-11-06,266,1,BOE-A-1993-26682,MINISTERIO DE ASUNTOS EXTERIORES,estatal,Otras,31309,31309,"Suspensión temporal de la extensión para Granada del Acuerdo hispano-británico de 13 de mayo de 1960, sobre supresión de visados."
1993-11-06,266,1,BOE-A-1993-26683,MINISTERIO DE DEFENSA,estatal,Real Decreto,31309,31309,"Real Decreto 1941/1993, de 5 de noviembre, por el que se determina la cuantía de los efectivos del reemplazo de 1994."
1993-11-06,266,1,BOE-A-1993-26684,MINISTERIO DE EDUCACIÓN Y CIENCIA,estatal,Real Decreto,31309,31310,"Real Decreto 1815/1993, de 18 de octubre, por el que se regula la composición del Consejo Escolar y de la Junta Electoral en los conservatorios superiores que impartan, únicamente, el grado superior."
1993-11-06,266,1,BOE-A-1993-26685,MINISTERIO DE LA PRESIDENCIA,estatal,Real Decreto,31310,31312,"Real Decreto 1768/1993, de 8 de octubre, por el que se aprueba la Reglamentación técnico-sanitaria específica de preparados para lactantes y preparados de continuación destinados a la exportación a países terceros."
1993-11-06,266,1,BOE-A-1993-26686,MINISTERIO DE LA PRESIDENCIA,estatal,Real Decreto,31312,31321,"Real Decreto 1769/1993, de 8 de octubre, por el que se modifica el Real Decreto 211/1992, de 6 de marzo, por el que se aprueba la lista de sustancias permitidas para la fabricación de materiales y objetos plásticos destinados a entrar en contacto con los alimentos y se regulan determinadas condiciones de ensayo."
1993-11-09,268,1,BOE-A-1993-26817,MINISTERIO DE JUSTICIA,estatal,Real Decreto,31510,31514,"Real Decreto 1814/1993, de 18 de octubre, por el que se modifica la demarcación y capitalidad de determinados Registros de la Propiedad."
1993-11-09,268,1,BOE-A-1993-31403,MINISTERIO DE ECONOMÍA Y HACIENDA,estatal,Orden,31514,31515,"Orden de 26 de octubre de 1993 por la que se regulan las operaciones de cierre del ejercicio de 1992, en relación con la contabilidad de gastos públicos."
1993-11-09,268,1,BOE-A-1993-31404,MINISTERIO DE ECONOMÍA Y HACIENDA,estatal,Resolución,31515,31518,"Resolución de 2 de noviembre de 1993, del Departamento de Gestión Tributaria de la Agencia Estatal de Administración Tributaria, por la que se aprueban los modelos de certificación de retenciones a cuenta del Impuesto sobre la Renta de las Personasl Físicas correspondientes a rendimientos del trabajo, de actividades profesionales y premios y de notificación a los socios residentes de las imputaciones realizadas por las Sociedades en régimen de transparencia fiscal."
1993-11-10,269,1,BOE-A-1993-26844,COMUNIDAD AUTÓNOMA DE CATALUÑA,autonómico,Ley,31605,31607,"Ley 10/1993, de 8 de octubre, reguladora del acceso al entorno de las personas con disminución visual acompañadas de perros lazarillo."
1993-11-10,269,1,BOE-A-1993-26845,COMUNIDAD AUTÓNOMA DE LA REGIÓN DE MURCIA,autonómico,Ley,31607,31617,Ley 5/1992. de 22 de diciembre. de Presupuestos Generales de la Comunidad Autónoma de la Región de Murcia para 1993.
1993-11-11,270,1,BOE-A-1993-26954,MINISTERIO DE EDUCACIÓN Y CIENCIA,estatal,Orden,31687,31693,"Orden de 3 de noviembre de 1993 por la que se establece el currículo del área de «Religión Católica» en la Educación Infantil, y se le asigna un tiempo específico en la jornada escolar."
1993-11-11,270,1,BOE-A-1993-26955,MINISTERIO DE INDUSTRIA Y ENERGÍA,estatal,Orden,31693,31695,"Orden de 5 de noviembre de 1993 por la que se establece un sistema de precios máximos de venta, antes de impuestos, de los gases licuados del petróleo envasados y de automoción, en el ámbito de la península e islas Baleares y se modifica el sistema de precios máximos a granel en destino establecido por Orden de 8 de noviembre de 1991."
1993-11-11,270,1,BOE-A-1993-26956,MINISTERIO DE INDUSTRIA Y ENERGÍA,estatal,Orden,31695,31696,"Orden de 5 noviembre de 1993 por la que se establece un sistema de precios máximos de venta, antes de impuestos, de los gases licuados del petróleo por canalización, en el ámbito de la Península e islas Baleares."
1993-11-11,270,1,BOE-A-1993-26957,COMUNIDAD AUTÓNOMA DE MADRID,autonómico,Decreto,31696,31697,"Decreto 78/1993, de 26 de agosto, por el que se procede a la adaptación de los procedimientos en materia de gesión de personal a la Ley de Régimen Jurídico de las Administraciones Públicas y del Procedimiento Administrativo Común."
1993-11-12,271,1,BOE-A-1993-27049,MINISTERIO DE INDUSTRIA Y ENERGÍA,estatal,Resolución,31760,31760,"Resolución de 10 de noviembre de 1993, de la Dirección General de la Energía, por la que se publican los precios máximos de venta al público de gasolinas y gasóleos, Impuesto General Indirecto Canario excluido, aplicables en el ámbito de la Comunidad Autónoma de Canarias a partir del día 13 de noviembre de 1993."
1993-11-12,271,1,BOE-A-1993-27050,MINISTERIO DE INDUSTRIA Y ENERGÍA,estatal,Resolución,31760,31761,"Resolución de 10 de noviembre de 1993, de la Dirección General de la Energía, por la que se publican los precios máximos de venta al público de gasolinas y gasóleos, aplicables en el ámbito de la península e islas Baleares a partir del día 13 de noviembre de 1993."
1993-11-12,271,1,BOE-A-1993-27051,MINISTERIO DE INDUSTRIA Y ENERGÍA,estatal,Resolución,31761,31761,"Resolución de 11 de noviembre de 1993, de la Dirección General de la Energía, por la que se hacen públicos los nuevos precios máximos de venta, antes de impuestos, de los gases licuados del petróleo por canalización, en el ámbito de la Península e islas Baleares."
1993-11-12,271,1,BOE-A-1993-27052,MINISTERIO DE INDUSTRIA Y ENERGÍA,estatal,Resolución,31761,31762,"Resolución de 11 de noviembre de 1993, de la Dirección General de la Energía, por la que se hacen públicos los nuevos precios máximos de venta, antes de impuestos, de los gases licuados del petróleo envasados, a granel y de automoción, en el ámbito de la Península e islas Baleares."
1993-11-12,271,1,BOE-A-1993-27053,MINISTERIO DE LA PRESIDENCIA,estatal,Orden,31762,31763,Orden de 5 de noviembre de 1993 sobre despacho de aduanas de envíos que circulan por el correo cursados a través de las cabeceras de zona aduanera.
1993-11-12,271,1,BOE-A-1993-27054,COMUNIDAD AUTÓNOMA DE GALICIA,autonómico,Ley,31763,31766,"Ley 10/1993, de 15 de julio, de concesión de un crédito extraordinario para atender los gastos de las elecciones al Parlamento de Galicia."
1993-11-12,271,1,BOE-A-1993-27055,COMUNIDAD AUTÓNOMA DE GALICIA,autonómico,Ley,31766,31767,"Ley 11/1993, de 15 de julio, sobre el recurso de casación en materia de derecho civil especial en Galicia."
1993-11-12,271,1,BOE-A-1993-27056,COMUNIDAD AUTÓNOMA DE GALICIA,autonómico,Ley,31767,31772,"Ley 12/1993, de 6 de agosto, de Fomento de Investigación y de Desarrollo Tecnológico de Galicia."
1993-11-12,271,1,BOE-A-1993-27057,COMUNIDAD AUTÓNOMA DE CANTABRIA,autonómico,Ley,31772,31772,"Ley 7/1993, de 16 de septiembre, de concesión de aval a la Empresa «Sniace, Sociedad Anónima»."
1993-11-12,271,1,BOE-A-1993-27058,COMUNIDAD FORAL DE NAVARRA,autonómico,Ley,31773,31773,"Ley Foral 11/1993, de 8 de octubre, de modificación parcial de la Norma reguladora del Impuesto sobre Transmisiones Patrimoniales y Actos Jurídicos Documentados."
1993-11-12,271,1,BOE-A-1993-27059,COMUNIDAD AUTÓNOMA DE MADRID,autonómico,Decreto,31773,31777,"Decreto 74/1993, de 26 de agosto, por el que se establecen medidas de adecuación de los procedimientos administrativos en materia de autorizaciones a lo establecido en la Ley 30/1992, de 26 de noviembre, de Régimen Jurídico de las Administraciones Públicas y del Procedimiento Administrativo Común."
1993-11-12,271,1,BOE-A-1993-27060,COMUNIDAD AUTÓNOMA DE MADRID,autonómico,Decreto,31777,31779,"Decreto 75/1993, de 26 de agosto, por el que se adecuan determinados procedimientos a la Ley 30/1992, de 26 de noviembre, de Régimen Jurídico de las Administraciones Públicas y del Procedimiento Administrativo Común."
1993-11-13,272,1,BOE-A-1993-27222,MINISTERIO DE EDUCACIÓN Y CIENCIA,estatal,Orden,31966,31971,Orden de 2 de noviembre de 1993 por la que se establece el currículo del ciclo elemental del primer nivel de las enseñanzas especializadas de idiomas adaptado a la Educación a Distancia.
1993-11-13,272,1,BOE-A-1993-27223,MINISTERIO PARA LAS ADMINISTRACIONES PÚBLICAS,estatal,Real Decreto,31971,31971,"Real Decreto 1990/1993, de 12 de noviembre, por el que se crea la Misión Diplomática permanente de España en el Estado de Qatar."
1993-11-15,273,1,BOE-A-1993-27312,MINISTERIO DE DEFENSA,estatal,Orden,32109,32109,"Orden 104/1993, de 12 de noviembre, por la que se efectúa la distribución de efectivos del reemplazo de 1994."
1993-11-15,273,1,BOE-A-1993-27313,MINISTERIO DE TRABAJO Y SEGURIDAD SOCIAL,estatal,Resolución,32109,32111,"Resolución de 4 de noviembre de 1993, de la Dirección General de Trabajo, por la que se aprueba la publicación de las fiestas laborales para el año 1994."
1993-11-15,273,1,BOE-A-1993-27314,COMUNIDAD AUTÓNOMA VALENCIANA,autonómico,Ley,32111,32112,"Ley 2/1993, de 6 de octubre, de la Generalidad Valenciana, por la que se modifica la Ley de la Generalidad Valenciana 1/1990, de 22 de febrero, sobre Cajas de Ahorros."
1993-11-16,274,1,BOE-A-1993-27373,MINISTERIO DE ECONOMÍA Y HACIENDA,estatal,Orden,32157,32170,"Orden de 10 de noviembre de 1993 por la que se aprueban los modelos del Impuesto sobre el Valor Añadido 390, de declaración-resumen anual, y 341, de solicitud de reintegro de compensaciones en el régimen especial de la agricultura, ganadería y pesca."
1993-11-17,275,1,BOE-A-1993-27433,JEFATURA DEL ESTADO,estatal,Otras,32286,32287,"Convenio de Cooperación Cultural, Educativa y Deportiva entre el Reino de España y la República de Guatemala, firmado en Madrid el 11 de abril de 1989."
1993-11-17,275,1,BOE-A-1993-27434,"MINISTERIO DE OBRAS PÚBLICAS, TRANSPORTES Y MEDIO AMBIENTE",estatal,Resolución,32287,32287,"Resolución de 27 de octubre de 1993, de la Dirección General de Aviación Civil, por la que se modifica la Resolución de 7 de enero de 1991, de esta Dirección General, en la que se fijaban los requisitos relativos a los procedimientos de obtención de los diferentes. Títulos, Licencias y Habilitaciones de Piloto Civil."
1993-11-18,276,1,BOE-A-1993-27510,TRIBUNAL CONSTITUCIONAL,estatal,Resolución judicial,32463,32463,Cuestión de inconstitucionalidad número 3066/1993.
1993-11-18,276,1,BOE-A-1993-27511,TRIBUNAL CONSTITUCIONAL,estatal,Resolución judicial,32463,32463,Cuestión de inconstitucionalidad número 3123/1993.
1993-11-18,276,1,BOE-A-1993-27512,TRIBUNAL CONSTITUCIONAL,estatal,Resolución judicial,32463,32463,Cuestión de inconstitucionalidad número 3172/1993.
1993-11-18,276,1,BOE-A-1993-27513,MINISTERIO DE ECONOMÍA Y HACIENDA,estatal,Corrección,32463,32463,"Corrección de errores de la Orden de 26 de octubre de 1993 por la que se regulan las operaciones de cierre del ejercicio de 1993, en relación con la contabilidad de gastos públicos."
1993-11-18,276,1,BOE-A-1993-27514,MINISTERIO DE TRABAJO Y SEGURIDAD SOCIAL,estatal,Corrección,32463,32465,"Corrección de erratas de la Resolución de 4 de noviembre de 1993, de la Dirección General de Trabajo, por la que se aprueba la publicación de las fiestas laborales para el año 1994."
1993-11-18,276,1,BOE-A-1993-27515,MINISTERIO PARA LAS ADMINISTRACIONES PÚBLICAS,estatal,Real Decreto,32466,32467,"Real Decreto 1989/1993, de 12 de noviembre, por el que se modifica el Real Decreto 221/1987, de 20 de febrero, que determina la estructura orgánica básica del Ministerio para las Administraciones Públicas."
1993-11-19,277,1,BOE-A-1993-27630,TRIBUNAL CONSTITUCIONAL,estatal,Resolución judicial,32551,32551,"Recurso de inconstitucionalidad número 1997/1993, planteado por el Presidente del Gobierno contra determinados preceptos de la Ley Foral del Parlamento de Navarra 2/1993, de 5 de marzo."
1993-11-19,277,1,BOE-A-1993-27631,MINISTERIO DE INDUSTRIA Y ENERGÍA,estatal,Resolución,32551,32551,"Resolución de 17 de noviembre de 1993, de la Dirección General de la Energía, por la que se publican los precios máximos de venta al público de gasolinas y gasóleos, Impuesto General Indirecto Canario excluido, aplicables en el ámbito de la Comunidad Autónoma de Canarias a partir del día 20 de noviembre de 1993."
1993-11-19,277,1,BOE-A-1993-27632,MINISTERIO DE INDUSTRIA Y ENERGÍA,estatal,Resolución,32551,32552,"Resolución de 17 de noviembre de 1993, de la Dirección General de la Energía, por la que se publican los precios máximos de venta al público de gasolinas y gasóleos, aplicables en el ámbito de la península e islas Baleares a partir del día 20 de noviembre de 1993."
1993-11-19,277,1,BOE-A-1993-27633,MINISTERIO DE INDUSTRIA Y ENERGÍA,estatal,Resolución,32552,32552,"Resolución de 18 de noviembre de 1993, de la Dirección General de la Energía, por la que se hacen públicos los nuevos precios máximos de venta de gas natural para usos industriales."
1993-11-19,277,1,BOE-A-1993-27634,MINISTERIO DE LA PRESIDENCIA,estatal,Orden,32553,32553,Orden de 18 de noviembre de 1993 por la que se crea la Comisión Ministerial de Retribuciones del Departamento.
1993-11-19,277,1,BOE-A-1993-27635,MINISTERIO DE LA PRESIDENCIA,estatal,Orden,32553,32554,Orden de 18 de noviembre de 1993 por la que se regula la composición y funcionamiento de la Junta de Compras del Departamento.
1993-11-19,277,1,BOE-A-1993-27636,MINISTERIO DE LA PRESIDENCIA,estatal,Orden,32554,32555,Orden de 18 de noviembre de 1993 por la que se regula la composición y funcionamiento de la Comisión Ministerial de Informática.
1993-11-19,277,1,BOE-A-1993-27637,MINISTERIO DE RELACIONES CON LAS CORTES Y DE LA SECRETARÍA DEL GOBIERNO,estatal,Corrección,32555,32555,"Corrección de erratas del Real Decreto 1078/1993, de 2 de julio, por el que se aprueba el Reglamento sobre Clasificación, Envasado y Etiquetado de Preparados Peligrosos."
1993-11-19,277,1,BOE-A-1993-27638,MINISTERIO DE COMERCIO Y TURISMO,estatal,Resolución,32556,32556,"Resolución de 15 de noviembre de 1993, de la Secretaría de Estado de Comercio, por la que se prohíbe el suministro de determinados productos a la Unión Nacional para la Independencia Total de Angola (UNITA)."
1993-11-20,278,1,BOE-A-1993-27726,"MINISTERIO DE AGRICULTURA, PESCA Y ALIMENTACIÓN",estatal,Resolución,32629,32630,"Resolución de 5 de noviembre de 1993, de la Secretaría General de Pesca Marítima, por la que se publica el censo de palangreros españoles menores de 100 TRB que podrán faenar durante el año 1993 en la zona VIIIA del CIEM."
1993-11-20,278,1,BOE-A-1993-27727,MINISTERIO DE LA PRESIDENCIA,estatal,Corrección,32630,32630,"Corrección de errores del Real Decreto 1725/1993, de 1 de octubre, de modificación parcial de la estructura orgánica del Ministerio de Economía y Hacienda."
1993-11-20,278,1,BOE-A-1993-27728,MINISTERIO DE SANIDAD Y CONSUMO,estatal,Real Decreto,32630,32636,"Real Decreto 1854/1993, de 22 de octubre, por el que se determina con carácter general los requisitos técnicos y condiciones mínimas de la hemodonación y bancos de sangre."
1993-11-20,278,1,BOE-A-1993-27729,MINISTERIO DE COMERCIO Y TURISMO,estatal,Resolución,32636,32636,"Resolución de 16 de noviembre de 1993, de la Secretaría de Estado de Comercio, por la que se deroga la suspensión del embargo referente a determinados intercambios comerciales con Haití y por la que se modifica la Resolución de la Secretaría de Estado de Comercio de 26 de julio de 1993, relativa a los intercambios comerciales de exportación con Haití."
1993-11-22,279,1,BOE-A-1993-27775,MINISTERIO DE COMERCIO Y TURISMO,estatal,Orden,32662,32662,Orden de 10 de noviembre de 1993 por la que se constituye la Comisión de Retribuciones del Ministerio de Comercio y Turismo.
1993-11-22,279,1,BOE-A-1993-27776,COMUNIDAD AUTÓNOMA DE CATALUÑA,autonómico,Ley,32662,32663,"Ley 11/1993, de 22 de octubre, de Competencias de las Diputaciones Provinciales a la Generalidad de Cataluña en Materia de Juventud."
1993-11-23,280,1,BOE-A-1993-27847,TRIBUNAL CONSTITUCIONAL,estatal,Resolución judicial,32741,32741,"Recurso de inconstitucionalidad número 3141/1993, planteado por el Presidente del Gobierno contra la Ley del Parlamento de Galicia 11/1993, de 15 de julio."
1993-11-23,280,1,BOE-A-1993-27848,MINISTERIO DE INDUSTRIA Y ENERGÍA,estatal,Orden,32741,32742,"Orden de 15 de octubre de 1993 por la que se fijan los valores estándares brutos y netos a 31 de diciembre de 1991, el valor actualizado neto estándar a efectos de retribución y la modalidad de actualización de las instalaciones de generación eléctrica que han entrado en explotación durante 1991 y se determina su integración en el Sistema Eléctrico Nacional."
1993-11-23,280,1,BOE-A-1993-27849,MINISTERIO DE INDUSTRIA Y ENERGÍA,estatal,Orden,32742,32742,"Orden de 15 de octubre de 1993 por la que se fijan los valores estándares brutos y netos a 31 de diciembre de 1992, el valor actualizado neto estándar a efectos de retribución y la modalidad de actualización de las instalaciones de generación eléctrica que han entrado en explotación durante 1992 y se determina su integración en el Sistema Eléctrico Nacional."
1993-11-23,280,1,BOE-A-1993-27850,"MINISTERIO DE AGRICULTURA, PESCA Y ALIMENTACIÓN",estatal,Orden,32742,32743,Orden de 19 de noviembre de 1993 por la que se modifica la de 11 de octubre de 1988 reltiva a sustancias y productos indeseables en alimentación animal.
1993-11-24,281,1,BOE-A-1993-27916,MINISTERIO DE ASUNTOS EXTERIORES,estatal,Resolución,33001,33006,"Resolución de 19 de octubre de 1993, de la Secretaría General Técnica, por la que se publica la Resolución 927 (1993), de 25 de mayo, del Consejo de Seguridad de las Naciones Unidas creando un Tribunal Internacional para el castigo de los crímenes internacionales perpetrados en la antigua Yugoslavia y documento anejo."
1993-11-24,281,1,BOE-A-1993-27917,MINISTERIO DE INDUSTRIA Y ENERGÍA,estatal,Orden,33006,33008,Orden de 15 de octubre de 1993 por la que se determinan los valores estándares brutos y netos definitivos a 31 de diciembre de 1990 y provisionales a 31 de diciembre de 1991 de las instalaciones de distribución de energía eléctrica con una tensión de funcionamiento igual o superior a 36 KV y centros de control de energía y despachos de maniobra.
1993-11-24,281,1,BOE-A-1993-27918,MINISTERIO DE INDUSTRIA Y ENERGÍA,estatal,Orden,33008,33010,Orden de 15 de octubre de 1993 por la que se determinan los valores estándares brutos y netos definitivos a 31 de diciembre de 1991 y provisionales a 31 de diciembre de 1992 de las instalaciones de distribución de energía eléctrica con una tensión de funcionamiento igual o superior a 36 KV y centros de control de energía y despachos de maniobra.
1993-11-24,281,1,BOE-A-1993-27919,MINISTERIO DE LA PRESIDENCIA,estatal,Real Decreto,33010,33040,"Real Decreto 1853/1993, de 22 de octubre, por el que se aprueba el Reglamento de instalaciones de gas en locales destinados a usos domésticos, colectivos o comerciales."
1993-11-24,281,1,BOE-A-1993-27920,COMUNIDAD AUTÓNOMA DE ANDALUCÍA,autonómico,Ley,33040,33043,"Ley 8/1993, de 19 de octubre, de Creación del Consejo Consultivo de Andalucía."
1993-11-25,282,1,BOE-A-1993-28073,TRIBUNAL CONSTITUCIONAL,estatal,Resolución judicial,33257,33257,"Conflicto positivo de competencia número 199/1988, planteado por el Consejo Ejecutivo de la Generalidad de Cataluña, en relación con determinados preceptos de una Orden de 15 de septiembre de 1987, del Ministerio de Agricultura, Pesca y Alimentación."
1993-11-25,282,1,BOE-A-1993-28074,TRIBUNAL CONSTITUCIONAL,estatal,Resolución judicial,33257,33257,"Conflicto positivo de competencia número 1913/1993, planteado por el Gobierno, en relación con determinados preceptos de dos Ordenes de la Consejería de Agricultura y Pesca del Gobierno Vasco de 15 de enero y 1 de febrero de 1993."
1993-11-25,282,1,BOE-A-1993-28075,TRIBUNAL CONSTITUCIONAL,estatal,Resolución judicial,33257,33257,"Conflicto positivo de competencia número 3242/1993, planteado por el Consejo Ejecutivo de la Generalidad de Cataluña frente al Gobierno, en relación con el Real Decreto 769/1993, de 21 de mayo."
1993-11-25,282,1,BOE-A-1993-28076,TRIBUNAL CONSTITUCIONAL,estatal,Resolución judicial,33257,33257,Cuestión de inconstitucionalidad número 3171/1993.
1993-11-25,282,1,BOE-A-1993-28077,TRIBUNAL CONSTITUCIONAL,estatal,Resolución judicial,33257,33257,Cuestión de inconstitucionalidad número 3284/93.
1993-11-25,282,1,BOE-A-1993-28078,TRIBUNAL CONSTITUCIONAL,estatal,Resolución judicial,33257,33258,"Recurso de inconstitucionalidad número 1977/1989, promovido por el Presidente del Gobierno, contra la Ley 6/1989, de 7 de julio, de la Generalidad Valenciana, de Ordenación del Territorio de la Comunidad Autónoma."
1993-11-25,282,1,BOE-A-1993-28079,TRIBUNAL CONSTITUCIONAL,estatal,Resolución judicial,33258,33258,"Recurso de inconstitucionalidad número 632/1991, planteado por la Diputación General de Aragón contra la Ley 26/1990, de 20 de diciembre, por la que se establecen en la Seguridad Social prestaciones no contributivas."
1993-11-25,282,1,BOE-A-1993-28080,MINISTERIO DE EDUCACIÓN Y CIENCIA,estatal,Orden,33258,33259,Orden de 17 de noviembre de 1993 por la que se establecen las líneas básicas para el desarrollo del currículo de las enseñanzas para la obtención del título de Graduado en Educación Secundaria por las personas adultas.
1993-11-26,283,1,BOE-A-1993-28228,MINISTERIO DE ECONOMÍA Y HACIENDA,estatal,Orden,33510,33527,"Orden de 25 noviembre de 1993 por la que se da cumplimiento para 1994 y 1995 a lo dispuesto en los artículos 27, apartado uno, y 28 del Reglamento del Impuesto sobre la Renta de las Personas Físicas, y 37, numero 1, apartado 1.º, 38 y 42 del Reglamento del Impuesto sobre el Valor Añadido."
1993-11-26,283,1,BOE-A-1993-28229,MINISTERIO DE INDUSTRIA Y ENERGÍA,estatal,Resolución,33527,33528,"Resolución de 24 de noviembre de 1993, de la Dirección General de la Energía, por la que se publican los precios máximos de venta al público de gasolinas y gasóleos, aplicables en el ámbito de la península e islas Baleares a partir del día 27 de noviembre de 1993."
1993-11-26,283,1,BOE-A-1993-28230,MINISTERIO DE INDUSTRIA Y ENERGÍA,estatal,Resolución,33528,33528,"Resolución de 24 de noviembre de 1993, de la Dirección General de la Energía, por la que se publican los precios máximos de venta al público de gasolinas y gasóleos, Impuesto General Indirecto Canario excluido, aplicables en el ámbito de la Comunidad Autónoma de Canarias a partir del día 27 de noviembre de 1993."
1993-11-26,283,1,BOE-A-1993-28231,"MINISTERIO DE AGRICULTURA, PESCA Y ALIMENTACIÓN",estatal,Real Decreto,33528,33530,"Real Decreto 1852/1993, de 22 de octubre, sobre producción agrícola ecológica y su indicación en los productos agrarios y alimenticios."
1993-11-26,283,1,BOE-A-1993-28232,MINISTERIO DE CULTURA,estatal,Orden,33530,33531,Orden de 8 de noviembre de 1993 por la que se crea la Comisión para la conmemoración del centenario de la cinematografía.
1993-11-26,283,1,BOE-A-1993-28233,COMUNIDAD AUTÓNOMA DE GALICIA,autonómico,Resolución,33531,33560,"Resolución de 16 de septiembre de 1993, de la Consejería de Educación y Ordenación Universitaria, por la que se da cumplimiento al acuerdo del Consejo de la Junta de Galicia, de 23 de agosto de 1993, sobre los Estatutos de la Universidad de Vigo."
1993-11-29,285,1,BOE-A-1993-28379,MINISTERIO DE ASUNTOS EXTERIORES,estatal,Orden,33805,33805,Orden de 22 de noviembre de 1993 por la que se crea una Oficina Consular Honoraria en San Vicente y Las Granadinas (Jamaica).
1993-11-29,285,1,BOE-A-1993-28380,MINISTERIO DE ECONOMÍA Y HACIENDA,estatal,Orden,33805,33820,"Orden de 25 de noviembre de 1993 por la que se fijan los módulos e índices correctores del régimen simplificado del Impuesto sobre el Valor Añadido para el año 1994, correspondientes a los sectores comprendidos en el artículo 37.1.2.º del Reglamento del citado Impuesto."
1993-11-29,285,1,BOE-A-1993-28381,MINISTERIO DE COMERCIO Y TURISMO,estatal,Orden,33820,33821,Orden de 17 de noviembre de 1993 sobre establecimiento de precios públicos por prestación de servicios y realización de actividades de la Dirección General de Comercio Exterior.
1993-12-01,287,1,BOE-A-1993-28557,MINISTERIO DE ECONOMÍA Y HACIENDA,estatal,Orden,34025,34025,Orden de 30 de noviembre de 1993 sobre la venta de existencias de cigarrillos sin precinto.
1993-12-01,287,1,BOE-A-1993-28558,MINISTERIO DE TRABAJO Y SEGURIDAD SOCIAL,estatal,Orden,34025,34031,Orden de 25 de noviembre de 1993 por la que se regulan las operaciones de cierre del ejercicio 1993 y se determina la documentación contable que ha de rendirse por los Agentes del sistema de la Seguridad Social.
1993-12-01,287,1,BOE-A-1993-28559,MINISTERIO DE COMERCIO Y TURISMO,estatal,Corrección,34031,34031,"Corrección de errores de la Resolución de 15 de noviembre de 1993, de la Secretaría de Estado de Comercio, por la que se prohíbe el suministro de determinados productos a la Unión Nacional para la Independencia Total de Angola (UNITA)."
1993-12-02,288,1,BOE-A-1993-28711,MINISTERIO DE ECONOMÍA Y HACIENDA,estatal,Resolución,34278,34278,"Resolución de 19 de noviembre de 1993, del Departamento de Aduanas e Impuestos Especiales de la Agencia Estatal de Administración Tributaria, por la que se hace pública la nomenclatura estadística, prevista en el Reglamento (CEE) número 3330/1991 del Consejo, de 7 de noviembre de 1991, relativo a las estadísticas de los intercambios de bienes entre Estados miembros, que estará vigente para 1994."
1993-12-02,288,1,BOE-A-1993-28712,"MINISTERIO DE OBRAS PÚBLICAS, TRANSPORTES Y MEDIO AMBIENTE",estatal,Resolución,34278,34278,"Resolución de 23 de noviembre de 1993, de la Dirección General del Transporte Terrestre, por la que se establecen criterios para la interpretación de la Orden del Ministerio de Obras Públicas y Transportes de 26 de abril de 1993, por la que se aprueban las bases reguladoras de la concesión de ayudas al sector del transporte público por carretera."
1993-12-02,288,1,BOE-A-1993-28713,"MINISTERIO DE AGRICULTURA, PESCA Y ALIMENTACIÓN",estatal,Resolución,34278,34279,"Resolución de 24 de noviembre de 1993, de la Dirección General de Sanidad de la Producción Agraria, sobre medidas de protección contra la peste porcina africana."
1993-12-02,288,1,BOE-A-1993-28714,MINISTERIO DE LA PRESIDENCIA,estatal,Real Decreto,34279,34289,"Real Decreto 1988/1993, de 12 de noviembre, por el que se establecen medidas para la lucha contra la enfermedad de Newcastle."
1993-12-02,288,1,BOE-A-1993-28715,MINISTERIO DE ASUNTOS SOCIALES,estatal,Orden,34289,34290,Orden de 1 de diciembre de 1993 por la que se crea el Comité Español para el Año Internacional de la Familia (1994).
1993-12-03,289,1,BOE-A-1993-28808,MINISTERIO DE ASUNTOS EXTERIORES,estatal,Tratado o acuerdo internacional,34408,34408,"Entrada en vigor del Acuerdo de Cooperación Económica e Industrial entre el Reino de España y la República Federal de Nigeria, hecho en Madrid el 20 de noviembre de 1991."
1993-12-03,289,1,BOE-A-1993-28809,MINISTERIO DE INDUSTRIA Y ENERGÍA,estatal,Resolución,34408,34408,"Resolución de 1 de diciembre de 1993, de la Dirección General de la Energía, por la que se publican los precios máximos de venta al público de gasolinas y gasóleos, aplicables en el ámbito de la península e islas Baleares a partir del día 4 de diciembre de 1993."
1993-12-03,289,1,BOE-A-1993-28810,MINISTERIO DE INDUSTRIA Y ENERGÍA,estatal,Resolución,34408,34409,"Resolución de 1 de diciembre de 1993, de la Dirección General de la Energía, por la que se publican los precios máximos de venta al público de gasolinas y gasóleos, Impuesto General Indirecto Canario excluido, aplicables en el ámbito de la Comunidad Autónoma de Canarias a partir del día 4 de diciembre de 1993."
1993-12-03,289,1,BOE-A-1993-28811,MINISTERIO DE INDUSTRIA Y ENERGÍA,estatal,Resolución,34409,34409,"Resolución de 2 de diciembre de 1993, de la Dirección General de la Energía, por la que se hacen públicos los nuevos precios máximos de venta de gas natural para usos industriales."
1993-12-04,290,1,BOE-A-1993-28962,JEFATURA DEL ESTADO,estatal,Real Decreto-ley,34661,34662,"Real Decreto-ley 17/1993, de 3 de diciembre, por el que se concede al Ministerio de Trabajo y Seguridad Social un suplemento de crédito por importe de 456.374.000.000 de pesetas, destinado a la cobertura de obligaciones derivadas de prestaciones por desempleo, correspondientes al ejercicio 1993."
1993-12-04,290,1,BOE-A-1993-28963,MINISTERIO DE ASUNTOS EXTERIORES,estatal,Otras,34662,34662,Suspensión temporal para nacionales de la República Bosnia-Herzegovina del Acuerdo sobre supresión de visados constituido por Canje de Notas de 3 de marzo de 1978 entre los Gobiernos de España y de la República Socialista Federativa de Yugoslavia.
1993-12-04,290,1,BOE-A-1993-28964,MINISTERIO DE ASUNTOS EXTERIORES,estatal,Otras,34662,34662,Suspensión temporal para nacionales de la antigua República Yugoslava de Macedonia del Acuerdo sobre supresión de visados constituido por Canje de Notas de 3 de marzo de 1978 entre los Gobiernos de España y de la República Socialista Federativa de Yugoslavia.
1993-12-04,290,1,BOE-A-1993-28965,MINISTERIO DE ECONOMÍA Y HACIENDA,estatal,Real Decreto,34662,34663,"Real Decreto 2118/1993, de 3 de diciembre, por el que se dispone la ampliación del censo electoral a los extranjeros nacionales de Estados miembros de la Unión Europea, residentes en España."
1993-12-04,290,1,BOE-A-1993-28966,MINISTERIO DE ECONOMÍA Y HACIENDA,estatal,Real Decreto,34663,34664,"Real Decreto 2120/1993, de 3 de diciembre, por el que se somete a autorización determinadas transacciones entre España y Libia."
1993-12-04,290,1,BOE-A-1993-28967,MINISTERIO PARA LAS ADMINISTRACIONES PÚBLICAS,estatal,Real Decreto,34664,34666,"Real Decreto 2124/1993, de 3 de diciembre, por el que se modifica la estructura orgánica del Ministerio de Asuntos Sociales."
1993-12-06,291,1,BOE-A-1993-29034,COMUNIDAD AUTÓNOMA DE LA RIOJA,autonómico,Corrección,34692,34692,"Corrección de errores de la Ley 3/1993, de 22 de septiembre, de Régimen Local de La Rioja."
1993-12-06,291,1,BOE-A-1993-29035,COMUNIDAD AUTÓNOMA DE ARAGÓN,autonómico,Ley,34692,34698,"Ley 10/1993, de 4 de noviembre, de Comarcalización de Aragón."
1993-12-07,292,1,BOE-A-1993-29068,JEFATURA DEL ESTADO,estatal,Real Decreto-ley,34725,34728,"Real Decreto-ley 18/1993, de 3 de diciembre, de Medidas Urgentes de Fomento de la Ocupación."
1993-12-07,292,1,BOE-A-1993-29069,MINISTERIO DE ECONOMÍA Y HACIENDA,estatal,Corrección,34728,34729,"Corrección de errores de la Orden de 25 de noviembre de 1993 por la que se da cumplimiento para 1994 y 1995 a lo dispuesto en los artículos 27, apartado uno, y 28 del Reglamento del Impuesto sobre la Renta de las Personas Físicas y 37, número 1, apartado 1.º, 38 y 42 del Reglamento del Impuesto sobre el Valor Añadido."
1993-12-08,293,1,BOE-A-1993-29126,"MINISTERIO DE AGRICULTURA, PESCA Y ALIMENTACIÓN",estatal,Orden,34764,34764,"Orden de 7 de diciembre de 1993 por la que se modifica la de 9 de septiembre de 1993, por la que se establecen normas para la cesión temporal de cantidades de refencia individuales de leche de vaca de entregas a compradores."
1993-12-08,293,1,BOE-A-1993-29127,MINISTERIO DE LA PRESIDENCIA,estatal,Real Decreto,34764,34768,"Real Decreto 2070/1993, de 26 de noviembre, por el que se aprueba la reglamentación técnico-sanitaria para la elaboración y comercialización de los vinagres."
1993-12-08,293,1,BOE-A-1993-29128,MINISTERIO PARA LAS ADMINISTRACIONES PÚBLICAS,estatal,Corrección,34768,34768,"Corrección de erratas del Real Decreto 2124/1993, de 3 de diciembre, por el que se modifica la estructura orgánica del Ministerio de Asuntos Sociales."
1993-12-09,294,1,BOE-A-1993-29158,MINISTERIO DE ASUNTOS EXTERIORES,estatal,Tratado o acuerdo internacional,34861,34866,"Aplicación provisional del Acuerdo sobre transporte aéreo entre el Gobierno de la República de Indonesia y el Gobierno del Reino de España relativo a los servicios aéreos regulares, hecho en Madrid el 5 de octubre de 1993."
1993-12-10,295,1,BOE-A-1993-29249,MINISTERIO DE ASUNTOS EXTERIORES,estatal,Tratado o acuerdo internacional,34945,34945,"Protocolo sobre la protección del mar Mediterráneo contra la contaminación de origen terrestre, hecho en Atenas el 17 de mayo de 1980. Nuevo anexo IV, aprobado en la séptima reunión ordinaria de las partes contratantes en el Convenio para la protección del mar Mediterráneo contra la contaminación (Convenio de Barcelona) y Protocolos conexos, celebrado en El Cairo del 8 al 11 de octubre de 1991."
1993-12-10,295,1,BOE-A-1993-29250,MINISTERIO DE ECONOMÍA Y HACIENDA,estatal,Orden,34945,34946,"Orden de 3 de diciembre de 1993, sobre índices de precios de mano de obra y materiales de la construcción correspondientes a los meses de junio y julio de 1993 aplicables a la revisión de precios de contratos de obras del Estado."
1993-12-10,295,1,BOE-A-1993-29251,MINISTERIO DE ECONOMÍA Y HACIENDA,estatal,Corrección,34946,34946,"Corrección de errores de la Orden de 25 de noviembre de 1993 («Boletín Oficial del Estado» de 26 de noviembre y 7 de diciembre), por la que se da cumplimiento para 1994 y 1995, a lo dispuesto en los artículos 27, apartado 1, y 28 del Reglamento del Impuesto sobre la Renta de las Personas Físicas, y 37, número 1, apartado 1.º, 38 y 42 del Reglamento del Impuesto sobre el Valor Añadido."
1993-12-10,295,1,BOE-A-1993-29252,MINISTERIO DE INDUSTRIA Y ENERGÍA,estatal,Resolución,34946,34946,"Resolución de 7 de diciembre de 1993, de la Dirección General de la Energía, por la que se publican los precios máximos de venta al público de gasolinas y gasóleos, aplicables en el ámbito de la península e islas Baleares, a partir del día 11 de diciembre de 1993."
1993-12-10,295,1,BOE-A-1993-29253,MINISTERIO DE INDUSTRIA Y ENERGÍA,estatal,Resolución,34946,34947,"Resolución de 7 de diciembre de 1993, de la Dirección General de la Energía, por la que se publican los precios máximos de venta al público de gasolinas y gasóleos, Impuesto General Indirecto Canario excluido, aplicables en el ámbito de la Comunidad Autónoma de Canarias a partir del día 11 de diciembre de 1993."
1993-12-10,295,1,BOE-A-1993-29254,COMUNIDAD AUTÓNOMA DE CATALUÑA,autonómico,Ley,34947,34948,"Ley 12/1993, de 4 de noviembre, de creación del Instituto para el Desarrollo de las Comarcas del Ebro."
1993-12-10,295,1,BOE-A-1993-29255,COMUNIDAD AUTÓNOMA DE LA REGIÓN DE MURCIA,autonómico,Ley,34949,34951,"Ley 1/1993, de 25 de junio, de aplicación de la cláusula de revisión salarial al personal al servicio de la Comunidad Autónoma de la Región de Murcia."
1993-12-10,295,1,BOE-A-1993-29256,COMUNIDAD AUTÓNOMA DE LA REGIÓN DE MURCIA,autonómico,Ley,34951,34951,"Ley 2/1993, de 25 de junio, de crédito extraordinario para la financiación de las subvenciones concedidas a los partidos políticos como consecuencia de las elecciones a la Asamblea Regional en 1991."
1993-12-10,295,1,BOE-A-1993-29257,COMUNIDAD AUTÓNOMA DE LA REGIÓN DE MURCIA,autonómico,Ley,34951,34955,"Ley 3/1993, de 16 de julio, del Consejo Económico y Social de la Región de Murcia."
1993-12-10,295,1,BOE-A-1993-29258,COMUNIDAD AUTÓNOMA DE LA REGIÓN DE MURCIA,autonómico,Ley,34955,34965,"Ley 4/1993, de 16 de julio, del Deporte de la Región de Murcia."
1993-12-11,296,1,BOE-A-1993-29412,JEFATURA DEL ESTADO,estatal,Real Decreto-ley,35072,35075,"Real Decreto-ley 19/1993, de 10 de diciembre, de medidas urgentes para la cinematografía."
1993-12-11,296,1,BOE-A-1993-29413,MINISTERIO DE INDUSTRIA Y ENERGÍA,estatal,Orden,35075,35076,"Orden de 25 de noviembre de 1993 de modificación de la Orden de 14 de febrero de 1992, por la que se establece el sistema de retribución del coste de las Empresas eléctricas por la adquisición de carbón nacional que ofrezca garantía de suministro en cumplimiento de la disposición final primera del Real Decreto 1821/1991."
1993-12-13,297,1,BOE-A-1993-29545,COMUNIDAD AUTÓNOMA DE CASTILLA Y LEÓN,autonómico,Ley,35116,35116,"Ley 4/1993, de 20 de octubre, por la que se extingue la Empresa pública «Concentración Olímpica de la Juventud, 1991, Sociedad Anónima» (COJ'91, S. A.)."
1993-12-13,297,1,BOE-A-1993-29546,COMUNIDAD AUTÓNOMA DE CASTILLA Y LEÓN,autonómico,Ley,35116,35121,"Ley 5/1993, de 21 de octubre, de Actividades Clasificadas."
1993-12-14,298,1,BOE-A-1993-29577,JEFATURA DEL ESTADO,estatal,Ley,35152,35155,"Ley 11/1993, de 13 de diciembre, de Adaptación del Concierto Económico con la Comunidad Autónoma del País Vasco a la Ley del Impuesto sobre el Valor Añadido y a la Ley de Impuestos Especiales."
1993-12-14,298,1,BOE-A-1993-29578,JEFATURA DEL ESTADO,estatal,Ley,35155,35158,"Ley 12/1993, de 13 de diciembre, de Adaptación del Convenio Económico entre el Estado y la Comunidad Foral de Navarra a la Ley del Impuesto sobre el Valor Añadido y a la Ley de Impuestos Especiales."
1993-12-14,298,1,BOE-A-1993-29579,TRIBUNAL CONSTITUCIONAL,estatal,Resolución judicial,35158,35158,"Recurso de inconstitucionalidad número 2133/1993, promovido por el Presidente del Gobierno contra la Ley de la Comunidad Autónoma de Cantabria 4/1993, de 10 de marzo, de la Función Pública."
1993-12-14,298,1,BOE-A-1993-29580,TRIBUNAL CONSTITUCIONAL,estatal,Resolución judicial,35158,35159,"Recurso de inconstitucionalidad número 2685/1992, promovido por el Presidente del Gobierno contra determinados preceptos de la Ley del Parlamento Vasco 3/1992, de 1 de julio, del Derecho Foral del País Vasco."
1993-12-14,298,1,BOE-A-1993-29581,MINISTERIO DE INDUSTRIA Y ENERGÍA,estatal,Real Decreto,35159,35168,"Real Decreto 1942/1993, de 5 de noviembre, por el que se aprueba el Reglamento de instalaciones de protección contra incendios."
1993-12-14,298,1,BOE-A-1993-29582,"MINISTERIO DE AGRICULTURA, PESCA Y ALIMENTACIÓN",estatal,Orden,35168,35168,Orden de 13 de diciembre de 1993 por la que se modifica la de 30 de julio por la que se instrumenta un plan de abandono nacional voluntario y definitivo de la producción lechera.
1993-12-14,298,1,BOE-A-1993-29583,MINISTERIO DE LA PRESIDENCIA,estatal,Resolución,35169,35174,"Resolución de 9 de diciembre de 1993, de la Subsecretaría, por la que se dispone la publicación del Acuerdo del Consejo de Ministros de 28 de mayo de 1993 por el que se autoriza la inclusión de las salinas de Ibiza y Formentera en la lista del Convenio sobre Humedales de Importancia Internacional especialmente como Hábitat para las Aves Acuáticas (Ramsar, 2 de febrero de 1971)."
1993-12-14,298,1,BOE-A-1993-29584,MINISTERIO DE COMERCIO Y TURISMO,estatal,Orden,35175,35175,Orden de 9 de diciembre de 1993 sobre composición y funcionamiento de la Junta de Compras.
1993-12-15,299,1,BOE-A-1993-29705,MINISTERIO DE EDUCACIÓN Y CIENCIA,estatal,Orden,35410,35411,Orden de 24 de noviembre de 1993 sobre Institutos y Centros con Patronato del Consejo Superior de Investigaciones Científicas.
1993-12-15,299,1,BOE-A-1993-29706,MINISTERIO DE INDUSTRIA Y ENERGÍA,estatal,Orden,35411,35415,"Orden de 3 de diciembre de 1993 por la que se establecen modificaciones en las Ordenes de desarrollo del Real Decreto 1538/1987, de 11 de diciembre, por el que se determina la tarifa eléctrica de las Empresas gestoras del servicio."
1993-12-16,300,1,BOE-A-1993-29870,"MINISTERIO DE AGRICULTURA, PESCA Y ALIMENTACIÓN",estatal,Resolución,35601,35601,"Resolución de 14 de diciembre de 1993, de la Dirección General de Sanidad de la Producción Agraria, por la que se dejan sin efecto las medidas adoptadas por Resolución de 24 de noviembre de 1993, sobre medidas de protección contra la peste porcina africana."
1993-12-16,300,1,BOE-A-1993-29871,MINISTERIO DE LA PRESIDENCIA,estatal,Real Decreto,35601,35603,"Real Decreto 2069/1993, de 26 de noviembre, por el que se fijan las normas sanitarias aplicables a los productos de la pesca a bordo de determinados buques pesqueros."
1993-12-16,300,1,BOE-A-1993-29872,MINISTERIO DE LA PRESIDENCIA,estatal,Real Decreto,35603,35683,"Real Decreto 2071/1993, de 26 de noviembre, relativo a las medidas de protección contra la introducción y difusión en el territorio nacional y de la Comunidad Económica Europea de organismos nocivos para los vegetales o productos vegetales, así como para la exportación y tránsito hacia países terceros."
1993-12-16,300,1,BOE-A-1993-29873,MINISTERIO PARA LAS ADMINISTRACIONES PÚBLICAS,estatal,Orden,35683,35688,Orden de 7 de diciembre de 1993 por la que se aprueba el modelo de convocatoria conjunta y las bases comunes por las que han de regirse los concursos para la provisión de puestos de trabajo reservados a funcionarios de Administración Local con habilitación de carácter nacional.
1993-12-17,301,1,BOE-A-1993-30025,MINISTERIO DE ASUNTOS EXTERIORES,estatal,Corrección,35936,35936,"Corrección de errores de la entrada en vigor del Acuerdo de Cooperación Económica e Industrial entre el Reino de España y la República Federal de Nigeria, hecho en Madrid el 20 de noviembre de 1991."
1993-12-17,301,1,BOE-A-1993-30026,MINISTERIO DE JUSTICIA,estatal,Corrección,35936,35936,"Corrección de errores del Real Decreto 1814/1993, de 18 de octubre, por el que se modifica la demarcación y capitalidad de determinados Registros de la Propiedad."
1993-12-17,301,1,BOE-A-1993-30027,MINISTERIO DE ECONOMÍA Y HACIENDA,estatal,Orden,35936,36009,Orden de 14 de diciembre de 1993 por la que se aprueban los precios medios de venta aplicables en la gestión de los Impuestos sobre Transmisiones Patrimoniales y Actos Jurídicos Documentados y sobre Sucesiones y Donaciones.
1993-12-17,301,1,BOE-A-1993-30028,MINISTERIO DE ECONOMÍA Y HACIENDA,estatal,Instrucción o circular,36009,36013,"Circular 11/1993, de 30 de noviembre, del Departamento de Aduanas e Impuestos Especiales de la Agencia Estatal de Administración Tributaria, por la que se actualiza el texto de la Circular 9/1992, de 15 de diciembre, relativa a las instrucciones para la formalización del Documento Unico Administrativo (D.U.A.)."
1993-12-17,301,1,BOE-A-1993-30029,MINISTERIO DE EDUCACIÓN Y CIENCIA,estatal,Orden,36013,36019,"Orden de 13 de diciembre de 1993, por la que se establece el procedimiento para la evaluación de la actividad investigadora en desarrollo del Real Decreto 1086/1989, de 28 de agosto, sobre retribuciones del profesorado universitario."
1993-12-17,301,1,BOE-A-1993-30030,MINISTERIO DE EDUCACIÓN Y CIENCIA,estatal,Resolución,36019,36024,"Resolución de 13 de diciembre de 1993, de la Secretaría de Estado de Universidades e Investigación, por la que se establece el procedimiento para la evaluación de la actividad investigadora realizada por los miembros de las Escalas de Profesores de Investigación, Investigadores Científicos y Colaboradores Científicos del Consejo Superior de Investigaciones Científicas, a efectos del reconocimiento del componente excepcional del complemento de productividad."
1993-12-17,301,1,BOE-A-1993-30031,MINISTERIO DE EDUCACIÓN Y CIENCIA,estatal,Resolución,36024,36024,"Resolución de 13 de diciembre de 1993, de la Secretaría de Estado de Universidades e Investigación, por la que se fija el plazo durante el cual el profesorado universitario y los miembros de las Escalas de Profesores de Investigación, Investigadores Científicos y Colaboradores Científicos del Consejo Superior de Investigaciones Científicas podrán presentar solicitudes de evaluación de la actividad investigadora."
1993-12-17,301,1,BOE-A-1993-30032,MINISTERIO DE TRABAJO Y SEGURIDAD SOCIAL,estatal,Resolución,36024,36025,"Resolución de 14 de diciembre de 1993, de la Dirección General de Ordenación Jurídica y Entidades Colaboradoras de la Seguridad Social, sobre los efectos que derivan del cambio de encuadramiento en el ámbito de los regímenes que componen el Sistema de la Seguridad Social, de socios trabajadores y miembros del órgano de administración de sociedades mercantiles capitalistas."
1993-12-17,301,1,BOE-A-1993-30033,MINISTERIO DE INDUSTRIA Y ENERGÍA,estatal,Resolución,36025,36026,"Resolución de 15 de diciembre de 1993, de la Dirección General de la Energía, por la que se hacen públicos los nuevos precios máximos de venta de gas natural para usos industriales."
1993-12-17,301,1,BOE-A-1993-30034,MINISTERIO DE INDUSTRIA Y ENERGÍA,estatal,Resolución,36026,36026,"Resolución de 15 de diciembre de 1993, de la Dirección General de la Energía, por la que se hacen públicos los nuevos precios máximos de venta, antes de impuestos, de los gases licuados del petróleo, a granel y de automoción, en el ámbito de la península e islas Baleares."
1993-12-17,301,1,BOE-A-1993-30035,MINISTERIO DE INDUSTRIA Y ENERGÍA,estatal,Resolución,36026,36027,"Resolución de 15 de diciembre de 1993, de la Dirección General de la Energía, por la que se publican los precios máximos de venta al público de gasolinas y gasóleos, aplicables en el ámbito de la península e islas Baleares a partir del día 18 de diciembre de 1993."
1993-12-17,301,1,BOE-A-1993-30036,MINISTERIO DE INDUSTRIA Y ENERGÍA,estatal,Resolución,36027,36027,"Resolución de 15 de diciembre de 1993, de la Dirección General de la Energía, por la que se publican los precios máximos de venta al público de gasolinas y gasóleos, Impuesto General Indirecto Canario excluido, aplicables en el ámbito de la Comunidad Autónoma de Canarias a partir del día 18 de diciembre de 1993."
1993-12-17,301,1,BOE-A-1993-30037,MINISTERIO DE INDUSTRIA Y ENERGÍA,estatal,Resolución,36027,36028,"Resolución de 15 de diciembre de 1993, de la Dirección General de la Energía, por la que se hacen públicos los nuevos precios máximos de venta, antes de impuestos, de los gases licuados del petróleo por canalización, en el ámbito de la península e islas Baleares."
1993-12-18,302,1,BOE-A-1993-30159,JEFATURA DEL ESTADO,estatal,Ley,36189,36189,"Ley 13/1993, de 17 de diciembre, por la que se autoriza la contribución de España en el Fondo Multilateral de Inversiones por un importe de 50 millones de dólares."
1993-12-20,303,1,BOE-A-1993-30227,TRIBUNAL CONSTITUCIONAL,estatal,Resolución judicial,36300,36300,Cuestión de inconstitucionalidad número 3033/1993.
1993-12-20,303,1,BOE-A-1993-30228,"MINISTERIO DE OBRAS PÚBLICAS, TRANSPORTES Y MEDIO AMBIENTE",estatal,Orden,36300,36301,"Orden de 14 de diciembre de 1993 por la que se regula el franqueo pagado oficial como una modalidad del sistema de franqueo pagado, para la correspondencia expedida por Autoridades y Organismos oficiales."
1993-12-20,303,1,BOE-A-1993-30229,MINISTERIO DE TRABAJO Y SEGURIDAD SOCIAL,estatal,Real Decreto,36301,36309,"Real Decreto 2222/1993, de 17 de diciembre, por el que se fija, para el ejercicio 1993, las bases normalizadas de cotización a la Seguridad Social, por contingencias comunes, en el Régimen Especial de la Seguridad Social para la Minería del Carbón."
1993-12-20,303,1,BOE-A-1993-30230,COMUNIDAD AUTÓNOMA DE ARAGÓN,autonómico,Ley,36309,36310,"Ley 11/1993, de 4 de noviembre, por la que se concede a la Diputación General de Aragón un crédito extraordinario para cofinanciar un plan de pensiones de prejubilación para los trabajadores del grupo industrial FESA-Enfersa, pertenecientes a la Empresa «La Industrial Química de Zaragoza, Sociedad Anónima», por un importe de 72.000.000 de pesetas."
1993-12-21,304,1,BOE-A-1993-30265,"MINISTERIO DE OBRAS PÚBLICAS, TRANSPORTES Y MEDIO AMBIENTE",estatal,Orden,36351,36352,Orden de 17 de diciembre de 1993 de revisión de tarifas de los servicios públicos regulares permanentes de uso general de transporte de viajeros por carretera.
1993-12-21,304,1,BOE-A-1993-30266,MINISTERIO DE INDUSTRIA Y ENERGÍA,estatal,Real Decreto,36352,36353,"Real Decreto 2068/1993, de 26 de noviembre, por el que se amplía con carácter provisional la protección jurídica de las topografías de los productos semiconductores a las personas originarias de Estados Unidos de América y de determinados territorios."
1993-12-21,304,1,BOE-A-1993-30267,"MINISTERIO DE AGRICULTURA, PESCA Y ALIMENTACIÓN",estatal,Resolución,36353,36375,"Resolución de 9 de diciembre de 1993, de la Secretaría General de Pesca Marítima, por la que se efectúa la revisión, al día 1 de enero de 1993, del censo de las flotas de altura, gran altura y buques palangreros de más de 100 TRB, que operan dentro de los límites geográficos de la Comisión de Pesca del Atlántico Nordeste (NEAFC)."
1993-12-21,304,1,BOE-A-1993-30268,COMUNIDAD AUTÓNOMA DEL PRINCIPADO DE ASTURIAS,autonómico,Ley,36375,36384,"Ley 2/1993, de 29 de octubre, de pesca marítima en aguas interiores y aprovechamiento de recursos marinos."
1993-12-22,305,1,BOE-A-1993-30387,TRIBUNAL CONSTITUCIONAL,estatal,Resolución judicial,36557,36557,Cuestión de inconstitucionalidad número 2.848/1993.
1993-12-22,305,1,BOE-A-1993-30388,TRIBUNAL CONSTITUCIONAL,estatal,Resolución judicial,36557,36557,Cuestión de inconstitucionalidad número 2.849/1993.
1993-12-22,305,1,BOE-A-1993-30389,TRIBUNAL CONSTITUCIONAL,estatal,Resolución judicial,36557,36557,Cuestión de inconstitucionalidad número 3.554/1993.
1993-12-22,305,1,BOE-A-1993-30390,TRIBUNAL CONSTITUCIONAL,estatal,Resolución judicial,36557,36557,Cuestión de inconstitucionalidad número 3.599/1993.
1993-12-22,305,1,BOE-A-1993-30391,MINISTERIO DE JUSTICIA,estatal,Orden,36557,36558,Orden de 10 de diciembre de 1993 sobre supresión del dato de la profesión en los modelos oficiales del Registro Civil.
1993-12-22,305,1,BOE-A-1993-30392,MINISTERIO DE DEFENSA,estatal,Real Decreto,36558,36560,"Real Decreto 2206/1993, de 17 de diciembre, por el que se crean las Delegaciones de Defensa."
1993-12-22,305,1,BOE-A-1993-30393,MINISTERIO DE ECONOMÍA Y HACIENDA,estatal,Orden,36560,36563,"Orden de 20 de diciembre de 1993 por la que se dictan las normas e instrucciones técnicas precisas para la ampliación del Censo Electoral a los extranjeros nacionales de Estados miembros de la Unión Europea, residentes en España."
1993-12-22,305,1,BOE-A-1993-30394,MINISTERIO DE INDUSTRIA Y ENERGÍA,estatal,Real Decreto,36564,36564,"Real Decreto 2067/1993, de 26 de noviembre, por el que se sustituye el anexo del Real Decreto 1370/1992, de ampliación de la protección jurídica de las topografías de los productos semiconductores."
1993-12-22,305,1,BOE-A-1993-30395,MINISTERIO DE INDUSTRIA Y ENERGÍA,estatal,Orden,36564,36570,"Orden de 17 de diciembre de 1993 por la que se establecen modificaciones en la Orden de 19 de febrero de 1988, por la que se regula la retribución de las Empresas eléctricas integrantes del sistema eléctrico peninsular."
1993-12-22,305,1,BOE-A-1993-30396,MINISTERIO DE INDUSTRIA Y ENERGÍA,estatal,Resolución,36570,36577,"Resolución de 17 de diciembre de 1993, de la Dirección General de la Energía, por la que se fija, para el año 1994, el calendario aplicable al sistema estacional tipo 5 de discriminación horaria en el sistema integrado peninsular y en los sistemas extrapeninsulares de Ceuta, Melilla, archipiélago balear y archipiélago canario."
1993-12-22,305,1,BOE-A-1993-30397,MINISTERIO DE LA PRESIDENCIA,estatal,Real Decreto,36577,36580,"Real Decreto 2122/1993, de 3 de diciembre, sobre la gestión financiera de determinados fondos destinados a la adquisición de material militar y servicios complementarios del Ministerio de Defensa en el exterior."
1993-12-22,305,1,BOE-A-1993-30398,MINISTERIO PARA LAS ADMINISTRACIONES PÚBLICAS,estatal,Real Decreto,36580,36583,"Real Decreto 2234/1993, de 17 de diciembre, por el que se modifica la estructura orgánica del Ministerio de Obras Públicas, Transportes y Medio Ambiente."
1993-12-22,305,1,BOE-A-1993-30399,MINISTERIO PARA LAS ADMINISTRACIONES PÚBLICAS,estatal,Real Decreto,36583,36584,"Real Decreto 2235/1993, de 17 de diciembre, de modificación parcial de la estructura orgánica del Ministerio de Comercio y Turismo."
1993-12-23,306,1,BOE-A-1993-30466,MINISTERIO DE ECONOMÍA Y HACIENDA,estatal,Real Decreto,36689,36691,"Real Decreto 2119/1993, de 3 diciembre, sobre el procedimiento sancionador aplicable a los sujetos que actúan en los mercados financieros."
1993-12-23,306,1,BOE-A-1993-30467,"MINISTERIO DE AGRICULTURA, PESCA Y ALIMENTACIÓN",estatal,Real Decreto,36691,36693,"Real Decreto 2273/1993, de 22 de diciembre, por el que se modifica el Reglamento General sobre producción de semillas y plantas de vivero."
1993-12-24,307,1,BOE-A-1993-30619,JEFATURA DEL ESTADO,estatal,Ley,36813,36815,"Ley 14/1993, de 23 de diciembre, de plantillas de las Fuerzas Armadas."
1993-12-24,307,1,BOE-A-1993-30620,JEFATURA DEL ESTADO,estatal,Ley,36816,36816,"Ley 15/1993, de 23 de diciembre, por la que se prorroga el plazo para ejercer la opción por la nacionalidad española, establecido en la disposición transitoria tercera de la Ley 18/1990, de 17 de diciembre, sobre reforma del Código Civil en materia de nacionalidad."
1993-12-24,307,1,BOE-A-1993-30621,JEFATURA DEL ESTADO,estatal,Ley,36816,36819,"Ley 16/1993, de 23 de diciembre de incorporación al Derecho español de la Directiva 91/250/CEE, de 14 de mayo de 1991, sobre la protección jurídica de programas de ordenador."
1993-12-24,307,1,BOE-A-1993-30622,JEFATURA DEL ESTADO,estatal,Ley,36819,36820,"Ley 17/1993, de 23 de diciembre, sobre el acceso a determinados sectores de la función pública de las nacionales de los demás Estados miembros de la Comunidad Europea."
1993-12-24,307,1,BOE-A-1993-30623,JEFATURA DEL ESTADO,estatal,Ley,36820,36820,"Ley 18/1993, de 23 de diciembre, sobre concesión de un crédito extraordinario por importe de 13.464.683.902 pesetas, para cancelar deudas con la Fábrica Nacional de Moneda y Timbre derivadas de entregas de bienes y prestaciones de servicios efectuadas durante los ejercicios 1986, 1987, 1988 y 1989."
1993-12-24,307,1,BOE-A-1993-30624,MINISTERIO DE TRABAJO Y SEGURIDAD SOCIAL,estatal,Corrección,36820,36820,"Corrección de errores de la Orden de 25 de noviembre de 1993, por la que se regulan las operaciones de cierre del ejercicio 1993 y se determina la documentación contable que ha de rendirse por los agentes del sistema de la Seguridad Social."
1993-12-24,307,1,BOE-A-1993-30625,MINISTERIO DE INDUSTRIA Y ENERGÍA,estatal,Resolución,36820,36821,"Resolución de 22 de diciembre de 1993, de la Dirección General de la Energía, por la que se publican los precios máximos de venta al público de gasolinas y gasóleos, Impuesto General Indirecto Canario excluido, aplicables en el ámbito de la Comunidad Autónoma de Canarias a partir del día 25 de diciembre de 1993."
1993-12-24,307,1,BOE-A-1993-30626,MINISTERIO DE INDUSTRIA Y ENERGÍA,estatal,Resolución,36821,36821,"Resolución de 22 de diciembre de 1993, de la Dirección General de la Energía, por la que se publican los precios máximos de venta al público de gasolinas y gasóleos, aplicables en el ámbito de la península e islas Baleares a partir del día 25 de diciembre de 1993."
1993-12-24,307,1,BOE-A-1993-30627,MINISTERIO DE LA PRESIDENCIA,estatal,Orden,36821,36827,"Orden de 20 de diciembre de 1993 por la que se introducen modificaciones de carácter técnico en el Reglamento de Circulación Aérea, aprobado por Real Decreto 73/1992, de 31 de enero."
1993-12-24,307,1,BOE-A-1993-30628,MINISTERIO PARA LAS ADMINISTRACIONES PÚBLICAS,estatal,Real Decreto,36827,36829,"Real Decreto 2166/1993, de 10 de diciembre, sobre traspaso de funciones y servicios de la Administración del Estado a la Comunidad de Castilla y León en materia de colegios oficiales o profesionales."
1993-12-24,307,1,BOE-A-1993-30629,MINISTERIO PARA LAS ADMINISTRACIONES PÚBLICAS,estatal,Real Decreto,36829,36831,"Real Decreto 2167/1993, de 10 de diciembre, sobre traspasos de funciones y servicios de la Administración del Estado a la Comunidad Autónoma de Extremadura en materia de radiodifusión."
1993-12-24,307,1,BOE-A-1993-30630,MINISTERIO PARA LAS ADMINISTRACIONES PÚBLICAS,estatal,Real Decreto,36831,36833,"Real Decreto 2168/1993, de 10 de diciembre, sobre traspaso de funciones y servicios de la Administración del Estado a la Comunidad Autónoma de las Islas Baleares en materia de colegios oficiales o profesionales."
1993-12-24,307,1,BOE-A-1993-30631,MINISTERIO PARA LAS ADMINISTRACIONES PÚBLICAS,estatal,Real Decreto,36833,36836,"Real Decreto 2169/1993, de 10 de diciembre, sobre traspaso de funciones y servicios de la Administración del Estado a la Comunidad Autónoma de las Islas Baleares en materia de minas."
1993-12-24,307,1,BOE-A-1993-30632,MINISTERIO PARA LAS ADMINISTRACIONES PÚBLICAS,estatal,Real Decreto,36837,36848,"Real Decreto 2170/1993, de 10 de diciembre, sobre traspaso de funciones y servicios de la Administración del Estado a la Comunidad Autónoma de las Islas Baleares en materia de protección de menores."
1993-12-24,307,1,BOE-A-1993-30633,MINISTERIO PARA LAS ADMINISTRACIONES PÚBLICAS,estatal,Real Decreto,36848,36851,"Real Decreto 2171/1993, de 10 de diciembre, sobre traspaso de funciones y servicios de la Administración del Estado a la Comunidad Autónoma de las Islas Baleares en materia de radiodifusión."
1993-12-24,307,1,BOE-A-1993-30634,MINISTERIO PARA LAS ADMINISTRACIONES PÚBLICAS,estatal,Real Decreto,36851,36853,"Real Decreto 2172/1993, de 10 de diciembre, sobre traspaso de funciones y servicios de la Administración del Estado a la Comunidad Autónoma de la Región de Murcia en materia de Colegios Oficiales o Profesionales. ."
1993-12-24,307,1,BOE-A-1993-30635,MINISTERIO PARA LAS ADMINISTRACIONES PÚBLICAS,estatal,Real Decreto,36853,36855,"Real Decreto 2173/1993, de 10 de diciembre, sobre traspaso de funciones y servicios de la Administración del Estado a la Comunidad Autónoma de la Región de Murcia en materia de radiodifusión."
1993-12-24,307,1,BOE-A-1993-30636,COMUNIDAD AUTÓNOMA DE CANARIAS,autonómico,Ley,36855,36859,"Ley 2/1993, de 19 de noviembre, de crédito extraordinario por importe de 3.000.000.000 de pesetas, con destino a la emisión de deuda pública de las Corporaciones Locales canarias y por la que se modifican los artículos 30 y 31 de la Ley 10/1992, de 23 de diciembre, de Presupuestos Generales de la Comunidad Autónoma de Canarias para 1993."
1993-12-25,308,1,BOE-A-1993-30691,MINISTERIO DE ASUNTOS EXTERIORES,estatal,Tratado o acuerdo internacional,36982,36982,"Convenio aduanero relativo al transporte internacional de mercancías al amparo de los cuadernos TIR, hecho en Ginebra el 14 de noviembre de 1975 (publicado en el «Boletín Oficial del Estado» de 9 de febrero de 1983), enmiendas propuestas por Suecia al anexo 6 y puestas en circulación por el Secretario General de las Naciones Unidas el 24 de marzo de 1993."
1993-12-25,308,1,BOE-A-1993-30692,MINISTERIO DE ECONOMÍA Y HACIENDA,estatal,Resolución,36982,36983,"Resolución de 15 de diciembre de 1993, del Departamento de Inspección Financiera y Tributaria, por la que se aprueban los modelos de tarjetas de identidad del personal inspector."
1993-12-25,308,1,BOE-A-1993-30693,MINISTERIO PARA LAS ADMINISTRACIONES PÚBLICAS,estatal,Real Decreto,36983,36985,"Real Decreto 2162/1993, de 10 de diciembre, sobre traspaso de funciones y servicios de la Administración del Estado a la Comunidad Autónoma de Aragón en materia de Colegios Oficiales o Profesionales."
1993-12-25,308,1,BOE-A-1993-30694,MINISTERIO PARA LAS ADMINISTRACIONES PÚBLICAS,estatal,Real Decreto,36985,36988,"Real Decreto 2163/1993, de 10 de diciembre, sobre traspaso de funciones y servicios de la Administración del Estado a la Comunidad Autónoma de Aragón en materia de radiodifusión."
1993-12-25,308,1,BOE-A-1993-30695,MINISTERIO PARA LAS ADMINISTRACIONES PÚBLICAS,estatal,Real Decreto,36988,36992,"Real Decreto 2164/1993, de 10 de diciembre, sobre traspaso de funciones y servicios de la Administración del Estado a la Comunidad Autónoma de Castilla-La Mancha en materia de minas."
1993-12-25,308,1,BOE-A-1993-30696,MINISTERIO PARA LAS ADMINISTRACIONES PÚBLICAS,estatal,Real Decreto,36993,36995,"Real Decreto 2165/1993, de 10 de diciembre, sobre traspaso de funciones y servicios de la Administración del Estado a la Comunidad Autónoma de Castilla-La Mancha en materia de radiodifusión."
1993-12-27,309,1,BOE-A-1993-30784,MINISTERIO DE ECONOMÍA Y HACIENDA,estatal,Orden,37029,37029,"Orden de 18 de noviembre de 1993 por la que se delimita el ámbito territorial de actuación del Consorcio de Compensación de Seguros en relación con el seguro de responsabilidad civil derivada del uso y circulación de vehículos de motor, de suscripción obligatoria."
1993-12-27,309,1,BOE-A-1993-30785,MINISTERIO DE EDUCACIÓN Y CIENCIA,estatal,Orden,37030,37030,Orden de 10 de diciembre de 1993 por la que se determinan las titulaciones y los estudios de primer ciclo y los complementos de formación para el acceso a las enseñanzas conducentes a la obtención del título oficial de Ingeniero de Telecomunicación.
1993-12-27,309,1,BOE-A-1993-30786,MINISTERIO DE EDUCACIÓN Y CIENCIA,estatal,Orden,37030,37030,Orden de 10 de diciembre de 1993 por la que se determinan las titulaciones y los estudios de primer ciclo y los complementos de formación para el acceso a las enseñanzas conducentes a la obtención del título oficial de Ingeniero en Organización Industrial.
1993-12-27,309,1,BOE-A-1993-30787,MINISTERIO DE EDUCACIÓN Y CIENCIA,estatal,Orden,37030,37031,Orden de 10 de diciembre de 1993 por la que se determinan las titulaciones y los estudios de primer ciclo y los complementos de formación para el acceso a las enseñanzas conducentes a la obtención del título oficial de Ingeniero Naval y Oceánico.
1993-12-27,309,1,BOE-A-1993-30788,MINISTERIO DE EDUCACIÓN Y CIENCIA,estatal,Orden,37031,37031,Orden de 10 de diciembre de 1993 por la que se amplía la Orden de 11 de septiembre de 1991 por la que se determinan las titulaciones y los estudios de primer ciclo y los complementos de formación para el acceso al segundo ciclo de las enseñanzas conducentes a la obtención del título oficial de Licenciado en Administración y Dirección de Empresas.
1993-12-27,309,1,BOE-A-1993-30789,MINISTERIO DE EDUCACIÓN Y CIENCIA,estatal,Orden,37031,37032,Orden de 10 de diciembre de 1993 por la que se amplía la Orden de 22 de diciembre de 1992 por la que se establecen las titulaciones y los estudios de primer ciclo y los complementos de formación para el acceso a las enseñanzas de segundo ciclo conducentes a la obtención del título oficial de Licenciado en Máquinas Navales.
1993-12-27,309,1,BOE-A-1993-30790,MINISTERIO DE EDUCACIÓN Y CIENCIA,estatal,Orden,37032,37032,Orden de 10 de diciembre de 1993 por la que se determinan las titulaciones y los estudios de primer ciclo y los complementos de formación para el acceso a las enseñanzas conducentes a la obtención del título oficial de Ingeniero Químico.
1993-12-27,309,1,BOE-A-1993-30791,MINISTERIO DE EDUCACIÓN Y CIENCIA,estatal,Orden,37032,37032,Orden de 10 de diciembre de 1993 por la que se determinan las titulaciones y los estudios de primer ciclo y los complementos de formación para el acceso a las enseñanzas conducentes a la obtención del título oficial de Ingeniero Aeronáutico.
1993-12-27,309,1,BOE-A-1993-30792,MINISTERIO DE EDUCACIÓN Y CIENCIA,estatal,Orden,37032,37033,Orden de 10 de diciembre de 1993 por la que se determinan las titulaciones y los estudios de primer ciclo y los complementos de formación para el acceso a las enseñanzas conducentes a la obtención del título oficial de Licenciado en Humanidades.
1993-12-27,309,1,BOE-A-1993-30793,MINISTERIO DE EDUCACIÓN Y CIENCIA,estatal,Orden,37033,37033,Orden de 10 de diciembre de 1993 por la que se determinan las titulaciones y los estudios de primer ciclo y los complementos de formación para el acceso a las enseñanzas conducentes a la obtención del título oficial de Licenciado en Traducción e Interpretación.
1993-12-27,309,1,BOE-A-1993-30794,MINISTERIO DE EDUCACIÓN Y CIENCIA,estatal,Orden,37033,37033,Orden de 10 de diciembre de 1993 por la que se determinan las titulaciones y los estudios de primer ciclo y los complementos de formación para el acceso a las enseñanzas conducentes a la obtención del título oficial de Licenciado en Ciencias del Mar.
1993-12-27,309,1,BOE-A-1993-30795,MINISTERIO DE EDUCACIÓN Y CIENCIA,estatal,Orden,37034,37034,Orden de 10 de diciembre de 1993 por la que se determinan las titulaciones y los estudios de primer ciclo y los complementos de formación para el acceso a las enseñanzas conducentes a la obtención del título oficial de Licenciado en Economía.
1993-12-27,309,1,BOE-A-1993-30796,MINISTERIO DE EDUCACIÓN Y CIENCIA,estatal,Orden,37034,37034,Orden de 10 de diciembre de 1993 por la que se determinan las titulaciones y los estudios de primer ciclo y los complementos de formación para el acceso a las enseñanzas conducentes a la obtención del título oficial de Ingeniero Industrial.
1993-12-27,309,1,BOE-A-1993-30797,MINISTERIO DE EDUCACIÓN Y CIENCIA,estatal,Orden,37034,37035,Orden de 10 de diciembre de 1993 por la que se determinan las titulaciones y los estudios de primer ciclo y los complementos de formación para el acceso a las enseñanzas conducentes a la obtención del título oficial de Ingeniero en Automática y Electrónica Industrial.
1993-12-27,309,1,BOE-A-1993-30798,MINISTERIO DE EDUCACIÓN Y CIENCIA,estatal,Orden,37035,37035,Orden de 10 de diciembre de 1993 por la que se determinan las titulaciones y los estudios de primer ciclo y los complementos de formación para el acceso a las enseñanzas conducentes a la obtención del título oficial de Licenciado en Pedagogía.
1993-12-27,309,1,BOE-A-1993-30799,MINISTERIO DE EDUCACIÓN Y CIENCIA,estatal,Orden,37035,37036,"Orden de 10 de diciembre de 1993 por la que se amplía la Orden de 22 de diciembre de 1992, por la que se establecen las titulaciones y estudios previos de primer ciclo, así como los complementos de formación para el acceso a las enseñanzas de segundo ciclo conducentes a la obtención del título oficial de Licenciado en Antropología Social y Cultural."
1993-12-27,309,1,BOE-A-1993-30800,MINISTERIO DE EDUCACIÓN Y CIENCIA,estatal,Orden,37036,37036,"Orden de 10 de diciembre de 1993 por la que se determinan las titulaciones y los estudios de primer ciclo y los complementos de formación para el acceso a las enseñanzas de segundo ciclo conducentes a la obtención del título oficial de Ingeniero de Caminos, Canales y Puertos."
1993-12-27,309,1,BOE-A-1993-30801,MINISTERIO DE EDUCACIÓN Y CIENCIA,estatal,Orden,37036,37036,Orden de 10 de diciembre de 1993 por la que se determinan las titulaciones y los estudios de primer ciclo y los complementos de formación para el acceso a las enseñanzas de segundo ciclo conducentes a la obtención del titulo oficial de Licenciado en Ciencias Políticas y de la Administración.
1993-12-27,309,1,BOE-A-1993-30802,MINISTERIO DE EDUCACIÓN Y CIENCIA,estatal,Orden,37037,37037,Orden de 10 de diciembre de 1993 por la que se determinan las titulaciones y los estudios de primer ciclo y los complementos de formación para el acceso a las enseñanzas conducentes a la obtención del título oficial de Ingeniero en Geodesia y Cartografía.
1993-12-27,309,1,BOE-A-1993-30803,MINISTERIO DE EDUCACIÓN Y CIENCIA,estatal,Orden,37037,37037,Orden de 10 de diciembre de 1993 por la que se determinan las titulaciones y los estudios de primer ciclo y los complementos de formación para el acceso a las enseñanzas conducentes a la obtención del título oficial de Licenciado en Matemáticas.
1993-12-27,309,1,BOE-A-1993-30804,MINISTERIO DE EDUCACIÓN Y CIENCIA,estatal,Orden,37037,37038,Orden de 10 de diciembre de 1993 por la que se determinan las titulaciones y los estudios de primer ciclo y los complementos de formación para el acceso a las enseñanzas conducentes a la obtención del título oficial de Licenciado en Química.
1993-12-27,309,1,BOE-A-1993-30805,MINISTERIO DE EDUCACIÓN Y CIENCIA,estatal,Orden,37038,37038,Orden de 10 de diciembre de 1993 por la que se determinan las titulaciones y los estudios de primer ciclo y los complementos de formación para el acceso a las ensañanzas conducentes a la obtención del título oficial de Licenciado en Geología.
1993-12-28,310,1,BOE-A-1993-30872,JEFATURA DEL ESTADO,estatal,Real Decreto-ley,37070,37070,"Real Decreto-ley 20/1993, de 22 de diciembre, por el que se prorroga el plazo que se establece en la disposición adicional segunda de la Ley Orgánica 5/1992, de 29 de octubre, de regulación del tratamiento automatizado de los datos de carácter personal."
1993-12-28,310,1,BOE-A-1993-30873,CORTES GENERALES,estatal,Resolución,37070,37070,"Resolución de 21 de diciembre de 1993, del Congreso de los Diputados, por la que se ordena la publicación del Acuerdo de convalidación del Real Decreto-ley 19/1993, de 10 de diciembre, de Medidas Urgentes para la Cinematografía."
1993-12-28,310,1,BOE-A-1993-30874,CORTES GENERALES,estatal,Resolución,37070,37071,"Resolución de 21 de diciembre de 1993, del Congreso de los Diputados, por la que se ordena la publicación del acuerdo de convalidación del Real Decreto-ley 17/1993, de 3 de diciembre, por el que se concede al Ministerio de Trabajo y Seguridad Social un suplemento de crédito por importe de 456.374.000.000 de pesetas, destinado a la cobertura de obligaciones derivadas de las prestaciones por desempleo correspondientes al ejercicio de 1993."
1993-12-28,310,1,BOE-A-1993-30875,MINISTERIO DE EDUCACIÓN Y CIENCIA,estatal,Orden,37071,37071,Orden de 10 de diciembre de 1993 por la que se determinan las titulaciones y los estudios de primer ciclo y los complementos de formación para el acceso a las enseñanzas conducentes a la obtención del título oficial de Licenciado en Sociología.
1993-12-28,310,1,BOE-A-1993-30876,MINISTERIO DE INDUSTRIA Y ENERGÍA,estatal,Resolución,37071,37071,"Resolución de 21 de diciembre de 1993, de la Dirección General de la Energía, por la que se corrigen errores de la Resolución de 15 de diciembre de 1993 por la que se hacen públicos los nuevos precios máximos de venta, antes de impuestos, de los gases licuados del petróleo, a granel y de automoción, en el ámbito de la península e islas Baleares."
1993-12-28,310,1,BOE-A-1993-30877,MINISTERIO DE COMERCIO Y TURISMO,estatal,Real Decreto,37071,37073,"Real Decreto 2276/1993, de 22 de diciembre, por el que se aprueba la nomenclatura y los derechos arancelarios para el año 1994."
1993-12-28,310,1,BOE-A-1993-30878,MINISTERIO DE COMERCIO Y TURISMO,estatal,Real Decreto,37073,37073,"Real Decreto 2277/1993, de 22 de diciembre, por el que se establece contingentes arancelarios para ciertos productos clasificados en el capítulo 27 del vigente Arancel de Aduanas."
1993-12-28,310,1,BOE-A-1993-30879,BANCO DE ESPAÑA,estatal,Instrucción o circular,37074,37120,"Circular 11/1993, de 17 de diciembre de 1993, a Entidades de Crédito, sobre modificación de la circular 4/1991, sobre normas de contabilidad y modelos de estados financieros."
1993-12-28,310,1,BOE-A-1993-30880,BANCO DE ESPAÑA,estatal,Instrucción o circular,37121,37141,"Circular 12/1993, de 17 de diciembre de 1993, a Entidades de Crédito, sobre modificación de la circular 5/1993, de 26 de marzo, sobre determinación y control de los recursos propios mínimos."
1993-12-29,311,1,BOE-A-1993-30991,JEFATURA DEL ESTADO,estatal,Ley,37327,37332,"Ley 19/1993, de 28 de diciembre, sobre determinadas medidas de prevención del blanqueo de capitales."
1993-12-29,311,1,BOE-A-1993-30992,MINISTERIO DE ECONOMÍA Y HACIENDA,estatal,Instrucción o circular,37332,37332,"Circular 12/93 del Departamento de Aduanas e Impuestos Especiales de la Agencia Estatal de la Administración Tributaria de 21 de diciembre, relativa a las estadísticas de los intercambios de bienes entre los Estados miembros de la Comunidad Europea."
1993-12-29,311,1,BOE-A-1993-30993,"MINISTERIO DE OBRAS PÚBLICAS, TRANSPORTES Y MEDIO AMBIENTE",estatal,Orden,37332,37333,"Orden de 22 de diciembre de 1993 por la que se determinan para 1994 los módulos y su ponderación para las actuaciones protegibles del Plan de Vivienda 1992-1995, a que se refiere el Real Decreto 1932/1991, de 20 de diciembre, y se indican los precios máximos de dichas actuaciones."
1993-12-29,311,1,BOE-A-1993-30994,MINISTERIO DE EDUCACIÓN Y CIENCIA,estatal,Orden,37333,37334,Orden de 10 de diciembre de 1993 por la que se determinan las titulaciones y los estudios de primer ciclo y los complementos de formación para el acceso a las enseñanzas conducentes a la obtención del título oficial de Ingeniero de Minas.
1993-12-29,311,1,BOE-A-1993-30995,MINISTERIO DE INDUSTRIA Y ENERGÍA,estatal,Corrección,37334,37334,"Corrección de errores de la Orden de 5 de noviembre de 1993 por la que se establece un sistema de precios máximos de venta, antes de impuestos, de los gases licuados del petróleo por canalización en el ámbito de la península e islas Baleares."
1993-12-29,311,1,BOE-A-1993-30996,MINISTERIO PARA LAS ADMINISTRACIONES PÚBLICAS,estatal,Real Decreto,37334,37336,"Real Decreto 2226/1993, de 17 de diciembre, sobre ampliación de los medios adscritos a los servicios traspasados a la Comunidad Autónoma de Aragón en materia de cultura."
1993-12-29,311,1,BOE-A-1993-30997,MINISTERIO PARA LAS ADMINISTRACIONES PÚBLICAS,estatal,Real Decreto,37336,37338,"Real Decreto 2227/1993, de 17 de diciembre, sobre ampliación de medios adscritos a los servicios traspasados a la Comunidad Autónoma de Aragón en materia de protección de menores."
1993-12-29,311,1,BOE-A-1993-30998,MINISTERIO PARA LAS ADMINISTRACIONES PÚBLICAS,estatal,Real Decreto,37338,37343,"Real Decreto 2228/1993, de 17 de diciembre, sobre ampliación de las funciones y los medios adscritos a los servicios traspasados a la Comunidad de Castilla y León en materia de cultura."
1993-12-29,311,1,BOE-A-1993-30999,MINISTERIO PARA LAS ADMINISTRACIONES PÚBLICAS,estatal,Real Decreto,37343,37345,"Real Decreto 2229/1993, de 17 de diciembre, sobre ampliación de medios adscritos a los servicios traspasados a la Comunidad de Castilla y León en materia de protección de menores."
1993-12-29,311,1,BOE-A-1993-31000,MINISTERIO PARA LAS ADMINISTRACIONES PÚBLICAS,estatal,Real Decreto,37345,37347,"Real Decreto 2230/1993, de 17 de diciembre, sobre ampliación de medios materiales traspasados a la Comunidad Autónoma de las Islas Baleares en materia de deportes."
1993-12-29,311,1,BOE-A-1993-31001,MINISTERIO PARA LAS ADMINISTRACIONES PÚBLICAS,estatal,Real Decreto,37347,37350,"Real Decreto 2231/1993, de 17 de diciembre, sobre traspaso de funciones y servicios del Estado a la Comunidad Autónoma de las Islas Baleares en materia de semillas y plantas de vivero."
1993-12-29,311,1,BOE-A-1993-31002,MINISTERIO PARA LAS ADMINISTRACIONES PÚBLICAS,estatal,Real Decreto,37350,37352,"Real Decreto 2233/1993, de 17 de diciembre, sobre ampliación de medios adscritos a los servicios traspasados a la Comunidad de Madrid en materia de protección de menores."
1993-12-29,311,1,BOE-A-1993-31003,MINISTERIO PARA LAS ADMINISTRACIONES PÚBLICAS,estatal,Resolución,37352,37354,"Resolución de 20 de diciembre de 1993, de la Secretaría de Estado para la Administración Pública, por la que se establece el calendario de días inhábiles en el ámbito de la Administración General del Estado para el año 1994, a efectos de cómputos de plazos."
1993-12-29,311,1,BOE-A-1993-31004,COMUNIDAD AUTÓNOMA DE CATALUÑA,autonómico,Ley,37355,37355,"Ley 14/1993 de 25 de noviembre, de modificación del Decreto Legislativo 1/1992, de 10 de febrero, por el cual se aprueba el texto refundido de la Ley de Cooperativas de Cataluña."
1993-12-30,312,1,BOE-A-1993-31086,JEFATURA DEL ESTADO,estatal,Ley,37478,37483,"Ley 20/1993, de 29 de diciembre, sobre concesión de créditos extraordinarios a las Secciones 32 y 33 de los Presupuestos Generales del Estado para 1993, para aplicar el Acuerdo sobre el sistema de financiación autonómica en el período 1992-1996."
1993-12-30,312,1,BOE-A-1993-31087,JEFATURA DEL ESTADO,estatal,Ley,37483,37543,"Ley 21/1993, de 29 de diciembre, de Presupuestos Generales del Estado para 1994."
1993-12-30,312,1,BOE-A-1993-31088,MINISTERIO DE JUSTICIA,estatal,Real Decreto,37543,37544,"Real Decreto 2117/1993, de 3 de diciembre, por el que se modifican los artículos 232 y 283 del Reglamento del Registro Mercantil, aprobado por Real Decreto 1597/1989, de 29 de diciembre."
1993-12-30,312,1,BOE-A-1993-31089,MINISTERIO DE ECONOMÍA Y HACIENDA,estatal,Orden,37544,37545,"Orden de 17 de diciembre de 1993 por la que se fija el contravalor en pesetas de la unidad de cuenta europea (ECU), a los efectos de la aplicación de las franquicias correspondientes a las importaciones de bienes con ocasión de un matrimonio, importaciones de bienes de escaso valor, importaciones de bienes en régimen de viajeros e importaciones de pequeños envíos."
1993-12-30,312,1,BOE-A-1993-31090,MINISTERIO DE ECONOMÍA Y HACIENDA,estatal,Resolución,37545,37545,"Resolución de 20 de diciembre de 1993, del Departamento de Aduanas e Impuestos Especiales de la Agencia Estatal de la Administración Tributaria, por la que se actualiza el Arancel Integrado de Aplicación (TARIC)."
1993-12-30,312,1,BOE-A-1993-31091,MINISTERIO DE ECONOMÍA Y HACIENDA,estatal,Instrucción o circular,37545,37548,"Circular 2/1993, de 10 de diciembre, del Departamento de Recaudación de la Agencia Estatal de Administración Tributaria, por la que se dictan instrucciones para la tramitación de expedientes de compensación de oficio de deudas de Entidades públicas."
1993-12-30,312,1,BOE-A-1993-31092,"MINISTERIO DE OBRAS PÚBLICAS, TRANSPORTES Y MEDIO AMBIENTE",estatal,Orden,37548,37554,Orden de 23 de diciembre de 1993 por la que se modifican determinadas tarifas de los servicios básicos postales.
1993-12-30,312,1,BOE-A-1993-31093,"MINISTERIO DE OBRAS PÚBLICAS, TRANSPORTES Y MEDIO AMBIENTE",estatal,Resolución,37554,37563,"Resolución de 17 de diciembre de 1993, de la Secretaría General de Comunicaciones, por la que se dispone la publicación del Acuerdo del Consejo Rector del Organismo autónomo Correos y Telégrafos, de 22 de octubre de 1993, por el que se aprueban las tarifas de determinados servicios prestados por el Organismo autónomo Correos y Telégrafos."
1993-12-30,312,1,BOE-A-1993-31094,MINISTERIO DE INDUSTRIA Y ENERGÍA,estatal,Corrección,37563,37563,Corrección de errores de la Orden de 15 de octubre de 1993 por la que se determinan los valores estándares brutos y netos definitivos a 31 de diciembre de 1990 y provisionales a 31 de diciembre de 1991 de las instalaciones de distribución de energía eléctrica con una tensión de funcionamiento igual o superior a 36 KV y centros de control de energía y despachos de maniobra.
1993-12-30,312,1,BOE-A-1993-31095,MINISTERIO DE INDUSTRIA Y ENERGÍA,estatal,Corrección,37563,37563,"Corrección de errores de la Orden de 15 de octubre de 1993 por la que se fijan los valores estándares brutos y netos a 31 de diciembre de 1992, el valor actualizado neto estándar a efectos de retribución y la modalidad de actualización de las instalaciones de generación eléctrica que han entrado en explotación durante 1992 y se determina su integración en el Sistema Eléctrico Nacional."
1993-12-30,312,1,BOE-A-1993-31096,MINISTERIO DE INDUSTRIA Y ENERGÍA,estatal,Corrección,37563,37564,"Corrección de errores de la Orden de 15 de octubre de 1993 por la que se determinan los valores estándares brutos y netos definitivos a 31 de diciembre de 1991 y provisionales a 31 de diciembre de 1992, de las instalaciones de distribución de energía eléctrica con una tensión de funcionamiento igual o superior a 36 KV y centros de control de energía y despachos de maniobra."
1993-12-30,312,1,BOE-A-1993-31097,"MINISTERIO DE AGRICULTURA, PESCA Y ALIMENTACIÓN",estatal,Orden,37564,37564,"Orden de 28 de diciembre de 1993 por la que se modifica la de 17 de mayo de 1993, por la que se establecen las obligaciones a que están sujetos los productores, comerciantes e importadores de vegetales, productos vegetales y otros objetos, así como las normas detalladas para su inscripción en un Registro oficial."
1993-12-30,312,1,BOE-A-1993-31098,"MINISTERIO DE AGRICULTURA, PESCA Y ALIMENTACIÓN",estatal,Orden,37564,37564,Orden de 28 de diciembre de 1993 por la que se modifica la de 30 de julio de 1993 por la que se instrumenta un plan de abandono nacional voluntario y definitivo de la producción lechera.
1993-12-30,312,1,BOE-A-1993-31099,MINISTERIO PARA LAS ADMINISTRACIONES PÚBLICAS,estatal,Real Decreto,37564,37568,"Real Decreto 2225/1993, de 17 de diciembre, por el que se aprueba el Reglamento del procedimiento para la concesión de subvenciones públicas."
1993-12-30,312,1,BOE-A-1993-31100,MINISTERIO PARA LAS ADMINISTRACIONES PÚBLICAS,estatal,Real Decreto,37568,37574,"Real Decreto 2232/1993, de 17 de diciembre, sobre traspaso de funciones y servicios del Estado a la Comunidad Autónoma de las Islas Baleares en materia de transportes por ferrocarril."
1993-12-30,312,1,BOE-A-1993-31101,COMUNIDAD AUTÓNOMA DE CATALUÑA,autonómico,Ley,37575,37575,"Ley 13/1993, de 25 de noviembre, de adecuación de la Ley 6/1989, de 25 de mayo, en materia de Cajas de Ahorros."
1993-12-30,312,1,BOE-A-1993-31102,COMUNIDAD AUTÓNOMA DE CANTABRIA,autonómico,Ley,37575,37578,"Ley 8/1993, de 18 de noviembre, del Plan de Gestión de Residuos Sólidos Urbanos de Cantabria."
1993-12-30,312,1,BOE-A-1993-31103,COMUNIDAD AUTÓNOMA DE MADRID,autonómico,Ley,37578,37587,"Ley 10/1993, de 26 de octubre, sobre Vertidos Líquidos Industriales al Sistema Integral de Saneamiento."
1993-12-31,313,1,BOE-A-1993-31153,JEFATURA DEL ESTADO,estatal,Ley,37736,37754,"Ley 22/1993, de 29 de diciembre, de medidas fiscales, de reforma del régimen jurídico de la función pública y de la protección por desempleo."
1993-12-31,313,1,BOE-A-1993-31154,JEFATURA DEL ESTADO,estatal,Real Decreto-ley,37754,37767,"Real Decreto-ley 21/1993, de 29 de diciembre, por el que se modifica la Ley 20/1991, de 7 de junio, de modificación de los aspectos fiscales del Régimen Económico-Fiscal de Canarias."
1993-12-31,313,1,BOE-A-1993-31155,PRESIDENCIA DEL GOBIERNO,estatal,Real Decreto,37767,37768,"Real Decreto 2314/1993, de 29 de diciembre, por el que se modifica la adscripción ministerial de la Delegación del Gobierno para el Plan Nacional sobre Drogas."
1993-12-31,313,1,BOE-A-1993-31156,CORTES GENERALES,estatal,Resolución,37768,37768,"Resolución de 28 de diciembre de 1993, del Congreso de los Diputados, por la que se ordena la publicación del acuerdo de convalidación del Real Decreto-ley 18/1993, de 3 de diciembre, de Medidas Urgentes de Fomento de la Ocupación."
1993-12-31,313,1,BOE-A-1993-31157,MINISTERIO DE ECONOMÍA Y HACIENDA,estatal,Orden,37768,37780,"Orden de 28 de diciembre de 1993 por la que se aprueban el modelo 199 de identificación de las operaciones de las Entidades de crédito (artículo 15 del Real Decreto 338/1990), declaración anual, así como los diseños físicos y lógicos para la sustitución de las hojas interiores por soportes magnéticos directamente legibles por ordenador."
1993-12-31,313,1,BOE-A-1993-31158,MINISTERIO DE ECONOMÍA Y HACIENDA,estatal,Orden,37781,37781,"Orden de 29 de diciembre de 1993 por la que se establecen los umbrales estadísticos de simplificación y asimilación definidos en el artículo 28 del Reglamento (CEE) número 3.330/91 del Consejo de la CE («Diario Oficial de la Comunidad Europea» número L316, de 5 de noviembre)."
1993-12-31,313,1,BOE-A-1993-31159,MINISTERIO DE ECONOMÍA Y HACIENDA,estatal,Orden,37781,37789,Orden de 29 de diciembre de 1993 por la que se aprueba un nuevo modelo de declaración para cuotas municipales del Impuesto sobre Actividades Económicas.
1993-12-31,313,1,BOE-A-1993-31160,MINISTERIO DE ECONOMÍA Y HACIENDA,estatal,Resolución,37790,37796,"Resolución de 28 de diciembre de 1993, de la Delegación del Gobierno en el Monopolio de Tabacos, por la que se publica la tarifa de precios de venta al público de las labores de tabaco en expendedurías de tabaco y timbre del área del Monopolio de la península e islas Baleares."
1993-12-31,313,1,BOE-A-1993-31161,MINISTERIO DE ECONOMÍA Y HACIENDA,estatal,Resolución,37796,37796,"Resolución de 28 de diciembre de 1993, de la Delegación del Gobierno en el Monopolio de Tabacos, por la que se fijan los nuevos precios de venta al público de las labores de tabaco expendidas en establecimientos mercantiles de venta con recargo, máquinas automáticas autorizadas al efecto y autorizaciones especiales de la península e islas Baleares."
1993-12-31,313,1,BOE-A-1993-31162,MINISTERIO DE ECONOMÍA Y HACIENDA,estatal,Corrección,37796,37796,"Corrección de errores de la Circular 11/1993, de 30 de noviembre, del Departamento de Aduanas e Impuestos Especiales, por la que se actualiza el texto de la Circular 9/1992, de 15 de diciembre, relativa a las instrucciones para la formalización del documento único administrativo (D.U.A.)."
1993-12-31,313,1,BOE-A-1993-31163,"MINISTERIO DE OBRAS PÚBLICAS, TRANSPORTES Y MEDIO AMBIENTE",estatal,Orden,37796,37799,"Orden de 27 de diciembre de 1993 por la que se reemplazan los anexos 1 y 2 del Decreto 1675/1972, de 28 de junio, relativo a las tarifas por ayudas a la navegación aérea (Eurocontrol)."
1993-12-31,313,1,BOE-A-1993-31164,MINISTERIO DE TRABAJO Y SEGURIDAD SOCIAL,estatal,Real Decreto,37799,37808,"Real Decreto 2317/1993, de 29 de diciembre, por el que se desarrollan los contratos en prácticas y de aprendizaje y los contratos a tiempo parcial."
1993-12-31,313,1,BOE-A-1993-31165,MINISTERIO DE TRABAJO Y SEGURIDAD SOCIAL,estatal,Real Decreto,37809,37810,"Real Decreto 2318/1993, de 29 de diciembre, por el que se fija el salario mínimo interprofesional para 1994."
1993-12-31,313,1,BOE-A-1993-31166,MINISTERIO DE TRABAJO Y SEGURIDAD SOCIAL,estatal,Real Decreto,37810,37817,"Real Decreto 2319/1993, de 29 de diciembre, sobre revalorización de pensiones del sistema de la Seguridad Social y de otras prestaciones de protección social pública para 1994."
1993-12-31,313,1,BOE-A-1993-31167,MINISTERIO DE INDUSTRIA Y ENERGÍA,estatal,Real Decreto,37817,37819,"Real Decreto 2320/1993, de 29 de diciembre, por el que se establece la tarifa eléctrica para 1994."
1993-12-31,313,1,BOE-A-1993-31168,MINISTERIO DE INDUSTRIA Y ENERGÍA,estatal,Orden,37819,37819,Orden de 28 de diciembre de 1993 por la que se modifican las Ordenes de 10 de julio de 1984 y de 27 de diciembre de 1985 sobre homologación de ciclomotores.
1993-12-31,313,1,BOE-A-1993-31169,MINISTERIO DE INDUSTRIA Y ENERGÍA,estatal,Resolución,37819,37819,"Resolución de 29 de diciembre de 1993, de la Dirección General de la Energía, por la que se publican los precios máximos de venta al público de gasolinas y gasóleos, aplicables en el ámbito de la península e islas Baleares a partir del día 1 de enero de 1994."
1993-12-31,313,1,BOE-A-1993-31170,MINISTERIO DE INDUSTRIA Y ENERGÍA,estatal,Resolución,37820,37820,"Resolución de 29 de diciembre de 1993, de la Dirección General de la Energía, por la que se publican los precios máximos de venta al público de gasolinas y gasóleos, Impuesto General Indirecto Canario excluido, aplicables en el ámbito de la Comunidad Autónoma de Canarias a partir del día 1 de enero de 1994."
1993-12-31,313,1,BOE-A-1993-31171,"MINISTERIO DE AGRICULTURA, PESCA Y ALIMENTACIÓN",estatal,Orden,37820,37827,Orden de 28 de diciembre de 1993 por la que se instrumenta un plan de abandono voluntario y definitivo de la producción lechera.
1993-12-31,313,1,BOE-A-1993-31172,MINISTERIO PARA LAS ADMINISTRACIONES PÚBLICAS,estatal,Real Decreto,37828,37828,"Real Decreto 2321/1993, de 29 de diciembre, por el que se desarrolla la disposición final segunda de la Ley 34/1992, de 22 de diciembre, de ordenación del sector petrolero."
1993-12-31,313,1,BOE-A-1993-31173,MINISTERIO PARA LAS ADMINISTRACIONES PÚBLICAS,estatal,Real Decreto,37828,37829,"Real Decreto 2322/1993, de 29 de diciembre, por el que se modifica la estructura orgánica del Ministerio del interior."
1993-12-31,313,1,BOE-A-1993-31174,MINISTERIO PARA LAS ADMINISTRACIONES PÚBLICAS,estatal,Resolución,37829,37830,"Resolución de 27 de diciembre de 1993, de la Subsecretaría, por la que se dispone la publicación del Acuerdo del Consejo de Ministros de 17 de diciembre de 1993 por el que se dictan instrucciones para uniformar y limitar la cuantía de las indemnizaciones por extinción del contrato de trabajo de los altos cargos y personal directivo del sector público estatal."
1993-12-31,313,1,BOE-A-1993-31175,MINISTERIO DE COMERCIO Y TURISMO,estatal,Resolución,37831,37831,"Resolución de 22 de diciembre de 1993, de la Dirección General de Comercio Exterior, por la que se convoca contingente de importación para productos del sector de la carne bovina procedentes de terceros países."
1993-12-31,313,1,BOE-A-1993-31176,MINISTERIO DE COMERCIO Y TURISMO,estatal,Resolución,37831,37832,"Resolución de 22 de diciembre de 1993, de la Dirección General de Comercio Exterior, por la que se convoca para 1994 contingente de importación de carne de conejo doméstico procedente de terceros países."
1993-12-31,313,1,BOE-A-1993-31177,MINISTERIO DE COMERCIO Y TURISMO,estatal,Resolución,37832,37833,"Resolución de 22 de diciembre de 1993, de la Dirección General de Comercio Exterior, por la que se convoca contingente de importación de productos del sector de la carne de porcino procedentes de terceros países."
1993-12-31,313,1,BOE-A-1993-31178,MINISTERIO DE COMERCIO Y TURISMO,estatal,Resolución,37833,37833,"Resolución de 28 de diciembre de 1993, de la Secretaría de Estado de Comercio, por la que se amplía el período de vigencia de las restricciones cuantitativas existentes para la importación de aluminio en bruto originario de Armenia, Azerbaiyán, Bielorrusia, Georgia, Kazajstán, Kirguizistán, Moldavia, Rusia, Tayikistán, Turkmenistán, Uzbekistán, Ucrania, Estonia, Lituania y Letonia."
1993-12-31,313,1,BOE-A-1993-31179,BANCO DE ESPAÑA,estatal,Instrucción o circular,37833,37835,"Circular número 13/1993, de 21 de diciembre, a Entidades de crédito, sobre modificación de la Circular 8/90, sobre transparencia de las operaciones y protección a la clientela."
