fecha,diario,seccion,id,departamento,ambito,tipo,pag_ini,pag_fin,titulo
2001-01-01,1,1,BOE-A-2001-1,MINISTERIO DE HACIENDA,estatal,Orden,5,6,Orden de 28 de diciembre de 2000 por la que se reduce para 1999 el rendimiento neto en el régimen de estimación objetiva en el Impuesto sobre la Renta de las Personas Físicas para determinadas actividades agrícolas desarrolladas en Cataluña y se reducen para los años 2000 y 2001 los índices de cuota devengada por operaciones corrientes en el régimen simplificado del Impuesto sobre el Valor Añadido para determinadas actividades ganaderas.
2001-01-02,2,1,BOE-A-2001-82,MINISTERIO DE ASUNTOS EXTERIORES,estatal,Tratado o acuerdo internacional,69,69,"Enmienda al artículo 6 (1) del Estatuto Orgánico del Instituto Internacional para la Unificación del Derecho Privado (UNIDROIT), Roma 15 de marzo de 1940 (publicado en el ""Boletín Oficial del Estado"" número 303, de 18 de diciembre de 1982), adoptada por la Asamblea General de UNIDROIT en Roma el 12 de diciembre de 1989, en su 42.a sesión por Resolución 42 (3)."
2001-01-02,2,1,BOE-A-2001-83,MINISTERIO DE DEFENSA,estatal,Orden,69,70,"Orden 368/2000, de 20 de diciembre de 2000, por la que se crea la Comisión organizadora para la conmemoración del setenta y cinco aniversario de los tres grandes vuelos de la aviación española: ""Plus Ultra"", ""Patrulla Elcano"" y ""Patrulla Atlántida""."
2001-01-03,3,1,BOE-A-2001-171,MINISTERIO DE HACIENDA,estatal,Orden,135,137,Orden de 28 de diciembre de 2000 por la que se otorga el carácter de justificante de pago a determinados documentos emitidos por las entidades de depósito.
2001-01-03,3,1,BOE-A-2001-172,MINISTERIO DE HACIENDA,estatal,Resolución,137,152,"Resolución de 2 de enero de 2001, de la Secretaría de Estado de Presupuestos y Gastos, por la que se dictan instrucciones en relación con las nóminas de los funcionarios incluidos en el ámbito de aplicación de la Ley 30/1984, de 2 de agosto, y se actualizan para el año 2001 las cuantías de las retribuciones del personal a que se refieren los correspondientes artículos de la Ley de Presupuestos Generales del Estado para dicho ejercicio."
2001-01-03,3,1,BOE-A-2001-173,MINISTERIO DE TRABAJO Y ASUNTOS SOCIALES,estatal,Orden,152,152,"Orden de 2 de enero de 2001 por la que se dictan normas para la aplicación de lo dispuesto en los artículos 32 y 33 de la Ley 14/2000, de 29 de diciembre, de Medidas Fiscales, Administrativas y del Orden Social."
2001-01-03,3,1,BOE-A-2001-174,MINISTERIO DE LA PRESIDENCIA,estatal,Real Decreto,152,157,"Real Decreto 3425/2000, de 15 de diciembre, sobre inscripción de los españoles en los Registros de Matrícula de las Oficinas Consulares en el extranjero."
2001-01-03,3,1,BOE-A-2001-175,MINISTERIO DE CIENCIA Y TECNOLOGÍA,estatal,Orden,158,178,"Orden de 27 de diciembre de 2000 por la que se actualizan los anexos I y II del Real Decreto 2028/1986, de 6 de junio, sobre las normas para la aplicación de determinadas Directivas de la CE, relativas a la homologación de tipo de vehículos automóviles, remolques, simirremolques, motocicletas, ciclomotores y vehículos agrícolas, así como de partes y piezas de dichos vehículos."
2001-01-03,3,1,BOE-A-2001-176,MINISTERIO DE CIENCIA Y TECNOLOGÍA,estatal,Resolución,179,212,"Resolución de 2 de enero de 2001, de la Secretaría de Estado de Política Científica y Tecnológica, por la que se hace pública la relación de marcas y modelos de vehículos automóviles de turismo aptos para emplear gasolina sin plomo, a efectos de lo ordenado en la disposición adicional trigésimo tercera de la Ley 14/2000, de 29 de diciembre, de Medidas Fiscales, Administrativas y del Orden Social."
2001-01-04,4,1,BOE-A-2001-333,MINISTERIO DE DEFENSA,estatal,Orden,342,342,"Orden 376/2000, de 20 de diciembre, por la que se dictan normas sobre los sacerdotes y religiosos colaboradores del Servicio de Asistencia Religiosa en las Fuerzas Armadas."
2001-01-04,4,1,BOE-A-2001-334,MINISTERIO DEL INTERIOR,estatal,Orden,343,344,Orden de 21 de diciembre de 2000 por la que se crea la Comisión calificadora de documentos administrativos del Ministerio del Interior y se regula el acceso a los archivos de él dependientes.
2001-01-04,4,1,BOE-A-2001-335,MINISTERIO DE LA PRESIDENCIA,estatal,Orden,345,363,"Orden de 29 de diciembre de 2000 por la que se modifica el anexo del Real Decreto 2257/1994, de 25 de noviembre, por el que se aprueban los métodos oficiales de análisis de piensos o alimentos para animales y sus primeras materias."
2001-01-04,4,1,BOE-A-2001-336,MINISTERIO DE CIENCIA Y TECNOLOGÍA,estatal,Real Decreto,364,377,"Real Decreto 3428/2000, de 15 de diciembre, por el que se aprueban los Estatutos Generales de los Colegios Oficiales de Químicos y de su Consejo General."
2001-01-05,5,1,BOE-A-2001-417,MINISTERIO DE HACIENDA,estatal,Corrección,597,597,"Corrección de errores de la Orden de 21 de diciembre de 2000 por la que se establecen las condiciones generales y el procedimiento para la presentación telemática por internet de las declaraciones correspondientes a los modelos 117, 123, 124, 126, 128, 216, 131, 310, 311, 193, 198, 296 y 345."
2001-01-05,5,1,BOE-A-2001-418,MINISTERIO DE HACIENDA,estatal,Resolución,597,605,"Resolución de 20 de diciembre de 2000, de la Dirección General de la Agencia Estatal de Administración Tributaria, por la que se publican las directrices generales del Plan General de Control Tributario 2001, de conformidad con la Resolución de 27 de octubre de 1998, de la Presidencia de la Agencia."
2001-01-05,5,1,BOE-A-2001-419,MINISTERIO DE HACIENDA,estatal,Resolución,606,610,"Resolución de 28 de diciembre de 2000, del Departamento de Aduanas e Impuestos Especiales de la Agencia Estatal de la Administración Tributaria, por la que se actualiza el Arancel Integrado de Aplicación (TARIC)."
2001-01-05,5,1,BOE-A-2001-420,MINISTERIO DE FOMENTO,estatal,Orden,610,611,"Orden de 22 de diciembre de 2000 por la que se modifica la Orden de 14 de julio de 1995, sobre títulos y licencias aeronáuticos civiles."
2001-01-05,5,1,BOE-A-2001-421,"MINISTERIO DE EDUCACIÓN, CULTURA Y DEPORTE",estatal,Orden,611,618,"Orden de 13 de diciembre de 2000 por la que se modifica el plan de estudios conducente a la obtención del título de Diplomado en Fisioterapia, de la Escuela Universitaria de Fisioterapia ""Salus Infirmorum"" de Majadahonda (Madrid), de la Universidad Pontificia de Salamanca."
2001-01-05,5,1,BOE-A-2001-422,"MINISTERIO DE EDUCACIÓN, CULTURA Y DEPORTE",estatal,Orden,618,641,"Orden de 13 de diciembre de 2000 por la que se modifican los planes de estudios conducentes a la obtención del título de Diplomado en Enfermería, de las Escuelas Universitarias de Enfermería ""Salus Infirmorum"" de Salamanca y de Madrid, de la Universidad Pontificia de Salamanca."
2001-01-05,5,1,BOE-A-2001-423,"MINISTERIO DE EDUCACIÓN, CULTURA Y DEPORTE",estatal,Orden,642,652,Orden de 28 de diciembre de 2000 por la que se dictan normas para la aplicación del régimen de conciertos educativos a partir del curso académico 2001/2002.
2001-01-05,5,1,BOE-A-2001-424,"MINISTERIO DE AGRICULTURA, PESCA Y ALIMENTACIÓN",estatal,Orden,653,653,Orden de 26 de diciembre de 2000 por la que se crea la Mesa de Coordinación de las Ayudas Ganaderas en los sectores de la carne de vacuno y de ovino y caprino.
2001-01-05,5,1,BOE-A-2001-425,COMUNIDAD AUTÓNOMA VALENCIANA,autonómico,Ley,653,672,"Ley 10/2000, de 12 de diciembre, de residuos de la Comunidad Valenciana."
2001-01-05,5,1,BOE-A-2001-426,COMUNIDAD AUTÓNOMA DE CASTILLA-LA MANCHA,autonómico,Ley,672,674,"Ley 5/2000, de 19 de octubre, de creación del Colegio Oficial de Protésicos Dentales de Castilla-La Mancha."
2001-01-05,5,1,BOE-A-2001-427,COMUNIDAD AUTÓNOMA DE CASTILLA-LA MANCHA,autonómico,Ley,674,675,"Ley 6/2000, de 19 de octubre, de creación del Colegio Oficial de Podólogos de Castilla-La Mancha."
2001-01-05,5,1,BOE-A-2001-428,COMUNIDAD AUTÓNOMA DE CASTILLA-LA MANCHA,autonómico,Ley,675,682,"Ley 7/2000, de 23 de noviembre, de Ordenación del Aprovechamiento de Pastos, Hierbas y Rastrojeras."
2001-01-06,6,1,BOE-A-2001-468,MINISTERIO DE HACIENDA,estatal,Resolución,717,739,"Resolución de 14 de diciembre de 2000, de la Dirección General de la Agencia Estatal de Administración Tributaria, por la que se establece el procedimiento para efectuar por medios telemáticos el embargo de dinero en cuentas abiertas en entidades de depósito para diligencias de cuantía igual o inferior a 4.000 euros (655.544 pesetas)."
2001-01-06,6,1,BOE-A-2001-469,MINISTERIO DE HACIENDA,estatal,Resolución,740,740,"Resolución 2/2000, de 22 de diciembre, de la Dirección General de Tributos, relativa a las cesiones obligatorias de terrenos a los Ayuntamientos efectuadas en virtud de los artículos 14 y 18 de la Ley 6/1998, de 13 de abril, sobre Régimen del Suelo y Valoraciones, y a las transmisiones de terrenos por parte de los mismos."
2001-01-06,6,1,BOE-A-2001-470,"MINISTERIO DE EDUCACIÓN, CULTURA Y DEPORTE",estatal,Orden,740,742,Orden de 2 de enero de 2001 por la que se establecen convalidaciones entre las enseñanzas de régimen especial de Música y de Danza y determinadas áreas de Educación Secundaria Obligatoria.
2001-01-06,6,1,BOE-A-2001-471,MINISTERIO DE TRABAJO Y ASUNTOS SOCIALES,estatal,Orden,742,746,Orden de 18 de diciembre de 2000 por la que se regulan las operaciones de cierre del ejercicio 2000 y se determina la documentación contable que ha de rendirse por los agentes del sistema de la Seguridad Social.
2001-01-06,6,1,BOE-A-2001-472,MINISTERIO DE ADMINISTRACIONES PÚBLICAS,estatal,Orden,746,746,"Orden de 21 de diciembre de 2000 por la que se modifica la Orden de 16 de abril de 1997, sobre constitución de la Comisión ministerial para la coordinación de las actividades relativas a la introducción del euro."
2001-01-06,6,1,BOE-A-2001-473,MINISTERIO DE SANIDAD Y CONSUMO,estatal,Orden,747,748,Orden de 15 de diciembre de 2000 por la que se fijan condiciones de identificación de los alimentos destinados a usos médicos especiales susceptibles de financiación por el Sistema Nacional de Salud.
2001-01-06,6,1,BOE-A-2001-474,COMUNIDAD AUTÓNOMA DEL PRINCIPADO DE ASTURIAS,autonómico,Corrección,749,749,"Corrección de errores de la Ley del Principado de Asturias 18/1999, de 31 de diciembre, de Medidas Presupuestarias, Administrativas y Fiscales."
2001-01-06,6,1,BOE-A-2001-475,COMUNIDAD AUTÓNOMA DEL PRINCIPADO DE ASTURIAS,autonómico,Corrección,749,749,"Corrección de errores de la Ley del Principado de Asturias 2/2000, de 23 de junio, de Cajas de Ahorro."
2001-01-06,6,1,BOE-A-2001-476,COMUNIDAD AUTÓNOMA DE LAS ILLES BALEARS,autonómico,Ley,750,754,"Ley 10/2000, de 30 de noviembre, del Consejo Económico y Social de las Illes Balears."
2001-01-06,6,1,BOE-A-2001-477,COMUNIDAD AUTÓNOMA DE CASTILLA Y LEÓN,autonómico,Ley,754,755,"Ley 10/2000, de 9 de diciembre, por la que se amplía el servicio farmacéutico en la Comunidad de Castilla y León."
2001-01-09,8,1,BOE-A-2001-537,MINISTERIO DE HACIENDA,estatal,Orden,849,851,Orden de 21 de diciembre de 2000 por la que se regula el contenido de la Memoria a la que hace mención el artículo 130 del texto refundido de la Ley General Presupuestaria.
2001-01-09,8,1,BOE-A-2001-538,MINISTERIO DE FOMENTO,estatal,Orden,851,853,"Orden de 28 diciembre 2000 por la que se reemplaza el anexo 1 del Decreto 1675/1972, de 26 de junio, relativo a las tarifas por Ayudas a la Navegación Aérea (Eurocontrol) y se modifica el tipo de interés por mora en el pago de dichas tarifas."
2001-01-09,8,1,BOE-A-2001-539,COMUNIDAD AUTÓNOMA DE CATALUÑA,autonómico,Ley,853,858,"Ley 13/2000, de 20 de noviembre, de Regulación de los Derechos de Usufructo, Uso y Habitación."
2001-01-09,8,1,BOE-A-2001-540,COMUNIDAD AUTÓNOMA DE LA REGIÓN DE MURCIA,autonómico,Ley,859,864,"Ley 1/2000, de 27 de junio, de creación del Instituto de Seguridad y Salud Laboral de la Región de Murcia."
2001-01-09,8,1,BOE-A-2001-541,COMUNIDAD AUTÓNOMA DE LA REGIÓN DE MURCIA,autonómico,Ley,864,882,"Ley 2/2000, de 12 de julio, del Deporte de la Región de Murcia."
2001-01-09,8,1,BOE-A-2001-542,COMUNIDAD AUTÓNOMA DE LA REGIÓN DE MURCIA,autonómico,Ley,883,891,"Ley 3/2000, de 12 de julio, de Saneamiento y Depuración de Aguas Residuales de la Región de Murcia e Implantación del Canon de Saneamiento."
2001-01-09,8,1,BOE-A-2001-543,COMUNIDAD AUTÓNOMA DE LA REGIÓN DE MURCIA,autonómico,Ley,892,893,"Ley 4/2000, de 12 de julio, de suplemento de crédito por importe de 359.545.575 pesetas para financiar una campaña de vacunación masiva frente a la enfermedad meningocócica causada por el serogrupo C."
2001-01-10,9,1,BOE-A-2001-678,JEFATURA DEL ESTADO,estatal,Otras,1165,1174,"Instrumento de Ratificación del Convenio entre el Reino de España y el Reino de Noruega para evitar la doble imposición y prevenir la evasión fiscal en materia de Impuestos sobre la Renta y sobre el Patrimonio y Protocolo, hecho en Madrid el 6 de octubre de 1999."
2001-01-10,9,1,BOE-A-2001-679,MINISTERIO DE ASUNTOS EXTERIORES,estatal,Tratado o acuerdo internacional,1174,1183,"Convenio entre el Reino de España y el Estado de Israel para evitar la doble imposición y prevenir la evasión fiscal en materia de impuestos sobre la renta y sobre el patrimonio, hecho en Jerusalén el 30 de noviembre de 1999."
2001-01-10,9,1,BOE-A-2001-680,MINISTERIO DE ASUNTOS EXTERIORES,estatal,Tratado o acuerdo internacional,1183,1184,"Acuerdo de relaciones cinematográficas entre el Gobierno del Reino de España y el Gobierno de la República Federal de Alemania, hecho en Berlín el 11 de febrero de 2000."
2001-01-10,9,1,BOE-A-2001-681,MINISTERIO DE ASUNTOS EXTERIORES,estatal,Tratado o acuerdo internacional,1185,1188,"Acuerdo para la Promoción y Protección Recíproca de Inversiones entre el Reino de España y el Reino Hachemita de Jordania, hecho en Madrid el 20 de octubre de 1999."
2001-01-10,9,1,BOE-A-2001-682,MINISTERIO DE ASUNTOS EXTERIORES,estatal,Tratado o acuerdo internacional,1188,1197,"Convenio entre el Reino de España y la República de Cuba para evitar la doble imposición y prevenir la evasión fiscal en materia de impuestos sobre la renta y sobre el patrimonio y Protocolo, hechos en Madrid el 3 de febrero de 1999, y Canje de Notas de 9 de noviembre y 30 de diciembre de 1999 que los modifica."
2001-01-11,10,1,BOE-A-2001-735,MINISTERIO DE HACIENDA,estatal,Corrección,1269,1270,Corrección de errores de la Orden de 29 de noviembre de 2000 por la que se desarrollan para el año 2001 el régimen de estimación objetiva del Impuesto sobre la Renta de las Personas Físicas y el régimen especial simplificado del Impuesto sobre el Valor Añadido.
2001-01-11,10,1,BOE-A-2001-736,MINISTERIO DE LA PRESIDENCIA,estatal,Real Decreto,1270,1271,"Real Decreto 3450/2000, de 22 de diciembre, por el que se modifica el Real Decreto 6/1995, de 13 de enero, sobre retribuciones de los funcionarios destinados en el extranjero."
2001-01-11,10,1,BOE-A-2001-737,MINISTERIO DE LA PRESIDENCIA,estatal,Real Decreto,1271,1274,"Real Decreto 3451/2000, de 22 de diciembre, por el que se aprueba el Estatuto de la Gerencia del Sector de la Construcción Naval."
2001-01-11,10,1,BOE-A-2001-738,COMUNIDAD AUTÓNOMA DE MADRID,autonómico,Ley,1275,1275,"Ley 14/2000, de 30 de noviembre, de concesión de un crédito extraordinario para la liquidación definitiva de las subvenciones a partidos, federaciones y coaliciones por los gastos realizados con ocasión de las elecciones de 13 de junio de 1999 a la Asamblea de Madrid."
2001-01-11,10,1,BOE-A-2001-739,COMUNIDAD AUTÓNOMA DE MADRID,autonómico,Corrección,1275,1275,"Corrección de errores de la Ley 4/2000, de 8 de mayo, reguladora de las Escalas y Funciones del Personal de Emergencias Sanitarias de la Comunidad de Madrid."
2001-01-12,11,1,BOE-A-2001-807,CONSEJO GENERAL DEL PODER JUDICIAL,estatal,Resolución judicial,1432,1434,"Acuerdo de 10 de enero de 2001, del Pleno del Consejo General del Poder Judicial, por el que se aprueba el Reglamento 1/2001, de 10 de enero, de modificación del Reglamento número 5/1995, de 7 de junio, de los aspectos accesorios de las actuaciones judiciales, en lo que se refiere a la adopción de medidas urgentes y a la presentación de escritos durante el servicio de guardia."
2001-01-12,11,1,BOE-A-2001-808,MINISTERIO DE LA PRESIDENCIA,estatal,Real Decreto,1434,1435,"Real Decreto 3483/2000, de 29 de diciembre, por el que se modifica el Real Decreto 324/2000, de 3 de marzo, por el que se establecen normas básicas de ordenación de las explotaciones porcinas."
2001-01-12,11,1,BOE-A-2001-809,MINISTERIO DE LA PRESIDENCIA,estatal,Real Decreto,1435,1441,"Real Decreto 3484/2000, de 29 de diciembre, por el que se establecen las normas de higiene para la elaboración, distribución y comercio de comidas preparadas."
2001-01-12,11,1,BOE-A-2001-810,MINISTERIO DE LA PRESIDENCIA,estatal,Real Decreto,1441,1442,"Real Decreto 3486/2000, de 29 de diciembre, por el que se modifican los artículos 3 y 6 del Real Decreto 367/1997, de 14 de marzo, que determina la organización periférica de la Dirección General de la Guardia Civil."
2001-01-12,11,1,BOE-A-2001-811,MINISTERIO DE LA PRESIDENCIA,estatal,Real Decreto,1442,1444,"Real Decreto 3487/2000, de 29 de diciembre, por el que se modifica el Real Decreto 1339/1999, de 31 de julio, por el que se aprueba el Reglamento de la Comisión Nacional de Energía."
2001-01-12,11,1,BOE-A-2001-812,MINISTERIO DE LA PRESIDENCIA,estatal,Corrección,1444,1444,"Corrección de errores del Real Decreto 1687/2000, de 6 de octubre, por el que se aprueba el Estatuto de la Gerencia de Infraestructura y Equipamiento de la Defensa."
2001-01-12,11,1,BOE-A-2001-813,COMUNIDAD AUTÓNOMA DE ARAGÓN,autonómico,Ley,1444,1448,"Ley 4/2000, de 28 de noviembre, de reforma de la Ley 1/1991, de 4 de enero, de las Cajas de Ahorros en Aragón."
2001-01-12,11,1,BOE-A-2001-814,COMUNIDAD AUTÓNOMA DE ARAGÓN,autonómico,Ley,1449,1454,"Ley 5/2000, de 28 de noviembre, de Relaciones con las Comunidades Aragonesas del Exterior."
2001-01-12,11,1,BOE-A-2001-815,COMUNIDAD AUTÓNOMA DE ARAGÓN,autonómico,Ley,1454,1455,"Ley 6/2000, de 28 de noviembre, de Creación del Colegio Profesional de Protésicos Dentales de Aragón."
2001-01-12,11,1,BOE-A-2001-816,COMUNIDAD AUTÓNOMA DE ARAGÓN,autonómico,Ley,1455,1456,"Ley 7/2000, de 28 de noviembre, de Creación, por segregación, del Colegio Oficial de Licenciados en Educación Física y en Ciencias de la Actividad Física y del Deporte de Aragón."
2001-01-12,11,1,BOE-A-2001-817,COMUNIDAD AUTÓNOMA DE ARAGÓN,autonómico,Ley,1456,1457,"Ley 8/2000, de 28 de noviembre, de creación, por segregación, del Colegio Profesional de Doctores y Licenciados en Ciencias Políticas y Sociología de Aragón."
2001-01-13,12,1,BOE-A-2001-935,MINISTERIO DE JUSTICIA,estatal,Real Decreto,1567,1580,"Real Decreto 1/2001, de 12 de enero, por el que se fija la plantilla del Ministerio Fiscal."
2001-01-13,12,1,BOE-A-2001-936,MINISTERIO DE DEFENSA,estatal,Real Decreto,1581,1581,"Real Decreto 3447/2000, de 22 de diciembre, por el que se declara compatible la situación administrativa de reserva, de tripulantes y técnicos de mantenimiento de aeronaves de las Fuerzas Armadas, con actuaciones temporales con medios aéreos en ámbitos del sector público, con motivo de catástrofes y situaciones de emergencia."
2001-01-13,12,1,BOE-A-2001-937,MINISTERIO DE HACIENDA,estatal,Real Decreto,1581,1586,"Real Decreto 2/2001, de 12 de enero, sobre revalorización y complementos de pensiones de Clases Pasivas para el año 2001."
2001-01-13,12,1,BOE-A-2001-938,MINISTERIO DE HACIENDA,estatal,Corrección,1586,1586,"Corrección de errores de la Resolución de 2 de enero de 2001, de la Secretaría de Estado de Presupuestos y Gastos, por la que se dictan instrucciones en relación con las nóminas de los funcionarios incluidos en el ámbito de aplicación de la Ley 30/1984, de 2 de agosto, y se actualizan para el año 2001 las cuantías de las retribuciones de personal a que se refieren los correspondientes artículos de la Ley de Presupuestos Generales del Estado para dicho ejercicio."
2001-01-13,12,1,BOE-A-2001-939,MINISTERIO DE TRABAJO Y ASUNTOS SOCIALES,estatal,Real Decreto,1586,1587,"Real Decreto 3/2001, de 12 de enero, por el que se prorroga la vigencia de las disposiciones transitorias del Real Decreto 5/1997, de 10 de enero, por el que se regula el subsidio por desempleo a favor de los trabajadores eventuales incluidos en el Régimen especial agrario de la Seguridad Social."
2001-01-13,12,1,BOE-A-2001-940,"MINISTERIO DE AGRICULTURA, PESCA Y ALIMENTACIÓN",estatal,Real Decreto,1587,1617,"Real Decreto 4/2001, de 12 de enero, por el que se establece un régimen de ayudas a la utilización de métodos de producción agraria compatibles con el medio ambiente."
2001-01-13,12,1,BOE-A-2001-941,"MINISTERIO DE AGRICULTURA, PESCA Y ALIMENTACIÓN",estatal,Real Decreto,1617,1621,"Real Decreto 5/2001, de 12 de enero, por el que se establece un régimen de ayudas destinadas a fomentar el cese anticipado en la actividad agraria."
2001-01-13,12,1,BOE-A-2001-942,"MINISTERIO DE AGRICULTURA, PESCA Y ALIMENTACIÓN",estatal,Real Decreto,1621,1630,"Real Decreto 6/2001, de 12 de enero, sobre fomento de la forestación de tierras agrícolas."
2001-01-13,12,1,BOE-A-2001-943,MINISTERIO DE LA PRESIDENCIA,estatal,Real Decreto,1631,1639,"Real Decreto 7/2001, de 12 de enero, por el que se aprueba el Reglamento sobre la responsabilidad civil y seguro en la circulación de vehículos a motor."
2001-01-13,12,1,BOE-A-2001-944,MINISTERIO DE LA PRESIDENCIA,estatal,Orden,1639,1641,"Orden de 12 de enero de 2001 por la que se desarrolla el anexo XI del Real Decreto 3454/2000, de 22 de diciembre, por el que se establece y regula el Programa Integral Coordinado de vigilancia y control de las encefalopatías espongiformes transmisibles de los animales."
2001-01-13,12,1,BOE-A-2001-945,MINISTERIO DE ECONOMÍA,estatal,Resolución,1642,1643,"Resolución de 10 de enero de 2001, del Comisionado para el Mercado de Tabacos, por la que se publican los precios de venta al público de determinadas labores de tabaco en expendedurías de tabaco y timbre del área del monopolio de la Península e Illes Balears."
2001-01-15,13,1,BOE-A-2001-1056,MINISTERIO DE HACIENDA,estatal,Resolución,1697,1713,"Resolución de 9 de enero de 2001, de la Presidencia de la Agencia Estatal de Administración Tributaria, por la que se aprueba el modelo de solicitud de devolución y el modelo de comunicación de datos adicionales por el Impuesto sobre la Renta de las Personas Físicas, ejercicio 2000, que podrán utilizar los contribuyentes no obligados a declarar por dicho Impuesto que soliciten la correspondiente devolución, y se determinan el lugar, plazo y forma de presentación de los mismos."
2001-01-15,13,1,BOE-A-2001-1057,MINISTERIO DE ECONOMÍA,estatal,Orden,1714,1714,Orden de 12 de enero de 2001 por la que se aprueban las cuotas para la Corporación de Reservas Estratégicas de Productos Petrolíferos correspondientes al ejercicio 2001.
2001-01-15,13,1,BOE-A-2001-1058,MINISTERIO DE ECONOMÍA,estatal,Resolución,1714,1715,"Resolución de 10 de enero de 2001, de la Dirección General de Política Energética y Minas, por la que se hacen públicos los nuevos precios máximos de venta, antes de impuestos, de los gases licuados del petróleo."
2001-01-16,14,1,BOE-A-2001-1152,"MINISTERIO DE EDUCACIÓN, CULTURA Y DEPORTE",estatal,Real Decreto,1810,1858,"Real Decreto 3473/2000, de 29 de diciembre, por el que se modifica el Real Decreto 1007/1991, de 14 de junio, por el que se establecen las enseñanzas mínimas correspondientes a la educación secundaria obligatoria."
2001-01-16,14,1,BOE-A-2001-1153,"MINISTERIO DE EDUCACIÓN, CULTURA Y DEPORTE",estatal,Real Decreto,1858,1922,"Real Decreto 3474/2000, de 29 de diciembre, por el que se modifican el Real Decreto 1700/1991, de 29 de noviembre, por el que se establece la estructura del bachillerato, y el Real Decreto 1178/1992, de 2 de octubre, por el que se establecen las enseñanzas mínimas del bachillerato."
2001-01-16,14,1,BOE-A-2001-1154,"MINISTERIO DE AGRICULTURA, PESCA Y ALIMENTACIÓN",estatal,Orden,1922,1922,Orden de 8 de enero de 2001 por la que se fija para el año 2001 la renta de referencia.
2001-01-16,14,1,BOE-A-2001-1155,"MINISTERIO DE AGRICULTURA, PESCA Y ALIMENTACIÓN",estatal,Orden,1922,1924,"Orden de 8 de enero de 2001 por la que se regula la gestión de los pagos por el sistema de anticipos de caja fija y la expedición de órdenes de pago a justificar en el Ministerio de Agricultura, Pesca y Alimentación."
2001-01-17,15,1,BOE-A-2001-1259,CONSEJO GENERAL DEL PODER JUDICIAL,estatal,Corrección,2003,2003,"Corrección de errores del Acuerdo de 10 de enero de 2001, del Pleno del Consejo General del Poder Judicial, por el que se aprueba el Reglamento 1/2001, de 10 de enero, de modificación del Reglamento número 5/1995, de 7 de junio, de los aspectos accesorios de las actuaciones judiciales, en lo que se refiere a la adopción de medidas urgentes y a la presentación de escritos durante el servicio de guardia."
2001-01-17,15,1,BOE-A-2001-1260,"MINISTERIO DE AGRICULTURA, PESCA Y ALIMENTACIÓN",estatal,Real Decreto,2003,2004,"Real Decreto 3449/2000, de 22 de diciembre, por el que se regula el envío de los resúmenes mensuales de la contabilidad de existencias por las almazaras autorizadas en el régimen de la ayuda a la producción de aceite de oliva."
2001-01-17,15,1,BOE-A-2001-1261,COMUNIDAD AUTÓNOMA DE LAS ILLES BALEARS,autonómico,Ley,2004,2007,"Ley 11/2000, de 13 de diciembre, de modificación de la Ley 9/1998, de 14 de diciembre, de Consejos Escolares de las Illes Balears."
2001-01-17,15,1,BOE-A-2001-1262,COMUNIDAD AUTÓNOMA DE LAS ILLES BALEARS,autonómico,Ley,2007,2008,"Ley 12/2000, de 13 de diciembre, de creación del Colegio Oficial de Fisioterapeutas de las Illes Balears."
2001-01-18,16,1,BOE-A-2001-1376,MINISTERIO DE ASUNTOS EXTERIORES,estatal,Otras,2121,2122,"Ajustes del Protocolo de Montreal relativo a las sustancias que agotan la capa de ozono, hecho en Montreal el 16 de septiembre de 1987 (publicado en el ""Boletín Oficial del Estado"" de 17 de marzo de 1989), adoptados en la undécima reunión de las Partes del Protocolo de Montreal celebrada en Beijing (China) el 3 de diciembre de 1999."
2001-01-18,16,1,BOE-A-2001-1377,MINISTERIO DE HACIENDA,estatal,Corrección,2122,2122,Corrección de errores de la Orden de 28 de diciembre de 2000 por la que se otorga el carácter de justificante de pago a determinados documentos emitidos por las entidades de depósito.
2001-01-18,16,1,BOE-A-2001-1378,COMUNIDAD AUTÓNOMA DE GALICIA,autonómico,Ley,2122,2123,"Ley 2/2000, de 21 de diciembre, por la que se crea la Escala de Agentes Medioambientales de la Xunta de Galicia."
2001-01-18,16,1,BOE-A-2001-1379,COMUNIDAD AUTÓNOMA DE GALICIA,autonómico,Ley,2124,2130,"Ley 3/2000, de 22 de diciembre, del voluntariado de Galicia."
2001-01-18,16,1,BOE-A-2001-1380,COMUNIDAD AUTÓNOMA DE GALICIA,autonómico,Ley,2130,2203,"Ley 4/2000, de 27 de diciembre, de Presupuestos Generales de la Comunidad Autónoma de Galicia para el año 2001."
2001-01-18,16,1,BOE-A-2001-1381,COMUNIDAD AUTÓNOMA DE GALICIA,autonómico,Ley,2203,2208,"Ley 5/2000, de 28 de diciembre, de Medidas Fiscales y de Régimen Presupuestario y Administrativo."
2001-01-19,17,1,BOE-A-2001-1431,MINISTERIO DE TRABAJO Y ASUNTOS SOCIALES,estatal,Orden,2298,2298,"Orden de 9 de enero de 2001 por la que se modifica parcialmente la Orden de 18 de julio de 1991, por la que se regula el Convenio especial en el sistema de la Seguridad Social."
2001-01-19,17,1,BOE-A-2001-1432,"MINISTERIO DE AGRICULTURA, PESCA Y ALIMENTACIÓN",estatal,Real Decreto,2298,2299,"Real Decreto 3478/2000, de 29 de diciembre, por el que se modifica el Real Decreto 2611/1996, de 20 de diciembre, por el que se regulan los programas nacionales de erradicación de enfermedades de los animales."
2001-01-19,17,1,BOE-A-2001-1433,"MINISTERIO DE AGRICULTURA, PESCA Y ALIMENTACIÓN",estatal,Real Decreto,2299,2299,"Real Decreto 3479/2000, de 29 de diciembre, por el que se modifica el Real Decreto 322/2000, de 3 de marzo que, a su vez, modificó el artículo 131 del Estatuto de la Viña, el Vino y los Alcoholes."
2001-01-19,17,1,BOE-A-2001-1434,"MINISTERIO DE AGRICULTURA, PESCA Y ALIMENTACIÓN",estatal,Real Decreto,2299,2300,"Real Decreto 3480/2000, de 29 de diciembre, por el que se modifica el Real Decreto 3183/1979, de 21 de diciembre, por el que se organiza el Patrimonio Comunal Olivarero."
2001-01-19,17,1,BOE-A-2001-1435,"MINISTERIO DE AGRICULTURA, PESCA Y ALIMENTACIÓN",estatal,Real Decreto,2300,2301,"Real Decreto 3481/2000, de 29 de diciembre, por el que se modifica el Real Decreto 1488/1994, de 1 de julio, por el que se establecen medidas mínimas de lucha contra determinadas enfermedades de los peces."
2001-01-19,17,1,BOE-A-2001-1436,"MINISTERIO DE AGRICULTURA, PESCA Y ALIMENTACIÓN",estatal,Real Decreto,2301,2306,"Real Decreto 3482/2000, de 29 de diciembre, por el que se regula la indemnización compensatoria en determinadas zonas desfavorecidas."
2001-01-19,17,1,BOE-A-2001-1437,MINISTERIO DE ADMINISTRACIONES PÚBLICAS,estatal,Real Decreto,2306,2308,"Real Decreto 3488/2000, de 29 de diciembre, por el que se amplían los medios traspasados a la Generalidad de Cataluña por el Real Decreto 966/1990, de 20 de julio, en materia de provisión de medios materiales y económicos al servicio de la Administración de Justicia."
2001-01-19,17,1,BOE-A-2001-1438,MINISTERIO DE CIENCIA Y TECNOLOGÍA,estatal,Orden,2308,2311,"Orden de 27 de diciembre de 2000 por la que se desarrolla el Real Decreto 1665/1991, de 25 de octubre, de reconocimiento de títulos de enseñanza superior de nacionales de Estados miembros que exijan una formación superior mínima de tres años, en lo que afecta a la profesión de Agente de la Propiedad Industrial."
2001-01-19,17,1,BOE-A-2001-1439,COMUNIDAD AUTÓNOMA DE EXTREMADURA,autonómico,Ley,2311,2316,"Ley 4/2000, de 16 de noviembre, por la que se crea la empresa pública Corporación Extremeña de Medios Audiovisuales."
2001-01-19,17,1,BOE-A-2001-1440,COMUNIDAD AUTÓNOMA DE LAS ILLES BALEARS,autonómico,Ley,2316,2319,"Ley 13/2000, de 21 de diciembre, del Camí de Cavalls de Menorca."
2001-01-19,17,1,BOE-A-2001-1441,COMUNIDAD AUTÓNOMA DE LAS ILLES BALEARS,autonómico,Ley,2319,2324,"Ley 14/2000, de 21 de diciembre, de Ordenación Territorial."
2001-01-19,17,1,BOE-A-2001-1442,COMUNIDAD AUTÓNOMA DE CASTILLA Y LEÓN,autonómico,Ley,2324,2345,"Ley 12/2000, de 28 de diciembre, de Presupuestos Generales de la Comunidad de Castilla y León para el año 2001."
2001-01-19,17,1,BOE-A-2001-1443,COMUNIDAD AUTÓNOMA DE CASTILLA Y LEÓN,autonómico,Ley,2346,2355,"Ley 11/2000, de 28 de diciembre, de Medidas Económicas, Fiscales y Administrativas."
2001-01-20,18,1,BOE-A-2001-1523,JEFATURA DEL ESTADO,estatal,Real Decreto-ley,2505,2506,"Real Decreto-ley 1/2001, de 19 de enero, por el que se aprueba la concesión de un aval a favor de la República de Argentina y se amplía el límite de aprobación de operaciones por el Consejo de Ministros con cargo al Fondo de Ayuda al Desarrollo."
2001-01-20,18,1,BOE-A-2001-1524,MINISTERIO DE ASUNTOS EXTERIORES,estatal,Tratado o acuerdo internacional,2506,2508,"Tratado entre el Reino de España y la República Portuguesa para la represión del tráfico ilícito de drogas en el mar, hecho en Lisboa el 2 de marzo de 1998."
2001-01-20,18,1,BOE-A-2001-1525,MINISTERIO DE ASUNTOS EXTERIORES,estatal,Resolución,2508,2512,"Resolución de 28 de diciembre de 2000, de la Secretaría General Técnica, sobre el Convenio relativo a la competencia judicial y a la ejecución de resoluciones judiciales en materia civil y mercantil, hecho en Lugano el 16 de septiembre de 1988 (publicado en el ""Boletín Oficial del Estado"" de 20 de octubre de 1994)."
2001-01-20,18,1,BOE-A-2001-1526,MINISTERIO DE ECONOMÍA,estatal,Real Decreto,2513,2514,"Real Decreto 39/2001, de 19 de enero, por el que se dispone la creación de Deuda Pública durante el año 2001."
2001-01-20,18,1,BOE-A-2001-1527,MINISTERIO DE CIENCIA Y TECNOLOGÍA,estatal,Orden,2514,2515,Orden de 17 de enero de 2001 por la que se crea la Comisión Asesora de Publicaciones en el Ministerio de Ciencia y Tecnología.
2001-01-22,19,1,BOE-A-2001-1581,MINISTERIO DE ECONOMÍA,estatal,Resolución,2556,2556,"Resolución de 19 de enero de 2001, del Comisionado para el Mercado de Tabacos, por la que se publican los precios de venta al público de determinadas labores de tabaco en expendedurías de tabaco y timbre de la Ciudad de Ceuta y de la Ciudad de Melilla."
2001-01-23,20,1,BOE-A-2001-1614,TRIBUNAL CONSTITUCIONAL,estatal,Resolución judicial,2673,2673,"Acuerdo de 18 de enero de 2001, del Pleno del Tribunal Constitucional, por el que se modifica el horario del Registro General del Tribunal Constitucional."
2001-01-23,20,1,BOE-A-2001-1615,COMUNIDAD AUTÓNOMA DE CATALUÑA,autonómico,Ley,2673,2695,"Ley 14/2000, de 29 de diciembre, de Presupuestos de la Generalidad de Cataluña para el año 2001."
2001-01-23,20,1,BOE-A-2001-1616,COMUNIDAD AUTÓNOMA DE CATALUÑA,autonómico,Ley,2695,2714,"Ley 15/2000, de 29 de diciembre, de Medidas Fiscales y Administrativas."
2001-01-23,20,1,BOE-A-2001-1617,COMUNIDAD AUTÓNOMA DE CATALUÑA,autonómico,Ley,2714,2719,"Ley 16/2000, de 29 de diciembre, del Impuesto sobre Grandes Establecimientos Comerciales."
2001-01-23,20,1,BOE-A-2001-1618,COMUNIDAD AUTÓNOMA DE CATALUÑA,autonómico,Ley,2719,2725,"Ley 17/2000, 29 diciembre, de Equipamientos Comerciales."
2001-01-23,20,1,BOE-A-2001-1619,COMUNIDAD AUTÓNOMA DE CATALUÑA,autonómico,Ley,2726,2728,"Ley 18/2000, de 29 de diciembre, por la que se regula la publicidad institucional."
2001-01-23,20,1,BOE-A-2001-1620,COMUNIDAD AUTÓNOMA DE LA RIOJA,autonómico,Ley,2728,2738,"Ley 8/2000, de 28 de diciembre, del Plan Regional de Carreteras de la Comunidad Autónoma de La Rioja."
2001-01-24,21,1,BOE-A-2001-1660,MINISTERIO DEL INTERIOR,estatal,Orden,2875,2879,Orden de 16 de enero de 2001 por la que se regula la composición y funciones de determinados órganos colegiados del Ministerio del Interior.
2001-01-24,21,1,BOE-A-2001-1661,"MINISTERIO DE AGRICULTURA, PESCA Y ALIMENTACIÓN",estatal,Corrección,2879,2879,"Corrección de errores del Real Decreto 3477/2000, de 29 de diciembre, por el que se modifica el Real Decreto 1893/1999, de 10 de diciembre, sobre pagos por superficie a determinados productos agrícolas."
2001-01-24,21,1,BOE-A-2001-1662,MINISTERIO DE LA PRESIDENCIA,estatal,Orden,2879,2893,"Orden de 22 de enero de 2001 por la que se modifica el anexo II del Real Decreto 280/1994, de 18 de febrero, por el que se establece los límites máximos de residuos de plaguicidas y su control en determinados productos de origen vegetal (14.ª modificación)."
2001-01-24,21,1,BOE-A-2001-1663,MINISTERIO DE LA PRESIDENCIA,estatal,Resolución,2894,2894,"Resolución de 22 de enero de 2001, de la Subsecretaría, por la que se dispone la publicación del Acuerdo de Consejo de Ministros, de 29 de diciembre de 2000, por el que, en cumplimiento de lo dispuesto en el Real Decreto 236/1988, de 4 de marzo, se revisa el importe de las indemnizaciones establecidas en el mismo."
2001-01-24,21,1,BOE-A-2001-1664,COMUNIDAD AUTÓNOMA DE ANDALUCÍA,autonómico,Ley,2894,2992,"Ley 1/2000, de 27 de diciembre, del Presupuesto de la Comunidad Autónoma de Andalucía para el año 2001."
2001-01-24,21,1,BOE-A-2001-1665,ENTE PÚBLICO RADIOTELEVISIÓN ESPAÑOLA,estatal,Resolución,2993,2997,"Resolución de 22 de enero de 2001, de la Dirección General del Ente Público Radiotelevisión Española, por la que se hacen públicas las normas reguladoras de la emisión de publicidad por ""Televisión Española, Sociedad Anónima"", aprobadas por el Consejo de Administración del Ente Público Radiotelevisión Española en su reunión de 11 de enero de 2001."
2001-01-25,22,1,BOE-A-2001-1755,TRIBUNAL CONSTITUCIONAL,estatal,Resolución judicial,3089,3089,"Conflicto positivo de competencia número 6565-2000, promovido por el Abogado del Estado en nombre del Gobierno de la Nación, en relación con determinados preceptos del Decreto de la Generalidad de Cataluña 278/2000."
2001-01-25,22,1,BOE-A-2001-1756,COMUNIDAD AUTÓNOMA DE CANARIAS,autonómico,Ley,3089,3167,"Ley 7/2000, de 28 de diciembre, de Presupuestos Generales de la Comunidad Autónoma de Canarias para el año 2001."
2001-01-26,23,1,BOE-A-2001-1816,MINISTERIO DE HACIENDA,estatal,Orden,3244,3246,Orden de 22 de enero de 2001 por la que se constituye la Comisión Ministerial de Tecnologías de la Información y de las Comunicaciones del Ministerio de Hacienda.
2001-01-26,23,1,BOE-A-2001-1817,MINISTERIO DE FOMENTO,estatal,Orden,3247,3253,"Orden de 11 de enero de 2001 por la que se regula el contenido mínimo del informe anual para el transporte de mercancías peligrosas por carretera, por ferrocarril o por vía navegable."
2001-01-26,23,1,BOE-A-2001-1818,MINISTERIO DE ECONOMÍA,estatal,Real Decreto,3253,3255,"Real Decreto 3491/2000, de 29 de diciembre, por el que se declaran oficiales las cifras de población resultantes de la revisión del Padrón municipal referidas al 1 de enero de 1999."
2001-01-27,24,1,BOE-A-2001-1944,MINISTERIO DE HACIENDA,estatal,Corrección,3490,3490,"Corrección de errores de la Resolución de 14 de diciembre de 2000, de la Dirección General de la Agencia Estatal de Administración Tributaria, por la que se establece el procedimiento para efectuar por medios telemáticos el embargo de dinero en cuentas abiertas en entidades de depósito para diligencias de cuantía igual o inferior a 4.000 euros (665.544 pesetas)."
2001-01-27,24,1,BOE-A-2001-1945,MINISTERIO DEL INTERIOR,estatal,Real Decreto,3490,3490,"Real Decreto 59/2001, de 26 de enero, por el que se modifica el artículo 4 del Reglamento de ayudas y resarcimientos a las víctimas de delitos de terrorismo, aprobado por Real Decreto 1211/1997, de 18 de julio."
2001-01-27,24,1,BOE-A-2001-1946,MINISTERIO DE LA PRESIDENCIA,estatal,Real Decreto,3491,3495,"Real Decreto 63/2001, de 26 de enero, por el que se aprueba el Estatuto del organismo autónomo Instituto de Estudios Fiscales."
2001-01-27,24,1,BOE-A-2001-1947,MINISTERIO DE ADMINISTRACIONES PÚBLICAS,estatal,Real Decreto,3495,3499,"Real Decreto 64/2001, de 26 de enero, por el que se modifica el Real Decreto 1883/1996, de 2 de agosto, de estructura orgánica básica del Ministerio de Defensa, modificado por el Real Decreto 76/2000, de 21 de enero."
2001-01-27,24,1,BOE-A-2001-1948,MINISTERIO DE ADMINISTRACIONES PÚBLICAS,estatal,Real Decreto,3499,3502,"Real Decreto 65/2001, de 26 de enero, por el que se aprueba la provisión de plazas de las Fuerzas Armadas y de la Escala Superior de Oficiales de la Guardia Civil, para el año 2001."
2001-01-27,24,1,BOE-A-2001-1949,MINISTERIO DE ECONOMÍA,estatal,Orden,3502,3509,Orden de 26 de enero de 2001 por la que se dispone la creación de Deuda del Estado durante el año 2001 y enero del 2002 y se delegan determinadas facultades en el Director general del Tesoro y Política Financiera.
2001-01-29,25,1,BOE-A-2001-2010,TRIBUNAL SUPREMO,estatal,Resolución judicial,3544,3544,"Sentencia de 13 de noviembre de 2000, de la Sala Tercera del Tribunal Supremo, por la que se anula el Real Decreto 2033/1998, de 25 de septiembre, que establece la normativa específica del régimen de apoyo a los productores de trigo duro en España."
2001-01-29,25,1,BOE-A-2001-2011,TRIBUNAL SUPREMO,estatal,Resolución judicial,3544,3544,"Sentencia de 15 de noviembre de 2000, de la Sala Tercera del Tribunal Supremo, por la que se fija doctrina legal en relación con el artículo 16 del Reglamento de Procedimiento Sancionador en Materia de Tráfico, Circulación de Vehículos a Motor y Seguridad Vial, aprobado por Real Decreto 320/1994, de 25 de febrero."
2001-01-30,26,1,BOE-A-2001-2040,MINISTERIO DE HACIENDA,estatal,Corrección,3575,3575,"Corrección de errores de la Resolución de 15 de diciembre de 2000, del Departamento de Gestión Tributaria de la Agencia Estatal de Administración Tributaria, por la que se aprueba el modelo de comunicación de la situación personal y familiar del perceptor de rentas del trabajo, o de su variación, ante el pagador y se determina la forma en que debe efectuarse dicha comunicación."
2001-01-30,26,1,BOE-A-2001-2041,MINISTERIO DE TRABAJO Y ASUNTOS SOCIALES,estatal,Orden,3575,3576,"Orden de 18 de enero de 2001 por la que se dictan normas para la aplicación de lo dispuesto en el artículo 8 del Real Decreto-ley 8/2000, de 4 de agosto, de Adopción de Medidas de Carácter Urgente para Paliar los Efectos Producidos por la Sequía y otras Adversidades Climáticas."
2001-01-30,26,1,BOE-A-2001-2042,MINISTERIO DE CIENCIA Y TECNOLOGÍA,estatal,Orden,3576,3577,Orden de 22 de enero de 2001 por la que se constituye la Comisión Ministerial para la Introducción del Euro en el Ministerio de Ciencia y Tecnología.
2001-01-31,27,1,BOE-A-2001-2147,TRIBUNAL CONSTITUCIONAL,estatal,Resolución judicial,3726,3726,"Conflicto en defensa de la autonomía local número 4.546/2000, promovido por la Ciudad Autónoma de Ceuta, en relación con el artículo 68 de la Ley 55/1999, de 29 de diciembre, de Medidas Fiscales, Administrativas y del Orden Social."
2001-01-31,27,1,BOE-A-2001-2148,TRIBUNAL CONSTITUCIONAL,estatal,Resolución judicial,3726,3726,"Conflicto positivo de competencia número 6.416/2000, promovido por el Gobierno de la Generalidad de Cataluña, en relación con la Orden de 24 de julio de 2000, del Ministerio de Trabajo y Asuntos Sociales, de procedimiento administrativo referente a las medidas alternativas de carácter excepcional reguladas por el Real Decreto 27/2000, de 24 de enero."
2001-01-31,27,1,BOE-A-2001-2149,TRIBUNAL CONSTITUCIONAL,estatal,Resolución judicial,3726,3726,Cuestión de inconstitucionalidad número 2.900/2000.
2001-01-31,27,1,BOE-A-2001-2150,TRIBUNAL CONSTITUCIONAL,estatal,Resolución judicial,3726,3726,Cuestión de inconstitucionalidad número 4.568/2000.
2001-01-31,27,1,BOE-A-2001-2151,TRIBUNAL CONSTITUCIONAL,estatal,Resolución judicial,3726,3726,Cuestión de inconstitucionalidad número 4.569/2000.
2001-01-31,27,1,BOE-A-2001-2152,TRIBUNAL CONSTITUCIONAL,estatal,Resolución judicial,3726,3727,Cuestión de inconstitucionalidad número 4.695/2000.
2001-01-31,27,1,BOE-A-2001-2153,TRIBUNAL CONSTITUCIONAL,estatal,Resolución judicial,3727,3727,Cuestión de inconstitucionalidad número 4.831/2000.
2001-01-31,27,1,BOE-A-2001-2154,TRIBUNAL CONSTITUCIONAL,estatal,Resolución judicial,3727,3727,Cuestión de inconstitucionalidad número 5.757/2000.
2001-01-31,27,1,BOE-A-2001-2155,TRIBUNAL CONSTITUCIONAL,estatal,Resolución judicial,3727,3727,Cuestión de inconstitucionalidad número 6.567/2000.
2001-01-31,27,1,BOE-A-2001-2156,MINISTERIO DE TRABAJO Y ASUNTOS SOCIALES,estatal,Orden,3727,3743,"Orden de 29 de enero de 2001 por la que se desarrollan las normas de cotización a la Seguridad Social, Desempleo, Fondo de Garantía Salarial y Formación Profesional, contenidas en la Ley 13/2000, de 28 de diciembre, de Presupuestos Generales del Estado para el año 2001."
2001-01-31,27,1,BOE-A-2001-2157,MINISTERIO DE TRABAJO Y ASUNTOS SOCIALES,estatal,Resolución,3743,3755,"Resolución de 11 de enero de 2001, de la Dirección General de la Tesorería General de la Seguridad Social, por la que se aprueban los modelos normalizados para la afiliación a la Seguridad Social y altas, bajas y variaciones de datos de trabajadores por cuenta ajena o asimilados en el régimen correspondiente de la misma."
2001-01-31,27,1,BOE-A-2001-2158,MINISTERIO DE LA PRESIDENCIA,estatal,Orden,3756,3757,"Orden de 30 de enero de 2001 por la que se dispone la publicación del Acuerdo de la Comisión Delegada del Gobierno para Asuntos Económicos, por el que se autoriza a ""Telefónica de España, Sociedad Anónima Unipersonal"", a establecer precios diferentes en las llamadas que los abonados de su red pública telefónica fija realizan a los abonados de las redes nacionales de telefonía móvil automática, incluidos los de comunicaciones móviles personales (llamadas de fijo a móvil), en función de los precios de interconexión por la terminación de dichas llamadas en las distintas redes de telefonía móvil automática."
2001-01-31,27,1,BOE-A-2001-2159,MINISTERIO DE ADMINISTRACIONES PÚBLICAS,estatal,Real Decreto,3757,3768,"Real Decreto 11/2001, de 12 de enero, sobre traspaso al Principado de Asturias de la gestión realizada por el Instituto Nacional de Empleo, en el ámbito del trabajo, el empleo y la formación."
2001-01-31,27,1,BOE-A-2001-2160,MINISTERIO DE ADMINISTRACIONES PÚBLICAS,estatal,Real Decreto,3768,3771,"Real Decreto 12/2001, de 12 de enero, sobre ampliación de medios adscritos a los servicios de la Administración del Estado traspasados al Principado de Asturias por el Real Decreto 2081/1999, de 30 de diciembre, en materia de enseñanza no universitaria."
2001-01-31,27,1,BOE-A-2001-2161,MINISTERIO DE ADMINISTRACIONES PÚBLICAS,estatal,Real Decreto,3771,3773,"Real Decreto 13/2001, de 12 de enero, sobre ampliación de medios adscritos a los servicios de la Administración del Estado traspasados al Principado de Asturias por el Real Decreto 1665/1985, de 30 de abril, en materia de protección a la mujer."
2001-01-31,27,1,BOE-A-2001-2162,MINISTERIO DE ADMINISTRACIONES PÚBLICAS,estatal,Real Decreto,3774,3775,"Real Decreto 14/2001, de 12 de enero, sobre traspaso de funciones y servicios de la Administración del Estado al Principado de Asturias en materia de transporte marítimo."
2001-01-31,27,1,BOE-A-2001-2163,MINISTERIO DE ECONOMÍA,estatal,Resolución,3775,3776,"Resolución de 25 de enero de 2001, de la Dirección General de Política Energética y Minas, por la que se hacen públicos los nuevos precios máximos de venta de gas natural para usos industriales."
2001-01-31,27,1,BOE-A-2001-2164,MINISTERIO DE ECONOMÍA,estatal,Resolución,3776,3777,"Resolución de 29 de enero de 2001, del Comisionado para el Mercado de Tabacos, por la que se publican los precios de venta al público de determinadas labores de tabaco en expendedurías de tabaco y timbre del área del monopolio."
2001-02-01,28,1,BOE-A-2001-2223,MINISTERIO DE ASUNTOS EXTERIORES,estatal,Tratado o acuerdo internacional,3880,3882,"Acuerdo entre el Reino de España y la República Italiana relativo a la imputación recíproca de existencias mínimas de seguridad de crudo, de productos intermedios del petróleo y productos petrolíferos, hecho en Madrid el 10 de enero de 2001."
2001-02-01,28,1,BOE-A-2001-2224,MINISTERIO DE HACIENDA,estatal,Orden,3882,3928,"Orden de 30 de enero de 2001 por la que se aprueban los modelos 308, 309, 310 y 370 de declaracion-liquidacion en euros del Impuesto sobre el Valor Añadido, los modelos 130 y 131 de declaración-liquidación de pagos fraccionados en euros del Impuesto sobre la Renta de las Personas Físicas y los modelos 110 y 111 de declaración-documento de ingreso de retenciones e ingresos a cuenta en euros del Impuesto sobre la Renta de las Personas Físicas sobre rendimientos del trabajo, de determinadas actividades económicas, premios y determinadas imputaciones de renta."
2001-02-01,28,1,BOE-A-2001-2225,"MINISTERIO DE AGRICULTURA, PESCA Y ALIMENTACIÓN",estatal,Orden,3929,3934,Orden de 31 de enero de 2001 por la que se complementa la Orden de 28 de diciembre de 2000 por la que se establece el plan de adquisición de bovinos de más de treinta meses a los que no se les haya practicado la prueba de detección de la EEB.
2001-02-01,28,1,BOE-A-2001-2226,MINISTERIO DE LA PRESIDENCIA,estatal,Real Decreto,3935,3935,"Real Decreto 38/2001, de 19 de enero, por el que se modifica el Real Decreto 259/1999, de 12 de febrero, por el que se crea la Comisión para el Análisis y Prevención del Fraude en los Sectores Agroalimentario y Pesquero."
2001-02-02,29,1,BOE-A-2001-2341,MINISTERIO DE ASUNTOS EXTERIORES,estatal,Orden,4078,4078,Orden de 23 de enero de 2001 por la que se modifica la demarcacion de los Consulados Generales de España en Miami y en Washington.
2001-02-02,29,1,BOE-A-2001-2342,MINISTERIO DE ASUNTOS EXTERIORES,estatal,Resolución,4078,4100,"Resolución de 23 de enero de 2001, de la Secretaría General Técnica, sobre aplicación del artículo 32 del Decreto 801/1972, relativo a la ordenación de la actividad de la Administración del Estado en materia de Tratados internacionales."
2001-02-02,29,1,BOE-A-2001-2343,MINISTERIO DE FOMENTO,estatal,Real Decreto,4100,4101,"Real Decreto 37/2001, de 19 de enero, por el que se actualiza la cuantía de las indemnizaciones por daños previstas en la Ley 48/1960, de 21 de julio, de Navegación Aérea."
2001-02-02,29,1,BOE-A-2001-2344,MINISTERIO DE LA PRESIDENCIA,estatal,Corrección,4102,4102,"Corrección de errores del Real Decreto 3424/2000, de 15 de diciembre, por el que se aprueba el Estatuto de la Agencia Española de Cooperación Internacional."
2001-02-02,29,1,BOE-A-2001-2345,MINISTERIO DE LA PRESIDENCIA,estatal,Corrección,4102,4102,"Corrección de errores del Real Decreto 3487/2000, de 29 de diciembre, por el que se modifica el Real Decreto 1339/1999, de 31 de julio, por el que se aprueba el Reglamento de la Comisión Nacional de Energía."
2001-02-02,29,1,BOE-A-2001-2346,MINISTERIO DE LA PRESIDENCIA,estatal,Orden,4102,4105,Orden de 26 de enero de 2001 por la que se establecen las normas para la Inspección Técnica de Vehículos Automóviles y Remolques adscritos a la Dirección General de la Guardia Civil.
2001-02-02,29,1,BOE-A-2001-2347,MINISTERIO DE ADMINISTRACIONES PÚBLICAS,estatal,Real Decreto,4106,4107,"Real Decreto 8/2001, de 12 de enero, sobre traspaso de funciones y servicios de la Administración del Estado a la Comunidad de Castilla y León en materia de buceo profesional."
2001-02-02,29,1,BOE-A-2001-2348,MINISTERIO DE ADMINISTRACIONES PÚBLICAS,estatal,Real Decreto,4107,4111,"Real Decreto 9/2001, de 12 de enero, sobre traspaso de Profesores de educación general básica de instituciones penitenciarias a la Comunidad de Castilla y León, en ampliación del Real Decreto 1340/1999, de 31 de julio, en materia de enseñanza no universitaria."
2001-02-02,29,1,BOE-A-2001-2349,MINISTERIO DE ADMINISTRACIONES PÚBLICAS,estatal,Real Decreto,4111,4112,"Real Decreto 10/2001, de 12 de enero, sobre ampliación de los medios de la Seguridad Social traspasados a la Comunidad de Castilla y León en las materias encomendadas al Instituto de Migraciones y Servicios Sociales (IMSERSO)."
2001-02-02,29,1,BOE-A-2001-2350,MINISTERIO DE ECONOMÍA,estatal,Corrección,4112,4113,"Corrección de errores del Real Decreto 3490/2000, de 29 de diciembre, por el que se establece la tarifa eléctrica para el 2001."
2001-02-02,29,1,BOE-A-2001-2351,COMUNIDAD AUTÓNOMA DE CATALUÑA,autonómico,Ley,4113,4118,"Ley 19/2000, de 29 de diciembre, de Aeropuertos de Cataluña."
2001-02-02,29,1,BOE-A-2001-2352,COMUNIDAD AUTÓNOMA DE CATALUÑA,autonómico,Ley,4118,4120,"Ley 20/2000, de 29 de diciembre, de Creación del Instituto Catalán de las Industrias Culturales."
2001-02-02,29,1,BOE-A-2001-2353,COMUNIDAD AUTÓNOMA DE CATALUÑA,autonómico,Ley,4121,4125,"Ley 21/2000, de 29 de diciembre, sobre los derechos de información concernientes a la salud y la autonomía del paciente, y la documentación clínica."
2001-02-02,29,1,BOE-A-2001-2354,COMUNIDAD AUTÓNOMA DE CATALUÑA,autonómico,Ley,4125,4127,"Ley 22/2000, de 29 de diciembre, de Acogida de Personas Mayores."
2001-02-03,30,1,BOE-A-2001-2423,JEFATURA DEL ESTADO,estatal,Real Decreto-ley,4205,4207,"Real Decreto-ley 2/2001, de 2 de febrero, por el que se modifica la disposición transitoria sexta de la Ley 54/1997, de 27 de noviembre, del Sector Eléctrico, y determinados artículos de la Ley 16/1989, de 17 de julio, de Defensa de la Competencia."
2001-02-03,30,1,BOE-A-2001-2424,MINISTERIO DE HACIENDA,estatal,Corrección,4207,4207,"Corrección de errores del Real Decreto 3472/2000, de 29 de diciembre, por el que se modifican determinados artículos del Reglamento del Impuesto sobre Sociedades en materia de amortización de elementos patrimoniales, provisión para insolvencias de entidades financieras, colaboración externa en la presentación y gestión de declaraciones e imputación temporal de ingresos y gastos, así como del Reglamento del Impuesto sobre la Renta de las Personas Físicas en materia de rendimientos irregulares del trabajo y plazo para la presentación de determinada declaración."
2001-02-03,30,1,BOE-A-2001-2425,"MINISTERIO DE AGRICULTURA, PESCA Y ALIMENTACIÓN",estatal,Real Decreto,4207,4209,"Real Decreto 87/2001, de 2 de febrero, por el que se modifica el Real Decreto 1973/1999, de 23 de diciembre, sobre determinadas ayudas comunitarias en ganadería."
2001-02-05,31,1,BOE-A-2001-2480,COMUNIDAD AUTÓNOMA DE LAS ILLES BALEARS,autonómico,Ley,4251,4268,"Ley 15/2000, de 27 de diciembre, de Presupuestos Generales de la Comunidad Autónoma de las Illes Balears para el año 2001."
2001-02-05,31,1,BOE-A-2001-2481,COMUNIDAD AUTÓNOMA DE LAS ILLES BALEARS,autonómico,Ley,4268,4280,"Ley 16/2000, de 27 de diciembre, de Medidas Tributarias, Administrativas y de Función Pública."
2001-02-06,32,1,BOE-A-2001-2498,"MINISTERIO DE EDUCACIÓN, CULTURA Y DEPORTE",estatal,Real Decreto,4342,4342,"Real Decreto 61/2001, de 26 de enero, por el que se autorizan, dependiendo de la Universidad de Granada, las enseñanzas de Diplomado en Ciencias Empresariales, en la Ciudad de Ceuta, y de Diplomado en Gestión y Administración Pública, en la Ciudad de Melilla."
2001-02-06,32,1,BOE-A-2001-2499,MINISTERIO DE LA PRESIDENCIA,estatal,Real Decreto,4342,4349,"Real Decreto 88/2001, de 2 de febrero, por el que se aprueba el Estatuto del Instituto Nacional de Técnica Aeroespacial ""Esteban Terradas""."
2001-02-06,32,1,BOE-A-2001-2500,COMUNIDAD AUTÓNOMA DE CANTABRIA,autonómico,Ley,4349,4359,"Ley 5/2000, de 15 de diciembre, de Coordinación de las Policías Locales."
2001-02-06,32,1,BOE-A-2001-2501,COMUNIDAD AUTÓNOMA DE CANTABRIA,autonómico,Ley,4359,4378,"Ley 6/2000, de 22 de diciembre, de Presupuestos Generales de la Comunidad Autónoma de Cantabria para el año 2001."
2001-02-06,32,1,BOE-A-2001-2502,COMUNIDAD AUTÓNOMA DE CANTABRIA,autonómico,Ley,4378,4385,"Ley 7/2000, de 22 de diciembre, de Medidas Fiscales y Administrativas."
2001-02-06,32,1,BOE-A-2001-2503,COMUNIDAD AUTÓNOMA VALENCIANA,autonómico,Ley,4385,4433,"Ley 11/2000, de 28 de diciembre, de Medidas Fiscales, de Gestión Administrativa y Financiera, y de Organización de la Generalidad Valenciana."
2001-02-06,32,1,BOE-A-2001-2504,COMUNIDAD AUTÓNOMA DE ARAGÓN,autonómico,Ley,4434,4438,"Ley 9/2000, de 27 de diciembre, de creación de la Comarca del Aranda."
2001-02-07,33,1,BOE-A-2001-2584,CORTES GENERALES,estatal,Otras,4623,4624,"Acuerdo de 18 de diciembre de 2000, adoptado por las Mesas del Congreso de los Diputados y del Senado, en reunión conjunta, en funciones de Mesa de las Cortes Generales, por el que se modifica el Estatuto del Personal de las Cortes Generales."
2001-02-07,33,1,BOE-A-2001-2585,MINISTERIO DE ASUNTOS EXTERIORES,estatal,Tratado o acuerdo internacional,4624,4627,"Acuerdo entre el Reino de España y la República Italiana relativo a la readmisión de personas en situacion irregular, hecho en Roma el 4 de noviembre de 1999."
2001-02-07,33,1,BOE-A-2001-2586,MINISTERIO DE ADMINISTRACIONES PÚBLICAS,estatal,Real Decreto,4628,4631,"Real Decreto 3489/2000, de 29 de diciembre, por el que se regula la naturaleza, composición y funciones de las Comisiones Provinciales de Colaboración del Estado con las Corporaciones Locales."
2001-02-07,33,1,BOE-A-2001-2587,MINISTERIO DE ECONOMÍA,estatal,Orden,4631,4632,Orden de 23 de enero de 2001 de constitución de la Comisión Ministerial para la Coordinación de las Actividades Relativas a la Introducción del Euro en el Ministerio de Economía.
2001-02-07,33,1,BOE-A-2001-2588,COMUNIDAD AUTÓNOMA DE CATALUÑA,autonómico,Ley,4632,4633,"Ley 23/2000, de 29 de diciembre, de modificación de la Ley 15/1998, de 28 de diciembre, del Consejo Interuniversitario de Cataluña."
2001-02-07,33,1,BOE-A-2001-2589,COMUNIDAD AUTÓNOMA VALENCIANA,autonómico,Ley,4633,4679,"Ley 12/2000, de 28 de diciembre, de Presupuestos de la Generalitat Valenciana para el ejercicio 2001."
2001-02-07,33,1,BOE-A-2001-2590,COMUNIDAD AUTÓNOMA DE ARAGÓN,autonómico,Ley,4679,4683,"Ley 10/2000, de 27 de diciembre, relativa a la Cooperación para el Desarrollo."
2001-02-07,33,1,BOE-A-2001-2591,COMUNIDAD AUTÓNOMA DE ARAGÓN,autonómico,Ley,4683,4694,"Ley 11/2000, de 27 de diciembre, de Medidas en Materia de Gobernación y Administración de la Comunidad Autónoma de Aragón."
2001-02-08,34,1,BOE-A-2001-2700,TRIBUNAL CONSTITUCIONAL,estatal,Resolución judicial,4815,4815,Cuestión de inconstitucionalidad número 4.975-2000.
2001-02-08,34,1,BOE-A-2001-2701,TRIBUNAL CONSTITUCIONAL,estatal,Resolución judicial,4815,4815,Cuestión de inconstitucionalidad número 5571-2000.
2001-02-08,34,1,BOE-A-2001-2702,TRIBUNAL CONSTITUCIONAL,estatal,Resolución judicial,4815,4815,Cuestión de inconstitucionalidad número 5708-2000.
2001-02-08,34,1,BOE-A-2001-2703,TRIBUNAL CONSTITUCIONAL,estatal,Resolución judicial,4815,4815,Cuestión de inconstitucionalidad número 5.903-2000.
2001-02-08,34,1,BOE-A-2001-2704,TRIBUNAL CONSTITUCIONAL,estatal,Resolución judicial,4815,4815,Cuestión de inconstitucionalidad número 117-2001.
2001-02-08,34,1,BOE-A-2001-2705,TRIBUNAL CONSTITUCIONAL,estatal,Resolución judicial,4815,4816,Cuestión de inconstitucionalidad número 235-2001.
2001-02-08,34,1,BOE-A-2001-2706,TRIBUNAL CONSTITUCIONAL,estatal,Resolución judicial,4816,4816,Cuestión de inconstitucionalidad número 300-2001.
2001-02-08,34,1,BOE-A-2001-2707,TRIBUNAL CONSTITUCIONAL,estatal,Resolución judicial,4816,4816,Cuestión de inconstitucionalidad número 342-2001.
2001-02-08,34,1,BOE-A-2001-2708,TRIBUNAL CONSTITUCIONAL,estatal,Resolución judicial,4816,4816,Rectificación de error padecido en el edicto de la cuestión de inconstitucionalidad número 2.900-2000.
2001-02-08,34,1,BOE-A-2001-2709,TRIBUNAL CONSTITUCIONAL,estatal,Resolución judicial,4816,4816,"Recurso de inconstitucionalidad número 71-2001, promovido por el Consejo de Gobierno de la Junta de Andalucía, en relación con el Real Decreto-ley 9/2000, que modifica el Real Decreto Legislativo 1302/1986, de Evaluación del Impacto Ambiental."
2001-02-08,34,1,BOE-A-2001-2710,MINISTERIO DE ASUNTOS EXTERIORES,estatal,Corrección,4816,4816,"Corrección de erratas del Canje de Notas entre el Reino de España y la República de Italia sobre reconocimiento recíproco de títulos de los estudios de Enseñanza Media, Superior y Universitaria, hecho ""ad referendum"" en Roma el 14 de julio de 1999."
2001-02-08,34,1,BOE-A-2001-2711,COMUNIDAD AUTÓNOMA DE ARAGÓN,autonómico,Ley,4816,4838,"Ley 12/2000, de 27 de diciembre, de Presupuestos de la Comunidad Autónoma de Aragón para el año 2001."
2001-02-08,34,1,BOE-A-2001-2712,COMUNIDAD AUTÓNOMA DE ARAGÓN,autonómico,Ley,4838,4857,"Ley 13/2000, de 27 de diciembre, de Medidas Tributarias y Administrativas."
2001-02-09,35,1,BOE-A-2001-2800,MINISTERIO DE ASUNTOS EXTERIORES,estatal,Tratado o acuerdo internacional,4975,4976,"Convenio de cooperación cultural y educativa entre el Reino de España y la República Eslovaca, hecho en Bratislava el 11 de abril de 2000."
2001-02-09,35,1,BOE-A-2001-2801,MINISTERIO DE ASUNTOS EXTERIORES,estatal,Corrección,4976,4976,"Corrección de erratas del Acuerdo para la promoción y protección recíproca de inversiones entre el Reino de España y el Reino Hachemita de Jordania, hecho en Madrid el 20 de octubre de 1999."
2001-02-09,35,1,BOE-A-2001-2802,MINISTERIO DE HACIENDA,estatal,Orden,4976,4977,Orden de 1 de febrero de 2001 por la que se eliminan los procedimientos de despacho previo a la importación y exportación de mercancías.
2001-02-09,35,1,BOE-A-2001-2803,MINISTERIO DE ECONOMÍA,estatal,Resolución,4977,4983,"Resolución de 30 de enero de 2001, de la Dirección General de Seguros y Fondos de Pensiones, por la que se da publicidad a las cuantías de las indemnizaciones por muerte, lesiones permanentes e incapacidad temporal que resultarán de aplicar durante el año 2001 el sistema para la valoración de los daños y perjuicios causados a las personas en accidentes de circulación."
2001-02-09,35,1,BOE-A-2001-2804,COMUNIDAD AUTÓNOMA DE ARAGÓN,autonómico,Corrección,4983,4983,"Corrección de errores de la Ley 11/2000, de 27 de diciembre, de Medidas en Materia de Gobierno y Administración de la Comunidad Autónoma de Aragón."
2001-02-10,36,1,BOE-A-2001-2904,JEFATURA DEL ESTADO,estatal,Real Decreto-ley,5133,5135,"Real Decreto-ley 3/2001, de 9 de febrero, por el que se adoptan medidas para reparar los daños causados por las inundaciones producidas en la Comunidad Autónoma de Cataluña a consecuencia de las lluvias torrenciales."
2001-02-10,36,1,BOE-A-2001-2905,MINISTERIO DE HACIENDA,estatal,Resolución,5135,5151,"Resolución de 26 de enero de 2001, del Departamento de Aduanas e Impuestos Especiales de la Agencia Estatal de Administración Tributaria, por la que se actualiza el Arancel Integrado de Aplicación (TARIC)."
2001-02-10,36,1,BOE-A-2001-2906,MINISTERIO DE FOMENTO,estatal,Real Decreto,5151,5155,"Real Decreto 115/2001, de 9 de febrero, por el que se modifica el Real Decreto 1186/1998, de 12 de junio, sobre medidas de financiación de actuaciones protegidas en materia de vivienda y suelo del plan 1998-2001, y se establece la ayuda estatal directa a la entrada."
2001-02-10,36,1,BOE-A-2001-2907,"MINISTERIO DE AGRICULTURA, PESCA Y ALIMENTACIÓN",estatal,Real Decreto,5155,5163,"Real Decreto 117/2001, de 9 de febrero, por el que se establece la normativa básica de fomento de las inversiones para la mejora de las condiciones de transformación y comercialización de los productos agrarios, silvícolas y de la alimentación."
2001-02-10,36,1,BOE-A-2001-2908,MINISTERIO DE LA PRESIDENCIA,estatal,Real Decreto,5163,5166,"Real Decreto 118/2001, de 9 de febrero, de ordenación de publicaciones oficiales."
2001-02-10,36,1,BOE-A-2001-2909,MINISTERIO DE ADMINISTRACIONES PÚBLICAS,estatal,Real Decreto,5166,5171,"Real Decreto 119/2001, de 9 de febrero, por el que se aprueba la oferta de empleo público para el año 2001."
2001-02-12,37,1,BOE-A-2001-2966,TRIBUNAL SUPREMO,estatal,Resolución judicial,5220,5220,"Providencia de 12 de enero de 2001, de la Sala Tercera del Tribunal Supremo, sobre planteamiento de cuestión de ilegalidad en relación con el artículo 1.2 del Real Decreto 960/1990, de 13 de julio, por el que se integra en el Régimen General de la Seguridad Social al personal interino al servicio de la Administración de Justicia."
2001-02-13,38,1,BOE-A-2001-2990,MINISTERIO DEL INTERIOR,estatal,Real Decreto,5255,5261,"Real Decreto 60/2001, de 26 de enero, sobre prototipo racial de la raza bovina de lidia."
2001-02-13,38,1,BOE-A-2001-2991,MINISTERIO DE ECONOMÍA,estatal,Orden,5261,5262,"Orden de 29 de enero de 2001 de modificación de la Orden de 19 de mayo de 1987, que desarrolla el Real Decreto 505/1987, de 3 de abril, por el que se dispuso la creación de un sistema de anotaciones en cuenta para la Deuda del Estado."
2001-02-14,39,1,BOE-A-2001-3067,CORTES GENERALES,estatal,Resolución,5446,5446,"Resolución de 8 de febrero de 2001, del Congreso de los Diputados, por la que se ordena la publicación del acuerdo de convalidación del Real Decreto-ley 1/2001, de 19 de enero, por el que se aprueba la concesión de un aval a favor de la República de Argentina y se amplía el límite de aprobación de operaciones por el Consejo de Ministros con cargo al Fondo de Ayuda al Desarrollo."
2001-02-14,39,1,BOE-A-2001-3068,COMUNIDAD AUTÓNOMA DE EXTREMADURA,autonómico,Ley,5446,5460,"Ley 5/2000, de 21 de diciembre, de Presupuestos Generales de la Comunidad Autónoma de Extremadura para 2001."
2001-02-15,40,1,BOE-A-2001-3127,MINISTERIO DE ASUNTOS EXTERIORES,estatal,Tratado o acuerdo internacional,5767,5769,"Convenio Marco de Cooperación Científica, Técnica, Cultural y Educativa entre el Reino de España y la República Argelina Democrática Popular, hecho ""ad referendum"" en Argel el 5 de abril de 1993."
2001-02-15,40,1,BOE-A-2001-3128,"MINISTERIO DE EDUCACIÓN, CULTURA Y DEPORTE",estatal,Real Decreto,5769,5791,"Real Decreto 62/2001, de 26 de enero, por el que se establece el título de Técnico superior en Audioprótesis y las correspondientes enseñanzas mínimas."
2001-02-15,40,1,BOE-A-2001-3129,MINISTERIO DE ADMINISTRACIONES PÚBLICAS,estatal,Real Decreto,5791,5793,"Real Decreto 89/2001, de 2 de febrero, por el que se regula la asignación de puestos de trabajo a determinados funcionarios del Cuerpo Especial y del Cuerpo de Ayudantes de Instituciones Penitenciarias por razones de edad."
2001-02-15,40,1,BOE-A-2001-3130,MINISTERIO DE ECONOMÍA,estatal,Real Decreto,5793,5794,"Real Decreto 92/2001, de 2 de febrero, por el que se regula la Comisión Interministerial para las Negociaciones en la Organización Mundial de Comercio (OMC)."
2001-02-15,40,1,BOE-A-2001-3131,MINISTERIO DE ECONOMÍA,estatal,Corrección,5794,5794,"Corrección de erratas del Real Decreto 3491/2000, de 29 de diciembre, por el que se declaran oficiales las cifras de población resultantes de la revisión del Padrón municipal referidas al 1 de enero de 1999."
2001-02-16,41,1,BOE-A-2001-3234,JEFATURA DEL ESTADO,estatal,Otras,6086,6086,"Instrumento De Ratificación del Convenio sobre Ayuda Alimentaria, 1999, hecho en Londres el 13 de abril de 1999."
2001-02-16,41,1,BOE-A-2001-3235,MINISTERIO DEL INTERIOR,estatal,Orden,6086,6087,"Orden de 5 de febrero de 2001 por la que se suprimen diversos puestos fronterizos en las provincias de Navarra, Huesca, Ourense, Zamora, Cáceres y Badajoz."
2001-02-16,41,1,BOE-A-2001-3236,MINISTERIO DE ECONOMÍA,estatal,Corrección,6087,6087,Corrección de erratas de la Orden de 23 de enero de 2001 de constitución de la Comisión Ministerial para la Coordinación de las Actividades Relativas a la Introducción del Euro en el Ministerio de Economía.
2001-02-17,42,1,BOE-A-2001-3319,JEFATURA DEL ESTADO,estatal,Real Decreto-ley,6197,6199,"Real Decreto-ley 4/2001, de 16 de febrero, sobre el régimen de intervención administrativa aplicable a la valorización energética de harinas de origen animal procedentes de la transformación de despojos y cadáveres de animales."
2001-02-17,42,1,BOE-A-2001-3320,MINISTERIO DE ECONOMÍA,estatal,Real Decreto,6199,6213,"Real Decreto 91/2001, de 2 de febrero, por el que se modifica parcialmente el Real Decreto 1393/1990, de 2 de noviembre, por el que se aprueba el Reglamento de la Ley 46/1984, de 26 de diciembre, reguladora de las instituciones de inversión colectiva."
2001-02-17,42,1,BOE-A-2001-3321,MINISTERIO DE ECONOMÍA,estatal,Resolución,6213,6214,"Resolución de 14 de febrero de 2001, del Comisionado para el Mercado de Tabacos, por la que se publican los precios de venta al público de determinadas labores de tabaco en expendedurías de tabaco y timbre del área del monopolio."
2001-02-19,43,1,BOE-A-2001-3386,MINISTERIO DE ECONOMÍA,estatal,Orden,6252,6255,Orden de 12 de febrero de 2001 por la que se aprueban las nuevas tarifas y precios de los suministros de gas natural y gases manufacturados por canalización para usos domésticos y comerciales.
2001-02-19,43,1,BOE-A-2001-3387,MINISTERIO DE ECONOMÍA,estatal,Resolución,6255,6255,"Resolución de 14 de febrero de 2001, de la Dirección General de Política Energética y Minas, por la que se hacen públicos los nuevos precios máximos de venta, antes de impuestos, de los gases licuados del petróleo."
2001-02-20,44,1,BOE-A-2001-3420,MINISTERIO DE LA PRESIDENCIA,estatal,Real Decreto,6326,6327,"Real Decreto 142/2001, de 16 de febrero, por el que se establecen los requisitos para la regularización prevista en la disposición transitoria cuarta de la Ley Orgánica 8/2000, de 22 de diciembre, de Reforma de la Ley Orgánica 4/2000, de 11 de enero, sobre Derechos y libertades de los extranjeros en España y su integración social."
2001-02-20,44,1,BOE-A-2001-3421,COMUNIDAD FORAL DE NAVARRA,autonómico,Ley,6327,6328,"Ley Foral 8/2000, de 21 de septiembre, por la que se declara de utilidad pública y se aprueba la desafectación de 81.937 metros cuadrados de terreno comunal perteneciente al Ayuntamiento de Lumbier."
2001-02-20,44,1,BOE-A-2001-3422,COMUNIDAD FORAL DE NAVARRA,autonómico,Ley,6328,6328,"Ley Foral 9/2000, de 21 de septiembre, de concesión de un suplemento de crédito para el Departamento de Educación y Cultura."
2001-02-20,44,1,BOE-A-2001-3423,COMUNIDAD FORAL DE NAVARRA,autonómico,Ley,6328,6329,"Ley Foral 10/2000, de 16 de noviembre, por la que se modifica el artículo 75.5 de la Ley Foral 19/1992, de 30 de diciembre, del Impuesto sobre el Valor Añadido."
2001-02-20,44,1,BOE-A-2001-3424,COMUNIDAD FORAL DE NAVARRA,autonómico,Ley,6329,6343,"Ley Foral 11/2000, de 16 de noviembre, de Sanidad Animal."
2001-02-20,44,1,BOE-A-2001-3425,COMUNIDAD FORAL DE NAVARRA,autonómico,Ley,6343,6358,"Ley Foral 12/2000, de 16 de noviembre, de Atención Farmacéutica."
2001-02-21,45,1,BOE-A-2001-3491,JEFATURA DEL ESTADO,estatal,Otras,6574,6575,"Instrumento de aceptación por parte de España del anexo V y apéndice 3 del Convenio para la protección del medio marino del Atlántico Nordeste (hecho en París el 22 de septiembre de 1992, publicado en el ""Boletín Oficial del Estado"" número 150, de 24 de junio de 1998), adoptado en Sintra (Portugal) el 23 de julio de 1998."
2001-02-21,45,1,BOE-A-2001-3492,MINISTERIO DE FOMENTO,estatal,Real Decreto,6575,6575,"Real Decreto 114/2001, de 9 de febrero, por el que se modifica el Reglamento General de Carreteras, aprobado por el Real Decreto 1812/1994, de 2 de septiembre."
2001-02-21,45,1,BOE-A-2001-3493,MINISTERIO DE LA PRESIDENCIA,estatal,Orden,6576,6576,"Orden de 15 de febrero de 2001 por la que se modifica la relación de bases aéreas o aeródromos militares abiertos al tráfico aéreo civil contenida en el Real Decreto 1167/1995, de 7 de julio, sobre régimen de uso de los aeródromos utilizados conjuntamente por una base aérea y un aeropuerto y de las bases aéreas abiertas al tráfico civil."
2001-02-21,45,1,BOE-A-2001-3494,COMUNIDAD FORAL DE NAVARRA,autonómico,Ley,6576,6608,"Ley Foral 13/2000, de 14 de diciembre, General Tributaria."
2001-02-21,45,1,BOE-A-2001-3495,COMUNIDAD FORAL DE NAVARRA,autonómico,Ley,6608,6610,"Ley Foral 14/2000, de 29 de diciembre, por la que se regula el proceso de enajenación del área afectada por el planeamiento sectorial de incidencia supramunicipal de Sarriguren."
2001-02-21,45,1,BOE-A-2001-3496,COMUNIDAD FORAL DE NAVARRA,autonómico,Ley,6610,6611,"Ley Foral 15/2000, de 29 de diciembre, de aplicación de las medidas públicas de apoyo a la implantación de la jornada laboral de treinta y cinco horas contenidas en la Ley Foral 6/1999, de 16 de marzo, a las empresas en cuyo capital participa, directa o indirectamente, la Administración de la Comunidad Foral y sus organismos autónomos."
2001-02-21,45,1,BOE-A-2001-3497,COMUNIDAD FORAL DE NAVARRA,autonómico,Ley,6611,6612,"Ley Foral 16/2000, de 29 de diciembre, de modificación de la Ley Foral 10/1999, de 6 de abril, por la que se declara Parque Natural las Bardenas Reales de Navarra."
2001-02-21,45,1,BOE-A-2001-3498,COMUNIDAD FORAL DE NAVARRA,autonómico,Ley,6612,6615,"Ley Foral 17/2000, de 29 de diciembre, reguladora de la aportación económica de los usuarios a la financiación de los servicios por estancia en Centros para la Tercera Edad."
2001-02-21,45,1,BOE-A-2001-3499,COMUNIDAD FORAL DE NAVARRA,autonómico,Ley,6615,6616,"Ley Foral 18/2000, de 29 de diciembre, de concesión de un crédito extraordinario de 500.000.000 de pesetas para financiar aportaciones al fondo de provisiones técnicas de Sonagar."
2001-02-22,46,1,BOE-A-2001-3563,MINISTERIO DE TRABAJO Y ASUNTOS SOCIALES,estatal,Real Decreto,6799,6807,"Real Decreto 116/2001, de 9 de febrero, por el que se aprueban los Estatutos del Consejo General de Colegios Oficiales de Diplomados en Trabajo Social y Asistentes Sociales."
2001-02-22,46,1,BOE-A-2001-3564,MINISTERIO DE ECONOMÍA,estatal,Corrección,6807,6807,Corrección de erratas de la Orden de 12 de febrero de 2001 por la que se aprueban las nuevas tarifas y precios de los suministros de gas natural y gases manufacturados por canalización para usos domésticos y comerciales.
2001-02-22,46,1,BOE-A-2001-3565,COMUNIDAD FORAL DE NAVARRA,autonómico,Ley,6807,6826,"Ley Foral 19/2000, de 29 de diciembre, de Presupuestos Generales de Navarra para el ejercicio del año 2001."
2001-02-22,46,1,BOE-A-2001-3566,COMUNIDAD FORAL DE NAVARRA,autonómico,Ley,6826,6846,"Ley Foral 20/2000, de 29 de diciembre, de modificación parcial de diversos impuestos y otras medidas tributarias."
2001-02-23,47,1,BOE-A-2001-3663,JEFATURA DEL ESTADO,estatal,Corrección,6991,6992,"Corrección de errores de la Ley Orgánica 8/2000, de 22 de diciembre, de reforma de la Ley Orgánica 4/2000, de 11 de enero, sobre Derechos y Libertades de los Extranjeros en España y su Integración Social."
2001-02-23,47,1,BOE-A-2001-3664,JEFATURA DEL ESTADO,estatal,Otras,6992,6995,"Instrumento de Ratificación del Acuerdo europeo relativo a las personas que participan en procedimientos ante el Tribunal Europeo de Derechos Humanos, hecho en Estrasburgo el 5 de marzo de 1996."
2001-02-23,47,1,BOE-A-2001-3665,TRIBUNAL CONSTITUCIONAL,estatal,Resolución judicial,6995,6995,"Conflicto positivo de competencia número 368/2001, promovido por el Gobierno de Aragón, en relación con la Resolución de la Dirección General del Instituto para la Diversificación y Ahorro de la Energía, de 8 de septiembre de 2000."
2001-02-23,47,1,BOE-A-2001-3666,"MINISTERIO DE AGRICULTURA, PESCA Y ALIMENTACIÓN",estatal,Orden,6995,6996,"Orden de 21 de febrero de 2001 por la que se suprime el requisito del aval previsto en la Orden de 28 de diciembre de 2000, por la que se establece el plan de adquisición de bovinos de más de treinta meses a los que no se les haya practicado la prueba de detección de la EEB."
2001-02-23,47,1,BOE-A-2001-3667,MINISTERIO DE SANIDAD Y CONSUMO,estatal,Real Decreto,6996,7000,"Real Decreto 90/2001, de 2 de febrero, por el que se establecen los métodos de toma de muestras y de análisis para el control oficial del contenido máximo de aflatoxinas en cacahuetes, frutos de cáscara, frutos desecados, cereales, leche y los productos derivados de su transformación."
2001-02-24,48,1,BOE-A-2001-3779,MINISTERIO DE FOMENTO,estatal,Real Decreto,7190,7190,"Real Decreto 167/2001, de 23 de febrero, por el que se modifica parcialmente el Real Decreto 1027/1989, de 28 de julio, sobre abanderamiento, matriculación de buques y registro marítimo."
2001-02-24,48,1,BOE-A-2001-3780,"MINISTERIO DE AGRICULTURA, PESCA Y ALIMENTACIÓN",estatal,Orden,7190,7192,"Orden de 22 de febrero de 2001 por la que se determinan con carácter transitorio los supuestos excepcionales de inhumación previstos en la disposición final tercera del Real Decreto 3454/2000, de 22 de diciembre, por el que se establece y regula el programa integral coordinado de vigilancia y control de las encefalopatías espongiformes transmisibles de los animales."
2001-02-24,48,1,BOE-A-2001-3781,"MINISTERIO DE AGRICULTURA, PESCA Y ALIMENTACIÓN",estatal,Orden,7192,7194,"Orden de 22 de febrero de 2001 por la que se determinan los supuestos excepcionales de incineración previstos en la disposición final tercera del Real Decreto 3454/2000, de 22 de diciembre, por el que se establece y regula el programa integral coordinado de vigilancia y control de las encefalopatías espongiformes transmisibles de los animales."
2001-02-27,50,1,BOE-A-2001-3894,MINISTERIO DE HACIENDA,estatal,Orden,7295,7295,Orden de 22 de febrero de 2001 por la que se revisa la cuantía de los gastos de locomoción y de las dietas en el Impuesto sobre la Renta de las Personas Físicas.
2001-02-27,50,1,BOE-A-2001-3895,MINISTERIO DE ECONOMÍA,estatal,Resolución,7295,7296,"Resolución de 23 de febrero de 2001, de la Dirección General de Política Energética y Minas, por la que se hacen públicos los nuevos precios máximos de venta de gas natural para usos industriales."
2001-02-27,50,1,BOE-A-2001-3896,COMUNIDAD AUTÓNOMA DE CASTILLA-LA MANCHA,autonómico,Ley,7296,7315,"Ley 8/2000, de 30 de noviembre, de Ordenación Sanitaria de Castilla-La Mancha."
2001-02-27,50,1,BOE-A-2001-3897,COMUNIDAD AUTÓNOMA DE CASTILLA-LA MANCHA,autonómico,Ley,7315,7337,"Ley 9/2000, de 21 de diciembre, de Presupuestos Generales de la Junta de Comunidades de Castilla-La Mancha para el año 2001."
2001-02-27,50,1,BOE-A-2001-3898,COMUNIDAD AUTÓNOMA DE CASTILLA-LA MANCHA,autonómico,Ley,7338,7339,"Ley 10/2000, de 26 de diciembre, de modificación de la Ley 4/1996, de 26 de diciembre, de Ordenación del Servicio Farmacéutico de Castilla-La Mancha."
2001-02-27,50,1,BOE-A-2001-3899,COMUNIDAD AUTÓNOMA DE CASTILLA-LA MANCHA,autonómico,Ley,7339,7341,"Ley 11/2000, de 26 de diciembre, del Impuesto sobre determinadas actividades que inciden en el Medio Ambiente."
2001-02-27,50,1,BOE-A-2001-3900,COMUNIDAD AUTÓNOMA DE CASTILLA-LA MANCHA,autonómico,Ley,7342,7342,"Ley 12/2000, de 26 de diciembre, de Concesión de un Crédito Extraordinario por importe de 16.294.531 pesetas, para sufragar los gastos de las elecciones a Cortes de Castilla-La Mancha, celebradas el 13 de junio de 1999."
2001-02-27,50,1,BOE-A-2001-3901,COMUNIDAD AUTÓNOMA DE CASTILLA-LA MANCHA,autonómico,Ley,7342,7343,"Ley 13/2000, de 26 de diciembre, de modificación de la Ley 7/1998, de 15 de octubre, de Comercio Minorista de Castilla-La Mancha."
2001-02-28,51,1,BOE-A-2001-3986,PRESIDENCIA DEL GOBIERNO,estatal,Real Decreto,7454,7454,"Real Decreto 209/2001, de 27 de febrero, por el que se modifica el Real Decreto 558/2000, de 27 de abril, sobre las Vicepresidencias del Gobierno."
2001-02-28,51,1,BOE-A-2001-3987,CORTES GENERALES,estatal,Resolución,7454,7454,"Resolución de 22 de febrero de 2001, del Congreso de los Diputados, por la que se ordena la publicación del acuerdo de convalidación del Real Decreto-ley 3/2001, de 9 de febrero, por el que se adoptan medidas para reparar los daños causados por las inundaciones producidas en la Comunidad Autónoma de Cataluña a consecuencia de las lluvias torrenciales."
2001-02-28,51,1,BOE-A-2001-3988,CORTES GENERALES,estatal,Resolución,7454,7454,"Resolución de 22 de febrero de 2001, del Congreso de los Diputados, por la que se ordena la publicación del acuerdo de convalidación del Real Decreto-ley 2/2001, de 2 de febrero, por el que se modifica la disposición transitoria sexta de la Ley 54/1997, de 27 de noviembre, del Sector Eléctrico, y determinados artículos de la Ley 16/1989, de 17 de julio, de Defensa de la Competencia."
2001-02-28,51,1,BOE-A-2001-3989,MINISTERIO DE LA PRESIDENCIA,estatal,Real Decreto,7454,7455,"Real Decreto 141/2001, de 16 de febrero, por el que se modifica el Real Decreto 483/1999, de 18 de marzo, por el que se crean los centros docentes de formación de la Guardia Civil."
2001-02-28,51,1,BOE-A-2001-3990,MINISTERIO DE ECONOMÍA,estatal,Resolución,7455,7457,"Resolución de 26 de febrero de 2001, del Comisionado para el Mercado de Tabacos, por la que se publican los precios de venta al público de determinadas labores de tabaco en expendedurías de tabaco y timbre del área del monopolio."
2001-02-28,51,1,BOE-A-2001-3991,COMUNIDAD AUTÓNOMA DEL PRINCIPADO DE ASTURIAS,autonómico,Ley,7457,7467,"Ley 3/2000, de 30 de diciembre, de Presupuestos Generales para 2001."
2001-02-28,51,1,BOE-A-2001-3992,COMUNIDAD AUTÓNOMA DEL PRINCIPADO DE ASTURIAS,autonómico,Ley,7467,7481,"Ley 4/2000, de 30 de diciembre, de Medidas Presupuestarias, Administrativas y Fiscales."
2001-03-01,52,1,BOE-A-2001-4090,JEFATURA DEL ESTADO,estatal,Otras,7671,7672,"Instrumento de Ratificación del Protocolo Adicional al Convenio para la protección de los derechos humanos y la dignidad del ser humano con respecto a las aplicaciones de la biología y la medicina, por el que se prohíbe la clonación de seres humanos, hecho en París el 12 de enero de 1998."
2001-03-01,52,1,BOE-A-2001-4091,"MINISTERIO DE AGRICULTURA, PESCA Y ALIMENTACIÓN",estatal,Orden,7672,7673,Orden de 28 de febrero de 2001 por la que se adoptan medidas cautelares en relación con la fiebre aftosa.
2001-03-01,52,1,BOE-A-2001-4092,MINISTERIO DE LA PRESIDENCIA,estatal,Orden,7673,7676,"Orden de 26 de febrero de 2001 por la que se dispone la publicación del acuerdo de la Comisión Delegada del Gobierno para Asuntos Económicos por el que se aprueba la modificación de los planes de descuento de ""Telefónica de España, Sociedad Anónima Unipersonal"", afectados por la variación tarifaria de las llamadas provinciales e interprovinciales."
2001-03-01,52,1,BOE-A-2001-4093,MINISTERIO DE SANIDAD Y CONSUMO,estatal,Orden,7676,7677,"Orden de 21 de febrero de 2001 por la que se regula la Red Nacional de Vigilancia Epidemiológica, en relación con las encefalopatías espongiformes transmisibles humanas."
2001-03-02,53,1,BOE-A-2001-4182,MINISTERIO DEL INTERIOR,estatal,Orden,7832,7833,Orden de 26 de febrero de 2001 por la que se actualiza el precio de la partida y los premios máximos en las máquinas recreativas y se dictan las previsiones necesarias para su adaptación al euro.
2001-03-02,53,1,BOE-A-2001-4183,MINISTERIO DE ECONOMÍA,estatal,Corrección,7833,7833,"Corrección de erratas y errores de la Resolución de 30 de enero de 2001, de la Dirección General de Seguros y Fondos de Pensiones, por la que se da publicidad a las cuantías de las indemnizaciones por muerte, lesiones permanentes e incapacidad temporal que resultarán de aplicar durante el año 2001 el sistema para la valoración de los daños y perjuicios causados a las personas en accidentes de circulación."
2001-03-03,54,1,BOE-A-2001-4291,JEFATURA DEL ESTADO,estatal,Real Decreto-ley,8062,8070,"Real Decreto-ley 5/2001, de 2 marzo, de Medidas Urgentes de Reforma del Mercado de Trabajo para el incremento del empleo y la mejora de su calidad."
2001-03-03,54,1,BOE-A-2001-4292,MINISTERIO DE ASUNTOS EXTERIORES,estatal,Resolución,8070,8070,"Resolución de 21 de febrero de 2001, de la Secretaría General Técnica, sobre el Convenio suprimiendo la exigencia de legalización de los documentos públicos extranjeros, hecho en La Haya el 5 de octubre de 1961 (publicado en el ""Boletín Oficial del Estado"" de 25 de septiembre de 1978, 17 de octubre de 1979, 19 de enero de 1979, 20 de septiembre de 1984)."
2001-03-03,54,1,BOE-A-2001-4293,MINISTERIO DE ASUNTOS EXTERIORES,estatal,Tratado o acuerdo internacional,8070,8072,"Acuerdo entre el Reino de España y las Naciones Unidas sobre la ejecución de condenas impuestas por el Tribunal Penal Internacional para la ex Yugoslavia, hecho en La Haya el 28 de marzo de 2000."
2001-03-03,54,1,BOE-A-2001-4294,MINISTERIO DE FOMENTO,estatal,Real Decreto,8072,8081,"Real Decreto 140/2001, de 16 de febrero, por el que se aprueban los Estatutos del Colegio de Ingenieros Técnicos de Obras Públicas."
2001-03-03,54,1,BOE-A-2001-4295,"MINISTERIO DE AGRICULTURA, PESCA Y ALIMENTACIÓN",estatal,Orden,8081,8082,"Orden de 2 de marzo de 2001 por la que se adoptan medidas cautelares con respecto a alimentos, residuos y vehículos procedentes del Reino Unido en relación con la fiebre aftosa."
2001-03-03,54,1,BOE-A-2001-4296,MINISTERIO DE LA PRESIDENCIA,estatal,Real Decreto,8082,8236,"Real Decreto 220/2001, de 2 de marzo, por el que se determinan los requisitos exigibles para la realización de las operaciones de transporte aéreo comercial por aviones civiles."
2001-03-03,54,1,BOE-A-2001-4297,MINISTERIO DE LA PRESIDENCIA,estatal,Real Decreto,8236,8236,"Real Decreto 221/2001, de 2 de marzo, por el que se modifica el Real Decreto 1911/2000, de 24 de noviembre, por el que se regula la destrucción de los materiales especificados de riesgo en relación con las encefalopatías espongiformes transmisibles."
2001-03-03,54,1,BOE-A-2001-4298,MINISTERIO DE CIENCIA Y TECNOLOGÍA,estatal,Real Decreto,8236,8254,"Real Decreto 222/2001, de 2 de marzo, por el que se dictan las disposiciones de aplicación de la Directiva 1999/36/CE, del Consejo, de 29 de abril, relativa a equipos a presión transportables."
2001-03-06,56,1,BOE-A-2001-4392,MINISTERIO DE TRABAJO Y ASUNTOS SOCIALES,estatal,Real Decreto,8375,8383,"Real Decreto 174/2001, de 23 de febrero, por el que se aprueban los Estatutos Generales de los Colegios Oficiales de Diplomados en Trabajo Social y Asistentes Sociales."
2001-03-07,57,1,BOE-A-2001-4489,TRIBUNAL CONSTITUCIONAL,estatal,Resolución judicial,8605,8605,"Acuerdo de 27 de febrero de 2001, del Pleno del Tribunal Constitucional, por el que se modifica parcialmente el Reglamento de Organización y Personal del Tribunal Constitucional."
2001-03-07,57,1,BOE-A-2001-4490,MINISTERIO DE ADMINISTRACIONES PÚBLICAS,estatal,Corrección,8606,8606,"Corrección de errores del Real Decreto 119/2001, de 9 de febrero, por el que se aprueba la oferta de empleo público para el año 2001."
2001-03-07,57,1,BOE-A-2001-4491,COMUNIDAD AUTÓNOMA DE GALICIA,autonómico,Corrección,8606,8606,"Corrección de errores de la Ley 4/2000, de 27 de diciembre, de Presupuestos Generales de la Comunidad Autónoma de Galicia para el año 2001."
2001-03-07,57,1,BOE-A-2001-4492,COMUNIDAD AUTÓNOMA DE GALICIA,autonómico,Corrección,8606,8606,"Corrección de errores de la Ley 5/2000, de 28 de diciembre, de Medidas Fiscales y Régimen Presupuestario y Administrativo."
2001-03-08,58,1,BOE-A-2001-4549,MINISTERIO DE ASUNTOS EXTERIORES,estatal,Resolución,8655,8658,"Resolución de 20 de febrero de 2001, de la Secretaría General Técnica, sobre el Convenio relativo a la Adhesión del Reino de España y de la República Portuguesa al Convenio relativo a la competencia judicial y a la ejecución de resoluciones judiciales en materia civil y mercantil, así como al Protocolo relativo a su interpretación por el Tribunal de Justicia, con las adaptaciones introducidas por el Convenio relativo a la adhesión del Reino de Dinamarca, de Irlanda y del Reino Unido de Gran Bretaña e Irlanda del Norte y las adaptaciones introducidas por el Convenio relativo a la adhesión de la República Helénica, hecho en Donostia (San Sebastián), el 26 de mayo de 1989 (publicado en el ""Boletín Oficial del Estado"" número 24, de 28 de enero de 1991)."
2001-03-08,58,1,BOE-A-2001-4550,MINISTERIO DEL INTERIOR,estatal,Resolución,8658,8673,"Resolución de 23 de febrero de 2001, de la Dirección General de Tráfico, por la que se establecen medidas especiales de regulación de tráfico durante el año 2001."
2001-03-09,59,1,BOE-A-2001-4637,"MINISTERIO DE EDUCACIÓN, CULTURA Y DEPORTE",estatal,Real Decreto,8766,8779,"Real Decreto 168/2001, de 23 de febrero, por el que se homologa el título de Licenciado en Administración y Dirección de Empresas de la Escuela Superior de Estudios Empresariales (ESEE), del Instituto Social Empresarial (ISE), adscrita a la Universidad ""Miguel Hernández"", de Elche (Alicante)."
2001-03-09,59,1,BOE-A-2001-4638,"MINISTERIO DE EDUCACIÓN, CULTURA Y DEPORTE",estatal,Real Decreto,8780,8804,"Real Decreto 169/2001, de 23 de febrero, por el que se homologan diversos títulos del Centro Mediterráneo de Estudios Universitarios de Ciencia y Tecnología (MUST), adscrito a la Universidad Politécnica de Valencia."
2001-03-09,59,1,BOE-A-2001-4639,"MINISTERIO DE EDUCACIÓN, CULTURA Y DEPORTE",estatal,Real Decreto,8805,8816,"Real Decreto 170/2001, de 23 de febrero, por el que se homologa el título de Diplomado en Terapia Ocupacional de la Escuela Universitaria ""La Salle"", adscrita a la Universidad Autónoma de Madrid."
2001-03-09,59,1,BOE-A-2001-4640,"MINISTERIO DE EDUCACIÓN, CULTURA Y DEPORTE",estatal,Real Decreto,8817,8827,"Real Decreto 171/2001, de 23 de febrero, por el que se homologa el título de Diplomado en Gestión y Administración Pública de la Escuela Universitaria de Gestión y Administración Pública de Manresa, adscrita a la Universidad Autónoma de Barcelona."
2001-03-09,59,1,BOE-A-2001-4641,"MINISTERIO DE EDUCACIÓN, CULTURA Y DEPORTE",estatal,Real Decreto,8828,8837,"Real Decreto 172/2001, de 23 de febrero, por el que se homologa el título de Diplomado en Turismo del Centro Florida Universitaria, de Catarroja, adscrito a la Universidad de Valencia."
2001-03-09,59,1,BOE-A-2001-4642,"MINISTERIO DE EDUCACIÓN, CULTURA Y DEPORTE",estatal,Real Decreto,8838,8845,"Real Decreto 173/2001, de 23 de febrero, por el que se homologa el título de Diplomado en Turismo de la Escuela Universitaria de Turismo de Zaragoza, adscrita a la Universidad de Zaragoza."
2001-03-09,59,1,BOE-A-2001-4643,"MINISTERIO DE EDUCACIÓN, CULTURA Y DEPORTE",estatal,Orden,8846,8856,"Orden de 27 de febrero de 2001 por la que se modifica el plan de estudios conducente a la obtención del título de Licenciado en Administración y Dirección de Empresas, de la Facultad de Ciencias del Seguro, Jurídicas y de la Empresa (Madrid), de la Universidad Pontificia de Salamanca."
2001-03-09,59,1,BOE-A-2001-4644,"MINISTERIO DE AGRICULTURA, PESCA Y ALIMENTACIÓN",estatal,Orden,8857,8903,"Orden de 27 de febrero de 2001 por la que se modifican algunos anexos del Real Decreto 2071/1993, de 26 de noviembre, relativo a las medidas de protección contra la introducción y difusión en el territorio nacional y de la Comunidad Económica Europea de organismos nocivos para los vegetales o productos vegetales, así como para la exportación y tránsito hacia países terceros."
2001-03-09,59,1,BOE-A-2001-4645,"MINISTERIO DE AGRICULTURA, PESCA Y ALIMENTACIÓN",estatal,Orden,8904,8904,Orden de 8 de marzo de 2001 por la que se adoptan medidas de protección en relación con la fiebre aftosa.
2001-03-10,60,1,BOE-A-2001-4709,JEFATURA DEL ESTADO,estatal,Corrección,8974,8974,"Corrección de errores del Real Decreto-ley 5/2001, de 2 de marzo, de Medidas Urgentes de Reforma del Mercado de Trabajo para el incremento del empleo y la mejora de su calidad."
2001-03-10,60,1,BOE-A-2001-4710,TRIBUNAL CONSTITUCIONAL,estatal,Resolución judicial,8974,8974,Cuestión de inconstitucionalidad número 763/2001.
2001-03-10,60,1,BOE-A-2001-4711,MINISTERIO DE DEFENSA,estatal,Real Decreto,8974,8975,"Real Decreto 247/2001, 9 de marzo, por el que se adelanta la suspensión de la prestación del servicio militar."
2001-03-10,60,1,BOE-A-2001-4712,MINISTERIO DEL INTERIOR,estatal,Corrección,8975,8975,Corrección de errores a la Orden de 26 de febrero de 2001 por la que se actualiza el precio de la partida y los premios máximos en las máquinas recreativas y se dictan las previsiones necesarias para su adaptación al euro.
2001-03-10,60,1,BOE-A-2001-4713,MINISTERIO DE SANIDAD Y CONSUMO,estatal,Real Decreto,8975,8977,"Real Decreto 249/2001, de 9 de marzo, por el que se modifica el Real Decreto 294/1995, de 24 de febrero, por el que se regula la Real Farmacopea Española, el Formulario Nacional y los órganos consultivos del Ministerio de Sanidad y Consumo en esta materia."
2001-03-13,62,1,BOE-A-2001-4837,CONSEJO GENERAL DEL PODER JUDICIAL,estatal,Resolución judicial,9064,9064,"Acuerdo Reglamentario 2/2001, de 7 de marzo, del Pleno del Consejo General del Poder Judicial, por el que se derogan los artículos 4 a 30, ambos inclusive, del Reglamento 1/1995, de 7 de junio, de la Carrera Judicial."
2001-03-13,62,1,BOE-A-2001-4838,MINISTERIO DE ASUNTOS EXTERIORES,estatal,Resolución,9064,9065,"Resolución de 28 de febrero de 2001, de la Secretaría General Técnica, sobre la ratificación por Andorra del Convenio Europeo de Extradición, París, 13 de diciembre de 1957 (publicado en el ""Boletín Oficial del Estado"" de 8 de junio de 1982)."
2001-03-13,62,1,BOE-A-2001-4839,MINISTERIO DE ECONOMÍA,estatal,Corrección,9065,9066,"Corrección de errores del Real Decreto 1955/2000, de 1 de diciembre, por el que se regulan las actividades de transporte, distribución, comercialización, suministro y procedimientos de autorización de instalaciones de energía eléctrica."
2001-03-13,62,1,BOE-A-2001-4840,COMUNIDAD AUTÓNOMA DE ARAGÓN,autonómico,Ley,9066,9067,"Ley 1/2001, de 8 de febrero, de modificación de la Ley 11/1992, de 24 de noviembre, de Ordenación del Territorio."
2001-03-14,63,1,BOE-A-2001-4969,MINISTERIO DE ASUNTOS EXTERIORES,estatal,Otras,9223,9223,"Denuncia por España del Convenio relativo a la creación de una Unión Internacional para la publicación de Aranceles de Aduanas, hecho en Bruselas el 5 de julio de 1890, y de su Protocolo modificativo, hecho en Bruselas el 16 de diciembre de 1949."
2001-03-14,63,1,BOE-A-2001-4970,MINISTERIO DE ASUNTOS EXTERIORES,estatal,Corrección,9223,9223,"Corrección de erratas de los ajustes del Protocolo de Montreal relativo a las sustancias que agotan la capa de ozono, hecho en Montreal el 16 de septiembre de 1987, adoptados en la undécima reunión de las Partes del Protocolo de Montreal celebrada en Beijing (China) el 3 de diciembre de 1999."
2001-03-14,63,1,BOE-A-2001-4971,MINISTERIO DE HACIENDA,estatal,Orden,9223,9306,"Orden de 12 de marzo de 2001 por la que se aprueban los modelos de declaración del Impuesto sobre la Renta de las Personas Físicas y del Impuesto sobre el Patrimonio para el ejercicio 2000, y se determinan el lugar, forma y plazos de presentación de los mismos."
2001-03-14,63,1,BOE-A-2001-4972,"MINISTERIO DE AGRICULTURA, PESCA Y ALIMENTACIÓN",estatal,Orden,9307,9307,"Orden de 13 de marzo de 2001 por la que se adoptan medidas cautelares con respecto a los alimentos, residuos y vehículos procedentes de Francia en relación con la fiebre aftosa."
2001-03-14,63,1,BOE-A-2001-4973,"MINISTERIO DE AGRICULTURA, PESCA Y ALIMENTACIÓN",estatal,Orden,9307,9308,"Orden de 13 de marzo de 2001 por la que se prohíbe cautelarmente la introducción de animales y ciertos productos de especies sensibles a la fiebre aftosa, originarios o procedentes de Francia."
2001-03-15,64,1,BOE-A-2001-5057,JEFATURA DEL ESTADO,estatal,Ley,9607,9610,"Ley 1/2001, de 13 de marzo, por la que se autoriza la participación del Reino de España en la octava reposición de recursos del Fondo Africano de Desarrollo."
2001-03-15,64,1,BOE-A-2001-5058,TRIBUNAL CONSTITUCIONAL,estatal,Corrección,9611,9611,"Corrección de errores del Acuerdo de 27 de febrero de 2001, del Pleno del Tribunal Constitucional, por el que se modifica parcialmente el Reglamento de Organización y Personal del Tribunal Constitucional."
2001-03-15,64,1,BOE-A-2001-5059,MINISTERIO DE ASUNTOS EXTERIORES,estatal,Resolución,9611,9614,"Resolución de 26 de febrero de 2001, de la Secretaría General Técnica, por la que se publica la Resolución 1329 (2000), de 30 de noviembre, del Consejo de Seguridad de las Naciones Unidas, por la que se reforman los Estatutos de los Tribunales Penales Internacionales para la antigua Yugoslavia y Ruanda [Resolución 827 (1993), de 25 de mayo, ""Boletín Oficial del Estado"" número 281, de 24 de noviembre de 1993, y número 19, de 22 de enero de 1994, y Resolución 955 (1994), de 8 de noviembre, ""Boletín Oficial del Estado"" número 123, de 24 de mayo de 1995]."
2001-03-15,64,1,BOE-A-2001-5060,MINISTERIO DE HACIENDA,estatal,Resolución,9614,9619,"Resolución de 27 de febrero de 2001, del Departamento de Aduanas e Impuestos Especiales de la Agencia Estatal de la Administración Tributaria, por la que se actualiza el Arancel Integrado de Aplicación (TARIC)."
2001-03-15,64,1,BOE-A-2001-5061,MINISTERIO DE TRABAJO Y ASUNTOS SOCIALES,estatal,Real Decreto,9619,9622,"Real Decreto 219/2001, de 2 de marzo, sobre organización y funcionamiento del Consejo para el Fomento de la Economía Social."
2001-03-15,64,1,BOE-A-2001-5062,MINISTERIO DE MEDIO AMBIENTE,estatal,Orden,9622,9624,Orden de 28 de febrero de 2001 por la que se dispone la publicación de los Estatutos provisionales del Consejo General de Colegios Oficiales de Ingenieros Técnicos Forestales.
2001-03-16,65,1,BOE-A-2001-5183,MINISTERIO DEL INTERIOR,estatal,Orden,9744,9744,"Orden de 7 de marzo de 2001 por la que se crean, dependientes del Archivo General del Ministerio del Interior, las Secciones de las Direcciones Generales de la Policía y de la Guardia Civil."
2001-03-16,65,1,BOE-A-2001-5184,MINISTERIO DE LA PRESIDENCIA,estatal,Orden,9744,9746,"Orden de 8 de marzo de 2001 por la que se modifican los anexos del Real Decreto 569/1990, de 27 de abril, relativo a la fijación de los contenidos máximos de residuos de plaguicidas sobre y en los productos alimenticios de origen animal."
2001-03-16,65,1,BOE-A-2001-5185,MINISTERIO DE SANIDAD Y CONSUMO,estatal,Real Decreto,9746,9755,"Real Decreto 175/2001, de 23 de febrero, por el que se aprueban las normas de correcta elaboración y control de calidad de fórmulas magistrales y preparados oficinales."
2001-03-16,65,1,BOE-A-2001-5186,MINISTERIO DE CIENCIA Y TECNOLOGÍA,estatal,Corrección,9756,9756,"Corrección de errores del Real Decreto 3428/2000, de 15 de diciembre, por el que se aprueban los Estatutos generales de los Colegios Oficiales de Químicos y de su Consejo General."
2001-03-16,65,1,BOE-A-2001-5187,COMUNIDAD AUTÓNOMA DE GALICIA,autonómico,Ley,9756,9757,"Ley 1/2001, de 22 de enero, de Creación del Colegio de Educadores Sociales de Galicia."
2001-03-16,65,1,BOE-A-2001-5188,COMUNIDAD AUTÓNOMA DE GALICIA,autonómico,Ley,9757,9759,"Ley 2/2001, de 24 de enero, por la que se crea la Escala de Personal Investigador para los Centros de Investigación y Desarrollo Tecnológico de la Xunta de Galicia y se establecen normas para la provisión de sus puestos de trabajo."
2001-03-17,66,1,BOE-A-2001-5295,MINISTERIO DE JUSTICIA,estatal,Real Decreto,9902,9903,"Real Decreto 282/2001, de 16 de marzo, por el que se establece la separación de Juzgados de Primera Instancia y Juzgados de Instrucción en los partidos judiciales de Almería, Huelva y Castellón de la Plana."
2001-03-17,66,1,BOE-A-2001-5296,MINISTERIO DE HACIENDA,estatal,Real Decreto,9903,9905,"Real Decreto 283/2001, de 16 de marzo, por el que se modifican determinados artículos del Reglamento del Impuesto sobre Sociedades en materia de deducción por inversiones destinadas a la protección del medio ambiente."
2001-03-17,66,1,BOE-A-2001-5297,"MINISTERIO DE EDUCACIÓN, CULTURA Y DEPORTE",estatal,Real Decreto,9905,9919,"Real Decreto 217/2001, de 2 de marzo, por el que se homologan los títulos de Licenciado en Traducción e Interpretación y de Diplomado en Turismo del Centro Universitario Estema, adscrito a la Universidad ""Miguel Hernández"", de Elche."
2001-03-17,66,1,BOE-A-2001-5298,"MINISTERIO DE EDUCACIÓN, CULTURA Y DEPORTE",estatal,Real Decreto,9920,9926,"Real Decreto 218/2001, de 2 de marzo, por el que se homologa el título de Ingeniero de Telecomunicación de la Escuela Técnica Superior de Ingeniería Electrónica e Informática de la Universidad ""Ramón Llull"", de Barcelona."
2001-03-17,66,1,BOE-A-2001-5299,MINISTERIO DE TRABAJO Y ASUNTOS SOCIALES,estatal,Orden,9927,9932,Orden de 8 de marzo de 2001 por la que se establecen para el año 2001 las bases de cotización a la Seguridad Social de los trabajadores del régimen especial del mar incluidos en los grupos segundo y tercero.
2001-03-17,66,1,BOE-A-2001-5300,"MINISTERIO DE AGRICULTURA, PESCA Y ALIMENTACIÓN",estatal,Resolución,9933,9933,"Resolución de 1 de marzo de 2001, de la Dirección General de Planificación Económica y Coordinación Institucional, por la que se da publicidad a los índices de precios percibidos por los agricultores y ganaderos en 2000, a los efectos de la actualización de las rentas de los arrendamientos rústicos."
2001-03-17,66,1,BOE-A-2001-5301,MINISTERIO DE LA PRESIDENCIA,estatal,Real Decreto,9933,9935,"Real Decreto 248/2001, de 9 de marzo, de desarrollo del artículo 7 del Real Decreto-ley 15/1999, de 1 de octubre, por el que se aprueban medidas de liberalización, reforma estructural e incremento de la competencia en el sector de hidrocarburos."
2001-03-17,66,1,BOE-A-2001-5302,MINISTERIO DE LA PRESIDENCIA,estatal,Real Decreto,9936,9937,"Real Decreto 284/2001, de 16 de marzo, por el que se crea el guión y el estandarte de Su Alteza Real el Príncipe de Asturias, y se modifica el Reglamento de Banderas y Estandartes, Guiones, Insignias y Distintivos, aprobado por Real Decreto 1511/1977, de 21 de enero."
2001-03-17,66,1,BOE-A-2001-5303,MINISTERIO DE SANIDAD Y CONSUMO,estatal,Real Decreto,9937,9939,"Real Decreto 286/2001, de 16 de marzo, por el que se regula la doble exposición del precio de especialidades farmacéuticas y de efectos y accesorios en pesetas y euros."
2001-03-17,66,1,BOE-A-2001-5304,MINISTERIO DE ECONOMÍA,estatal,Resolución,9939,9941,"Resolución de 14 de marzo de 2001, del Comisionado para el Mercado de Tabacos, por la que se publican los precios de venta al público de determinadas labores de tabaco en expendedurías de tabaco y timbre del área del monopolio."
2001-03-19,67,1,BOE-A-2001-5366,MINISTERIO DE ECONOMÍA,estatal,Resolución,9989,9989,"Resolución de 13 de marzo de 2001, de la Dirección General de Política Energética y Minas, por la que se hacen públicos los nuevos precios máximos de venta, antes de impuestos, de los gases licuados del petróleo."
2001-03-20,68,1,BOE-A-2001-5420,MINISTERIO DE ASUNTOS EXTERIORES,estatal,Real Decreto,10054,10055,"Real Decreto 281/2001, de 19 de marzo, sobre competencias, funciones, composición y organización del Consejo de Cooperación al Desarrollo."
2001-03-20,68,1,BOE-A-2001-5421,MINISTERIO DE HACIENDA,estatal,Orden,10056,10300,"Orden de 15 de marzo de 2001 por la que se aprueban los modelos de declaración-liquidación del Impuesto sobre Sociedades y del Impuesto sobre la Renta de no Residentes correspondiente a establecimientos permanentes, en pesetas y en euros, para los períodos impositivos iniciados entre el 1 de enero y el 31 de diciembre de 2000, se dictan instrucciones relativas al procedimiento de declaración e ingreso y se aprueban los modelos para efectuar los pagos fraccionados, en pesetas y en euros, a cuenta de los citados impuestos que deben realizarse durante 2001 y se establecen las condiciones generales y el procedimiento para su presentación telemática."
2001-03-20,68,1,BOE-A-2001-5422,COMUNIDAD AUTÓNOMA VALENCIANA,autonómico,Corrección,10301,10301,"Corrección de errores de la Ley 12/2000, de 28 de diciembre, de Presupuestos de la Generalitat Valenciana para el ejercicio 2001."
2001-03-20,68,1,BOE-A-2001-5423,COMUNIDAD AUTÓNOMA DE EXTREMADURA,autonómico,Ley,10301,10301,"Ley 1/2001, de 8 de febrero, sobre crédito extraordinario para subvenciones de gastos ocasionados a los partidos, federaciones, coaliciones o agrupaciones por su concurrencia a las elecciones de 1999."
2001-03-21,69,1,BOE-A-2001-5497,"MINISTERIO DE AGRICULTURA, PESCA Y ALIMENTACIÓN",estatal,Corrección,10430,10430,"Corrección de errores del Real Decreto 3448/2000, de 22 de diciembre, por el que se establece la normativa básica de las ayudas estructurales en el sector pesquero."
2001-03-21,69,1,BOE-A-2001-5498,MINISTERIO DE ECONOMÍA,estatal,Orden,10430,10431,"Orden de 28 de febrero de 2001 por la que se acuerda la emisión, acuñación y puesta en circulación de monedas conmemorativas del 700.º Aniversario de la Fundación de la Villa de Bilbao."
2001-03-21,69,1,BOE-A-2001-5499,COMUNIDAD AUTÓNOMA DE CANARIAS,autonómico,Decreto,10431,10460,"Decreto 230/2000, de 22 de diciembre, por el que se aprueban los Estatutos de la Universidad de La Laguna."
2001-03-22,70,1,BOE-A-2001-5580,COMUNIDAD AUTÓNOMA DE MADRID,autonómico,Ley,10672,10672,"Ley 14/2000, de 30 de noviembre, de concesión de un crédito extraordinario para la liquidación definitiva de las subvenciones a partidos, federaciones y coaliciones por los gastos realizados con ocasión de las elecciones de 13 de junio de 1999 a la Asamblea de Madrid."
2001-03-22,70,1,BOE-A-2001-5581,COMUNIDAD AUTÓNOMA DE MADRID,autonómico,Ley,10672,10677,"Ley 15/2000, de 21 de diciembre, por la que se crea la Academia de Policía Local de la Comunidad de Madrid."
2001-03-22,70,1,BOE-A-2001-5582,COMUNIDAD AUTÓNOMA DE MADRID,autonómico,Ley,10677,10678,"Ley 16/2000, de 26 de diciembre, por la que se modifica el artículo 62 de la Ley 1/1986, de 10 de abril, de la Función Pública de la Comunidad de Madrid."
2001-03-22,70,1,BOE-A-2001-5583,COMUNIDAD AUTÓNOMA DE MADRID,autonómico,Ley,10678,10732,"Ley 17/2000, de 27 de diciembre, de Presupuestos Generales de la Comunidad de Madrid para 2001."
2001-03-22,70,1,BOE-A-2001-5584,COMUNIDAD AUTÓNOMA DE MADRID,autonómico,Ley,10733,10757,"Ley 18/2000, de 27 de diciembre, de Medidas Fiscales y Administrativas."
2001-03-23,71,1,BOE-A-2001-5706,MINISTERIO DE ASUNTOS EXTERIORES,estatal,Orden,10967,10967,"Orden de 9 de marzo de 2001 por la que se crean sendas Oficinas Consulares Honorarias en Encarnación y Ciudad del Este (Paraguay), y se suprime la de Concepción."
2001-03-23,71,1,BOE-A-2001-5707,MINISTERIO DE ASUNTOS EXTERIORES,estatal,Tratado o acuerdo internacional,10967,10968,"Enmiendas al anexo del Convenio Internacional para la regulación de la pesca de la ballena, adoptadas en la 49.ª reunión de la Comisión Ballenera Internacional, celebrada en Mónaco del 20 al 24 de octubre de 1997; la 50.ª reunión de la Comisión Ballenera Internacional, celebrada en Muscat (Omán) del 16 al 20 de mayo de 1998; la 51.ª reunión de la Comisión Ballenera Internacional, celebrada en St. George's (Granada) del 24 al 28 de mayo de 1999; la 52.ª reunión de la Comisión Ballenera Internacional, celebrada en Adelaida (Australia) del 3 al 6 de julio de 2000."
2001-03-23,71,1,BOE-A-2001-5708,MINISTERIO DE FOMENTO,estatal,Orden,10968,10971,"Orden de 14 marzo 2001, por la que se regulan la composición y funciones de la Junta de Contratación, la Comisión de Retribuciones y la Comisión de Informática del Ministerio de Fomento."
2001-03-23,71,1,BOE-A-2001-5709,MINISTERIO DE ADMINISTRACIONES PÚBLICAS,estatal,Orden,10971,10972,Orden de 8 de marzo de 2001 por la que se regulan las funciones de la Inspección General de Servicios del Departamento.
2001-03-24,72,1,BOE-A-2001-5819,CORTES GENERALES,estatal,Resolución,11198,11198,"Resolución de 15 de marzo de 2001, del Congreso de los Diputados, por la que se ordena la publicación del acuerdo de convalidación del Real Decreto-ley 4/2001, de 16 de febrero, sobre el régimen de intervención administrativa aplicable a la valoración energética de harinas de origen animal procedentes de la transformación de despojos y cadáveres de animales."
2001-03-24,72,1,BOE-A-2001-5820,CORTES GENERALES,estatal,Resolución,11198,11198,"Resolución de 15 de marzo de 2001, del Congreso de los Diputados, por la que se ordena la publicación del acuerdo de convalidación del Real Decreto-ley 5/2001, de 2 de marzo, de medidas urgentes de reforma del mercado de trabajo para el incremento del empleo y la mejora de su calidad."
2001-03-24,72,1,BOE-A-2001-5821,MINISTERIO DE FOMENTO,estatal,Orden,11198,11201,Orden de 22 de marzo de 2001 por la que se dictan normas sobre la colaboración del Servicio de Correos en las elecciones al Parlamento Vasco.
2001-03-24,72,1,BOE-A-2001-5822,"MINISTERIO DE AGRICULTURA, PESCA Y ALIMENTACIÓN",estatal,Orden,11201,11202,"Orden de 23 de marzo de 2001 por la que se adoptan medidas cautelares con respecto a los alimentos, residuos y vehículos procedentes de los Países Bajos e Irlanda en relación con la fiebre aftosa."
2001-03-24,72,1,BOE-A-2001-5823,MINISTERIO DE ADMINISTRACIONES PÚBLICAS,estatal,Real Decreto,11202,11203,"Real Decreto 313/2001, de 23 de marzo, por el que aprueba la oferta de empleo público del Cuerpo de la Guardia Civil para el año 2001."
2001-03-26,73,1,BOE-A-2001-5889,TRIBUNAL SUPREMO,estatal,Resolución judicial,11260,11260,"Sentencia de 12 de diciembre de 2000, de la Sala Tercera del Tribunal Supremo, por la que se anula el artículo 332.6, párrafo primero, del Reglamento Hipotecario, modificado por Real Decreto 1867/1998, de 4 de septiembre."
2001-03-26,73,1,BOE-A-2001-5890,TRIBUNAL SUPREMO,estatal,Resolución judicial,11260,11260,"Sentencia de 29 de enero de 2001, de la Sala Tercera del Tribunal Supremo, por la que se fija doctrina legal en relación con el artículo 7 del Real Decreto 236/1988, de 4 de marzo, sobre indemnizaciones por razón del servicio."
2001-03-27,74,1,BOE-A-2001-5923,MINISTERIO DE ASUNTOS EXTERIORES,estatal,Tratado o acuerdo internacional,11290,11290,"Entrada en vigor del Canje de Notas, de fechas 8 y 13 de junio de 1999, constitutivo de Acuerdo entre España y Brunei Darussalam para la supresión de visados, cuya aplicación provisional fue publicada en el ""Boletín Oficial del Estado"" número 223, de fecha 17 de septiembre de 1999."
2001-03-27,74,1,BOE-A-2001-5924,MINISTERIO DE ASUNTOS EXTERIORES,estatal,Tratado o acuerdo internacional,11290,11290,"Entrada en vigor del Canje de Notas, de fechas 7 de diciembre de 1999 y 14 de enero de 2000, constitutivo de Acuerdo entre el Reino de España y la República de Corea sobre el reconocimiento recíproco y el canje de los permisos de conducción nacionales, cuya aplicación provisional fue publicada en el ""Boletín Oficial del Estado"" número 22, de fecha 26 de enero de 2000."
2001-03-27,74,1,BOE-A-2001-5925,MINISTERIO DE HACIENDA,estatal,Orden,11290,11304,Orden de 28 de febrero de 2001 por la que se aprueba el modelo de solicitud de devolución del Impuesto sobre el Valor Añadido por un empresario o profesional no establecido en el territorio de aplicación del Impuesto.
2001-03-27,74,1,BOE-A-2001-5926,MINISTERIO DE FOMENTO,estatal,Corrección,11305,11305,Corrección de erratas de la Orden de 22 de marzo de 2001 por la que se dictan normas sobre la colaboración del Servicio de Correos en las elecciones al Parlamento Vasco.
2001-03-27,74,1,BOE-A-2001-5927,"MINISTERIO DE EDUCACIÓN, CULTURA Y DEPORTE",estatal,Orden,11305,11305,Orden de 19 de marzo de 2001 por la que se modifica la de 22 de diciembre de 1992 por la que se establecen las titulaciones y estudios previos del primer ciclo así como los complementos de formación con los que se puede acceder a las enseñanzas de segundo ciclo conducentes a la obtención del título oficial de Licenciado en Lingüística.
2001-03-27,74,1,BOE-A-2001-5928,"MINISTERIO DE AGRICULTURA, PESCA Y ALIMENTACIÓN",estatal,Orden,11305,11306,"Orden de 26 de marzo de 2001 por la que se amplía la vigencia de las medidas adoptadas en la Orden de 8 de marzo de 2001, por la que se adoptan medidas de protección en relación con la fiebre aftosa y en la Orden de 13 de marzo de 2001, por la que se prohíbe cautelarmente la introducción de animales y ciertos productos de especies sensibles a la fiebre aftosa originarios o procedentes de Francia."
2001-03-27,74,1,BOE-A-2001-5929,MINISTERIO DE ADMINISTRACIONES PÚBLICAS,estatal,Real Decreto,11306,11306,"Real Decreto 285/2001, de 19 de marzo, sobre cambio de denominación de ciertos Cuerpos y Escalas de la Administración General del Estado."
2001-03-27,74,1,BOE-A-2001-5930,MINISTERIO DE ECONOMÍA,estatal,Orden,11306,11308,"Orden de 22 de marzo de 2001 por la que se acuerda la emisión, acuñación y puesta en circulación de monedas de 1, 5, 25, 100 y 500 pesetas."
2001-03-27,74,1,BOE-A-2001-5931,MINISTERIO DE ECONOMÍA,estatal,Orden,11308,11309,"Orden de 22 de marzo de 2001 por la que se acuerda la emisión, acuñación y puesta en circulación de nuevas monedas de 2.000 pesetas para el año 2001."
2001-03-27,74,1,BOE-A-2001-5932,COMUNIDAD AUTÓNOMA DE LAS ILLES BALEARS,autonómico,Ley,11310,11310,"Ley 1/2001, de 5 de marzo, de cesión gratuita al Ayuntamiento de Alcúdia de unos tramos de las carreteras C-712, C-713 y PM-225 a su paso por el núcleo urbano."
2001-03-28,75,1,BOE-A-2001-6006,JEFATURA DEL ESTADO,estatal,Ley Orgánica,11508,11509,"Ley Orgánica 1/2001, de 26 de marzo, por la que se modifica la Ley Orgánica 13/1982, de 10 de agosto, de Reintegración y Amejoramiento del Régimen Foral de Navarra."
2001-03-28,75,1,BOE-A-2001-6007,JEFATURA DEL ESTADO,estatal,Ley,11509,11509,"Ley 2/2001, de 26 de marzo, por la que se crea el Consejo General de Colegios de Protésicos Dentales."
2001-03-28,75,1,BOE-A-2001-6008,JEFATURA DEL ESTADO,estatal,Ley,11509,11532,"Ley 3/2001, de 26 de marzo, de Pesca Marítima del Estado."
2001-03-28,75,1,BOE-A-2001-6009,MINISTERIO DE ECONOMÍA,estatal,Real Decreto,11532,11534,"Real Decreto 287/2001, de 16 de marzo, por el que se reduce el contenido de azufre de determinados combustibles líquidos."
2001-03-28,75,1,BOE-A-2001-6010,MINISTERIO DE ECONOMÍA,estatal,Real Decreto,11534,11535,"Real Decreto 288/2001, de 16 de marzo, por el que se modifican el Real Decreto 1037/1990, de 27 de julio, y el Real Decreto 1036/1990, de 27 de julio, en lo relativo a la composición del Consejo Superior de Estadística y del Comité Interterritorial de Estadística, respectivamente."
2001-03-29,76,1,BOE-A-2001-6153,CONSEJO GENERAL DEL PODER JUDICIAL,estatal,Resolución judicial,11699,11699,"Acuerdo Reglamentario 3/2001, de 21 de marzo, del Consejo General del Poder Judicial, por el que se modifica el Reglamento 5/1995, de 7 de junio, de los Aspectos Accesorios de las Actuaciones Judiciales."
2001-03-29,76,1,BOE-A-2001-6154,"MINISTERIO DE AGRICULTURA, PESCA Y ALIMENTACIÓN",estatal,Orden,11699,11700,"Orden de 28 de marzo de 2001 por la que se adapta la Orden de 8 de marzo de 2001, por la que se adoptan medidas de protección en relación con la fiebre aftosa a la Decisión 2001/239/CE, de la Comisión, de 26 de marzo."
2001-03-29,76,1,BOE-A-2001-6155,MINISTERIO DE ECONOMÍA,estatal,Orden,11700,11701,"Orden de 28 de marzo de 2001 por la que se desarrolla la disposición final primera del Real Decreto 437/1998, de 20 de marzo, por el que se aprueban las Normas de Adaptación del Plan General de Contabilidad a las Empresas del Sector Eléctrico, como consecuencia de los cambios operados en la normativa del sector eléctrico."
2001-03-30,77,1,BOE-A-2001-6259,MINISTERIO DE HACIENDA,estatal,Orden,11947,12004,"Orden de 26 de marzo de 2001 por la que se aprueban los modelos 565 y 567, en pesetas y en euros, de declaración-liquidación del Impuesto Especial sobre Determinados Medios de Transporte, el modelo 568 en euros de solicitud de devolución por reventa y envío de medios de transporte fuera del territorio y los diseños físicos y lógicos para la presentación de los modelos 568 en pesetas y en euros mediante soporte directamente legible por ordenador."
2001-03-30,77,1,BOE-A-2001-6260,"MINISTERIO DE EDUCACIÓN, CULTURA Y DEPORTE",estatal,Orden,12005,12006,"Orden de 8 de marzo de 2001 por la que se modifica el plan de estudios conducente a la obtención del título de Ingeniero de Telecomunicación, de la Facultad de Ingeniería, de la Universidad de la Iglesia de Deusto."
2001-03-30,77,1,BOE-A-2001-6261,MINISTERIO DE LA PRESIDENCIA,estatal,Orden,12007,12058,"Orden de 27 de marzo de 2001 por la que se modifica el anexo II de los Reales Decretos 280/1994, de 18 de febrero, y 569/1990, de 27 de abril, por los que se establecen los límites máximos de residuos de plaguicidas y su control en determinados productos de origen vegetal y animal (15.ª modificación)."
2001-03-30,77,1,BOE-A-2001-6262,MINISTERIO DE ECONOMÍA,estatal,Resolución,12059,12059,"Resolución de 23 de marzo de 2001, de la Dirección General de Política Energética y Minas, por la que se hacen públicos los nuevos precios máximos de venta, antes de impuestos, de los gases licuados del petróleo envasados, en envases de capacidad igual o superior a 8 kilogramos."
2001-03-30,77,1,BOE-A-2001-6263,MINISTERIO DE ECONOMÍA,estatal,Resolución,12059,12059,"Resolución de 28 de marzo de 2001, de la Dirección General de Política Energética y Minas, por la que se hacen públicos los nuevos precios máximos de venta de gas natural para usos industriales."
2001-03-31,78,1,BOE-A-2001-6339,MINISTERIO DE LA PRESIDENCIA,estatal,Orden,12217,12218,"Orden de 30 de marzo de 2001 por la que se establecen las medidas de aplicación complementarias del Real Decreto 221/2001, de 2 de marzo, por el que se modifica el Real Decreto 1911/2000, de 24 de noviembre, por el que se regula la destrucción de materiales especificados de riesgo."
2001-03-31,78,1,BOE-A-2001-6340,MINISTERIO DE ECONOMÍA,estatal,Resolución,12218,12220,"Resolución de 28 de marzo de 2001 del Comisionado para el Mercado de Tabacos, por la que se publican los precios de venta al público de determinadas labores de tabaco en expendedurías de tabaco y timbre del área del monopolio."
2001-04-02,79,1,BOE-A-2001-6394,TRIBUNAL SUPREMO,estatal,Resolución judicial,12273,12273,"Sentencia de 31 de enero de 2001, de la Sala Tercera del Tribunal Supremo, por la que se anula el artículo primero del Real Decreto 1867/1998, de 4 de septiembre, en cuanto modifica y redacta diversos artículos del Reglamento Hipotecario."
2001-04-03,80,1,BOE-A-2001-6457,JEFATURA DEL ESTADO,estatal,Otras,12380,12381,"Instrumento De Ratificación del Segundo Protocolo por el que se modifica el Tratado de Extradición y Asistencia Mutua en Materia Penal entre el Reino de España y los Estados Unidos Mexicanos de 21 de noviembre de 1978, hecho ""ad referendum"" en Ciudad de México el 6 de diciembre de 1999."
2001-04-03,80,1,BOE-A-2001-6458,MINISTERIO DE ASUNTOS EXTERIORES,estatal,Corrección,12381,12381,"Corrección de erratas de la Resolución de 26 de febrero de 2001, de la Secretaría General Técnica, por la que se publica la Resolución 1329 (2000) de 30 de noviembre, del Consejo de Seguridad de las Naciones Unidas, por la que se reforman los Estatutos de los Tribunales Penales Internacionales para la antigua Yugoslavia y Ruanda [Resolución 827 (1993) de 25 de mayo, ""Boletín Oficial del Estado"" número 281, de 24 de noviembre, y número 19, de 22 de enero de 1994, y Resolución 955 (1994) de 8 de noviembre, ""Boletín Oficial del Estado"" número 123, de 24 de mayo de 1995]."
2001-04-03,80,1,BOE-A-2001-6459,MINISTERIO DE ASUNTOS EXTERIORES,estatal,Tratado o acuerdo internacional,12381,12384,"Acuerdo administrativo para la aplicación del Convenio de Seguridad Social entre el Reino de España y la República Oriental del Uruguay, hecho en Madrid el 24 de julio de 2000."
2001-04-03,80,1,BOE-A-2001-6460,MINISTERIO DE ASUNTOS EXTERIORES,estatal,Tratado o acuerdo internacional,12384,12385,"Aplicación Provisional del Canje de Notas de fechas 19 y 22 de enero de 2001, constitutivo de Acuerdo entre España y Estados Unidos sobre la prórroga del Acuerdo entre ambos países sobre cooperación científica y técnica en apoyo a los programas de exploración lunar y planetaria y de vuelos espaciales tripulados y no tripulados a través del establecimiento en España de una estación de seguimiento espacial, firmado en Madrid el 29 de enero de 1964."
2001-04-03,80,1,BOE-A-2001-6461,MINISTERIO DE ASUNTOS EXTERIORES,estatal,Tratado o acuerdo internacional,12385,12385,"Declaración de aceptación por España de la adhesión de la República de Belarús al Convenio sobre la Ley aplicable en materia de accidentes de circulación por carretera, hecho en La Haya el 4 de mayo de 1971."
2001-04-03,80,1,BOE-A-2001-6462,MINISTERIO DE ASUNTOS EXTERIORES,estatal,Tratado o acuerdo internacional,12385,12385,"Declaración de aceptación por parte de España de las adhesiones de la República de Costa Rica, la República de Uzbekistán y Fiji al Convenio sobre los aspectos civiles de la sustracción internacional de menores, hecho en La Haya el 25 de octubre de 1980."
2001-04-03,80,1,BOE-A-2001-6463,MINISTERIO DE ASUNTOS EXTERIORES,estatal,Tratado o acuerdo internacional,12385,12386,"Declaración de aceptación por parte de España de las adhesiones de la República Federativa de Brasil, la República de Malta y la República Oriental de Uruguay al Convenio sobre los aspectos civiles de la sustracción internacional de menores, hecho en La Haya el 25 de octubre de 1980."
2001-04-03,80,1,BOE-A-2001-6464,MINISTERIO DE ECONOMÍA,estatal,Orden,12386,12387,Orden de 22 de marzo de 2001 por la que se regula la Comisión Asesora de Publicaciones del Ministerio de Economía.
2001-04-04,81,1,BOE-A-2001-6586,MINISTERIO DE ECONOMÍA,estatal,Orden,12571,12571,"Orden de 21 de marzo de 2001 por la que se da cumplimiento a la Decisión de la Comisión de las Comunidades Europeas, de 15 de febrero de 2001 (2001/160/CE), sobre la aplicación de la Directiva 72/166/CEE, del Consejo, relativa a la aproximación de las legislaciones de los Estados miembros sobre el seguro de la responsabilidad civil que resulte de la circulación de vehículos automóviles, así como sobre el control de la obligación de asegurar esta responsabilidad, en relación con la ampliación a Chipre del Convenio multilateral de garantía."
2001-04-04,81,1,BOE-A-2001-6587,MINISTERIO DE ECONOMÍA,estatal,Corrección,12571,12571,"Corrección de errores de la Orden de 22 de marzo de 2001 por la que se acuerda la emisión, acuñación y puesta en circulación de nuevas monedas de 2.000 pesetas para el año 2001."
2001-04-04,81,1,BOE-A-2001-6588,COMUNIDAD AUTÓNOMA DE LA RIOJA,autonómico,Ley,12571,12574,"Ley 1/2001, de 16 de marzo, reguladora de los Honores, Distinciones y Protocolo de la Comunidad Autónoma de La Rioja."
2001-04-05,82,1,BOE-A-2001-6693,MINISTERIO DE ASUNTOS EXTERIORES,estatal,Tratado o acuerdo internacional,12820,12821,"Acuerdo de cooperación turística entre el Reino de España y la República de Namibia, hecho ""ad referendum"" en Windhoek el 20 de febrero de 1999."
2001-04-05,82,1,BOE-A-2001-6694,MINISTERIO DE ASUNTOS EXTERIORES,estatal,Tratado o acuerdo internacional,12821,12821,"Entrada en vigor del Canje de Notas de fechas 7 y 28 de enero de 2000, constitutivo de Acuerdo entre España y Estados Unidos, por el que se prorroga el Acuerdo entre ambos países sobre cooperación científica y técnica en apoyo a los programas de exploración lunar y planetaria y de vuelos espaciales tripulados y no tripulados a través del establecimiento en España de una estación de seguimiento espacial, firmado en Madrid el 29 de enero de 1964, cuya aplicación provisional fue publicada en el ""Boletín Oficial del Estado"" número 49, de fecha 26 de febrero de 2000."
2001-04-05,82,1,BOE-A-2001-6695,MINISTERIO DE HACIENDA,estatal,Real Decreto,12821,12823,"Real Decreto 343/2001, de 4 de abril, de aplicación de régimen de autorización administrativa previa a ""Iberia, Líneas Aéreas de España, Sociedad Anónima""."
2001-04-05,82,1,BOE-A-2001-6696,MINISTERIO DE FOMENTO,estatal,Orden,12823,12823,"Orden de 4 de abril de 2001 por la que se corrigen errores en la Orden de 22 de marzo de 2001, por la que se dictan normas sobre la colaboración del Servicio de Correos en las elecciones al Parlamento Vasco."
2001-04-05,82,1,BOE-A-2001-6697,MINISTERIO DE TRABAJO Y ASUNTOS SOCIALES,estatal,Real Decreto,12823,12824,"Real Decreto 309/2001, de 23 de marzo, por el que se modifica el Real Decreto 1879/1996, de 2 de agosto, por el que se regula la composición de la Comisión Nacional de Seguridad y Salud en el Trabajo."
2001-04-05,82,1,BOE-A-2001-6698,"MINISTERIO DE AGRICULTURA, PESCA Y ALIMENTACIÓN",estatal,Orden,12824,12825,Orden de 4 de abril de 2001 por la que se establecen restricciones al movimiento de animales de especies sensibles a la fiebre aftosa.
2001-04-05,82,1,BOE-A-2001-6699,MINISTERIO DE LA PRESIDENCIA,estatal,Real Decreto,12825,12830,"Real Decreto 348/2001, de 4 de abril, por el que se regula la elaboración, comercialización e importación de productos alimenticios e ingredientes alimentarios tratados con radiaciones ionizantes."
2001-04-05,82,1,BOE-A-2001-6700,MINISTERIO DE ADMINISTRACIONES PÚBLICAS,estatal,Real Decreto,12830,12831,"Real Decreto 312/2001, de 23 de marzo, por el que se modifica el Real Decreto 931/1989, de 21 de julio, por el que se constituye el Organismo de Cuenca Confederación Hidrográfica del Ebro."
2001-04-05,82,1,BOE-A-2001-6701,MINISTERIO DE ADMINISTRACIONES PÚBLICAS,estatal,Real Decreto,12831,12831,"Real Decreto 350/2001, de 4 de abril, por el que se modifica el Estatuto del Organismo autónomo Biblioteca Nacional."
2001-04-06,83,1,BOE-A-2001-6816,TRIBUNAL CONSTITUCIONAL,estatal,Resolución judicial,12995,12995,"Conflicto positivo de competencia número 6.565/2000, promovido por el Gobierno de la Nación, en relación con el Decreto 278/2000, de 31 de julio, por el que se crean las Comisiones de Secretarios Judiciales de Cataluña."
2001-04-06,83,1,BOE-A-2001-6817,TRIBUNAL CONSTITUCIONAL,estatal,Resolución judicial,12995,12995,"Recurso de inconstitucionalidad número 1.245/2001, promovido por el Consejo de Gobierno de la Junta de Andalucía, contra determinados preceptos de la Ley 13/2000, de 28 de diciembre."
2001-04-06,83,1,BOE-A-2001-6818,TRIBUNAL CONSTITUCIONAL,estatal,Resolución judicial,12995,12995,"Recurso de inconstitucionalidad número 1.330/2001, promovido por el Consejo de Gobierno de la Junta de Extremadura, en relación con determinados preceptos de la Ley 13/2000, de 28 de diciembre."
2001-04-06,83,1,BOE-A-2001-6819,MINISTERIO DE ASUNTOS EXTERIORES,estatal,Tratado o acuerdo internacional,12995,12996,"Acuerdo entre el Reino de España y la República Oriental del Uruguay sobre el libre ejercicio de actividades remuneradas para familiares dependientes del personal diplomático, consular, administrativo y técnico de Misiones Diplomáticas y Consulares, hecho en Madrid el 7 de febrero de 2000."
2001-04-06,83,1,BOE-A-2001-6820,MINISTERIO DE ASUNTOS EXTERIORES,estatal,Corrección,12997,12997,"Corrección de erratas de las Enmiendas al anexo del Convenio Internacional para la regulación de la pesca de la ballena, adoptada en la 49.ª reunión de la Comisión Ballenera Internacional, celebrada en Mónaco del 20 al 24 de octubre de 1997; la 50.ª reunión de la Comisión Ballenera Internacional, celebrada en Muscat (Omán), del 16 al 20 de mayo de 1998; la 51.ª reunión de la Comisión Ballenera Internacional, celebrada en St. George's (Granada), del 24 al 28 de mayo de 1999; la 52.ª reunión de la Comisión Ballenera Internacional, celebrada en Adelaida (Australia), del 3 al 6 de julio de 2000."
2001-04-06,83,1,BOE-A-2001-6821,MINISTERIO DEL INTERIOR,estatal,Real Decreto,12997,12998,"Real Decreto 344/2001, de 4 de abril, por el que se crea el Consejo Superior de Política de Inmigración."
2001-04-06,83,1,BOE-A-2001-6822,MINISTERIO DEL INTERIOR,estatal,Real Decreto,12999,13000,"Real Decreto 345/2001, de 4 de abril, por el que se regula el Observatorio Permanente de la Inmigración."
2001-04-06,83,1,BOE-A-2001-6823,MINISTERIO DE LA PRESIDENCIA,estatal,Real Decreto,13000,13004,"Real Decreto 367/2001, de 4 de abril, por el que se regula la composición, competencias y régimen de funcionamiento del Foro para la Integración Social de los Inmigrantes."
2001-04-06,83,1,BOE-A-2001-6824,MINISTERIO DE ECONOMÍA,estatal,Orden,13004,13006,"Orden de 26 de marzo de 2001 por la que se acuerda la emisión, acuñación y puesta en circulación de monedas conmemorativas de la Casa de la Moneda de Segovia."
2001-04-06,83,1,BOE-A-2001-6825,MINISTERIO DE CIENCIA Y TECNOLOGÍA,estatal,Resolución,13006,13007,"Resolución de 23 de marzo de 2001, de la Secretaría de Estado de Telecomunicaciones y para la Sociedad de la Información, por la que se publican requisitos esenciales adicionales, necesarios para la evaluación de la conformidad de determinados aparatos de telecomunicaciones, en cumplimiento de lo previsto por el apartado 3 del artículo 4 del Reglamento que establece el Procedimiento para la Evaluación de la Conformidad de los Aparatos de Telecomunicaciones, aprobado por el Real Decreto 1890/2000, de 20 de noviembre."
2001-04-07,84,1,BOE-A-2001-6916,JEFATURA DEL ESTADO,estatal,Real Decreto-ley,13113,13116,"Real Decreto-ley 6/2001, de 6 de abril, por el que se adoptan medidas urgentes para reparar los daños causados por las lluvias y temporales acaecidos desde los últimos días de octubre de 2000 hasta finales del mes de enero de 2001 en las Comunidades Autónomas de Galicia y Castilla y León."
2001-04-07,84,1,BOE-A-2001-6917,JEFATURA DEL ESTADO,estatal,Real Decreto-ley,13116,13119,"Real Decreto-ley 7/2001, de 6 de abril, por el que se adoptan medidas urgentes para reparar los daños causados por las lluvias e inundaciones acaecidas durante los días 21 al 26 de octubre de 2000 en las provincias de Tarragona, Zaragoza, Teruel, Castellón, Valencia y Murcia."
2001-04-07,84,1,BOE-A-2001-6918,JEFATURA DEL ESTADO,estatal,Real Decreto-ley,13119,13121,"Real Decreto-ley 8/2001, de 6 de abril, por el que se establece el sistema de infracciones y sanciones en materia de encefalopatías espongiformes transmisibles."
2001-04-07,84,1,BOE-A-2001-6919,JEFATURA DEL ESTADO,estatal,Real Decreto-ley,13121,13124,"Real Decreto-ley 9/2001, de 6 de abril, por el que se adoptan medidas adicionales en el marco de erradicación de las encefalopatías espongiformes transmisibles."
2001-04-07,84,1,BOE-A-2001-6920,MINISTERIO DE ASUNTOS EXTERIORES,estatal,Orden,13124,13124,Orden de 28 de marzo de 2001 por la que se crea una Oficina Consular Honoraria en Riga (Letonia).
2001-04-07,84,1,BOE-A-2001-6921,MINISTERIO DE ASUNTOS EXTERIORES,estatal,Tratado o acuerdo internacional,13124,13126,"Acuerdo Administrativo para la aplicación del Convenio de Seguridad Social entre España y Ucrania, hecho en Madrid el 17 de enero de 2001."
2001-04-07,84,1,BOE-A-2001-6922,MINISTERIO DE TRABAJO Y ASUNTOS SOCIALES,estatal,Real Decreto,13126,13127,"Real Decreto 372/2001, de 6 de abril, por el que se modifica el Real Decreto 505/1985, de 6 de marzo, sobre organización y funcionamiento del Fondo de Garantía Salarial."
2001-04-07,84,1,BOE-A-2001-6923,"MINISTERIO DE AGRICULTURA, PESCA Y ALIMENTACIÓN",estatal,Real Decreto,13127,13128,"Real Decreto 373/2001, de 6 de abril, por el que se modifica el Real Decreto 2004/1979, de 13 de julio, por el que se regula la constitución de los Consejos Reguladores de las Denominaciones de Origen y el Consejo General del Instituto Nacional de Denominaciones de Origen."
2001-04-07,84,1,BOE-A-2001-6924,MINISTERIO DE ADMINISTRACIONES PÚBLICAS,estatal,Real Decreto,13128,13129,"Real Decreto 376/2001, de 6 de abril, por el que se modifica el Real Decreto 1415/2000, de 21 de julio, por el que se desarrolla la estructura orgánica básica del Ministerio de Medio Ambiente."
2001-04-09,85,1,BOE-A-2001-6983,MINISTERIO DE ADMINISTRACIONES PÚBLICAS,estatal,Real Decreto,13184,13185,"Real Decreto 310/2001, de 23 de marzo, por el que se amplían los medios traspasados a la Generalidad de Cataluña por el Real Decreto 966/1990, de 20 de julio, en materia de provisión de medios materiales y económicos al servicio de la Administración de Justicia."
2001-04-09,85,1,BOE-A-2001-6984,MINISTERIO DE ADMINISTRACIONES PÚBLICAS,estatal,Real Decreto,13185,13187,"Real Decreto 311/2001, de 23 de marzo, sobre ampliación de los medios traspasados a la Comunidad Foral de Navarra por el Real Decreto 1319/1997, de 1 de agosto, en materia de gestión de la formación profesional ocupacional, y por el Real Decreto 811/1999, de 14 de mayo, de la gestión realizada por el Instituto Nacional de Empleo, en el ámbito del trabajo, el empleo y la formación."
2001-04-10,86,1,BOE-A-2001-7021,"MINISTERIO DE EDUCACIÓN, CULTURA Y DEPORTE",estatal,Orden,13251,13252,"Orden de 20 de marzo de 2001 por la que se regula el régimen de equivalencias de los estudios de Suiza con los correspondientes españoles de Educación Secundaria Obligatoria y Bachillerato, establecidos por la Ley Orgánica 1/1990, de 3 de octubre, de Ordenación General del Sistema Educativo."
2001-04-10,86,1,BOE-A-2001-7022,"MINISTERIO DE EDUCACIÓN, CULTURA Y DEPORTE",estatal,Orden,13252,13253,"Orden de 20 de marzo de 2001 por la que se regula el régimen de equivalencias de los estudios básicos y medios cursados en los países signatarios del Convenio ""Andrés Bello"", con los correspondientes españoles de Educación Secundaria Obligatoria y Bachillerato establecidos por la Ley Orgánica 1/1990, de 3 de octubre, de Ordenación General del Sistema Educativo."
2001-04-10,86,1,BOE-A-2001-7023,COMUNIDAD AUTÓNOMA DE ARAGÓN,autonómico,Ley,13254,13254,"Ley 2/2001, de 8 de marzo, de modificación de la Ley 4/1999, de 25 de marzo, de Ordenación Farmacéutica para Aragón."
2001-04-10,86,1,BOE-A-2001-7024,COMUNIDAD AUTÓNOMA DE LAS ILLES BALEARS,autonómico,Ley,13254,13258,"Ley 2/2001, de 7 de marzo, de Atribución de Competencias a los Consejos Insulares en Materia de Ordenación del Territorio."
2001-04-10,86,1,BOE-A-2001-7025,COMUNIDAD AUTÓNOMA DE LAS ILLES BALEARS,autonómico,Ley,13258,13259,"Ley 3/2001, de 8 de marzo, de creación del Colegio Oficial de Podólogos de las Illes Balears."
2001-04-10,86,1,BOE-A-2001-7026,COMUNIDAD AUTÓNOMA DE LAS ILLES BALEARS,autonómico,Ley,13259,13266,"Ley 4/2001, de 14 de marzo, del Gobierno de las Illes Balears."
2001-04-11,87,1,BOE-A-2001-7112,MINISTERIO DE LA PRESIDENCIA,estatal,Orden,13492,13492,"Orden de 5 de abril de 2001 por la que se modifica el artículo 1 de la Orden de 16 de abril de 1980, sobre relaciones de la Agrupación de Tráfico de la Guardia Civil con la Dirección General de Tráfico, en el ámbito de competencias del Ministerio del Interior."
2001-04-12,88,1,BOE-A-2001-7228,MINISTERIO DE ASUNTOS EXTERIORES,estatal,Tratado o acuerdo internacional,13665,13665,"Aplicación Provisional del Protocolo Adicional entre el Reino de España y la República Argentina modificando el Convenio de Nacionalidad de 14 de abril de 1969, hecho en Buenos Aires el 6 de marzo de 2001."
2001-04-12,88,1,BOE-A-2001-7229,MINISTERIO DE ASUNTOS EXTERIORES,estatal,Otras,13665,13666,"Segundo Protocolo Adicional al Convenio de Nacionalidad del 28 de julio de 1961, suscrito entre España y Guatemala, modificado por el Protocolo de fecha 10 de febrero de 1995, hecho ""ad referendum"" en Guatemala el 19 de noviembre de 1999."
2001-04-12,88,1,BOE-A-2001-7230,MINISTERIO DE HACIENDA,estatal,Orden,13666,13671,"Orden de 2 de abril de 2001 por la que se aprueba el modelo 05 de solicitud de aplicación en el Impuesto Especial sobre Determinados Medios de Transportes de los supuestos de no sujeción, exención y reducción de la base imponible que requieren el reconocimiento previo de la Administración tributaria."
2001-04-13,89,1,BOE-A-2001-7286,MINISTERIO DE ASUNTOS EXTERIORES,estatal,Tratado o acuerdo internacional,13709,13709,"Protocolo Adicional entre el Reino de España y la República del Paraguay modificando el Convenio de Doble Nacionalidad de 25 de junio de 1959, hecho ""ad referendum"" en Asunción el 26 de junio de 1999."
2001-04-13,89,1,BOE-A-2001-7287,MINISTERIO DE ASUNTOS EXTERIORES,estatal,Tratado o acuerdo internacional,13709,13713,"Tratado de extradición entre el Reino de España y la República del Paraguay, hecho en Asunción el 27 de julio de 1998."
2001-04-13,89,1,BOE-A-2001-7288,MINISTERIO DE SANIDAD Y CONSUMO,estatal,Resolución,13713,13732,"Resolución de 28 de marzo de 2001, de la Dirección General del Instituto Nacional de la Salud, sobre revisión de las condiciones económicas aplicables en el año 2001 a la prestación de servicios concertados de asistencia sanitaria, en el ámbito de gestión del INSALUD."
2001-04-13,89,1,BOE-A-2001-7289,MINISTERIO DE SANIDAD Y CONSUMO,estatal,Resolución,13733,13736,"Resolución de 28 de marzo de 2001, de la Dirección General del Instituto Nacional de la Salud, sobre revisión de las condiciones económicas aplicables en el año 2001 a la prestación de servicios concertados de transporte sanitario en el ámbito de gestión del INSALUD."
2001-04-14,90,1,BOE-A-2001-7332,MINISTERIO DE FOMENTO,estatal,Orden,13765,13769,Orden de 30 marzo 2001 por la que se establecen normas para la realización por las Juntas Arbitrales del Transporte de funciones de depósito y enajenación de mercancías.
2001-04-14,90,1,BOE-A-2001-7333,"MINISTERIO DE AGRICULTURA, PESCA Y ALIMENTACIÓN",estatal,Orden,13769,13770,"Orden de 10 de abril de 2001 por la que se adapta la Orden de 4 de abril de 2001, por la que se establecen restricciones al movimiento de animales de especies sensibles a la fiebre aftosa."
2001-04-16,91,1,BOE-A-2001-7378,TRIBUNAL CONSTITUCIONAL,estatal,Resolución judicial,13796,13796,"Acuerdo de 6 de abril de 2001, de la Presidencia del Tribunal Constitucional, por el que se habilita, para la presentación en el Registro General del Tribunal del recurso de amparo electoral, el día 22 de abril de 2001."
2001-04-16,91,1,BOE-A-2001-7379,MINISTERIO DE ECONOMÍA,estatal,Resolución,13796,13797,"Resolución de 9 de abril de 2001, de la Dirección General de Política Energética y Minas, por la que se hacen públicos los nuevos precios máximos de venta, antes de impuestos, de los gases licuados del petróleo."
2001-04-16,91,1,BOE-A-2001-7380,COMUNIDAD AUTÓNOMA DE CATALUÑA,autonómico,Ley,13797,13802,"Ley 1/2001, de 15 de marzo, de Mediación Familiar de Cataluña."
2001-04-17,92,1,BOE-A-2001-7417,TRIBUNAL CONSTITUCIONAL,estatal,Resolución judicial,13871,13871,"Conflicto positivo de competencia número 1637-2001, promovido por el Gobierno de la Generalidad de Cataluña, en relación con el Real Decreto 1909/2000, de 24 de noviembre, por el que se fija el complemento de destino de funcionarios de Cuerpos de la Administración de Justicia y otros."
2001-04-17,92,1,BOE-A-2001-7418,TRIBUNAL CONSTITUCIONAL,estatal,Resolución judicial,13871,13871,"Conflicto positivo de competencia número 1641-2001, promovido por el Consejo de Gobierno de la Junta de Andalucía, en relación con el Real Decreto 1909/2000, de 24 de noviembre, por el que se fija el complemento de destino de funcionarios de Cuerpos de la Administración de Justicia y otros."
2001-04-17,92,1,BOE-A-2001-7419,TRIBUNAL CONSTITUCIONAL,estatal,Resolución judicial,13871,13871,Cuestión de inconstitucionalidad número 6329/2000.
2001-04-17,92,1,BOE-A-2001-7420,TRIBUNAL CONSTITUCIONAL,estatal,Resolución judicial,13871,13871,Cuestión de inconstitucionalidad número 176/2001.
2001-04-17,92,1,BOE-A-2001-7421,MINISTERIO DE JUSTICIA,estatal,Real Decreto,13871,13872,"Real Decreto 342/2001, de 4 de abril, por el que se suspende la prestación social sustitutoria del servicio militar."
2001-04-17,92,1,BOE-A-2001-7422,MINISTERIO DE HACIENDA,estatal,Orden,13872,13884,Orden de 10 de abril de 2001 por la que se establecen las condiciones generales y el procedimiento para la presentación telemática de declaraciones del Impuesto sobre la Renta de las Personas Físicas y del Impuesto sobre el Patrimonio para el ejercicio 2000.
2001-04-17,92,1,BOE-A-2001-7423,"MINISTERIO DE EDUCACIÓN, CULTURA Y DEPORTE",estatal,Real Decreto,13885,13885,"Real Decreto 365/2001, de 4 de abril, por el que se crea, en la Universidad Nacional de Educación a Distancia (UNED), una Escuela Técnica Superior de Ingeniería Informática, se suprime la Escuela Universitaria de Informática y se autoriza el segundo ciclo de las enseñanzas de Ingeniero en Informática."
2001-04-17,92,1,BOE-A-2001-7424,MINISTERIO DE LA PRESIDENCIA,estatal,Real Decreto,13885,13886,"Real Decreto 347/2001, de 4 de abril, por el que se modifica el artículo 2.2 del Real Decreto 1336/1999, de 31 de julio, por el que se dispone la formación de los censos de edificios, locales, viviendas y población."
2001-04-17,92,1,BOE-A-2001-7425,MINISTERIO DE ADMINISTRACIONES PÚBLICAS,estatal,Real Decreto,13886,13887,"Real Decreto 349/2001, de 4 de abril, por el que se regula la composición y funciones de la Comisión Superior de Personal."
2001-04-17,92,1,BOE-A-2001-7426,COMUNIDAD AUTÓNOMA DEL PRINCIPADO DE ASTURIAS,autonómico,Corrección,13887,13887,"Corrección de errores de la Ley 3/2000, de 30 de diciembre, de Presupuestos Generales para 2001."
2001-04-17,92,1,BOE-A-2001-7427,COMUNIDAD AUTÓNOMA DEL PRINCIPADO DE ASTURIAS,autonómico,Corrección,13887,13888,"Corrección de errores de la Ley 4/2000, de 30 de diciembre, de Medidas Presupuestarias, Administrativas y Fiscales."
2001-04-17,92,1,BOE-A-2001-7428,COMUNIDAD AUTÓNOMA DE CANTABRIA,autonómico,Ley,13888,13893,"Ley 1/2001, de 16 de marzo, de Colegios Profesionales de Cantabria."
2001-04-18,93,1,BOE-A-2001-7504,MINISTERIO DE ASUNTOS EXTERIORES,estatal,Tratado o acuerdo internacional,14064,14065,"Acuerdo entre las Autoridades Competentes de España y Bélgica sobre reembolso de los gastos por prestaciones en especie servidas con arreglo a las disposiciones de los Reglamentos CEE 1408/71 y 574/72, hecho en Madrid y Bruselas el 25 de mayo de 1999."
2001-04-18,93,1,BOE-A-2001-7505,MINISTERIO DE ASUNTOS EXTERIORES,estatal,Tratado o acuerdo internacional,14065,14066,"Acuerdo entre las Autoridades Competentes de España y de los Países Bajos para facilitar la liquidación de los créditos recíprocos en concepto de prestaciones de enfermedad-maternidad servidas con arreglo a las disposiciones de los Reglamentos CEE 1408/71 y 574/72, hecho en Madrid y La Haya el 21 de febrero de 2000."
2001-04-18,93,1,BOE-A-2001-7506,MINISTERIO DE ASUNTOS EXTERIORES,estatal,Tratado o acuerdo internacional,14067,14068,"Acuerdo entre las Autoridades Competentes del Reino Unido de Gran Bretaña e Irlanda del Norte y la Autoridad Competente del Reino de España sobre el reembolso de los gastos por prestaciones en especie servidas con arreglo a las disposiciones de los Reglamentos (CEE) 1408/71 y 574/72, hecho el 18 de junio de 1999."
2001-04-18,93,1,BOE-A-2001-7507,MINISTERIO DE ASUNTOS EXTERIORES,estatal,Tratado o acuerdo internacional,14068,14070,"Acuerdo entre las autoridades competentes italianas y españolas sobre la definición de los créditos recíprocos preexistentes y fijación de un nuevo procedimiento para la simplificación y aceleración de los reembolsos de los gastos reales y a tanto alzado, hecho en Madrid y Roma el 13 de octubre y 21 de noviembre de 1997."
2001-04-18,93,1,BOE-A-2001-7508,"MINISTERIO DE EDUCACIÓN, CULTURA Y DEPORTE",estatal,Orden,14070,14071,"Orden de 8 de marzo de 2001 por la que se modifica el plan de estudios conducente a la obtención del título de Ingeniero Técnico Industrial, especialidad en Electrónica Industrial, de la Facultad de Ingeniería, de la Universidad de la Iglesia de Deusto."
2001-04-18,93,1,BOE-A-2001-7509,MINISTERIO DE LA PRESIDENCIA,estatal,Orden,14072,14072,"Orden de 5 abril de 2001 por la que se crea la Comisión Interministerial de Coordinación y Seguimiento de las Actividades del Centro de Investigaciones Energéticas, Medioambientales y Tecnológicas (CIEMAT) en apoyo de la política energética."
2001-04-18,93,1,BOE-A-2001-7510,MINISTERIO DE LA PRESIDENCIA,estatal,Orden,14073,14073,"Orden de 5 de abril de 2001 por la que se incluye la sustancia activa denominada prohexadiona cálcica en el anexo I del Real Decreto 2163/1994, de 4 de noviembre, por el que se implanta el sistema armonizado comunitario de autorización para comercializar y utilizar productos fitosanitarios."
2001-04-18,93,1,BOE-A-2001-7511,MINISTERIO DE ADMINISTRACIONES PÚBLICAS,estatal,Orden,14073,14075,Orden de 28 de marzo de 2001 por la que se crea la Junta de Contratación del Ministerio de Administraciones Públicas y la Mesa de Contratación de los órganos centrales del Departamento.
2001-04-18,93,1,BOE-A-2001-7512,MINISTERIO DE MEDIO AMBIENTE,estatal,Resolución,14076,14085,"Resolución de 9 de abril de 2001, de la Secretaría General de Medio Ambiente, por la que se dispone la publicación del Acuerdo de Consejo de Ministros, de 6 de abril de 2001, por el que se aprueba el Plan Nacional de Descontaminación y Eliminación de Policlorobifenilos (PCB), Policloroterfenilos (PCT) y Aparatos que los Contengan (2001-2010)."
2001-04-18,93,1,BOE-A-2001-7513,BANCO DE ESPAÑA,estatal,Instrucción o circular,14085,14085,"Circular 1/2001, de 30 de marzo, a entidades de crédito, sobre la Central de Información de Riesgos."
2001-04-19,94,1,BOE-A-2001-7616,MINISTERIO DEL INTERIOR,estatal,Resolución,14214,14215,"Resolución de 21 de marzo de 2001, de la Dirección General de Tráfico, por la que se corrigen errores de la de 23 de febrero de 2001, por la que se establecen medidas especiales de regulación de tráfico durante el año 2001."
2001-04-19,94,1,BOE-A-2001-7617,MINISTERIO DE LA PRESIDENCIA,estatal,Orden,14216,14330,"Orden de 5 de abril de 2001 por la que se modifican los anexos I, IV, V, VI y IX del Reglamento sobre notificación de sustancias nuevas y clasificación, envasado y etiquetado de sustancias peligrosas, aprobado por el Real Decreto 363/1995, de 10 de marzo."
2001-04-20,95,1,BOE-A-2001-7701,MINISTERIO DE FOMENTO,estatal,Resolución,14535,14536,"Resolución de 9 de abril de 2001, de la Secretaría de Estado de Infraestructuras, por la que se dispone la publicación del Acuerdo del Consejo de Ministros de 30 de marzo de 2001, sobre mantenimiento de la vigencia de los tipos de interés aplicables a los préstamos cualificados concedidos por las entidades de crédito en el marco de los Convenios suscritos con el Estado, para la financiación de las actuaciones protegibles de los programas 1995 y 1998 correspondientes, respectivamente, a los planes de vivienda 1992-1995 y 1996-1999."
2001-04-20,95,1,BOE-A-2001-7702,MINISTERIO DE FOMENTO,estatal,Resolución,14536,14537,"Resolución de 9 de abril de 2001, de la Secretaría de Estado de Infraestructuras, por la que se dispone la publicación del Acuerdo del Consejo de Ministros de 30 de marzo de 2001, sobre modificación del tipo de interés efectivo anual vigente para los préstamos cualificados concedidos o que se concedan en el ámbito del plan de vivienda 1998-2001."
2001-04-20,95,1,BOE-A-2001-7703,MINISTERIO DE ECONOMÍA,estatal,Resolución,14537,14629,"Resolución de 5 de abril de 2001, de la Secretaría de Estado de Economía, de Energía y de la Pequeña y Mediana Empresa, por la que se modifican las Reglas de Funcionamiento del Mercado de Producción de Energía Eléctrica y se prorroga la vigencia del Contrato de Adhesión a dichas Reglas."
2001-04-21,96,1,BOE-A-2001-7789,MINISTERIO DE FOMENTO,estatal,Orden,14777,14777,"Orden de 10 abril 2001 por la que se modifica parcialmente el anexo 1 de la Orden de 28 de diciembre de 2000, que establece las tarifas por ayudas a la navegación aérea (Eurocontrol)."
2001-04-21,96,1,BOE-A-2001-7790,"MINISTERIO DE EDUCACIÓN, CULTURA Y DEPORTE",estatal,Real Decreto,14777,14779,"Real Decreto 408/2001, de 20 de abril, por el que se establece el II Plan de la Calidad de las Universidades."
2001-04-21,96,1,BOE-A-2001-7791,"MINISTERIO DE AGRICULTURA, PESCA Y ALIMENTACIÓN",estatal,Real Decreto,14779,14782,"Real Decreto 410/2001, de 20 de abril, por el que se regula la pesca con artes fijos en el Caladero Nacional del Cantábrico y Noroeste."
2001-04-21,96,1,BOE-A-2001-7792,MINISTERIO DE LA PRESIDENCIA,estatal,Real Decreto,14783,14783,"Real Decreto 411/2001, de 20 de abril, por el que se excluye la profesión de enfermero generalista con especialidad, de los anexos del Real Decreto 1665/1991, de 25 de octubre, sobre reconocimiento de títulos de enseñanza superior expedidos en Estados de la Unión Europea y otros Estados Partes en el Acuerdo sobre el Espacio Económico Europeo, que exijan una formación superior mínima de tres años."
2001-04-21,96,1,BOE-A-2001-7793,MINISTERIO DE ADMINISTRACIONES PÚBLICAS,estatal,Real Decreto,14783,14784,"Real Decreto 377/2001, de 6 de abril, por el que se modifica el Real Decreto 1458/1986, de 6 de junio, de estructura orgánica del Instituto Nacional de Empleo."
2001-04-21,96,1,BOE-A-2001-7794,MINISTERIO DE MEDIO AMBIENTE,estatal,Real Decreto,14784,14785,"Real Decreto 378/2001, de 6 de abril, por el que se aprueba el Plan Hidrológico de las Illes Balears."
2001-04-21,96,1,BOE-A-2001-7795,MINISTERIO DE CIENCIA Y TECNOLOGÍA,estatal,Real Decreto,14785,14785,"Real Decreto 380/2001, de 6 de abril, por el que se modifica el apartado 4 del artículo 9 del Real Decreto 237/2000, de 18 de febrero, por el que se establecen las especificaciones técnicas que deben cumplir los vehículos especiales para el transporte terrestre de productos alimentarios a temperatura regulada y los procedimientos para el control de conformidad con las especificaciones."
2001-04-21,96,1,BOE-A-2001-7796,MINISTERIO DE CIENCIA Y TECNOLOGÍA,estatal,Real Decreto,14785,14787,"Real Decreto 413/2001, de 20 de abril, por el que se regula el Consejo Asesor para la Ciencia y la Tecnología."
2001-04-23,97,1,BOE-A-2001-7846,JEFATURA DEL ESTADO,estatal,Otras,14831,14841,"Instrumento de Ratificación de la Convención conjunta sobre seguridad en la gestión del combustible gastado y sobre seguridad en la gestión de desechos radiactivos, hecho en Viena el 5 de septiembre de 1997."
2001-04-24,98,1,BOE-A-2001-7871,MINISTERIO DE HACIENDA,estatal,Resolución,14868,14871,"Resolución de 11 de abril de 2001, de la Agencia Estatal de Administración Tributaria, sobre asistencia a los contribuyentes y ciudadanos en su identificación telemática ante las entidades colaboradoras con ocasión de la tramitación de procedimientos tributarios."
2001-04-24,98,1,BOE-A-2001-7872,MINISTERIO DE TRABAJO Y ASUNTOS SOCIALES,estatal,Orden,14872,14874,Orden de 9 de abril de 2001 sobre el pago de deudas por cuotas y otros recursos de la Seguridad Social respecto del personal de la Administración General del Estado en situación de alta en el régimen general o en el régimen especial correspondiente de la Seguridad Social.
2001-04-24,98,1,BOE-A-2001-7873,MINISTERIO DE SANIDAD Y CONSUMO,estatal,Orden,14874,14875,"Orden de 5 de abril de 2001 por la que se modifica el anexo del Real Decreto 2106/1996, de 20 de septiembre, por el que se establecen las normas de identidad y pureza de los edulcorantes utilizados en los productos alimenticios."
2001-04-25,99,1,BOE-A-2001-7996,JEFATURA DEL ESTADO,estatal,Ley,15051,15051,"Ley 4/2001, de 24 de abril, sobre concesión de un crédito extraordinario, por importe de 15.560.625.000 pesetas, para compensar el déficit de la Compañía ""Trasmediterránea, Sociedad Anónima"", correspondiente al ejercicio de 1997, por la explotación de los servicios de comunicaciones marítimas de interés nacional y los ajustes por la finalización del contrato regulador de los referidos servicios."
2001-04-25,99,1,BOE-A-2001-7997,JEFATURA DEL ESTADO,estatal,Otras,15052,15056,"Instrumento de Ratificación del Convenio de cooperación judicial en materia penal entre el Reino de España y la República de Paraguay, hecho ""ad referendum"" en Asunción el 26 de junio de 1999."
2001-04-25,99,1,BOE-A-2001-7998,MINISTERIO DE LA PRESIDENCIA,estatal,Corrección,15056,15056,"Corrección de erratas del Real Decreto 3454/2000, de 22 de diciembre, por el que se establece y regula el Programa Integral coordinado de vigilancia y control de las encefalopatías espongiformes transmisibles de los animales."
2001-04-26,100,1,BOE-A-2001-8091,MINISTERIO DE ASUNTOS EXTERIORES,estatal,Tratado o acuerdo internacional,15226,15233,"Aplicación Provisional del Protocolo entre España y el Banco Interamericano de Desarrollo y del Convenio entre España y el BID para la constitución del Fondo General de Cooperación de España, hechos en Santiago, el 18 de marzo de 2001."
2001-04-26,100,1,BOE-A-2001-8092,MINISTERIO DE ASUNTOS EXTERIORES,estatal,Otras,15233,15233,"Extensión a la isla de Man del Acuerdo entre el Reino de España y el Reino Unido de Gran Bretaña e Irlanda del Norte en materia de prevención y represión del tráfico ilícito y el uso indebido de las drogas, hecho en Madrid el 26 de junio de 1989."
2001-04-26,100,1,BOE-A-2001-8093,MINISTERIO DE HACIENDA,estatal,Resolución,15233,15234,"Resolución de 23 de abril de 2001, de Loterías y Apuestas del Estado, por la que se modifican parcialmente las normas que rigen los concursos de pronósticos de Lotería Primitiva y sus modalidades."
2001-04-26,100,1,BOE-A-2001-8094,MINISTERIO DE ECONOMÍA,estatal,Orden,15234,15236,"Orden de 18 de abril de 2001 sobre folletos explicativos, informes trimestrales y obligaciones de información de las instituciones de inversión colectiva."
2001-04-27,101,1,BOE-A-2001-8154,MINISTERIO DEL INTERIOR,estatal,Resolución,15323,15343,"Resolución de 17 de abril de 2001, de la Delegación del Gobierno para la Extranjería y la Inmigración, por la que se dispone la publicación del Acuerdo del Consejo de Ministros del día 30 de marzo de 2001, por el que se aprueba el Programa Global de Regulación y Coordinación de la Extranjería y la Inmigración."
2001-04-27,101,1,BOE-A-2001-8155,"MINISTERIO DE EDUCACIÓN, CULTURA Y DEPORTE",estatal,Real Decreto,15343,15351,"Real Decreto 371/2001, de 6 de abril, por el que se modifican parcialmente diversos Reales Decretos por los que se establecen títulos universitarios oficiales y las directrices generales propias de los planes de estudios conducentes a la obtención de aquéllos."
2001-04-27,101,1,BOE-A-2001-8156,"MINISTERIO DE AGRICULTURA, PESCA Y ALIMENTACIÓN",estatal,Orden,15351,15352,Orden de 26 de abril de 2001 por la que se suprimen y modifican algunas de las medidas cautelares adoptadas en relación con la fiebre aftosa.
2001-04-27,101,1,BOE-A-2001-8157,MINISTERIO DE LA PRESIDENCIA,estatal,Real Decreto,15352,15360,"Real Decreto 375/2001, de 6 de abril, por el que se aprueba el Estatuto del Instituto de Salud ""Carlos III""."
2001-04-27,101,1,BOE-A-2001-8158,MINISTERIO DE LA PRESIDENCIA,estatal,Corrección,15360,15361,"Corrección de errores del Real Decreto 220/2001, de 2 de marzo, por el que se determinan los requisitos exigibles para la realización de las operaciones de transporte aéreo comercial por aviones civiles."
2001-04-27,101,1,BOE-A-2001-8159,MINISTERIO DE LA PRESIDENCIA,estatal,Orden,15361,15372,"Orden de 23 de abril de 2001 por la que se deroga la Orden de 9 de agosto de 2000 por la que se dictan instrucciones para la formación de los Censos de Población y Viviendas del año 2001, y se dictan nuevas instrucciones."
2001-04-27,101,1,BOE-A-2001-8160,MINISTERIO DE ADMINISTRACIONES PÚBLICAS,estatal,Resolución,15372,15373,"Resolución de 9 de abril de 2001, de la Secretaría de Estado para la Administración Pública, por la que se ordena la publicación del Acuerdo del Consejo de Ministros de 16 de marzo de 2001, por el que se modifica la adscripción de determinados Cuerpos y Escalas de Funcionarios de los distintos Departamentos ministeriales."
2001-04-28,102,1,BOE-A-2001-8243,"MINISTERIO DE AGRICULTURA, PESCA Y ALIMENTACIÓN",estatal,Orden,15459,15459,"Orden de 26 de abril de 2001 por la que se deroga la Orden de 8 de noviembre de 2000, por la que se prohíbe cautelarmente la introducción de animales y ciertos productos de la especie bovina originarios o procedentes de Francia e Irlanda."
2001-04-28,102,1,BOE-A-2001-8244,MINISTERIO DE LA PRESIDENCIA,estatal,Real Decreto,15459,15477,"Real Decreto 442/2001, de 27 de abril, por el que se modifica el Real Decreto 2207/1994, de 16 de noviembre, por el que se aprueba la lista de sustancias permitidas para la fabricación de materiales y objetos plásticos destinados a entrar en contacto con los alimentos y se regulan determinadas condiciones de ensayo."
2001-04-28,102,1,BOE-A-2001-8245,MINISTERIO DE ADMINISTRACIONES PÚBLICAS,estatal,Real Decreto,15477,15478,"Real Decreto 444/2001, de 27 de abril, por el que se modifica el Real Decreto 1475/2000, de 4 de agosto, por el que se desarrolla la estructura orgánica básica del Ministerio de Fomento."
2001-04-28,102,1,BOE-A-2001-8246,MINISTERIO DE ECONOMÍA,estatal,Resolución,15478,15479,"Resolución de 25 de abril de 2001, de la Dirección General de Política Energética y Minas, por la que se hacen públicos los nuevos precios máximos de venta de gas natural para usos industriales."
2001-04-30,103,1,BOE-A-2001-8365,MINISTERIO DE HACIENDA,estatal,Orden,15549,15770,Orden de 27 de abril de 2001 por la que se dictan las normas para la elaboración de los Presupuestos Generales del Estado para el año 2002.
2001-04-30,103,1,BOE-A-2001-8366,MINISTERIO DE HACIENDA,estatal,Orden,15770,15771,"Orden de 23 de abril de 2001 por la que se modifica la Orden de 30 de diciembre de 1997 por la que se regulan las retribuciones complementarias por servicios de guardia de las Carreras Judicial y Fiscal, y la Orden de 21 de febrero de 1997 por la que se establece la cuantía del complemento de destino de servicios de guardia de funcionarios al servicio de la Administración de Justicia."
2001-04-30,103,1,BOE-A-2001-8367,MINISTERIO DE SANIDAD Y CONSUMO,estatal,Orden,15772,15772,Orden de 17 de abril de 2001 por la que se aprueban adiciones y actualizaciones a la Real Farmacopea Española.
2001-04-30,103,1,BOE-A-2001-8368,MINISTERIO DE ECONOMÍA,estatal,Resolución,15772,15773,"Resolución de 27 de abril de 2001, del Comisionado para el Mercado de Tabacos, por la que se publican los precios de venta al público de determinadas labores de tabaco en expendedurías de tabaco y timbre del área del monopolio."
2001-05-01,104,1,BOE-A-2001-8435,MINISTERIO DE HACIENDA,estatal,Resolución,15842,15893,"Resolución de 25 de abril de 2001, del Departamento de Aduanas e Impuestos Especiales de la Agencia Estatal de Administración Tributaria, en la que se recoge la normativa aplicable a las estadísticas de los intercambios de bienes entre los Estados miembros de la Unión Europea para el ejercicio 2001."
2001-05-01,104,1,BOE-A-2001-8436,MINISTERIO DE LA PRESIDENCIA,estatal,Real Decreto,15893,15899,"Real Decreto 374/2001, de 6 de abril, sobre la protección de la salud y seguridad de los trabajadores contra los riesgos relacionados con los agentes químicos durante el trabajo."
2001-05-02,105,1,BOE-A-2001-8503,MINISTERIO DE LA PRESIDENCIA,estatal,Real Decreto,15964,15970,"Real Decreto 443/2001, de 27 de abril, sobre condiciones de seguridad en el transporte escolar y de menores."
2001-05-03,106,1,BOE-A-2001-8543,MINISTERIO DE HACIENDA,estatal,Resolución,16061,16063,"Resolución 1/2001, de 27 de abril , de la Dirección General de Tributos, por la que se convierten a euros las escalas de gravamen de determinados impuestos."
2001-05-03,106,1,BOE-A-2001-8544,COMUNIDAD AUTÓNOMA DE LAS ILLES BALEARS,autonómico,Ley,16063,16063,"Ley 5/2001, de 29 de marzo, de cesión gratuita al Ayuntamiento de Palma del tramo de enlace Cala Mayor-Illetes a la PM-1 y la C-719, calle Calvià, Cas Català, T.M. Palma."
2001-05-04,107,1,BOE-A-2001-8611,MINISTERIO DE HACIENDA,estatal,Resolución,16191,16192,"Resolución de 25 de abril de 2001, del Departamento de Aduanas e Impuestos Especiales de la Agencia Estatal de la Administración Tributaria, por la que se actualiza el Arancel Integrado de Aplicación (TARIC)."
2001-05-04,107,1,BOE-A-2001-8612,MINISTERIO DE LA PRESIDENCIA,estatal,Orden,16192,16194,Orden de 26 de abril de 2001 por la que se crea la Comisión Interministerial Permanente de Estructuras de Acero.
2001-05-04,107,1,BOE-A-2001-8613,MINISTERIO DE MEDIO AMBIENTE,estatal,Corrección,16194,16195,"Corrección de erratas de la Resolución de 9 de abril de 2001, de la Secretaría General de Medio Ambiente, por la que se dispone la publicación del Acuerdo de Consejo de Ministros, de 6 de abril de 2001, por el que se aprueba el Plan Nacional de Descontaminación y Eliminación de Policlorobifenilos (PCB), Policloroterfenilos (PCT) y aparatos que los contengan (2001-2010)."
2001-05-04,107,1,BOE-A-2001-8614,COMUNIDAD AUTÓNOMA DE CATALUÑA,autonómico,Decreto,16195,16216,"Decreto 90/2001, de 20 de marzo, por el que se aprueba la modificación de determinados artículos de los Estatutos de la Universidad Politécnica de Cataluña y se dispone la publicación del texto íntegro de los Estatutos."
2001-05-04,107,1,BOE-A-2001-8615,COMUNIDAD AUTÓNOMA DE LA RIOJA,autonómico,Otras,16216,16239,"Acuerdo de 18 de abril de 2001, del Pleno del Parlamento de La Rioja, por el que, de conformidad con lo prevenido en el artículo 18.2 del Estatuto de Autonomía de La Rioja, aprobó el Reglamento del Parlamento de La Rioja, de lo que, en cumplimiento de la disposición final segunda del citado Reglamento, se ordena la publicación."
2001-05-05,108,1,BOE-A-2001-8698,CORTES GENERALES,estatal,Resolución,16326,16326,"Resolución de 26 de abril de 2001, del Congreso de los Diputados, por la que se ordena la publicación del acuerdo de convalidación del Real Decreto-ley 6/2001, de 6 de abril, por el que se adoptan medidas urgentes para reparar los daños causados por las lluvias y temporales acaecidos desde los últimos días de octubre de 2000 hasta finales de enero de 2001 en las Comunidades Autónomas de Galicia y Castilla y León."
2001-05-05,108,1,BOE-A-2001-8699,CORTES GENERALES,estatal,Resolución,16326,16326,"Resolución de 26 de abril de 2001, del Congreso de los Diputados, por la que se ordena la publicación del Acuerdo de Convalidación del Real Decreto-ley 7/2001, de 6 de abril, por el que se adoptan medidas urgentes para reparar los daños causados por las lluvias e inundaciones acaecidas durante los días 21 al 26 de octubre de 2000 en las provincias de Tarragona, Zaragoza, Teruel, Castellón, Valencia y Murcia."
2001-05-05,108,1,BOE-A-2001-8700,CORTES GENERALES,estatal,Resolución,16326,16326,"Resolución de 26 de abril de 2001, del Congreso de los Diputados, por la que se ordena la publicación del acuerdo de convalidación del Real Decreto-ley 8/2001, de 6 de abril, por el que se establece el sistema de infracciones y sanciones en materia de encefalopatías espongiformes transmisibles."
2001-05-05,108,1,BOE-A-2001-8701,CORTES GENERALES,estatal,Resolución,16326,16326,"Resolución de 26 de abril de 2001, del Congreso de los Diputados, por la que se ordena la publicación del acuerdo de convalidación del Real Decreto-ley 9/2001, de 6 de abril, por el que se adoptan medidas adicionales en el marco de erradicación de las encefalopatías espongiformes transmisibles."
2001-05-05,108,1,BOE-A-2001-8702,MINISTERIO DE HACIENDA,estatal,Corrección,16326,16326,Corrección de erratas de la Orden de 27 de abril de 2001 por la que se dictan las normas para la elaboración de los Presupuestos Generales del Estado para el año 2002.
2001-05-08,110,1,BOE-A-2001-8790,TRIBUNAL CONSTITUCIONAL,estatal,Resolución judicial,16382,16382,"Recurso de inconstitucionalidad número 1.771/2001, promovido por el Presidente del Gobierno, en relación con la Ley de las Cortes de Castilla-La Mancha 11/2000, de 26 de diciembre, del Impuesto sobre Determinadas Actividades que inciden sobre el Medio Ambiente."
2001-05-08,110,1,BOE-A-2001-8791,TRIBUNAL CONSTITUCIONAL,estatal,Resolución judicial,16382,16382,"Recurso de inconstitucionalidad número 1.772/2001, promovido por el Presidente del Gobierno, en relación con la Ley 16/2000, del Parlamento Catalán, de 29 de diciembre, del Impuesto sobre Grandes Establecimientos Comerciales."
2001-05-08,110,1,BOE-A-2001-8792,TRIBUNAL CONSTITUCIONAL,estatal,Resolución judicial,16382,16382,"Recurso de inconstitucionalidad número 1.808/2001, promovido por Consejo de Gobierno de la Junta de Comunidades de Castilla-La Mancha, en relación con determinados preceptos de la Ley 13/2000, de 28 de diciembre, de Presupuestos Generales del Estado para 2001."
2001-05-08,110,1,BOE-A-2001-8793,MINISTERIO DE HACIENDA,estatal,Corrección,16382,16383,"Corrección de errores y erratas de la Resolución 1/2001, de 27 de abril, de la Dirección General de Tributos, por la que se convierten a euros las escalas de gravamen de determinados impuestos publicada en el ""Boletín Oficial del Estado"" número 106, de 3 de mayo de 2001."
2001-05-08,110,1,BOE-A-2001-8794,"MINISTERIO DE EDUCACIÓN, CULTURA Y DEPORTE",estatal,Real Decreto,16383,16419,"Real Decreto 370/2001, de 6 de abril, por el que se establece el título de Técnico superior en Óptica de Anteojería y las correspondientes enseñanzas mínimas."
2001-05-08,110,1,BOE-A-2001-8795,"MINISTERIO DE AGRICULTURA, PESCA Y ALIMENTACIÓN",estatal,Orden,16419,16421,Orden de 7 de mayo de 2001 relativa a las restricciones al movimiento de animales de especies sensibles a la fiebre aftosa.
2001-05-08,110,1,BOE-A-2001-8796,MINISTERIO DE LA PRESIDENCIA,estatal,Real Decreto,16421,16471,"Real Decreto 412/2001, de 20 de abril, por el que se regulan diversos aspectos relacionados con el transporte de mercancías peligrosas por ferrocarril."
2001-05-09,111,1,BOE-A-2001-8865,JEFATURA DEL ESTADO,estatal,Ley,16607,16607,"Ley 5/2001, de 8 de mayo, sobre concesión de un suplemento de crédito, por importe de 4.866.309.925 pesetas, para el pago de retribuciones, establecidas en diversas sentencias firmes, falladas a favor de las personas encargadas de la enseñanza de la religión católica en los colegios públicos."
2001-05-09,111,1,BOE-A-2001-8866,JEFATURA DEL ESTADO,estatal,Ley,16607,16616,"Ley 6/2001, de 8 de mayo, de modificación del Real Decreto legislativo 1302/1986, de 28 de junio, de evaluación de impacto ambiental."
2001-05-09,111,1,BOE-A-2001-8867,MINISTERIO DE LA PRESIDENCIA,estatal,Resolución,16616,16616,"Resolución de 3 de mayo de 2001, de la Subsecretaría, por la que se dispone la publicación de la Resolución de 10 de abril, de la Dirección General de los Registros y del Notariado y de la Dirección General del Catastro sobre la adaptación a la moneda única europea del formato de suministro de información al Catastro por parte de Notarios y Registradores de la Propiedad."
2001-05-09,111,1,BOE-A-2001-8868,MINISTERIO DE MEDIO AMBIENTE,estatal,Corrección,16616,16617,"Corrección de errores de la Resolución de 9 de abril de 2001, de la Secretaría General de Medio Ambiente, por la que se dispone la publicación del Acuerdo del Consejo de Ministros de 6 de abril de 2001, por el que se aprueba el Plan Nacional de Descontaminación y Eliminación de Policlorobifenilos (PCB), Policloroterfenilos (PCT) y Aparatos que los Contengan (2001-2010)."
2001-05-09,111,1,BOE-A-2001-8869,COMISIÓN NACIONAL DEL MERCADO DE VALORES,estatal,Instrucción o circular,16617,16637,"Circular 1/2001, de 18 de abril, de la Comisión Nacional del Mercado de Valores, sobre modelos de folletos explicativos de las instituciones de inversión colectiva."
2001-05-10,112,1,BOE-A-2001-8962,JEFATURA DEL ESTADO,estatal,Otras,16830,16832,"Instrumento de Ratificación del Tratado sobre traslado de personas condenadas entre el Reino de España y la República de Honduras, hecho en Tegucigalpa el 13 de noviembre de 1999."
2001-05-10,112,1,BOE-A-2001-8963,TRIBUNAL CONSTITUCIONAL,estatal,Resolución judicial,16832,16832,Cuestión de inconstitucionalidad número 2583/1993.
2001-05-10,112,1,BOE-A-2001-8964,TRIBUNAL CONSTITUCIONAL,estatal,Resolución judicial,16832,16832,"Cuestiones de inconstitucionalidad números 3915/1997, 3916/1997, 3917/1997, 3919/1997, 3928/1997, 3929/1997, 4289/1997, 4290/1997, 4291/1997, 4310/1997 y 4311/1997."
2001-05-10,112,1,BOE-A-2001-8965,TRIBUNAL CONSTITUCIONAL,estatal,Resolución judicial,16832,16832,Cuestión de inconstitucionalidad número 6292/2000.
2001-05-10,112,1,BOE-A-2001-8966,TRIBUNAL CONSTITUCIONAL,estatal,Resolución judicial,16833,16833,Cuestión de inconstitucionalidad número 1293/2001.
2001-05-10,112,1,BOE-A-2001-8967,TRIBUNAL CONSTITUCIONAL,estatal,Resolución judicial,16833,16833,Cuestión de inconstitucionalidad número 1433/2001.
2001-05-10,112,1,BOE-A-2001-8968,MINISTERIO DE DEFENSA,estatal,Orden,16833,16837,"Orden 91/2001, de 3 de mayo, por la que se establecen los requisitos para la renuncia a la condición de militar por los militares de carrera y militares profesionales de tropa y marinería, que mantienen una relación de servicios de carácter permanente."
2001-05-10,112,1,BOE-A-2001-8969,MINISTERIO DE HACIENDA,estatal,Corrección,16837,16837,Corrección de errores de la Orden de 27 de abril de 2001 por la que se dictan las normas para la elaboración de los Presupuestos Generales del Estado para el año 2002.
2001-05-10,112,1,BOE-A-2001-8970,MINISTERIO DE HACIENDA,estatal,Resolución,16837,16838,"Resolución de 30 de abril de 2001, de la Subsecretaría, por la que se regula la suplencia del Director general del Patrimonio del Estado."
2001-05-10,112,1,BOE-A-2001-8971,MINISTERIO DE CIENCIA Y TECNOLOGÍA,estatal,Real Decreto,16838,16929,"Real Decreto 379/2001, de 6 de abril, por el que se aprueba el Reglamento de almacenamiento de productos químicos y sus instrucciones técnicas complementarias MIE APQ-1, MIE APQ-2, MIE APQ-3, MIE APQ-4, MIE APQ-5, MIE APQ-6 y MIE APQ-7."
2001-05-10,112,1,BOE-A-2001-8972,COMUNIDAD AUTÓNOMA DE CATALUÑA,autonómico,Ley,16930,16931,"Ley 2/2001, de 9 de abril, de Creación del Colegio Oficial de Ingeniería Técnica en Informática de Cataluña."
2001-05-10,112,1,BOE-A-2001-8973,COMUNIDAD AUTÓNOMA DE CATALUÑA,autonómico,Ley,16931,16932,"Ley 3/2001, de 9 de abril, de Creación del Colegio Oficial de Ingeniería en Informática de Cataluña."
2001-05-10,112,1,BOE-A-2001-8974,COMUNIDAD AUTÓNOMA DE CATALUÑA,autonómico,Ley,16932,16933,"Ley 4/2001, de 9 de abril, de modificación del apartado 2 del artículo 63 de la Ley 13/1989, de 14 de diciembre, de organización, procedimiento y régimen jurídico de la Administración de la Generalidad de Cataluña."
2001-05-10,112,1,BOE-A-2001-8975,COMUNIDAD AUTÓNOMA VALENCIANA,autonómico,Ley,16933,16935,"Ley 1/2001, de 6 de abril, por la que se regulan las uniones de hecho."
2001-05-10,112,1,BOE-A-2001-8976,COMUNIDAD AUTÓNOMA VALENCIANA,autonómico,Corrección,16935,16935,"Corrección de errores de la Ley 12/2000, de 28 de diciembre, de Presupuestos de la Generalitat Valenciana para el ejercicio 2001."
2001-05-11,113,1,BOE-A-2001-9044,MINISTERIO DE ASUNTOS EXTERIORES,estatal,Orden,17053,17053,Orden de 20 de abril de 2001 por la que se crea una Oficina Consular Honoraria en Tromso (Noruega).
2001-05-11,113,1,BOE-A-2001-9045,MINISTERIO DE ASUNTOS EXTERIORES,estatal,Tratado o acuerdo internacional,17053,17060,"Acuerdo marco sobre Comercio y Cooperación entre la Comunidad Europea y sus Estados miembros, por una parte, y la República de Corea, por otra, hecho en Luxemburgo el 28 de octubre de 1996."
2001-05-11,113,1,BOE-A-2001-9046,MINISTERIO DE JUSTICIA,estatal,Instrucción o circular,17060,17061,"Instrucción de 26 de abril de 2001, de la Dirección General de los Registros y del Notariado, sobre datos a remitir por los Registros de buques al Registro Central de Bienes Muebles."
2001-05-11,113,1,BOE-A-2001-9047,MINISTERIO DEL INTERIOR,estatal,Resolución,17061,17062,"Resolución de 23 de abril de 2001, de la Secretaría de Estado de Seguridad, por la que se aprueba el sistema de planeamiento de los recursos materiales de la Seguridad del Estado."
2001-05-11,113,1,BOE-A-2001-9048,MINISTERIO DE ECONOMÍA,estatal,Resolución,17062,17063,"Resolución de 3 de mayo de 2001, de la Dirección General de Política Energética y Minas, por la que se aprueban las nuevas tarifas y precios de los suministros de gas natural y gases manufacturados por canalización para usos domésticos y comerciales."
2001-05-11,113,1,BOE-A-2001-9049,MINISTERIO DE ECONOMÍA,estatal,Resolución,17063,17063,"Resolución de 8 de mayo de 2001, de la Dirección General de Política Energética y Minas, por la que se hacen públicos los nuevos precios máximos de venta, antes de impuestos, de los gases licuados del petróleo."
2001-05-12,114,1,BOE-A-2001-9094,"MINISTERIO DE AGRICULTURA, PESCA Y ALIMENTACIÓN",estatal,Real Decreto,17173,17175,"Real Decreto 409/2001, de 20 de abril, por el que se establecen las reglas generales de utilización de indicaciones geográficas en la designación de vinos de mesa."
2001-05-12,114,1,BOE-A-2001-9095,"MINISTERIO DE AGRICULTURA, PESCA Y ALIMENTACIÓN",estatal,Real Decreto,17175,17175,"Real Decreto 441/2001, de 27 de abril, por el que se modifica el Real Decreto 348/2000, de 10 de marzo, por el que se incorpora al ordenamiento jurídico la Directiva 98/58/CE, relativa a la protección de los animales en las explotaciones ganaderas."
2001-05-12,114,1,BOE-A-2001-9096,MINISTERIO DE LA PRESIDENCIA,estatal,Real Decreto,17175,17176,"Real Decreto 507/2001, de 11 de mayo, por el que se modifica el Reglamento sobre notificación de sustancias nuevas y clasificación, envasado y etiquetado de sustancias peligrosas, aprobado por el Real Decreto 363/1995, de 10 de marzo."
2001-05-12,114,1,BOE-A-2001-9097,MINISTERIO DE LA PRESIDENCIA,estatal,Real Decreto,17176,17181,"Real Decreto 508/2001, de 11 de mayo, por el que se aprueba el Estatuto del Instituto Nacional de Estadística."
2001-05-12,114,1,BOE-A-2001-9098,MINISTERIO DE ECONOMÍA,estatal,Resolución,17181,17181,"Resolución de 10 de mayo de 2001, de la Secretaría de Estado de Economía, de Energía y de la Pequeña y Mediana Empresa, por la que se complementa la de 5 de abril de 2001, por la que se modifican las Reglas de Funcionamiento del Mercado de Producción de Energía Eléctrica y se prorroga la vigencia del contrato de adhesión a dichas Reglas."
2001-05-14,115,1,BOE-A-2001-9178,MINISTERIO DE FOMENTO,estatal,Orden,17217,17218,"Orden de 27 de abril de 2001 por la que se definen los patrones nacionales de las unidades derivadas del Sistema Internacional de Unidades de Intervalo de Alta Tensión Eléctrica (superior a 1.000 V), de atenuación en alta frecuencia y de humedad."
2001-05-15,116,1,BOE-A-2001-9239,JEFATURA DEL ESTADO,estatal,Ley,17265,17267,"Ley 7/2001, de 14 de mayo, de modificación de la Ley del Patrimonio del Estado, texto articulado aprobado por Decreto 1022/1964, de 15 de abril."
2001-05-16,117,1,BOE-A-2001-9279,COMUNIDAD FORAL DE NAVARRA,autonómico,Ley,17345,17345,"Ley Foral 1/2001, de 13 de febrero, de modificación de la Ley Foral 13/1994, de 20 de septiembre, de gestión de los residuos especiales."
2001-05-16,117,1,BOE-A-2001-9280,COMUNIDAD FORAL DE NAVARRA,autonómico,Ley,17345,17351,"Ley Foral 2/2001, de 13 de febrero, por la que se modifican parcialmente la Ley Foral 19/1992, de 30 de diciembre, del Impuesto sobre el Valor Añadido, y la Ley Foral 20/1992, de 30 de diciembre, de Impuestos Especiales."
2001-05-16,117,1,BOE-A-2001-9281,COMUNIDAD FORAL DE NAVARRA,autonómico,Ley,17351,17355,"Ley Foral 3/2001, de 1 de marzo, sobre incentivos fiscales a la investigación, al desarrollo científico y tecnológico, y a la innovación y el fomento del empleo."
2001-05-16,117,1,BOE-A-2001-9282,COMUNIDAD FORAL DE NAVARRA,autonómico,Ley,17355,17355,"Ley Foral 4/2001, de 6 de marzo, de Cuentas Generales de Navarra de 1999."
2001-05-16,117,1,BOE-A-2001-9283,COMUNIDAD FORAL DE NAVARRA,autonómico,Ley,17355,17363,"Ley Foral 5/2001, de 9 de marzo, de Cooperación al Desarrollo."
2001-05-16,117,1,BOE-A-2001-9284,COMUNIDAD FORAL DE NAVARRA,autonómico,Ley,17363,17363,"Ley Foral 6/2001, de 9 de marzo, por la que se declara de utilidad pública y se aprueba la desafectación de 116.020 metros cuadrados de terreno comunal perteneciente al Ayuntamiento de Mendigorría."
2001-05-16,117,1,BOE-A-2001-9285,COMUNIDAD FORAL DE NAVARRA,autonómico,Ley,17363,17401,"Ley Foral 7/2001, de 27 de marzo, de Tasas y Precios Públicos de la Administración de la Comunidad Foral de Navarra y de sus Organismos Autónomos."
2001-05-16,117,1,BOE-A-2001-9286,COMUNIDAD FORAL DE NAVARRA,autonómico,Ley,17401,17402,"Ley Foral 8/2001, de 10 de abril, por la que se derogan determinados preceptos de la Ley Foral 24/1996, de 30 de diciembre, del Impuesto sobre Sociedades."
2001-05-17,118,1,BOE-A-2001-9338,JEFATURA DEL ESTADO,estatal,Otras,17451,17453,"Instrumento de Ratificación del Convenio número 182 de la OIT sobre la prohibición de las peores formas de trabajo infantil y de la acción inmediata para su eliminación, hecho en Ginebra el 17 de junio de 1999."
2001-05-17,118,1,BOE-A-2001-9339,"MINISTERIO DE AGRICULTURA, PESCA Y ALIMENTACIÓN",estatal,Orden,17453,17455,Orden de 15 de mayo de 2001 por la que se establecen determinadas restricciones al movimiento de animales de especies sensibles a la fiebre aftosa.
2001-05-17,118,1,BOE-A-2001-9340,MINISTERIO DE LA PRESIDENCIA,estatal,Orden,17456,17467,"Orden de 10 de mayo de 2001 por la que se dispone la publicación del Acuerdo de la Comisión Delegada del Gobierno para Asuntos Económicos del Acuerdo por el que se modifica el Acuerdo de 27 de julio de 2000 por el que se establece un nuevo marco regulatorio de precios para los servicios prestados por ""Telefónica de España, Sociedad Anónima Unipersonal""."
2001-05-17,118,1,BOE-A-2001-9341,MINISTERIO DE MEDIO AMBIENTE,estatal,Resolución,17467,17468,"Resolución de 25 de abril de 2001, de la Dirección General de Conservación de la Naturaleza, por la que se constituye la Mesa de Contratación de este centro directivo y se establece su composición."
2001-05-17,118,1,BOE-A-2001-9342,COMUNIDAD AUTÓNOMA DE ARAGÓN,autonómico,Ley,17468,17479,"Ley 3/2001, de 4 de abril, de prevención, asistencia y reinserción social en materia de drogodependencias."
2001-05-17,118,1,BOE-A-2001-9343,COMUNIDAD AUTÓNOMA DE ARAGÓN,autonómico,Ley,17479,17482,"Ley 4/2001, de 10 de abril, sobre concesión de créditos extraordinarios y suplemento de crédito, por importe de 2.700.000.000 de pesetas, para hacer frente a gastos extraordinarios en relación con la lucha y prevención de la encefalopatía espongiforme bovina, inundaciones en la cuenca del Matarraña y otros municipios aragoneses y plan de actuaciones de Walqa."
2001-05-17,118,1,BOE-A-2001-9344,COMUNIDAD AUTÓNOMA DE ARAGÓN,autonómico,Ley,17482,17483,"Ley 5/2001, de 25 de abril, por la que se modifica la Ley 2/1996, de 14 de mayo, de Cámaras Agrarias de Aragón."
2001-05-17,118,1,BOE-A-2001-9345,COMUNIDAD AUTÓNOMA DE CASTILLA Y LEÓN,autonómico,Ley,17483,17486,"Ley 1/2001, de 4 de mayo, por la que se establece el programa de actuación en las comarcas mineras 2000-2003."
2001-05-17,118,1,BOE-A-2001-9346,COMUNIDAD AUTÓNOMA DE CASTILLA Y LEÓN,autonómico,Ley,17486,17487,"Ley 2/2001, de 4 de mayo, por la que se modifica la Ley 1/1995, de 6 de abril, de Cámaras Agrarias de Castilla y León."
2001-05-18,119,1,BOE-A-2001-9419,MINISTERIO DE ASUNTOS EXTERIORES,estatal,Tratado o acuerdo internacional,17579,17579,"Entrada en vigor del Acuerdo de transporte aéreo entre el Reino de España y la República de Croacia, hecho en Madrid el 21 de julio de 1997, cuya aplicación provisional fue publicada en el ""Boletín Oficial del Estado"" número 255, de fecha 24 de octubre de 1997."
2001-05-18,119,1,BOE-A-2001-9420,MINISTERIO DE ASUNTOS EXTERIORES,estatal,Corrección,17579,17579,"Corrección de erratas del Tratado de extradición entre el Reino de España y la República del Paraguay, hecho en Asunción el 27 de julio de 1998."
2001-05-18,119,1,BOE-A-2001-9421,MINISTERIO DE ASUNTOS EXTERIORES,estatal,Corrección,17579,17579,"Corrección de erratas del Segundo Protocolo adicional al Convenio de nacionalidad del 28 de julio de 1961, suscrito entre España y Guatemala, modificado por el Protocolo de fecha 10 de febrero de 1995, hecho ""ad referendum"" en Guatemala el 19 de noviembre de 1999."
2001-05-19,120,1,BOE-A-2001-9501,MINISTERIO DE HACIENDA,estatal,Real Decreto,17697,17698,"Real Decreto 407/2001, de 20 de abril, sobre composición, funciones y régimen de funcionamiento del Consejo Superior de la Propiedad Inmobiliaria y de las Comisiones Superiores de Coordinación Inmobiliaria de Rústica y de Urbana."
2001-05-19,120,1,BOE-A-2001-9502,"MINISTERIO DE AGRICULTURA, PESCA Y ALIMENTACIÓN",estatal,Orden,17698,17711,Orden de 11 de mayo de 2001 sobre la estructura y funcionamiento del Fichero Oleícola Informatizado (FOI) Español.
2001-05-19,120,1,BOE-A-2001-9503,MINISTERIO DE LA PRESIDENCIA,estatal,Corrección,17712,17712,"Corrección de erratas del Real Decreto 508/2001, de 11 de mayo, por el que se aprueba el Estatuto del Instituto Nacional de Estadística."
2001-05-19,120,1,BOE-A-2001-9504,MINISTERIO DE ADMINISTRACIONES PÚBLICAS,estatal,Real Decreto,17712,17713,"Real Decreto 544/2001, de 18 de mayo, por el que se aprueba la oferta de empleo público del Cuerpo Nacional de Policía para el año 2001."
2001-05-19,120,1,BOE-A-2001-9505,MINISTERIO DE ECONOMÍA,estatal,Resolución,17713,17713,"Resolución de 17 de mayo de 2001, del Comisionado para el Mercado de Tabacos, por la que se publican los precios de venta al público de determinadas labores de tabaco en Expendedurías de Tabaco y Timbre de la Península e Illes Balears."
2001-05-21,121,1,BOE-A-2001-9551,TRIBUNAL SUPREMO,estatal,Resolución judicial,17767,17767,"Sentencia de 1 de marzo de 2001, de la Sala Tercera del Tribunal Supremo, por la que se declara que el Gobierno se excedió en los límites de la delegación conferida por la Ley 27/1995, de 11 de octubre, al no incluir en el texto refundido de la Ley de Propiedad Intelectual, aprobada por Real Decreto Legislativo 1/1996, de 12 de abril, el derecho exclusivo de los productores de fonogramas a autorizar la comunicación pública de éstos y de sus copias, reconocido en el artículo 109, apartado 1, de la Ley 22/1987, de 11 de noviembre, de Propiedad Intelectual, que se declara subsistente."
2001-05-21,121,1,BOE-A-2001-9552,TRIBUNAL SUPREMO,estatal,Resolución judicial,17767,17767,"Sentencia de 10 de marzo de 2001, de la Sala Tercera del Tribunal Supremo, por la que se anula el artículo cuarto del Real Decreto 2060/1999, de 30 de diciembre, en cuanto da nueva redacción al artículo 62, apartado 3, del Reglamento del Impuesto de Sociedades, aprobado por el Real Decreto 537/1997, de 14 de abril."
2001-05-21,121,1,BOE-A-2001-9553,TRIBUNAL SUPREMO,estatal,Resolución judicial,17767,17768,"Sentencia de 16 de marzo de 2001, de la Sala Tercera del Tribunal Supremo, por la que se anula el artículo único, epígrafe 21, del Real Decreto 1965/1999, de 23 de diciembre, en cuanto da nueva redacción al apartado 1, letra b), del artículo 118 del Reglamento de los Impuestos Especiales, aprobado por Real Decreto 1165/1995, de 7 de junio, y modificado por el Real Decreto 112/1998, de 30 de enero, y, concretamente, el último inciso de dicho apartado y letra."
2001-05-21,121,1,BOE-A-2001-9554,TRIBUNAL SUPREMO,estatal,Resolución judicial,17768,17768,"Sentencia de 2 de abril de 2001, de la Sala Tercera del Tribunal Supremo, por la que se anulan los dos últimos párrafos de la disposición transitoria primera del Real Decreto 2818/1998, de 23 de diciembre, sobre producción de energía eléctrica por instalaciones abastecidas por recursos o fuentes de energía renovables, residuos y cogeneración."
2001-05-22,122,1,BOE-A-2001-9563,TRIBUNAL CONSTITUCIONAL,estatal,Resolución judicial,17794,17794,"Conflicto en defensa de la Autonomía Local número 6.613/2000, promovido por el Ayuntamiento de Torrent y otros, en relación con el artículo 2 y disposición transitoria de la Ley 8/1999, de 3 de diciembre, de la Generalidad Valenciana, por la que se suprime el área metropolitana de L'Horta."
2001-05-22,122,1,BOE-A-2001-9564,TRIBUNAL CONSTITUCIONAL,estatal,Resolución judicial,17794,17794,"Conflicto positivo de competencia número 2.055/2001, promovido por el Abogado del Estado en nombre del Gobierno de la Nación, en relación con el Acuerdo del Consejo de Gobierno de las Illes Balears, de 29 de diciembre de 2000, por el que se aprueba la concesión de una ayuda económica para determinados beneficiarios de pensiones asistenciales y no contributivas."
2001-05-22,122,1,BOE-A-2001-9565,TRIBUNAL CONSTITUCIONAL,estatal,Resolución judicial,17794,17794,"Conflicto positivo de competencia número 2.260/2001, promovido por el Abogado del Estado en nombre del Gobierno de la Nación, en relación con el Decreto 237/2000, de 28 de diciembre, por el que se crea en la Comunidad Autónoma del País Vasco la Oficina Pública, su Comité y la Inspección de Elecciones Sindicales."
2001-05-22,122,1,BOE-A-2001-9566,MINISTERIO DE ASUNTOS EXTERIORES,estatal,Tratado o acuerdo internacional,17794,17796,"Convenio Marco de Cooperación Científica, Técnica, Cultural y Educativa entre el Reino de España y la República Libanesa, hecho ""ad referendum"" en Madrid el 22 de febrero de 1996."
2001-05-22,122,1,BOE-A-2001-9567,MINISTERIO DE ASUNTOS EXTERIORES,estatal,Corrección,17796,17796,"Corrección de erratas del Convenio entre el Reino de España y la República de Cuba para evitar la doble imposición y prevenir la evasión fiscal en materia de Impuestos sobre la Renta y sobre el Patrimonio y Protocolo, hechos en Madrid el 3 de febrero de 1999, y Canje de Notas de 9 de noviembre y 30 de diciembre de 1999 que los modifica."
2001-05-22,122,1,BOE-A-2001-9568,"MINISTERIO DE EDUCACIÓN, CULTURA Y DEPORTE",estatal,Orden,17796,17797,"Orden de 14 de mayo de 2001 por la que se actualiza la Orden de 25 de noviembre de 1999, por la que se determinan los estudios conducentes a la obtención de títulos universitarios oficiales que se relacionan con cada una de las vías de acceso a dichos estudios."
2001-05-22,122,1,BOE-A-2001-9569,MINISTERIO DE SANIDAD Y CONSUMO,estatal,Real Decreto,17797,17797,"Real Decreto 485/2001, de 4 de mayo, por el que se modifica el Real Decreto 2001/1995, de 7 de diciembre, por el que se aprueba la lista positiva de aditivos colorantes autorizados para su uso en la elaboración de productos alimenticios, así como sus condiciones de utilización."
2001-05-23,123,1,BOE-A-2001-9655,MINISTERIO DE ASUNTOS EXTERIORES,estatal,Corrección,17899,17899,Corrección de errores de la Orden de 20 de abril de 2001 por la que se crea una Oficina Consular Honoraria en Tromso (Noruega).
2001-05-23,123,1,BOE-A-2001-9656,MINISTERIO DE HACIENDA,estatal,Resolución,17899,17902,"Resolución de 16 de abril de 2001, de la Dirección General de Fondos Comunitarios y Financiación Territorial, por la que se desarrolla la información a suministrar por las Corporaciones Locales relativa al esfuerzo fiscal y su comprobación en las Delegaciones de Economía y Hacienda, estableciéndose el modelo que, a estos efectos, se deberá utilizar."
2001-05-23,123,1,BOE-A-2001-9657,"MINISTERIO DE EDUCACIÓN, CULTURA Y DEPORTE",estatal,Real Decreto,17902,18018,"Real Decreto 440/2001, de 27 de abril, por el que se homologan diversos títulos de la Universidad ""Camilo José Cela"", de Madrid."
2001-05-24,124,1,BOE-A-2001-9770,TRIBUNAL CONSTITUCIONAL,estatal,Resolución judicial,18094,18094,"Cuestiones de inconstitucionalidad números 4313/97, 5136/97, 1155/98, 1160/98, 1161/98, 1177/98, 1269/98, 2707/98, 2737/98 y 2738/98."
2001-05-24,124,1,BOE-A-2001-9771,TRIBUNAL CONSTITUCIONAL,estatal,Resolución judicial,18094,18094,Cuestión de inconstitucionalidad número 984/2000.
2001-05-24,124,1,BOE-A-2001-9772,TRIBUNAL CONSTITUCIONAL,estatal,Resolución judicial,18094,18094,Cuestión de inconstitucionalidad número 1741/2001.
2001-05-24,124,1,BOE-A-2001-9773,TRIBUNAL CONSTITUCIONAL,estatal,Resolución judicial,18094,18094,"Recurso de inconstitucionalidad número 2054/2001, promovido por el Presidente del Gobierno, en relación con la Ley Foral 16/2000, de 29 de diciembre, de modificación de la Ley Foral 10/1999, de 6 de abril, por la que se declara Parque Natural las Bardenas Reales de Navarra."
2001-05-24,124,1,BOE-A-2001-9774,"MINISTERIO DE EDUCACIÓN, CULTURA Y DEPORTE",estatal,Orden,18094,18100,Orden de 14 de mayo de 2001 por la que se dispone la publicación de los Estatutos Provisionales del Consejo General de Colegios Oficiales de Biólogos.
2001-05-24,124,1,BOE-A-2001-9775,"MINISTERIO DE AGRICULTURA, PESCA Y ALIMENTACIÓN",estatal,Orden,18100,18101,"Orden de 23 de mayo de 2001 por la que se modifican algunas medidas cautelares y de restricción al movimiento de animales de especies sensibles, en relación con la fiebre aftosa."
2001-05-25,125,1,BOE-A-2001-9848,MINISTERIO DEL INTERIOR,estatal,Orden,18231,18231,"Orden de 10 de mayo de 2001 por la que se modifican las características de la tarjeta de identidad profesional, reguladas en el anexo 5 de la Orden de 7 de julio de 1995, por la que se da cumplimiento a diversos aspectos del Reglamento de Seguridad Privada sobre Personal."
2001-05-25,125,1,BOE-A-2001-9849,MINISTERIO DE TRABAJO Y ASUNTOS SOCIALES,estatal,Orden,18232,18314,Orden de 17 de mayo 2001 por la que se dictan las normas para la elaboración de los anteproyectos de presupuestos de la Seguridad Social para el ejercicio 2002.
2001-05-25,125,1,BOE-A-2001-9850,MINISTERIO DE TRABAJO Y ASUNTOS SOCIALES,estatal,Orden,18315,18316,Orden de 23 de mayo de 2001 sobre aplicación del euro en los cobros y pagos de la Seguridad Social.
2001-05-25,125,1,BOE-A-2001-9851,MINISTERIO DE LA PRESIDENCIA,estatal,Orden,18317,18317,Orden de 18 de mayo de 2001 por la que se establece la nueva composición y el régimen de funcionamiento de la Comisión de Ayudas Sociales a Afectados por VIH.
2001-05-25,125,1,BOE-A-2001-9852,MINISTERIO DE ADMINISTRACIONES PÚBLICAS,estatal,Real Decreto,18317,18319,"Real Decreto 509/2001, de 11 de mayo, sobre ampliación de medios adscritos a los servicios de la Administración del Estado traspasados a la Comunidad Autónoma de la Región de Murcia, por el Real Decreto 522/1999, de 26 de marzo, en materia de gestión de la formación profesional ocupacional."
2001-05-25,125,1,BOE-A-2001-9853,MINISTERIO DE ADMINISTRACIONES PÚBLICAS,estatal,Real Decreto,18319,18321,"Real Decreto 510/2001, de 11 de mayo, sobre traspaso de funciones y servicios de la Administración del Estado a la Comunidad Autónoma de la Región de Murcia en materia de ejecución de la legislación sobre productos farmacéuticos."
2001-05-25,125,1,BOE-A-2001-9854,MINISTERIO DE ADMINISTRACIONES PÚBLICAS,estatal,Real Decreto,18321,18322,"Real Decreto 511/2001, de 11 de mayo, sobre traspaso de funciones y servicios de la Administración del Estado a la Comunidad Autónoma de la Región de Murcia en materia de buceo profesional."
2001-05-25,125,1,BOE-A-2001-9855,MINISTERIO DE ADMINISTRACIONES PÚBLICAS,estatal,Real Decreto,18322,18325,"Real Decreto 512/2001, de 11 de mayo, sobre ampliación de medios adscritos a los servicios de la Administración del Estado traspasados a la Comunidad Autónoma de la Región de Murcia, por el Real Decreto 938/1999, de 4 de junio, en materia de enseñanza no universitaria (personal docente de instituciones penitenciarias)."
2001-05-25,125,1,BOE-A-2001-9856,COMUNIDAD AUTÓNOMA DE EXTREMADURA,autonómico,Ley,18325,18326,"Ley 2/2001, de 22 de marzo, de concesión de Crédito Extraordinario para financiar las medidas de actuación y lucha contra la encefalopatía espongiforme bovina y efectos colaterales."
2001-05-25,125,1,BOE-A-2001-9857,COMUNIDAD AUTÓNOMA DE LAS ILLES BALEARS,autonómico,Ley,18327,18338,"Ley 6/2001, de 11 de abril, del Patrimonio de la Comunidad Autónoma de las Illes Balears."
2001-05-25,125,1,BOE-A-2001-9858,COMUNIDAD AUTÓNOMA DE LAS ILLES BALEARS,autonómico,Ley,18338,18343,"Ley 7/2001, de 23 de abril, del Impuesto sobre las Estancias en Empresas Turísticas de Alojamiento, destinado a la dotación del Fondo para la Mejora de la Actividad Turística y la Preservación del Medio Ambiente."
2001-05-25,125,1,BOE-A-2001-9859,COMUNIDAD AUTÓNOMA DE LAS ILLES BALEARS,autonómico,Ley,18343,18343,"Ley 8/2001, de 27 de abril, de Designación de la Sede de los Juzgados de lo Social y de lo Penal con Jurisdicción en la Isla de Menorca."
2001-05-26,126,1,BOE-A-2001-9940,MINISTERIO DE HACIENDA,estatal,Orden,18589,18607,"Orden de 24 de mayo de 2001 por la que se establecen los límites de las franquicias y exenciones en régimen diplomático, consular y de Organismos Internacionales a que se refiere la disposición final primera del Real Decreto 3485/2000, de 29 de diciembre."
2001-05-26,126,1,BOE-A-2001-9941,MINISTERIO DE TRABAJO Y ASUNTOS SOCIALES,estatal,Resolución,18608,18608,"Resolución de 16 de mayo de 2001, de la Secretaría de Estado de la Seguridad Social, por la que se regulan algunos aspectos de la coordinación de la asistencia jurídica de la Administración de la Seguridad Social y el régimen de disposición de la acción procesal en nombre de las Entidades Gestoras y Servicios Comunes de la Seguridad Social."
2001-05-26,126,1,BOE-A-2001-9942,"MINISTERIO DE AGRICULTURA, PESCA Y ALIMENTACIÓN",estatal,Real Decreto,18609,18609,"Real Decreto 506/2001, de 11 de mayo, por el que se modifica el Real Decreto 1852/1993, de 22 de octubre, sobre producción agrícola ecológica y su indicación en los productos agrarios y alimenticios."
2001-05-26,126,1,BOE-A-2001-9943,MINISTERIO DE LA PRESIDENCIA,estatal,Real Decreto,18610,18610,"Real Decreto 559/2001, de 25 de mayo, por el que se modifica el anexo I de la Ley 3/1996, de 10 de enero, de medidas de control de sustancias químicas catalogadas susceptibles de desvío para la fabricación ilícita de drogas, y se incluye en la categoría 1 del mismo la sustancia denominada ""norefedrina""."
2001-05-30,129,1,BOE-A-2001-10161,MINISTERIO DE ASUNTOS EXTERIORES,estatal,Corrección,18926,18926,"Corrección de erratas del Convenio Marco de Cooperación Científica, Técnica, Cultural y Educativa entre el Reino de España y la República Argelina Democrática Popular, hecho ""ad referendum"" en Argel el 5 de abril de 1993."
2001-05-30,129,1,BOE-A-2001-10162,MINISTERIO DE LA PRESIDENCIA,estatal,Corrección,18926,18926,"Corrección de erratas del Real Decreto 374/2001, de 6 de abril, sobre protección de la salud y seguridad de los trabajadores contra los riesgos relacionados con los agentes químicos durante el trabajo."
2001-05-30,129,1,BOE-A-2001-10163,MINISTERIO DE ECONOMÍA,estatal,Orden,18926,18927,Orden de 28 de mayo de 2001 por la que se aprueban las tarifas de gas natural como materia prima.
2001-05-30,129,1,BOE-A-2001-10164,MINISTERIO DE ECONOMÍA,estatal,Resolución,18927,18928,"Resolución de 28 de mayo de 2001, de la Dirección General de Política Energética y Minas, por la que se hacen públicos los nuevos precios máximos de venta de gas natural para usos industriales."
2001-05-31,130,1,BOE-A-2001-10249,MINISTERIO DE ADMINISTRACIONES PÚBLICAS,estatal,Real Decreto,19087,19089,"Real Decreto 543/2001, de 18 de mayo, sobre acceso al empleo público de la Administración General del Estado y sus Organismos públicos de nacionales de otros Estados a los que es de aplicación el derecho a la libre circulación de trabajadores."
2001-05-31,130,1,BOE-A-2001-10250,MINISTERIO DE ECONOMÍA,estatal,Resolución,19089,19090,"Resolución de 29 de mayo de 2001, del Comisionado para el Mercado de Tabacos, por la que se publican los precios de venta al público de determinadas labores de tabaco en expendedurías de tabaco y timbre del área del monopolio."
2001-05-31,130,1,BOE-A-2001-10251,MINISTERIO DE ECONOMÍA,estatal,Resolución,19090,19090,Resolución de 30 de mayo de 2001 de la Dirección General de Política Energética y Minas por la que se hacen públicos los nuevos precios máximos de venta de gas natural para uso como materia prima.
2001-06-01,131,1,BOE-A-2001-10357,TRIBUNAL CONSTITUCIONAL,estatal,Resolución judicial,19295,19295,"Recurso de inconstitucionalidad número 6.433/2000, promovido por el Presidente del Gobierno contra varios preceptos de la Ley del Parlamento de las Illes Balears 8/2000, de 27 de octubre, de Consejos Insulares."
2001-06-01,131,1,BOE-A-2001-10358,TRIBUNAL CONSTITUCIONAL,estatal,Resolución judicial,19295,19295,"Recurso de inconstitucionalidad número 1.640/2001, promovido por el Consejo de Gobierno de la Junta de Andalucía, en relación con diversos preceptos de la Ley Orgánica 8/2000, de 22 de diciembre, de reforma de la Ley Orgánica 4/2000, de 11 de enero, sobre derechos y libertades de los extranjeros en España y su integración social."
2001-06-01,131,1,BOE-A-2001-10359,TRIBUNAL CONSTITUCIONAL,estatal,Resolución judicial,19295,19295,"Recurso de inconstitucionalidad número 1.644/2001, promovido por el Parlamento Vasco, en relación con diversos preceptos de la Ley Orgánica 8/2000, de 22 de diciembre, de reforma de la Ley Orgánica 4/2000, de 11 de enero, sobre derechos y libertades de los extranjeros en España y su integración social."
2001-06-01,131,1,BOE-A-2001-10360,TRIBUNAL CONSTITUCIONAL,estatal,Resolución judicial,19295,19295,"Recurso de inconstitucionalidad número 1.668/2001, promovido por el Grupo Parlamentario del PSOE en el Congreso, en relación con diversos preceptos de la Ley Orgánica 8/2000, de 22 de diciembre, de reforma de la Ley Orgánica 4/2000, de 11 de enero, sobre derechos y libertades de los extranjeros en España y su integración social."
2001-06-01,131,1,BOE-A-2001-10361,TRIBUNAL CONSTITUCIONAL,estatal,Resolución judicial,19295,19295,"Recurso de inconstitucionalidad número 1.669/2001, promovido por el Consejo de Gobierno de la Junta de Comunidades de Castilla-La Mancha, en relación con determinados preceptos de la Ley Orgánica 8/2000, de 22 de diciembre, de reforma de la Ley Orgánica 4/2000, de 11 de enero, sobre derechos y libertades de los extranjeros en España y su integración social."
2001-06-01,131,1,BOE-A-2001-10362,TRIBUNAL CONSTITUCIONAL,estatal,Resolución judicial,19296,19296,"Recurso de inconstitucionalidad número 1.670/2001, promovido por el Consejo de Gobierno de la Comunidad Autónoma de las Islas Baleares, en relación con determinados preceptos de la Ley Orgánica 8/2000, de 22 de diciembre, de reforma de la Ley Orgánica 4/2000, de 11 de enero, sobre derechos y libertades de los extranjeros en España y su integración social."
2001-06-01,131,1,BOE-A-2001-10363,TRIBUNAL CONSTITUCIONAL,estatal,Resolución judicial,19296,19296,"Recurso de inconstitucionalidad número 1.671/2001, promovido por la Diputación General de Aragón, en relación con determinados preceptos de la Ley Orgánica 8/2000, de 22 de diciembre, de reforma de la Ley Orgánica 4/2000, de 11 de enero, sobre derechos y libertades de los extranjeros en España y su integración social."
2001-06-01,131,1,BOE-A-2001-10364,TRIBUNAL CONSTITUCIONAL,estatal,Resolución judicial,19296,19296,"Recurso de inconstitucionalidad número 1.677/2001, promovido por el Consejo de Gobierno de la Junta de Extremadura, en relación con determinados preceptos de la Ley Orgánica 8/2000, de 22 de diciembre, por la que se reforma la Ley Orgánica 4/2000, de 11 de enero, sobre derechos y libertades de los extranjeros en España y su integración social."
2001-06-01,131,1,BOE-A-2001-10365,TRIBUNAL CONSTITUCIONAL,estatal,Resolución judicial,19296,19296,"Recurso de inconstitucionalidad número 1.679/2001, promovido por el Consejo de Gobierno del Principado de Asturias, en relación con determinados preceptos de la Ley Orgánica 8/2000, de 22 de diciembre, por la que se reforma la Ley Orgánica 4/2000, de 11 de enero, sobre derechos y libertades de los extranjeros en España y su integración social."
2001-06-01,131,1,BOE-A-2001-10366,TRIBUNAL CONSTITUCIONAL,estatal,Resolución judicial,19296,19296,"Recurso de inconstitucionalidad número 1.707/2001, promovido por el Parlamento de Navarra, en relación con determinados preceptos de la Ley Orgánica 8/2000, de 22 de diciembre, por la que se reforma la Ley Orgánica 4/2000, de 11 de enero, sobre derechos y libertades de los extranjeros en España y su integración social."
2001-06-02,132,1,BOE-A-2001-10462,JEFATURA DEL ESTADO,estatal,Real Decreto-ley,19413,19416,"Real Decreto-ley 10/2001, de 1 de junio, de adopción de medidas de carácter urgente para paliar los efectos producidos por las lluvias persistentes en determinados cultivos en la Comunidad Autónoma de Andalucía."
2001-06-02,132,1,BOE-A-2001-10463,MINISTERIO DE HACIENDA,estatal,Real Decreto,19416,19420,"Real Decreto 579/2001, de 1 de junio, por el que se modifica el Reglamento del Impuesto sobre la Renta de las Personas Físicas, aprobado por el Real Decreto 214/1999, de 5 de febrero, en materia de exenciones, rendimientos del trabajo y actividades económicas, obligación de declarar y retenciones, y el Reglamento del Impuesto sobre la Renta de no Residentes, aprobado por el Real Decreto 326/1999, de 26 de febrero, en materia de retenciones."
2001-06-02,132,1,BOE-A-2001-10464,MINISTERIO DE ECONOMÍA,estatal,Real Decreto,19420,19425,"Real Decreto 582/2001, de 1 de junio, por el que se establece el régimen de ayudas y el sistema de gestión del Plan de Consolidación y Competitividad de la Pequeña y Mediana Empresa (PYME)."
2001-06-04,133,1,BOE-A-2001-10533,MINISTERIO DE TRABAJO Y ASUNTOS SOCIALES,estatal,Orden,19488,19490,"Orden de 23 de mayo de 2001 por la que se modifica la Orden de 18 de julio de 1997 para el desarrollo del Real Decreto 148/1996, de 5 de febrero, por el que se regula el procedimiento especial para el reintegro de las prestaciones de la Seguridad Social indebidamente percibidas, modificado parcialmente por el Real Decreto 1506/2000, de 1 de septiembre."
2001-06-05,134,1,BOE-A-2001-10564,JEFATURA DEL ESTADO,estatal,Ley,19531,19531,"Ley 8/2001, de 4 de junio, sobre concesión de un crédito extraordinario, por importe de 13.858.385.707 pesetas, para atender insuficiencias de crédito producidas en el ejercicio de 1999, por las subvenciones que se efectúan para la cobertura de las diferencias de cambio de las divisas obtenidas en préstamos concedidos a las sociedades concesionarias de autopistas de peaje."
2001-06-05,134,1,BOE-A-2001-10565,JEFATURA DEL ESTADO,estatal,Ley,19532,19535,"Ley 9/2001, de 4 de junio, por la que se modifica la disposición transitoria sexta de la Ley 54/1997, de 27 de noviembre, del Sector Eléctrico, determinados artículos de la Ley 16/1989, de 17 de julio, de Defensa de la Competencia, y determinados artículos de la Ley 46/1998, de 17 de diciembre, sobre introducción del euro."
2001-06-05,134,1,BOE-A-2001-10566,TRIBUNAL CONSTITUCIONAL,estatal,Resolución judicial,19535,19535,"Conflicto positivo de competencia número 2.637/2001, promovido por el Abogado del Estado, en nombre del Gobierno de la Nación, en relación con el Decreto del Gobierno Vasco 309/2000, de 26 de diciembre, por el que se aprueba el II Acuerdo con las Organizaciones Sindicales sobre modernización en la prestación del servicio público de la Justicia y su repercusión en las condiciones de trabajo del personal al servicio de la Administración de Justicia."
2001-06-05,134,1,BOE-A-2001-10567,TRIBUNAL CONSTITUCIONAL,estatal,Resolución judicial,19535,19535,Cuestión de inconstitucionalidad número 1.991/2001.
2001-06-05,134,1,BOE-A-2001-10568,MINISTERIO DE HACIENDA,estatal,Corrección,19535,19537,"Corrección de errores de la Orden de 24 de mayo de 2001 por la que se establecen los límites de las franquicias y exenciones en régimen diplomático, consular y de Organismos Internacionales a que se refiere la disposición final primera del Real Decreto 3485/2000, de 29 de diciembre."
2001-06-05,134,1,BOE-A-2001-10569,"MINISTERIO DE AGRICULTURA, PESCA Y ALIMENTACIÓN",estatal,Real Decreto,19538,19539,"Real Decreto 580/2001, de 1 de junio, por el que se permite incremento de potencia propulsora a buques menores de 12 metros de eslora total."
2001-06-05,134,1,BOE-A-2001-10570,MINISTERIO DE ECONOMÍA,estatal,Orden,19539,19553,"Orden de 28 de mayo de 2001, por la que se establecen los procedimientos aplicables para las declaraciones de inversiones exteriores y su liquidación, así como los procedimientos para la presentación de memorias anuales y de expedientes de autorización."
2001-06-05,134,1,BOE-A-2001-10571,COMUNIDAD AUTÓNOMA DE CATALUÑA,autonómico,Ley,19553,19562,"Ley 5/2001, de 2 de mayo, de Fundaciones."
2001-06-05,134,1,BOE-A-2001-10572,COMUNIDAD AUTÓNOMA DE ANDALUCÍA,autonómico,Ley,19562,19567,"Ley 2/2001, de 3 de mayo, de Regulación de las Consultas Populares Locales en Andalucía."
2001-06-06,135,1,BOE-A-2001-10670,MINISTERIO DE FOMENTO,estatal,Real Decreto,19683,19694,"Real Decreto 542/2001, de 18 de mayo, por el que se modifican los Estatutos generales del Consejo General y de los Colegios Oficiales de Aparejadores y Arquitectos Técnicos, aprobados por Real Decreto 1471/1977, de 13 de mayo, y modificados por Real Decreto 497/1983, de 16 de febrero."
2001-06-06,135,1,BOE-A-2001-10671,"MINISTERIO DE AGRICULTURA, PESCA Y ALIMENTACIÓN",estatal,Orden,19694,19695,"Orden de 4 de junio de 2001 por la que se adapta la Orden de 15 de mayo de 2001, por la que se establecen determinadas restricciones al movimiento de animales de especies sensibles a la fiebre aftosa, a las nuevas medidas adoptadas a nivel comunitario."
2001-06-06,135,1,BOE-A-2001-10672,MINISTERIO DE LA PRESIDENCIA,estatal,Corrección,19695,19695,"Corrección de erratas del Real Decreto 442/2001, de 27 de abril, por el que se modifica el Real Decreto 2207/1994, de 16 de noviembre, por el que se aprueba la lista de sustancias permitidas para la fabricación de materiales y objetos plásticos destinados a entrar en contacto con los alimentos y se regulan determinadas condiciones de ensayo."
2001-06-06,135,1,BOE-A-2001-10673,MINISTERIO DE LA PRESIDENCIA,estatal,Orden,19695,19703,"Orden de 1 de junio de 2001 por la que se dispone la publicación de los acuerdos de la Comisión Delegada del Gobierno para Asuntos Económicos, de 26 de abril de 2001, sobre tarifas y servicios prestados por ""Telefónica de España, Sociedad Anónima Unipersonal""."
2001-06-06,135,1,BOE-A-2001-10674,MINISTERIO DE ECONOMÍA,estatal,Orden,19703,19703,"Orden de 22 de mayo de 2001 por la que se acuerda la emisión, acuñación y puesta en circulación de monedas conmemorativas del centenario de la muerte de Leopoldo Alas ""Clarín""."
2001-06-06,135,1,BOE-A-2001-10675,COMUNIDAD AUTÓNOMA DE ANDALUCÍA,autonómico,Ley,19704,19704,"Ley 1/2001, de 3 de mayo, por la que se modifica la Ley 4/1997, de Prevención y Asistencia en Materia de Drogas."
2001-06-06,135,1,BOE-A-2001-10676,COMUNIDAD AUTÓNOMA DEL PRINCIPADO DE ASTURIAS,autonómico,Ley,19704,19729,"Ley 1/2001, de 6 de marzo, del Patrimonio Cultural."
2001-06-06,135,1,BOE-A-2001-10677,COMUNIDAD AUTÓNOMA DEL PRINCIPADO DE ASTURIAS,autonómico,Ley,19729,19735,"Ley 2/2001, de 27 de marzo, del Consejo Económico y Social."
2001-06-07,136,1,BOE-A-2001-10773,UNIVERSIDADES,estatal,Otras,20006,20006,"Acuerdo de 29 de mayo de 2001, del Consejo de Universidades, por el que se fijan los límites de precios por estudios conducentes a la obtención de títulos universitarios oficiales para el curso 2001-2002."
2001-06-08,137,1,BOE-A-2001-10939,JEFATURA DEL ESTADO,estatal,Otras,20259,20264,"Instrumento de Aceptación de España de las Enmiendas al Convenio Constitutivo de la Organización Internacional de Telecomunicaciones Marítimas por Satélite (INMARSAT) y de la Enmienda al Acuerdo de Explotación de la Organización Internacional de Telecomunicaciones Marítimas por Satélite (INMARSAT) (publicados en los ""Boletines Oficiales del Estado"" de 8 y 9 de agosto de 1979), adoptadas en el XII Período de Sesiones de la Asamblea de INMARSAT, celebrada en Londres el 24 de abril de 1998."
2001-06-08,137,1,BOE-A-2001-10940,JEFATURA DEL ESTADO,estatal,Otras,20264,20268,"Instrumento de Adhesión de España al Acuerdo sobre el salvamento, la devolución de astronautas y la restitución de objetos lanzados al espacio ultraterrestre, hecho en Londres, Moscú y Washington el 22 de abril de 1968."
2001-06-08,137,1,BOE-A-2001-10941,MINISTERIO DE JUSTICIA,estatal,Orden,20268,20271,Orden de 1 de junio de 2001 sobre libros y modelos de los Registros Civiles Informatizados.
2001-06-09,138,1,BOE-A-2001-11049,MINISTERIO DE ASUNTOS EXTERIORES,estatal,Corrección,20402,20402,"Corrección de erratas del Acuerdo entre las autoridades competentes italianas y españolas sobre la definición de los créditos recíprocos preexistentes y fijación de un nuevo procedimiento para la simplificación y aceleración de los reembolsos de los gastos reales y a tanto alzado, hecho en Madrid y Roma el 13 de octubre y 21 de noviembre de 1997."
2001-06-09,138,1,BOE-A-2001-11050,MINISTERIO DE ASUNTOS EXTERIORES,estatal,Corrección,20402,20402,"Corrección de erratas de la Aplicación Provisional del Protocolo entre España y el Banco Interamericano de Desarrollo y del Convenio entre España y el BID para la constitución del Fondo General de Cooperación de España, hechos en Santiago el 18 de marzo de 2001."
2001-06-09,138,1,BOE-A-2001-11051,MINISTERIO DE HACIENDA,estatal,Real Decreto,20402,20405,"Real Decreto 541/2001, de 18 de mayo, por el que se establecen determinadas especialidades para la contratación de servicios de telecomunicación."
2001-06-09,138,1,BOE-A-2001-11052,"MINISTERIO DE AGRICULTURA, PESCA Y ALIMENTACIÓN",estatal,Real Decreto,20405,20418,"Real Decreto 613/2001, de 8 de junio, para la mejora y modernización de las estructuras de producción de las explotaciones agrarias."
2001-06-11,139,1,BOE-A-2001-11137,"MINISTERIO DE AGRICULTURA, PESCA Y ALIMENTACIÓN",estatal,Orden,20488,20489,Orden de 8 de junio de 2001 por la que se establecen medidas específicas de prevención en relación con la fiebre catarral ovina o lengua azul.
2001-06-12,140,1,BOE-A-2001-11162,JEFATURA DEL ESTADO,estatal,Otras,20547,20553,"Instrumento de Ratificación del Convenio Internacional para la represión de los atentados terroristas cometidos con bombas, hecho en Nueva York el 15 de diciembre de 1997."
2001-06-12,140,1,BOE-A-2001-11163,"MINISTERIO DE EDUCACIÓN, CULTURA Y DEPORTE",estatal,Resolución,20553,20554,"Resolución de 4 de junio de 2001, de la Dirección General de Universidades, por la que se establecen normas para el cálculo de la nota media en el expediente académico de los alumnos que acceden a enseñanzas universitarias conducentes a la obtención de títulos oficiales desde la Formación Profesional."
2001-06-12,140,1,BOE-A-2001-11164,MINISTERIO DE ECONOMÍA,estatal,Resolución,20554,20639,"Resolución de 30 de mayo de 2001, de la Dirección General de Comercio e Inversiones, por la que se aprueban los modelos impresos de declaración de inversiones exteriores cuando el obligado a declarar es el inversor o la empresa con participación extranjera."
2001-06-12,140,1,BOE-A-2001-11165,TRIBUNAL SUPREMO,estatal,Resolución judicial,20640,20640,"Sentencia de 25 de noviembre de 2000, de la Sala Tercera del Tribunal Supremo, por la que se fija doctrina legal, en relación con la cuota fija de la tasa fiscal que grava los juegos de suerte, envite o azar correspondientes a las máquinas tipo B o recreativas con premio."
2001-06-12,140,1,BOE-A-2001-11166,TRIBUNAL SUPREMO,estatal,Resolución judicial,20640,20640,"Sentencia de 22 de marzo de 2001, de la Sala Tercera del Tribunal Supremo, por la que se anula el apartado 2 del artículo 75 del Reglamento del Impuesto sobre la Renta de las Personas Físicas, aprobado por Real Decreto 214/1999, de 5 de febrero."
2001-06-13,141,1,BOE-A-2001-11263,JEFATURA DEL ESTADO,estatal,Otras,20818,20818,"Instrumento De Ratificación del Convenio entre el Reino de España y la Federación de Rusia relativo al traslado de personas condenadas para el cumplimiento de penas privativas de libertad, hecho en Moscú el 16 de enero de 1998, cuya aplicación provisional fue publicada en el ""Boletín Oficial del Estado"" número 45, de fecha 21 de febrero de 1998."
2001-06-13,141,1,BOE-A-2001-11264,MINISTERIO DE ASUNTOS EXTERIORES,estatal,Tratado o acuerdo internacional,20818,20819,"Convenio entre el Reino de España y el Gobierno de Australia de trabajo remunerado para familiares dependientes del personal diplomático, consular, administrativo y técnico de Misiones Diplomáticas y Oficinas Consulares, hecho en Madrid el 6 de marzo de 2000."
2001-06-13,141,1,BOE-A-2001-11265,MINISTERIO DE ASUNTOS EXTERIORES,estatal,Tratado o acuerdo internacional,20819,20820,"Canje de Notas por el que se modifica el artículo 16 del Convenio de Cooperación Cultural entre España y el Ecuador de 14 de julio de 1975, hecho ""ad referendum"" en Quito el 30 de marzo y 19 de mayo de 1998."
2001-06-13,141,1,BOE-A-2001-11266,MINISTERIO DE HACIENDA,estatal,Orden,20820,20828,"Orden de 1 de junio de 2001 por la que se dictan normas para la Administración Local sobre la apertura de la contabilidad el 1 de enero de 2002 en la unidad de cuenta euro y se modifican las Órdenes de 17 julio de 1990, por las que se aprueban la Instrucción de Contabilidad para la Administración Local y la Instrucción de Contabilidad del Tratamiento Especial Simplificado para Entidades Locales de Ámbito Territorial con Población Inferior a 5.000 Habitantes."
2001-06-13,141,1,BOE-A-2001-11267,MINISTERIO DE ECONOMÍA,estatal,Resolución,20829,20877,"Resolución de 31 de mayo de 2001, de la Dirección General de Comercio e Inversiones, por la que se dictan instrucciones para la presentación por los intermediarios financieros de las declaraciones de inversiones extranjeras en valores negociables cotizados en mercados españoles y de inversiones españolas en valores negociables cotizados en mercados extranjeros."
2001-06-13,141,1,BOE-A-2001-11268,COMUNIDAD AUTÓNOMA DE LAS ILLES BALEARS,autonómico,Ley,20878,20878,"Ley 9/2001, de 16 de mayo, de cesión gratuita al Ayuntamiento de Palma de la titularidad de tres solares situados en el término municipal de Palma."
2001-06-14,142,1,BOE-A-2001-11343,MINISTERIO DE ASUNTOS EXTERIORES,estatal,Tratado o acuerdo internacional,20962,20965,"Tratado General de Amistad y Cooperación entre el Reino de España y la República de Filipinas, hecho en Manila el 30 de junio de 2000."
2001-06-14,142,1,BOE-A-2001-11344,"MINISTERIO DE EDUCACIÓN, CULTURA Y DEPORTE",estatal,Real Decreto,20965,21078,"Real Decreto 557/2001, de 25 de mayo, por el que se homologan diversos títulos de la Universidad ""Cardenal Herrera-CEU"", con sede en Valencia."
2001-06-14,142,1,BOE-A-2001-11345,MINISTERIO DE TRABAJO Y ASUNTOS SOCIALES,estatal,Corrección,21079,21079,Corrección de erratas de la Orden de 17 de mayo de 2001 por la que se dictan normas para la elaboración de los anteproyectos de Presupuestos de la Seguridad Social para el ejercicio 2002.
2001-06-14,142,1,BOE-A-2001-11346,MINISTERIO DE TRABAJO Y ASUNTOS SOCIALES,estatal,Resolución,21079,21155,"Resolución de 17 de mayo de 2001, de la Dirección General de la Tesorería General de la Seguridad Social, sobre modelos de documentos de cotización vigentes para la liquidación e ingreso de cuotas de la Seguridad Social."
2001-06-14,142,1,BOE-A-2001-11347,"MINISTERIO DE AGRICULTURA, PESCA Y ALIMENTACIÓN",estatal,Real Decreto,21156,21182,"Real Decreto 558/2001, de 25 de mayo, por el que se regula el reconocimiento oficial de las organizaciones o asociaciones de criadores de perros de raza pura."
2001-06-15,143,1,BOE-A-2001-11449,TRIBUNAL CONSTITUCIONAL,estatal,Resolución judicial,21282,21282,"Conflicto positivo de competencia número 2621-2001, promovido por el Consejo de Gobierno de la Junta de Extremadura, en relación con el Real Decreto 3483/2000, de 29 de diciembre, por el que se modifica el Real Decreto 324/2000, de 3 de marzo, por el que se establecen las normas básicas de ordenación de las explotaciones porcinas."
2001-06-15,143,1,BOE-A-2001-11450,TRIBUNAL CONSTITUCIONAL,estatal,Resolución judicial,21282,21282,"Conflicto positivo de competencia número 2.679/2001, promovido por el Gobierno de Aragón, en relación con determinados preceptos del Real Decreto 3483/2000, de 29 de diciembre."
2001-06-15,143,1,BOE-A-2001-11451,TRIBUNAL CONSTITUCIONAL,estatal,Resolución judicial,21282,21282,Cuestión de inconstitucionalidad número 1.236/2001.
2001-06-15,143,1,BOE-A-2001-11452,TRIBUNAL CONSTITUCIONAL,estatal,Resolución judicial,21282,21282,Cuestión de inconstitucionalidad número 2.885/2001.
2001-06-15,143,1,BOE-A-2001-11453,TRIBUNAL CONSTITUCIONAL,estatal,Resolución judicial,21282,21282,"Recurso de inconstitucionalidad número 2.636/2001, promovido por el Presidente del Gobierno contra el artículo único de la Ley de la Comunidad Autónoma de Aragón 1/2001, de 8 de febrero, de modificación de la Ley 11/1992, de 24 de diciembre."
2001-06-15,143,1,BOE-A-2001-11454,MINISTERIO DE FOMENTO,estatal,Orden,21283,21284,Orden de 1 de junio de 2001 por la que se determinan las normas de funcionamiento de la Comisión de Estudio y Análisis de Notificaciones de Incidentes de Tránsito Aéreo.
2001-06-15,143,1,BOE-A-2001-11455,MINISTERIO DE MEDIO AMBIENTE,estatal,Real Decreto,21284,21285,"Real Decreto 581/2001, de 1 de junio, por el que en determinadas zonas húmedas se prohíbe la tenencia y el uso de municiones que contengan plomo para el ejercicio de la caza y el tiro deportivo."
2001-06-16,144,1,BOE-A-2001-11529,MINISTERIO DE HACIENDA,estatal,Orden,21427,21427,"Orden de 5 de junio de 2001 por la que se aclara la inclusión del Impuesto sobre Construcciones, Instalaciones y Obras en la letra B) del apartado 1 del artículo IV del Acuerdo entre el Estado Español y la Santa Sede sobre Asuntos Económicos, de 3 de enero de 1979."
2001-06-16,144,1,BOE-A-2001-11530,MINISTERIO DE LA PRESIDENCIA,estatal,Orden,21427,21428,Orden de 12 de junio de 2001 por la que se modifica la denominación de la Demarcación de Carreteras del Estado en Valencia.
2001-06-16,144,1,BOE-A-2001-11531,MINISTERIO DE ECONOMÍA,estatal,Resolución,21428,21428,"Resolución de 13 de junio de 2001, del Comisionado para el Mercado de Tabacos, por la que se publican los precios de venta al público de determinadas labores de tabaco en expendedurías de tabaco y timbre del área del monopolio."
2001-06-16,144,1,BOE-A-2001-11532,MINISTERIO DE CIENCIA Y TECNOLOGÍA,estatal,Real Decreto,21429,21429,"Real Decreto 560/2001, de 25 de mayo, por el que se modifica el Real Decreto 574/1997, de 18 de abril, por el que se aprueba la composición y funcionamiento del Comité de Coordinación Funcional de Organismos Autónomos de Investigación y Experimentación."
2001-06-18,145,1,BOE-A-2001-11640,MINISTERIO DE ECONOMÍA,estatal,Resolución,21543,21543,"Resolución de 11 de junio de 2001, de la Dirección General de Política Energética y Minas, por la que se hacen públicos los nuevos precios máximos de venta, antes de impuestos, de los gases licuados del petróleo."
2001-06-19,146,1,BOE-A-2001-11653,MINISTERIO DE ASUNTOS EXTERIORES,estatal,Orden,21578,21578,Orden de 8 de junio de 2001 por la que se crea una Oficina Consular Honoraria en Durham (Carolina del Norte).
2001-06-19,146,1,BOE-A-2001-11654,MINISTERIO DE ASUNTOS EXTERIORES,estatal,Corrección,21578,21578,"Corrección de erratas del Acuerdo Administrativo para la Aplicación del Convenio de Seguridad Social entre el Reino de España y la República Oriental del Uruguay, hecho en Madrid el 24 de julio de 2000."
2001-06-19,146,1,BOE-A-2001-11655,MINISTERIO DE ASUNTOS EXTERIORES,estatal,Corrección,21578,21578,"Corrección de erratas del Acuerdo entre el Reino de España y la República Italiana Relativo a la Readmisión de Personas en Situación Irregular, hecho en Roma el 4 de noviembre de 1999."
2001-06-19,146,1,BOE-A-2001-11656,MINISTERIO DE HACIENDA,estatal,Orden,21578,21587,Orden de 14 de junio de 2001 por la que se reducen para el período impositivo 2000 los índices de rendimiento neto aplicables en el régimen de estimación objetiva del Impuesto sobre la Renta de las Personas Físicas por las actividades agrícolas y ganaderas afectadas por diversas circunstancias excepcionales.
2001-06-19,146,1,BOE-A-2001-11657,"MINISTERIO DE AGRICULTURA, PESCA Y ALIMENTACIÓN",estatal,Orden,21588,21588,Orden de 15 de junio de 2001 por la que se establecen medidas de control en relación con la aparición de la peste porcina clásica en España.
2001-06-19,146,1,BOE-A-2001-11658,MINISTERIO DE MEDIO AMBIENTE,estatal,Orden,21588,21589,"Orden de 12 junio de 2001 por la que se establecen las condiciones para la no aplicación a los envases de vidrio de los niveles de concentración de metales pesados establecidos en el artículo 13 de la Ley 11/1997, de 24 de abril, de Envases y Residuos de Envases."
2001-06-19,146,1,BOE-A-2001-11659,MINISTERIO DE CIENCIA Y TECNOLOGÍA,estatal,Orden,21589,21591,Orden de 6 de junio de 2001 por la que se determinan las condiciones técnicas que deben cumplir las láminas de material plástico destinadas a ser adheridas a los vidrios de las ventanas laterales traseras y a los de la luneta trasera de los vehículos de motor en servicio.
2001-06-20,147,1,BOE-A-2001-11813,COMUNIDAD AUTÓNOMA DE ANDALUCÍA,autonómico,Ley,21842,21843,"Ley 3/2001, de 22 de mayo, de modificación de la Ley 9/1983, de 1 de diciembre, del Defensor del Pueblo Andaluz."
2001-06-20,147,1,BOE-A-2001-11814,COMUNIDAD AUTÓNOMA DE LA RIOJA,autonómico,Ley,21843,21853,"Ley 2/2001, de 31 de mayo, de Turismo de La Rioja."
2001-06-20,147,1,BOE-A-2001-11815,COMUNIDAD AUTÓNOMA DE LA RIOJA,autonómico,Ley,21853,21857,"Ley 3/2001, de 31 de mayo, del Consejo Consultivo de La Rioja."
2001-06-20,147,1,BOE-A-2001-11816,COMUNIDAD AUTÓNOMA VALENCIANA,autonómico,Ley,21857,21861,"Ley 2/2001, de 11 de mayo, de creación y gestión de áreas metropolitanas en la Comunidad Valenciana."
2001-06-20,147,1,BOE-A-2001-11817,COMUNIDAD AUTÓNOMA VALENCIANA,autonómico,Ley,21861,21863,"Ley 3/2001, de 28 de mayo, de crédito extraordinario en el presupuesto vigente para la cobertura de la subvención pública de gastos electorales a la que se refieren los artículos 41 y siguientes de la Ley 1/1987, de 31 de marzo, Electoral Valenciana."
2001-06-21,148,1,BOE-A-2001-11881,MINISTERIO DE LA PRESIDENCIA,estatal,Real Decreto,21970,21977,"Real Decreto 614/2001, de 8 de junio, sobre disposiciones mínimas para la protección de la salud y seguridad de los trabajadores frente al riesgo eléctrico."
2001-06-21,148,1,BOE-A-2001-11882,COMUNIDAD AUTÓNOMA DE ARAGÓN,autonómico,Ley,21978,21997,"Ley 6/2001, de 25 de mayo, de Ordenación y Participación en la Gestión del Agua en Aragón."
2001-06-21,148,1,BOE-A-2001-11883,COMUNIDAD AUTÓNOMA DE ARAGÓN,autonómico,Ley,21997,22002,"Ley 7/2001, de 31 de mayo, de creación de la entidad pública Aragonesa de Servicios Telemáticos."
2001-06-21,148,1,BOE-A-2001-11884,COMUNIDAD AUTÓNOMA DE ARAGÓN,autonómico,Ley,22003,22030,"Ley 8/2001, de 31 de mayo, de Adaptación de Procedimientos a la Regulación del Silencio Administrativo y los Plazos de Resolución y Notificación."
2001-06-21,148,1,BOE-A-2001-11885,COMUNIDAD AUTÓNOMA DE CASTILLA-LA MANCHA,autonómico,Ley,22031,22032,"Ley 1/2001, de 5 de abril, por la que se crea y regula el Consejo de Formación Profesional de Castilla-La Mancha."
2001-06-21,148,1,BOE-A-2001-11886,COMUNIDAD AUTÓNOMA DE CASTILLA-LA MANCHA,autonómico,Ley,22033,22033,"Ley 2/2001, de 5 de abril, de crédito extraordinario por importe de 3.606.000 euros (599.987.916 pesetas) para atender los gastos necesarios del Plan coordinado de lucha contra la Encefalopatía Espongiforme Bovina."
2001-06-21,148,1,BOE-A-2001-11887,COMUNIDAD AUTÓNOMA DE CASTILLA-LA MANCHA,autonómico,Ley,22033,22034,"Ley 3/2001, de 26 de abril, de Creación del Colegio Profesional de Fisioterapeutas de Castilla-La Mancha."
2001-06-21,148,1,BOE-A-2001-11888,COMUNIDAD AUTÓNOMA DE CASTILLA-LA MANCHA,autonómico,Ley,22035,22038,"Ley 4/2001, de 10 de mayo, de Parques Arqueológicos de Castilla-La Mancha."
2001-06-21,148,1,BOE-A-2001-11889,COMUNIDAD AUTÓNOMA DE CASTILLA-LA MANCHA,autonómico,Ley,22038,22041,"Ley 5/2001, de 17 de mayo, de Prevención de Malos Tratos y de Protección a las Mujeres Maltratadas."
2001-06-21,148,1,BOE-A-2001-11890,COMUNIDAD AUTÓNOMA DE CASTILLA-LA MANCHA,autonómico,Ley,22041,22041,"Ley 6/2001, de 24 de mayo, de modificación de la Ley 3/2000, de 26 de mayo, de Creación del Ente Público de Radio-Televisión de Castilla-La Mancha."
2001-06-22,149,1,BOE-A-2001-11956,MINISTERIO DE ASUNTOS EXTERIORES,estatal,Resolución,22199,22238,"Resolución de 11 de junio de 2001, de la Secretaría General Técnica, sobre aplicación del artículo 32 del Decreto 801/1972, relativo a la ordenación de la actividad de la Administración del Estado en materia de Tratados internacionales."
2001-06-22,149,1,BOE-A-2001-11957,MINISTERIO DE HACIENDA,estatal,Real Decreto,22238,22240,"Real Decreto 578/2001, de 1 de junio, por el que se regulan los principios generales del sistema de información contable de la Administración General del Estado."
2001-06-22,149,1,BOE-A-2001-11958,MINISTERIO DE FOMENTO,estatal,Orden,22240,22266,Orden de 17 de mayo de 2001 por la que se regula la composición y funciones de la Comisión Permanente de Investigación de Siniestros Marítimos.
2001-06-22,149,1,BOE-A-2001-11959,"MINISTERIO DE EDUCACIÓN, CULTURA Y DEPORTE",estatal,Resolución,22266,22271,"Resolución de 24 de mayo de 2001, del Consejo Superior de Deportes, por la que se aprueba la lista de sustancias y grupos farmacológicos prohibidos y de métodos no reglamentarios de dopaje en el deporte."
2001-06-22,149,1,BOE-A-2001-11960,MINISTERIO DE LA PRESIDENCIA,estatal,Corrección,22272,22272,"Corrección de erratas del texto del Real Decreto 374/2001, de 6 de abril, sobre la protección de la salud y seguridad de los trabajadores contra los riesgos relacionados con los agentes químicos durante el trabajo."
2001-06-22,149,1,BOE-A-2001-11961,MINISTERIO DE SANIDAD Y CONSUMO,estatal,Orden,22272,22272,Orden de 11 de junio de 2001 por la que se modifica la de 15 de diciembre de 2000 por la que se fijan condiciones de identificación de los alimentos destinados a usos médicos especiales susceptibles de financiación por el Sistema Nacional de Salud.
2001-06-22,149,1,BOE-A-2001-11962,COMUNIDAD AUTÓNOMA DE CATALUÑA,autonómico,Ley,22272,22278,"Ley 6/2001, de 31 de mayo, de Ordenación Ambiental del Alumbrado para la Protección del Medio Nocturno."
2001-06-22,149,1,BOE-A-2001-11963,COMUNIDAD AUTÓNOMA DE CATALUÑA,autonómico,Ley,22278,22280,"Ley 7/2001, de 31 de mayo, de Creación de la Agencia de Gestión de Ayudas Universitarias y de Investigación."
2001-06-22,149,1,BOE-A-2001-11964,COMUNIDAD AUTÓNOMA DE MADRID,autonómico,Ley,22281,22288,"Ley 1/2001, de 29 de marzo, por la que se establece la duración máxima y el régimen de silencio administrativo de determinados procedimientos."
2001-06-22,149,1,BOE-A-2001-11965,COMUNIDAD AUTÓNOMA DE MADRID,autonómico,Ley,22288,22295,"Ley 2/2001, de 18 de abril, de Contenidos Audiovisuales y Servicios Adicionales."
2001-06-23,150,1,BOE-A-2001-12067,JEFATURA DEL ESTADO,estatal,Real Decreto-ley,22409,22410,"Real Decreto-ley 11/2001, de 22 de junio, por el que se modifica el artículo 29 de la Ley 25/1988, de 29 de julio, de Carreteras, y se establecen normas presupuestarias para atender los gastos derivados de actuaciones del Ministerio de Fomento en carreteras estatales."
2001-06-23,150,1,BOE-A-2001-12068,JEFATURA DEL ESTADO,estatal,Otras,22410,22418,"Instrumento de Ratificación del Acuerdo sobre la Conservación de los Cetáceos del Mar Negro, el Mar Mediterráneo y la Zona Atlántica Contigua, hecho en Mónaco el 24 de noviembre de 1996."
2001-06-23,150,1,BOE-A-2001-12069,TRIBUNAL CONSTITUCIONAL,estatal,Resolución judicial,22418,22418,Cuestión de inconstitucionalidad número 5.823/2000.
2001-06-23,150,1,BOE-A-2001-12070,MINISTERIO DE ASUNTOS EXTERIORES,estatal,Otras,22418,22419,"Protocolos de 1992, que enmiendan el Convenio Internacional sobre responsabilidad civil nacida de daños debidos a contaminación por hidrocarburos, 1969, y el Convenio internacional sobre la constitución de un Fondo Internacional de indemnización de daños debidos a contaminación por hidrocarburos, 1971 (publicados en el ""Boletín Oficial del Estado"" número 225, de 20 de septiembre de 1995, y número 244, de 11 de octubre de 1997, respectivamente). Declaración efectuada el día 27 de septiembre de 2000 por España, Francia e Italia, hecha de conformidad con lo previsto en el artículo 3.a).ii) del Protocolo de 1992, que enmienda el Convenio internacional sobre responsabilidad civil, nacida de daños debidos a contaminación por hidrocarburos, 1969, y en el artículo 4.a).ii) del Protocolo de 1992, que enmienda el Convenio internacional sobre la constitución de un Fondo Internacional de indemnización de daños debidos a contaminación por hidrocarburos, 1971."
2001-06-23,150,1,BOE-A-2001-12071,MINISTERIO DE HACIENDA,estatal,Real Decreto,22419,22423,"Real Decreto 659/2001, de 22 de junio, por el que se desarrolla la disposición adicional novena de la Ley 55/1999, de 29 de diciembre, de Medidas fiscales, administrativas y del orden social, sobre beneficios fiscales aplicables a ""Salamanca Capital Europea de la Cultura 2002""."
2001-06-23,150,1,BOE-A-2001-12072,MINISTERIO DE LA PRESIDENCIA,estatal,Real Decreto,22424,22430,"Real Decreto 662/2001, de 22 de junio, por el que se aprueba el Reglamento de Retribuciones del Personal de las Fuerzas Armadas."
2001-06-23,150,1,BOE-A-2001-12073,MINISTERIO DE CIENCIA Y TECNOLOGÍA,estatal,Real Decreto,22431,22431,"Real Decreto 667/2001, de 22 de junio, por el que se modifica el Plan Nacional de Numeración de los Servicios de Telecomunicaciones, a los efectos de unificar distritos en las islas de La Palma y Fuerteventura."
2001-06-25,151,1,BOE-A-2001-12222,MINISTERIO DE JUSTICIA,estatal,Resolución,22560,22560,"Resolución de 22 de junio de 2001, de la Subsecretaría, por la que se dispone la publicación del Acuerdo de Consejo de Ministros por el que se concreta el plazo para la implantación de medidas de seguridad de nivel alto en determinados sistemas de información."
2001-06-25,151,1,BOE-A-2001-12223,MINISTERIO DE ADMINISTRACIONES PÚBLICAS,estatal,Real Decreto,22560,22562,"Real Decreto 615/2001, de 8 de junio, sobre ampliación de los medios adscritos a los servicios de la Administración del Estado traspasados a la Generalidad de Cataluña por el Real Decreto 2809/1980, de 3 de octubre, en materia de enseñanza (profesorado de religión)."
2001-06-25,151,1,BOE-A-2001-12224,MINISTERIO DE ADMINISTRACIONES PÚBLICAS,estatal,Real Decreto,22562,22564,"Real Decreto 616/2001, de 8 de junio, sobre ampliación de medios traspasados a la Generalidad de Cataluña por el Real Decreto 1010/1981, de 27 de febrero, en materia de cultura (fondos cinematográficos)."
2001-06-25,151,1,BOE-A-2001-12225,MINISTERIO DE ADMINISTRACIONES PÚBLICAS,estatal,Real Decreto,22564,22565,"Real Decreto 617/2001, de 8 de junio, sobre ampliación de medios adscritos a los servicios traspasados por la Administración del Estado a la Generalidad de Cataluña en materia de cultura por el Real Decreto 896/1995, de 2 de junio."
2001-06-26,152,1,BOE-A-2001-12258,"MINISTERIO DE EDUCACIÓN, CULTURA Y DEPORTE",estatal,Orden,22590,22590,Orden de 13 de junio de 2001 por la que se determina la composición de la Junta Superior de Museos.
2001-06-26,152,1,BOE-A-2001-12259,MINISTERIO DE TRABAJO Y ASUNTOS SOCIALES,estatal,Orden,22590,22592,"Orden de 12 de junio de 2001 sobre creación, composición y funciones de la Comisión Estatal de Coordinación y Seguimiento de la Valoración del Grado de Minusvalía."
2001-06-26,152,1,BOE-A-2001-12260,MINISTERIO DE LA PRESIDENCIA,estatal,Corrección,22592,22593,"Corrección de erratas del Real Decreto 662/2001, de 22 de junio, por el que se aprueba el Reglamento de Retribuciones del Personal de las Fuerzas Armadas."
2001-06-26,152,1,BOE-A-2001-12261,MINISTERIO DE SANIDAD Y CONSUMO,estatal,Orden,22594,22640,"Orden de 11 de junio de 2001 por la que se modifica el anexo del Real Decreto 1917/1997, de 19 de diciembre, por el que se establecen las normas de identidad y pureza de los aditivos alimentarios distintos de colorantes y edulcorantes utilizados en los productos alimenticios."
2001-06-26,152,1,BOE-A-2001-12262,MINISTERIO DE CIENCIA Y TECNOLOGÍA,estatal,Resolución,22641,22641,"Resolución de 19 de junio de 2001, de la Secretaría de Estado de Política Científica y Tecnológica, dando publicidad al Acuerdo del Consejo de Ministros de 9 de febrero de 2001, por el cual se determina la composición de la Comisión Permanente de la Comisión Interministerial de Ciencia y Tecnología (CICYT)."
2001-06-26,152,1,BOE-A-2001-12263,COMUNIDAD AUTÓNOMA DE ANDALUCÍA,autonómico,Ley,22641,22642,"Ley 4/2001, de 24 de mayo, por la que se modifica la Ley 1/1988, de 17 de marzo, de la Cámara de Cuentas de Andalucía."
2001-06-26,152,1,BOE-A-2001-12264,COMUNIDAD AUTÓNOMA DEL PRINCIPADO DE ASTURIAS,autonómico,Ley,22642,22653,"Ley 3/2001, de 4 de mayo, de Juego y Apuestas."
2001-06-26,152,1,BOE-A-2001-12265,COMUNIDAD AUTÓNOMA DE EXTREMADURA,autonómico,Ley,22653,22667,"Ley 3/2001, de 26 de abril, de la Calidad, Promoción y Acceso a la Vivienda de Extremadura."
2001-06-26,152,1,BOE-A-2001-12266,COMUNIDAD AUTÓNOMA DE EXTREMADURA,autonómico,Ley,22667,22672,"Ley 4/2001, de 26 de abril, de Actividades Feriales, de la Comunidad Autónoma de Extremadura."
2001-06-27,153,1,BOE-A-2001-12327,CORTES GENERALES,estatal,Resolución,22942,22942,"Resolución de 21 de junio de 2001, del Congreso de los Diputados, por la que se ordena la publicación del Acuerdo de convalidación del Real Decreto-ley 10/2001, de 1 de junio, de adopción de medidas de carácter urgente para paliar los efectos producidos por las lluvias persistentes en determinados cultivos en la Comunidad Autónoma de Andalucía."
2001-06-27,153,1,BOE-A-2001-12328,MINISTERIO DE ASUNTOS EXTERIORES,estatal,Tratado o acuerdo internacional,22942,22945,"Acuerdo entre el Gobierno del Reino de España y el Gobierno de la Federación de Rusia sobre cooperación en el ámbito de la prevención de catástrofes y asistencia mutua en la mitigación de sus consecuencias, hecho ""ad referendum"" en Madrid el 14 de junio de 2000."
2001-06-27,153,1,BOE-A-2001-12329,MINISTERIO DE ASUNTOS EXTERIORES,estatal,Tratado o acuerdo internacional,22945,22945,"Entrada en vigor del Convenio de responsabilidades que han de asumir el Reino de España y la Organización de las Naciones Unidas para la Agricultura y la Alimentación con respecto a la 24.a reunión de la Comisión General de Pesca del Mediterráneo (Alicante, 12 al 16 de julio de 1999), y primera reunión extraordinaria (Alicante, 7 al 9 de julio de 1999), hecho en Roma el 2 de julio de 1999, cuya aplicación provisional fue publicada en el ""Boletín Oficial del Estado"" número 172, de fecha 20 de julio de 1999."
2001-06-27,153,1,BOE-A-2001-12330,MINISTERIO DE ASUNTOS EXTERIORES,estatal,Tratado o acuerdo internacional,22945,22945,"Entrada en vigor del Acuerdo entre el Gobierno del Reino de España y el Gobierno de la Repúblic Moldova sobre transporte internacional por carretera, hecho en Varsovia el 20 de mayo de 1999, cuya aplicación provisional fue publicada en el ""Boletín Oficial del Estado"" número 151, de fecha 25 de junio de 1999."
2001-06-27,153,1,BOE-A-2001-12331,MINISTERIO DE ASUNTOS EXTERIORES,estatal,Tratado o acuerdo internacional,22945,22945,"Entrada en vigor del Convenio entre el Gobierno del Reino de España y el Gobierno de la República de Bulgaria para la cooperación en la lucha contra la delincuencia, hecho ""ad referendum"" en Sofía el 21 de julio de 1998, cuya aplicación provisional fue publicada en el ""Boletín Oficial del Estado"" número 65, de fecha 17 de marzo de 1999."
2001-06-28,154,1,BOE-A-2001-12411,"MINISTERIO DE AGRICULTURA, PESCA Y ALIMENTACIÓN",estatal,Orden,23048,23048,"Orden de 27 de junio de 2001 por la que se modifica la Orden de 15 de mayo de 2001, por la que se establecen determinadas restricciones al movimiento de animales de especies sensibles a la fiebre aftosa, en relación con su aplicación a determinadas regiones de la Unión Europea."
2001-06-28,154,1,BOE-A-2001-12412,MINISTERIO DE SANIDAD Y CONSUMO,estatal,Resolución,23048,23051,"Resolución de 13 de junio de 2001, de la Dirección General del Instituto Nacional de la Salud, sobre revisión de precios a aplicar por los centros sanitarios a las asistencias prestadas, en los supuestos cuyo importe ha de reclamarse a los terceros obligados al pago o a los usuarios sin derecho a la asistencia sanitaria de la Seguridad Social."
2001-06-29,155,1,BOE-A-2001-12535,JEFATURA DEL ESTADO,estatal,Ley Orgánica,23174,23176,"Ley Orgánica 2/2001, de 28 de junio, sobre composición del Consejo General del Poder Judicial, por la que se modifica la Ley Orgánica 6/1985, de 1 de julio, del Poder Judicial."
2001-06-29,155,1,BOE-A-2001-12536,JEFATURA DEL ESTADO,estatal,Corrección,23176,23176,"Corrección de errores de la Ley 14/2000, de 29 de diciembre, de Medidas Fiscales, Administrativas y del Orden Social."
2001-06-29,155,1,BOE-A-2001-12537,CORTES GENERALES,estatal,Otras,23176,23176,Reforma del Reglamento del Senado por la que se modifica el artículo 184.
2001-06-29,155,1,BOE-A-2001-12538,"MINISTERIO DE AGRICULTURA, PESCA Y ALIMENTACIÓN",estatal,Orden,23176,23178,Orden de 13 de junio de 2001 por la que se dictan normas para el proceso de verificación y constitución del Sistema de Información Geográfica (SIG) Oleícola.
2001-06-29,155,1,BOE-A-2001-12539,"MINISTERIO DE AGRICULTURA, PESCA Y ALIMENTACIÓN",estatal,Orden,23178,23180,"Orden de 21 de junio de 2001 por la que se modifican algunos anexos del Real Decreto 2071/1993, de 26 de noviembre, relativo a las medidas de protección contra la introducción y difusión en el territorio nacional y de la Comunidad Económica Europea de organismos nocivos para los vegetales o productos vegetales, así como para la exportación y tránsito hacia países terceros."
2001-06-29,155,1,BOE-A-2001-12540,MINISTERIO DE ECONOMÍA,estatal,Resolución,23180,23181,"Resolución de 27 de junio de 2001, de la Dirección General de Política Energética y Minas, por la que se hacen públicos los nuevos precios máximos de venta de gas natural para usos industriales."
2001-06-30,156,1,BOE-A-2001-12617,JEFATURA DEL ESTADO,estatal,Real Decreto-ley,23343,23344,"Real Decreto-ley 12/2001, de 29 de junio, por el que se aprueban medidas fiscales urgentes en materia de retenciones e ingresos a cuenta del Impuesto sobre la Renta de las Personas Físicas y del Impuesto sobre Sociedades."
2001-06-30,156,1,BOE-A-2001-12618,PRESIDENCIA DEL GOBIERNO,estatal,Real Decreto,23344,23344,"Real Decreto 741/2001, de 29 de junio, por el que se otorga rango de Secretario de Estado al Director del Centro Superior de Información de la Defensa."
2001-06-30,156,1,BOE-A-2001-12619,CORTES GENERALES,estatal,Resolución,23344,23344,"Resolución de 28 de junio de 2001, del Congreso de los Diputados, por la que se ordena la publicación del Acuerdo de convalidación del Real Decreto-ley 11/2001, de 22 de junio, por el que se modifica el artículo 29 de la Ley 25/1988, de 29 de julio, de carreteras y se establecen normas presupuestarias para atender los gastos derivados de actuaciones del Ministerio de Fomento en carreteras estatales."
2001-06-30,156,1,BOE-A-2001-12620,CORTES GENERALES,estatal,Otras,23344,23345,Reforma del Reglamento del Congreso de los Diputados por la que se modifica el artículo 205.
2001-06-30,156,1,BOE-A-2001-12621,CONSEJO GENERAL DEL PODER JUDICIAL,estatal,Resolución judicial,23345,23345,"Instrucción de 29 de junio de 2001, del Presidente del Consejo General del Poder Judicial, por la que se determina el número de candidatos a presentar por las Asociaciones Profesionales de Jueces y Magistrados, y se concretan otros aspectos del proceso de formulación de candidaturas a Vocal del Consejo General del Poder Judicial."
2001-06-30,156,1,BOE-A-2001-12622,MINISTERIO DE ASUNTOS EXTERIORES,estatal,Tratado o acuerdo internacional,23346,23347,"Protocolo relativo a una enmienda al Convenio sobre Aviación Civil Internacional, hecho en Montreal el 30 de septiembre de 1977."
2001-06-30,156,1,BOE-A-2001-12623,MINISTERIO DE HACIENDA,estatal,Resolución,23347,23353,"Resolución de 25 de junio de 2001, del Departamento de Aduanas e Impuestos Especiales de la Agencia Estatal de Administración Tributaria, por la que se actualiza el Arancel Integrado de Aplicación (TARIC)."
2001-06-30,156,1,BOE-A-2001-12624,MINISTERIO DE TRABAJO Y ASUNTOS SOCIALES,estatal,Orden,23353,23355,"Orden de 25 de junio de 2001 para la aplicación y desarrollo del Real Decreto 771/1997, de 30 de mayo, por el que se establecen reglas de determinación de los importes de las pagas extraordinarias de las pensiones de la Seguridad Social."
2001-06-30,156,1,BOE-A-2001-12625,"MINISTERIO DE AGRICULTURA, PESCA Y ALIMENTACIÓN",estatal,Orden,23356,23356,"Orden de 27 de junio de 2001 por la que se prorroga la Orden de 22 de febrero de 2001, por la que se determinan, con carácter transitorio, los supuestos excepcionales de inhumación previstos en la disposición final tercera del Real Decreto 3454/2000, de 22 de diciembre, por el que se establece y regula el programa integral coordinado de vigilancia y control de las encefalopatías espongiformes transmisibles de los animales."
2001-06-30,156,1,BOE-A-2001-12626,MINISTERIO DE LA PRESIDENCIA,estatal,Real Decreto,23356,23359,"Real Decreto 746/2001, de 29 de junio, por el que se establecen las condiciones de sanidad animal aplicables a los intercambios intracomunitarios y las importaciones de carnes frescas de aves de corral procedentes de terceros países."
2001-06-30,156,1,BOE-A-2001-12627,MINISTERIO DE LA PRESIDENCIA,estatal,Real Decreto,23359,23371,"Real Decreto 747/2001, de 29 de junio, por el que se establecen las sustancias y productos indeseables en la alimentación animal."
2001-06-30,156,1,BOE-A-2001-12628,MINISTERIO DE SANIDAD Y CONSUMO,estatal,Orden,23372,23372,Orden de 23 de mayo de 2001 por la que regula la Comisión Presupuestaria del Ministerio de Sanidad y Consumo.
2001-06-30,156,1,BOE-A-2001-12629,MINISTERIO DE SANIDAD Y CONSUMO,estatal,Orden,23372,23373,Orden de 29 de junio de 2001 por la que se prohíbe cautelarmente la comercialización de las carnes de toros de lidia procedentes de espectáculos taurinos.
2001-06-30,156,1,BOE-A-2001-12630,MINISTERIO DE ECONOMÍA,estatal,Resolución,23373,23373,"Resolución de 27 de junio de 2001, del Comisionado para el Mercado de Tabacos, por la que se publican los precios de venta al público de determinadas labores de tabaco en expendedurías de tabaco y timbre del área del monopolio."
2001-06-30,156,1,BOE-A-2001-12631,UNIVERSIDADES,estatal,Resolución,23374,23374,"Resolución de 25 de junio de 2001, de la Secretaría General, del Consejo de Universidades, por la que se hacen correcciones al Acuerdo de 29 de mayo de 2001, por el que se fijan los límites de precios por estudios conducentes a la obtención de títulos universitarios oficiales para el curso 2001-2002."
2001-07-02,157,1,BOE-A-2001-12715,MINISTERIO DE LA PRESIDENCIA,estatal,Orden,23424,23425,"Orden de 29 de junio de 2001 por la que se modifica la Orden de 11 de julio de 1997, por la que se reorganizan los Servicios Centrales de la Agencia Estatal de Administración Tributaria."
2001-07-02,157,1,BOE-A-2001-12716,COMUNIDAD AUTÓNOMA DE GALICIA,autonómico,Ley,23425,23429,"Ley 4/2001, de 31 de mayo, reguladora de la Mediación Familiar."
2001-07-03,158,1,BOE-A-2001-12766,MINISTERIO DE HACIENDA,estatal,Orden,23530,23531,"Orden de 30 de junio de 2001 por la que se modifica la Orden de 2 de junio de 1994 por la que se desarrolla la estructura de la Agencia Estatal de Administración Tributaria y la Orden de 10 de diciembre de 1998 por la que se desarrollan determinados artículos del Reglamento General de Recaudación, sobre competencias de los órganos de recaudación de la Agencia Estatal de Administración Tributaria."
2001-07-03,158,1,BOE-A-2001-12767,MINISTERIO DE LA PRESIDENCIA,estatal,Real Decreto,23531,23534,"Real Decreto 661/2001, de 22 de junio, por el que se modifican determinados artículos del Real Decreto 706/1997, de 16 de mayo, por el que se desarrolla el régimen de control interno ejercido por la Intervención General de la Seguridad Social."
2001-07-03,158,1,BOE-A-2001-12768,MINISTERIO DE LA PRESIDENCIA,estatal,Real Decreto,23534,23536,"Real Decreto 663/2001, de 22 de junio, por el que se modifica el Reglamento de la Comisión Nacional de Astronomía, aprobado por el Real Decreto 587/1989, de 12 de mayo."
2001-07-03,158,1,BOE-A-2001-12769,MINISTERIO DE LA PRESIDENCIA,estatal,Real Decreto,23536,23537,"Real Decreto 745/2001, de 29 de junio, de adecuación del Real Decreto 991/1998, de 22 de mayo, por el que se crea el Consejo para las Emisiones y Retransmisiones Deportivas, a la nueva estructura ministerial."
2001-07-03,158,1,BOE-A-2001-12770,COMUNIDAD AUTÓNOMA DE GALICIA,autonómico,Ley,23537,23541,"Ley 3/2001, de 28 de mayo, reguladora del consentimiento informado y de la historia clínica de los pacientes."
2001-07-03,158,1,BOE-A-2001-12771,COMUNIDAD AUTÓNOMA DE ANDALUCÍA,autonómico,Ley,23541,23548,"Ley 5/2001, de 4 de junio, por la que se regulan las áreas de transporte de mercancías en la Comunidad Autónoma de Andalucía."
2001-07-04,159,1,BOE-A-2001-12852,JEFATURA DEL ESTADO,estatal,Otras,23715,23723,"Instrumento de Adhesión de España a la Convención sobre las Misiones Especiales y Protocolo Facultativo sobre la solución obligatoria de Controversias, hechos en Nueva York el 8 de diciembre de 1969."
2001-07-04,159,1,BOE-A-2001-12853,MINISTERIO DE ASUNTOS EXTERIORES,estatal,Tratado o acuerdo internacional,23724,23726,"Aplicación Provisional del Acuerdo entre España y Colombia relativo a la regulación y ordenación de los flujos migratorios laborales, hecho en Madrid el 21 de mayo de 2001."
2001-07-04,159,1,BOE-A-2001-12854,MINISTERIO DE HACIENDA,estatal,Resolución,23727,23727,"Resolución de 26 de junio de 2001, de la Dirección General de la Agencia Estatal de Administración Tributaria, por la que se modifica el número 2 del apartado tercero de las de 3 de junio de 1993 y de 15 de diciembre de 1994, relativas a la intervención de entidades colaboradoras en el procedimiento de devolución del Impuesto sobre el Valor Añadido en el régimen de viajeros regulado en el artículo 21, número 2.º de la Ley 37/1992."
2001-07-05,160,1,BOE-A-2001-12950,MINISTERIO DE HACIENDA,estatal,Resolución,24003,24003,"Resolución de 20 de junio de 2001, del Departamento de Recaudación de la Agencia Estatal de Administración Tributaria, por la que se modifica el plazo de ingreso en período voluntario de los recibos del Impuesto sobre Actividades Económicas del ejercicio 2001 relativos a las cuotas nacionales y provinciales, y se establece el lugar de pago de dichas cuotas."
2001-07-05,160,1,BOE-A-2001-12951,"MINISTERIO DE AGRICULTURA, PESCA Y ALIMENTACIÓN",estatal,Orden,24003,24004,"Orden de 25 de junio de 2001 por la que se modifica el catálogo oficial de razas de ganado de España, de conformidad con lo previsto en el Real Decreto 1682/1997, de 7 de noviembre, por el que se actualiza el Catálogo Oficial de Razas de Ganado de España."
2001-07-05,160,1,BOE-A-2001-12952,MINISTERIO DE ADMINISTRACIONES PÚBLICAS,estatal,Real Decreto,24004,24019,"Real Decreto 664/2001, de 22 de junio, sobre traspaso a la Comunidad Autónoma de Extremadura de la gestión realizada por el Instituto Nacional de Empleo en el ámbito del trabajo, el empleo y la formación."
2001-07-05,160,1,BOE-A-2001-12953,MINISTERIO DE ADMINISTRACIONES PÚBLICAS,estatal,Real Decreto,24020,24021,"Real Decreto 665/2001, de 22 de junio, sobre ampliación de los medios de la Seguridad Social traspasados a la Comunidad Autónoma de Extremadura en las materias encomendadas al Instituto de Migraciones y Servicios Sociales (IMSERSO)."
2001-07-05,160,1,BOE-A-2001-12954,MINISTERIO DE ADMINISTRACIONES PÚBLICAS,estatal,Real Decreto,24021,24023,"Real Decreto 666/2001, de 22 de junio, sobre ampliación de medios adscritos a los servicios de la Administración del Estado traspasados a la Comunidad Autónoma de Extremadura por el Real Decreto 3366/1983, de 7 de diciembre, en materia de protección a la mujer."
2001-07-05,160,1,BOE-A-2001-12955,MINISTERIO DE SANIDAD Y CONSUMO,estatal,Orden,24023,24024,Orden de 21 de junio de 2001 por la que se adoptan medidas complementarias de protección frente a las encefalopatías espongiformes transmisibles de los rumiantes.
2001-07-05,160,1,BOE-A-2001-12956,COMUNIDAD AUTÓNOMA DE CANARIAS,autonómico,Ley,24024,24026,"Ley 1/2001, de 21 de mayo, sobre construcción de edificios aptos para la utilización de energía solar."
2001-07-05,160,1,BOE-A-2001-12957,COMUNIDAD AUTÓNOMA DE CANARIAS,autonómico,Ley,24026,24029,"Ley 2/2001, de 12 de junio, de modificación de la Ley 4/1987, de 7 de abril, de los Consejos Escolares."
2001-07-06,161,1,BOE-A-2001-13042,JEFATURA DEL ESTADO,estatal,Ley,24228,24250,"Ley 10/2001, de 5 de julio, del Plan Hidrológico Nacional."
2001-07-06,161,1,BOE-A-2001-13043,JEFATURA DEL ESTADO,estatal,Ley,24250,24255,"Ley 11/2001, de 5 de julio, por la que se crea la Agencia Española de Seguridad Alimentaria."
2001-07-06,161,1,BOE-A-2001-13044,TRIBUNAL CONSTITUCIONAL,estatal,Resolución judicial,24255,24255,"Conflicto positivo de competencia número 2.978/2001, promovido por Consejo de Gobierno de la Junta de Andalucía, en relación con una Resolución de 18 de enero de 2001, de la Presidencia del Organismo Autónomo Parques Nacionales."
2001-07-06,161,1,BOE-A-2001-13045,TRIBUNAL CONSTITUCIONAL,estatal,Resolución judicial,24255,24255,Cuestión de inconstitucionalidad número 1.717/2001.
2001-07-06,161,1,BOE-A-2001-13046,TRIBUNAL CONSTITUCIONAL,estatal,Resolución judicial,24255,24256,Cuestión de inconstitucionalidad número 1.716/2001.
2001-07-06,161,1,BOE-A-2001-13047,TRIBUNAL CONSTITUCIONAL,estatal,Resolución judicial,24256,24256,Cuestión de inconstitucionalidad número 1.885/2001.
2001-07-06,161,1,BOE-A-2001-13048,TRIBUNAL CONSTITUCIONAL,estatal,Resolución judicial,24256,24256,Cuestión de inconstitucionalidad número 1.903/2001.
2001-07-06,161,1,BOE-A-2001-13049,TRIBUNAL CONSTITUCIONAL,estatal,Resolución judicial,24256,24256,Cuestión de inconstitucionalidad número 2.376/2001.
2001-07-06,161,1,BOE-A-2001-13050,TRIBUNAL CONSTITUCIONAL,estatal,Resolución judicial,24256,24256,Cuestión de inconstitucionalidad número 3.005/2001.
2001-07-06,161,1,BOE-A-2001-13051,MINISTERIO DE ASUNTOS EXTERIORES,estatal,Tratado o acuerdo internacional,24256,24258,"Canje de Notas entre el Reino de España y la República de Italia sobre Admisión de Alumnos Españoles del Liceo Español ""Cervantes"" de Roma en Universidades Italianas, hecho en Roma el 26 de julio de 2000 y 23 de mayo de 2001."
2001-07-06,161,1,BOE-A-2001-13052,MINISTERIO DE ASUNTOS EXTERIORES,estatal,Tratado o acuerdo internacional,24258,24258,"Entrada en vigor del Acuerdo entre el Reino de España y la República del Perú sobre supresión recíproca de visados en pasaportes diplomáticos y de servicios o especiales, hecho en Madrid el 8 de noviembre de 2000, cuya aplicación provisional fue publicada en el ""Boletín Oficial del Estado"" número 309, de 26 de diciembre."
2001-07-06,161,1,BOE-A-2001-13053,MINISTERIO DE FOMENTO,estatal,Orden,24258,24261,Orden de 26 junio 2001 por la que se modifica parcialmente el régimen jurídico de las autorizaciones de transporte de mercancías y viajeros por carretera.
2001-07-06,161,1,BOE-A-2001-13054,MINISTERIO DE FOMENTO,estatal,Resolución,24261,24262,"Resolución de 12 de junio de 2001, conjunta de la Subsecretaría de Fomento y la Subsecretaría de Economía, sobre canje de signos de franqueo denominados en pesetas por otros denominados en euros."
2001-07-06,161,1,BOE-A-2001-13055,MINISTERIO DE ECONOMÍA,estatal,Orden,24263,24265,Orden de 29 de junio de 2001 sobre aplicación del gas natural procedente del contrato de Argelia.
2001-07-07,162,1,BOE-A-2001-13169,MINISTERIO DE HACIENDA,estatal,Orden,24717,24763,"Orden de 4 de julio de 2001 por la que se aprueban los modelos 600, 620 y 630, en pesetas y en euros, de declaración-liquidación del Impuesto sobre Transmisiones Patrimoniales y Actos Jurídicos Documentados y se determinan el lugar y plazos de presentación de los mismos."
2001-07-07,162,1,BOE-A-2001-13170,MINISTERIO DE TRABAJO Y ASUNTOS SOCIALES,estatal,Real Decreto,24764,24769,"Real Decreto 781/2001, de 6 de julio, por el que se regula un programa para el año 2001 de renta activa de inserción para trabajadores desempleados de larga duración mayores de cuarenta y cinco años."
2001-07-07,162,1,BOE-A-2001-13171,MINISTERIO DE LA PRESIDENCIA,estatal,Real Decreto,24769,24774,"Real Decreto 782/2001, de 6 de julio, por el que se regula la relación laboral de carácter especial de los penados que realicen actividades laborales en talleres penitenciarios y la protección de Seguridad Social de los sometidos a penas de trabajo en beneficio de la comunidad."
2001-07-07,162,1,BOE-A-2001-13172,MINISTERIO DE ECONOMÍA,estatal,Real Decreto,24775,24776,"Real Decreto 785/2001, de 6 de julio, por el que se adelanta la prohibición de comercialización de las gasolinas con plomo y se establecen las especificaciones de las gasolinas que sustituirán a aquéllas."
2001-07-07,162,1,BOE-A-2001-13173,MINISTERIO DE ECONOMÍA,estatal,Orden,24776,24776,Orden de 6 de julio de 2001 por la que se aprueba y regula la suplencia del Subsecretario de Economía.
2001-07-09,163,1,BOE-A-2001-13235,TRIBUNAL SUPREMO,estatal,Resolución judicial,24848,24848,"Sentencia de 9 de marzo de 2001, de la Sala Tercera del Tribunal Supremo, por la que se anula el artículo 20 del Reglamento del Impuesto sobre Transmisiones Patrimoniales y Actos Jurídicos Documentados, aprobado por Real Decreto 3494/1981, de 29 de diciembre."
2001-07-09,163,1,BOE-A-2001-13236,TRIBUNAL SUPREMO,estatal,Resolución judicial,24848,24849,"Sentencia de 9 de mayo de 2001, de la Sala Tercera del Tribunal Supremo, por la que se anula el último párrafo del ordinal 2.o del apartado B, del artículo 39 del Reglamento de los Impuestos Especiales, aprobado por Real Decreto 2554/1980, de 4 de noviembre."
2001-07-09,163,1,BOE-A-2001-13237,TRIBUNAL SUPREMO,estatal,Resolución judicial,24849,24849,"Sentencia de 12 de junio de 2001, de la Sala Tercera del Tribunal Supremo, por la que se fija doctrina legal en relación con el artículo 11.8 del Real Decreto 598/1985, de 30 de abril, sobre incompatibilidades del personal al servicio de la Administración del Estado, de la Seguridad Social y de los entes, organismos y empresas dependientes."
2001-07-09,163,1,BOE-A-2001-13238,TRIBUNAL SUPREMO,estatal,Resolución judicial,24849,24849,"Sentencia de 12 de junio de 2001, de la Sala Tercera del Tribunal Supremo, por la que se fija doctrina legal en relación con el artículo 10 del Reglamento de la Real y Militar Orden de San Hermenegildo, aprobado por Real Decreto 223/1994, de 14 de febrero."
2001-07-10,164,1,BOE-A-2001-13265,JEFATURA DEL ESTADO,estatal,Ley,24890,24902,"Ley 12/2001, de 9 de julio, de medidas urgentes de reforma del mercado de trabajo para el incremento del empleo y la mejora de su calidad."
2001-07-10,164,1,BOE-A-2001-13266,JEFATURA DEL ESTADO,estatal,Ley,24902,24903,"Ley 13/2001 de 9 de julio, sobre concesión de un crédito extraordinario, por importe de 8.229.849.001 pesetas, para atender el pago de obligaciones derivadas de la compensación a las Universidades públicas por la reducción o exención en los precios públicos por servicios académicos a alumnos de familias numerosas correspondientes a los cursos 1996-1997 y 1997-1998."
2001-07-10,164,1,BOE-A-2001-13267,JEFATURA DEL ESTADO,estatal,Ley,24903,24904,"Ley 14/2001, de 9 de julio, sobre concesión de dos créditos extraordinarios por importe total de 4.246.984.705 pesetas (25.524.892 euros) para el pago de las cantidades derivadas de la sentencia del Tribunal Superior de Justicia de Andalucía, de 28 de diciembre de 1998, a los titulares de varias fincas expropiadas en el Parque Nacional de Doñana."
2001-07-10,164,1,BOE-A-2001-13268,JEFATURA DEL ESTADO,estatal,Ley,24904,24909,"Ley 15/2001 de 9 de julio, de fomento y promoción de la cinematografía y el sector audiovisual."
2001-07-10,164,1,BOE-A-2001-13269,MINISTERIO DE ASUNTOS EXTERIORES,estatal,Tratado o acuerdo internacional,24909,24912,"Aplicación Provisional del Acuerdo entre el Reino de España y la República del Ecuador relativo a la regulación y ordenación de los flujos migratorios, hecho en Madrid, el 29 de mayo de 2001."
2001-07-10,164,1,BOE-A-2001-13270,MINISTERIO DE JUSTICIA,estatal,Real Decreto,24913,24932,"Real Decreto 658/2001, de 22 de junio, por el que se aprueba el Estatuto General de la Abogacía Española."
2001-07-10,164,1,BOE-A-2001-13271,MINISTERIO DE FOMENTO,estatal,Orden,24932,24946,Orden de 21 de junio de 2001 sobre tarjetas profesionales de la Marina Mercante.
2001-07-10,164,1,BOE-A-2001-13272,COMUNIDAD AUTÓNOMA DE ARAGÓN,autonómico,Ley,24947,24952,"Ley 9/2001, de 18 de junio, de Creación de la Comarca de la Comunidad de Calatayud."
2001-07-10,164,1,BOE-A-2001-13273,COMUNIDAD AUTÓNOMA DE ARAGÓN,autonómico,Ley,24952,24958,"Ley 10/2001, de 18 de junio, de Creación de la Cámara de Cuentas de Aragón."
2001-07-10,164,1,BOE-A-2001-13274,COMUNIDAD AUTÓNOMA DE ARAGÓN,autonómico,Ley,24958,24959,"Ley 11/2001, de 18 de junio, de Creación del Colegio Profesional de Terapeutas Ocupacionales de Aragón."
2001-07-10,164,1,BOE-A-2001-13275,COMUNIDAD AUTÓNOMA DE EXTREMADURA,autonómico,Ley,24959,24972,"Ley 5/2001, de 10 de mayo, de Crédito Cooperativo."
2001-07-10,164,1,BOE-A-2001-13276,COMUNIDAD AUTÓNOMA DE LAS ILLES BALEARS,autonómico,Ley,24972,24973,"Ley 10/2001, de 13 de junio, de Crédito Extraordinario para Subvenciones Electorales."
2001-07-10,164,1,BOE-A-2001-13277,COMUNIDAD AUTÓNOMA DE LAS ILLES BALEARS,autonómico,Ley,24973,24987,"Ley 11/2001, de 15 de junio, de Ordenación de la Actividad Comercial en las Illes Balears."
2001-07-10,164,1,BOE-A-2001-13278,COMUNIDAD AUTÓNOMA DE LAS ILLES BALEARS,autonómico,Ley,24987,24988,"Ley 12/2001, de 22 de junio, de modificación de la Ley 15/2000, de 27 de diciembre, de Presupuestos Generales de la Comunidad Autónoma de las Illes Balears para el año 2001."
2001-07-11,165,1,BOE-A-2001-13364,MINISTERIO DE HACIENDA,estatal,Corrección,25134,25134,"Corrección de erratas del Real Decreto 659/2001, de 22 de junio, por el que se desarrolla la disposición adicional novena de la Ley 55/1999, de 29 de diciembre, de Medidas Fiscales, Administrativas y del Orden Social, sobre beneficios fiscales aplicables a ""Salamanca Capital Europea de la Cultura 2002""."
2001-07-11,165,1,BOE-A-2001-13365,MINISTERIO DE HACIENDA,estatal,Orden,25134,25135,Orden de 5 de julio de 2001 por la que se constituye la Comisión de Información Administrativa en el Ministerio de Hacienda.
2001-07-11,165,1,BOE-A-2001-13366,MINISTERIO DE HACIENDA,estatal,Resolución,25135,25147,"Resolución de 19 de junio de 2001, del Departamento de Aduanas e Impuestos Especiales de la Agencia Estatal de la Administración Tributaria, que regula la implantación del Sistema de Tránsito Informatizado Comunitario (NCTS) en España y la creación de modelos de garantías nacionales presentadas por entidades de seguros."
2001-07-11,165,1,BOE-A-2001-13367,MINISTERIO DE FOMENTO,estatal,Real Decreto,25148,25202,"Real Decreto 660/2001, de 22 de junio, por el que se regula la certificación de las aeronaves civiles y de los productos y piezas relacionados con ellas."
2001-07-11,165,1,BOE-A-2001-13368,"MINISTERIO DE EDUCACIÓN, CULTURA Y DEPORTE",estatal,Orden,25203,25203,"Orden de 3 de julio de 2001, por la que se amplía la orden de 11 de septiembre de 1991, por la que se determinan las titulaciones y los estudios de primer ciclo y los complementos de formación para el acceso a las enseñanzas conducentes a la obtención del título oficial de Licenciado en Ciencia y Tecnología de los Alimentos."
2001-07-11,165,1,BOE-A-2001-13369,"MINISTERIO DE AGRICULTURA, PESCA Y ALIMENTACIÓN",estatal,Orden,25203,25204,Orden de 10 de julio de 2001 por la que se establecen medidas cautelares adicionales para el control de la peste porcina clásica en España.
2001-07-11,165,1,BOE-A-2001-13370,MINISTERIO DE SANIDAD Y CONSUMO,estatal,Resolución,25204,25204,"Resolución de 2 de julio de 2001, de la Dirección General del Instituto Nacional de la Salud, por la que se corrigen errores en la de 13 de junio de 2001, sobre revisión de precios a aplicar por los centros sanitarios a las asistencias prestadas en los supuestos cuyo importe ha de reclamarse a los terceros obligados al pago o a los usuarios sin derecho a la asistencia sanitaria de la Seguridad Social."
2001-07-12,166,1,BOE-A-2001-13432,MINISTERIO DE ASUNTOS EXTERIORES,estatal,Corrección,25295,25295,"Corrección de erratas de la Resolución de 11 de junio de 2001, de la Secretaría General Técnica, sobre aplicación del artículo 32 del Decreto 801/1972, relativo a la ordenación de la actividad de la Administración del Estado en materia de Tratados Internacionales."
2001-07-12,166,1,BOE-A-2001-13433,MINISTERIO DE DEFENSA,estatal,Real Decreto,25295,25296,"Real Decreto 742/2001, de 29 de junio, por el que se crea la Escuela de Músicas Militares."
2001-07-12,166,1,BOE-A-2001-13434,"MINISTERIO DE EDUCACIÓN, CULTURA Y DEPORTE",estatal,Real Decreto,25296,25297,"Real Decreto 744/2001, de 29 de junio, por el que se modifican los Estatutos del Colegio Oficial de Biólogos, aprobados por Real Decreto 693/1996, de 26 de abril."
2001-07-12,166,1,BOE-A-2001-13435,MINISTERIO DE MEDIO AMBIENTE,estatal,Resolución,25297,25304,"Resolución de 14 de junio de 2001, de la Secretaría General de Medio Ambiente, por la que se dispone la publicación del Acuerdo de Consejo de Ministros, de 1 de junio de 2001, por el que se aprueba el Plan Nacional de Lodos de Depuradoras de Aguas Residuales 2001-2006."
2001-07-12,166,1,BOE-A-2001-13436,MINISTERIO DE MEDIO AMBIENTE,estatal,Resolución,25305,25313,"Resolución de 14 de junio de 2001, de la Secretaría General de Medio Ambiente, por la que se dispone la publicación del Acuerdo de Consejo de Ministros, de 1 de junio de 2001, por el que se aprueba el Plan Nacional de Residuos de Construcción y Demolición 2001-2006."
2001-07-12,166,1,BOE-A-2001-13437,MINISTERIO DE ECONOMÍA,estatal,Corrección,25314,25314,Corrección de errores de la Orden de 29 de junio de 2001 sobre aplicación del gas natural procedente del contrato de Argelia.
2001-07-13,167,1,BOE-A-2001-13531,PRESIDENCIA DEL GOBIERNO,estatal,Real Decreto,25423,25424,"Real Decreto 779/2001, de 5 de julio, por el que se crea el Consejo para el Debate sobre el Futuro de la Unión Europea."
2001-07-13,167,1,BOE-A-2001-13532,TRIBUNAL CONSTITUCIONAL,estatal,Resolución judicial,25424,25424,Cuestión de inconstitucionalidad número 1787/2001.
2001-07-13,167,1,BOE-A-2001-13533,TRIBUNAL CONSTITUCIONAL,estatal,Resolución judicial,25424,25424,"Recurso de inconstitucionalidad número 1772/2001, promovido por el Presidente del Gobierno contra la Ley 16/2000, de 29 de diciembre, del Impuesto sobre Grandes Establecimientos Comerciales."
2001-07-13,167,1,BOE-A-2001-13534,MINISTERIO DEL INTERIOR,estatal,Resolución,25424,25424,"Resolución de 10 de julio de 2001, de la Dirección General de Tráfico, que modifica la de 23 de febrero de 2001, por la que se establecen medidas especiales de regulación del tráfico durante el año 2001."
2001-07-13,167,1,BOE-A-2001-13535,MINISTERIO DE ADMINISTRACIONES PÚBLICAS,estatal,Real Decreto,25425,25426,"Real Decreto 748/2001, de 29 de junio, de ampliación de medios económicos adscritos al traspaso a la Comunidad Autónoma de Canarias, aprobado por el Real Decreto 150/1999, de 29 de enero, y por el Real Decreto 939/1999, de 4 de junio, en materia de la gestión realizada por el Instituto Nacional de Empleo en el ámbito del trabajo, el empleo y la formación."
2001-07-13,167,1,BOE-A-2001-13536,COMUNIDAD AUTÓNOMA VALENCIANA,autonómico,Ley,25426,25432,"Ley 4/2001, de 19 de junio, del Voluntariado."
2001-07-14,168,1,BOE-A-2001-13622,MINISTERIO DE ASUNTOS EXTERIORES,estatal,Real Decreto,25575,25579,"Real Decreto 813/2001, de 13 de julio, por el que se aprueba el Reglamento de la Academia de España en Roma."
2001-07-14,168,1,BOE-A-2001-13623,MINISTERIO DE JUSTICIA,estatal,Real Decreto,25579,25585,"Real Decreto 814/2001, de 13 de julio, por el que se regula el desarrollo de la Planta Judicial correspondiente a la programación del año 2001."
2001-07-14,168,1,BOE-A-2001-13624,MINISTERIO DE HACIENDA,estatal,Corrección,25585,25586,"Corrección de errores de la Orden de 15 de marzo de 2001 por la que se aprueban los modelos de declaración-liquidación del Impuesto sobre Sociedades y del Impuesto sobre la Renta de no Residentes correspondiente a establecimientos permanentes, en pesetas y en euros, para los períodos impositivos iniciados entre el 1 de enero y el 31 de diciembre de 2000, se dictan instrucciones relativas al procedimiento de declaración e ingreso y se aprueban los modelos para efectuar los pagos fraccionados, en pesetas y en euros, a cuenta de los citados impuestos que deben realizarse durante 2001 y se establecen las condiciones generales y el procedimiento para su presentación telemática."
2001-07-14,168,1,BOE-A-2001-13625,MINISTERIO DE HACIENDA,estatal,Resolución,25586,25591,"Resolución de 20 de junio de 2001, conjunta de la Intervención General de la Administración del Estado y de la Agencia Estatal de Administración Tributaria, por la que se establece el procedimiento a seguir en los pagos que, como entregas de las cantidades ingresadas en el Tesoro Público, deben realizarse a la propia AEAT y a otras administraciones y organismos públicos."
2001-07-14,168,1,BOE-A-2001-13626,MINISTERIO DE SANIDAD Y CONSUMO,estatal,Real Decreto,25591,25594,"Real Decreto 815/2001, de 13 de julio, sobre justificación del uso de las radiaciones ionizantes para la protección radiológica de las personas con ocasión de exposiciones médicas."
2001-07-14,168,1,BOE-A-2001-13627,MINISTERIO DE ECONOMÍA,estatal,Resolución,25594,25595,"Resolución de 11 de julio de 2001, del Comisionado para el Mercado de Tabacos, por la que se publican los precios de venta al público de determinadas labores de tabaco en Expendedurías de Tabaco y Timbre del Área del Monopolio."
2001-07-16,169,1,BOE-A-2001-13737,MINISTERIO DE ECONOMÍA,estatal,Resolución,25677,25677,"Resolución de 11 de julio de 2001, de la Dirección General de Política Energética y Minas, por la que se hacen públicos los nuevos precios máximos de venta, antes de impuestos, de los gases licuados del petróleo."
2001-07-17,170,1,BOE-A-2001-13802,MINISTERIO DE HACIENDA,estatal,Orden,25749,25750,Orden de 9 de julio de 2001 por la que se regulan los medios de pago de las deudas de comercio exterior.
2001-07-17,170,1,BOE-A-2001-13803,MINISTERIO DE HACIENDA,estatal,Resolución,25750,25752,"Resolución de 5 de julio de 2001, del Departamento de Aduanas e Impuestos Especiales de la Agencia Estatal de Administración Tributaria, para la aplicación de un procedimiento simplificado de tránsito nacional para las mercancías transportadas por ferrocarril entre aduanas españolas dentro del territorio aduanero de la Unión Europea, mediante la utilización de la carta de porte como documento aduanero."
2001-07-17,170,1,BOE-A-2001-13804,MINISTERIO DE HACIENDA,estatal,Resolución,25752,25752,"Resolución de 12 de julio de 2001, de Loterías y Apuestas del Estado, por la que se aprueban las normas que rigen los concursos de pronósticos de la apuesta deportiva para la temporada 2001-2002."
2001-07-18,171,1,BOE-A-2001-13863,MINISTERIO DE FOMENTO,estatal,Real Decreto,25878,25884,"Real Decreto 743/2001, de 29 de junio, por el que se modifican los Estatutos Generales del Colegio Oficial de Ingenieros Técnicos en Topografía, aprobados por Orden de Presidencia del Gobierno de 16 de junio de 1972."
2001-07-18,171,1,BOE-A-2001-13864,MINISTERIO DE FOMENTO,estatal,Real Decreto,25884,25886,"Real Decreto 780/2001, de 6 de julio, por el que se modifica el Reglamento de la Ley de Ordenación de los Transportes Terrestres en materia de pasos a nivel."
2001-07-18,171,1,BOE-A-2001-13865,"MINISTERIO DE AGRICULTURA, PESCA Y ALIMENTACIÓN",estatal,Orden,25886,25887,"Orden de 17 de julio de 2001 por la que se modifica la Orden de 10 de julio de 2001, por la que se establecen medidas cautelares adicionales para el control de la peste porcina clásica en España."
2001-07-18,171,1,BOE-A-2001-13866,MINISTERIO DE LA PRESIDENCIA,estatal,Real Decreto,25887,25888,"Real Decreto 784/2001, de 6 de julio, por el que se modifican los anexos del Real Decreto 1396/1995, de 4 de agosto, modificado por Real Decreto 1754/1998, de 31 de julio, para incorporar al ordenamiento jurídico español la Directiva 2000/5/CE de la Comisión, de 25 de febrero de 2000, relativa a un segundo sistema general de reconocimiento de formaciones profesionales."
2001-07-18,171,1,BOE-A-2001-13867,MINISTERIO DE MEDIO AMBIENTE,estatal,Orden,25888,25889,Orden de 17 de julio de 2001 por la que se regula la composición y estructura de la Oficina Española de Cambio Climático.
2001-07-18,171,1,BOE-A-2001-13868,MINISTERIO DE CIENCIA Y TECNOLOGÍA,estatal,Real Decreto,25889,25891,"Real Decreto 749/2001, de 29 de junio, por el que se establecen las características mínimas que deben cumplir las bocas de hombre e inspección de las cisternas de carburantes (gasolinas, gasóleos y fuel-oils ligeros), así como combustibles de calefacción doméstica u otros combustibles de uso industrial que estén clasificados en el ADR como materias de la clase 3, y que además tengan una presión de cálculo de la cisterna de menos de 0,75 kg/cm2 de presión manométrica."
2001-07-18,171,1,BOE-A-2001-13869,COMUNIDAD AUTÓNOMA DE CATALUÑA,autonómico,Ley,25892,25941,"Ley 8/2001, de 14 de junio, del Plan Estadístico de Cataluña 2001-2004."
2001-07-18,171,1,BOE-A-2001-13870,COMUNIDAD AUTÓNOMA DE CATALUÑA,autonómico,Ley,25941,25942,"Ley 9/2001, de 14 de junio, de modificación del artículo 34 de la Ley 14/2000, de 29 de diciembre, de Presupuestos de la Generalidad de Cataluña para 2001."
2001-07-19,172,1,BOE-A-2001-13940,MINISTERIO DE ECONOMÍA,estatal,Orden,26095,26095,"Orden de 16 de julio de 2001 por la que se establece el abono en euros en los pagos de la Administración General del Estado, Organismos Autónomos y otros Organismos Públicos a partir del 15 de septiembre de 2001."
2001-07-19,172,1,BOE-A-2001-13941,COMUNIDAD AUTÓNOMA DEL PRINCIPADO DE ASTURIAS,autonómico,Ley,26095,26096,"Ley 4/2001, de 21 de mayo, de creación del Colegio Oficial de Ingenieros Técnicos en Informática."
2001-07-19,172,1,BOE-A-2001-13942,COMUNIDAD AUTÓNOMA DEL PRINCIPADO DE ASTURIAS,autonómico,Ley,26096,26097,"Ley 5/2001, de 21 de mayo, de creación del Colegio Oficial de Ingenieros en Informática."
2001-07-19,172,1,BOE-A-2001-13943,COMUNIDAD AUTÓNOMA DEL PRINCIPADO DE ASTURIAS,autonómico,Ley,26097,26098,"Ley 6/2001, de 25 de mayo, de concesión de crédito extraordinario para ayudas a las explotaciones ganaderas de vacuno y de suplemento de créditos para financiar gastos de prevención y lucha contra la encefalopatía espongiforme bovina."
2001-07-19,172,1,BOE-A-2001-13944,COMUNIDAD AUTÓNOMA DE LA RIOJA,autonómico,Ley,26098,26135,"Ley 4/2001, de 2 de julio, de Cooperativas de La Rioja."
2001-07-19,172,1,BOE-A-2001-13945,COMUNIDAD AUTÓNOMA VALENCIANA,autonómico,Ley,26135,26136,"Ley 5/2001, de 20 de junio, de Creación del Colegio Oficial de Publicitarios y Relaciones Públicas de la Comunidad Valenciana."
2001-07-19,172,1,BOE-A-2001-13946,COMUNIDAD AUTÓNOMA VALENCIANA,autonómico,Ley,26136,26137,"Ley 6/2001, de 20 de junio, de Creación del Colegio Oficial de Detectives Privados de la Comunidad Valenciana."
2001-07-20,173,1,BOE-A-2001-14028,MINISTERIO DE ASUNTOS EXTERIORES,estatal,Otras,26257,26257,"Código Marítimo Internacional de Mercancías Peligrosas (Código IMDG), conforme al capítulo VII del Convenio Internacional para la Seguridad de la Vida Humana en el Mar, 1974 (""Boletín Oficial del Estado"" del 16 al 18 de junio de 1980). Enmienda 30-00 aplicable a partir del 1 de enero de 2001, adoptada en Londres el 26 de mayo de 2000."
2001-07-20,173,1,BOE-A-2001-14029,MINISTERIO DEL INTERIOR,estatal,Orden,26257,26276,"Orden de 12 de julio de 2001 por la que se modifican los modelos normalizados contenidos en los anexos III, V, VII y VIII del Reglamento de la Ley 3/1996, de 10 de enero, sobre Medidas de Control de Sustancias Químicas Catalogadas Susceptibles de Desvío para la Fabricación Ilícita de Drogas, aprobado por Real Decreto 865/1997, de 6 de junio."
2001-07-20,173,1,BOE-A-2001-14030,MINISTERIO DE MEDIO AMBIENTE,estatal,Orden,26277,26277,Orden de 12 de julio de 2001 por la que se crea el Comité Científico especializado de Parques Nacionales.
2001-07-20,173,1,BOE-A-2001-14031,COMUNIDAD AUTÓNOMA DE EXTREMADURA,autonómico,Ley,26277,26289,"Ley 6/2001, de 24 de mayo, del Estatuto de los Consumidores de Extremadura."
2001-07-21,174,1,BOE-A-2001-14163,JEFATURA DEL ESTADO,estatal,Corrección,26550,26550,"Corrección de erratas de la Ley 3/2001, de 26 de marzo, de Pesca Marítima del Estado."
2001-07-21,174,1,BOE-A-2001-14164,MINISTERIO DE ASUNTOS EXTERIORES,estatal,Tratado o acuerdo internacional,26550,26552,"Protocolo Concerniente a la Provisión de Facilidades Satelitales en el Servicio Fijo por Satélite entre el Reino de España y la República Argentina, hecho en Madrid el 7 de marzo de 2001."
2001-07-21,174,1,BOE-A-2001-14165,MINISTERIO DE LA PRESIDENCIA,estatal,Real Decreto,26552,26603,"Real Decreto 864/2001, de 20 de julio, por el que se aprueba el Reglamento de ejecución de la Ley Orgánica 4/2000, de 11 de enero, sobre derechos y libertades de los extranjeros en España y su integración social, reformada por Ley Orgánica 8/2000, de 22 de diciembre."
2001-07-21,174,1,BOE-A-2001-14166,MINISTERIO DE LA PRESIDENCIA,estatal,Real Decreto,26603,26606,"Real Decreto 865/2001, de 20 de julio, por el que se aprueba el Reglamento de reconocimiento del estatuto de apátrida."
2001-07-21,174,1,BOE-A-2001-14167,MINISTERIO DE ECONOMÍA,estatal,Orden,26606,26607,Orden de 20 de julio de 2001 sobre distribución anticipada de billetes y monedas denominados en euros.
2001-07-21,174,1,BOE-A-2001-14168,MINISTERIO DE CIENCIA Y TECNOLOGÍA,estatal,Orden,26607,26609,Orden de 12 de julio de 2001 por la que se modifica la Orden de 21 de marzo de 2000 por la que se regula el sistema de asignación de nombres de dominio de Internet bajo el código de país correspondiente a España (.es).
2001-07-23,175,1,BOE-A-2001-14243,COMUNIDAD AUTÓNOMA DE CASTILLA Y LEÓN,autonómico,Ley,26640,26654,"Ley 3/2001, de 3 de julio, del Gobierno y de la Administración de la Comunidad de Castilla y León."
2001-07-23,175,1,BOE-A-2001-14244,COMUNIDAD AUTÓNOMA DE CASTILLA Y LEÓN,autonómico,Ley,26654,26657,"Ley 4/2001, de 4 de julio, reguladora de la Iniciativa Legislativa Popular y de los Ayuntamientos de Castilla y León."
2001-07-23,175,1,BOE-A-2001-14245,COMUNIDAD AUTÓNOMA DE CASTILLA Y LEÓN,autonómico,Ley,26657,26680,"Ley 5/2001, de 4 de julio, de Cajas de Ahorro de Castilla y León."
2001-07-24,176,1,BOE-A-2001-14274,JEFATURA DEL ESTADO,estatal,Corrección,26788,26788,"Corrección de errores del Real Decreto-ley 12/2001, de 29 de junio, por el que se aprueban medidas fiscales urgentes en materia de retenciones e ingresos a cuenta del Impuesto sobre la Renta de las Personas Físicas y del Impuesto sobre Sociedades."
2001-07-24,176,1,BOE-A-2001-14275,MINISTERIO DE ASUNTOS EXTERIORES,estatal,Tratado o acuerdo internacional,26788,26791,"Aplicación Provisional del Acuerdo sobre protección mutua de la información clasificada entre el Reino de España y Suiza, hecho en Madrid el 22 de mayo de 2001."
2001-07-24,176,1,BOE-A-2001-14276,MINISTERIO DE MEDIO AMBIENTE,estatal,Real Decreto Legislativo,26791,26817,"Real Decreto Legislativo 1/2001, de 20 de julio, por el que se aprueba el texto refundido de la Ley de Aguas."
2001-07-24,176,1,BOE-A-2001-14277,MINISTERIO DE CIENCIA Y TECNOLOGÍA,estatal,Real Decreto,26817,26821,"Real Decreto 868/2001, de 20 de julio, por el que se regula la integración en las Escalas de Investigadores Titulares de los Organismos Públicos de Investigación y de Técnicos Superiores Especialistas de los Organismos Públicos de Investigación."
2001-07-24,176,1,BOE-A-2001-14278,COMUNIDAD AUTÓNOMA DE CANARIAS,autonómico,Ley,26821,26825,"Ley 3/2001, de 26 de junio, de Artesanía de Canarias."
2001-07-24,176,1,BOE-A-2001-14279,COMUNIDAD AUTÓNOMA DE CANARIAS,autonómico,Ley,26825,26833,"Ley 4/2001, de 6 de julio, de medidas tributarias, financieras, de organización y relativas al personal de la Administración Pública de la Comunidad Autónoma de Canarias."
2001-07-25,177,1,BOE-A-2001-14414,"MINISTERIO DE AGRICULTURA, PESCA Y ALIMENTACIÓN",estatal,Orden,27012,27012,Orden de 24 de julio de 2001 por la que se modifican y derogan determinadas disposiciones en materia de fiebre aftosa.
2001-07-25,177,1,BOE-A-2001-14415,COMUNIDAD AUTÓNOMA DE EXTREMADURA,autonómico,Ley,27012,27014,"Ley 7/2001, de 14 de junio, de creación del Servicio Extremeño Público de Empleo."
2001-07-25,177,1,BOE-A-2001-14416,COMUNIDAD AUTÓNOMA DE EXTREMADURA,autonómico,Ley,27014,27020,"Ley 8/2001, de 14 de junio, por la que se regulan los Consejos Escolares de Extremadura."
2001-07-25,177,1,BOE-A-2001-14417,COMUNIDAD AUTÓNOMA DE EXTREMADURA,autonómico,Ley,27020,27021,"Ley 9/2001, de 28 de junio, de creación del Colegio Profesional de Fisioterapeutas de Extremadura."
2001-07-25,177,1,BOE-A-2001-14418,COMUNIDAD AUTÓNOMA DE EXTREMADURA,autonómico,Ley,27021,27039,"Ley 10/2001, de 28 de junio, de Salud de Extremadura."
2001-07-26,178,1,BOE-A-2001-14550,MINISTERIO DE ASUNTOS EXTERIORES,estatal,Tratado o acuerdo internacional,27243,27244,"Acuerdo complementario de cooperación entre el Reino de España y la República de Costa Rica sobre cooperación en materia de prevención del consumo y control del tráfico ilícito de estupefacientes y sustancias psicotrópicas, hecho ""ad referendum"" en San José de Costa Rica el 24 de noviembre de 1999."
2001-07-26,178,1,BOE-A-2001-14551,MINISTERIO DE HACIENDA,estatal,Resolución,27244,27276,"Resolución de 18 de julio de 2001, de la Dirección General de Presupuestos, por la que se establecen los códigos que definen la estructura económica establecida por la Orden del Ministerio de Hacienda de 27 de abril de 2001."
2001-07-26,178,1,BOE-A-2001-14552,MINISTERIO DE TRABAJO Y ASUNTOS SOCIALES,estatal,Orden,27276,27279,"Orden de 12 de julio de 2001 por la que se modifica la de 22 de febrero de 1996, para la aplicación y desarrollo del Reglamento General de la Gestión Financiera de la Seguridad Social, aprobado por el Real Decreto 1391/1995, de 4 de agosto."
2001-07-26,178,1,BOE-A-2001-14553,"MINISTERIO DE AGRICULTURA, PESCA Y ALIMENTACIÓN",estatal,Orden,27280,27283,"Orden de 24 de julio de 2001 por la que se dictan disposiciones para el desarrollo del Real Decreto-ley 10/2001, de 1 de junio, por el que se adoptan medidas de carácter urgente para paliar los efectos producidos por las lluvias persistentes en determinados cultivos en la Comunidad Autónoma de Andalucía."
2001-07-26,178,1,BOE-A-2001-14554,"MINISTERIO DE AGRICULTURA, PESCA Y ALIMENTACIÓN",estatal,Orden,27284,27284,"Orden de 25 de julio de 2001 por la que se modifican las prohibiciones al movimiento de ganado porcino recogidas en la Orden de 10 de julio de 2001, por la que se establecen medidas cautelares adicionales para el control de la peste porcina clásica en España."
2001-07-26,178,1,BOE-A-2001-14555,MINISTERIO DE LA PRESIDENCIA,estatal,Real Decreto,27284,27393,"Real Decreto 783/2001, de 6 de julio, por el que se aprueba el Reglamento sobre protección sanitaria contra radiaciones ionizantes."
2001-07-26,178,1,BOE-A-2001-14556,MINISTERIO DE LA PRESIDENCIA,estatal,Orden,27394,27394,Orden de 19 de julio de 2001 por la que se actualiza la composición del Comité Asesor para la Prestación Ortoprotésica.
2001-07-26,178,1,BOE-A-2001-14557,MINISTERIO DE LA PRESIDENCIA,estatal,Orden,27394,27397,"Orden de 19 de julio de 2001, por la que se incluyen las sustancias activas denominadas metsulfuron-metil, triasulfuron, esfenvalerato, bentazona y lambda-cihalotrin, en el anexo I del Real Decreto 2163/1994, de 4 de noviembre, por el que se implanta el sistema armonizado comunitario de autorización para comercializar y utilizar productos fitosanitarios."
2001-07-26,178,1,BOE-A-2001-14558,MINISTERIO DE LA PRESIDENCIA,estatal,Orden,27397,27398,Orden de 25 de julio de 2001 por la que se establecen límites de determinados hidrocarburos aromáticos policíclicos en aceite de orujo de oliva.
2001-07-26,178,1,BOE-A-2001-14559,COMUNIDAD AUTÓNOMA DE GALICIA,autonómico,Ley,27399,27401,"Ley 5/2001, de 28 de junio, de Régimen Jurídico de las Concesiones en la isla de Ons."
2001-07-26,178,1,BOE-A-2001-14560,COMUNIDAD AUTÓNOMA DE GALICIA,autonómico,Ley,27401,27412,"Ley 6/2001, de 29 de junio, de adecuación de la normativa de la Comunidad Autónoma de Galicia a la Ley 4/1999, de 13 de enero, de modificación de la Ley 30/1992, de 26 de noviembre, de Régimen Jurídico de las Administraciones Públicas y del Procedimiento Administrativo Común."
2001-07-27,179,1,BOE-A-2001-14639,MINISTERIO DE ASUNTOS EXTERIORES,estatal,Tratado o acuerdo internacional,27484,27522,"Convenio sobre Comercio Internacional de Especies Amenazadas de la Fauna y Flora Silvestres (CITES), hecho en Washington el 3 de marzo de 1973 (publicado en el ""Boletín Oficial del Estado"" de 30 de julio de 1986 y 10 de agosto de 1991), modificaciones a los apéndices I, II y III aprobadas en la undécima reunión de la Conferencia de las Partes, celebrada en Gigiri (Kenia), el 20 de abril de 2000."
2001-07-27,179,1,BOE-A-2001-14640,MINISTERIO DE HACIENDA,estatal,Resolución,27522,27523,"Resolución de 20 de julio de 2001, de la Intervención General de la Administración del Estado, por la que se regula el procedimiento a seguir en el tratamiento contable de las diferencias de redondeo que se originen en los pagos a través de agentes mediadores a los que se refiere la Orden del Ministerio de Economía, de 16 de julio de 2001, por la que se establece el abono en euros en los pagos de la Administración General del Estado, organismos autónomos y otros organismos públicos a partir del 15 de septiembre de 2001."
2001-07-27,179,1,BOE-A-2001-14641,"MINISTERIO DE AGRICULTURA, PESCA Y ALIMENTACIÓN",estatal,Orden,27523,27526,"Orden de 26 de julio de 2001 por la que se modifican determinados anexos del Real Decreto 3454/2000, de 22 de diciembre, por el que se establece y regula el Programa Integral Coordinado de vigilancia y control de las encefalopatías espongiformes transmisibles de los animales."
2001-07-27,179,1,BOE-A-2001-14642,MINISTERIO DE LA PRESIDENCIA,estatal,Orden,27526,27528,"Orden de 26 de julio de 2001 para la aplicación del anexo XI del Reglamento (CE) número 999/2001, del Parlamento Europeo y del Consejo, de 22 de mayo de 2001, por el que se establecen disposiciones para la prevención, el control y la erradicación de determinadas encefalopatías espongiformes."
2001-07-27,179,1,BOE-A-2001-14643,MINISTERIO DE ECONOMÍA,estatal,Resolución,27528,27549,"Resolución de 4 de julio de 2001, de la Presidencia de la Comisión del Mercado de las Telecomunicaciones, por la que se hace pública la Circular 1/2001, de 21 de junio, de la Comisión del Mercado de las Telecomunicaciones, sobre la implantación de la preselección de operador por los operadores de acceso obligados a proveerla en el mercado de redes públicas de telecomunicación fijas."
2001-07-27,179,1,BOE-A-2001-14644,COMUNIDAD AUTÓNOMA DE MADRID,autonómico,Ley,27550,27565,"Ley 3/2001, de 21 de junio, de Patrimonio de la Comunidad de Madrid."
2001-07-27,179,1,BOE-A-2001-14645,COMUNIDAD AUTÓNOMA DE MADRID,autonómico,Ley,27566,27566,"Ley 4/2001, de 28 de junio, por la que se modifica la Ley 20/1999, de 3 de mayo, del Parque Regional del Curso Medio del río Guadarrama y su entorno."
2001-07-27,179,1,BOE-A-2001-14646,COMUNIDAD AUTÓNOMA DE MADRID,autonómico,Ley,27567,27571,"Ley 5/2001, de 3 de julio, de Creación del Servicio Regional de Empleo."
2001-07-27,179,1,BOE-A-2001-14647,COMUNIDAD AUTÓNOMA DE MADRID,autonómico,Ley,27571,27580,"Ley 6/2001, de 3 de julio, del juego en la Comunidad de Madrid."
2001-07-27,179,1,BOE-A-2001-14648,COMUNIDAD AUTÓNOMA DE MADRID,autonómico,Ley,27580,27582,"Ley 7/2001, de 3 de julio, de Reconocimiento de la Universidad Privada ""Francisco de Vitoria""."
2001-07-28,180,1,BOE-A-2001-14758,JEFATURA DEL ESTADO,estatal,Corrección,27746,27746,"Corrección de errores de la Ley 1/2000, de 7 de enero, de Enjuiciamiento Civil."
2001-07-28,180,1,BOE-A-2001-14759,TRIBUNAL CONSTITUCIONAL,estatal,Resolución judicial,27746,27746,"Recurso de inconstitucionalidad número 549/1994, promovido por el Presidente del Gobierno contra los artículos 2, 3, 4, 5, 6, 7, 8, 9, 15 y disposición adicional primera de la Ley Foral 12/1993, de 15 de noviembre, del Parlamento de Navarra, de apoyo a la inversión y a la actividad económica y otras medidas tributarias."
2001-07-28,180,1,BOE-A-2001-14760,TRIBUNAL CONSTITUCIONAL,estatal,Resolución judicial,27746,27746,"Recurso de inconstitucionalidad número 1299/1997, promovido por por el Presidente del Gobierno contra los artículos 52 a 56, 156 y 157 de la Ley Foral 24/1996, de 30 de diciembre, del Impuesto sobre Sociedades de la Comunidad Foral de Navarra."
2001-07-28,180,1,BOE-A-2001-14761,TRIBUNAL CONSTITUCIONAL,estatal,Resolución judicial,27746,27746,Cuestión de inconstitucionalidad número 3475/1998.
2001-07-28,180,1,BOE-A-2001-14762,TRIBUNAL CONSTITUCIONAL,estatal,Resolución judicial,27746,27746,Cuestión de inconstitucionalidad número 984/2000.
2001-07-28,180,1,BOE-A-2001-14763,TRIBUNAL CONSTITUCIONAL,estatal,Resolución judicial,27746,27747,Cuestión de inconstitucionalidad número 2589/2001.
2001-07-28,180,1,BOE-A-2001-14764,TRIBUNAL CONSTITUCIONAL,estatal,Resolución judicial,27747,27747,Cuestión de inconstitucionalidad número 3295/2001.
2001-07-28,180,1,BOE-A-2001-14765,TRIBUNAL CONSTITUCIONAL,estatal,Resolución judicial,27747,27747,"Conflicto positivo de competencia número 3549/2001, promovido por el Consejo de Gobierno de la Junta de Comunidades de Castilla-La Mancha, en relación con el Real Decreto 117/2001, de 9 de febrero."
2001-07-28,180,1,BOE-A-2001-14766,TRIBUNAL CONSTITUCIONAL,estatal,Resolución judicial,27747,27747,"Conflicto positivo de competencia número 3784/2001, promovido por el Gobierno de la Nación en relación con una Resolución de la Dirección General de Trabajo de la Consejería de Empleo y Asuntos Sociales del Gobierno de Canarias, de 8 de marzo de 2001."
2001-07-28,180,1,BOE-A-2001-14767,"MINISTERIO DE AGRICULTURA, PESCA Y ALIMENTACIÓN",estatal,Real Decreto,27747,27748,"Real Decreto 903/2001, de 27 de julio, por el que se modifica el Real Decreto 2121/1993, de 3 de diciembre, relativo a las normas de policía sanitaria que regulan los intercambios intracomunitarios y las importaciones de terceros países de animales de las especies ovina y caprina."
2001-07-28,180,1,BOE-A-2001-14768,MINISTERIO DE LA PRESIDENCIA,estatal,Real Decreto,27748,27748,"Real Decreto 904/2001, de 27 de julio, por el que se unifican las convocatorias para el acceso a la formación médica especializada."
2001-07-28,180,1,BOE-A-2001-14769,MINISTERIO DE ADMINISTRACIONES PÚBLICAS,estatal,Real Decreto,27749,27750,"Real Decreto 908/2001, de 27 de julio, por el que se modifica el Real Decreto 1282/2000, de 30 de junio, por el que se modifica y desarrolla la estructura orgánica básica del Ministerio de Agricultura, Pesca y Alimentación."
2001-07-28,180,1,BOE-A-2001-14770,MINISTERIO DE SANIDAD Y CONSUMO,estatal,Real Decreto,27750,27759,"Real Decreto 909/2001, de 27 de julio, por el que se establecen los criterios higiénico-sanitarios para la prevención y control de la legionelosis."
2001-07-30,181,1,BOE-A-2001-14832,MINISTERIO DE ECONOMÍA,estatal,Resolución,27864,27865,"Resolución de 26 de julio de 2001, de la Dirección General de Política Energética y Minas, por la que se hacen públicos los nuevos precios máximos de venta de gas natural para usos industriales."
2001-07-30,181,1,BOE-A-2001-14833,MINISTERIO DE CIENCIA Y TECNOLOGÍA,estatal,Real Decreto,27865,27889,"Real Decreto 786/2001, de 6 de julio, por el que se aprueba el Reglamento de Seguridad contra incendios en los establecimientos industriales."
2001-07-31,182,1,BOE-A-2001-14856,MINISTERIO DE HACIENDA,estatal,Resolución,27916,27966,"Resolución de 5 de julio de 2001, del Departamento de Aduanas e Impuestos Especiales de la Agencia Estatal de Administración Tributaria, en la que se recoge la normativa aplicable a las estadísticas de los intercambios de bienes entre los Estados miembros de la Unión Europea para el ejercicio 2001."
2001-07-31,182,1,BOE-A-2001-14857,MINISTERIO DE HACIENDA,estatal,Resolución,27966,27969,"Resolución de 19 de julio de 2001, de la Dirección General del Catastro, por la que se aprueba la remisión a la Agencia Estatal de Administración Tributaria y a las Comunidades y Ciudades Autónomas de la información sobre los bienes inmuebles remitida por los Notarios y Registradores de la Propiedad, en virtud de lo dispuesto en la Ley 13/1996, de 30 de diciembre."
2001-07-31,182,1,BOE-A-2001-14858,MINISTERIO DE FOMENTO,estatal,Orden,27969,27970,Orden de 23 julio de 2001 por la que se regula la entrega a los Ayuntamientos de tramos urbanos de la Red de Carreteras del Estado.
2001-07-31,182,1,BOE-A-2001-14859,"MINISTERIO DE EDUCACIÓN, CULTURA Y DEPORTE",estatal,Orden,27970,27971,"Orden de 23 de julio de 2001 por la que se modifica parcialmente la Orden de 28 de febrero de 1996, por la que se dictan instrucciones para la implantación de la Educación Secundaria Obligatoria y se aprueban los nuevos horarios de estas enseñanzas."
2001-07-31,182,1,BOE-A-2001-14860,MINISTERIO DE TRABAJO Y ASUNTOS SOCIALES,estatal,Corrección,27971,27971,"Corrección de errores del Real Decreto 781/2001, de 6 de julio, por el que se regula un programa para el año 2001 de renta activa de inserción para trabajadores desempleados de larga duración mayores de cuarenta y cinco años."
2001-07-31,182,1,BOE-A-2001-14861,MINISTERIO DE ECONOMÍA,estatal,Resolución,27971,27972,"Resolución de 26 de julio de 2001, del Comisionado para el Mercado de Tabacos, por la que se publican los precios de venta al público de determinadas labores de tabaco en expendedurías de tabaco y timbre del área del monopolio."
2001-08-01,183,1,BOE-A-2001-14973,MINISTERIO DE ASUNTOS EXTERIORES,estatal,Corrección,28298,28298,"Corrección de errores del Real Decreto 813/2001, de 13 de julio, por el que se aprueba el Reglamento de la Academia de España en Roma."
2001-08-01,183,1,BOE-A-2001-14974,MINISTERIO DE ASUNTOS EXTERIORES,estatal,Tratado o acuerdo internacional,28298,28298,"Entrada en vigor del Acuerdo entre el Reino de España y la República de Cuba sobre cooperación en materia de prevención del consumo y lucha contra el tráfico ilícito de estupefacientes y sustancias psicotrópicas, hecho en La Habana el 10 de noviembre de 1998, cuya aplicación provisional fue publicada en el ""Boletín Oficial del Estado"" número 312, de fecha 30 de diciembre de 1998 (corrección de erratas en el número 24, de fecha 28 de enero de 1999, y de errores en el número 240, de fecha 6 de octubre de 2000 del ""Boletín Oficial del Estado"")."
2001-08-01,183,1,BOE-A-2001-14975,MINISTERIO DE ASUNTOS EXTERIORES,estatal,Tratado o acuerdo internacional,28298,28298,"Entrada en vigor del Acuerdo entre el Reino de España y la Organización del Tratado del Atlántico Norte, representada por el Cuartel General Supremo de las Potencias Aliadas en Europa, relativo a las condiciones especiales aplicables al establecimiento y explotación en territorio español de un Cuartel General Militar Internacional, hecho en Madrid el 28 de febrero de 2000, cuya aplicación provisional fue publicada en el ""Boletín Oficial del Estado"" número 117, de fecha 16 de mayo de 2000."
2001-08-01,183,1,BOE-A-2001-14976,MINISTERIO DE ASUNTOS EXTERIORES,estatal,Corrección,28298,28298,"Corrección de erratas del Acuerdo entre el Gobierno del Reino de España y el Gobierno de la Federación de Rusia sobre cooperación en el ámbito de la prevención de catástrofes y asistencia mutua en la mitigación de sus consecuencias, hecho ""ad referendum"" en Madrid el 14 de junio de 2000."
2001-08-01,183,1,BOE-A-2001-14977,"MINISTERIO DE AGRICULTURA, PESCA Y ALIMENTACIÓN",estatal,Orden,28299,28299,"Orden de 31 de julio de 2001 por la que se modifica la Orden de 15 de mayo de 2001, por la que se establecen determinadas restricciones al movimiento de animales de especies sensibles a la fiebre aftosa, en relación con Irlanda del Norte."
2001-08-01,183,1,BOE-A-2001-14978,"MINISTERIO DE AGRICULTURA, PESCA Y ALIMENTACIÓN",estatal,Orden,28299,28300,"Orden de 31 de julio de 2001 por la que se modifican las condiciones de movimiento de ganado porcino con destino a matadero, recogidas en la Orden de 10 de julio de 2001, por la que se establecen medidas cautelares adicionales para el control de la peste porcina clásica en España."
2001-08-01,183,1,BOE-A-2001-14979,COMUNIDAD AUTÓNOMA DE GALICIA,autonómico,Ley,28300,28304,"Ley 7/2001, de 2 de julio, de control en materia de creación y reconocimiento de universidades, centros universitarios y autorización de estudios en la Comunidad Autónoma de Galicia."
2001-08-02,184,1,BOE-A-2001-15033,JEFATURA DEL ESTADO,estatal,Corrección,28403,28403,"Corrección de errores de la Ley 10/2001, de 5 de julio, del Plan Hidrológico Nacional."
2001-08-02,184,1,BOE-A-2001-15034,CORTES GENERALES,estatal,Resolución,28403,28403,"Resolución de 26 de julio de 2001, del Congreso de los Diputados, por la que se ordena la publicación del acuerdo de convalidación del Real Decreto-ley 12/2001, de 29 de junio, por el que se aprueban medidas fiscales urgentes en materia de retenciones e ingresos a cuenta del Impuesto sobre la Renta de las Personas Físicas y del Impuesto sobre Sociedades."
2001-08-02,184,1,BOE-A-2001-15035,TRIBUNAL CONSTITUCIONAL,estatal,Resolución judicial,28403,28403,"Recurso de inconstitucionalidad número 4108/2001, promovido por el Abogado del Estado en nombre del Presidente del Gobierno, en relación con la disposición adicional séptima de la Ley de las Cortes de Aragón 6/2001, de 17 de mayo."
2001-08-02,184,1,BOE-A-2001-15036,MINISTERIO DE TRABAJO Y ASUNTOS SOCIALES,estatal,Orden,28403,28404,"Orden de 31 de julio de 2001 por la que se corrige error producido en la Orden de 12 de julio de 2001, por la que se modifica la de 22 de febrero de 1996, para la aplicación y desarrollo del Reglamento General de la Gestión Financiera de la Seguridad Social, aprobado por el Real Decreto 1391/1995, de 4 de agosto."
2001-08-02,184,1,BOE-A-2001-15037,BANCO DE ESPAÑA,estatal,Instrucción o circular,28404,28413,"Circular número 2/2001, de 18 de julio, sobre Declaración de operaciones y saldos de activos y pasivos exteriores en valores negociables."
2001-08-03,185,1,BOE-A-2001-15144,MINISTERIO DE ASUNTOS EXTERIORES,estatal,Orden,28498,28498,Orden de 20 de julio de 2001 por la que se suprime la Oficina Consular Honoraria de España en Suez (Egipto).
2001-08-03,185,1,BOE-A-2001-15145,MINISTERIO DE ASUNTOS EXTERIORES,estatal,Orden,28498,28498,"Orden de 20 de julio de 2001 por la que se crea una Oficina Consular Honoraria en Viedma, provincia de Río Negro, y se suprimen las de San Fernando, Balcarce, Santa Cruz, Zapala y San Antonio oeste (Argentina)."
2001-08-03,185,1,BOE-A-2001-15146,MINISTERIO DE HACIENDA,estatal,Orden,28499,28731,"Orden de 27 de julio de 2001 por la que se aprueban los modelos 043, 044, 045, 181, 182, 190, 311, 371, 345, 480, 650, 652 y 651 en euros, así como el modelo 777, documento de ingreso o devolución en el caso de declaraciones-liquidaciones extemporáneas y complementarias, y por la que se establece la obligación de utilizar necesariamente los modelos en euros a partir del 1 de enero de 2002."
2001-08-03,185,1,BOE-A-2001-15147,MINISTERIO DE HACIENDA,estatal,Orden,28732,28732,"Orden de 30 de julio de 2001 por la que se modifica el anexo I de la Orden de 15 de diciembre de 2000, por la que se establecen los baremos de indemnización por sacrificio obligatorio de animales sospechosos o afectados de encefalopatías espongiformes transmisibles."
2001-08-03,185,1,BOE-A-2001-15148,MINISTERIO DE LA PRESIDENCIA,estatal,Resolución,28732,28736,"Resolución de 27 de julio de 2001, de la Subsecretaría, por la que se dispone la publicación de la Resolución de 11 de julio de 2001, de la Presidenta del Instituto Nacional de Estadística y del Director general para la Administración Local, por la que se desarrollan determinados apartados de la Orden de 23 de abril de 2001 por la que se deroga la Orden de 9 de agosto de 2000, por la que se dictan instrucciones para la formación de los Censos de Población y Viviendas del año 2001, y se dictan nuevas instrucciones."
2001-08-04,186,1,BOE-A-2001-15216,MINISTERIO DE JUSTICIA,estatal,Real Decreto,28875,28880,"Real Decreto 936/2001, de 3 de agosto, por el que se regula el ejercicio permanente en España de la profesión de abogado con título profesional obtenido en otro estado miembro de la Unión Europea."
2001-08-04,186,1,BOE-A-2001-15217,MINISTERIO DE TRABAJO Y ASUNTOS SOCIALES,estatal,Orden,28880,28881,"Orden de 19 de julio de 2001 por la que se dictan normas para la aplicación de lo dispuesto en el artículo 5 del Real Decreto-ley 10/2001, de 1 de junio, de adopción de medidas de carácter urgente para paliar los efectos producidos por las lluvias persistentes en determinados cultivos en la Comunidad Autónoma de Andalucía."
2001-08-04,186,1,BOE-A-2001-15218,MINISTERIO DE LA PRESIDENCIA,estatal,Real Decreto,28881,28883,"Real Decreto 943/2001, de 3 de agosto, por el que se modifican el Real Decreto 2323/1985, de 4 de diciembre, por el que se aprueba la reglamentación técnico-sanitaria para la elaboración, almacenamiento, transporte y comercialización de sucedáneos de café, y el Real Decreto 1231/1988, de 14 de octubre, por el que se aprueba la reglamentación técnico-sanitaria para la elaboración, almacenamiento, transporte y comercialización del café."
2001-08-04,186,1,BOE-A-2001-15219,MINISTERIO DE LA PRESIDENCIA,estatal,Real Decreto,28883,28907,"Real Decreto 944/2001, de 3 de agosto, por el que se aprueba el Reglamento para la determinación de la aptitud psicofísica del personal de las Fuerzas Armadas."
2001-08-04,186,1,BOE-A-2001-15220,MINISTERIO DE ADMINISTRACIONES PÚBLICAS,estatal,Corrección,28907,28907,"Corrección de erratas del texto del Real Decreto 664/2001, de 22 de junio, sobre traspaso a la Comunidad Autónoma de Extremadura de la gestión realizada por el Instituto Nacional de Empleo en el ámbito del trabajo, el empleo y la formación."
2001-08-04,186,1,BOE-A-2001-15221,MINISTERIO DE ECONOMÍA,estatal,Real Decreto,28907,28920,"Real Decreto 948/2001, de 3 de agosto, sobre sistemas de indemnización de los inversores."
2001-08-04,186,1,BOE-A-2001-15222,MINISTERIO DE ECONOMÍA,estatal,Corrección,28920,28920,"Corrección de errores de la Resolución de 4 de julio de 2001, de la Presidencia de la Comisión del Mercado de las Telecomunicaciones, por la que se hace pública la Circular 1/2001, de la Comisión del Mercado de las Telecomunicaciones, sobre la implantación de la preselección de Operador por los Operadores de Acceso obligados a proveerla en el mercado de redes públicas de telecomunicaciones fijas."
2001-08-06,187,1,BOE-A-2001-15346,"MINISTERIO DE EDUCACIÓN, CULTURA Y DEPORTE",estatal,Real Decreto,29020,29020,"Real Decreto 861/2001, de 20 de julio, por el que se modifica el Real Decreto 1424/1990, de 26 de octubre, por el que se establece el título universitario oficial de Licenciado en Derecho y las directrices generales propias de los planes de estudio conducentes a la obtención de aquél."
2001-08-06,187,1,BOE-A-2001-15347,MINISTERIO DE SANIDAD Y CONSUMO,estatal,Real Decreto,29020,29023,"Real Decreto 866/2001, de 20 de julio, por el que se crean las categorías y modalidades de médicos de urgencia hospitalaria y de médicos de admisión y documentación clínica en el ámbito de las instituciones sanitarias del INSALUD."
2001-08-07,188,1,BOE-A-2001-15373,MINISTERIO DE ASUNTOS EXTERIORES,estatal,Tratado o acuerdo internacional,29081,29084,"Aplicación Provisional del Canje de Notas, de fechas 1 de junio y 7 de julio de 2001, constitutivo del Acuerdo de Sede entre el Reino de España y las Naciones Unidas para la celebración en Madrid, del 17 al 19 de julio de 2001, de una Conferencia Internacional organizada por las Naciones Unidas sobre el Proceso de Paz en Oriente Medio y el Pueblo Palestino."
2001-08-07,188,1,BOE-A-2001-15374,MINISTERIO DE HACIENDA,estatal,Resolución,29084,29090,"Resolución de 30 de julio de 2001, del Departamento de Aduanas e Impuestos Especiales de la Agencia Estatal de la Administración Tributaria, por la que se modifica la Resolución de 4 de diciembre de 2000, en la que se recoge las instrucciones para la formalización del documento único administrativo (DUA)."
2001-08-07,188,1,BOE-A-2001-15375,"MINISTERIO DE EDUCACIÓN, CULTURA Y DEPORTE",estatal,Real Decreto,29090,29113,"Real Decreto 862/2001, de 20 de julio, por el que se homologa el título de Maestro, especialidades de Educación Infantil y de Educación Primaria, de la Facultad de Humanidades, de la Universidad Internacional de Cataluña."
2001-08-07,188,1,BOE-A-2001-15376,"MINISTERIO DE EDUCACIÓN, CULTURA Y DEPORTE",estatal,Real Decreto,29114,29132,"Real Decreto 863/2001, de 20 de julio, por el que se homologa el título de Maestro, especialidad en Educación Física, de la Facultad de Educación de la Universidad de Vic."
2001-08-07,188,1,BOE-A-2001-15377,"MINISTERIO DE AGRICULTURA, PESCA Y ALIMENTACIÓN",estatal,Real Decreto,29133,29138,"Real Decreto 940/2001, de 3 de agosto, por el que se establecen normas reguladoras de la ayuda a la transformación en el sector del lino y el cáñamo destinados a la producción de fibras."
2001-08-07,188,1,BOE-A-2001-15378,MINISTERIO DE LA PRESIDENCIA,estatal,Real Decreto,29139,29141,"Real Decreto 942/2001, de 3 de agosto, por el que se establece el programa de seguimiento y verificación del atún capturado en el Área del Acuerdo relativo al Programa Internacional para la Conservación de los Delfines (APICD)."
2001-08-07,188,1,BOE-A-2001-15379,MINISTERIO DE MEDIO AMBIENTE,estatal,Corrección,29142,29142,"Corrección de errores de la Resolución de 14 de junio de 2001, de la Secretaría General de Medio Ambiente, por la que se dispone la publicación del Acuerdo del Consejo de Ministros de 1 de junio de 2001, por el que se aprueba el Plan Nacional de Residuos de Construcción y Demolición 2001-2006."
2001-08-07,188,1,BOE-A-2001-15380,MINISTERIO DE ECONOMÍA,estatal,Real Decreto,29142,29155,"Real Decreto 867/2001, de 20 de julio, sobre el Régimen Jurídico de las empresas de servicios de inversión."
2001-08-07,188,1,BOE-A-2001-15381,MINISTERIO DE ECONOMÍA,estatal,Orden,29155,29178,Orden de 24 julio de 2001 por la que se aprueban los modelos de información a suministrar por las entidades aseguradoras.
2001-08-07,188,1,BOE-A-2001-15382,COMUNIDAD AUTÓNOMA DE ANDALUCÍA,autonómico,Ley,29179,29179,"Ley 6/2001, de 12 de julio, de concesión de un crédito extraordinario para sufragar las subvenciones a adjudicar a las formaciones políticas por los gastos electorales causados por las elecciones al Parlamento de Andalucía celebradas el 12 de marzo de 2000."
2001-08-07,188,1,BOE-A-2001-15383,COMUNIDAD AUTÓNOMA DE ANDALUCÍA,autonómico,Ley,29179,29187,"Ley 7/2001, de 12 de julio, del Voluntariado."
2001-08-07,188,1,BOE-A-2001-15384,COMUNIDAD AUTÓNOMA DE ANDALUCÍA,autonómico,Ley,29187,29210,"Ley 8/2001, de 12 de julio, de Carreteras de Andalucía."
2001-08-07,188,1,BOE-A-2001-15385,COMUNIDAD AUTÓNOMA DE CANARIAS,autonómico,Ley,29210,29216,"Ley 5/2001, de 9 de julio, de Promoción y Desarrollo de la Investigación Científica y la Innovación."
2001-08-07,188,1,BOE-A-2001-15386,COMUNIDAD AUTÓNOMA DE CANARIAS,autonómico,Ley,29216,29221,"Ley 6/2001, de 23 de julio, de Medidas Urgentes en Materia de Ordenación del Territorio y del Turismo de Canarias."
2001-08-07,188,1,BOE-A-2001-15387,COMUNIDAD FORAL DE NAVARRA,autonómico,Corrección,29221,29221,"Corrección de errores de la Ley Foral 7/2001, de 27 de marzo, de Tasas y Precios Públicos de la Administración de la Comunidad Foral de Navarra y de sus organismos autónomos."
2001-08-07,188,1,BOE-A-2001-15388,COMUNIDAD FORAL DE NAVARRA,autonómico,Corrección,29221,29221,"Corrección de errores de la Ley Foral 20/2000, de 29 de diciembre, de modificación parcial de diversos impuestos y otras medidas tributarias."
2001-08-08,189,1,BOE-A-2001-15548,JEFATURA DEL ESTADO,estatal,Corrección,29320,29320,"Corrección de erratas de la Ley 13/2000, de 28 de diciembre, de Presupuestos Generales del Estado para el año 2001."
2001-08-08,189,1,BOE-A-2001-15549,MINISTERIO DE ASUNTOS EXTERIORES,estatal,Real Decreto,29320,29321,"Real Decreto 898/2001, de 27 de julio, por el que se modifica parcialmente el Real Decreto 24/2000, de 14 de enero, sobre el Fondo para la concesión de microcréditos para proyectos de desarrollo social básico en el exterior."
2001-08-08,189,1,BOE-A-2001-15550,MINISTERIO DE LA PRESIDENCIA,estatal,Real Decreto,29321,29321,"Real Decreto 905/2001, de 27 de julio, por el que se modifica el Real Decreto 1081/1989, de 28 de agosto, que regula el reconocimiento de certificados, diplomas y otros títulos, en el Sector de la Arquitectura, de los Estados miembros de la Comunidad Económica Europea, así como el ejercicio efectivo del derecho de establecimiento y la libre prestación de servicios."
2001-08-08,189,1,BOE-A-2001-15551,MINISTERIO DE LA PRESIDENCIA,estatal,Orden,29322,29325,"Orden de 3 de agosto de 2001 por la que se dispone la publicación de los acuerdos de la Comisión Delegada del Gobierno para Asuntos Económicos, de 2 de agosto de 2001, sobre tarifas y servicios prestados por ""Telefónica de España, Sociedad Anónima Unipersonal""."
2001-08-08,189,1,BOE-A-2001-15552,MINISTERIO DE LA PRESIDENCIA,estatal,Orden,29325,29327,"Orden de 3 de agosto de 2001 por la que se dispone la publicación de los acuerdos de la Comisión Delegada del Gobierno para Asuntos Económicos, de 5 de julio de 2001, sobre tarifas y servicios prestados por ""Telefónica de España, Sociedad Anónima Unipersonal""."
2001-08-08,189,1,BOE-A-2001-15553,MINISTERIO DE ADMINISTRACIONES PÚBLICAS,estatal,Resolución,29328,29334,"Resolución de 24 de julio de 2001, de la Mutualidad General de Funcionarios Civiles del Estado, sobre aplicación del euro en el pago de las cotizaciones de los mutualistas a Muface."
2001-08-08,189,1,BOE-A-2001-15554,MINISTERIO DE ECONOMÍA,estatal,Resolución,29334,29334,"Resolución de 31 de julio de 2001, de la Dirección General del Tesoro y Política Financiera, por la que se modifica la Resolución de 11 de febrero de 1999, reguladora de la figura de Creador de Mercado de Deuda Pública del Reino de España."
2001-08-08,189,1,BOE-A-2001-15555,MINISTERIO DE CIENCIA Y TECNOLOGÍA,estatal,Orden,29334,29355,"Orden de 23 de julio de 2001 por la que se actualizan los anexos I y II del Real Decreto 2028/1986, de 6 junio, sobre las normas para la aplicación de determinadas Directivas de la CE, relativas a la homologación de tipo de vehículos automóviles, remolques, semirremolques, motocicletas, ciclomotores y vehículos agrícolas, así como de partes y piezas de dichos vehículos."
2001-08-08,189,1,BOE-A-2001-15556,COMUNIDAD AUTÓNOMA DE ANDALUCÍA,autonómico,Ley,29355,29372,"Ley 9/2001, de 12 de julio, por la que se establece el sentido del silencio administrativo y los plazos de determinados procedimientos como garantías procedimentales para los ciudadanos."
2001-08-08,189,1,BOE-A-2001-15557,COMUNIDAD AUTÓNOMA DE ARAGÓN,autonómico,Ley,29372,29394,"Ley 12/2001, de 2 de julio, de la Infancia y la Adolescencia en Aragón."
2001-08-08,189,1,BOE-A-2001-15558,COMUNIDAD AUTÓNOMA DE ARAGÓN,autonómico,Ley,29394,29399,"Ley 13/2001, de 2 de julio, de Creación de la Comarca del Alto Gállego."
2001-08-08,189,1,BOE-A-2001-15559,COMUNIDAD AUTÓNOMA DE ARAGÓN,autonómico,Ley,29399,29404,"Ley 14/2001, de 2 de julio, de Creación de la Comarca de Tarazona y el Moncayo."
2001-08-09,190,1,BOE-A-2001-15663,JEFATURA DEL ESTADO,estatal,Otras,29695,29707,"Instrumento de Ratificación del Acuerdo Marco entre la República Federal de Alemania, el Reino de España, la República Francesa, la República Italiana, el Reino de Suecia y el Reino Unido de Gran Bretaña e Irlanda del Norte, relativo a las medidas encaminadas a facilitar la reestructuración y funcionamiento de la industria europea de defensa, hecho en Farnborough el 27 de julio de 2000."
2001-08-09,190,1,BOE-A-2001-15664,JEFATURA DEL ESTADO,estatal,Otras,29707,29710,"Instrumento de Ratificación del Protocolo Facultativo de la Convención sobre la eliminación de todas las formas de discriminación contra la mujer, hecho en Nueva York el 6 de octubre de 1999."
2001-08-09,190,1,BOE-A-2001-15665,MINISTERIO DE ASUNTOS EXTERIORES,estatal,Tratado o acuerdo internacional,29710,29711,"Convenio de cooperación en materia de turismo entre el Reino de España y la República de Bulgaria, hecho ""ad referendum"" en Sofía el 21 de julio de 1998."
2001-08-09,190,1,BOE-A-2001-15666,MINISTERIO DE ASUNTOS EXTERIORES,estatal,Tratado o acuerdo internacional,29712,29714,"Convenio para el reconocimiento recíproco de punzones de pruebas de armas de fuego portátiles y Reglamentos, hechos en Bruselas el 1 de julio de 1969 (""Boletín Oficial del Estado"" número 228, de 22 de septiembre de 1973). Decisiones tomadas por la Comisión Internacional Permanente para la Prueba de Armas de Fuego Portátiles en su XXV Sesión Plenaria de junio de 1998."
2001-08-09,190,1,BOE-A-2001-15667,MINISTERIO DE HACIENDA,estatal,Orden,29714,29733,"Orden de 8 de agosto de 2001 por la que se aprueba el modelo 346 en euros, de declaración informativa anual de subvenciones e indemnizaciones satisfechas o abonadas por entidades públicas o privadas a agricultores o ganaderos, así como los diseños físicos y lógicos para la sustitución de las hojas interiores de dicho modelo por soportes directamente legibles por ordenador, y se establece el procedimiento para su presentación telemática por teleproceso."
2001-08-09,190,1,BOE-A-2001-15668,MINISTERIO DE FOMENTO,estatal,Orden,29734,29740,"Orden de 2 de agosto de 2001 por la que se desarrolla el artículo 235 del Reglamento de la Ley de Ordenación de los Transportes Terrestres, en materia de supresión y protección de pasos a nivel."
2001-08-09,190,1,BOE-A-2001-15669,COMUNIDAD FORAL DE NAVARRA,autonómico,Ley,29740,29740,"Ley Foral 9/2001, de 3 de mayo, por la que se modifican determinados artículos de la Ley Foral 12/2000, de 16 de noviembre, de Atención Farmacéutica."
2001-08-09,190,1,BOE-A-2001-15670,COMUNIDAD FORAL DE NAVARRA,autonómico,Ley,29740,29745,"Ley Foral 10/2001, de 24 de mayo, de medidas relativas al personal al servicio de las Administraciones Públicas de Navarra."
2001-08-09,190,1,BOE-A-2001-15671,COMUNIDAD FORAL DE NAVARRA,autonómico,Ley,29745,29746,"Ley Foral 11/2001, de 24 de mayo, por la que se modifica la Ley Foral 11/2000, de 16 de noviembre, de Sanidad Animal."
2001-08-09,190,1,BOE-A-2001-15672,COMUNIDAD FORAL DE NAVARRA,autonómico,Ley,29746,29747,"Ley Foral 12/2001, de 24 de mayo, para dar cumplimiento a la Resolución del Parlamento de Navarra de 30 de junio de 2000 sobre atención educativa en la localidad de Castejón."
2001-08-09,190,1,BOE-A-2001-15673,COMUNIDAD FORAL DE NAVARRA,autonómico,Ley,29747,29748,"Ley Foral 13/2001, de 29 de mayo, por la que se regulan los plazos de descalificación voluntaria de viviendas de protección oficial."
2001-08-09,190,1,BOE-A-2001-15674,COMUNIDAD FORAL DE NAVARRA,autonómico,Ley,29748,29749,"Ley Foral 14/2001, de 20 de junio, de modificación de la Ley Foral 11/2000, de 16 de noviembre, de Sanidad Animal."
2001-08-09,190,1,BOE-A-2001-15675,COMUNIDAD FORAL DE NAVARRA,autonómico,Ley,29749,29775,"Ley Foral 15/2001, de 5 de julio, del Deporte de Navarra."
2001-08-10,191,1,BOE-A-2001-15770,"MINISTERIO DE EDUCACIÓN, CULTURA Y DEPORTE",estatal,Real Decreto,30039,30039,"Real Decreto 900/2001, de 27 de julio, por el que se declara la equivalencia del título privado de Doctor Ingeniero Químico del Instituto Químico de Sarriá al título universitario oficial de Doctor."
2001-08-10,191,1,BOE-A-2001-15771,"MINISTERIO DE EDUCACIÓN, CULTURA Y DEPORTE",estatal,Real Decreto,30039,30053,"Real Decreto 901/2001, de 27 de julio, por el que se homologa el título de Ingeniero Industrial, del Instituto Químico de Sarriá, de la Universidad ""Ramón Llull""."
2001-08-10,191,1,BOE-A-2001-15772,"MINISTERIO DE EDUCACIÓN, CULTURA Y DEPORTE",estatal,Real Decreto,30054,30079,"Real Decreto 902/2001, de 27 de julio, por el que se homologa el título de Licenciado en Psicología, de la Universidad ""Oberta"", de Cataluña."
2001-08-10,191,1,BOE-A-2001-15773,MINISTERIO DE TRABAJO Y ASUNTOS SOCIALES,estatal,Resolución,30080,30091,"Resolución de 17 de julio de 2001, de la Dirección General de la Tesorería General de la Seguridad Social, por la que se dictan instrucciones para efectuar por medios telemáticos el embargo de dinero en cuentas abiertas en entidades de depósito."
2001-08-10,191,1,BOE-A-2001-15774,MINISTERIO DE TRABAJO Y ASUNTOS SOCIALES,estatal,Resolución,30092,30092,"Resolución de 23 de julio de 2001, de la Dirección General del Instituto Nacional de la Seguridad Social, por la que se da nueva redacción al apartado tercero, punto 2, de la Resolución del INSS de 16 de junio de 1997, sobre abono de los gastos causados por las comparecencias exigidas por el equipo de valoración de incapacidades."
2001-08-10,191,1,BOE-A-2001-15775,MINISTERIO DE ADMINISTRACIONES PÚBLICAS,estatal,Real Decreto,30092,30095,"Real Decreto 906/2001, de 27 de julio, sobre ampliación de medios adscritos a los servicios de la Administración del Estado traspasados a la Comunidad Autónoma de Canarias, por el Real Decreto 2091/1983, de 28 de julio, en materia de enseñanza no universitaria (personal docente de instituciones penitenciarias)."
2001-08-10,191,1,BOE-A-2001-15776,MINISTERIO DE ADMINISTRACIONES PÚBLICAS,estatal,Real Decreto,30095,30096,"Real Decreto 907/2001, de 27 de julio, por el que se modifica el Real Decreto 1431/1997, de 15 de septiembre, por el que se regula la composición y funciones de la Comisión Nacional de Administración Local."
2001-08-10,191,1,BOE-A-2001-15777,BANCO DE ESPAÑA,estatal,Corrección,30096,30096,"Corrección de errores de la Circular número 2/2001, de 18 de julio, sobre declaración de operaciones y saldos de activos y pasivos exteriores en valores negociables."
2001-08-10,191,1,BOE-A-2001-15778,COMUNIDAD FORAL DE NAVARRA,autonómico,Ley,30096,30100,"Ley Foral 16/2001, de 5 de julio, del Plan Especial 2001-2003 en Materia de Infraestructuras Locales."
2001-08-10,191,1,BOE-A-2001-15779,COMUNIDAD FORAL DE NAVARRA,autonómico,Ley,30100,30115,"Ley Foral 17/2001, de 12 de julio, reguladora del comercio en Navarra."
2001-08-10,191,1,BOE-A-2001-15780,COMUNIDAD FORAL DE NAVARRA,autonómico,Ley,30115,30126,"Ley Foral 18/2001, de 5 de julio, por la que se regula la actividad audiovisual en Navarra y se crea el Consejo Audiovisual de Navarra."
2001-08-10,191,1,BOE-A-2001-15781,COMUNIDAD FORAL DE NAVARRA,autonómico,Ley,30127,30130,"Ley Foral 19/2001, de 5 de julio, de modificación de la Ley Foral 1/1987, de 13 de febrero, de Cuerpos de Policía de Navarra."
2001-08-11,192,1,BOE-A-2001-15857,MINISTERIO DE DEFENSA,estatal,Orden,30317,30317,"Orden 172/2001, de 2 de agosto, por la que se dictan normas para la aplicación de los incentivos por años de servicio."
2001-08-11,192,1,BOE-A-2001-15858,MINISTERIO DE HACIENDA,estatal,Orden,30317,30319,Orden de 31 de julio de 2001 por la que se establece la plena integración de la contabilidad de la Caja General de Depósitos en el Sistema de Información Contable de la Administración General del Estado.
2001-08-11,192,1,BOE-A-2001-15859,MINISTERIO DE HACIENDA,estatal,Resolución,30319,30336,"Resolución de 25 de julio de 2001, de la Secretaría de Estado de Presupuestos y Gastos, por la que se dictan Instrucciones en relación con la elaboración en euros de las nóminas de determinado personal del sector público estatal."
2001-08-13,193,1,BOE-A-2001-15911,"MINISTERIO DE AGRICULTURA, PESCA Y ALIMENTACIÓN",estatal,Orden,30424,30430,"Orden de 2 de agosto de 2001 por la que se actualiza el anexo del Real Decreto 558/2001, de 25 de mayo, por el que se regula el reconocimiento oficial de las Organizaciones y Asociaciones de Criadores de Perros de Raza Pura."
2001-08-14,194,1,BOE-A-2001-15949,MINISTERIO DE JUSTICIA,estatal,Orden,30517,30517,"Orden de 31 julio 2001 por la que se dispone la publicación del Acuerdo de Consejo de Ministros por el que se fija el módulo para la distribución del crédito que figura en los Presupuestos Generales del Estado para 2001, destinado a subvencionar los gastos de funcionamiento de los Juzgados de Paz."
2001-08-14,194,1,BOE-A-2001-15950,MINISTERIO DE DEFENSA,estatal,Real Decreto,30517,30552,"Real Decreto 899/2001, de 27 de julio, por el que se aprueba el Reglamento de la Real y Militar Orden de San Fernando."
2001-08-16,196,1,BOE-A-2001-16021,MINISTERIO DE ASUNTOS EXTERIORES,estatal,Tratado o acuerdo internacional,30845,30845,"Canje de Notas de fechas 5 de mayo de 2000 y 5 de febrero de 2001, constitutivo de Acuerdo entre el Reino de España y el Reino Unido de Gran Bretaña e Irlanda del Norte, para la extensión a la isla de Man del Convenio Europeo número 30, de Asistencia Judicial en Materia Penal de 20 de abril de 1959."
2001-08-17,197,1,BOE-A-2001-16068,MINISTERIO DE TRABAJO Y ASUNTOS SOCIALES,estatal,Orden,30910,30911,"Orden de 2 de agosto de 2001 por la que se dictan normas para la aplicación de lo dispuesto en el artículo 5 del Real Decreto-ley 6/2001, de 6 de abril, por el que se adoptan medidas urgentes para reparar los daños causados por las lluvias y temporales acaecidos desde los últimos días de octubre de 2000 hasta finales del mes de enero de 2001 en las Comunidades Autónomas de Galicia y Castilla y León."
2001-08-17,197,1,BOE-A-2001-16069,"MINISTERIO DE AGRICULTURA, PESCA Y ALIMENTACIÓN",estatal,Orden,30911,30912,Orden de 16 de agosto de 2001 por la que se establecen las condiciones de movimiento de ganado porcino para el control de la peste porcina clásica en España.
2001-08-18,198,1,BOE-A-2001-16137,MINISTERIO DE FOMENTO,estatal,Orden,31101,31102,Orden de 31 julio 2001 sobre modificación de Normas del Plan General de Ordenación Urbana de Melilla.
2001-08-18,198,1,BOE-A-2001-16138,MINISTERIO DE ECONOMÍA,estatal,Resolución,31102,31102,"Resolución de 3 de agosto de 2001, de la Dirección General de Política Energética y Minas, por la que se aprueban las nuevas tarifas y precios de los suministros de gas natural y gases manufacturados por canalización para usos domésticos y comerciales."
2001-08-18,198,1,BOE-A-2001-16139,MINISTERIO DE ECONOMÍA,estatal,Resolución,31103,31103,"Resolución de 3 de agosto de 2001, de la Dirección General de Política Energética y Minas, por la que se hacen públicos los nuevos precios máximos de venta, antes de impuestos, de los gases licuados del petróleo."
2001-08-24,203,1,BOE-A-2001-16538,COMUNIDAD AUTÓNOMA DEL PRINCIPADO DE ASTURIAS,autonómico,Ley,31937,31952,"Ley 7/2001, de 22 de junio, de Turismo."
2001-08-28,206,1,BOE-A-2001-16691,COMUNIDAD AUTÓNOMA DE CATALUÑA,autonómico,Ley,32444,32453,"Ley 10/2001, de 13 de julio, de Archivos y Documentos."
2001-08-28,206,1,BOE-A-2001-16692,COMUNIDAD AUTÓNOMA DE CATALUÑA,autonómico,Ley,32453,32454,"Ley 11/2001, de 13 de julio, de Acogida Familiar para Personas Mayores."
2001-08-28,206,1,BOE-A-2001-16693,COMUNIDAD AUTÓNOMA DE CATALUÑA,autonómico,Ley,32454,32456,"Ley 12/2001, de 13 de julio, de Creación del Colegio de Joyeros, de Orfebres, de Relojeros y de Gemólogos de Cataluña."
2001-08-28,206,1,BOE-A-2001-16694,COMUNIDAD AUTÓNOMA DE CATALUÑA,autonómico,Ley,32456,32456,"Ley 13/2001, de 13 de julio, de modificación de la Ley 3/1998, de 27 de febrero, de la Intervención Integral de la Administración Ambiental."
2001-08-28,206,1,BOE-A-2001-16695,COMUNIDAD AUTÓNOMA DE CANTABRIA,autonómico,Ley,32456,32510,"Ley 2/2001, de 25 de junio, de Ordenación Territorial y Régimen Urbanístico del Suelo de Cantabria."
2001-08-29,207,1,BOE-A-2001-16727,COMUNIDAD AUTÓNOMA DE CANARIAS,autonómico,Ley,32676,32683,"Ley 7/2001, de 31 de julio, del Diputado del Común."
2001-08-31,209,1,BOE-A-2001-16828,MINISTERIO DE ECONOMÍA,estatal,Resolución,32860,32861,"Resolución de 28 de agosto de 2001, de la Dirección General de Política Energética y Minas, por la que se hacen públicos los nuevos precios máximos de venta de gas natural para usos industriales."
2001-09-01,210,1,BOE-A-2001-16857,MINISTERIO DE ECONOMÍA,estatal,Resolución,32968,32969,"Resolución de 29 de agosto de 2001, del Comisionado para el Mercado de Tabacos, por la que se publican los precios de venta al público de determinadas labores de tabaco en expendedurías de tabaco y timbre del área del monopolio."
2001-09-05,213,1,BOE-A-2001-16941,COMUNIDAD AUTÓNOMA DE LA RIOJA,autonómico,Corrección,33192,33192,"Corrección de errores de la Ley 4/2001, de 2 de julio, de Cooperativas de La Rioja."
2001-09-06,214,1,BOE-A-2001-16972,JEFATURA DEL ESTADO,estatal,Real Decreto-ley,33513,33516,"Real Decreto-ley 13/2001, de 5 de septiembre, por el que se adoptan medidas urgentes para reparar los daños causados por los episodios de lluvias intensas acaecidos en los meses de febrero y marzo de 2001 en la Comunidad Autónoma de Castilla y León."
2001-09-06,214,1,BOE-A-2001-16973,MINISTERIO DE LA PRESIDENCIA,estatal,Real Decreto,33516,33524,"Real Decreto 941/2001, de 3 de agosto, por el que se establece el régimen de protección de los recursos pesqueros del Parque Nacional Marítimo-Terrestre del Archipiélago de Cabrera."
2001-09-06,214,1,BOE-A-2001-16974,MINISTERIO DE LA PRESIDENCIA,estatal,Real Decreto,33524,33528,"Real Decreto 945/2001, de 3 de agosto, sobre la gestión financiera de determinados fondos destinados al pago de las adquisiciones de material militar y servicios en el extranjero y Acuerdos internacionales suscritos por España en el ámbito de las competencias del Ministerio de Defensa."
2001-09-06,214,1,BOE-A-2001-16975,MINISTERIO DE LA PRESIDENCIA,estatal,Real Decreto,33528,33531,"Real Decreto 946/2001, de 3 de agosto, por el que se aprueba el Estatuto del Real Patronato sobre Discapacidad."
2001-09-06,214,1,BOE-A-2001-16976,MINISTERIO DE ECONOMÍA,estatal,Real Decreto,33531,33533,"Real Decreto 950/2001, de 3 de agosto, por el que se declaran oficiales las cifras de población resultantes de la revisión del Padrón municipal referidas a 1 de enero de 2000."
2001-09-07,215,1,BOE-A-2001-17023,MINISTERIO DE FOMENTO,estatal,Orden,33730,33732,Orden de 4 septiembre 2001 por la que se dictan normas sobre la colaboración del Servicio de Correos en las elecciones al Parlamento de Galicia.
2001-09-07,215,1,BOE-A-2001-17024,"MINISTERIO DE EDUCACIÓN, CULTURA Y DEPORTE",estatal,Real Decreto,33733,33795,"Real Decreto 937/2001, de 3 de agosto, por el que se modifica el Real Decreto 1345/1991, de 6 de septiembre, modificado por el Real Decreto 1390/1995, de 4 de agosto, por el que se establece el currículo de la Educación Secundaria Obligatoria."
2001-09-07,215,1,BOE-A-2001-17025,"MINISTERIO DE EDUCACIÓN, CULTURA Y DEPORTE",estatal,Real Decreto,33795,33879,"Real Decreto 938/2001, de 3 de agosto, por el que se modifica el Real Decreto 1179/1992, de 2 de octubre, por el que se establece el currículo del Bachillerato."
2001-09-07,215,1,BOE-A-2001-17026,MINISTERIO DE ADMINISTRACIONES PÚBLICAS,estatal,Real Decreto,33879,33888,"Real Decreto 947/2001, de 3 de agosto, por el que se aprueba el Reglamento del Servicio Jurídico de la Administración de la Seguridad Social."
2001-09-07,215,1,BOE-A-2001-17027,MINISTERIO DE ECONOMÍA,estatal,Real Decreto,33888,33904,"Real Decreto 949/2001, de 3 de agosto, por el que se regula el acceso de terceros a las instalaciones gasistas y se establece un sistema económico integrado del sector de gas natural."
2001-09-08,216,1,BOE-A-2001-17097,MINISTERIO DE LA PRESIDENCIA,estatal,Orden,34001,34001,"Orden de 5 de septiembre de 2001 por la que se modifica la Orden de 25 de febrero de 2000, por la que se crea y regula el Índice Nacional de Defunciones."
2001-09-11,218,1,BOE-A-2001-17161,MINISTERIO DE HACIENDA,estatal,Real Decreto,34126,34128,"Real Decreto 995/2001, de 10 de septiembre, por el que se modifica el Reglamento del Impuesto sobre Sociedades en materia de regímenes fiscales especiales."
2001-09-11,218,1,BOE-A-2001-17162,MINISTERIO DE FOMENTO,estatal,Corrección,34128,34128,Corrección de errores de la Orden de 4 de septiembre de 2001 por la que se dictan normas sobre la colaboración del Servicio de Correos en las elecciones al Parlamento de Galicia.
2001-09-11,218,1,BOE-A-2001-17163,MINISTERIO DE TRABAJO Y ASUNTOS SOCIALES,estatal,Real Decreto,34128,34130,"Real Decreto 939/2001, de 3 de agosto, por el que se modifica el Real Decreto 1221/1992, de 9 de octubre, sobre el patrimonio de la Seguridad Social."
2001-09-11,218,1,BOE-A-2001-17164,MINISTERIO DE CIENCIA Y TECNOLOGÍA,estatal,Real Decreto,34130,34133,"Real Decreto 996/2001, de 10 de septiembre, por el que se establece la aplicación con carácter general del procedimiento de concesión de patentes nacionales con examen previo."
2001-09-12,219,1,BOE-A-2001-17249,MINISTERIO DE ASUNTOS EXTERIORES,estatal,Orden,34237,34237,Orden de 31 de agosto de 2001 por la que se crean dos Oficinas Consulares Honorarias en Cracovia y Gdansk (Polonia).
2001-09-12,219,1,BOE-A-2001-17250,"MINISTERIO DE AGRICULTURA, PESCA Y ALIMENTACIÓN",estatal,Orden,34237,34241,"Orden de 11 de septiembre de 2001 por la que se desarrollan y concretan determinados aspectos del Reglamento (CE) 609/2001, de la Comisión, de 28 de marzo, en relación con los programas y fondos operativos de las organizaciones de productores de frutas y hortalizas."
2001-09-12,219,1,BOE-A-2001-17251,MINISTERIO DE LA PRESIDENCIA,estatal,Orden,34241,34254,Orden de 7 de septiembre de 2001 por la que se aprueban los modelos en euros de los impresos para la liquidación de las tasas y cánones gestionados por la Comisión del Mercado de las Telecomunicaciones.
2001-09-13,220,1,BOE-A-2001-17313,JEFATURA DEL ESTADO,estatal,Otras,34367,34367,Instrumento de Ratificación de las Actas Finales de la Conferencia Mundial de Radiocomunicaciones (CMR-95) firmadas en Ginebra el 17 de noviembre de 1995.
2001-09-13,220,1,BOE-A-2001-17314,MINISTERIO DE JUSTICIA,estatal,Corrección,34367,34367,"Corrección de errores del Real Decreto 936/2001, de 3 de agosto, por el que se regula el ejercicio permanente en España de la profesión de Abogado con título profesional obtenido en otro Estado miembro de la Unión Europea."
2001-09-14,221,1,BOE-A-2001-17419,MINISTERIO DE ASUNTOS EXTERIORES,estatal,Tratado o acuerdo internacional,34582,34587,"Enmiendas de 1999 al Convenio Internacional para la Seguridad de la Vida Humana en el Mar, 1974, hecho en Londres el 1 de noviembre de 1974 (""Boletín Oficial del Estado"" del 16 al 18 de junio, y 3 de septiembre de 1980 y 17 de marzo de 1983), Resolución MSC.87 (71) y Código Internacional para la Seguridad del Transporte de Combustible Nuclear irradiado, plutonio y desechos de alta actividad en bultos a bordo de los buques (código CNI), Resolución MSC.88 (71), aprobados el 27 de mayo de 1999."
2001-09-14,221,1,BOE-A-2001-17420,MINISTERIO DE ECONOMÍA,estatal,Orden,34587,34588,Orden de 3 de agosto de 2001 por la que se fijan las indemnizaciones que correspondan a las personas que sufran accidentes al colaborar en los trabajos de extinción de incendios forestales.
2001-09-15,222,1,BOE-A-2001-17500,JEFATURA DEL ESTADO,estatal,Otras,34733,34749,"Instrumento de ratificación de la Carta Europea de las Lenguas Regionales o Minoritarias, hecha en Estrasburgo el 5 de noviembre de 1992."
2001-09-15,222,1,BOE-A-2001-17501,MINISTERIO DE ASUNTOS EXTERIORES,estatal,Tratado o acuerdo internacional,34749,34750,"Enmiendas al anejo I, apéndice 4 del Acuerdo sobre transportes internacionales de mercancías perecederas y sobre vehículos especiales utilizados en estos transportes (ATP), hecho en Ginebra el 1 de septiembre de 1970 (publicado en el ""Boletín Oficial del Estado"" de 22 de noviembre de 1976) puestas en circulación por el Secretario general de las Naciones Unidas el 27 de julio de 1999 y 11 de febrero de 2000, respectivamente."
2001-09-15,222,1,BOE-A-2001-17502,MINISTERIO DE HACIENDA,estatal,Corrección,34750,34750,"Corrección de errores de la Orden de 7 de agosto de 2001 por la que se aprueba el modelo 346 en euros, de declaración informativa anual de subvenciones e indemnizaciones satisfechas o abonadas por entidades públicas o privadas a agricultores o ganaderos, así como los diseños físicos y lógicos para la sustitución de las hojas interiores de dicho modelo por soportes directamente legibles por ordenador, y se establece el procedimiento para su presentación telemática por teleproceso."
2001-09-15,222,1,BOE-A-2001-17503,MINISTERIO DE HACIENDA,estatal,Corrección,34750,34750,"Corrección de errores de la Resolución de 25 de julio de 2001, de la Secretaría de Estado de Presupuestos y Gastos, por la que se dictan instrucciones en relación con la elaboración en euros de las nóminas de determinado personal del sector público estatal."
2001-09-15,222,1,BOE-A-2001-17504,MINISTERIO DE ECONOMÍA,estatal,Resolución,34750,34751,"Resolución de 10 de septiembre de 2001, de la Dirección General de Política Energética y Minas, por la que se hacen públicos los nuevos precios máximos de venta, antes de impuestos, de los gases licuados del petróleo."
2001-09-15,222,1,BOE-A-2001-17505,MINISTERIO DE ECONOMÍA,estatal,Resolución,34751,34751,"Resolución de 12 de septiembre de 2001, del Comisionado para el Mercado de Tabacos, por la que se publican los precios de venta al público de determinadas labores de tabaco en expendedurías de tabaco y timbre del área del monopolio."
2001-09-17,223,1,BOE-A-2001-17566,TRIBUNAL SUPREMO,estatal,Resolución judicial,34821,34821,"Sentencia de 15 de junio de 2001, de la Sala Tercera del Tribunal Supremo, por la que se fija la doctrina legal respecto al recargo de mora en los procedimientos recaudatorios de la Tesorería General de la Seguridad Social por deudas de las entidades que integran la Administración Local."
2001-09-17,223,1,BOE-A-2001-17567,TRIBUNAL SUPREMO,estatal,Resolución judicial,34821,34821,"Sentencia de 2 de julio de 2001, de la Sala Tercera del Tribunal Supremo, por la que se anula el artículo 1, apartado 2, del Real Decreto 960/1990, de 13 de julio, por el que se integra en el Régimen General de la Seguridad Social al Personal Interino al Servicio de la Administración de Justicia, en cuanto no incluye en su ámbito a los Magistrados suplentes."
2001-09-17,223,1,BOE-A-2001-17568,TRIBUNAL SUPREMO,estatal,Resolución judicial,34821,34822,"Sentencia de 16 de julio de 2001, de la Sala Tercera del Tribunal Supremo, por la que se anula el artículo 43.5 del Real Decreto 1339/1999, de 31 de julio, por el que se aprueba el Reglamento de la Comisión Nacional de Energía."
2001-09-18,224,1,BOE-A-2001-17619,MINISTERIO DE ASUNTOS EXTERIORES,estatal,Tratado o acuerdo internacional,34859,34859,"Entrada en vigor del Acuerdo entre España y el Fondo Internacional de Indemnización de daños causados por la contaminación por hidrocarburos, hecho en Londres el 2 de junio de 2000, cuya aplicación provisional fue publicada en el ""Boletín Oficial del Estado"" número 174, de fecha 21 de julio."
2001-09-18,224,1,BOE-A-2001-17620,MINISTERIO DE ASUNTOS EXTERIORES,estatal,Tratado o acuerdo internacional,34859,34859,"Entrada en vigor del Convenio-Marco entre el Reino de España y la República Portuguesa relativo a la mejora de los accesos entre los dos países, hecho ""ad referendum"" en Albufeira el 30 de noviembre de 1998, cuya aplicación provisional fue publicada en el ""Boletín Oficial del Estado"" número 128, de fecha 29 de mayo de 1999."
2001-09-18,224,1,BOE-A-2001-17621,"MINISTERIO DE AGRICULTURA, PESCA Y ALIMENTACIÓN",estatal,Orden,34859,34864,Orden de 17 de septiembre de 2001 por la que se concretan algunos aspectos del Reglamento (CE) 1092/2001 en relación con el desarrollo y seguimiento de las campañas de determinados cítricos enviados a la transformación.
2001-09-18,224,1,BOE-A-2001-17622,MINISTERIO DE ECONOMÍA,estatal,Orden,34865,34865,Orden de 30 de agosto de 2001 por la que se establece el nuevo sistema de Índices de Precios de Consumo base 2001.
2001-09-19,225,1,BOE-A-2001-17709,TRIBUNAL CONSTITUCIONAL,estatal,Resolución judicial,34961,34961,"Acuerdo de 17 de septiembre de 2001, de la Presidencia del Tribunal Constitucional, por el que se habilita, para la presentación en el Registro General del Tribunal del recurso de amparo electoral, el día 30 de septiembre de 2001."
2001-09-19,225,1,BOE-A-2001-17710,MINISTERIO DEL INTERIOR,estatal,Orden,34961,34970,Orden de 10 de septiembre de 2001 por la que se desarrolla la estructura orgánica y funciones de los servicios centrales y periféricos de la Dirección General de la Policía.
2001-09-19,225,1,BOE-A-2001-17711,"MINISTERIO DE AGRICULTURA, PESCA Y ALIMENTACIÓN",estatal,Orden,34970,34971,Orden de 7 de septiembre de 2001 por la que se crea la Junta de Contratación y la Mesa de Contratación del Fondo Español de Garantía Agraria.
2001-09-20,226,1,BOE-A-2001-17763,MINISTERIO DE ASUNTOS EXTERIORES,estatal,Tratado o acuerdo internacional,35086,35091,"Aplicación Provisional del Acuerdo entre el Reino de España y la Organización Mundial de la Salud relativo a las instalaciones y servicios y a la condición jurídica reconocida a la Organización con motivo de la celebración en Madrid (España) del 51.º período de sesiones del Comité Regional para Europa del 10 al 13 de septiembre de 2001, hecho en Ginebra el 2 de julio de 2001."
2001-09-20,226,1,BOE-A-2001-17764,MINISTERIO DE ASUNTOS EXTERIORES,estatal,Tratado o acuerdo internacional,35091,35093,"Aplicación Provisional del Acuerdo sobre mano de obra entre el Reino de España y el Reino de Marruecos, hecho en Madrid el 25 de julio de 2001."
2001-09-21,227,1,BOE-A-2001-17842,MINISTERIO DE SANIDAD Y CONSUMO,estatal,Orden,35205,35206,Orden de 6 de septiembre de 2001 por la que se regula la Comisión de Estadística del Ministerio de Sanidad y Consumo.
2001-09-21,227,1,BOE-A-2001-17843,MINISTERIO DE SANIDAD Y CONSUMO,estatal,Corrección,35206,35207,Corrección de errores de la Orden de 11 de junio de 2001 por la que se modifica el anexo del Real Decreto 1917/1997.
2001-09-21,227,1,BOE-A-2001-17844,COMUNIDAD AUTÓNOMA DE CASTILLA-LA MANCHA,autonómico,Ley,35207,35212,"Ley 7/2001, de 28 de junio, de Selección de Personal y Provisión de Puestos de Trabajo."
2001-09-21,227,1,BOE-A-2001-17845,COMUNIDAD AUTÓNOMA DE CASTILLA-LA MANCHA,autonómico,Ley,35212,35218,"Ley 8/2001, de 28 de junio, para la Ordenación de las Instalaciones de Radiocomunicación en Castilla-La Mancha."
2001-09-22,228,1,BOE-A-2001-17894,PRESIDENCIA DEL GOBIERNO,estatal,Real Decreto,35321,35321,"Real Decreto 1033/2001, de 21 de septiembre, por el que se modifican el Real Decreto 434/1988, de 6 de mayo, sobre la reestructuración de la Casa de Su Majestad el Rey, y el Real Decreto 725/1993, de 14 de mayo, por el que se modifica el Real Decreto 2157/1977, de 23 de julio, de creación del distintivo de la Casa de Su Majestad el Rey."
2001-09-22,228,1,BOE-A-2001-17895,MINISTERIO DE ASUNTOS EXTERIORES,estatal,Tratado o acuerdo internacional,35322,35322,"Declaración de aceptación por parte de España de la adhesión de la República de Bulgaria al Convenio de La Haya sobre la obtención de pruebas en el extranjero en materia civil y mercantil, hecho en La Haya el 18 de marzo de 1970."
2001-09-22,228,1,BOE-A-2001-17896,MINISTERIO DE HACIENDA,estatal,Corrección,35322,35322,"Corrección de errores de la Orden de 27 de julio de 2001 por la que se aprueban los modelos 043, 044, 045, 181, 182, 190, 311, 371, 345, 480, 650, 652 y 651 en euros, así como el modelo 777, documento de ingreso o devolución en el caso de declaraciones-liquidaciones extemporáneas y complementarias, y por la que se establece la obligación de utilizar necesariamente los modelos en euros a partir de 1 de enero de 2002."
2001-09-22,228,1,BOE-A-2001-17897,MINISTERIO DE ECONOMÍA,estatal,Corrección,35322,35322,"Corrección de errores del Real Decreto 92/2001, de 2 de febrero, por el que se regula la Comisión Interministerial para las Negociaciones en la Organización Mundial de Comercio (OMC)."
2001-09-25,230,1,BOE-A-2001-17996,MINISTERIO DE LA PRESIDENCIA,estatal,Real Decreto,35518,35520,"Real Decreto 1010/2001, de 14 de septiembre, por el que se determinan las autoridades competentes en materia de transporte de mercancías perecederas y se constituye y regula la Comisión para la Coordinación de dicho transporte."
2001-09-25,230,1,BOE-A-2001-17997,MINISTERIO DE LA PRESIDENCIA,estatal,Orden,35520,35521,"Orden de 20 de septiembre de 2001 por la que se modifica la Orden de 25 de octubre de 1983, por la que se aprueba la Norma General de Calidad para la leche condensada destinada al mercado interior."
2001-09-25,230,1,BOE-A-2001-17998,COMUNIDAD AUTÓNOMA DE GALICIA,autonómico,Ley,35521,35529,"Ley 8/2001, de 2 de agosto, de Protección de la Calidad de las Aguas de las Rías de Galicia y de Ordenación del Servicio Público de Depuración de Aguas Residuales Urbanas."
2001-09-25,230,1,BOE-A-2001-17999,COMUNIDAD AUTÓNOMA DE GALICIA,autonómico,Ley,35529,35542,"Ley 9/2001, de 21 de agosto, de Conservación de la Naturaleza."
2001-09-26,231,1,BOE-A-2001-18071,CORTES GENERALES,estatal,Resolución,35717,35717,"Resolución de 20 de septiembre de 2001, del Congreso de los Diputados, por la que se ordena la publicación del Acuerdo de convalidación del Real Decreto-ley 13/2001, de 5 de septiembre, por el que se adoptan medidas urgentes para reparar los daños causados por los episodios de lluvias intensas acaecidas en los meses de febrero y marzo de 2001 en la Comunidad Autónoma de Castilla y León."
2001-09-26,231,1,BOE-A-2001-18072,MINISTERIO DE FOMENTO,estatal,Orden,35717,35718,"Orden de 13 septiembre 2001 de modificación parcial de la Orden de 16 de diciembre de 1997 por la que se regulan los accesos a las carreteras del Estado, las vías de servicio y la construcción de instalaciones de servicios y de la Orden de 27 de diciembre de 1999 por la que se aprueba la norma 3.1.IC. Trazado, de la Instrucción de Carreteras."
2001-09-26,231,1,BOE-A-2001-18073,"MINISTERIO DE EDUCACIÓN, CULTURA Y DEPORTE",estatal,Orden,35718,35719,"Orden de 19 de septiembre de 2001 por la que se determinan las titulaciones y los estudios de primer ciclo, así como los complementos de formación, necesarios para el acceso al segundo ciclo de las enseñanzas conducentes a la obtención del título oficial de Ingeniero Geólogo."
2001-09-26,231,1,BOE-A-2001-18074,MINISTERIO DE LA PRESIDENCIA,estatal,Orden,35719,35722,"Orden de 20 de septiembre de 2001 por la que se dispone la publicación del Acuerdo de la Comisión Delegada del Gobierno para Asuntos Económicos, de 6 de septiembre de 2001, por el que se aprueba el nuevo plan de precios denominado Plan Bono Elección para el servicio telefónico fijo disponible al público en llamadas de ámbito provincial, interprovincial e internacional de ""Telefónica de España, Sociedad Anónima Unipersonal""."
2001-09-27,232,1,BOE-A-2001-18133,"MINISTERIO DE EDUCACIÓN, CULTURA Y DEPORTE",estatal,Orden,35829,35830,"Orden de 21 de septiembre de 2001 por la que se desarrolla la disposición adicional cuarta del Real Decreto 69/2000, de 21 de enero, por el que se regulan los procedimientos de selección para el ingreso en los centros universitarios de los estudiantes que reúnan los requisitos legales necesarios para el acceso a la Universidad."
2001-09-27,232,1,BOE-A-2001-18134,"MINISTERIO DE AGRICULTURA, PESCA Y ALIMENTACIÓN",estatal,Orden,35830,35838,"Orden de 19 de septiembre de 2001 por la que se modifica el anexo F del Real Decreto 1488/1994, de 1 de julio, por el que se establecen medidas mínimas de lucha contra determinadas enfermedades de los peces."
2001-09-28,233,1,BOE-A-2001-18183,JEFATURA DEL ESTADO,estatal,Corrección,36014,36014,"Corrección de erratas del Instrumento de Adhesión de España a la Convención sobre las Misiones Especiales y Protocolo Facultativo sobre la solución obligatoria de Controversias, hechos en Nueva York el 8 de diciembre de 1969, publicado en el ""Boletín Oficial del Estado"" número 159, de 4 de julio de 2001."
2001-09-28,233,1,BOE-A-2001-18184,MINISTERIO DE ECONOMÍA,estatal,Resolución,36014,36014,"Resolución de 20 de septiembre de 2001, de la Dirección General de Política Energética y Minas, por la que se hacen públicos los nuevos precios máximos de venta, antes de impuestos, de los gases licuados del petróleo envasados, en envases de capacidad igual o superior a 8 kilogramos."
2001-09-28,233,1,BOE-A-2001-18185,MINISTERIO DE ECONOMÍA,estatal,Resolución,36014,36015,"Resolución de 25 de septiembre de 2001, de la Dirección General de Política Energética y Minas, por la que se hacen públicos los nuevos precios máximos de venta de gas natural para usos industriales."
2001-09-29,234,1,BOE-A-2001-18255,JEFATURA DEL ESTADO,estatal,Real Decreto-ley,36216,36217,"Real Decreto-ley 14/2001, de 28 de septiembre, por el que se establece el régimen del reaseguro por cuenta del Estado de los riesgos de guerra y terrorismo que puedan afectar a la navegación aérea."
2001-09-29,234,1,BOE-A-2001-18256,MINISTERIO DE LA PRESIDENCIA,estatal,Real Decreto,36217,36227,"Real Decreto 1066/2001, de 28 de septiembre, por el que se aprueba el Reglamento que establece condiciones de protección del dominio público radioeléctrico, restricciones a las emisiones radioeléctricas y medidas de protección sanitaria frente a emisiones radioeléctricas."
2001-09-29,234,1,BOE-A-2001-18257,MINISTERIO DE ECONOMÍA,estatal,Resolución,36227,36229,"Resolución de 26 de septiembre de 2001, del Comisionado para el Mercado de Tabacos, por la que se publican los precios de venta al público de determinadas labores de tabaco en Expendedurías de Tabaco y Timbre del área del monopolio."
2001-10-02,236,1,BOE-A-2001-18336,TRIBUNAL CONSTITUCIONAL,estatal,Resolución judicial,36462,36462,"Conflicto positivo de competencia número 2.260/2001, interpuesto por el Abogado del Estado, en representación del Gobierno de la Nación, contra el Decreto 237/2000, de 28 de diciembre, por el que se crea en la Comunidad Autónoma del País Vasco la Oficina Pública, su Comité y la Inspección de Elecciones Sindicales."
2001-10-02,236,1,BOE-A-2001-18337,TRIBUNAL CONSTITUCIONAL,estatal,Resolución judicial,36462,36462,Cuestión de inconstitucionalidad número 2.090/2001.
2001-10-02,236,1,BOE-A-2001-18338,TRIBUNAL CONSTITUCIONAL,estatal,Resolución judicial,36462,36462,Cuestión de inconstitucionalidad número 3.227/2001.
2001-10-02,236,1,BOE-A-2001-18339,TRIBUNAL CONSTITUCIONAL,estatal,Resolución judicial,36462,36462,Cuestión de inconstitucionalidad número 3.425/2001.
2001-10-02,236,1,BOE-A-2001-18340,TRIBUNAL CONSTITUCIONAL,estatal,Resolución judicial,36462,36462,Cuestión de inconstitucionalidad número 4.166/2001.
2001-10-02,236,1,BOE-A-2001-18341,TRIBUNAL CONSTITUCIONAL,estatal,Resolución judicial,36463,36463,"Recurso de inconstitucionalidad número 1.771/2001, promovido por el Presidente del Gobierno, contra varios preceptos de la Ley de las Cortes de Castilla-La Mancha 11/2000, de 26 de diciembre, del Impuesto sobre Determinadas Actividades que inciden sobre el Medio Ambiente."
2001-10-02,236,1,BOE-A-2001-18342,TRIBUNAL CONSTITUCIONAL,estatal,Resolución judicial,36463,36463,"Recurso de inconstitucionalidad número 2.054/2001, promovido por el Presidente del Gobierno, contra la Ley Foral 16/2000, de 29 de diciembre, de modificación de la Ley Foral 10/1999, de 6 de abril, por la que se declara Parque Natural las Bárdenas Reales de Navarra."
2001-10-02,236,1,BOE-A-2001-18343,TRIBUNAL CONSTITUCIONAL,estatal,Resolución judicial,36463,36463,"Recurso de inconstitucionalidad número 4.364/2001, promovido por el Consejo de Gobierno de la Junta de Andalucía, en relación con el artículo único, ordinales uno y dos, de la Ley 6/2001, de 8 de mayo."
2001-10-02,236,1,BOE-A-2001-18344,TRIBUNAL CONSTITUCIONAL,estatal,Resolución judicial,36463,36463,"Recurso de inconstitucionalidad número 4.407/2001, promovido por el Abogado del Estado, en nombre del Presidente del Gobierno, en relación con la Ley del Parlamento de las Islas Baleares 7/2001, de 23 de abril, del Impuesto sobre las Estancias en Empresas Turísticas de Alojamiento."
2001-10-02,236,1,BOE-A-2001-18345,MINISTERIO DE HACIENDA,estatal,Resolución,36463,36468,"Resolución de 25 de septiembre de 2001, del Departamento de Aduanas e Impuestos Especiales de la Agencia Estatal de la Administración Tributaria, por la que se actualiza el Arancel Integrado de Aplicación (TARIC)."
2001-10-02,236,1,BOE-A-2001-18346,MINISTERIO DE HACIENDA,estatal,Corrección,36469,36469,"Corrección de errores de la Resolución de 18 de julio de 2001, de la Dirección General de Presupuestos, por la que se establecen los códigos que definen la estructura económica establecida por la Orden del Ministerio de Hacienda, de 27 de abril de 2001."
2001-10-02,236,1,BOE-A-2001-18347,MINISTERIO DE TRABAJO Y ASUNTOS SOCIALES,estatal,Resolución,36469,36470,"Resolución de 4 de septiembre de 2001, de la Dirección General de Ordenación de las Migraciones, por la que se establece para Uruguay un plazo especial para la presentación de la fe de vida y declaración de ingresos por los beneficiarios de pensiones asistenciales."
2001-10-02,236,1,BOE-A-2001-18348,MINISTERIO DE ECONOMÍA,estatal,Corrección,36470,36470,Corrección de errores de la Orden de 3 de agosto de 2001 por la que se fijan las indemnizaciones que correspondan a las personas que sufren accidentes al colaborar en los trabajos de extinción de incendios forestales.
2001-10-03,237,1,BOE-A-2001-18415,MINISTERIO DE ADMINISTRACIONES PÚBLICAS,estatal,Corrección,36550,36550,"Corrección de errores del Real Decreto 543/2001, de 18 de mayo, sobre acceso al empleo público de la Administración General del Estado y sus organismos públicos de nacionales de otros Estados a los que es de aplicación el derecho a la libre circulación de trabajadores."
2001-10-03,237,1,BOE-A-2001-18416,MINISTERIO DE ADMINISTRACIONES PÚBLICAS,estatal,Orden,36550,36564,Orden de 18 de septiembre de 2001 por la que se regulan las prestaciones complementarias de la asistencia sanitaria en la Mutualidad General de Funcionarios Civiles del Estado.
2001-10-04,238,1,BOE-A-2001-18493,MINISTERIO DE FOMENTO,estatal,Real Decreto,36640,36646,"Real Decreto 1035/2001, de 21 de septiembre, por el que se aprueban los Estatutos Generales del Colegio Oficial de Ingenieros Aeronáuticos de España."
2001-10-04,238,1,BOE-A-2001-18494,"MINISTERIO DE EDUCACIÓN, CULTURA Y DEPORTE",estatal,Real Decreto,36646,36647,"Real Decreto 1036/2001, de 21 de septiembre, por el que se crea la Comisión Nacional para la Conmemoración del Centenario del Nacimiento de Luis Cernuda."
2001-10-04,238,1,BOE-A-2001-18495,"MINISTERIO DE EDUCACIÓN, CULTURA Y DEPORTE",estatal,Real Decreto,36647,36693,"Real Decreto 1037/2001, de 21 de septiembre, por el que se homologan diversos títulos de la Universidad Europea de Madrid y se modifican los Reales Decretos 1558/1998, de 17 de julio, y 1328/1999, de 31 de julio, de homologación de otros títulos de la misma."
2001-10-05,239,1,BOE-A-2001-18599,MINISTERIO DE HACIENDA,estatal,Resolución,36854,36855,"Resolución de 28 de septiembre de 2001, de la Dirección General de Fondos Comunitarios y Financiación Territorial, por la que se dan instrucciones a las Entidades locales relativas a la moneda en la que se deberá proporcionar información económico-financiera, con motivo de la implantación del euro."
2001-10-06,240,1,BOE-A-2001-18665,MINISTERIO DE HACIENDA,estatal,Real Decreto,36977,36984,"Real Decreto 1082/2001, de 5 de octubre, por el que se modifican el Reglamento del Impuesto sobre el Valor Añadido, aprobado por el Real Decreto 1624/1992, de 29 de diciembre; el Real Decreto 1041/1990, de 27 de julio, por el que se regulan las declaraciones censales que han de presentar a efectos fiscales los empresarios, los profesionales y otros obligados tributarios, y el Real Decreto 2027/1995, de 22 de diciembre, por el que se regula la declaración anual de operaciones con terceras personas, y se modifican los requisitos para la presentación de declaraciones en euros."
2001-10-06,240,1,BOE-A-2001-18666,MINISTERIO DE HACIENDA,estatal,Orden,36984,37004,"Orden de 4 de octubre de 2001 por la que se aprueba el modelo 192 de declaración informativa anual de operaciones con Letras del Tesoro, así como los diseños físicos y lógicos para su presentación por soporte directamente legible por ordenador, y se establece el procedimiento para su presentación telemática por teleproceso y se modifica la Orden de 22 de diciembre de 1999, por la que se aprueban los modelos 198 de declaración anual de operaciones con activos financieros y otros valores mobiliarios."
2001-10-06,240,1,BOE-A-2001-18667,MINISTERIO DEL INTERIOR,estatal,Real Decreto,37005,37008,"Real Decreto 1034/2001, de 21 de septiembre, por el que se modifica parcialmente el Reglamento de Espectáculos Taurinos, aprobado por Real Decreto 145/1996, de 2 de febrero."
2001-10-06,240,1,BOE-A-2001-18668,MINISTERIO DE LA PRESIDENCIA,estatal,Corrección,37009,37009,"Corrección de errores del Real Decreto 864/2001, de 20 de julio, por el que se aprueba el Reglamento de ejecución de la Ley Orgánica 4/2000, de 11 de enero, sobre derechos y libertades de los extranjeros en España y su integración social, reformada por Ley Orgánica 8/2000, de 22 de diciembre."
2001-10-06,240,1,BOE-A-2001-18669,MINISTERIO DE ECONOMÍA,estatal,Resolución,37009,37010,"Resolución de 3 de octubre de 2001, del Comisionado para el Mercado de Tabacos, por la que se publican los precios de venta al público de determinadas labores de tabaco en Expendedurías de Tabaco y Timbre de la Península e Illes Balears."
2001-10-08,241,1,BOE-A-2001-18710,TRIBUNAL SUPREMO,estatal,Resolución judicial,37068,37068,"Providencia de 10 de septiembre de 2001, de la Sala Tercera del Tribunal Supremo, sobre planteamiento de cuestión de ilegalidad en relación con el artículo 4 del Real Decreto 391/1989, de 21 de abril, por el que se establece la cuantía del complemento de destino de los miembros del Poder Judicial y del Ministerio Fiscal."
2001-10-09,242,1,BOE-A-2001-18732,BANCO DE ESPAÑA,estatal,Instrucción o circular,37114,37119,"Circular número 3/2001, de 24 de septiembre, a Entidades de Crédito, que modifica la Circular 8/1990, de 7 de septiembre, sobre transparencia de las operaciones y protección de la clientela."
2001-10-09,242,1,BOE-A-2001-18733,BANCO DE ESPAÑA,estatal,Instrucción o circular,37119,37122,"Circular número 4/2001, de 24 de septiembre, a Entidades adscritas a un Fondo de Garantía de Depósitos, de información sobre los saldos que integran la base de cálculo de las aportaciones a los fondos de garantía de depósitos, y alcance de los importes garantizados."
2001-10-09,242,1,BOE-A-2001-18734,BANCO DE ESPAÑA,estatal,Instrucción o circular,37122,37124,"Circular número 5/2001, de 24 de septiembre, a Entidades Miembros del Sistema Nacional de Compensación Electrónica (SNCE), sobre Norma SNCE-008, subsistema general de operaciones diversas; modificación de la Circular número 9/1998, de 30 de octubre, sobre adaptación del SNCE al euro y de la Circular número 8/1988, de 14 de junio, Reglamento del SNCE."
2001-10-10,243,1,BOE-A-2001-18795,MINISTERIO DE FOMENTO,estatal,Resolución,37191,37192,"Resolución de 3 octubre 2001, de la Dirección General de Transportes por Carretera, por la que se modifica la lista de control del transporte de mercancías peligrosas por carretera."
2001-10-10,243,1,BOE-A-2001-18796,MINISTERIO DE LA PRESIDENCIA,estatal,Corrección,37192,37192,"Corrección de errores del Real Decreto 942/2001, de 3 de agosto, por el que se establece el programa de seguimiento y verificación del atún capturado en el área del Acuerdo relativo al Programa Internacional para la Conservación de los Delfines (APICD)."
2001-10-10,243,1,BOE-A-2001-18797,COMUNIDAD AUTÓNOMA DE LA REGIÓN DE MURCIA,autonómico,Ley,37192,37241,"Ley 1/2001, de 24 de abril, del Suelo de la Región de Murcia."
2001-10-10,243,1,BOE-A-2001-18798,COMUNIDAD AUTÓNOMA DE LA REGIÓN DE MURCIA,autonómico,Ley,37241,37242,"Ley 2/2001, de 2 de julio, de creación del Colegio Profesional de Protésicos Dentales de la Región de Murcia."
2001-10-10,243,1,BOE-A-2001-18799,COMUNIDAD AUTÓNOMA DE LA REGIÓN DE MURCIA,autonómico,Ley,37243,37244,"Ley 3/2001, de 3 de julio, de modificación de la Ley 1/2000, de 27 de junio, de Creación del Instituto de Seguridad y Salud Laboral de la Región de Murcia."
2001-10-11,244,1,BOE-A-2001-18895,TRIBUNAL CONSTITUCIONAL,estatal,Resolución judicial,37418,37418,Cuestión de inconstitucionalidad número 4542/2001.
2001-10-11,244,1,BOE-A-2001-18896,MINISTERIO DE DEFENSA,estatal,Real Decreto,37418,37436,"Real Decreto 1064/2001, de 28 de septiembre, por el que se aprueba el Reglamento de Evaluaciones y Ascensos del Personal Militar Profesional."
2001-10-11,244,1,BOE-A-2001-18897,MINISTERIO DEL INTERIOR,estatal,Corrección,37436,37436,Corrección de errores de la Orden de 10 de septiembre de 2001 por la que se desarrollan la estructura orgánica y funciones de los Servicios centrales y periféricos de la Dirección General de la Policía.
2001-10-11,244,1,BOE-A-2001-18898,MINISTERIO DE LA PRESIDENCIA,estatal,Corrección,37436,37436,"Corrección de errores del Real Decreto 944/2001, de 3 de agosto, por el que se aprueba el Reglamento para la determinación de la aptitud psicofísica del personal de las Fuerzas Armadas."
2001-10-11,244,1,BOE-A-2001-18899,MINISTERIO DE ADMINISTRACIONES PÚBLICAS,estatal,Orden,37437,37438,Orden de 3 de octubre de 2001 por la que se regula la Comisión Permanente de Selección.
2001-10-12,245,1,BOE-A-2001-18979,MINISTERIO DE HACIENDA,estatal,Orden,37649,37664,"Orden de 10 de octubre de 2001 por la que se aprueba el modelo 309 de declaración-liquidación no periódica, en pesetas y en euros, del Impuesto sobre el Valor Añadido."
2001-10-12,245,1,BOE-A-2001-18980,MINISTERIO DE LA PRESIDENCIA,estatal,Orden,37665,37665,"Orden de 5 de octubre de 2001 por la que se modifica la Orden de 12 de julio de 1983, por la que se aprueban las normas generales de calidad para la nata y nata en polvo con destino al mercado interior."
2001-10-12,245,1,BOE-A-2001-18981,MINISTERIO DE LA PRESIDENCIA,estatal,Orden,37665,37666,"Orden de 5 de octubre de 2001 por la que se incluye la sustancia activa denominada KBR 2738 (fenhexamida), en el anexo I del Real Decreto 2163/1994, de 4 de noviembre, por el que se implanta el sistema armonizado comunitario de autorización para comercializar y utilizar productos fitosanitarios."
2001-10-12,245,1,BOE-A-2001-18982,COMUNIDAD AUTÓNOMA DE GALICIA,autonómico,Corrección,37666,37666,"Corrección de errores de la Ley 8/2001, de 2 de agosto, de protección de la calidad de las aguas de las rías de Galicia y de ordenación del servicio público de depuración de aguas residuales urbanas."
2001-10-12,245,1,BOE-A-2001-18983,COMUNIDAD AUTÓNOMA DE MADRID,autonómico,Ley,37667,37673,"Ley 8/2001, de 13 de julio, de Protección de Datos de Carácter Personal en la Comunidad de Madrid."
2001-10-12,245,1,BOE-A-2001-18984,COMUNIDAD AUTÓNOMA DE MADRID,autonómico,Ley,37674,37743,"Ley 9/2001, de 17 de julio, del Suelo, de la Comunidad de Madrid."
2001-10-15,247,1,BOE-A-2001-19120,MINISTERIO DE LA PRESIDENCIA,estatal,Real Decreto,37830,37833,"Real Decreto 1083/2001, de 5 de octubre, por el que se aprueba la norma de calidad para el jamón ibérico, paleta ibérica y caña de lomo ibérico elaborados en España."
2001-10-16,248,1,BOE-A-2001-19205,MINISTERIO DE MEDIO AMBIENTE,estatal,Resolución,37925,37941,"Resolución de 25 de septiembre de 2001, de la Secretaría General de Medio Ambiente, por la que se dispone la publicación del Acuerdo del Consejo de Ministros de 3 de agosto de 2001, por el que se aprueba el Plan Nacional de Vehículos al final de su vida útil (2001-2006)."
2001-10-16,248,1,BOE-A-2001-19206,MINISTERIO DE ECONOMÍA,estatal,Resolución,37941,37942,"Resolución de 11 de octubre de 2001, de la Dirección General de Política Energética y Minas, por la que se hacen públicos los nuevos precios máximos de venta, antes de impuestos, de los gases licuados del petróleo."
2001-10-17,249,1,BOE-A-2001-19357,"MINISTERIO DE EDUCACIÓN, CULTURA Y DEPORTE",estatal,Resolución,38161,38161,"Resolución de 2 de octubre de 2001, del Consejo Superior de Deportes, por la que modifica la Resolución de 24 de mayo de 2001, por la que se aprueba la lista de sustancias y grupos farmacológicos prohibidos y de métodos no reglamentarios de dopaje en el deporte."
2001-10-17,249,1,BOE-A-2001-19358,MINISTERIO DE LA PRESIDENCIA,estatal,Orden,38161,38176,"Orden de 11 de octubre de 2001 por la que se modifican los anexos II de los Reales Decretos 280/1994, de 18 de febrero y 569/1990, de 27 de abril, por los que se establecen los límites máximos de residuos de plaguicidas y su control en determinados productos de origen vegetal y animal (16 modificación)."
2001-10-18,250,1,BOE-A-2001-19419,"MINISTERIO DE EDUCACIÓN, CULTURA Y DEPORTE",estatal,Real Decreto,38305,38305,"Real Decreto 1065/2001, de 28 de septiembre, por el que se modifican los Estatutos de la Real Academia de Ciencias Exactas, Físicas y Naturales, aprobados por Real Decreto 490/1979, de 19 de enero."
2001-10-19,251,1,BOE-A-2001-19481,MINISTERIO DE ASUNTOS EXTERIORES,estatal,Resolución,38378,38405,"Resolución de 27 de septiembre de 2001, de la Secretaría General Técnica, sobre aplicación del artículo 32 del Decreto 801/1972, relativo a la ordenación de la actividad de la Administración del Estado en materia de Tratados Internacionales."
2001-10-19,251,1,BOE-A-2001-19482,MINISTERIO DE LA PRESIDENCIA,estatal,Orden,38405,38406,"Orden de 11 de octubre de 2001 por la que se suprime la norma de calidad para el queso ""Danablu"", en cumplimiento de la normativa comunitaria."
2001-10-19,251,1,BOE-A-2001-19483,MINISTERIO DE CIENCIA Y TECNOLOGÍA,estatal,Corrección,38406,38406,"Corrección de errores del Real Decreto 379/2001, de 6 de abril, por el que se aprueba el Reglamento de Almacenamiento de Productos Químicos y sus instrucciones técnicas complementarias MIE APQ-1, MIE APQ-2, MIE APQ-3, MIE APQ-4, MIE APQ-5, MIE APQ-6 y MIE APQ-7."
2001-10-20,252,1,BOE-A-2001-19546,MINISTERIO DE DEFENSA,estatal,Real Decreto,38617,38618,"Real Decreto 1081/2001, de 5 de octubre, por el que se refunden la Asociación Benéfica para Huérfanos de los Cuerpos Patentados de la Armada y la Institución Benéfica para Huérfanos del Cuerpo de Suboficiales de la Armada, y se extiende su cobertura a los huérfanos de los militares profesionales permanentes de tropa y marinería de la Armada."
2001-10-20,252,1,BOE-A-2001-19547,MINISTERIO DE TRABAJO Y ASUNTOS SOCIALES,estatal,Resolución,38618,38619,"Resolución de 26 de septiembre de 2001, de la Dirección General de la Tesorería General de la Seguridad Social, sobre incorporación obligatoria al Sistema de Remisión Electrónica de Datos (Sistema RED) por parte de determinados solicitantes o titulares de beneficios en la cotización a la Seguridad Social."
2001-10-20,252,1,BOE-A-2001-19548,MINISTERIO DE ADMINISTRACIONES PÚBLICAS,estatal,Real Decreto,38619,38620,"Real Decreto 1126/2001, de 19 de octubre, por el que se modifica el Real Decreto 1415/2000, de 21 de julio, por el que se desarrolla la estructura orgánica básica del Ministerio de Medio Ambiente."
2001-10-22,253,1,BOE-A-2001-19608,COMUNIDAD AUTÓNOMA DE GALICIA,autonómico,Ley,38681,38701,"Ley 10/2001, de 17 de septiembre, del Plan Gallego de Estadística 2002-2006."
2001-10-22,253,1,BOE-A-2001-19609,COMUNIDAD AUTÓNOMA DE GALICIA,autonómico,Ley,38701,38707,"Ley 11/2001, de 18 de septiembre, de Colegios Profesionales de la Comunidad Autónoma de Galicia."
2001-10-22,253,1,BOE-A-2001-19610,COMUNIDAD AUTÓNOMA DE CANTABRIA,autonómico,Ley,38707,38712,"Ley 3/2001, de 25 de septiembre, de Bibliotecas de Cantabria."
2001-10-23,254,1,BOE-A-2001-19668,MINISTERIO DE HACIENDA,estatal,Orden,38800,38806,Orden de 11 de octubre de 2001 por la que se aprueban los modelos de Timbres del Estado con sus valores en euros.
2001-10-23,254,1,BOE-A-2001-19669,MINISTERIO DE HACIENDA,estatal,Resolución,38807,38807,"Resolución de 17 de octubre de 2001, de Loterías y Apuestas del Estado, por la que se aprueban las normas que rigen los concursos de pronósticos de Lotería Primitiva y sus modalidades."
2001-10-24,255,1,BOE-A-2001-19790,MINISTERIO DE HACIENDA,estatal,Orden,38984,38986,"Orden de 11 de octubre de 2001 por la que se regulan las operaciones de cierre del ejercicio 2001, relativas a la contabilidad de gastos públicos."
2001-10-24,255,1,BOE-A-2001-19791,MINISTERIO DE HACIENDA,estatal,Resolución,38986,39034,"Resolución de 8 de octubre de 2001, del Departamento de Aduanas e Impuestos Especiales de la Agencia Estatal de Administración Tributaria, por la que se establecen las normas de cumplimentación de los documentos de acompañamiento que amparan la circulación de productos objeto de los impuestos especiales de fabricación, el sistema para la transmisión electrónica de documentos de circulación y el diseño de determinadas declaraciones."
2001-10-24,255,1,BOE-A-2001-19792,"MINISTERIO DE AGRICULTURA, PESCA Y ALIMENTACIÓN",estatal,Orden,39035,39035,"Orden de 15 de octubre de 2001 por la que se modifica la Orden de 30 de septiembre de 1997, por la que se crean la Junta de Contratación y la Mesa de Contratación de los Servicios Centrales, en el Ministerio de Agricultura, Pesca y Alimentación."
2001-10-25,256,1,BOE-A-2001-19923,JEFATURA DEL ESTADO,estatal,Otras,39150,39153,"Instrumento De Ratificación del Tratado entre el Reino de España y la República de El Salvador sobre competencia judicial, reconocimiento y ejecución de sentencias en materia civil y mercantil, hecho en Madrid el 7 de noviembre de 2000."
2001-10-25,256,1,BOE-A-2001-19924,MINISTERIO DE ASUNTOS EXTERIORES,estatal,Tratado o acuerdo internacional,39153,39154,"Canje de Notas de fechas 18 y 20 de diciembre de 2000, constitutivo de Acuerdo entre el Reino de España y la República de Panamá por el que se enmienda el Convenio de Cooperación Cultural entre España y Panamá de 2 de mayo de 1979 y se deroga el Convenio de Reconocimiento Mutuo de Validez de Títulos Académicos y de Incorporación de Estudios de 15 de marzo de 1926."
2001-10-25,256,1,BOE-A-2001-19925,MINISTERIO DE HACIENDA,estatal,Orden,39154,39155,Orden de 17 de octubre de 2001 por la que se adapta al euro el importe de los premios mayores de la Lotería Nacional y se regulan determinados aspectos relativos a los juegos del Estado.
2001-10-26,257,1,BOE-A-2001-19987,TRIBUNAL CONSTITUCIONAL,estatal,Resolución judicial,39248,39248,Cuestión de inconstitucionalidad número 3.228-2001.
2001-10-26,257,1,BOE-A-2001-19988,TRIBUNAL CONSTITUCIONAL,estatal,Resolución judicial,39248,39248,Cuestión de inconstitucionalidad número 5.145-2001.
2001-10-26,257,1,BOE-A-2001-19989,TRIBUNAL CONSTITUCIONAL,estatal,Resolución judicial,39248,39248,"Recurso de inconstitucionalidad número 2.636-2001, promovido por el Presidente del Gobierno, en relación con la Ley 1/2001, de 8 de febrero, de las Cortes de Aragón, que modifica la Ley 11/1992, de Ordenación del Territorio."
2001-10-26,257,1,BOE-A-2001-19990,TRIBUNAL CONSTITUCIONAL,estatal,Resolución judicial,39248,39248,"Recurso de inconstitucionalidad número 4.288-2001, promovido por más de cincuenta Diputados del Grupo Parlamentario Socialista contra la disposición adicional octava de la Ley 1/2001, de 24 de abril, del Suelo de la Región de Murcia."
2001-10-26,257,1,BOE-A-2001-19991,TRIBUNAL CONSTITUCIONAL,estatal,Resolución judicial,39248,39249,"Recurso de inconstitucionalidad número 5.061-2001, promovido por el Abogado del Estado, en representación del Presidente del Gobierno, contra determinados artículos de la Ley del Parlamento de las Illes Balears 11/2001, de 15 de junio, de Ordenación de la Actividad Comercial."
2001-10-26,257,1,BOE-A-2001-19992,MINISTERIO DE ASUNTOS EXTERIORES,estatal,Corrección,39249,39249,"Corrección de erratas de las Enmiendas de 1999 al Convenio Internacional para la Seguridad de la Vida Humana en el Mar, 1974, hecho en Londres el 1 de noviembre de 1974 (""Boletín Oficial del Estado"" del 16 al 18 de junio, y 3 de septiembre de 1980 y 17 de marzo de 1983). Resolución MSC.87(71) y Código Internacional para la Seguridad del Transporte de Combustible Nuclear Irradiado, Plutonio y Desechos de Alta Actividad en Bultos a Bordo de los Buques (código CNI), Resolución MSC.88(71), aprobados el 27 de mayo de 1999."
2001-10-26,257,1,BOE-A-2001-19993,MINISTERIO DE ASUNTOS EXTERIORES,estatal,Otras,39249,39251,"Anexo V (de aplicación regional para Europa Central y Oriental) de la Convención de las Naciones Unidas de lucha contra la desertificación en los países afectados por la sequía grave o desertificación en particular en África (hecha en París el 17 de junio de 1994 y publicada en el ""Boletín Oficial del Estado"" número 36, de 11 de febrero de 1997), hecho en Bonn el 22 de diciembre de 2000."
2001-10-26,257,1,BOE-A-2001-19994,MINISTERIO DE ASUNTOS EXTERIORES,estatal,Tratado o acuerdo internacional,39251,39251,"Modificación de Estatutos ""EUROFIMA"", Sociedad Europea para la Financiación de Material Ferroviario (publicado en el ""Boletín Oficial del Estado"" de 30 de noviembre de 1984). Admisión de los ferrocarriles de la República Eslovaca (ZSR) como accionistas de ""EUROFIMA"", adoptado en Zagreb el 15 de junio de 2001."
2001-10-26,257,1,BOE-A-2001-19995,MINISTERIO DE HACIENDA,estatal,Real Decreto,39252,39371,"Real Decreto 1098/2001, de 12 de octubre, por el que se aprueba el Reglamento general de la Ley de Contratos de las Administraciones Públicas."
2001-10-26,257,1,BOE-A-2001-19996,MINISTERIO DEL INTERIOR,estatal,Orden,39372,39372,Orden de 18 de octubre de 2001 por la que se determina el régimen aplicable a los artefactos denominados lanzadores de objetos para adiestramiento de perros.
2001-10-26,257,1,BOE-A-2001-19997,MINISTERIO DE TRABAJO Y ASUNTOS SOCIALES,estatal,Resolución,39372,39374,"Resolución de 16 de octubre de 2001, de la Dirección General de Trabajo, por la que se dispone la publicación de las fiestas laborales para el año 2002."
2001-10-26,257,1,BOE-A-2001-19998,MINISTERIO DE LA PRESIDENCIA,estatal,Corrección,39375,39375,"Corrección de errores del Real Decreto 1066/2001, de 28 de septiembre, por el que se aprueba el Reglamento que establece condiciones de protección del dominio público radioeléctrico, restricciones a las emisiones radioeléctricas y medidas de protección sanitaria frente a emisiones radioeléctricas."
2001-10-26,257,1,BOE-A-2001-19999,MINISTERIO DE CIENCIA Y TECNOLOGÍA,estatal,Orden,39375,39375,"Orden de 15 de octubre de 2001 por la que se modifica el Real Decreto 237/2000, de 18 de febrero, por el que se establecen las especificaciones técnicas que deben cumplir los vehículos especiales para el transporte terrestre de productos alimentarios a temperatura regulada y los procedimientos para el control de conformidad con las especificaciones."
2001-10-26,257,1,BOE-A-2001-20000,COMUNIDAD AUTÓNOMA DE CANARIAS,autonómico,Corrección,39376,39376,"Corrección de errores de la Ley 4/2001, de 6 de julio, de Medidas Tributarias, Financieras, de Organización y Relativas al Personal de la Administración Pública de la Comunidad Autónoma de Canarias."
2001-10-27,258,1,BOE-A-2001-20091,MINISTERIO DE JUSTICIA,estatal,Real Decreto,39461,39462,"Real Decreto 1159/2001, de 26 de octubre, por el que se regula la Comisión Asesora de Libertad Religiosa."
2001-10-27,258,1,BOE-A-2001-20092,MINISTERIO DE HACIENDA,estatal,Resolución,39462,39462,"Resolución de 26 de octubre de 2001, de Loterías y Apuestas del Estado, por la que se corrige error en la de 17 de octubre de 2001, por la que se aprueban las normas que rigen los concursos de pronósticos de Lotería Primitiva y sus modalidades."
2001-10-27,258,1,BOE-A-2001-20093,MINISTERIO DE LA PRESIDENCIA,estatal,Real Decreto,39462,39463,"Real Decreto 1162/2001, de 26 de octubre, por el que se modifica el artículo 29 del Reglamento de asistencia jurídica gratuita."
2001-10-27,258,1,BOE-A-2001-20094,MINISTERIO DE LA PRESIDENCIA,estatal,Real Decreto,39463,39464,"Real Decreto 1163/2001, de 26 de octubre, por el que se modifica el Real Decreto 391/1989, de 21 de abril, para regular los programas concretos de actuación en órganos judiciales."
2001-10-30,260,1,BOE-A-2001-20180,MINISTERIO DE HACIENDA,estatal,Orden,39531,39536,Orden de 19 de octubre de 2001 por la que se regula la transición de una contabilidad en pesetas a una contabilidad en euros en la Administración General del Estado y en aquellos organismos públicos sometidos al Plan General de Contabilidad Pública.
2001-10-30,260,1,BOE-A-2001-20181,MINISTERIO DE FOMENTO,estatal,Orden,39536,39536,"Orden de 19 de octubre de 2001 por la que se salvan las omisiones padecidas en la Orden de 2 de agosto de 2001, por la que se desarrolla el artículo 235 del Reglamento de la Ley de Ordenación de los Transportes Terrestres, en materia de supresión y protección de pasos a nivel."
2001-10-30,260,1,BOE-A-2001-20182,"MINISTERIO DE EDUCACIÓN, CULTURA Y DEPORTE",estatal,Real Decreto,39536,39544,"Real Decreto 1099/2001, de 12 de octubre, por el que se homologa el título de Diplomado en Podología, de la Facultad de Ciencias de la Salud, de la Universidad ""Alfonso X el Sabio"", de Madrid."
2001-10-30,260,1,BOE-A-2001-20183,MINISTERIO DE TRABAJO Y ASUNTOS SOCIALES,estatal,Real Decreto,39545,39545,"Real Decreto 1124/2001, de 19 de octubre, por el que se incorporan las prestaciones por desempleo a la acción protectora prevista en el Real Decreto 2234/1981, de 20 de agosto, por el que se incluye en el Régimen General de la Seguridad Social al personal español contratado al servicio de la Administración española en el extranjero."
2001-10-30,260,1,BOE-A-2001-20184,MINISTERIO DE MEDIO AMBIENTE,estatal,Orden,39545,39547,Orden de 27 de septiembre de 2001 por la que se regula la Comisión Ministerial de Informática.
2001-10-30,260,1,BOE-A-2001-20185,MINISTERIO DE MEDIO AMBIENTE,estatal,Resolución,39547,39555,"Resolución de 8 de octubre de 2001, de la Secretaría General de Medio Ambiente, por la que se dispone la publicación del Acuerdo del Consejo de Ministros de 5 de octubre de 2001, por el que se aprueba el Plan Nacional de Neumáticos Fuera de Uso, 2001-2006."
2001-10-31,261,1,BOE-A-2001-20273,MINISTERIO DE ASUNTOS EXTERIORES,estatal,Orden,39659,39659,"Orden de 15 octubre de 2001 por la que se crea una Oficina Consular, con categoría de Consulado General, en Lagos (República Federal de Nigeria)."
2001-10-31,261,1,BOE-A-2001-20274,MINISTERIO DE HACIENDA,estatal,Resolución,39659,39660,"Resolución 3/2001, de 22 de octubre, del Departamento de Gestión Tributaria de la Agencia Estatal de Administración Tributaria, sobre la utilización de la unidad de cuenta euro en las certificaciones de retenciones e ingresos a cuenta del Impuesto sobre la Renta de las Personas Físicas, del Impuesto sobre Sociedades y del Impuesto sobre la Renta de No Residentes que deban expedirse a partir del 1 de enero de 2002, así como en las notificaciones o comunicaciones que, a partir de dicha fecha, deban ser puestas a disposición de los contribuyentes de los citados impuestos por las personas o entidades sujetas a dicha obligación."
2001-10-31,261,1,BOE-A-2001-20275,"MINISTERIO DE EDUCACIÓN, CULTURA Y DEPORTE",estatal,Orden,39660,39661,"Orden de 25 de octubre de 2001 por la que se desarrolla el artículo cuarto del Real Decreto 408/2001, de 20 de abril, por el que se establece el II Plan de la Calidad de las Universidades, referente a la coordinación y gestión del mismo."
2001-10-31,261,1,BOE-A-2001-20276,MINISTERIO DE LA PRESIDENCIA,estatal,Real Decreto,39661,39662,"Real Decreto 1125/2001, de 19 de octubre, por el que se modifica el Reglamento de Organización y Funcionamiento de la Inspección de Trabajo y Seguridad Social, aprobado por Real Decreto 138/2000, de 4 de febrero."
2001-10-31,261,1,BOE-A-2001-20277,MINISTERIO DE LA PRESIDENCIA,estatal,Orden,39662,39664,"Orden de 19 de octubre de 2001 por la que se regulan los servicios de automovilismo que prestan el Organismo autónomo Parque Móvil del Estado y las Delegaciones del Gobierno en las Comunidades Autónomas, Subdelegaciones del Gobierno y Direcciones Insulares de la Administración General del Estado."
2001-10-31,261,1,BOE-A-2001-20278,MINISTERIO DE ECONOMÍA,estatal,Resolución,39664,39665,"Resolución de 25 de octubre de 2001, de la Dirección General de Política Energética y Minas, por la que se hacen públicos los nuevos precios máximos de venta de gas natural para usos industriales."
2001-10-31,261,1,BOE-A-2001-20279,MINISTERIO DE ECONOMÍA,estatal,Resolución,39665,39666,"Resolución de 29 de octubre de 2001, del Comisionado para el Mercado de Tabacos, por la que se publican los precios de venta al público de determinadas labores de tabaco en expendedurías de tabaco y timbre de la península e Illes Balears."
2001-10-31,261,1,BOE-A-2001-20280,COMUNIDAD AUTÓNOMA DE ARAGÓN,autonómico,Ley,39666,39667,"Ley 15/2001, de 3 de octubre, de creación, por segregación, del Colegio Profesional de Decoradores de Aragón."
2001-11-01,262,1,BOE-A-2001-20379,"MINISTERIO DE EDUCACIÓN, CULTURA Y DEPORTE",estatal,Orden,39849,39851,"Orden de 25 de octubre de 2001 por la que se establecen los elementos básicos del proceso de evaluación, acreditación académica y movilidad de los alumnos que cursen las enseñanzas superiores de Artes Plásticas y de Diseño establecidas en la Ley Orgánica 1/1990, de 3 de octubre, de Ordenación General del Sistema Educativo."
2001-11-01,262,1,BOE-A-2001-20380,"MINISTERIO DE EDUCACIÓN, CULTURA Y DEPORTE",estatal,Orden,39851,39852,"Orden de 25 de octubre de 2001 por la que se regula el régimen de equivalencias de los estudios de los Países Bajos con los correspondientes españoles de Educación Secundaria Obligatoria y Bachillerato establecidos por la Ley Orgánica 1/1993, de 3 de octubre, de Ordenación General del Sistema Educativo."
2001-11-01,262,1,BOE-A-2001-20381,"MINISTERIO DE EDUCACIÓN, CULTURA Y DEPORTE",estatal,Orden,39852,39853,"Orden de 25 de octubre de 2001 por la que se regula el régimen de equivalencias de los estudios de Bélgica con los correspondientes españoles de Educación Secundaria Obligatoria y Bachillerato establecidos por la Ley Orgánica 1/1993, de 3 de octubre, de Ordenación General del Sistema Educativo."
2001-11-01,262,1,BOE-A-2001-20382,"MINISTERIO DE EDUCACIÓN, CULTURA Y DEPORTE",estatal,Orden,39853,39854,"Orden de 25 de octubre de 2001 por la que se regula el régimen de equivalencias de los estudios de Alemania con los correspondientes españoles de Educación Secundaria Obligatoria y Bachillerato establecidos por la Ley Orgánica 1/1993, de 3 de octubre, de Ordenación General del Sistema Educativo."
2001-11-03,264,1,BOE-A-2001-20480,JEFATURA DEL ESTADO,estatal,Real Decreto-ley,40021,40023,"Real Decreto-ley 15/2001, de 2 de noviembre, por el que se adoptan medidas urgentes en materia de transporte aéreo."
2001-11-03,264,1,BOE-A-2001-20481,MINISTERIO DE LA PRESIDENCIA,estatal,Real Decreto,40023,40025,"Real Decreto 1186/2001, de 2 de noviembre, por el que se regulan las pensiones e indemnizaciones del régimen de clases pasivas del Estado a los militares de complemento y a los militares profesionales de tropa y marinería y se aprueban los cuadros médicos para el reconocimiento de dichas prestaciones."
2001-11-03,264,1,BOE-A-2001-20482,MINISTERIO DE MEDIO AMBIENTE,estatal,Real Decreto,40026,40027,"Real Decreto 1188/2001, de 2 de noviembre, por el que se regula la composición y funciones del Consejo Nacional del Clima."
2001-11-06,266,1,BOE-A-2001-20623,MINISTERIO DE LA PRESIDENCIA,estatal,Orden,40142,40147,Orden de 29 de octubre de 2001 por la que se desarrolla la estructura orgánica de los servicios centrales de la Dirección General de la Guardia Civil.
2001-11-06,266,1,BOE-A-2001-20624,COMUNIDAD AUTÓNOMA DE LA RIOJA,autonómico,Ley,40147,40169,"Ley 5/2001, de 17 de octubre, sobre drogodependencias y otras adicciones."
2001-11-07,267,1,BOE-A-2001-20731,JEFATURA DEL ESTADO,estatal,Ley Orgánica,40336,40369,"Ley Orgánica 3/2001, de 6 de noviembre, por la que se autoriza la ratificación por España del Tratado de Niza por el que se modifican el Tratado de la Unión Europea, los Tratados Constitutivos de las Comunidades Europeas y determinados actos conexos, firmado en Niza el día 26 de febrero de 2001."
2001-11-07,267,1,BOE-A-2001-20732,MINISTERIO DE ECONOMÍA,estatal,Orden,40369,40370,Orden de 18 de octubre de 2001 de retirada de monedas de curso legal denominadas en pesetas integrantes del sistema monetario vigente.
2001-11-08,268,1,BOE-A-2001-20849,MINISTERIO DEL INTERIOR,estatal,Corrección,40618,40618,"Corrección de errores del Real Decreto 1034/2001, de 21 de septiembre, por el que se modifica parcialmente el Reglamento de Espectáculos Taurinos, aprobado por Real Decreto 145/1996, de 2 de febrero."
2001-11-08,268,1,BOE-A-2001-20850,MINISTERIO DE ECONOMÍA,estatal,Real Decreto,40618,40629,"Real Decreto 1164/2001, de 26 de octubre, por el que se establecen tarifas de acceso a las redes de transporte y distribución de energía eléctrica."
2001-11-09,269,1,BOE-A-2001-20928,CORTES GENERALES,estatal,Resolución,40906,40906,"Resolución de 31 de octubre de 2001, del Congreso de los Diputados, por la que se ordena la publicación del Acuerdo de convalidación del Real Decreto-ley 14/2001, de 28 de septiembre, por el que se establece el régimen del reaseguro por cuenta del Estado de los riesgos de guerra y terrorismo que puedan afectar a la navegación aérea."
2001-11-09,269,1,BOE-A-2001-20929,MINISTERIO DE JUSTICIA,estatal,Orden,40906,40948,Orden de 8 de octubre de 2001 por la que se aprueban los modelos de presentación de cuentas anuales para su depósito en el Registro Mercantil correspondiente.
2001-11-09,269,1,BOE-A-2001-20930,MINISTERIO DE JUSTICIA,estatal,Instrucción o circular,40949,40949,"Instrucción de 23 de octubre de 2001, de la Dirección General de los Registros y del Notariado, aprobando la cláusula autorizatoria para la presentación telemática de los contratos en el Registro de Bienes Muebles."
2001-11-09,269,1,BOE-A-2001-20931,MINISTERIO DE HACIENDA,estatal,Real Decreto,40949,40968,"Real Decreto 1160/2001, de 26 de octubre, por el que se modifica el Real Decreto 2538/1994, de 29 de diciembre, por el que se dictan normas de desarrollo relativas al Impuesto General Indirecto Canario y Arbitrio sobre la Producción e Importación en las Islas Canarias, creados por la Ley 20/1991, de 7 de junio."
2001-11-09,269,1,BOE-A-2001-20932,MINISTERIO DE TRABAJO Y ASUNTOS SOCIALES,estatal,Resolución,40968,40973,"Resolución de 23 de octubre de 2001, de la Dirección General de la Tesorería General de la Seguridad Social, por la que se corrigen errores en el anexo II de la Resolución de 17 de mayo de 2001, sobre modelos de documentos de cotización vigentes para la liquidación e ingreso de cuotas de la Seguridad Social."
2001-11-09,269,1,BOE-A-2001-20933,"MINISTERIO DE AGRICULTURA, PESCA Y ALIMENTACIÓN",estatal,Real Decreto,40974,40985,"Real Decreto 1227/2001, de 8 de noviembre, sobre declaraciones de existencias, cosecha de uva y producción, del sector vitivinícola."
2001-11-09,269,1,BOE-A-2001-20934,MINISTERIO DE SANIDAD Y CONSUMO,estatal,Real Decreto,40986,40999,"Real Decreto 1231/2001, de 8 de noviembre, por el que se aprueban los Estatutos generales de la Organización Colegial de Enfermería de España, del Consejo General y de Ordenación de la actividad profesional de enfermería."
2001-11-09,269,1,BOE-A-2001-20935,COMUNIDAD AUTÓNOMA DE CANTABRIA,autonómico,Ley,40999,41004,"Ley 4/2001, de 15 de octubre, del Consejo de la Juventud de Cantabria."
2001-11-10,270,1,BOE-A-2001-20992,JEFATURA DEL ESTADO,estatal,Otras,41153,41153,"Instrumento De Ratificación del Acuerdo entre el Gobierno de Canadá, los Gobiernos de los Estados Miembros de la Agencia Espacial Europea, el Gobierno de Japón, el Gobierno de la Federación de Rusia y el Gobierno de los Estados Unidos de América relativo a la cooperación sobre la Estación Espacial Civil Internacional, hecho en Washington el 29 de enero de 1998 (publicado en el ""Boletín Oficial del Estado"" número 5, de 6 de enero de 1999)."
2001-11-10,270,1,BOE-A-2001-20993,MINISTERIO DE ASUNTOS EXTERIORES,estatal,Tratado o acuerdo internacional,41153,41156,"Acuerdo de coproducción y de intercambio cinematográfico entre el Reino de España y el Reino de Marruecos, hecho ""ad referendum"" en Rabat el 27 de abril de 1998."
2001-11-12,271,1,BOE-A-2001-21045,MINISTERIO DE HACIENDA,estatal,Resolución,41224,41229,"Resolución de 31 de octubre de 2001, de la Intervención General de la Administración del Estado, por la que se dictan normas de contabilidad en relación con los pagos a justificar y los anticipos de Caja fija, y se modifican las normas de contabilidad de las Cajas pagadoras y los modelos normalizados de cuentas justificativas, como consecuencia de la transición de la contabilidad en pesetas a euros."
2001-11-13,272,1,BOE-A-2001-21090,JEFATURA DEL ESTADO,estatal,Ley Orgánica,41367,41370,"Ley Orgánica 4/2001, de 12 de noviembre, reguladora del Derecho de Petición."
2001-11-13,272,1,BOE-A-2001-21091,TRIBUNAL CONSTITUCIONAL,estatal,Resolución judicial,41370,41370,"Conflicto positivo de competencia número 2637-2001, interpuesto por el Gobierno de la Nación, contra el Decreto del Gobierno Vasco 309/2000, de 26 de diciembre, por el que se aprueba el II Acuerdo con las Organizaciones Sindicales sobre modernización en la prestación del servicio público de la Justicia y su repercusión en las condiciones de trabajo del personal al servicio de la Administración de Justicia."
2001-11-13,272,1,BOE-A-2001-21092,TRIBUNAL CONSTITUCIONAL,estatal,Resolución judicial,41370,41370,Cuestión de inconstitucionalidad número 4.246/2001.
2001-11-13,272,1,BOE-A-2001-21093,TRIBUNAL CONSTITUCIONAL,estatal,Resolución judicial,41370,41370,"Recurso de inconstitucionalidad número 5.493/2001, promovido por el Consejo de Gobierno de la Diputación General de Aragón contra determinados preceptos del texto refundido de la Ley de Aguas, aprobado por el Real Decreto Legislativo 1/2001, de 20 de julio."
2001-11-13,272,1,BOE-A-2001-21094,TRIBUNAL CONSTITUCIONAL,estatal,Resolución judicial,41370,41370,"Recurso de inconstitucionalidad número 1.321/1992, promovido por el Presidente del Gobierno, contra el artículo 3 de la Ley de Cantabria 4/1992, de 24 de marzo."
2001-11-13,272,1,BOE-A-2001-21095,TRIBUNAL CONSTITUCIONAL,estatal,Resolución judicial,41370,41370,"Recurso de inconstitucionalidad número 5.343/2001, promovido por el Presidente del Gobierno, contra determinados preceptos de la Ley Foral del Parlamento de Navarra 17/2001, de 12 de julio, reguladora del Comercio en Navarra."
2001-11-13,272,1,BOE-A-2001-21096,TRIBUNAL CONSTITUCIONAL,estatal,Resolución judicial,41371,41371,"Recurso de inconstitucionalidad número 5.209/2001, promovido por el Gobierno de Aragón contra determinados preceptos de la Ley 10/2001, de 5 de julio, que aprueba el Plan Hidrológico Nacional."
2001-11-13,272,1,BOE-A-2001-21097,TRIBUNAL CONSTITUCIONAL,estatal,Resolución judicial,41371,41371,"Recurso de inconstitucionalidad número 5.212/2001, promovido por el Presidente de las Cortes de Aragón, en relación con varios artículos de la Ley 10/2001, de 5 de julio, del Plan Hidrológico Nacional."
2001-11-13,272,1,BOE-A-2001-21098,COMUNIDAD AUTÓNOMA DE ARAGÓN,autonómico,Corrección,41371,41371,"Corrección de errores de la Ley 6/2001, de 17 de mayo, de Ordenación y Participación en la Gestión del Agua en Aragón."
2001-11-14,273,1,BOE-A-2001-21173,"MINISTERIO DE AGRICULTURA, PESCA Y ALIMENTACIÓN",estatal,Orden,41496,41496,Orden de 12 de noviembre de 2001 por la que se modifica la Orden de 8 de junio de 2001 por la que se establecen medidas específicas de prevención en relación con la fiebre catarral ovina o lengua azul.
2001-11-14,273,1,BOE-A-2001-21174,COMUNIDAD AUTÓNOMA DE GALICIA,autonómico,Ley,41496,41512,"Ley 12/2001, de 10 de septiembre, de modificación de la Ley de Concentración Parcelaria para Galicia."
2001-11-15,274,1,BOE-A-2001-21295,MINISTERIO DE LA PRESIDENCIA,estatal,Real Decreto,41718,41723,"Real Decreto 1229/2001, de 8 de noviembre, por el que se aprueba el Estatuto del Organismo autónomo Boletín Oficial del Estado."
2001-11-15,274,1,BOE-A-2001-21296,BANCO DE ESPAÑA,estatal,Instrucción o circular,41723,41750,"Circular número 6/2001, de 29 de octubre, sobre Titulares de Establecimientos de Cambio de Moneda."
2001-11-15,274,1,BOE-A-2001-21297,COMUNIDAD AUTÓNOMA DE CATALUÑA,autonómico,Corrección,41750,41750,"Corrección de errores de la Ley 7/2001, de 31 de mayo, de Creación de la Agencia de Gestión de Ayudas Universitarias y de Investigación."
2001-11-16,275,1,BOE-A-2001-21365,TRIBUNAL CONSTITUCIONAL,estatal,Resolución judicial,41904,41904,"Acuerdo de 13 de noviembre de 2001, del Pleno del Tribunal Constitucional, por el que se dispone la composición de las Salas y Secciones del Tribunal Constitucional."
2001-11-16,275,1,BOE-A-2001-21366,MINISTERIO DE HACIENDA,estatal,Orden,41904,41963,"Orden de 12 de noviembre de 2001 por la que se autoriza el pago en metálico del Impuesto sobre Transmisiones Patrimoniales y Actos Jurídicos Documentados que grava la emisión de documentos que realicen función de giro o suplan a las Letras de Cambio, se amplía la autorización del pago en metálico del impuesto correspondiente a determinados documentos negociados por Entidades Colaboradoras, se aprueban los modelos 610, 611, 615 y 616 en euros del Impuesto sobre Transmisiones Patrimoniales y Actos Jurídicos Documentados, así como los diseños físicos y lógicos para la presentación de los modelos 611 y 616 de declaración informativa anual en soporte directamente legible por ordenador y se establece el procedimiento para su presentación telemática por teleproceso."
2001-11-16,275,1,BOE-A-2001-21367,MINISTERIO DE HACIENDA,estatal,Resolución,41964,41968,"Resolución de 29 de octubre de 2001, del Departamento de Aduanas e Impuestos Especiales de la Agencia Estatal de Administración Tributaria, por la que se actualiza el Arancel Integrado de Aplicación (TARIC)."
2001-11-16,275,1,BOE-A-2001-21368,"MINISTERIO DE AGRICULTURA, PESCA Y ALIMENTACIÓN",estatal,Orden,41969,41969,"Orden de 15 de noviembre de 2001 por la que se deroga la Orden de 16 de agosto de 2001, por la que se establecen las condiciones de movimiento de ganado porcino para el control de la peste porcina clásica en España."
2001-11-17,276,1,BOE-A-2001-21491,MINISTERIO DE TRABAJO Y ASUNTOS SOCIALES,estatal,Real Decreto,42109,42121,"Real Decreto 1251/2001, de 16 de noviembre, por el que se regulan las prestaciones económicas del sistema de la Seguridad Social por maternidad y riesgo durante el embarazo."
2001-11-17,276,1,BOE-A-2001-21492,MINISTERIO DE LA PRESIDENCIA,estatal,Corrección,42121,42122,"Corrección de errores del Real Decreto 865/2001, de 20 de julio, por el que se aprueba el Reglamento de reconocimiento del estatuto de apátrida."
2001-11-17,276,1,BOE-A-2001-21493,MINISTERIO DE ECONOMÍA,estatal,Orden,42122,42123,"Orden de 14 de noviembre de 2001 por la que se acuerda la emisión, acuñación y puesta en circulación de monedas conmemorativas del actual sistema monetario nacional."
2001-11-17,276,1,BOE-A-2001-21494,MINISTERIO DE ECONOMÍA,estatal,Resolución,42123,42123,"Resolución de 15 de noviembre de 2001, de la Dirección General de Política Energética y Minas, por la que se hacen públicos los nuevos precios máximos de venta, antes de impuestos, de los gases licuados del petróleo."
2001-11-20,278,1,BOE-A-2001-21575,MINISTERIO DE JUSTICIA,estatal,Real Decreto,42288,42288,"Real Decreto 1185/2001, de 2 de noviembre, por el que se determina el ámbito territorial de los Institutos de Medicina Legal de Almería, Cádiz, Córdoba, Huelva y Jaén."
2001-11-21,279,1,BOE-A-2001-21713,CONSEJO GENERAL DEL PODER JUDICIAL,estatal,Resolución judicial,42542,42544,"Acuerdo Reglamentario número 4/2001, de 6 de noviembre, del Pleno del Consejo General del Poder Judicial, por el que se modifica el Reglamento 1/1995, de 7 de junio, de la Carrera Judicial, en lo relativo a Magistrados suplentes y Jueces sustitutos."
2001-11-21,279,1,BOE-A-2001-21714,"MINISTERIO DE EDUCACIÓN, CULTURA Y DEPORTE",estatal,Real Decreto,42544,42571,"Real Decreto 1161/2001, de 26 de octubre, por el que se establece el título de Técnico superior en Prevención de Riesgos Profesionales y las correspondientes enseñanzas mínimas."
2001-11-21,279,1,BOE-A-2001-21715,MINISTERIO DE TRABAJO Y ASUNTOS SOCIALES,estatal,Orden,42571,42580,Orden de 14 de noviembre de 2001 por la que se regulan el programa de Escuelas Taller y Casas de Oficios y las Unidades de Promoción y Desarrollo y se establecen las bases reguladoras de la concesión de subvenciones públicas a dichos programas.
2001-11-21,279,1,BOE-A-2001-21716,MINISTERIO DE TRABAJO Y ASUNTOS SOCIALES,estatal,Orden,42580,42587,"Orden de 14 de noviembre de 2001 por la que se desarrolla el Real Decreto 282/1999, de 22 de febrero, por el que se establece el Programa de Talleres de Empleo, y se establecen las bases reguladoras de la concesión de subvenciones públicas a dicho Programa."
2001-11-21,279,1,BOE-A-2001-21717,MINISTERIO DE LA PRESIDENCIA,estatal,Real Decreto,42587,42594,"Real Decreto 1230/2001, de 8 de noviembre, por el que se aprueba la Reglamentación técnico-sanitaria para la elaboración, circulación y venta de las aceitunas de mesa."
2001-11-21,279,1,BOE-A-2001-21718,MINISTERIO DE LA PRESIDENCIA,estatal,Orden,42594,42596,"Orden de 20 de noviembre de 2001, por la que se dispone la publicación del acuerdo de la Comisión Delegada del Gobierno para Asuntos Económicos, de 15 de noviembre de 2001, por el que se aprueban tarifas máximas para los nuevos servicios ""transferencia explícita de llamadas"" y ""reenvío de llamadas"" incluidos en los servicios suplementarios de RDSI a prestar por ""Telefónica de España, Sociedad Anónima Unipersonal""."
2001-11-21,279,1,BOE-A-2001-21719,MINISTERIO DE ADMINISTRACIONES PÚBLICAS,estatal,Corrección,42596,42596,Corrección de errores de la Orden de 18 de septiembre de 2001 por la que se regulan las prestaciones complementarias de la asistencia sanitaria en la Mutualidad General de Funcionarios Civiles del Estado.
2001-11-21,279,1,BOE-A-2001-21720,COMUNIDAD AUTÓNOMA DE ARAGÓN,autonómico,Ley,42596,42602,"Ley 16/2001, de 29 de octubre, de Creación de la Comarca de Valdejalón."
2001-11-21,279,1,BOE-A-2001-21721,COMUNIDAD AUTÓNOMA DE ARAGÓN,autonómico,Ley,42602,42604,"Ley 17/2001, de 29 de octubre, sobre la Plataforma Logística de Zaragoza."
2001-11-21,279,1,BOE-A-2001-21722,COMUNIDAD AUTÓNOMA DE LAS ILLES BALEARS,autonómico,Ley,42605,42606,"Ley 13/2001, de 8 de octubre, de creación del Colegio Profesional de Logopedas de las Illes Balears."
2001-11-22,280,1,BOE-A-2001-21784,JEFATURA DEL ESTADO,estatal,Ley,42710,42720,"Ley 16/2001, de 21 de noviembre, por la que se establece un proceso extraordinario de consolidación y provisión de plazas de personal estatutario en las Instituciones Sanitarias de la Seguridad Social de los Servicios de Salud del Sistema Nacional de Salud."
2001-11-22,280,1,BOE-A-2001-21785,MINISTERIO DE ADMINISTRACIONES PÚBLICAS,estatal,Real Decreto,42720,42743,"Real Decreto 1187/2001, de 2 de noviembre, sobre traspaso a la Comunidad de Castilla y León de la gestión realizada por el Instituto Nacional de Empleo en el ámbito del trabajo, el empleo y la formación."
2001-11-23,281,1,BOE-A-2001-21870,JEFATURA DEL ESTADO,estatal,Corrección,43030,43030,"Corrección de erratas del Instrumento de ratificación de la Carta Europea de las Lenguas Regionales o Minoritarias, hecha en Estrasburgo el 5 de noviembre de 1992."
2001-11-23,281,1,BOE-A-2001-21871,MINISTERIO DE ASUNTOS EXTERIORES,estatal,Resolución,43030,43032,"Resolución de 5 de noviembre de 2001, de la Secretaría General Técnica, por la que se publica la Resolución 1373 (2001) sobre medidas para combatir el terrorismo, aprobada por el Consejo de Seguridad de las Naciones Unidas en su 4385.ª sesión, celebrada el 28 de septiembre de 2001."
2001-11-23,281,1,BOE-A-2001-21872,MINISTERIO DE ASUNTOS EXTERIORES,estatal,Tratado o acuerdo internacional,43032,43033,"Acuerdo entre el Reino de España y la República del Ecuador sobre el libre ejercicio de actividades remuneradas para familiares dependientes del personal diplomático, consular, administrativo y técnico de Misiones Diplomáticas y Oficinas Consulares, hecho en Madrid el 7 de marzo de 2000."
2001-11-23,281,1,BOE-A-2001-21873,MINISTERIO DE ASUNTOS EXTERIORES,estatal,Tratado o acuerdo internacional,43033,43034,"Acuerdo entre el Reino de España y la República Portuguesa relativo a la creación de una Comisión Mixta en el ámbito de los transportes terrestres y las infraestructuras de transporte y Protocolo, hecho en Salamanca el 26 de enero de 2000."
2001-11-23,281,1,BOE-A-2001-21874,MINISTERIO DEL INTERIOR,estatal,Real Decreto,43034,43049,"Real Decreto 1123/2001, de 19 de octubre, por el que se modifica parcialmente el Reglamento de Seguridad Privada, aprobado por Real Decreto 2364/1994, de 9 de diciembre."
2001-11-23,281,1,BOE-A-2001-21875,MINISTERIO DE TRABAJO Y ASUNTOS SOCIALES,estatal,Orden,43049,43053,Orden de 14 de noviembre de 2001 por la que se regulan las operaciones de cierre del ejercicio 2001 y el procedimiento para la presentación de las cuentas anuales y demás documentación que ha de rendirse por los agentes del sistema de la Seguridad Social.
2001-11-23,281,1,BOE-A-2001-21876,"MINISTERIO DE AGRICULTURA, PESCA Y ALIMENTACIÓN",estatal,Orden,43054,43054,Orden de 15 de noviembre de 2001 por la que se modifica la Orden de 21 de diciembre de 1999 por la que se crea la Mesa de Coordinación de Identificación y Registro de los Animales de la Especie Bovina y se regula una base de datos informatizada.
2001-11-23,281,1,BOE-A-2001-21877,MINISTERIO DE ECONOMÍA,estatal,Real Decreto,43054,43057,"Real Decreto 1232/2001, de 12 de noviembre, por el que se aprueba el Reglamento del procedimiento de autorización previsto en el artículo 34 del Real Decreto-ley 6/2000, de 23 de junio, de medidas urgentes de intensificación de la competencia en mercados de bienes y servicios."
2001-11-23,281,1,BOE-A-2001-21878,MINISTERIO DE ECONOMÍA,estatal,Orden,43057,43057,"Orden de 14 de noviembre de 2001 por la que se habilita a la Comisión Nacional del Mercado de Valores para dictar las disposiciones de desarrollo del Real Decreto 948/2001, de 3 de agosto, sobre Sistemas de Indemnización de los Inversores."
2001-11-24,282,1,BOE-A-2001-21950,MINISTERIO DE ASUNTOS EXTERIORES,estatal,Otras,43198,43198,"Denuncia del Canje de Notas, de 26 de mayo de 1961, entre España y Colombia sobre Supresión de Visados."
2001-11-24,282,1,BOE-A-2001-21951,MINISTERIO DE ASUNTOS EXTERIORES,estatal,Tratado o acuerdo internacional,43198,43199,"Protocolo Adicional entre el Reino de España y la República del Perú modificando el Convenio de Doble Nacionalidad de 16 de mayo de 1959, hecho ""ad referendum"" en Madrid el 8 de noviembre de 2000."
2001-11-24,282,1,BOE-A-2001-21952,MINISTERIO DE ASUNTOS EXTERIORES,estatal,Tratado o acuerdo internacional,43199,43200,"Protocolo Adicional al Convenio entre el Reino de España y el Reino de Marruecos modificando el Convenio General de Seguridad Social entre el Reino de España y el Reino de Marruecos de 8 de noviembre de 1979, hecho en Rabat el 27 de enero de 1998."
2001-11-24,282,1,BOE-A-2001-21953,MINISTERIO DE HACIENDA,estatal,Orden,43200,43228,Orden de 19 de noviembre de 2001 por la que se aprueba el modelo 390 de declaración-resumen anual del Impuesto sobre el Valor Añadido en euros.
2001-11-24,282,1,BOE-A-2001-21954,COMISIÓN NACIONAL DEL MERCADO DE VALORES,estatal,Instrucción o circular,43228,43230,"Circular 2/2001, de 23 de noviembre, de la Comisión Nacional del Mercado de Valores, sobre información a facilitar por las sociedades y agencias de valores a la sociedad gestora del Fondo de Garantía de Inversiones y sobre valoración de valores e instrumentos financieros no cotizados, a efectos de determinación de la base de cálculo de la aportación conjunta anual al Fondo."
2001-11-26,283,1,BOE-A-2001-22011,TRIBUNAL SUPREMO,estatal,Resolución judicial,43284,43284,"Sentencia de 20 de septiembre de 2001, de la Sala Tercera del Tribunal Supremo, por la que se fija doctrina legal en relación con lo que debe entenderse por sujeto pasivo del Impuesto sobre Bienes Inmuebles cuando se transmite la propiedad de esta clase de bienes y se otorga escritura pública que documenta la transmisión."
2001-11-26,283,1,BOE-A-2001-22012,TRIBUNAL SUPREMO,estatal,Resolución judicial,43284,43284,"Sentencia de 16 de octubre de 2001, de la Sala Tercera del Tribunal Supremo, por la que se anula el párrafo primero del artículo 4 del Real Decreto 1466/1997, de 19 de septiembre, por el que se determina el régimen jurídico de las líneas regulares de cabotaje marítimo y de las navegaciones de interés público."
2001-11-27,284,1,BOE-A-2001-22046,MINISTERIO DE ASUNTOS EXTERIORES,estatal,Orden,43367,43367,Orden de 8 de noviembre de 2001 por la que se suprime el Consulado General de España en Berlín (República Federal de Alemania).
2001-11-27,284,1,BOE-A-2001-22047,MINISTERIO DE LA PRESIDENCIA,estatal,Resolución,43367,43373,"Resolución de 20 noviembre de 2001, de la Subsecretaría, por la que se dispone la publicación de la Resolución de 6 de noviembre de 2001, de la Presidencia del Instituto Nacional de Estadística y de la Dirección General para la Administración Local, por la que se dictan instrucciones técnicas para la repercusión, en los padrones municipales, de la información padronal recogida con ocasión de los censos de población y viviendas del año 2001."
2001-11-27,284,1,BOE-A-2001-22048,COMUNIDAD AUTÓNOMA DE LAS ILLES BALEARS,autonómico,Ley,43374,43404,"Ley 14/2001, de 29 de octubre, de atribución de competencias a los Consejos Insulares en materia de Servicios Sociales y Seguridad Social."
2001-11-29,286,1,BOE-A-2001-22253,CORTES GENERALES,estatal,Resolución,43734,43734,"Resolución de 22 de noviembre de 2001, del Congreso de los Diputados, por la que se ordena la publicación del Acuerdo de convalidación del Real Decreto-ley 15/2001, de 2 de noviembre, por el que se adoptan medidas urgentes en materia de transporte aéreo."
2001-11-29,286,1,BOE-A-2001-22254,MINISTERIO DE TRABAJO Y ASUNTOS SOCIALES,estatal,Orden,43734,43734,Orden de 22 de noviembre de 2001 por la que se amplía el plazo previsto para la tramitación de expedientes de modificaciones presupuestarias durante el ejercicio 2001.
2001-11-29,286,1,BOE-A-2001-22255,MINISTERIO DE ECONOMÍA,estatal,Resolución,43734,43735,"Resolución de 26 de noviembre de 2001, de la Dirección General de Política Energética y Minas, por la que se hacen públicos los nuevos precios máximos de venta de gas natural para usos industriales."
2001-11-30,287,1,BOE-A-2001-22355,MINISTERIO DE HACIENDA,estatal,Orden,43997,44046,Orden de 28 de noviembre de 2001 por la que se desarrollan para el año 2002 el régimen de estimación objetiva del Impuesto sobre la Renta de las Personas Físicas y el régimen especial simplificado del Impuesto sobre el Valor Añadido.
2001-11-30,287,1,BOE-A-2001-22356,"MINISTERIO DE EDUCACIÓN, CULTURA Y DEPORTE",estatal,Real Decreto,44046,44053,"Real Decreto 1225/2001, de 8 de noviembre, por el que se homologa el título de Diplomado en Turismo, de la Escuela Universitaria de Turismo de A coruña, adscrita a la Universidad de A Coruña."
2001-11-30,287,1,BOE-A-2001-22357,MINISTERIO DE HACIENDA,estatal,Real Decreto,44054,44091,"Real Decreto 1226/2001, de 8 de noviembre, por el que se homologan diversos títulos de la Universidad ""San Pablo-CEU"" de Madrid."
2001-11-30,287,1,BOE-A-2001-22358,MINISTERIO DE TRABAJO Y ASUNTOS SOCIALES,estatal,Corrección,44092,44094,Corrección de errores de la Orden de 14 de noviembre de 2001 por la que se regulan el Programa de Escuelas Taller y Casas de Oficios y las Unidades de Promoción y Desarrollo y se establecen las bases reguladoras de la concesión de subvenciones públicas a dichos Programas.
2001-11-30,287,1,BOE-A-2001-22359,MINISTERIO DE TRABAJO Y ASUNTOS SOCIALES,estatal,Corrección,44095,44097,"Corrección de errores de la Orden de 14 de noviembre de 2001 por la que se desarrolla el Real Decreto 282/1999, de 22 de febrero, por el que se establece el Programa de Talleres de Empleo, y se establecen las bases reguladoras de la concesión de subvenciones públicas a dicho Programa."
2001-11-30,287,1,BOE-A-2001-22360,"MINISTERIO DE AGRICULTURA, PESCA Y ALIMENTACIÓN",estatal,Real Decreto,44098,44102,"Real Decreto 1228/2001, de 8 de noviembre, por el que se establecen medidas específicas de lucha y erradicación de la fiebre catarral ovina o lengua azul."
2001-11-30,287,1,BOE-A-2001-22361,MINISTERIO DE LA PRESIDENCIA,estatal,Real Decreto,44102,44104,"Real Decreto 1267/2001, de 29 de noviembre, por el que se modifica el Real Decreto 1909/2000, de 24 de noviembre, por el que se fija el complemento de destino de los funcionarios de los Cuerpos de Médicos Forenses, Técnicos Facultativos del Instituto de Toxicología, Oficiales, Auxiliares y Agentes de la Administración de Justicia, Técnicos Especialistas, Auxiliares de Laboratorio del Instituto de Toxicología y Agentes de Laboratorio, a extinguir, del Instituto de Toxicología."
2001-11-30,287,1,BOE-A-2001-22362,MINISTERIO DE MEDIO AMBIENTE,estatal,Corrección,44104,44105,"Corrección de errores del texto refundido de la Ley de Aguas, aprobado por Real Decreto Legislativo 1/2001, de 20 de julio."
2001-12-01,288,1,BOE-A-2001-22487,MINISTERIO DE ADMINISTRACIONES PÚBLICAS,estatal,Real Decreto,44307,44310,"Real Decreto 1321/2001, de 30 de noviembre, por el que se modifica y desarrolla la estructura orgánica básica del Ministerio de Justicia."
2001-12-01,288,1,BOE-A-2001-22488,MINISTERIO DE ECONOMÍA,estatal,Real Decreto,44310,44312,"Real Decreto 1322/2001, de 30 de noviembre, por el que se establecen las reglas para la constancia en la unidad de cuenta euro de los asientos que se practiquen en los registros públicos administrativos."
2001-12-01,288,1,BOE-A-2001-22489,MINISTERIO DE ECONOMÍA,estatal,Resolución,44312,44313,"Resolución de 28 de noviembre de 2001, del Comisionado para el Mercado de Tabacos, por la que se publican los precios de venta al público de determinadas labores de tabaco en Expendedurías de Tabaco y Timbre del área del Monopolio."
2001-12-04,290,1,BOE-A-2001-22621,MINISTERIO DE ASUNTOS EXTERIORES,estatal,Tratado o acuerdo internacional,44461,44461,"Declaración del Gobierno español relativa al artículo 41 del Pacto Internacional de Derechos Civiles y Políticos, adoptado por la Asamblea General de las Naciones Unidas el 16 de diciembre de 1966."
2001-12-04,290,1,BOE-A-2001-22622,MINISTERIO DE HACIENDA,estatal,Resolución,44461,44462,"Resolución de 27 de noviembre de 2001, de Loterías y Apuestas del Estado, por la que se desarrollan aspectos de la gestión de los juegos de titularidad estatal."
2001-12-04,290,1,BOE-A-2001-22623,MINISTERIO DEL INTERIOR,estatal,Real Decreto,44462,44469,"Real Decreto 1250/2001, de 19 de noviembre, por el que se aprueba el Reglamento de provisión de destinos del personal del Cuerpo de la Guardia Civil."
2001-12-04,290,1,BOE-A-2001-22624,MINISTERIO DE LA PRESIDENCIA,estatal,Real Decreto,44469,44473,"Real Decreto 1317/2001, de 30 de noviembre, por el que se desarrolla el artículo 81 de la Ley 66/1997, de 30 de diciembre, de Medidas fiscales, administrativas y del orden social, en materia de prestación de servicios de seguridad, por la Fábrica Nacional de Moneda y Timbre-Real Casa de la Moneda, en las comunicaciones a través de medios electrónicos, informáticos y telemáticos con las Administraciones Públicas."
2001-12-04,290,1,BOE-A-2001-22625,MINISTERIO DE LA PRESIDENCIA,estatal,Orden,44473,44474,"Orden de 30 de noviembre de 2001 por la que se modifica la Orden de 20 de julio de 1995, por la que se establece el régimen y cuantía del complemento de destino del Cuerpo de Secretarios Judiciales."
2001-12-04,290,1,BOE-A-2001-22626,COMUNIDAD AUTÓNOMA DE ANDALUCÍA,autonómico,Ley,44474,44485,"Ley 10/2001, de 11 de octubre, de Cámaras Oficiales de Comercio, Industria y Navegación de Andalucía."
2001-12-05,291,1,BOE-A-2001-22762,CONSEJO GENERAL DEL PODER JUDICIAL,estatal,Corrección,44796,44796,"Corrección de errores del Acuerdo reglamentario número 4/2001, de 6 de noviembre, del Pleno del Consejo General del Poder Judicial, por el que se modifica el Reglamento 1/1995, de 7 de junio, de la Carrera Judicial, en lo relativo a Magistrados suplentes y Jueces sustitutos."
2001-12-05,291,1,BOE-A-2001-22763,MINISTERIO DE ADMINISTRACIONES PÚBLICAS,estatal,Real Decreto,44796,44805,"Real Decreto 1268/2001, de 29 de noviembre, sobre traspaso a la Comunidad Autónoma de las Illes Balears de la gestión realizada por el Instituto Nacional de Empleo en el ámbito del trabajo, el empleo y la formación."
2001-12-05,291,1,BOE-A-2001-22764,MINISTERIO DE ADMINISTRACIONES PÚBLICAS,estatal,Real Decreto,44806,44807,"Real Decreto 1269/2001, de 29 de noviembre, de modificación de los medios patrimoniales adscritos a los servicios traspasados a la Comunidad Autónoma de las Illes Balears por el Real Decreto 2155/1996, de 27 de septiembre, y por el Real Decreto 618/1997, de 25 de abril, en materia de agricultura, Fondo Español de Garantía Agraria (FEGA)."
2001-12-05,291,1,BOE-A-2001-22765,MINISTERIO DE ADMINISTRACIONES PÚBLICAS,estatal,Real Decreto,44807,44809,"Real Decreto 1270/2001, de 29 de noviembre, sobre ampliación de medios adscritos a los servicios de la Administración del Estado traspasados a la Comunidad Autónoma de las Illes Balears por el Real Decreto 1876/1997, de 12 de diciembre, en materia de enseñanza no universitaria (profesorado de religión)."
2001-12-05,291,1,BOE-A-2001-22766,MINISTERIO DE ADMINISTRACIONES PÚBLICAS,estatal,Real Decreto,44809,44811,"Real Decreto 1271/2001, de 29 de noviembre, sobre ampliación de medios adscritos a los servicios de la Administración del Estado traspasados a la Comunidad Autónoma de las Illes Balears, por el Real Decreto 1077/1984, de 29 de febrero, en materia de protección a la mujer."
2001-12-05,291,1,BOE-A-2001-22767,COMUNIDAD AUTÓNOMA DEL PRINCIPADO DE ASTURIAS,autonómico,Ley,44811,44816,"Ley 8/2001, de 15 de octubre, de regulación del Servicio Público de Atención de Llamadas de Urgencia y de Creación de la Entidad Pública ""112 Asturias""."
2001-12-05,291,1,BOE-A-2001-22768,COMUNIDAD AUTÓNOMA DEL PRINCIPADO DE ASTURIAS,autonómico,Ley,44816,44823,"Ley 9/2001, de 15 de octubre, de creación de la entidad pública «Bomberos del Principado de Asturias»."
2001-12-05,291,1,BOE-A-2001-22769,COMUNIDAD AUTÓNOMA DE ARAGÓN,autonómico,Ley,44824,44829,"Ley 18/2001, de 19 de noviembre, de creación de la Comarca de Campo de Borja."
2001-12-05,291,1,BOE-A-2001-22770,COMUNIDAD AUTÓNOMA DE EXTREMADURA,autonómico,Ley,44829,44831,"Ley 11/2001, de 10 de octubre, de creación del Instituto de la Mujer de Extremadura."
2001-12-06,292,1,BOE-A-2001-22898,MINISTERIO DE HACIENDA,estatal,Resolución,45114,45114,"Resolución de 3 de diciembre de 2001, de la Intervención General de la Administración del Estado, por la que se hace público el Acuerdo del Consejo de Ministros de 30 de noviembre de 2001, por el que se da aplicación a la previsión del artículo 95.3 del texto refundido de la Ley General Presupuestaria, respecto al ejercicio de función interventora en materia de expropiación forzosa."
2001-12-07,293,1,BOE-A-2001-22981,MINISTERIO DE TRABAJO Y ASUNTOS SOCIALES,estatal,Orden,45244,45245,"Orden de 28 de noviembre de 2001 por la que se dictan normas para la aplicación de lo dispuesto en el artículo 5.2 del Real Decreto-ley 13/2001, de 5 de septiembre, por el que se adoptan medidas urgentes para reparar los daños causados por los episodios de lluvias intensas acaecidos en los meses de febrero y marzo de 2001 en la Comunidad Autónoma de Castilla y León, en lo que se refiere a bonificaciones y moratorias en el pago de cuotas de la Seguridad Social."
2001-12-07,293,1,BOE-A-2001-22982,"MINISTERIO DE AGRICULTURA, PESCA Y ALIMENTACIÓN",estatal,Orden,45245,45246,Orden de 5 de diciembre de 2001 por la que se establecen medidas cautelares en relación con la sospecha de peste porcina clásica en Cataluña.
2001-12-07,293,1,BOE-A-2001-22983,MINISTERIO DE CIENCIA Y TECNOLOGÍA,estatal,Orden,45246,45247,"Orden de 29 de noviembre de 2001 por la que se modifican las instrucciones técnicas complementarias MI-IF002, MI-IF004 y MI-IF009 del Reglamento de Seguridad para Plantas e Instalaciones Frigoríficas."
2001-12-08,294,1,BOE-A-2001-23093,JEFATURA DEL ESTADO,estatal,Ley,45579,45603,"Ley 17/2001, de 7 de diciembre, de Marcas."
2001-12-11,296,1,BOE-A-2001-23252,JEFATURA DEL ESTADO,estatal,Otras,45980,45995,"Instrumento De Ratificación del Acuerdo sobre la conservación de las Aves Acuáticas Migratorias Afroeuroasiáticas, hecho en La Haya el 15 de agosto de 1996."
2001-12-11,296,1,BOE-A-2001-23253,JEFATURA DEL ESTADO,estatal,Otras,45995,45995,"Instrumento De Ratificación del Protocolo al Convenio para la cooperación en el marco de la Conferencia Iberoamericana para la constitución de la Secretaría de Cooperación Iberoamericana (SECIB) y los Estatutos de la Secretaría de Cooperación Iberoamericana (SECIB), hecho en La Habana el 15 de noviembre de 1999 (publicado en el ""Boletín Oficial del Estado"" número 9, de 11 de enero de 2000)."
2001-12-11,296,1,BOE-A-2001-23254,MINISTERIO DE ASUNTOS EXTERIORES,estatal,Tratado o acuerdo internacional,45995,46008,"Convenio Internacional del Café de 2001 (Resolución número 393), hecho en Londres el 28 de septiembre de 2000. Aplicación Provisional."
2001-12-11,296,1,BOE-A-2001-23255,MINISTERIO DE ASUNTOS EXTERIORES,estatal,Otras,46008,46008,Actas finales de la Conferencia Mundial de Radiocomunicaciones (CMR-95) firmadas en Ginebra el 17 de noviembre de 1995.
2001-12-12,297,1,BOE-A-2001-23357,MINISTERIO DE HACIENDA,estatal,Resolución,46414,46414,"Resolución de 10 de diciembre de 2001, de Loterías y Apuestas del Estado, por la que se corrigen errores de la Resolución de 27 de noviembre de 2001, por la que se desarrollan aspectos de la gestión de los juegos de titularidad estatal."
2001-12-12,297,1,BOE-A-2001-23358,COMUNIDAD AUTÓNOMA DE EXTREMADURA,autonómico,Orden,46414,46414,"Orden de 23 de noviembre de 2001, de la Consejería de Cultura, por la que se establece el Registro Territorial de la Propiedad Intelectual de Extremadura."
2001-12-13,298,1,BOE-A-2001-23523,JEFATURA DEL ESTADO,estatal,Ley,46819,46825,"Ley 18/2001, de 12 de diciembre, General de Estabilidad Presupuestaria."
2001-12-13,298,1,BOE-A-2001-23524,MINISTERIO DE HACIENDA,estatal,Resolución,46825,46826,"Resolución de 5 de diciembre de 2001, de la Secretaría de Estado de Presupuestos y Gastos, por la que se dan instrucciones sobre el cuadre de la nómina del mes de enero del 2002 en relación con la del mes de diciembre del 2001, por la introducción del euro."
2001-12-13,298,1,BOE-A-2001-23525,MINISTERIO DE LA PRESIDENCIA,estatal,Real Decreto,46826,46828,"Real Decreto 1314/2001, de 30 de noviembre, por el que se declara extinguido el sistema específico de cobertura de la contingencia de asistencia sanitaria derivada de enfermedad común y accidente no laboral del personal civil no funcionario dependiente de establecimientos del Ministerio de Defensa."
2001-12-13,298,1,BOE-A-2001-23526,MINISTERIO DE LA PRESIDENCIA,estatal,Real Decreto,46828,46829,"Real Decreto 1318/2001, de 30 de noviembre, por el que se establecen las retribuciones de los alumnos de los centros docentes de formación de la Escala Superior de Oficiales de la Guardia Civil."
2001-12-13,298,1,BOE-A-2001-23527,MINISTERIO DE LA PRESIDENCIA,estatal,Orden,46829,46852,"Orden de 30 de noviembre de 2001 por la que se modifica el anexo II del Real Decreto 280/1994, de 18 de febrero, por el que se establece los límites máximos de residuos de plaguicidas y su control en determinados productos de origen vegetal (17.ª modificación)."
2001-12-14,299,1,BOE-A-2001-23632,JEFATURA DEL ESTADO,estatal,Ley Orgánica,47149,47153,"Ley Orgánica 5/2001, de 13 de diciembre, complementaria a la Ley General de Estabilidad Presupuestaria."
2001-12-14,299,1,BOE-A-2001-23633,MINISTERIO DE HACIENDA,estatal,Corrección,47153,47154,"Corrección de errores de la Resolución de 8 de octubre de 2001, del Departamento de Aduanas e Impuestos Especiales de la Agencia Estatal de la Administración Tributaria, por la que se establecen las normas de cumplimentación de los documentos de acompañamiento que amparan la circulación de productos objeto de los impuestos especiales de fabricación, el sistema para la transmisión electrónica de documentos de circulación y el diseño de determinadas declaraciones."
2001-12-14,299,1,BOE-A-2001-23634,MINISTERIO DE FOMENTO,estatal,Orden,47154,47156,Orden de 30 noviembre 2001 por la que se regulan la Comisión Asesora de Publicaciones y el Centro de Publicaciones del Ministerio de Fomento.
2001-12-14,299,1,BOE-A-2001-23635,MINISTERIO DE FOMENTO,estatal,Orden,47156,47156,Orden de 4 de diciembre de 2001 por la que se actualizan las Instrucciones Técnicas para el Transporte sin Riesgos de Mercancías Peligrosas por Vía Aérea.
2001-12-14,299,1,BOE-A-2001-23636,MINISTERIO DE LA PRESIDENCIA,estatal,Orden,47156,47157,"Orden de 7 de diciembre de 2001 por la que se modifica el anexo I del Real Decreto 1406/1989, de 10 de noviembre, por el que se imponen limitaciones a la comercialización y al uso de ciertas sustancias y preparados peligrosos."
2001-12-14,299,1,BOE-A-2001-23637,MINISTERIO DE ECONOMÍA,estatal,Corrección,47157,47157,"Corrección de errores del Real Decreto 1322/2001, de 30 de noviembre, por el que se establecen las reglas para la constancia en la unidad de cuenta euro de los asientos que se practiquen en los registros públicos administrativos."
2001-12-15,300,1,BOE-A-2001-23785,MINISTERIO DE JUSTICIA,estatal,Real Decreto,47623,47624,"Real Decreto 1411/2001, de 14 de diciembre, por el que se establece la separación de Juzgados de Primera Instancia y Juzgados de Instrucción en los partidos judiciales de Oviedo, León y Elche."
2001-12-15,300,1,BOE-A-2001-23786,MINISTERIO DE LA PRESIDENCIA,estatal,Real Decreto,47624,47636,"Real Decreto 1316/2001, de 30 de noviembre, por el que se regula la bonificación en las tarifas de los servicios regulares de transporte aéreo y marítimo para los residentes en las Comunidades Autónomas de Canarias y las Illes Balears y en las Ciudades de Ceuta y Melilla."
2001-12-15,300,1,BOE-A-2001-23787,MINISTERIO DE LA PRESIDENCIA,estatal,Orden,47636,47640,"Orden de 7 de diciembre de 2001 por la que se modifican los anexos II de los Reales Decretos 280/1994, de 18 de febrero, y 569/1990, de 27 de abril, por los que se establecen los límites máximos de residuos de plaguicidas y su control en determinados productos de origen vegetal y animal (18.a modificación)."
2001-12-15,300,1,BOE-A-2001-23788,MINISTERIO DE ECONOMÍA,estatal,Resolución,47640,47640,"Resolución de 12 de diciembre de 2001, de la Dirección General de Política Energética y Minas, por la que se hacen públicos los nuevos precios máximos de venta, antes de impuestos, de los gases licuados del petróleo."
2001-12-17,301,1,BOE-A-2001-23892,TRIBUNAL SUPREMO,estatal,Resolución judicial,47820,47820,"Sentencia de 22 de septiembre de 2001, de la Sala Tercera del Tribunal Supremo, por la que se fija doctrina legal en relación con la legitimación de las Comunidades Autónomas para recurrir en vía contencioso-administrativa las resoluciones del Tribunal Económico-Administrativo Central y de los Tribunales Económico-Administrativos Regionales en materia de tributos cedidos."
2001-12-17,301,1,BOE-A-2001-23893,TRIBUNAL SUPREMO,estatal,Resolución judicial,47820,47820,"Sentencia de 2 de octubre de 2001, de la Sala Tercera del Tribunal Supremo, por la que se anula el segundo párrafo del apartado 1 del artículo 103 del Reglamento de los Impuestos Especiales, introducido por el número 17 del artículo único del Real Decreto 1965/1999, de 23 de diciembre."
2001-12-17,301,1,BOE-A-2001-23894,TRIBUNAL SUPREMO,estatal,Resolución judicial,47820,47821,"Sentencia de 6 de octubre de 2001, de la Sala Tercera del Tribunal Supremo, por la que se fija doctrina legal en relación con la sujeción y no exención del Impuesto de Bienes Inmuebles de la Universidad de Valencia por los bienes de que sea titular catastral y estén situados en el término municipal de dicha capital."
2001-12-17,301,1,BOE-A-2001-23895,TRIBUNAL SUPREMO,estatal,Resolución judicial,47821,47821,"Sentencia de 6 de octubre de 2001, de la Sala Tercera del Tribunal Supremo, por la que se fija doctrina legal en relación con la fórmula legal de cálculo empleada por las Gerencias Territoriales del Catastro para obtener el valor catastral de los inmuebles."
2001-12-17,301,1,BOE-A-2001-23896,TRIBUNAL SUPREMO,estatal,Resolución judicial,47821,47821,"Sentencia de 9 de octubre de 2001, de la Sala Tercera del Tribunal Supremo, por la que se fija doctrina legal en relación con el cambio de domicilio en el padrón municipal de habitantes u otro registro administrativo, determinándose que no sustituye la declaración tributaria expresa de cambio de domicilio fiscal."
2001-12-18,302,1,BOE-A-2001-23917,MINISTERIO DE ASUNTOS EXTERIORES,estatal,Orden,47861,47861,Orden de 10 de diciembre de 2001 por la que se crean sendas Oficinas Consulares Honorarias en Davao y en Zamboanga (República de Filipinas).
2001-12-18,302,1,BOE-A-2001-23918,MINISTERIO DE LA PRESIDENCIA,estatal,Orden,47861,47863,"Orden de 17 de diciembre de 2001 por la que se dispone la publicación del Acuerdo de la Comisión Delegada del Gobierno para Asuntos Económicos, de 13 de diciembre de 2001, por el que se aprueban los nuevos planes de precios denominados ""Bono EMP7"" y ""Bono EMP17"", para el servicio telefónico fijo disponible al público, prestado por ""Telefónica de España, Sociedad Anónima Unipersonal""."
2001-12-18,302,1,BOE-A-2001-23919,MINISTERIO DE ADMINISTRACIONES PÚBLICAS,estatal,Resolución,47863,47864,"Resolución de 29 de noviembre de 2001, de la Secretaría de Estado para la Administración Pública, por la que se establece el calendario de días inhábiles en el ámbito de la Administración General del Estado para el año 2002, a efectos de cómputos de plazos."
2001-12-18,302,1,BOE-A-2001-23920,MINISTERIO DE ECONOMÍA,estatal,Real Decreto,47865,47907,"Real Decreto 1252/2001, de 16 de noviembre, por el que se aprueba el Programa Anual 2001 del Plan Estadístico Nacional 2001-2004."
2001-12-18,302,1,BOE-A-2001-23921,MINISTERIO DE CIENCIA Y TECNOLOGÍA,estatal,Orden,47907,47912,Orden de 21 de noviembre de 2001 por la que se establecen los criterios para la realización del control de producción de los hormigones fabricados en central.
2001-12-18,302,1,BOE-A-2001-23922,COMUNIDAD AUTÓNOMA DE CANTABRIA,autonómico,Ley,47912,47919,"Ley 5/2001, de 19 de noviembre, de Museos de Cantabria."
2001-12-18,302,1,BOE-A-2001-23923,COMUNIDAD AUTÓNOMA DE CANTABRIA,autonómico,Ley,47919,47925,"Ley 6/2001, de 20 de noviembre, de Protección a las Personas Dependientes."
2001-12-18,302,1,BOE-A-2001-23924,COMUNIDAD AUTÓNOMA DE CASTILLA-LA MANCHA,autonómico,Ley,47925,47926,"Ley 9/2001, de 27 de septiembre, de Creación del Colegio Profesional de Logopedas de Castilla-La Mancha."
2001-12-18,302,1,BOE-A-2001-23925,COMUNIDAD AUTÓNOMA DE CASTILLA Y LEÓN,autonómico,Ley,47926,47927,"Ley 6/2001, de 22 de noviembre, de Creación del Consejo de Colegios Profesionales de Peritos e Ingenieros Técnicos Industriales de Castilla y León."
2001-12-18,302,1,BOE-A-2001-23926,COMUNIDAD AUTÓNOMA DE CASTILLA Y LEÓN,autonómico,Ley,47927,47928,"Ley 7/2001, de 22 de noviembre, de Creación del Consejo de Colegios Profesionales de Veterinarios de Castilla y León."
2001-12-18,302,1,BOE-A-2001-23927,COMUNIDAD AUTÓNOMA DE CASTILLA Y LEÓN,autonómico,Ley,47928,47929,"Ley 8/2001, de 22 de noviembre, de Creación del Consejo de Colegios Profesionales de Médicos de Castilla y León."
2001-12-18,302,1,BOE-A-2001-23928,COMUNIDAD AUTÓNOMA DE CASTILLA Y LEÓN,autonómico,Ley,47929,47930,"Ley 9/2001, de 22 de noviembre, de Creación del Consejo de Colegios Profesionales de Diplomados en Trabajo Social y Asistentes Sociales de Castilla y León."
2001-12-18,302,1,BOE-A-2001-23929,COMUNIDAD AUTÓNOMA DE CASTILLA Y LEÓN,autonómico,Ley,47930,47931,"Ley 10/2001, de 22 de noviembre, de Creación del Consejo de Colegios Profesionales de Mediadores de Seguros Titulados de Castilla y León."
2001-12-18,302,1,BOE-A-2001-23930,COMUNIDAD AUTÓNOMA DE CASTILLA Y LEÓN,autonómico,Ley,47931,47931,"Ley 11/2001, de 22 de noviembre, de Modificación de la Ley 2/1994, de 9 de marzo, del Procurador del Común de Castilla y León."
2001-12-19,303,1,BOE-A-2001-24075,MINISTERIO DE ASUNTOS EXTERIORES,estatal,Orden,48147,48147,Orden de 7 de diciembre de 2001 por la que se modifica la jurisdicción de la Oficina Consular Honoraria en Duala (Camerún).
2001-12-19,303,1,BOE-A-2001-24076,MINISTERIO DE HACIENDA,estatal,Corrección,48147,48148,"Corrección de errores del Real Decreto 1098/2001, de 12 de octubre, por el que se aprueba el Reglamento General de la Ley de Contratos de las Administraciones Públicas."
2001-12-19,303,1,BOE-A-2001-24077,MINISTERIO DE TRABAJO Y ASUNTOS SOCIALES,estatal,Orden,48148,48155,"Orden de 4 de diciembre de 2001 por la que se fijan para el ejercicio 2001 las bases normalizadas de cotización a la Seguridad Social, por contingencias comunes, en el Régimen Especial de la Seguridad Social para la Minería del Carbón."
2001-12-19,303,1,BOE-A-2001-24078,MINISTERIO DE LA PRESIDENCIA,estatal,Real Decreto,48156,48158,"Real Decreto 1315/2001, de 30 de noviembre, por el que se regulan las autorizaciones para la importación e introducción de las sustancias químicas a que se refieren las Listas 1 y 2 del anexo de la Convención de 13 de enero de 1993, sobre la Prohibición del desarrollo, la producción, el almacenamiento y el empleo de armas químicas y sobre su destrucción."
2001-12-19,303,1,BOE-A-2001-24079,MINISTERIO DE LA PRESIDENCIA,estatal,Real Decreto,48159,48172,"Real Decreto 1378/2001, de 7 de diciembre, por el que se aprueban los Estatutos del Colegio Oficial de Geólogos."
2001-12-19,303,1,BOE-A-2001-24080,MINISTERIO DE ECONOMÍA,estatal,Real Decreto,48173,48173,"Real Decreto 1323/2001, de 30 de noviembre, por el que se modifica, parcialmente, el Real Decreto 1389/1988, de 18 de noviembre, de delimitación de la zona de promoción económica de Extremadura, modificado por Real Decreto 1397/1992, de 20 de noviembre."
2001-12-19,303,1,BOE-A-2001-24081,MINISTERIO DE ECONOMÍA,estatal,Real Decreto,48174,48174,"Real Decreto 1324/2001, de 30 de noviembre, por el que se modifica, parcialmente, el Real Decreto 1130/1988, de 30 de septiembre, de delimitación de la zona de promoción económica de Ceuta."
2001-12-19,303,1,BOE-A-2001-24082,MINISTERIO DE ECONOMÍA,estatal,Real Decreto,48175,48175,"Real Decreto 1325/2001, de 30 de noviembre, por el que se modifica, parcialmente, el Real Decreto 1129/1988, de 30 de septiembre, de delimitación de la zona de promoción económica de Melilla."
2001-12-19,303,1,BOE-A-2001-24083,MINISTERIO DE ECONOMÍA,estatal,Real Decreto,48176,48176,"Real Decreto 1326/2001, de 30 de noviembre, por el que se modifica, parcialmente, el Real Decreto 652/1988, de 24 de junio, de delimitación de la zona de promoción económica de Andalucía."
2001-12-19,303,1,BOE-A-2001-24084,MINISTERIO DE ECONOMÍA,estatal,Real Decreto,48176,48177,"Real Decreto 1327/2001, de 30 de noviembre, por el que se modifica, parcialmente, el Real Decreto 569/1988, de 3 de junio, de delimitación de la zona de promoción económica de Canarias."
2001-12-19,303,1,BOE-A-2001-24085,MINISTERIO DE ECONOMÍA,estatal,Real Decreto,48177,48178,"Real Decreto 1328/2001, de 30 de noviembre, por el que se modifica, parcialmente, el Real Decreto 568/1988, de 6 de mayo, de delimitación de la zona de promoción económica de Galicia, modificado por Real Decreto 530/1992, de 22 de mayo."
2001-12-19,303,1,BOE-A-2001-24086,MINISTERIO DE ECONOMÍA,estatal,Real Decreto,48179,48180,"Real Decreto 1329/2001, de 30 de noviembre, por el que se modifica parcialmente el Real Decreto 490/1988, de 6 de mayo, de delimitación de la zona de promoción económica de Cantabria, modificado por Reales Decretos 529/1992, de 22 de mayo; 133/1994, de 4 de febrero, y 2488/1996, de 5 de diciembre."
2001-12-19,303,1,BOE-A-2001-24087,MINISTERIO DE ECONOMÍA,estatal,Real Decreto,48180,48181,"Real Decreto 1330/2001, de 30 de noviembre, por el que se modifica, parcialmente, el Real Decreto 489/1988, de 6 de mayo, de delimitación de la zona de promoción económica de Castilla-La Mancha."
2001-12-19,303,1,BOE-A-2001-24088,MINISTERIO DE ECONOMÍA,estatal,Real Decreto,48181,48182,"Real Decreto 1331/2001, de 30 de noviembre, por el que se modifica, parcialmente, el Real Decreto 488/1988, de 6 de mayo, de delimitación de la zona de promoción económica de Murcia, modificado por Real Decreto 303/1993, de 26 de febrero."
2001-12-19,303,1,BOE-A-2001-24089,MINISTERIO DE ECONOMÍA,estatal,Real Decreto,48182,48183,"Real Decreto 1332/2001, de 30 de noviembre, por el que se modifica, parcialmente, el Real Decreto 487/1988, de 6 de mayo, de delimitación de la zona de promoción económica de Asturias, modificado por Reales Decretos 528/1992, de 22 de mayo, y 2485/1996, de 5 de diciembre."
2001-12-19,303,1,BOE-A-2001-24090,MINISTERIO DE ECONOMÍA,estatal,Real Decreto,48183,48184,"Real Decreto 1333/2001, de 30 de noviembre, por el que se modifica, parcialmente, el Real Decreto 491/1988, de 6 de mayo, de delimitación de la zona promocionable de Aragón, modificado por Real Decreto 2486/1996, de 5 de diciembre."
2001-12-19,303,1,BOE-A-2001-24091,MINISTERIO DE ECONOMÍA,estatal,Real Decreto,48184,48189,"Real Decreto 1334/2001, de 30 de noviembre, por el que se modifica parcialmente el Real Decreto 883/1989, de 14 de julio, de delimitación de la zona de promoción económica de la Comunidad Valenciana, modificado por Reales Decretos 126/1990, de 2 de febrero; 789/1991, de 17 de mayo; 852/1992, de 10 de julio, y 2489/1996, de 5 de diciembre."
2001-12-19,303,1,BOE-A-2001-24092,MINISTERIO DE ECONOMÍA,estatal,Real Decreto,48189,48191,"Real Decreto 1335/2001, de 30 de noviembre, por el que se modifica parcialmente el Real Decreto 570/1988, de 3 de junio, de delimitación de la zona de promoción económica de Castilla y León, modificado por Real Decreto 2487/1996, de 5 de diciembre."
2001-12-19,303,1,BOE-A-2001-24093,COMUNIDAD AUTÓNOMA VALENCIANA,autonómico,Ley,48192,48198,"Ley 7/2001, de 26 de noviembre, reguladora de la mediación familiar, en el ámbito de la Comunidad Valenciana."
2001-12-19,303,1,BOE-A-2001-24094,COMUNIDAD AUTÓNOMA VALENCIANA,autonómico,Ley,48198,48202,"Ley 8/2001, de 26 de noviembre, de Creación de la Agencia Valenciana de la Energía."
2001-12-20,304,1,BOE-A-2001-24173,JEFATURA DEL ESTADO,estatal,Ley,48427,48437,"Ley 19/2001, de 19 de diciembre, de reforma del texto articulado de la Ley sobre Tráfico, Circulación de Vehículos a Motor y Seguridad Vial, aprobado por Real Decreto legislativo 339/1990, de 2 de marzo."
2001-12-20,304,1,BOE-A-2001-24174,MINISTERIO DE ASUNTOS EXTERIORES,estatal,Tratado o acuerdo internacional,48437,48439,"Aplicación Provisional del Acuerdo bilateral entre el Reino de España y la República de Bolivia en materia de adopciones, hecho en Madrid el 29 de octubre de 2001."
2001-12-20,304,1,BOE-A-2001-24175,MINISTERIO DE ADMINISTRACIONES PÚBLICAS,estatal,Real Decreto,48439,48441,"Real Decreto 1320/2001, de 30 de noviembre, por el que se amplían los medios traspasados a la Generalidad de Cataluña por el Real Decreto 966/1990, de 20 de julio, en materia de provisión de medios materiales y económicos al servicio de la Administración de Justicia."
2001-12-20,304,1,BOE-A-2001-24176,COMUNIDAD AUTÓNOMA DE CATALUÑA,autonómico,Ley,48441,48442,"Ley 14/2001, de 14 de noviembre, de Creación del Colegio de Pedagogos de Cataluña."
2001-12-20,304,1,BOE-A-2001-24177,COMUNIDAD AUTÓNOMA DE CATALUÑA,autonómico,Ley,48442,48446,"Ley 15/2001, de 14 de noviembre, de Meteorología."
2001-12-21,305,1,BOE-A-2001-24268,TRIBUNAL CONSTITUCIONAL,estatal,Resolución judicial,48834,48834,"Conflicto positivo de competencia número 5973-2001, promovido por el Gobierno de la Nación, en relación con el Decreto del Gobierno Vasco 117/2001, de 26 de junio, de medidas para la normalización lingüística de la Administración de Justicia en la Comunidad Autónoma del País Vasco."
2001-12-21,305,1,BOE-A-2001-24269,TRIBUNAL CONSTITUCIONAL,estatal,Resolución judicial,48834,48834,"Recurso de inconstitucionalidad número 4108-2001, promovido por el Presidente del Gobierno en relación con la disposición adicional séptima de la Ley 6/2001, de 25 de mayo, de las Cortes de Aragón."
2001-12-21,305,1,BOE-A-2001-24270,MINISTERIO DE HACIENDA,estatal,Orden,48834,48856,"Orden de 11 de diciembre de 2001 por la que se modifica la Orden de 4 de junio de 1998, por la que se regulan determinados aspectos de la gestión recaudatoria de las tasas que constituyen derechos de la Hacienda Pública."
2001-12-21,305,1,BOE-A-2001-24271,MINISTERIO DE HACIENDA,estatal,Orden,48857,48858,"Orden de 13 de diciembre de 2001 por la que se modifica la Orden de 15 de junio de 1995, por la que se desarrolla parcialmente el Reglamento General de Recaudación en la redacción dada al mismo por el Real Decreto 448/1995, de 24 de marzo, en relación con las entidades de depósito que prestan el servicio de colaboracion en la gestion recaudatoria."
2001-12-21,305,1,BOE-A-2001-24272,MINISTERIO DE FOMENTO,estatal,Orden,48858,48884,"Orden de 12 de diciembre de 2001 por la que se actualizan las condiciones técnicas del Real Decreto 809/1999, de 14 de mayo, por el que se regulan los requisitos que deben reunir los equipos marinos destinados en los buques."
2001-12-21,305,1,BOE-A-2001-24273,"MINISTERIO DE EDUCACIÓN, CULTURA Y DEPORTE",estatal,Real Decreto,48885,48899,"Real Decreto 1313/2001, de 30 de noviembre, por el que se homologan los títulos de Ingeniero Técnico en Telecomunicación, especialidad en Sistemas de Telecomunicación, y de Ingeniero Técnico en Telecomunicación, especialidad en Telemática, de la Universidad ""Mondragón Unibersitatea""."
2001-12-21,305,1,BOE-A-2001-24274,MINISTERIO DE TRABAJO Y ASUNTOS SOCIALES,estatal,Resolución,48900,48902,"Resolución de 4 de diciembre de 2001, de la Intervención General de la Seguridad Social, por la que se establecen los criterios de conversión al euro en la contabilidad de las entidades gestoras, servicios comunes y mutuas de accidentes de trabajo y enfermedades profesionales de la Seguridad Social."
2001-12-21,305,1,BOE-A-2001-24275,MINISTERIO DE TRABAJO Y ASUNTOS SOCIALES,estatal,Resolución,48902,48902,"Resolución de 5 de diciembre de 2001, de la Secretaría de Estado de la Seguridad Social, por la que se establecen plazos especiales para el ingreso de las diferencias resultantes de la aplicación de la Orden del Ministerio de Trabajo y Asuntos Sociales de 4 de diciembre de 2001, por la que se fijan para 2001 las bases normalizadas de cotización, por contingencias comunes, en el Régimen Especial de la Seguridad Social para la Minería del Carbón."
2001-12-21,305,1,BOE-A-2001-24276,MINISTERIO DE LA PRESIDENCIA,estatal,Orden,48902,48907,"Orden de 12 de diciembre de 2001 por la que se aprueban los modelos de impresos para la liquidación de las tasas, en euros, establecidas en la Ley 11/1998, de 24 de abril, General de Telecomunicaciones, gestionadas por la Secretaría de Estado de Telecomunicaciones y para la Sociedad de la Información del Ministerio de Ciencia y Tecnología."
2001-12-21,305,1,BOE-A-2001-24277,MINISTERIO DE ADMINISTRACIONES PÚBLICAS,estatal,Real Decreto,48908,48910,"Real Decreto 1319/2001, de 30 de noviembre, sobre traspaso de profesores de Educación General Básica de Instituciones Penitenciarias a la Comunidad Autónoma de Castilla-La Mancha, en ampliación del traspaso efectuado por el Real Decreto 1844/1999, de 3 de diciembre, en materia de enseñanza no universitaria."
2001-12-22,306,1,BOE-A-2001-24429,MINISTERIO DE DEFENSA,estatal,Real Decreto,49250,49252,"Real Decreto 1437/2001, de 21 de diciembre, de desconcentración de facultades en materia de convenios, contratos y acuerdos técnicos, en el ámbito del Ministerio de Defensa."
2001-12-22,306,1,BOE-A-2001-24430,"MINISTERIO DE AGRICULTURA, PESCA Y ALIMENTACIÓN",estatal,Orden,49252,49253,Orden de 21 de diciembre de 2001 por la que se establecen los requisitos para el movimiento de animales de la especie porcina dentro de las zonas sometidas a restriciones por la peste porcina clásica en España.
2001-12-22,306,1,BOE-A-2001-24431,MINISTERIO DE LA PRESIDENCIA,estatal,Orden,49253,49253,"Orden de 21 de diciembre de 2001 sobre establecimiento de un régimen de aplicación especial de ciertas medidas de seguridad recogidas en la Orden de 23 de abril de 1997, por la que se concretan determinados aspectos en materia de empresas de seguridad, en cumplimiento de la Ley y el Reglamento de Seguridad Privada."
2001-12-22,306,1,BOE-A-2001-24432,MINISTERIO DE LA PRESIDENCIA,estatal,Orden,49253,49254,"Orden de 21 de diciembre de 2001 por la que se hace público el Acuerdo del Consejo de Ministros de 21 de diciembre de 2001, por el que se dispone la numeración de las Órdenes ministeriales que se publican en el ""Boletín Oficial del Estado""."
2001-12-24,307,1,BOE-A-2001-24515,JEFATURA DEL ESTADO,estatal,Ley Orgánica,49400,49425,"Ley Orgánica 6/2001, de 21 de diciembre, de Universidades."
2001-12-24,307,1,BOE-A-2001-24516,MINISTERIO DE HACIENDA,estatal,Resolución,49425,49425,"Resolución de 10 de diciembre de 2001, del Departamento de Aduanas e Impuestos Especiales de la Agencia Estatal de la Administración Tributaria, por la que se actualiza el arancel integrado de aplicación (TARIC)."
2001-12-24,307,1,BOE-A-2001-24517,MINISTERIO DE FOMENTO,estatal,Orden,49425,49428,"Orden de 11 de diciembre de 2001 por la que se autorizan los precios de los servicios reservados al operador responsable de la prestación del servicio postal universal, ""Sociedad Estatal Correos y Telégrafos, Sociedad Anónima""."
2001-12-24,307,1,BOE-A-2001-24518,MINISTERIO DE FOMENTO,estatal,Orden,49428,49429,Orden de 12 de diciembre de 2001 sobre confección de cuadros tarifarios en euros y establecimiento de normas de pago en relación con los servicios públicos regulares permanentes de uso general de transporte de viajeros por carretera.
2001-12-24,307,1,BOE-A-2001-24519,MINISTERIO DE FOMENTO,estatal,Orden,49429,49430,Orden de 12 de diciembre de 2001 sobre régimen tarifario de los servicios interurbanos de transporte público discrecional de viajeros en vehículos de turismo.
2001-12-25,308,1,BOE-A-2001-24537,MINISTERIO DE HACIENDA,estatal,Orden,49444,49445,"Orden de 14 de diciembre de 2001 por la que se fijan los umbrales estadísticos que imponen la mención de determinados datos adicionales en la declaración Intrastat y los umbrales estadísticos de asimilación para dichas declaraciones, conforme a los artículos 23 y 28 del Reglamento (CEE) 3330/1991 del Consejo de las Comunidades Europeas."
2001-12-25,308,1,BOE-A-2001-24538,MINISTERIO DE HACIENDA,estatal,Orden,49445,49560,"Orden de 14 de diciembre de 2001, por la que se aprueban los precios medios de venta aplicables en la gestión del Impuesto sobre Transmisiones Patrimoniales y Actos Jurídicos Documentados, Impuesto sobre Sucesiones y Donaciones e Impuesto Especial sobre Determinados Medios de Transporte."
2001-12-25,308,1,BOE-A-2001-24539,MINISTERIO DE ADMINISTRACIONES PÚBLICAS,estatal,Real Decreto,49561,49568,"Real Decreto 1379/2001, de 7 de diciembre, sobre traspaso a la Comunidad Autónoma de La Rioja de la gestión realizada por el Instituto Nacional de Empleo, en el ámbito del trabajo, el empleo y la formación."
2001-12-26,309,1,BOE-A-2001-24559,MINISTERIO DE ASUNTOS EXTERIORES,estatal,Tratado o acuerdo internacional,49581,49582,"Acuerdo entre el Reino de España y la República Dominicana sobre cooperación en materia de prevención del consumo y control del tráfico ilícito de estupefacientes y sustancias psicotrópicas, hecho en Santo Domingo el 15 de noviembre de 2000."
2001-12-26,309,1,BOE-A-2001-24560,MINISTERIO DE ASUNTOS EXTERIORES,estatal,Otras,49582,49629,"Código para la construcción y el equipo de buques que transporten productos químicos peligrosos a granel (código de graneleros químicos-Código CGrQ), adoptado por Resolución MEPC.20 (22), en Londres el 5 de diciembre de 1985."
2001-12-26,309,1,BOE-A-2001-24561,MINISTERIO DE ASUNTOS EXTERIORES,estatal,Tratado o acuerdo internacional,49630,49637,"Convenio de Seguridad Social entre el Reino de España y la República de Túnez, hecho en Túnez el 26 de febrero de 2001."
2001-12-27,310,1,BOE-A-2001-24624,JEFATURA DEL ESTADO,estatal,Ley,49708,49708,"Ley 20/2001, de 26 de diciembre, sobre concesión de un crédito extraordinario por importe de 19.945.098.263 pesetas (119.872.454,79 euros), para atender insuficiencias de crédito producidas en ejercicios anteriores por la compensación de intereses de préstamos a la construcción naval."
2001-12-27,310,1,BOE-A-2001-24625,MINISTERIO DE LA PRESIDENCIA,estatal,Real Decreto,49708,49709,"Real Decreto 1417/2001, de 17 de diciembre, por el que se procede a la conversión a euros de las cuantías establecidas en la Ley de Enjuiciamiento Civil."
2001-12-27,310,1,BOE-A-2001-24626,COMUNIDAD AUTÓNOMA DE CATALUÑA,autonómico,Ley,49709,49710,"Ley 16/2001, de 29 de noviembre, de ampliación de los plazos de resolución del procedimiento y de presentación de solicitudes concedidos por el Decreto 288/2000, de 31 de agosto, por el cual se establecen los requisitos para regular las indemnizaciones de las personas incluidas en los supuestos previstos por la Ley 46/1977, de 15 de octubre, de amnistía, y excluidas de los beneficios de la disposición adicional decimoctava de los Presupuestos Generales del Estado para los períodos 1990 y 1992."
2001-12-28,311,1,BOE-A-2001-24742,MINISTERIO DE HACIENDA,estatal,Resolución,49943,49945,"Resolución de 11 de diciembre de 2001, de la Dirección General de la Agencia Estatal de Administración Tributaria, por la que se regula la presentación por vía telemática de recursos de reposición y otras solicitudes de carácter tributario."
2001-12-28,311,1,BOE-A-2001-24743,MINISTERIO DE HACIENDA,estatal,Resolución,49945,49994,"Resolución de 19 de diciembre de 2001, del Departamento de Aduanas e Impuestos Especiales de la Agencia Estatal de Administración Tributaria, en la que se recoge la normativa aplicable alas estadísticas de los intercambios de bienes entre Estados miembros de la Unión Europea para el ejercicio 2002."
2001-12-28,311,1,BOE-A-2001-24744,MINISTERIO DE TRABAJO Y ASUNTOS SOCIALES,estatal,Real Decreto,49995,49995,"Real Decreto 1414/2001, de 14 de diciembre, por el que se modifica el Real Decreto 728/1993, de 14 de mayo, por el que se establecen pensiones asistenciales por ancianidad en favor de los emigrantes españoles."
2001-12-28,311,1,BOE-A-2001-24745,MINISTERIO DE TRABAJO Y ASUNTOS SOCIALES,estatal,Real Decreto,49995,49996,"Real Decreto 1466/2001, de 27 de diciembre, por el que se fija el salario mínimo interprofesional para 2002."
2001-12-28,311,1,BOE-A-2001-24746,"MINISTERIO DE AGRICULTURA, PESCA Y ALIMENTACIÓN",estatal,Real Decreto,49997,50001,"Real Decreto 1377/2001, de 7 de diciembre, por el que se modifica el Real Decreto 1980/1998, de 18 de septiembre, por el que se establece un sistema de identificación y registro de los animales de la especie bovina."
2001-12-28,311,1,BOE-A-2001-24747,"MINISTERIO DE AGRICULTURA, PESCA Y ALIMENTACIÓN",estatal,Real Decreto,50002,50002,"Real Decreto 1467/2001, de 27 de diciembre, por el que se derogan el Real Decreto 1738/1997, de 20 de noviembre, por el que se establecen ayudas a los programas de carne de vacuno de calidad, y el Real Decreto 1973/1999, de 23 de diciembre, sobre determinadas ayudas comunitarias en ganadería."
2001-12-28,311,1,BOE-A-2001-24748,MINISTERIO DE LA PRESIDENCIA,estatal,Real Decreto,50002,50004,"Real Decreto 1416/2001, de 14 de diciembre, sobre envases de productos fitosanitarios."
2001-12-28,311,1,BOE-A-2001-24749,MINISTERIO DE LA PRESIDENCIA,estatal,Real Decreto,50004,50006,"Real Decreto 1470/2001, de 27 de diciembre, por el que se modifica el Real Decreto 109/1995, de 27 de enero, sobre medicamentos veterinarios."
2001-12-28,311,1,BOE-A-2001-24750,MINISTERIO DE ADMINISTRACIONES PÚBLICAS,estatal,Real Decreto,50007,50012,"Real Decreto 1472/2001, de 27 de diciembre, sobre traspaso a la Comunidad Autónoma de Cantabria de las funciones y servicios del Instituto Nacional de la Salud."
2001-12-28,311,1,BOE-A-2001-24751,MINISTERIO DE ADMINISTRACIONES PÚBLICAS,estatal,Real Decreto,50012,50017,"Real Decreto 1473/2001, de 27 de diciembre, sobre traspaso a la Comunidad Autónoma de La Rioja de las funciones y servicios del Instituto Nacional de la Salud."
2001-12-28,311,1,BOE-A-2001-24752,MINISTERIO DE ADMINISTRACIONES PÚBLICAS,estatal,Real Decreto,50017,50022,"Real Decreto 1475/2001, de 27 de diciembre, sobre traspaso a la Comunidad Autónoma de Aragón de las funciones y servicios del Instituto Nacional de la Salud."
2001-12-28,311,1,BOE-A-2001-24753,MINISTERIO DE ADMINISTRACIONES PÚBLICAS,estatal,Real Decreto,50022,50028,"Real Decreto 1476/2001, de 27 de diciembre, sobre traspaso a la Comunidad Autónoma de Castilla-La Mancha de las funciones y servicios del Instituto Nacional de la Salud."
2001-12-28,311,1,BOE-A-2001-24754,MINISTERIO DE ADMINISTRACIONES PÚBLICAS,estatal,Real Decreto,50028,50033,"Real Decreto 1478/2001, de 27 de diciembre, sobre traspaso a la Comunidad Autónoma de las Illes Balears de las funciones y servicios del Instituto Nacional de la Salud."
2001-12-28,311,1,BOE-A-2001-24755,MINISTERIO DE ADMINISTRACIONES PÚBLICAS,estatal,Real Decreto,50033,50038,"Real Decreto 1479/2001, de 27 de diciembre, sobre traspaso a la Comunidad de Madrid de las funciones y servicios del Instituto Nacional de la Salud."
2001-12-28,311,1,BOE-A-2001-24756,MINISTERIO DE ADMINISTRACIONES PÚBLICAS,estatal,Real Decreto,50038,50044,"Real Decreto 1480/2001, de 27 de diciembre, sobre traspaso a la Comunidad de Castilla y León de las funciones y servicios del Instituto Nacional de la Salud."
2001-12-28,311,1,BOE-A-2001-24757,MINISTERIO DE ECONOMÍA,estatal,Real Decreto,50044,50054,"Real Decreto 1483/2001, de 27 de diciembre, por el que se establece la tarifa eléctrica para el 2002."
2001-12-28,311,1,BOE-A-2001-24758,MINISTERIO DE ECONOMÍA,estatal,Orden,50054,50060,Orden de 26 de diciembre de 2001 por la que se establecen los criterios generales de tramitación telemática de determinados procedimientos por el Ministerio de Economía y los Organismos Públicos adscritos al Departamento y se crea un Registro Telemático para la presentación de escritos y solicitudes.
2001-12-28,311,1,BOE-A-2001-24759,MINISTERIO DE ECONOMÍA,estatal,Resolución,50060,50063,"Resolución de 20 de diciembre de 2001, del Comisionado para el Mercado de Tabacos, por la que se publican los precios de venta al público de determinadas labores de tabaco en Expendedurías de Tabaco y Timbre del área del Monopolio y se determina el margen en los puntos de venta con recargo."
2001-12-28,311,1,BOE-A-2001-24760,MINISTERIO DE CIENCIA Y TECNOLOGÍA,estatal,Orden,50063,50077,Orden de 21 de diciembre de 2001 por la que se regulan determinados aspectos del Servicio Universal de Telecomunicaciones.
2001-12-29,312,1,BOE-A-2001-24850,JEFATURA DEL ESTADO,estatal,Otras,50207,50212,"Instrumento de Ratificación del Convenio Europeo sobre Indemnización a las Víctimas de Delitos Violentos, hecho en Estrasburgo el 24 de noviembre de 1983."
2001-12-29,312,1,BOE-A-2001-24851,MINISTERIO DE ASUNTOS EXTERIORES,estatal,Tratado o acuerdo internacional,50212,50216,"Decisión del Consejo 2000/597/CE, EURATOM, de 29 de septiembre de 2000, sobre el sistema de recursos propios de las Comunidades Europeas, hecha en Bruselas el 29 de septiembre de 2000. Aplicación provisional."
2001-12-29,312,1,BOE-A-2001-24852,MINISTERIO DE ASUNTOS EXTERIORES,estatal,Tratado o acuerdo internacional,50216,50218,"Decisión de los Representantes de los Gobiernos de los Estados miembros de la Unión Europea reunidos en el seno del Consejo relativa a los privilegios e inmunidades otorgados al Instituto de Estudios de Seguridad y al Centro de Satélites de la Unión Europea así como a sus órganos y a los miembros de su personal, hecha en Bruselas el 15 de octubre de 2001. Aplicación provisional."
2001-12-29,312,1,BOE-A-2001-24853,MINISTERIO DE DEFENSA,estatal,Orden,50218,50218,"Orden 276/2001, de 28 de diciembre, por la que se crean las comisiones liquidadoras del Patronato Militar de la Seguridad Social y del Servicio de Seguridad Social de la Armada."
2001-12-29,312,1,BOE-A-2001-24854,MINISTERIO DE HACIENDA,estatal,Orden,50218,50265,"Orden de 21 de diciembre de 2001 por la que se aprueba el modelo 195 de declaración trimestral en euros de cuentas u operaciones cuyos titulares no hayan facilitado el número de identificación fiscal a las entidades de crédito en el plazo establecido, y el modelo 199 de declaración anual en euros de identificación de las operaciones con cheques de las entidades de crédito, así como los diseños físicos y lógicos para la presentación de los citados modelos por soporte directamente legible por ordenador, y se establece el procedimiento para su presentación telemática por teleproceso."
2001-12-29,312,1,BOE-A-2001-24855,MINISTERIO DE FOMENTO,estatal,Orden,50266,50267,"Orden de 21 diciembre de 2001 por la que se reemplaza el anexo 1 del Decreto 1675/1972, de 26 de junio, relativo a las tarifas por ayudas a la navegación aérea (Eurocontrol) y se modifica el tipo de interés por mora en el pago de dichas tarifas."
2001-12-29,312,1,BOE-A-2001-24856,"MINISTERIO DE AGRICULTURA, PESCA Y ALIMENTACIÓN",estatal,Orden,50268,50268,"Orden de 27 de diciembre de 2001 por la que se prorroga la Orden de 22 de febrero de 2001, por la que se determinan, con carácter transitorio, los supuestos excepcionales de inhumación previstos en la disposición final tercera del Real Decreto 3454/2000, de 22 de diciembre, por el que se establece y regula el programa integral coordinado de vigilancia y control de las encefalopatías espongiformes transmisibles de los animales."
2001-12-29,312,1,BOE-A-2001-24857,MINISTERIO DE LA PRESIDENCIA,estatal,Orden,50268,50269,Orden de 26 de diciembre de 2001 por la que se determinan los métodos de análisis aplicables para el control de los extractos de café y de los extractos de achicoria.
2001-12-29,312,1,BOE-A-2001-24858,MINISTERIO DE ADMINISTRACIONES PÚBLICAS,estatal,Real Decreto,50269,50273,"Real Decreto 1474/2001, de 27 de diciembre, sobre traspaso a la Comunidad Autónoma de la Región de Murcia de las funciones y servicios del Instituto Nacional de la Salud."
2001-12-29,312,1,BOE-A-2001-24859,MINISTERIO DE ADMINISTRACIONES PÚBLICAS,estatal,Real Decreto,50274,50279,"Real Decreto 1477/2001, de 27 de diciembre, sobre traspaso a la Comunidad Autónoma de Extremadura de las funciones y servicios del Instituto Nacional de la Salud."
2001-12-29,312,1,BOE-A-2001-24860,MINISTERIO DE SANIDAD Y CONSUMO,estatal,Orden,50279,50291,"Orden de 27 de diciembre de 2001 por la que se determinan nuevos conjuntos homogéneos de presentaciones de especialidades farmacéuticas, se aprueban los correspondientes precios de referencia y se revisan los precios de referencia aprobados por Orden de 13 de julio de 2000."
2001-12-31,313,1,BOE-A-2001-24961,JEFATURA DEL ESTADO,estatal,Ley Orgánica,50377,50383,"Ley Orgánica 7/2001, de 27 de diciembre, de modificación de la Ley Orgánica 8/1980, de 22 de septiembre, de Financiación de las Comunidades Autónomas (LOFCA)."
2001-12-31,313,1,BOE-A-2001-24962,JEFATURA DEL ESTADO,estatal,Ley,50383,50419,"Ley 21/2001, de 27 de diciembre, por la que se regulan las medidas fiscales y administrativas del nuevo sistema de financiación de las Comunidades Autónomas de régimen común y Ciudades con Estatuto de Autonomía."
2001-12-31,313,1,BOE-A-2001-24963,JEFATURA DEL ESTADO,estatal,Ley,50419,50422,"Ley 22/2001, de 27 de diciembre, reguladora de los Fondos de Compensación Interterritorial."
2001-12-31,313,1,BOE-A-2001-24964,JEFATURA DEL ESTADO,estatal,Ley,50423,50492,"Ley 23/2001, de 27 de diciembre, de Presupuestos Generales del Estado para el año 2002."
2001-12-31,313,1,BOE-A-2001-24965,JEFATURA DEL ESTADO,estatal,Ley,50493,50619,"Ley 24/2001, de 27 de diciembre, de Medidas Fiscales, Administrativas y del Orden Social."
2001-12-31,313,1,BOE-A-2001-24966,JEFATURA DEL ESTADO,estatal,Ley,50619,50619,"Ley 25/2001, de 27 de diciembre, por la que se prorroga la vigencia del Concierto Económico con la Comunidad Autónoma del País Vasco aprobado por Ley 12/1981, de 13 de mayo."
2001-12-31,313,1,BOE-A-2001-24967,JEFATURA DEL ESTADO,estatal,Real Decreto-ley,50620,50624,"Real Decreto-ley 16/2001, de 27 de diciembre, de medidas para el establecimiento de un sistema de jubilación gradual y flexible."
2001-12-31,313,1,BOE-A-2001-24968,MINISTERIO DE ASUNTOS EXTERIORES,estatal,Tratado o acuerdo internacional,50624,50627,"Enmiendas a la Carta de la Universidad para la Paz, anexo del Convenio Internacional para el Establecimiento de la Universidad para la Paz, adoptadas el 20 de abril de 2001."
2001-12-31,313,1,BOE-A-2001-24969,MINISTERIO DE TRABAJO Y ASUNTOS SOCIALES,estatal,Real Decreto,50628,50635,"Real Decreto 1464/2001, de 27 de diciembre, sobre revalorización de las pensiones del sistema de la Seguridad Social para el ejercicio 2002."
2001-12-31,313,1,BOE-A-2001-24970,MINISTERIO DE TRABAJO Y ASUNTOS SOCIALES,estatal,Real Decreto,50635,50638,"Real Decreto 1465/2001, de 27 de diciembre, de modificación parcial del régimen jurídico de las prestaciones de muerte y supervivencia."
2001-12-31,313,1,BOE-A-2001-24971,MINISTERIO DE ADMINISTRACIONES PÚBLICAS,estatal,Real Decreto,50639,50647,"Real Decreto 1418/2001, de 14 de diciembre, sobre traspaso a la Comunidad Autónoma de Cantabria de la gestión realizada por el Instituto Nacional de Empleo, en el ámbito del trabajo, el empleo y la formación."
2001-12-31,313,1,BOE-A-2001-24972,MINISTERIO DE ADMINISTRACIONES PÚBLICAS,estatal,Real Decreto,50648,50652,"Real Decreto 1471/2001, de 27 de diciembre, sobre traspaso al Principado de Asturias de las funciones y servicios del Instituto Nacional de la Salud."
