fecha,diario,seccion,id,departamento,ambito,tipo,pag_ini,pag_fin,titulo
2009-01-01,1,1,BOE-A-2009-1,MINISTERIO DE FOMENTO,estatal,Resolución,1,3,"Resolución de 19 de diciembre de 2008, de la Dirección de la Agencia Estatal de Seguridad Aérea, por la que se establece el procedimiento y las condiciones para el pago a través de entidades colaboradoras en la gestión recaudatoria y por vía telemática de las tasas aplicables por la prestación de servicios y realización de actividades en materia de navegación aérea por la Agencia Estatal de Seguridad Aérea"
2009-01-01,1,1,BOE-A-2009-2,"MINISTERIO DE EDUCACIÓN, POLÍTICA SOCIAL Y DEPORTE",estatal,Resolución,4,9,"Resolución de 19 de diciembre de 2008, de la Presidencia del Consejo Superior de Deportes, por la que se aprueba la lista de sustancias y métodos prohibidos en el deporte."
2009-01-02,2,1,BOE-A-2009-54,"MINISTERIO DE INDUSTRIA, TURISMO Y COMERCIO",estatal,Orden,163,164,"Orden ITC/3837/2008, de 26 de diciembre, por la que se aprueban las cuotas de la Corporación de Reservas Estratégicas de Productos Petrolíferos correspondientes al ejercicio 2009."
2009-01-03,3,1,BOE-A-2009-70,MINISTERIO DE ECONOMÍA Y HACIENDA,estatal,Resolución,223,225,"Resolución de 23 de diciembre de 2008, conjunta de la Intervención General de la Administración del Estado y de la Dirección General del Tesoro y Política Financiera por la que se desarrolla la Orden PRE/3662/2003, de 29 de diciembre, que regula un nuevo procedimiento de recaudación de los ingresos no tributarios recaudados por las Delegaciones de Economía y Hacienda y de los ingresos en efectivo en la Caja General de Depósitos y sus sucursales, para atribuir la facultad de expedición del documento de ingreso 060 a todos los órganos y entidades del sector público estatal."
2009-01-03,3,1,BOE-A-2009-71,MINISTERIO DE ECONOMÍA Y HACIENDA,estatal,Resolución,226,274,"Resolución de 2 de enero de 2009, de la Secretaría de Estado de Hacienda y Presupuestos, por la que se dictan instrucciones en relación con las nóminas de los funcionarios incluidos en el ámbito de aplicación de la Ley 30/1984, de 2 de agosto en los términos de la disposición final cuarta de la Ley 7/2007, de 12 de abril, del Estatuto Básico del Empleado Público, y se actualizan para el año 2009 las cuantías de las retribuciones del personal a que se refieren los correspondientes artículos de la Ley de Presupuestos Generales del Estado para dicho ejercicio."
2009-01-03,3,1,BOE-A-2009-72,"MINISTERIO DE INDUSTRIA, TURISMO Y COMERCIO",estatal,Real Decreto,275,288,"Real Decreto 1916/2008, de 21 de noviembre, por el que se regula la iniciativa de modernización de destinos turísticos maduros."
2009-01-03,3,1,BOE-A-2009-73,BANCO DE ESPAÑA,estatal,Resolución,289,290,"Resolución de 26 de noviembre de 2008, de la Comisión Ejecutiva del Banco de España, sobre cambios temporales en los criterios de admisibilidad de los activos de garantía en las operaciones de política monetaria del Banco de España."
2009-01-05,4,1,BOE-A-2009-130,CONSEJO GENERAL DEL PODER JUDICIAL,estatal,Resolución judicial,430,439,"Acuerdo de 23 de diciembre de 2008, del Pleno del Consejo General del Poder Judicial, por el que se modifica el Reglamento 1/1995, de 7 de junio, de la Carrera Judicial, en lo relativo a permisos y licencias a los efectos de su equiparación legal con los funcionarios públicos."
2009-01-05,4,1,BOE-A-2009-131,MINISTERIO DE LA PRESIDENCIA,estatal,Real Decreto,440,441,"Real Decreto 2092/2008, de 19 de diciembre, por el que se modifica el Real Decreto 95/2006, de 3 de febrero, por el que se crea la Comisión para la conmemoración del II Centenario de la Constitución de 1812."
2009-01-05,4,1,BOE-A-2009-132,MINISTERIO DE CIENCIA E INNOVACIÓN,estatal,Orden,442,444,"Orden CIN/3859/2008, de 19 de diciembre, por la que se regula la Comisión Asesora de Publicaciones del Ministerio de Ciencia e Innovación."
2009-01-05,4,1,BOE-A-2009-133,COMISIÓN NACIONAL DEL MERCADO DE VALORES,estatal,Instrucción o circular,445,505,"Circular 9/2008, de 10 de diciembre, de la Comisión Nacional del Mercado de Valores, sobre normas contables, estados de información reservada y pública y cuentas anuales de las sociedades rectoras de los mercados secundarios oficiales, con la exclusión del Banco de España, de las entidades rectoras de los sistemas multilaterales de negociación, de la Sociedad de Sistemas, de las entidades de contrapartida central, de la Sociedad de Bolsas, de las sociedades que tengan la titularidad de todas las acciones de organismos rectores de mercados secundarios oficiales y de sistemas multilaterales de negociación, y de otros sistemas de compensación y liquidación de los mercados que se creen al amparo de lo previsto en la Ley del Mercado de Valores."
2009-01-06,5,1,BOE-A-2009-175,MINISTERIO DE FOMENTO,estatal,Orden,678,680,"Orden FOM/3865/2008, de 18 de diciembre, por la que se modifica el anexo del Real Decreto 279/2007, de 23 de febrero, por el que se determinan los requisitos exigibles para la realización de las operaciones de transporte aéreo comercial por helicópteros civiles."
2009-01-06,5,1,BOE-A-2009-176,MINISTERIO DE TRABAJO E INMIGRACIÓN,estatal,Orden,681,690,"Orden TIN/3866/2008, de 11 de diciembre, por la que se regula la Comisión Asesora de Estudios y de la realización de estudios y encuestas por el Ministerio de Trabajo e Inmigración."
2009-01-07,6,1,BOE-A-2009-252,MINISTERIO DE ECONOMÍA Y HACIENDA,estatal,Orden,1199,1212,"Orden EHA/3877/2008, de 29 de diciembre, por la que se dispone la creación de Deuda del Estado durante el año 2009 y enero de 2010 y se delegan determinadas facultades en la Dirección General del Tesoro y Política Financiera."
2009-01-07,6,1,BOE-A-2009-253,MINISTERIO DE TRABAJO E INMIGRACIÓN,estatal,Orden,1213,1216,"Orden TIN/3878/2008, de 23 de diciembre, por la que se regula la Comisión Asesora de Publicaciones y otras materias relacionadas con la actividad editorial del Ministerio de Trabajo e Inmigración."
2009-01-07,6,1,BOE-A-2009-254,MINISTERIO DE LA PRESIDENCIA,estatal,Real Decreto,1217,1325,"Real Decreto 2061/2008, de 12 de diciembre, por el que se aprueba el Reglamento de control del comercio exterior de material de defensa, de otro material y de productos y tecnologías de doble uso."
2009-01-08,7,1,BOE-A-2009-315,MINISTERIO DE CIENCIA E INNOVACIÓN,estatal,Resolución,1770,1772,"Resolución de 23 de diciembre de 2008, de la Secretaría de Estado de Universidades, por la que se publica el Acuerdo de Consejo de Ministros de 19 de diciembre de 2008, por el que se establece el carácter oficial de determinados títulos de Grado y su inscripción en el Registro de Universidades, Centros y Títulos."
2009-01-10,9,1,BOE-A-2009-439,MINISTERIO DE ECONOMÍA Y HACIENDA,estatal,Real Decreto,3374,3393,"Real Decreto 1/2009, de 9 de enero, de revalorización y complementos de las pensiones de Clases Pasivas para el año 2009."
2009-01-10,9,1,BOE-A-2009-440,MINISTERIO DE ECONOMÍA Y HACIENDA,estatal,Resolución,3394,3410,"Resolución de 8 de enero de 2009, de la Presidencia del Comisionado para el Mercado de Tabacos, por la que se publican los precios de venta al público de determinadas labores de tabaco en Expendedurías de Tabaco y Timbre del Área del Monopolio."
2009-01-10,9,1,BOE-A-2009-441,MINISTERIO DE CULTURA,estatal,Real Decreto,3411,3415,"Real Decreto 2134/2008, de 26 de diciembre, por el que se regula el procedimiento a seguir para la restitución a particulares de los documentos incautados con motivo de la Guerra Civil."
2009-01-10,9,1,BOE-A-2009-442,COMUNITAT VALENCIANA,autonómico,Ley,3416,3431,"Ley 15/2008, de 5 de diciembre, de integración de las personas inmigrantes en la Comunitat Valenciana."
2009-01-12,10,1,BOE-A-2009-503,MINISTERIO DE CULTURA,estatal,Real Decreto,3568,3588,"Real Decreto 2062/2008, de 12 de diciembre, por el que se desarrolla la Ley 55/2007, de 28 de diciembre, del Cine."
2009-01-12,10,1,BOE-A-2009-504,MINISTERIO DE CULTURA,estatal,Real Decreto,3589,3593,"Real Decreto 2063/2008, de 12 de diciembre, por el que se desarrolla la Ley 10/2007, de 22 de junio, de la Lectura, del Libro y de las Bibliotecas en lo relativo al ISBN."
2009-01-14,12,1,BOE-A-2009-653,MINISTERIO DE ECONOMÍA Y HACIENDA,estatal,Resolución,4404,4406,"Resolución de 13 de enero de 2009, de la Presidencia del Comisionado para el Mercado de Tabacos, por la que se publican los precios de venta al público de determinadas labores de tabaco en Expendedurías de Tabaco y Timbre del Área del Monopolio."
2009-01-14,12,1,BOE-A-2009-654,MINISTERIO DE LA PRESIDENCIA,estatal,Real Decreto,4407,4410,"Real Decreto 2130/2008, de 26 de diciembre, por el que se regula el procedimiento para aplicar las deducciones correspondientes a la dispensación de medicamentos de uso humano con cargo a las mutualidades de funcionarios."
2009-01-14,12,1,BOE-A-2009-655,COMISIÓN NACIONAL DEL MERCADO DE VALORES,estatal,Instrucción o circular,4411,4415,"Circular 10/2008, de 30 de diciembre, de la Comisión Nacional del Mercado de Valores, sobre Empresas de Asesoramiento Financiero."
2009-01-14,12,1,BOE-A-2009-656,COMISIÓN NACIONAL DEL MERCADO DE VALORES,estatal,Instrucción o circular,4416,4456,"Circular 11/2008, de 30 de diciembre, de la Comisión Nacional del Mercado de Valores, sobre normas contables, cuentas anuales y estados de información reservada de las entidades de capital-riesgo."
2009-01-15,13,1,BOE-A-2009-700,MINISTERIO DE TRABAJO E INMIGRACIÓN,estatal,Real Decreto,4667,4816,"Real Decreto 1967/2008, de 28 de noviembre, por el que se establecen cuatro certificados de profesionalidad de la familia profesional de energía y agua que se incluyen en el Repertorio Nacional de certificados de profesionalidad."
2009-01-15,13,1,BOE-A-2009-701,COMUNIDAD AUTÓNOMA DE ANDALUCÍA,autonómico,Ley,4817,4820,"Ley 2/2008, de 10 de diciembre, que regula el acceso de los municipios andaluces al régimen de organización de los municipios de gran población."
2009-01-16,14,1,BOE-A-2009-762,MINISTERIO DE JUSTICIA,estatal,Real Decreto,5172,5204,"Real Decreto 2123/2008, de 26 de diciembre, por el que se despliega la nueva estructura del Ministerio Fiscal y se establece su plantilla orgánica para el año 2008."
2009-01-16,14,1,BOE-A-2009-763,MINISTERIO DE ECONOMÍA Y HACIENDA,estatal,Resolución,5205,5206,"Resolución de 15 de enero de 2009, de la Presidencia del Comisionado para el Mercado de Tabacos, por la que se publican los precios de venta al público de determinadas labores de tabaco en Expendedurías de Tabaco y Timbre del Área del Monopolio."
2009-01-16,14,1,BOE-A-2009-764,MINISTERIO DE TRABAJO E INMIGRACIÓN,estatal,Real Decreto,5207,5357,"Real Decreto 1970/2008, de 28 de noviembre, por el que se establecen cuatro certificados de profesionalidad de la familia profesional química que se incluyen en el Repertorio Nacional de certificados de profesionalidad."
2009-01-16,14,1,BOE-A-2009-765,MINISTERIO DE IGUALDAD,estatal,Orden,5358,5359,"Orden IGD/3957/2008, de 29 de diciembre, por la que se crean las Cajas Pagadoras del Ministerio de Igualdad."
2009-01-17,15,1,BOE-A-2009-804,MINISTERIO DE ECONOMÍA Y HACIENDA,estatal,Resolución,5441,5442,"Resolución de 16 de enero de 2009, de la Presidencia del Comisionado para el Mercado de Tabacos, por la que se publican los precios de venta al público de determinadas labores de tabaco en Expendedurías de Tabaco y Timbre del Área del Monopolio."
2009-01-17,15,1,BOE-A-2009-805,COMUNIDAD AUTÓNOMA DE GALICIA,autonómico,Ley,5443,5506,"Ley 11/2008, de 3 de diciembre, de pesca de Galicia."
2009-01-17,15,1,BOE-A-2009-806,COMUNIDAD AUTÓNOMA DE GALICIA,autonómico,Ley,5507,5512,"Ley 12/2008, de 3 de diciembre, por la que se modifican la Ley 7/1996, de 10 de julio, de desarrollo comarcal, y la Ley 5/2000, de 28 de diciembre, de medidas fiscales y de régimen presupuestario y administrativo, y se racionalizan los instrumentos de gestión comarcal y de desarrollo rural."
2009-01-17,15,1,BOE-A-2009-807,COMUNIDAD AUTÓNOMA DE GALICIA,autonómico,Ley,5513,5553,"Ley 13/2008, de 3 de diciembre, de servicios sociales de Galicia."
2009-01-17,15,1,BOE-A-2009-808,COMUNIDAD DE CASTILLA Y LEÓN,autonómico,Ley,5554,5556,"Ley 9/2008, de 9 de diciembre, de modificación de la Ley 6/1992, de 18 de diciembre, de protección de los ecosistemas acuáticos y de regulación de la pesca en Castilla y León."
2009-01-17,15,1,BOE-A-2009-809,COMUNIDAD DE CASTILLA Y LEÓN,autonómico,Ley,5557,5572,"Ley 10/2008, de 9 de diciembre, de carreteras de Castilla y León."
2009-01-17,15,1,BOE-A-2009-810,COMUNIDAD DE CASTILLA Y LEÓN,autonómico,Ley,5573,5576,"Ley 11/2008, de 9 de diciembre, de declaración de la Reserva Natural ""Acebal de Garagüeta"" (Soria)."
2009-01-17,15,1,BOE-A-2009-811,COMUNIDAD DE CASTILLA Y LEÓN,autonómico,Ley,5577,5579,"Ley 12/2008, de 9 de diciembre, de declaración del Parque Natural de ""Lagunas Glaciares de Neila"" (Burgos)."
2009-01-17,15,1,BOE-A-2009-812,COMUNIDAD DE CASTILLA Y LEÓN,autonómico,Ley,5580,5581,"Ley 13/2008, de 9 de diciembre, por la que se cambia la denominación ""Universidad S.E.K."" por ""IE Universidad"", con sede en Segovia."
2009-01-17,15,1,BOE-A-2009-813,COMUNIDAD DE CASTILLA Y LEÓN,autonómico,Ley,5582,5584,"Ley 14/2008, de 18 de diciembre, por la que se crea y regula una red de apoyo a la mujer embarazada."
2009-01-17,15,1,BOE-A-2009-814,COMUNIDAD DE CASTILLA Y LEÓN,autonómico,Ley,5585,5588,"Ley 15/2008, de 18 de diciembre, de declaración del Parque Natural Hoces del Alto Ebro y Rudrón (Burgos)."
2009-01-17,15,1,BOE-A-2009-815,COMUNIDAD DE CASTILLA Y LEÓN,autonómico,Ley,5589,5591,"Ley 16/2008, de 18 de diciembre, por la que se amplía el Parque Natural de las Batuecas-Sierra de Francia (Salamanca)."
2009-01-19,16,1,BOE-A-2009-868,"MINISTERIO DE INDUSTRIA, TURISMO Y COMERCIO",estatal,Resolución,5792,5793,"Resolución de 9 de enero de 2009, de la Dirección General de Política Energética y Minas, por la que se hacen públicos los nuevos precios de venta, antes de impuestos, de los gases licuados del petróleo por canalización."
2009-01-19,16,1,BOE-A-2009-869,MINISTERIO DE LA PRESIDENCIA,estatal,Real Decreto,5794,5796,"Real Decreto 2131/2008, de 26 de diciembre, por el que se modifica el Real Decreto 782/2001, de 6 de julio, por el que se regula la relación laboral de carácter especial de los penados que realicen actividades laborales en talleres penitenciarios y la protección de Seguridad Social de los sometidos a penas de trabajo en beneficio de la comunidad."
2009-01-19,16,1,BOE-A-2009-870,MINISTERIO DE ADMINISTRACIONES PÚBLICAS,estatal,Real Decreto,5797,5799,"Real Decreto 2/2009, de 9 de enero, sobre ampliación de medios patrimoniales adscritos a los servicios traspasados a la Comunidad Autónoma del País Vasco por el Real Decreto 1684/1987, de 6 de noviembre, en materia de provisión de medios materiales y económicos para el funcionamiento de la Administración de Justicia."
2009-01-19,16,1,BOE-A-2009-871,MINISTERIO DE ADMINISTRACIONES PÚBLICAS,estatal,Real Decreto,5800,5803,"Real Decreto 3/2009, de 9 de enero, sobre traspaso de funciones de la Administración del Estado a la Comunidad Autónoma del País Vasco en materia de investigación y desarrollo científico y técnico, e innovación."
2009-01-19,16,1,BOE-A-2009-872,COMUNIDAD AUTÓNOMA DE EXTREMADURA,autonómico,Ley,5804,5841,"Ley 5/2008, de 26 de diciembre, de Presupuestos Generales de la Comunidad Autónoma de Extremadura para 2009."
2009-01-19,16,1,BOE-A-2009-873,COMUNIDAD AUTÓNOMA DE EXTREMADURA,autonómico,Ley,5842,5863,"Ley 6/2008, de 26 de diciembre, de Medidas Fiscales de la Comunidad Autónoma de Extremadura."
2009-01-20,17,1,BOE-A-2009-909,MINISTERIO DE ECONOMÍA Y HACIENDA,estatal,Resolución,6117,6118,"Resolución de 12 de diciembre de 2008, del Departamento de Aduanas e Impuestos Especiales de la Agencia Estatal de Administración Tributaria, por la que se establecen los códigos estadísticos en la nomenclatura combinada por razón de interés nacional."
2009-01-20,17,1,BOE-A-2009-910,"MINISTERIO DE MEDIO AMBIENTE, Y MEDIO RURAL Y MARINO",estatal,Orden,6119,6120,"Orden ARM/19/2009, de 16 de enero, por la que se posponen las fechas límite establecidas para la adopción de decisiones sobre los programas y fondos operativos de las organizaciones de productores de frutas y hortalizas para el año 2009 y comunicación de su cuantía."
2009-01-20,17,1,BOE-A-2009-911,MINISTERIO DE LA PRESIDENCIA,estatal,Real Decreto,6121,6125,"Real Decreto 29/2009, de 16 de enero, por el que se modifican determinados complementos retributivos de las Fuerzas y Cuerpos de Seguridad del Estado."
2009-01-21,18,1,BOE-A-2009-978,TRIBUNAL SUPREMO,estatal,Resolución judicial,6991,6991,"Sentencia de 16 de diciembre de 2008, de la Sala Tercera del Tribunal Supremo, por la que se anula el artículo 1º de la Orden ECO/3193/2003, de 29 de octubre, que estableció para el año 2003 la prima al consumo del carbón autóctono."
2009-01-21,18,1,BOE-A-2009-979,COMUNIDAD AUTÓNOMA DE ANDALUCÍA,autonómico,Ley,6992,7143,"Ley 3/2008, de 23 de diciembre, del Presupuesto de la Comunidad Autónoma de Andalucía para el año 2009."
2009-01-22,19,1,BOE-A-2009-1016,MINISTERIO DE DEFENSA,estatal,Orden,7341,7350,"Orden DEF/3989/2008, de 26 de diciembre, por la que se aprueba el Reglamento del Servicio de Estadística del Ministerio de Defensa."
2009-01-22,19,1,BOE-A-2009-1017,MINISTERIO DE ECONOMÍA Y HACIENDA,estatal,Orden,7351,7353,"Orden EHA/3990/2008, de 18 de diciembre, por la que se aprueba la aplicación SIC´2 a efectos de la tramitación electrónica de los pagos por transferencia."
2009-01-22,19,1,BOE-A-2009-1018,MINISTERIO DE ECONOMÍA Y HACIENDA,estatal,Resolución,7354,7354,"Resolución de 21 de enero de 2009, de la Presidencia del Comisionado para el Mercado de Tabacos, por la que se publican los precios de venta al público de determinadas labores de tabaco en Expendedurías de Tabaco y Timbre de la Península e Illes Balears."
2009-01-22,19,1,BOE-A-2009-1019,MINISTERIO DE ECONOMÍA Y HACIENDA,estatal,Corrección,7355,7355,"Corrección de errores de la Resolución de 2 de enero de 2009, de la Secretaría de Estado de Hacienda y Presupuestos, por la que se dictan instrucciones en relación con las nóminas de los funcionarios incluidos en el ámbito de aplicación de la Ley 30/1984 de 2 de agosto, en los términos de la disposición final cuarta de la Ley 7/2007, de 12 de abril, del Estatuto Básico del Empleado Público y se actualizan para el año 2009, las cuantías de las retribuciones del personal a que se refieren los correspondientes artículos de la Ley de Presupuestos Generales del Estado para dicho ejercicio."
2009-01-22,19,1,BOE-A-2009-1020,MINISTERIO DE LA PRESIDENCIA,estatal,Real Decreto,7356,7367,"Real Decreto 28/2009, de 16 de enero, por el que se modifica el Reglamento de retribuciones del personal de las Fuerzas Armadas, aprobado por el Real Decreto 1314/2005, de 4 de noviembre, se regula la prima por servicios prestados por el personal militar de complemento con un compromiso de larga duración, y se modifica el Real Decreto 1145/1990, de 7 de septiembre, por el que se crea el servicio de asistencia religiosa en las fuerzas armadas y se dictan normas sobre su funcionamiento."
2009-01-22,19,1,BOE-A-2009-1021,JUNTA ELECTORAL CENTRAL,estatal,Instrucción o circular,7368,7369,"Instrucción 1/2009, de 20 de enero, de la Junta Electoral Central, sobre garantía del ejercicio personal del voto por correo de los electores residentes ausentes."
2009-01-22,19,1,BOE-A-2009-1022,COMUNIDAD AUTÓNOMA DE LAS ILLES BALEARS,autonómico,Decreto,7370,7371,"Decreto 138/2008, de 19 de diciembre, por el que se fija el calendario de días inhábiles para el año 2009 a efectos de plazos administrativos."
2009-01-23,20,1,BOE-A-2009-1102,TRIBUNAL CONSTITUCIONAL,estatal,Resolución judicial,7853,7853,"Cuestión de inconstitucionalidad nº 2523-2008, en relación con los artículos 153.1 y 171.4 del Código Penal, según redacción dada por la Ley Orgánica 1/2004, de 28 de diciembre, de medidas de protección integral contra la violencia de género."
2009-01-23,20,1,BOE-A-2009-1103,TRIBUNAL CONSTITUCIONAL,estatal,Resolución judicial,7854,7854,"Cuestión de inconstitucionalidad nº 6733-2008, en relación con los artículos 153.1 y 171.4 del Código Penal, según redacción dada por la Ley Orgánica 1/2004, de 28 de diciembre, de medidas de protección integral contra la violencia de género."
2009-01-23,20,1,BOE-A-2009-1104,TRIBUNAL CONSTITUCIONAL,estatal,Resolución judicial,7855,7855,"Cuestión de inconstitucionalidad nº 6878-2008, en relación con el artículo 172.2 del Código Penal, en la redacción dada por la Ley Orgánica 1/2004, de 28 de diciembre, de medidas de protección integral contra la violencia de género."
2009-01-23,20,1,BOE-A-2009-1105,TRIBUNAL CONSTITUCIONAL,estatal,Resolución judicial,7856,7856,"Cuestión de inconstitucionalidad nº 7291-2008, en relación con el artículo 148.4 del Código Penal, según redacción dada por Ley Orgánica 1/2004, de 28 de diciembre, de medidas de protección integral contra la violencia de género."
2009-01-23,20,1,BOE-A-2009-1106,TRIBUNAL CONSTITUCIONAL,estatal,Resolución judicial,7857,7857,"Cuestión de inconstitucionalidad nº 9200-2008, en relación con el artículo 121.21 d) de la Ley 29/2002, de 30 de diciembre, Primera Ley del Código Civil de Cataluña."
2009-01-23,20,1,BOE-A-2009-1107,MINISTERIO DE ASUNTOS EXTERIORES Y DE COOPERACIÓN,estatal,Orden,7858,7858,"Orden AEC/34/2009, de 15 de enero, por la que se cierra el Consulado Honorario de España en Santa Cruz de la Sierra (Bolivia)."
2009-01-23,20,1,BOE-A-2009-1108,MINISTERIO DE ECONOMÍA Y HACIENDA,estatal,Corrección,7859,7859,"Corrección de erratas relativa a la Resolución de 2 de enero de 2009, de la Secretaría de Estado de Hacienda y Presupuestos, por la que se dictan instrucciones en relación con las nóminas de los funcionarios incluidos en el ámbito de aplicación de la Ley 30/1984 de 2 de agosto, en los términos de la disposición final cuarta de la Ley 7/2007, de 12 de abril, del Estatuto Básico del Empleado Público y se actualizan para el año 2009, las cuantías de las retribuciones del personal a que se refieren los correspondientes artículos de la Ley de Presupuestos Generales del Estado para dicho ejercicio."
2009-01-23,20,1,BOE-A-2009-1109,MINISTERIO DE TRABAJO E INMIGRACIÓN,estatal,Corrección,7860,7860,"Corrección de errores de la Orden TIN/3866/2008, de 11 de diciembre, por la que se regula la Comisión Asesora de Estudios y la realización de estudios y encuestas por el Ministerio de Trabajo e Inmigración."
2009-01-23,20,1,BOE-A-2009-1110,MINISTERIO DE LA PRESIDENCIA,estatal,Real Decreto,7861,7871,"Real Decreto 30/2009, de 16 de enero, por el que se establecen las condiciones sanitarias para la comercialización de setas para uso alimentario."
2009-01-23,20,1,BOE-A-2009-1111,MINISTERIO DE CIENCIA E INNOVACIÓN,estatal,Real Decreto,7872,7880,"Real Decreto 2093/2008, de 19 de diciembre, por el que se regulan los Centros Tecnológicos y los Centros de Apoyo a la Innovación Tecnológica de ámbito estatal y se crea el Registro de tales Centros."
2009-01-23,20,1,BOE-A-2009-1112,MINISTERIO DE CIENCIA E INNOVACIÓN,estatal,Orden,7881,7885,"Orden CIN/35/2009, de 15 de enero, por la que se regula la Comisión Ministerial de Administración Electrónica del Ministerio de Ciencia e Innovación."
2009-01-24,21,1,BOE-A-2009-1168,PRESIDENCIA DEL GOBIERNO,estatal,Real Decreto,8142,8143,"Real Decreto 37/2009, de 23 de enero, por el que se crea la Comisión Delegada del Gobierno para la Presidencia española de la Unión Europea en el año 2010."
2009-01-24,21,1,BOE-A-2009-1169,MINISTERIO DE TRABAJO E INMIGRACIÓN,estatal,Orden,8144,8170,"Orden TIN/41/2009, de 20 de enero, por la que se desarrollan las normas de cotización a la Seguridad Social, Desempleo, Fondo de Garantía Salarial y Formación Profesional, contenidas en la Ley 2/2008, de 23 de diciembre, de Presupuestos Generales del Estado para el año 2009."
2009-01-24,21,1,BOE-A-2009-1170,"MINISTERIO DE INDUSTRIA, TURISMO Y COMERCIO",estatal,Real Decreto,8171,8174,"Real Decreto 40/2009, de 23 de enero, por el que se determinan los valores a aplicar para la financiación de los costes correspondientes a la gestión de los residuos radiactivos y del combustible gastado, y al desmantelamiento y clausura de instalaciones."
2009-01-24,21,1,BOE-A-2009-1171,MINISTERIO DE LA PRESIDENCIA,estatal,Real Decreto,8175,8182,"Real Decreto 31/2009, de 16 de enero, por el que se aprueba la norma de calidad comercial para las patatas de consumo en el mercado nacional y se modifica el anexo I del Real Decreto 2192/1984, de 28 de noviembre, por el que se aprueba el Reglamento de aplicación de las normas de calidad para las frutas y hortalizas frescas comercializadas en el mercado interior."
2009-01-24,21,1,BOE-A-2009-1172,MINISTERIO DE LA PRESIDENCIA,estatal,Corrección,8183,8188,"Corrección de errores del Real Decreto 2061/2008, de 12 de diciembre, por el que se aprueba el reglamento de control del comercio exterior de material de defensa, de otro material y de productos y tecnologías de doble uso."
2009-01-24,21,1,BOE-A-2009-1173,COMUNIDAD AUTÓNOMA DE CANTABRIA,autonómico,Ley,8189,8213,"Ley 5/2008, de 19 de diciembre, de creación del Instituto Cántabro de Seguridad y Salud en el Trabajo."
2009-01-24,21,1,BOE-A-2009-1174,COMUNIDAD AUTÓNOMA DE CANTABRIA,autonómico,Ley,8214,8274,"Ley 6/2008, de 26 de diciembre, de Educación de Cantabria."
2009-01-24,21,1,BOE-A-2009-1175,COMUNIDAD AUTÓNOMA DE CANTABRIA,autonómico,Ley,8275,8286,"Ley 7/2008, de 26 de diciembre, de creación de la Agencia Cántabra de Consumo."
2009-01-24,21,1,BOE-A-2009-1176,COMUNIDAD AUTÓNOMA DE CANTABRIA,autonómico,Ley,8287,8337,"Ley 8/2008, de 26 de diciembre, de Presupuestos Generales de la Comunidad Autónoma de Cantabria para el año 2009."
2009-01-24,21,1,BOE-A-2009-1177,COMUNIDAD AUTÓNOMA DE CANTABRIA,autonómico,Ley,8338,8411,"Ley 9/2008, de 26 de diciembre, de Medidas Fiscales y de Contenido Financiero."
2009-01-26,22,1,BOE-A-2009-1255,TRIBUNAL SUPREMO,estatal,Resolución judicial,8609,8609,"Acuerdo de 16 de enero de 2009, de la Presidencia del Tribunal Supremo y de la Sala del Artículo 61 de la Ley Orgánica del Poder Judicial, por el que se habilita el Registro General del Tribunal Supremo y la Secretaría de la Sala del Artículo 61 LOPJ, los días 4, 5, 6 y 7 de febrero de 2009."
2009-01-26,22,1,BOE-A-2009-1256,COMUNIDAD AUTÓNOMA DE CATALUÑA,autonómico,Ley,8610,8652,"Ley 15/2008, de 23 de diciembre, de presupuestos de la Generalidad de Cataluña para 2009."
2009-01-26,22,1,BOE-A-2009-1257,COMUNIDAD AUTÓNOMA DE CATALUÑA,autonómico,Ley,8653,8687,"Ley 16/2008, de 23 de diciembre, de medidas fiscales y financieras."
2009-01-26,22,1,BOE-A-2009-1258,COMUNIDAD AUTÓNOMA DE CATALUÑA,autonómico,Ley,8688,8689,"Ley 17/2008, de 23 de diciembre, de modificación de la Ley 6/2008, de 13 de mayo, del Consejo Nacional de la Cultura y de las Artes."
2009-01-26,22,1,BOE-A-2009-1259,COMUNIDAD AUTÓNOMA DE CATALUÑA,autonómico,Ley,8690,8706,"Ley 18/2008, de 23 de diciembre, de garantía y calidad del suministro eléctrico."
2009-01-26,22,1,BOE-A-2009-1260,COMUNIDAD AUTÓNOMA DEL PRINCIPADO DE ASTURIAS,autonómico,Ley,8707,8708,"Ley 4/2008, de 24 de noviembre, de segunda modificación de la Ley del Principado de Asturias 8/1991, de 30 de julio, de Organización de la Administración."
2009-01-26,22,1,BOE-A-2009-1261,COMUNIDAD AUTÓNOMA DE LA RIOJA,autonómico,Ley,8709,8988,"Ley 4/2008, de 23 de diciembre, de Presupuestos Generales de la Comunidad Autónoma de La Rioja para el año 2009."
2009-01-26,22,1,BOE-A-2009-1262,COMUNIDAD AUTÓNOMA DE LA RIOJA,autonómico,Ley,8989,9026,"Ley 5/2008, de 23 de diciembre, de Medidas Fiscales y Administrativas para el año 2009."
2009-01-26,22,1,BOE-A-2009-1263,COMUNIDAD AUTÓNOMA DE ARAGÓN,autonómico,Ley,9027,9029,"Ley 6/2008, de 19 de diciembre, de modificación de la Ley 6/2001, de 17 de mayo, de Ordenación y Participación en la Gestión del Agua en Aragón, en lo que se refiere a la consideración del Instituto Aragonés del Agua como Administración Pública a los efectos de la aplicación de la normativa sobre contratación del sector público."
2009-01-26,22,1,BOE-A-2009-1264,COMUNIDAD AUTÓNOMA DE ARAGÓN,autonómico,Ley,9030,9031,"Ley 7/2008, de 19 de diciembre, de modificación de la Ley 2/2008, de 14 de mayo, de Reestructuración del Sector Público Empresarial de la Comunidad Autónoma de Aragón."
2009-01-27,23,1,BOE-A-2009-1312,"MINISTERIO DE MEDIO AMBIENTE, Y MEDIO RURAL Y MARINO",estatal,Real Decreto,9211,9242,"Real Decreto 2129/2008, de 26 de diciembre, por el que se establece el Programa nacional de conservación, mejora y fomento de las razas ganaderas."
2009-01-27,23,1,BOE-A-2009-1313,MINISTERIO DE ADMINISTRACIONES PÚBLICAS,estatal,Real Decreto,9243,9244,"Real Decreto 2132/2008, de 26 de diciembre, por el que se crea la Consejería de Trabajo e Inmigración de la Misión Diplomática Permanente de España en la República de Uruguay."
2009-01-27,23,1,BOE-A-2009-1314,COMISIÓN NACIONAL DEL MERCADO DE VALORES,estatal,Resolución,9245,9246,"Resolución de 21 de enero de 2009, del Consejo de la Comisión Nacional del Mercado de Valores, por la que se modifica el Reglamento de Régimen Interior de la Comisión Nacional del Mercado de Valores."
2009-01-27,23,1,BOE-A-2009-1315,COMUNIDAD AUTÓNOMA DE LAS ILLES BALEARS,autonómico,Ley,9247,9299,"Ley 9/2008, de 19 de diciembre, de Presupuestos Generales de la Comunidad Autónoma de las Illes Balears para el año 2009."
2009-01-28,24,1,BOE-A-2009-1385,MINISTERIO DE ECONOMÍA Y HACIENDA,estatal,Resolución,9504,9568,"Resolución de 19 de enero de 2009, de la Dirección General de Presupuestos, por la que se establecen los códigos que definen la clasificación económica."
2009-01-28,24,1,BOE-A-2009-1386,MINISTERIO DE ECONOMÍA Y HACIENDA,estatal,Resolución,9569,9569,"Resolución de 27 de enero de 2009, de la Presidencia del Comisionado para el Mercado de Tabacos, por la que se publican los precios de venta al público de determinadas labores de tabaco en Expendedurías de Tabaco y Timbre de la Península e Illes Balears."
2009-01-28,24,1,BOE-A-2009-1387,"MINISTERIO DE EDUCACIÓN, POLÍTICA SOCIAL Y DEPORTE",estatal,Resolución,9570,9601,"Resolución de 29 de diciembre de 2008, de la Dirección General de Formación Profesional, por la que se establecen nuevos programas de cualificación profesional inicial y se modifican algunos aspectos de los programas anteriormente publicados en el ámbito de gestión del Ministerio de Educación, Política Social y Deporte."
2009-01-29,25,1,BOE-A-2009-1471,MINISTERIO DE ECONOMÍA Y HACIENDA,estatal,Resolución,9842,9851,"Resolución de 20 de enero de 2009, de la Intervención General de la Administración del Estado, por la que se modifica la adaptación del Plan General de Contabilidad Pública a las Entidades Gestoras y Servicios Comunes de la Seguridad Social, aprobada por Resolución de 16 de octubre de 1997."
2009-01-29,25,1,BOE-A-2009-1472,MINISTERIO DE ECONOMÍA Y HACIENDA,estatal,Resolución,9852,9862,"Resolución de 21 de enero de 2009, de Loterías y Apuestas del Estado, por la que se aprueban las normas que rigen los concursos de pronósticos del juego común europeo denominado Euromillones, como modalidad de Lotería Primitiva o de Números."
2009-01-29,25,1,BOE-A-2009-1473,MINISTERIO DE FOMENTO,estatal,Orden,9863,9869,"Orden FOM/66/2009, de 19 de enero, por la que se dictan normas sobre la colaboración del servicio de correos en las elecciones al Parlamento de Galicia."
2009-01-29,25,1,BOE-A-2009-1474,MINISTERIO DE FOMENTO,estatal,Orden,9870,9876,"Orden FOM/67/2009, de 19 de enero, por la que se dictan normas sobre la colaboración del servicio de correos en las elecciones al Parlamento Vasco."
2009-01-29,25,1,BOE-A-2009-1475,MINISTERIO DE TRABAJO E INMIGRACIÓN,estatal,Orden,9877,9880,"Orden TIN/68/2009, de 27 de enero, por la que se establecen para el año 2009 las bases de cotización a la Seguridad Social de los trabajadores del Régimen Especial del Mar incluidos en los grupos segundo y tercero."
2009-01-29,25,1,BOE-A-2009-1476,"MINISTERIO DE INDUSTRIA, TURISMO Y COMERCIO",estatal,Corrección,9881,9882,"Corrección de errores de la Orden ITC/3801/2008, de 26 de diciembre, por la que se revisan las tarifas eléctricas a partir de 1 de enero de 2009."
2009-01-29,25,1,BOE-A-2009-1477,MINISTERIO DE CIENCIA E INNOVACIÓN,estatal,Resolución,9883,9884,"Resolución de 15 de enero de 2009, de la Secretaría de Estado de Universidades, por la que se publica el Acuerdo de Consejo de Ministros, por el que se establecen las condiciones a las que deberán adecuarse los planes de estudios conducentes a la obtención de títulos que habiliten para el ejercicio de las distintas profesiones reguladas de Ingeniero Técnico."
2009-01-29,25,1,BOE-A-2009-1478,MINISTERIO DE CIENCIA E INNOVACIÓN,estatal,Resolución,9885,9886,"Resolución de 15 de enero de 2009, de la Secretaría de Estado de Universidades, por la que se publica el Acuerdo de Consejo de Ministros, por el que se establecen las condiciones a las que deberán adecuarse los planes de estudios conducentes a la obtención de títulos que habiliten para el ejercicio de las distintas profesiones reguladas de Ingeniero."
2009-01-30,26,1,BOE-A-2009-1536,TRIBUNAL CONSTITUCIONAL,estatal,Resolución judicial,10046,10046,"Acuerdo de 26 de enero de 2009, de la Presidencia del Tribunal Constitucional, por el que se habilitan, con carácter extraordinario, determinadas fechas y horarios para la presentación en el Registro General del Tribunal del recurso de amparo electoral."
2009-01-30,26,1,BOE-A-2009-1537,MINISTERIO DE ECONOMÍA Y HACIENDA,estatal,Resolución,10047,10063,"Resolución de 21 de enero de 2009, de la Dirección General de la Agencia Estatal de Administración Tributaria, por la que se aprueban las directrices generales del Plan General de Control Tributario 2009."
2009-01-30,26,1,BOE-A-2009-1538,MINISTERIO DE SANIDAD Y CONSUMO,estatal,Corrección,10064,10068,"Corrección de errores de la Orden SCO/3803/2008, de 23 de diciembre, por la que se determinan los nuevos conjuntos de medicamentos, sus precios de referencia, y se revisan los precios de referencia determinados por Orden SCO/3997/2006, de 28 de diciembre, y por Orden SCO/3867/2007, de 27 de diciembre."
2009-01-30,26,1,BOE-A-2009-1539,COMUNIDAD AUTÓNOMA DE ARAGÓN,autonómico,Ley,10069,10072,"Ley 8/2008, de 23 de diciembre, de modificación de la Ley 2/1992, de 13 de marzo, de creación del Consejo de Protección de la Naturaleza."
2009-01-30,26,1,BOE-A-2009-1540,COMUNIDAD AUTÓNOMA DE ARAGÓN,autonómico,Ley,10073,10075,"Ley 9/2008, de 23 de diciembre, por la que se autoriza al Gobierno de Aragón a prestar un aval a General Motors España, S.L."
2009-01-30,26,1,BOE-A-2009-1541,COMUNIDAD AUTÓNOMA DE ARAGÓN,autonómico,Ley,10076,10131,"Ley 10/2008, de 29 de diciembre, de Presupuestos de la Comunidad Autónoma de Aragón para el ejercicio 2009."
2009-01-30,26,1,BOE-A-2009-1542,COMUNIDAD AUTÓNOMA DE ARAGÓN,autonómico,Ley,10132,10255,"Ley 11/2008, de 29 de diciembre, de Medidas Tributarias de la Comunidad Autónoma de Aragón."
2009-01-31,27,1,BOE-A-2009-1598,MINISTERIO DE ECONOMÍA Y HACIENDA,estatal,Resolución,10417,10424,"Resolución de 30 de enero de 2009, de la Presidencia del Comisionado para el Mercado de Tabacos, por la que se publican los precios de venta al público de determinadas labores de tabaco en Expendedurías de Tabaco y Timbre del Área del Monopolio."
2009-01-31,27,1,BOE-A-2009-1599,"MINISTERIO DE EDUCACIÓN, POLÍTICA SOCIAL Y DEPORTE",estatal,Real Decreto,10425,10427,"Real Decreto 73/2009, de 30 de enero, sobre las prestaciones económicas de la Ley 39/2006, de 14 de diciembre, de promoción de la autonomía personal y atención a las personas en situación de dependencia para el ejercicio 2009."
2009-01-31,27,1,BOE-A-2009-1600,"MINISTERIO DE EDUCACIÓN, POLÍTICA SOCIAL Y DEPORTE",estatal,Real Decreto,10428,10430,"Real Decreto 74/2009, de 30 de enero, por el que se determina el nivel mínimo de protección garantizado a los beneficiarios del sistema para la autonomía y atención a la dependencia para el ejercicio 2009."
2009-01-31,27,1,BOE-A-2009-1601,"MINISTERIO DE INDUSTRIA, TURISMO Y COMERCIO",estatal,Orden,10431,10432,"Orden ITC/82/2009, de 30 de enero, por la que se pospone el cierre del plazo de presentación de solicitudes de instalaciones fotovoltaicas al registro de pre-asignación de retribución, establecido en el Real Decreto 1578/2008, de 26 de septiembre."
2009-01-31,27,1,BOE-A-2009-1602,MINISTERIO DE LA PRESIDENCIA,estatal,Real Decreto,10433,10440,"Real Decreto 75/2009, de 30 de enero, por el que se modifica el Real Decreto 1698/2003, de 12 de diciembre, por el que se establecen las disposiciones de aplicación de los Reglamentos comunitarios sobre el sistema de etiquetado de la carne de vacuno, y el Real Decreto 1799/2008, de 3 de noviembre, por el que se establecen las bases reguladoras para la concesión de ayudas destinadas a la reconversión de plantaciones de determinados cítricos."
2009-01-31,27,1,BOE-A-2009-1603,COMUNITAT VALENCIANA,autonómico,Ley,10441,10562,"Ley 16/2008, de 22 de diciembre, de Medidas Fiscales, de Gestión Administrativa y Financiera, y de Organización de la Generalitat."
2009-01-31,27,1,BOE-A-2009-1604,COMUNITAT VALENCIANA,autonómico,Ley,10563,10696,"Ley 17/2008, de 29 de diciembre, de Presupuestos de la Generalitat para el ejercicio 2009."
2009-02-02,28,1,BOE-A-2009-1669,MINISTERIO DE ECONOMÍA Y HACIENDA,estatal,Resolución,10831,10837,"Resolución de 20 de enero de 2009, de la Dirección General de Seguros y Fondos de Pensiones, por la que se da publicidad a las cuantías de las indemnizaciones por muerte, lesiones permanentes e incapacidad temporal que resultarán de aplicar durante 2009 el sistema para valoración de los daños y perjuicios causados a las personas en accidentes de circulación."
2009-02-03,29,1,BOE-A-2009-1769,MINISTERIO DE ECONOMÍA Y HACIENDA,estatal,Resolución,11116,11240,"Resolución de 20 de enero de 2009, de la Intervención General de la Administración del Estado, por la que se modifica la adaptación del Plan General de Contabilidad Pública a las Mutuas de Accidentes de Trabajo y Enfermedades Profesionales de la Seguridad Social, aprobada por Resolución de 22 de diciembre de 1998."
2009-02-03,29,1,BOE-A-2009-1770,MINISTERIO DE TRABAJO E INMIGRACIÓN,estatal,Real Decreto,11241,11261,"Real Decreto 1966/2008, de 28 de noviembre, por el que se establece un certificado de profesionalidad de la familia profesional de edificación y obra civil que se incluye en el Repertorio Nacional de Certificados de Profesionalidad."
2009-02-03,29,1,BOE-A-2009-1771,"MINISTERIO DE INDUSTRIA, TURISMO Y COMERCIO",estatal,Orden,11262,11280,"Orden ITC/110/2009, de 28 de enero, por la que se determinan los requisitos y las especificaciones técnicas que resultan necesarios para el desarrollo del capítulo II del título V del reglamento sobre las condiciones para la prestación de servicios de comunicaciones electrónicas, el servicio universal y la protección de los usuarios, aprobado por Real Decreto 424/2005, de 15 de abril."
2009-02-03,29,1,BOE-A-2009-1772,"MINISTERIO DE INDUSTRIA, TURISMO Y COMERCIO",estatal,Corrección,11281,11281,"Corrección de errores de la Resolución de 8 de mayo de 2008, de la Presidencia de la Comisión del Mercado de las Telecomunicaciones, por la que se crea un Registro electrónico en la Comisión del Mercado de las Telecomunicaciones para la recepción, remisión y tramitación de solicitudes, escritos y comunicaciones, y se establecen los criterios generales para la tramitación telemática de determinados procedimientos."
2009-02-04,30,1,BOE-A-2009-1851,"MINISTERIO DE INDUSTRIA, TURISMO Y COMERCIO",estatal,Orden,11762,11769,"Orden ITC/138/2009, de 28 de enero, por la que se regulan diversos aspectos relacionados con la concesión de apoyo oficial al crédito a la exportación mediante convenios de ajuste recíproco de intereses."
2009-02-04,30,1,BOE-A-2009-1852,COMISIÓN NACIONAL DEL MERCADO DE VALORES,estatal,Instrucción o circular,11770,11978,"Circular 12/2008, de 30 de diciembre, de la Comisión Nacional del Mercado de Valores, sobre solvencia de las empresas de servicios de inversión y sus grupos consolidables."
2009-02-05,31,1,BOE-A-2009-1962,MINISTERIO DE ECONOMÍA Y HACIENDA,estatal,Resolución,12288,12294,"Resolución de 30 de enero de 2009, de la Presidencia de la Comisión Nacional de la Competencia, por la que se crea un Registro electrónico y se establecen los requisitos generales para su aplicación a determinados procedimientos."
2009-02-05,31,1,BOE-A-2009-1963,MINISTERIO DE ECONOMÍA Y HACIENDA,estatal,Resolución,12295,12296,"Resolución de 4 de febrero de 2009, de la Presidencia del Comisionado para el Mercado de Tabacos, por la que se publican los precios de venta al público de determinadas labores de tabaco en Expendedurías de Tabaco y Timbre del Área del Monopolio."
2009-02-05,31,1,BOE-A-2009-1964,"MINISTERIO DE INDUSTRIA, TURISMO Y COMERCIO",estatal,Real Decreto,12297,12388,"Real Decreto 2060/2008, de 12 de diciembre, por el que se aprueba el Reglamento de equipos a presión y sus instrucciones técnicas complementarias."
2009-02-05,31,1,BOE-A-2009-1965,MINISTERIO DE LA PRESIDENCIA,estatal,Orden,12389,12390,"Orden PRE/156/2009, de 30 de enero, por la que se modifica el anexo IV del Real Decreto 1911/2000, de 24 de noviembre, por el que se regula la destrucción de los materiales especificados de riesgo en relación con las encefalopatías espongiformes transmisibles."
2009-02-06,32,1,BOE-A-2009-2029,MINISTERIO DE LA PRESIDENCIA,estatal,Real Decreto,12630,12673,"Real Decreto 32/2009, de 16 de enero, por el que se aprueba el Protocolo nacional de actuación Médico-forense y de Policía Científica en sucesos con víctimas múltiples."
2009-02-06,32,1,BOE-A-2009-2030,MINISTERIO DE CULTURA,estatal,Orden,12674,12678,"Orden CUL/174/2009, de 29 de enero, por la que se regula la visita pública a los museos de titularidad estatal adscritos y gestionados por el Ministerio de Cultura y por el Instituto Nacional de las Artes Escénicas y de la Música."
2009-02-06,32,1,BOE-A-2009-2031,MINISTERIO DE IGUALDAD,estatal,Real Decreto,12679,12681,"Real Decreto 41/2009, de 23 de enero, por el que se modifica el Real Decreto 1370/2007, de 19 de octubre, por el que se regula la Comisión Interministerial de Igualdad entre mujeres y hombres."
2009-02-06,32,1,BOE-A-2009-2032,COMUNIDAD AUTÓNOMA DE CATALUÑA,autonómico,Resolución,12682,12705,"Resolución IRP/20/2009, de 14 de enero, por la que se establecen medidas de regulación de la circulación y el transporte de mercancías por las carreteras de Cataluña para 2009."
2009-02-07,33,1,BOE-A-2009-2073,MINISTERIO DE JUSTICIA,estatal,Real Decreto,12994,13007,"Real Decreto 95/2009, de 6 de febrero, por el que se regula el Sistema de registros administrativos de apoyo a la Administración de Justicia"
2009-02-07,33,1,BOE-A-2009-2074,MINISTERIO DE DEFENSA,estatal,Real Decreto,13008,13028,"Real Decreto 96/2009, de 6 de febrero, por el que se aprueban las Reales Ordenanzas para las Fuerzas Armadas."
2009-02-07,33,1,BOE-A-2009-2075,MINISTERIO DE ECONOMÍA Y HACIENDA,estatal,Real Decreto,13029,13030,"Real Decreto 97/2009, de 6 de febrero, por el que se modifica el Real Decreto 1975/2008, de 28 de noviembre, sobre las medidas urgentes a adoptar en materia económica, fiscal, de empleo y de acceso a la vivienda"
2009-02-07,33,1,BOE-A-2009-2076,"MINISTERIO DE MEDIO AMBIENTE, Y MEDIO RURAL Y MARINO",estatal,Orden,13031,13032,"Orden ARM/183/2009, de 4 de febrero, por la que se modifica el anexo IV del Real Decreto 58/2005, de 21 de enero, por el que se adoptan medidas de protección contra la introducción y difusión en el territorio nacional y de la Comunidad Europea de organismos nocivos para los vegetales o productos vegetales, así como para la exportación y tránsito hacia países terceros."
2009-02-07,33,1,BOE-A-2009-2077,MINISTERIO DE LA PRESIDENCIA,estatal,Real Decreto,13033,13034,"Real Decreto 102/2009, de 6 de febrero, por el que se modifica el Real Decreto 1799/2003, de 26 de diciembre, por el que se regula el contenido de las listas electorales y de las copias del censo electoral."
2009-02-07,33,1,BOE-A-2009-2078,MINISTERIO DE LA PRESIDENCIA,estatal,Orden,13035,13036,"Orden PRE/184/2009, de 6 de febrero, por la que se publica el Acuerdo de Consejo de Ministros sobre la aplicación de las medidas contempladas en el Real Decreto 307/2005, de 18 de marzo, por el que se regulan las subvenciones en atención a determinadas necesidades derivadas de situaciones de emergencia o de naturaleza catastrófica, a los damnificados por los diversos episodios meteorológicos de carácter extraordinario que han afectado a diversas Comunidades Autónomas durante el año 2009."
2009-02-09,34,1,BOE-A-2009-2163,TRIBUNAL SUPREMO,estatal,Resolución judicial,13340,13340,"Sentencia de 16 de diciembre de 2008, de la Sala Tercera del Tribunal Supremo, por la que declara la nulidad del párrafo tercero del artículo 14.1 del Real Decreto 1331/2006, de 17 de noviembre, que regula la relación laboral de carácter especial de los Abogados que prestan servicios en despachos de abogados, individuales y colectivos, que es del siguiente tenor: ""No se computará a efectos de la duración máxima de la jornada de trabajo, sin perjuicio de su compensación económica, el tiempo que empleen los abogados en los desplazamientos o esperas, salvo que durante los mismos realicen actividades propias de su profesión. En los convenios colectivos se determinarán los supuestos concretos de desplazamientos y esperas que no se computarán a efectos de la duración máxima de la jornada""."
2009-02-09,34,1,BOE-A-2009-2164,TRIBUNAL SUPREMO,estatal,Resolución judicial,13341,13341,"Providencia de 23 de enero de 2009, dictada por la Sala Tercera del Tribunal Supremo, por la que se admite a trámite la cuestión de ilegalidad planteada por el Tribunal Superior de Justicia de Cataluña, Sala de lo Contencioso-Administrativo, Sección Primera, sobre los epígrafes 861.1 y 861.2 del Anexo de las Disposiciones del Real Decreto Legislativo 1175/1990, de 28 de septiembre, por el que se aprueban las tarifas y la instrucción del Impuesto de Actividades Económicas en lo que se refiere a la cuota estatal aplicable por el I.A.E. en los arrendamientos urbanos."
2009-02-09,34,1,BOE-A-2009-2165,TRIBUNAL SUPREMO,estatal,Resolución judicial,13342,13342,"Providencia de 23 de enero de 2009, dictada por la Sala Tercera del Tribunal Supremo, por la que se admite a trámite la cuestión de ilegalidad planteada por el Tribunal Superior de Justicia de Andalucía, Sala de lo Contencioso-Administrativo, Sección Segunda, sede Sevilla, sobre el artículo 38, Donación de Bienes Comunes de la Sociedad Conyugal, del Real Decreto 1629/1991, de 8 de noviembre, por el que se aprueba el Reglamento del Impuesto sobre Sucesiones y Donaciones."
2009-02-09,34,1,BOE-A-2009-2166,TRIBUNAL SUPREMO,estatal,Resolución judicial,13343,13343,"Providencia de 23 de enero de 2009, dictada por la Sala Tercera del Tribunal Supremo, por la que se admite a trámite la cuestión de ilegalidad planteada por el Tribunal Superior de Justicia de Cataluña, Sala de lo Contencioso-Administrativo, Sección Primera, sobre los epígrafes 861.1 y 861.2 del Anexo de las Disposiciones del Real Decreto Legislativo 1175/1990, de 28 de septiembre, por el que se aprueban las tarifas y la instrucción del Impuesto de Actividades Económicas en lo que se refiere a la cuota estatal aplicable por el I.A.E. en los arrendamientos urbanos."
2009-02-10,35,1,BOE-A-2009-2271,TRIBUNAL CONSTITUCIONAL,estatal,Resolución judicial,13880,13880,"Recurso de inconstitucionalidad nº 2046-2005, en relación con el artículo 12.4 de la Ley de Cantabria 7/2004, de 27 de diciembre, de Medidas Administrativas y Fiscales."
2009-02-10,35,1,BOE-A-2009-2272,TRIBUNAL CONSTITUCIONAL,estatal,Resolución judicial,13881,13881,"Recurso de inconstitucionalidad nº 7258-2008, en relación con diversos preceptos de la Ley de Andalucía 21/2007, de 18 de diciembre, de régimen jurídico y económico de los puertos de Andalucía."
2009-02-10,35,1,BOE-A-2009-2273,TRIBUNAL CONSTITUCIONAL,estatal,Resolución judicial,13882,13882,"Cuestión de inconstitucionalidad nº 3508-2008, en relación con los artículos 171.4 y 173.2 del Código Penal, según la redacción dada por la Ley 1/2004, de 28 de diciembre, de Medidas de protección integral contra la violencia de género."
2009-02-10,35,1,BOE-A-2009-2274,TRIBUNAL CONSTITUCIONAL,estatal,Resolución judicial,13883,13883,"Cuestión de inconstitucionalidad nº 192-2009, en relación con la disposición adicional primera de la Ley del Principado de Asturias 15/2002, de 27 de diciembre, de medidas presupuestarias, administrativas y fiscales."
2009-02-10,35,1,BOE-A-2009-2275,MINISTERIO DE JUSTICIA,estatal,Real Decreto,13884,13911,"Real Decreto 72/2009, de 30 de enero, por el que se completa la plantilla orgánica del ministerio fiscal para el año 2008."
2009-02-10,35,1,BOE-A-2009-2276,MINISTERIO DE JUSTICIA,estatal,Orden,13912,14186,"Orden JUS/206/2009, de 28 de enero, por la que se aprueban nuevos modelos para la presentación en el Registro Mercantil de las cuentas anuales de los sujetos obligados a su publicación."
2009-02-10,35,1,BOE-A-2009-2277,MINISTERIO DE ECONOMÍA Y HACIENDA,estatal,Resolución,14187,14212,"Resolución de 16 de diciembre de 2008, de la Presidencia de la Agencia Estatal de Administración Tributaria, por la que se establecen las condiciones para el desarrollo de un procedimiento electrónico para el intercambio de ficheros entre la Agencia Estatal de Administración Tributaria y las entidades de crédito, en el ámbito de las obligaciones de información a la Administración tributaria relativas a extractos normalizados de cuentas corrientes."
2009-02-10,35,1,BOE-A-2009-2278,MINISTERIO DE ECONOMÍA Y HACIENDA,estatal,Resolución,14213,14214,"Resolución de 9 de febrero de 2009, de la Presidencia del Comisionado para el Mercado de Tabacos, por la que se publican los precios de venta al público de determinadas labores de tabaco en Expendedurías de Tabaco y Timbre de la Península e Illes Balears."
2009-02-10,35,1,BOE-A-2009-2279,MINISTERIO DEL INTERIOR,estatal,Resolución,14215,14246,"Resolución de 2 de febrero de 2009, de la Dirección General de Tráfico, por la que se establecen medidas especiales de regulación del tráfico durante el año 2009."
2009-02-10,35,1,BOE-A-2009-2280,MINISTERIO DE FOMENTO,estatal,Orden,14247,14249,"Orden FOM/207/2009, de 26 de enero, por la que se regula el régimen tarifario de los servicios interurbanos de transporte público discrecional de viajeros en vehículos de turismo."
2009-02-10,35,1,BOE-A-2009-2281,"MINISTERIO DE INDUSTRIA, TURISMO Y COMERCIO",estatal,Corrección,14250,14250,"Corrección de errores de la Orden ITC/110/2009, de 28 de enero, por la que se determinan los requisitos y las especificaciones técnicas que resultan necesarios para el desarrollo del capítulo II del título V del Reglamento sobre las condiciones para la prestación de servicios de comunicaciones electrónicas, el servicio universal y la protección de los usuarios, aprobado por Real Decreto 424/2005, de 15 de abril."
2009-02-11,36,1,BOE-A-2009-2320,MINISTERIO DE ECONOMÍA Y HACIENDA,estatal,Resolución,14454,14488,"Resolución de 27 de enero de 2009, de la Presidencia de la Agencia Estatal de Administración Tributaria, para la elaboración de las estadísticas de intercambios de bienes entre Estados miembros (sistema Intrastat)."
2009-02-11,36,1,BOE-A-2009-2321,MINISTERIO DE FOMENTO,estatal,Orden,14489,14490,"Orden FOM/211/2009, de 28 de enero, por la que se modifica la Orden de 14 de marzo de 2001, por la que se regulan la composición y funciones de la Junta de Contratación, la Comisión de Retribuciones y la Comisión de Informática del Ministerio de Fomento."
2009-02-11,36,1,BOE-A-2009-2322,MINISTERIO DE TRABAJO E INMIGRACIÓN,estatal,Corrección,14491,14491,"Corrección de erratas de la Orden TIN/41/2009, de 20 de enero, por la que se desarrollan las normas de cotización a la Seguridad Social, Desempleo, Fondo de Garantía Salarial y Formación Profesional, contenidas en la Ley 2/2008, de 23 de diciembre, de Presupuestos Generales del Estado para el año 2009."
2009-02-12,37,1,BOE-A-2009-2391,MINISTERIO DE TRABAJO E INMIGRACIÓN,estatal,Orden,14837,14839,"Orden TIN/221/2009, de 10 de febrero, por la que se modifica la Orden TAS/3859/2007, de 27 de diciembre, por la que se regula la contraprestación a satisfacer por las mutuas de accidentes de trabajo y enfermedades profesionales de la Seguridad Social por los servicios de administración complementaria de la directa."
2009-02-12,37,1,BOE-A-2009-2392,"MINISTERIO DE MEDIO AMBIENTE, Y MEDIO RURAL Y MARINO",estatal,Corrección,14840,14841,"Corrección de errores de la Orden ARM/2656/2008, de 10 de septiembre, por la que se aprueba la Instrucción de Planificación Hidrológica."
2009-02-12,37,1,BOE-A-2009-2393,MINISTERIO DE LA PRESIDENCIA,estatal,Orden,14842,14843,"Orden PRE/222/2009, de 6 de febrero, por la que se modifica el anexo I del Real Decreto 1406/1989, de 10 de noviembre, por el que se imponen limitaciones a la comercialización y al uso de ciertas sustancias y preparados peligrosos (dispositivos de medición que contienen mercurio)."
2009-02-12,37,1,BOE-A-2009-2394,COMUNIDAD DE CASTILLA Y LEÓN,autonómico,Ley,14844,14869,"Ley 17/2008, de 23 de diciembre, de Medidas Financieras y de Creación de la Empresa Pública Castilla y León Sociedad Patrimonial y del Ente Público Instituto de Seguridad y Salud Laboral de Castilla y León."
2009-02-12,37,1,BOE-A-2009-2395,COMUNIDAD DE CASTILLA Y LEÓN,autonómico,Ley,14870,14917,"Ley 18/2008, de 23 de diciembre, de Presupuestos Generales de la Comunidad de Castilla y León para 2009."
2009-02-13,38,1,BOE-A-2009-2451,MINISTERIO DE SANIDAD Y CONSUMO,estatal,Resolución,15284,15312,"Resolución de 2 de febrero de 2009, de la Delegación del Gobierno para el Plan Nacional sobre Drogas, por la que se publica el Acuerdo de Consejo de Ministros por el que se aprueba la Estrategia Nacional sobre Drogas 2009-2016."
2009-02-14,39,1,BOE-A-2009-2507,MINISTERIO DE JUSTICIA,estatal,Orden,15499,15506,"Orden JUS/242/2009, de 10 de febrero, por la que se aprueban los modelos de remisión al Registro Central para la Protección de las Víctimas de Violencia Doméstica de la información que debe inscribirse en el mismo."
2009-02-14,39,1,BOE-A-2009-2508,MINISTERIO DE DEFENSA,estatal,Real Decreto,15507,15528,"Real Decreto 168/2009, de 13 de febrero, por el que se aprueba el Reglamento de evaluaciones y ascensos en las Fuerzas Armadas y sobre el acceso a la condición de militar de carrera de militares de tropa y marinería."
2009-02-14,39,1,BOE-A-2009-2509,MINISTERIO DE ECONOMÍA Y HACIENDA,estatal,Corrección,15529,15529,"Corrección de errores del Real Decreto 2125/2008, de 26 de diciembre, por el que se aprueba el Programa anual 2009 del Plan Estadístico Nacional 2009-2012."
2009-02-14,39,1,BOE-A-2009-2510,MINISTERIO DEL INTERIOR,estatal,Real Decreto,15530,15531,"Real Decreto 169/2009, de 13 de febrero, por el que se modifica el Reglamento de provisión de puestos de trabajo de la Dirección General de la Policía, aprobado por el Real Decreto 997/1989, de 28 de julio, en materia de promoción interna."
2009-02-14,39,1,BOE-A-2009-2511,COMUNIDAD AUTÓNOMA DE CANARIAS,autonómico,Ley,15532,15612,"Ley 5/2008, de 23 de diciembre, de Presupuestos Generales de la Comunidad Autónoma de Canarias para 2009."
2009-02-14,39,1,BOE-A-2009-2512,COMUNIDAD AUTÓNOMA DE CANARIAS,autonómico,Ley,15613,15621,"Ley 6/2008, de 23 de diciembre, de medidas tributarias incentivadoras de la actividad económica."
2009-02-16,40,1,BOE-A-2009-2549,MINISTERIO DE ECONOMÍA Y HACIENDA,estatal,Orden,15872,15934,"Orden EHA/251/2009, de 6 de febrero, por la que se aprueba el sistema de documentación estadístico contable de las entidades gestoras de fondos de pensiones."
2009-02-16,40,1,BOE-A-2009-2550,MINISTERIO DE FOMENTO,estatal,Real Decreto,15935,15941,"Real Decreto 38/2009, de 23 de enero, por el que se regulan las pruebas a las que se someten los botes salvavidas y sus medios de puesta a flote y se autoriza su realización a empresas especializadas."
2009-02-16,40,1,BOE-A-2009-2551,MINISTERIO DE FOMENTO,estatal,Orden,15942,15944,"Orden FOM/252/2009, de 9 de febrero, por la que se modifica parcialmente el anexo I del Decreto 1675/1972, de 26 de junio, por el que se aprueban las tarifas a aplicar por el uso de la red de ayudas a la navegación aérea (Eurocontrol) y se modifica el tipo de interés por mora en el pago de dichas tarifas."
2009-02-16,40,1,BOE-A-2009-2552,"MINISTERIO DE EDUCACIÓN, POLÍTICA SOCIAL Y DEPORTE",estatal,Real Decreto,15945,15957,"Real Decreto 39/2009, de 23 de enero, por el que se aprueban los Estatutos de la Real Academia de la Historia."
2009-02-16,40,1,BOE-A-2009-2553,"MINISTERIO DE INDUSTRIA, TURISMO Y COMERCIO",estatal,Resolución,15958,15959,"Resolución de 4 de febrero de 2009, de la Dirección General de Política Energética y Minas, por la que se hacen públicos los nuevos precios de venta, antes de impuestos, de los gases licuados del petróleo por canalización."
2009-02-17,41,1,BOE-A-2009-2637,MINISTERIO DE FOMENTO,estatal,Orden,16862,16868,"Orden FOM/287/2009, de 9 de febrero, por la que se desarrolla el Reglamento de la Ley de Ordenación de los Transportes Terrestres en materia de prestación de caución a favor de personas no residentes en territorio español que cometan infracciones en España en materia de transporte."
2009-02-17,41,1,BOE-A-2009-2638,MINISTERIO DE LA PRESIDENCIA,estatal,Real Decreto,16869,16875,"Real Decreto 103/2009, de 6 de febrero, por el que se modifica el Real Decreto 866/2008, de 23 de mayo, por el que se aprueba la lista de sustancias permitidas para la fabricación de materiales y objetos plásticos destinados a entrar en contacto con los alimentos y se regulan determinadas condiciones de ensayo."
2009-02-17,41,1,BOE-A-2009-2639,MINISTERIO DE CULTURA,estatal,Corrección,16876,16876,"Corrección de errores de la Orden CUL/174/2009, de 29 de enero, por la que se regula la visita pública a los museos de titularidad estatal adscritos y gestionados por el Ministerio de Cultura y por el Instituto Nacional de las Artes Escénicas y de la Música."
2009-02-17,41,1,BOE-A-2009-2640,MINISTERIO DE CIENCIA E INNOVACIÓN,estatal,Resolución,16877,16878,"Resolución de 5 de febrero de 2009, de la Secretaría de Estado de Universidades, por la que se publica el Acuerdo del Consejo de Ministros, por el que se establecen las condiciones a las que deberán adecuarse los planes de estudios conducentes a la obtención de títulos que habiliten para el ejercicio de la profesión regulada de Podólogo."
2009-02-17,41,1,BOE-A-2009-2641,MINISTERIO DE CIENCIA E INNOVACIÓN,estatal,Resolución,16879,16880,"Resolución de 5 de febrero de 2009, de la Secretaría de Estado de Universidades, por la que se publica el Acuerdo del Consejo de Ministros, por el que se establecen las condiciones a las que deberán adecuarse los planes de estudios conducentes a la obtención de títulos que habiliten para el ejercicio de la profesión regulada de Óptico-Optometrista."
2009-02-17,41,1,BOE-A-2009-2642,MINISTERIO DE CIENCIA E INNOVACIÓN,estatal,Resolución,16881,16882,"Resolución de 5 de febrero de 2009, de la Secretaría de Estado de Universidades, por la que se publica el Acuerdo de Consejo de Ministros, por el que se establecen las condiciones a las que deberán adecuarse los planes de estudios conducentes a la obtención de títulos que habiliten para el ejercicio de la profesión regulada de Dietista-Nutricionista."
2009-02-17,41,1,BOE-A-2009-2643,MINISTERIO DE CIENCIA E INNOVACIÓN,estatal,Resolución,16883,16884,"Resolución de 5 de febrero de 2009, de la Secretaría de Estado de Universidades, por la que se publica el Acuerdo de Consejo de Ministros, por el que se establecen las condiciones a las que deberán adecuarse los planes de estudios conducentes a la obtención de títulos que habiliten para el ejercicio de la profesión regulada de Terapeuta Ocupacional."
2009-02-17,41,1,BOE-A-2009-2644,MINISTERIO DE CIENCIA E INNOVACIÓN,estatal,Resolución,16885,16886,"Resolución de 5 de febrero de 2009, de la Secretaría de Estado de Universidades, por la que se publica el Acuerdo de Consejo de Ministros, por el que se establecen las condiciones a las que deberán adecuarse los planes de estudios conducentes a la obtención de títulos que habiliten para el ejercicio de la profesión regulada de Logopeda."
2009-02-18,42,1,BOE-A-2009-2732,MINISTERIO DE ECONOMÍA Y HACIENDA,estatal,Resolución,17151,17151,"Resolución de 12 de febrero de 2009, de la Presidencia de la Comisión Nacional de la Competencia, por la que se modifica la de 13 de febrero de 2008, por la que se crea la Oficina de Registro General en la Comisión Nacional de la Competencia."
2009-02-18,42,1,BOE-A-2009-2733,"MINISTERIO DE MEDIO AMBIENTE, Y MEDIO RURAL Y MARINO",estatal,Orden,17152,17155,"Orden ARM/304/2009, de 17 de febrero, por la que se crean la Junta de Contratación y la Mesa de contratación de los servicios comunes y la Secretaría General del Mar del Ministerio de Medio Ambiente, y Medio Rural y Marino."
2009-02-18,42,1,BOE-A-2009-2734,MINISTERIO DE LA PRESIDENCIA,estatal,Orden,17156,17159,"Orden PRE/305/2009, de 10 de febrero, por la que se crea la Red de Laboratorios de Alerta Biológica ""RE-LAB""."
2009-02-18,42,1,BOE-A-2009-2735,MINISTERIO DE CIENCIA E INNOVACIÓN,estatal,Orden,17160,17165,"Orden CIN/306/2009, de 9 de febrero, por la que se establecen los requisitos para la verificación de los títulos universitarios oficiales que habiliten para el ejercicio de la profesión de Ingeniero Técnico de Minas."
2009-02-18,42,1,BOE-A-2009-2736,MINISTERIO DE CIENCIA E INNOVACIÓN,estatal,Orden,17166,17170,"Orden CIN/307/2009, de 9 de febrero, por la que se establecen los requisitos para la verificación de los títulos universitarios oficiales que habiliten para el ejercicio de la profesión de Ingeniero Técnico de Obras Públicas."
2009-02-18,42,1,BOE-A-2009-2737,MINISTERIO DE CIENCIA E INNOVACIÓN,estatal,Orden,17171,17177,"Orden CIN/308/2009, de 9 de febrero, por la que se establecen los requisitos para la verificación de los títulos universitarios oficiales que habiliten para el ejercicio de la profesión de Ingeniero Técnico Aeronáutico."
2009-02-18,42,1,BOE-A-2009-2738,MINISTERIO DE CIENCIA E INNOVACIÓN,estatal,Orden,17178,17182,"Orden CIN/309/2009, de 9 de febrero, por la que se establecen los requisitos para la verificación de los títulos universitarios oficiales que habiliten para el ejercicio de la profesión de Ingeniero de Caminos, Canales y Puertos."
2009-02-18,42,1,BOE-A-2009-2739,MINISTERIO DE CIENCIA E INNOVACIÓN,estatal,Orden,17183,17186,"Orden CIN/310/2009, de 9 de febrero, por la que se establecen los requisitos para la verificación de los títulos universitarios oficiales que habiliten para el ejercicio de la profesión de Ingeniero de Minas."
2009-02-18,42,1,BOE-A-2009-2740,MINISTERIO DE CIENCIA E INNOVACIÓN,estatal,Orden,17187,17191,"Orden CIN/311/2009, de 9 de febrero, por la que se establecen los requisitos para la verificación de los títulos universitarios oficiales que habiliten para el ejercicio de la profesión de Ingeniero Industrial."
2009-02-18,42,1,BOE-A-2009-2741,MINISTERIO DE CIENCIA E INNOVACIÓN,estatal,Orden,17192,17196,"Orden CIN/312/2009, de 9 de febrero, por la que se establecen los requisitos para la verificación de los títulos universitarios oficiales que habiliten para el ejercicio de la profesión de Ingeniero Aeronáutico."
2009-02-18,42,1,BOE-A-2009-2742,COMISIÓN NACIONAL DEL MERCADO DE VALORES,estatal,Instrucción o circular,17197,17200,"Circular 1/2009, de 4 de febrero, de la Comisión Nacional del Mercado de Valores, sobre las categorías de instituciones de inversión colectiva en función de su vocación inversora."
2009-02-19,43,1,BOE-A-2009-2798,"MINISTERIO DE EDUCACIÓN, POLÍTICA SOCIAL Y DEPORTE",estatal,Real Decreto,17565,17567,"Real Decreto 99/2009, de 6 de febrero, por el que se modifica el Real Decreto 614/2007, de 11 de mayo, sobre nivel mínimo de protección del sistema para la autonomía y atención a la dependencia garantizado por la Administración General del Estado."
2009-02-19,43,1,BOE-A-2009-2799,"MINISTERIO DE INDUSTRIA, TURISMO Y COMERCIO",estatal,Resolución,17568,17583,"Resolución de 17 de febrero de 2009, de la Dirección General de Política Energética y Minas, por la que se fija, para el año 2009, el calendario aplicable al sistema estacional tipo 5 de discriminación horaria en el Sistema Integrado Peninsular y en los sistemas extrapeninsulares de Ceuta, Melilla, Archipiélago Balear y Archipiélago Canario, de la tarifa eléctrica."
2009-02-19,43,1,BOE-A-2009-2800,MINISTERIO DE LA PRESIDENCIA,estatal,Real Decreto,17584,17711,"Real Decreto 101/2009, de 6 de febrero, por el que se complementa el Catálogo Nacional de Cualificaciones Profesionales mediante el establecimiento de seis cualificaciones profesionales de la Familia Profesional Marítimo Pesquera, y se actualizan determinadas cualificaciones profesionales de las establecidas por el Real Decreto 295/2004, de 20 de febrero."
2009-02-19,43,1,BOE-A-2009-2801,MINISTERIO DE LA PRESIDENCIA,estatal,Orden,17712,17714,"Orden PRE/321/2009, de 13 de febrero, por la que se incluyen las sustancias activas clotianidina y etofenprox en el anexo I del Real Decreto 1054/2002, de 11 de octubre, por el que se regula el proceso de evaluación para el registro, autorización y comercialización de biocidas."
2009-02-19,43,1,BOE-A-2009-2803,MINISTERIO DE CIENCIA E INNOVACIÓN,estatal,Orden,17719,17723,"Orden CIN/323/2009, de 9 de febrero, por la que se establecen los requisitos para la verificación de los títulos universitarios oficiales que habiliten para el ejercicio de la profesión de Ingeniero Técnico Agrícola."
2009-02-19,43,1,BOE-A-2009-2804,MINISTERIO DE CIENCIA E INNOVACIÓN,estatal,Orden,17724,17727,"Orden CIN/324/2009, de 9 de febrero, por la que se establecen los requisitos para la verificación de los títulos universitarios oficiales que habiliten para el ejercicio de la profesión de Ingeniero Técnico Forestal."
2009-02-19,43,1,BOE-A-2009-2805,MINISTERIO DE CIENCIA E INNOVACIÓN,estatal,Orden,17728,17731,"Orden CIN/325/2009, de 9 de febrero, por la que se establecen los requisitos para la verificación de los títulos universitarios oficiales que habiliten para el ejercicio de la profesión de Ingeniero Agrónomo."
2009-02-19,43,1,BOE-A-2009-2806,MINISTERIO DE CIENCIA E INNOVACIÓN,estatal,Orden,17732,17735,"Orden CIN/326/2009, de 9 de febrero, por la que se establecen los requisitos para la verificación de los títulos universitarios oficiales que habiliten para el ejercicio de la profesión de Ingeniero de Montes."
2009-02-19,43,1,BOE-A-2009-2802,MINISTERIO DE SANIDAD Y CONSUMO,estatal,Orden,17715,17718,"Orden SCO/322/2009, de 13 de febrero, por la que se modifican los anexos II y III del Real Decreto 1599/1997, de 17 de octubre, sobre productos cosméticos."
2009-02-19,43,1,BOE-A-2009-2807,COMUNIDAD AUTÓNOMA DE ARAGÓN,autonómico,Corrección,17736,17736,"Corrección de errores de la Ley 10/2008, de 29 de diciembre, de Presupuestos de la Comunidad Autónoma de Aragón para el ejercicio 2009."
2009-02-20,44,1,BOE-A-2009-2886,MINISTERIO DE ASUNTOS EXTERIORES Y DE COOPERACIÓN,estatal,Tratado o acuerdo internacional,18129,18129,"Entrada en vigor del Convenio de Cooperación en materia de adopción entre el Reino de España y la República Socialista de Vietnam, hecho en Hanoi el 5 de diciembre de 2007."
2009-02-20,44,1,BOE-A-2009-2887,MINISTERIO DE ASUNTOS EXTERIORES Y DE COOPERACIÓN,estatal,Tratado o acuerdo internacional,18130,18130,"Entrada en vigor del Acuerdo de Sede entre el Reino de España y el Consejo Oleícola Internacional, hecho en Madrid el 20 de noviembre de 2007."
2009-02-20,44,1,BOE-A-2009-2888,MINISTERIO DE ASUNTOS EXTERIORES Y DE COOPERACIÓN,estatal,Tratado o acuerdo internacional,18131,18131,"Entrada en vigor del Canje de Cartas entre España y las Naciones Unidas para la celebración de la conferencia sobre envejecimiento de la Comisión Económica para Europa de las Naciones Unidas (CEPE), hecho en Ginebra el 2 y 5 de noviembre de 2007."
2009-02-20,44,1,BOE-A-2009-2889,MINISTERIO DE JUSTICIA,estatal,Corrección,18132,18133,"Corrección de errores del Real Decreto 72/2009, de 30 de enero, por el que se completa la plantilla orgánica del ministerio fiscal para el año 2008."
2009-02-20,44,1,BOE-A-2009-2890,"MINISTERIO DE EDUCACIÓN, POLÍTICA SOCIAL Y DEPORTE",estatal,Orden,18134,18136,"Orden ESD/348/2009, de 10 de febrero, por la que se regula la Comisión Asesora de Publicaciones del Ministerio de Educación, Política Social y Deporte."
2009-02-20,44,1,BOE-A-2009-2891,MINISTERIO DE TRABAJO E INMIGRACIÓN,estatal,Orden,18137,18139,"Orden TIN/349/2009, de 12 de febrero, por la que se crea la Comisión Calificadora de Documentos Administrativos del Instituto Social de la Marina."
2009-02-20,44,1,BOE-A-2009-2892,MINISTERIO DE CIENCIA E INNOVACIÓN,estatal,Orden,18140,18144,"Orden CIN/350/2009, de 9 de febrero, por la que se establecen los requisitos para la verificación de los títulos universitarios oficiales que habiliten para el ejercicio de la profesión de Ingeniero Técnico Naval."
2009-02-20,44,1,BOE-A-2009-2893,MINISTERIO DE CIENCIA E INNOVACIÓN,estatal,Orden,18145,18149,"Orden CIN/351/2009, de 9 de febrero, por la que se establecen los requisitos para la verificación de los títulos universitarios oficiales que habiliten para el ejercicio de la profesión de Ingeniero Técnico Industrial."
2009-02-20,44,1,BOE-A-2009-2894,MINISTERIO DE CIENCIA E INNOVACIÓN,estatal,Orden,18150,18156,"Orden CIN/352/2009, de 9 de febrero, por la que se establecen los requisitos para la verificación de los títulos universitarios oficiales que habiliten para el ejercicio de la profesión de Ingeniero Técnico de Telecomunicación."
2009-02-20,44,1,BOE-A-2009-2895,MINISTERIO DE CIENCIA E INNOVACIÓN,estatal,Orden,18157,18160,"Orden CIN/353/2009, de 9 de febrero, por la que se establecen los requisitos para la verificación de los títulos universitarios oficiales que habiliten para el ejercicio de la profesión de Ingeniero Técnico en Topografía."
2009-02-20,44,1,BOE-A-2009-2896,MINISTERIO DE CIENCIA E INNOVACIÓN,estatal,Orden,18161,18164,"Orden CIN/354/2009, de 9 de febrero, por la que se establecen los requisitos para la verificación de los títulos universitarios oficiales que habiliten para el ejercicio de la profesión de Ingeniero Naval y Oceánico."
2009-02-20,44,1,BOE-A-2009-2897,MINISTERIO DE CIENCIA E INNOVACIÓN,estatal,Orden,18165,18169,"Orden CIN/355/2009, de 9 de febrero, por la que se establecen los requisitos para la verificación de los títulos universitarios oficiales que habiliten para el ejercicio de la profesión de Ingeniero de Telecomunicación."
2009-02-20,44,1,BOE-A-2009-2898,MINISTERIO DE CIENCIA E INNOVACIÓN,estatal,Orden,18170,18172,"Orden CIN/356/2009, de 12 de febrero, por la que se crea la Comisión de Información Administrativa y Atención al Ciudadano del Ministerio de Ciencia e Innovación."
2009-02-21,45,1,BOE-A-2009-2940,MINISTERIO DE ECONOMÍA Y HACIENDA,estatal,Orden,18351,18353,"Orden EHA/361/2009, de 12 de febrero, por la que se acuerda la emisión, acuñación y puesta en circulación de monedas de colección con el lema ""Herencia Europea""."
2009-02-23,46,1,BOE-A-2009-2988,TRIBUNAL SUPREMO,estatal,Resolución judicial,18476,18476,"Sentencia de 12 de diciembre de 2008, de la Sala Tercera del Tribunal Supremo, por la que se anula y deja sin efecto el artículo 3.2 del Real Decreto 5/2006, de 13 de enero, por el que se modifica el Real Decreto 928/1989, de 21 de julio, por el que se constituye el organismo de cuenca de la Confederación Hidrográfica del Guadiana."
2009-02-23,46,1,BOE-A-2009-2989,TRIBUNAL SUPREMO,estatal,Resolución judicial,18477,18477,"Sentencia de 17 de diciembre de 2008, de la Sala Tercera del Tribunal Supremo, por la que se anula el acuerdo del Consejo de Ministros, de 9 de junio de 2006, por el que se aprobaron los Planes Directores correspondientes a los Planes de Emergencia Nuclear Exteriores a las centrales nucleares, y se reconoce el derecho de la Asociación de Municipios Afectados por Centrales Nucleares a ser oída en el procedimiento de elaboración de los indicados Planes."
2009-02-24,47,1,BOE-A-2009-3022,JEFATURA DEL ESTADO,estatal,Real Decreto-ley,19015,19019,"Real Decreto-ley 1/2009, de 23 de febrero, de medidas urgentes en materia de telecomunicaciones."
2009-02-24,47,1,BOE-A-2009-3023,MINISTERIO DE TRABAJO E INMIGRACIÓN,estatal,Real Decreto,19020,19038,"Real Decreto 100/2009, de 6 de febrero, por el que se establecen medidas para facilitar la adaptación laboral del sector de fabricación y componentes del calzado, curtidos y marroquinería a los cambios estructurales en el comercio mundial."
2009-02-24,47,1,BOE-A-2009-3024,"MINISTERIO DE INDUSTRIA, TURISMO Y COMERCIO",estatal,Resolución,19039,19039,"Resolución de 18 de febrero de 2009, de la Secretaría de Estado de Telecomunicaciones y para la Sociedad de la Información, por la que se modifica la de 20 de septiembre de 2006, por la que se dictan instrucciones para el desarrollo y aplicación del Reglamento de uso del dominio público radioeléctrico por aficionados."
2009-02-24,47,1,BOE-A-2009-3025,MINISTERIO DE LA PRESIDENCIA,estatal,Real Decreto,19040,19049,"Real Decreto 170/2009, de 13 de febrero, sobre compensación al transporte marítimo y aéreo de mercancías incluidas en el anexo I del Tratado Constitutivo de la Comunidad Europea, con origen o destino en las Islas Canarias."
2009-02-25,48,1,BOE-A-2009-3144,MINISTERIO DE ECONOMÍA Y HACIENDA,estatal,Orden,19531,19605,"Orden EHA/396/2009, de 13 de febrero, por la que se aprueba el modelo de declaración del Impuesto sobre la Renta de las Personas Físicas, ejercicio 2008, se determinan el lugar, forma y plazos de presentación del mismo, se establecen los procedimientos de solicitud, remisión, modificación y confirmación o suscripción del borrador de declaración del Impuesto sobre la Renta de las Personas Físicas, y se determinan las condiciones generales y el procedimiento para la presentación de ambos por medios telemáticos o telefónicos y se modifican los anexos I y VI de la Orden EHA/2027/2007, de 28 de junio, por la que se desarrolla parcialmente el Real Decreto 939/2005, de 29 de junio, por el que se aprueba el Reglamento General de Recaudación, en relación con las entidades de crédito que prestan el servicio de colaboración en la gestión recaudatoria de la Agencia Estatal de Administración Tributaria."
2009-02-25,48,1,BOE-A-2009-3145,MINISTERIO DE FOMENTO,estatal,Real Decreto,19606,19628,"Real Decreto 98/2009, de 6 de febrero, por el que se aprueba el Reglamento de inspección aeronáutica."
2009-02-25,48,1,BOE-A-2009-3146,MINISTERIO DE LA PRESIDENCIA,estatal,Corrección,19629,19629,"Corrección de errores de la Orden PRE/1809/2006, de 5 de junio, por la que se modifica el anexo del Real Decreto 465/2003, de 25 de abril, sobre las sustancias indeseables en la alimentación animal, para incorporar la Directiva 2006/13/CE de la Comisión de 3 de febrero de 2006."
2009-02-26,49,1,BOE-A-2009-3242,"MINISTERIO DE MEDIO AMBIENTE, Y MEDIO RURAL Y MARINO",estatal,Orden,19891,19892,"Orden ARM/405/2009, de 18 de febrero, por la que se modifica el Reglamento técnico de control y certificación de semillas de plantas forrajeras."
2009-02-26,49,1,BOE-A-2009-3243,"MINISTERIO DE MEDIO AMBIENTE, Y MEDIO RURAL Y MARINO",estatal,Resolución,19893,20016,"Resolución de 20 de enero de 2009, de la Secretaría de Estado de Cambio Climático, por la que se publica el Acuerdo del Consejo de Ministros por el que se aprueba el Plan Nacional Integrado de Residuos para el período 2008-2015."
2009-02-27,50,1,BOE-A-2009-3344,MINISTERIO DE TRABAJO E INMIGRACIÓN,estatal,Orden,20269,20272,"Orden TIN/429/2009, de 24 de febrero, por la que se prorroga la vigencia durante el año 2009 de las medidas sociolaborales contempladas en los artículos 3 y 4 de la Orden TAS/3243/2006, de 19 de octubre, por la que se disponen medidas necesarias para el desarrollo parcial de lo previsto en el Acuerdo de Consejo de Ministros de 9 de junio de 2006, sobre determinadas medidas financieras y sociolaborales integradas en el Plan de apoyo al sector textil y de la confección, y se modifican dichos preceptos."
2009-02-28,51,1,BOE-A-2009-3422,MINISTERIO DE ECONOMÍA Y HACIENDA,estatal,Resolución,20515,20520,"Resolución de 27 de febrero de 2009, de la Presidencia del Comisionado para el Mercado de Tabacos, por la que se publican los precios de venta al público de determinadas labores de tabaco en Expendedurías de Tabaco y Timbre del Área del Monopolio."
2009-02-28,51,1,BOE-A-2009-3423,MINISTERIO DEL INTERIOR,estatal,Orden,20521,20521,"Orden INT/441/2009, de 24 de febrero, por la que se modifica la Orden INT/3192/2008, de 4 de noviembre, por la que se regula la composición y funciones de la Comisión Ministerial de Administración Electrónica del Ministerio del Interior."
2009-02-28,51,1,BOE-A-2009-3424,"MINISTERIO DE EDUCACIÓN, POLÍTICA SOCIAL Y DEPORTE",estatal,Real Decreto,20522,20527,"Real Decreto 242/2009, de 27 de febrero, por el que se establecen convalidaciones entre las enseñanzas profesionales de Música y de Danza y la Educación secundaria obligatoria y el Bachillerato, así como los efectos que sobre la materia de Educación física deben tener la condición de deportista de alto nivel o alto rendimiento y las enseñanzas profesionales de Danza."
2009-02-28,51,1,BOE-A-2009-3425,MINISTERIO DE TRABAJO E INMIGRACIÓN,estatal,Orden,20528,20529,"Orden TIN/442/2009, de 24 de febrero, por la que se modifica la Orden TAS/3623/2006, de 28 de noviembre, por la que se regulan las actividades preventivas en el ámbito de la Seguridad Social y la financiación de la Fundación para la Prevención de Riesgos Laborales."
2009-02-28,51,1,BOE-A-2009-3426,"MINISTERIO DE INDUSTRIA, TURISMO Y COMERCIO",estatal,Resolución,20530,20530,"Resolución de 23 de febrero de 2009, de la Dirección General de Política Energética y Minas, por la que se fija el precio medio de la energía a aplicar en el cálculo de la retribución del servicio de gestión de la demanda de interrumpibilidad ofrecido por los consumidores que adquieren su energía en el mercado de producción durante el primer trimestre de 2009."
2009-02-28,51,1,BOE-A-2009-3427,"MINISTERIO DE INDUSTRIA, TURISMO Y COMERCIO",estatal,Resolución,20531,20532,"Resolución de 23 de febrero de 2009, de la Dirección General de Política Energética y Minas, por la que se fijan los precios de los combustibles definitivos del segundo semestre de 2008 a aplicar en el cálculo de la prima de funcionamiento de cada grupo generador, los costes de logística para 2009 y los precios de los combustibles provisionales del primer semestre de 2009 a aplicar para efectuar el despacho de los costes variables de generación en los sistemas eléctricos insulares y extrapeninsulares."
2009-02-28,51,1,BOE-A-2009-3428,"MINISTERIO DE MEDIO AMBIENTE, Y MEDIO RURAL Y MARINO",estatal,Real Decreto,20533,20567,"Real Decreto 244/2009, de 27 de febrero, para la aplicación de las medidas del programa de apoyo al sector vitivinícola español."
2009-02-28,51,1,BOE-A-2009-3429,"MINISTERIO DE MEDIO AMBIENTE, Y MEDIO RURAL Y MARINO",estatal,Orden,20568,20568,"Orden ARM/443/2009, de 23 de febrero, por la que se corrigen errores de la Orden ARM/304/2009, de 17 de febrero, por la que se crean la Junta de contratación y la Mesa de contratación de los servicios comunes y la Secretaría General del Mar del Ministerio de Medio Ambiente, y Medio Rural y Marino."
2009-03-02,52,1,BOE-A-2009-3499,JEFATURA DEL ESTADO,estatal,Otras,20820,20993,"Instrumento de Ratificación de las Actas aprobadas por el XXIII Congreso de la Unión Postal Universal, hecho en Bucarest, el 5 de octubre de 2004."
2009-03-02,52,1,BOE-A-2009-3500,TRIBUNAL SUPREMO,estatal,Resolución judicial,20994,20994,"Sentencia de 15 de enero de 2009, de la Sala Tercera del Tribunal Supremo, por la que se anula el inciso ""incluyendo el de la superación de los correspondientes cursos de actualización y especialización con la periodicidad establecida"", del artículo 149.5 del Reglamento de Seguridad Privada, aprobado por Real Decreto 2364/1994, de 9 de diciembre, según redacción establecida por Real Decreto 1123/2001, de 19 de octubre."
2009-03-02,52,1,BOE-A-2009-3501,TRIBUNAL SUPREMO,estatal,Resolución judicial,20995,20995,"Sentencia de 20 de enero de 2009, de la Sala Tercera del Tribunal Supremo, por la que se anula el Real Decreto 1265/2005, de 21 de octubre, por el que se adoptan medidas administrativas excepcionales para la gestión de los recursos hidráulicos y para corregir los efectos de la sequía en las cuencas hidrográficas de los ríos Júcar, Segura y Tajo."
2009-03-02,52,1,BOE-A-2009-3502,TRIBUNAL SUPREMO,estatal,Resolución judicial,20996,20996,"Providencia de 13 de febrero de 2009, dictada por la Sala Tercera del Tribunal Supremo, por la que se admite a trámite la cuestión de ilegalidad planteada por el Tribunal Superior de Justicia de Madrid, Sala de lo Contencioso-Administrativo, Sección Quinta, sobre el inciso final del artículo 10.3 del Real Decreto 214/1999, de 5 de febrero, por el que se aprueba el Reglamento del Impuesto sobre la Renta de las Personas Físicas, que dispone literalmente ""...si, además no se conceden anualmente""."
2009-03-03,53,1,BOE-A-2009-3571,MINISTERIO DE JUSTICIA,estatal,Real Decreto,21591,21594,"Real Decreto 167/2009, de 13 de febrero, por el que se dispone la creación y constitución de 15 juzgados para la mejora de la jurisdicción mercantil, dentro de la programación del año 2009."
2009-03-03,53,1,BOE-A-2009-3572,"MINISTERIO DE EDUCACIÓN, POLÍTICA SOCIAL Y DEPORTE",estatal,Orden,21595,21596,"Orden ESD/480/2009, de 13 de febrero, por la que se modifica la Orden TAS/2455/2007, de 7 de agosto, por la que se dictan normas para la aplicación y desarrollo en el año 2007, de los Reales Decretos que desarrollan la Ley 39/2006, de 14 de diciembre, de Promoción de la Autonomía Personal y Atención a las Personas en situación de Dependencia, en las ciudades de Ceuta y de Melilla."
2009-03-03,53,1,BOE-A-2009-3573,MINISTERIO DE LA PRESIDENCIA,estatal,Real Decreto,21597,21604,"Real Decreto 249/2009, de 27 de febrero, por el que se aprueba la provisión de plazas de las Fuerzas Armadas y de la Escala Superior de Oficiales de la Guardia Civil para el año 2009."
2009-03-03,53,1,BOE-A-2009-3574,MINISTERIO DE ADMINISTRACIONES PÚBLICAS,estatal,Real Decreto,21605,21622,"Real Decreto 248/2009, de 27 de febrero, por el que se aprueba la oferta de empleo público para el año 2009."
2009-03-03,53,1,BOE-A-2009-3575,MINISTERIO DE ADMINISTRACIONES PÚBLICAS,estatal,Real Decreto,21623,21624,"Real Decreto 250/2009, de 27 de febrero, por el que se aprueba la oferta de empleo público del Cuerpo de la Guardia Civil para el año 2009."
2009-03-03,53,1,BOE-A-2009-3576,MINISTERIO DE ADMINISTRACIONES PÚBLICAS,estatal,Real Decreto,21625,21626,"Real Decreto 251/2009, de 27 de febrero, por el que se aprueba la oferta de empleo público del Cuerpo Nacional de Policía para el año 2009."
2009-03-04,54,1,BOE-A-2009-3672,"MINISTERIO DE EDUCACIÓN, POLÍTICA SOCIAL Y DEPORTE",estatal,Orden,22046,22047,"Orden ESD/503/2009, de 23 de febrero, por la que se modifica la Orden de 8 de noviembre de 1999, que crea la Comisión para aplicación homogénea del proceso de homologación, convalidación y equivalencia de las formaciones de entrenadores deportivos, conforme a lo dispuesto en el Real Decreto 1913/1997, de 19 de diciembre."
2009-03-04,54,1,BOE-A-2009-3673,MINISTERIO DE TRABAJO E INMIGRACIÓN,estatal,Real Decreto,22048,22062,"Real Decreto 197/2009, de 23 de febrero, por el que se desarrolla el Estatuto del Trabajo Autónomo en materia de contrato del trabajador autónomo económicamente dependiente y su registro y se crea el Registro Estatal de asociaciones profesionales de trabajadores autónomos."
2009-03-04,54,1,BOE-A-2009-3674,"MINISTERIO DE INDUSTRIA, TURISMO Y COMERCIO",estatal,Instrucción o circular,22063,22066,"Circular 1/2009, de 22 de enero, de la Comisión Nacional de Energía, por la que se procede a actualizar la Circular 3/2008, de 6 de noviembre, por la que se desarrolla la disposición adicional segunda del Real Decreto 222/2008, de 15 de febrero, en lo relativo a la liquidación de las actividades reguladas del Real Decreto 2017/1997, de 26 de diciembre, para adaptar su contenido a lo establecido en la Orden ITC/3801/2008, de 26 de diciembre, por la que se revisan las tarifas eléctricas a partir de 1 de enero de 2009."
2009-03-04,54,1,BOE-A-2009-3675,"MINISTERIO DE MEDIO AMBIENTE, Y MEDIO RURAL Y MARINO",estatal,Real Decreto,22067,22070,"Real Decreto 198/2009, de 23 de febrero, por el que se establece la normativa básica relativa al régimen de ayudas en el sector de los forrajes desecados."
2009-03-05,55,1,BOE-A-2009-3787,JEFATURA DEL ESTADO,estatal,Otras,22706,22721,"Instrumento de Ratificación de la Convención sobre la protección del Patrimonio cultural subacuático, hecho en París el 2 de noviembre de 2001."
2009-03-05,55,1,BOE-A-2009-3788,"MINISTERIO DE EDUCACIÓN, POLÍTICA SOCIAL Y DEPORTE",estatal,Orden,22722,22750,"Orden ESD/4066/2008, de 3 de noviembre, por la que se establece el currículo del ciclo formativo de Grado Superior correspondiente al título de Técnico Superior en Educación Infantil."
2009-03-05,55,1,BOE-A-2009-3789,MINISTERIO DE LA PRESIDENCIA,estatal,Real Decreto,22751,22759,"Real Decreto 199/2009, de 23 de febrero, por el que se modifica el Estatuto de la Fábrica Nacional de Moneda y Timbre-Real Casa de la Moneda, aprobado por el Real Decreto 1114/1999, de 25 de junio, por el que se adapta la Fábrica Nacional de Moneda y Timbre a la Ley 6/1997, de 14 de abril, de organización y funcionamiento de la Administración General del Estado, se aprueba su Estatuto y se acuerda su denominación Fábrica Nacional de Moneda y Timbre-Real Casa de la Moneda."
2009-03-05,55,1,BOE-A-2009-3790,MINISTERIO DE LA PRESIDENCIA,estatal,Real Decreto,22760,22761,"Real Decreto 200/2009, de 23 de febrero, por el que se derogan determinadas disposiciones que inciden en las normas de calidad para la mantequilla destinada al mercado nacional."
2009-03-05,55,1,BOE-A-2009-3791,MINISTERIO DE LA PRESIDENCIA,estatal,Orden,22762,22763,"Orden PRE/528/2009, de 2 de marzo, que modifica la Orden PRE/2622/2007, de 7 de septiembre, por la que se aprueba el cuadro médico de exclusiones exigible para ingreso en los centros militares de formación."
2009-03-06,56,1,BOE-A-2009-3854,JEFATURA DEL ESTADO,estatal,Corrección,23056,23056,"Corrección de errores y erratas de la Ley 2/2008, de 23 de diciembre, de Presupuestos Generales del Estado para el año 2009."
2009-03-06,56,1,BOE-A-2009-3855,MINISTERIO DE ADMINISTRACIONES PÚBLICAS,estatal,Real Decreto,23057,23060,"Real Decreto 247/2009, de 27 de febrero, por el que se amplían los medios traspasados a la Generalitat de Cataluña por el Real Decreto 966/1990, de 20 de julio, en materia de provisión de medios materiales y económicos al servicio de la Administración de Justicia."
2009-03-06,56,1,BOE-A-2009-3856,COMUNIDAD AUTÓNOMA DE EXTREMADURA,autonómico,Ley,23061,23064,"Ley 1/2009, de 18 de febrero, de creación del Colegio Profesional de Educadoras y Educadores Sociales de Extremadura."
2009-03-07,57,1,BOE-A-2009-3903,JEFATURA DEL ESTADO,estatal,Real Decreto-ley,23276,23284,"Real Decreto-ley 2/2009, de 6 de marzo, de medidas urgentes para el mantenimiento y el fomento del empleo y la protección de las personas desempleadas."
2009-03-07,57,1,BOE-A-2009-3904,MINISTERIO DEL INTERIOR,estatal,Orden,23285,23287,"Orden INT/537/2009, de 2 de marzo, por la que se modifica la Orden INT/1390/2007, de 11 de mayo, por la que se determina la indemnización a percibir por el personal que participe o coopere en asistencia técnica policial, operaciones de mantenimiento de la paz y seguridad, humanitarias o de evacuación de personas en el extranjero."
2009-03-07,57,1,BOE-A-2009-3905,MINISTERIO DE LA PRESIDENCIA,estatal,Real Decreto,23288,23292,"Real Decreto 298/2009, de 6 de marzo, por el que se modifica el Real Decreto 39/1997, de 17 de enero, por el que se aprueba el Reglamento de los Servicios de Prevención, en relación con la aplicación de medidas para promover la mejora de la seguridad y de la salud en el trabajo de la trabajadora embarazada, que haya dado a luz o en período de lactancia."
2009-03-09,58,1,BOE-A-2009-3958,TRIBUNAL SUPREMO,estatal,Resolución judicial,23542,23542,"Sentencia de 21 de enero de 2009, de la Sala Tercera del Tribunal Supremo, por la que se anula el Real Decreto 351/2006, de 24 de marzo, por el que se modifica el Estatuto General de los Procuradores de los Tribunales de España, aprobado por Real Decreto 1281/2002, de 5 de diciembre."
2009-03-09,58,1,BOE-A-2009-3959,COMUNIDAD FORAL DE NAVARRA,autonómico,Ley,23543,23572,"Ley Foral 21/2008, de 24 de diciembre, de Presupuestos Generales de Navarra para el año 2009."
2009-03-09,58,1,BOE-A-2009-3960,COMUNIDAD FORAL DE NAVARRA,autonómico,Ley,23573,23619,"Ley Foral 22/2008, de 24 de diciembre, de modificación de diversos impuestos y otras medidas tributarias."
2009-03-10,59,1,BOE-A-2009-3981,MINISTERIO DE ASUNTOS EXTERIORES Y DE COOPERACIÓN,estatal,Tratado o acuerdo internacional,23740,23740,"Acuerdo Multilateral RID 3/2007 en virtud de la Sección 1.5.1. del Reglamento del Transporte Internacional de Mercancías Peligrosas por Ferrocarril (RID), (publicado en el ""Boletín Oficial del Estado"" nº 59 de 9 de marzo de 2007) relativo al transporte de acuerdo con la disposición especial de embalaje PP1 de la instrucción de embalaje P001, hecho en Madrid el 30 de abril de 2008."
2009-03-10,59,1,BOE-A-2009-3982,MINISTERIO DE ASUNTOS EXTERIORES Y DE COOPERACIÓN,estatal,Tratado o acuerdo internacional,23741,23747,"Modificaciones del Reglamento del Tratado de Cooperación en Materia de Patentes (PCT) (""Boletín Oficial del Estado"" de 7 de noviembre de 1989), adoptadas en la 32 Sesión de la Asamblea de la Unión Internacional de Cooperación en materia de Patentes, Ginebra 5 de octubre de 2004."
2009-03-10,59,1,BOE-A-2009-3983,MINISTERIO DE LA PRESIDENCIA,estatal,Real Decreto,23748,23749,"Real Decreto 245/2009, de 27 de febrero, por el que se modifica el Real Decreto 230/2008, de 15 de febrero, que regula el Consejo General de la ciudadanía española en el exterior."
2009-03-10,59,1,BOE-A-2009-3984,MINISTERIO DE LA PRESIDENCIA,estatal,Real Decreto,23750,23754,"Real Decreto 246/2009, de 27 de febrero, por el que se modifica el Estatuto del Instituto Español de Oceanografía (IEO), aprobado por Real Decreto 1950/2000, de 1 de diciembre; el Estatuto del Instituto Nacional de Investigación y Tecnología Agraria y Alimentaria (INIA), aprobado por Real Decreto 1951/2000, de 1 de diciembre; el Estatuto del Centro de Investigaciones Energéticas, Medio Ambientales y Tecnológicas (CIEMAT), aprobado por Real Decreto 1952/2000, de 1 de diciembre; el Estatuto del Instituto Geológico y Minero de España (IGME), aprobado por Real Decreto 1953/2000, de 1 de diciembre; el Estatuto del Instituto de Salud Carlos III (ISCIII), aprobado por el Real Decreto 375/2001, de 6 de abril; y el Estatuto de la Agencia Estatal Consejo Superior de Investigaciones Científicas (CSIC), aprobado por el Real Decreto 1730/2007, de 21 de diciembre."
2009-03-10,59,1,BOE-A-2009-3985,MINISTERIO DE CIENCIA E INNOVACIÓN,estatal,Resolución,23755,23756,"Resolución de 26 de febrero de 2009, de la Secretaría de Estado de Universidades, por la que se publica el Acuerdo del Consejo de Ministros por el que se establece el carácter oficial de determinados títulos de Grado y su inscripción en el Registro de Universidades, Centros y Títulos."
2009-03-11,60,1,BOE-A-2009-4087,MINISTERIO DE ASUNTOS EXTERIORES Y DE COOPERACIÓN,estatal,Tratado o acuerdo internacional,24138,24140,"Enmiendas de 2006 al Convenio Internacional sobre Normas de Formación, Titulación y Guardia para la Gente del Mar (Convenio de formación), 1978 Enmendado (publicado en el ""Boletín Oficial del Estado"" de 7 de noviembre de 1984), adoptadas el 18 de mayo de 2006, mediante Resolución MSC 203(81)."
2009-03-11,60,1,BOE-A-2009-4088,MINISTERIO DE ECONOMÍA Y HACIENDA,estatal,Orden,24141,24144,"Orden EHA/566/2009, de 3 de marzo, por la que se aprueba el modelo de autoliquidación y pago de la Tasa prevista en el artículo 23 de la Ley 19/1988, de 12 de julio, de Auditoría de Cuentas."
2009-03-11,60,1,BOE-A-2009-4089,MINISTERIO DE ECONOMÍA Y HACIENDA,estatal,Orden,24145,24206,"Orden EHA/567/2009, de 4 de marzo, por la que se regula el procedimiento telemático de obtención, formulación, aprobación y rendición de las cuentas anuales de las entidades que integran el Sistema de la Seguridad Social."
2009-03-11,60,1,BOE-A-2009-4090,MINISTERIO DE ECONOMÍA Y HACIENDA,estatal,Resolución,24207,24213,"Resolución de 4 de marzo de 2009, de la Presidencia del Instituto Nacional de Estadística, por la que se regula el registro electrónico."
2009-03-11,60,1,BOE-A-2009-4091,MINISTERIO DE LA PRESIDENCIA,estatal,Orden,24214,24252,"Orden PRE/568/2009, de 5 de marzo, por la que se modifica el contenido de los botiquines que deben llevar a bordo los buques según lo previsto en el Real Decreto 258/1999, de 12 de febrero, por el que se establecen condiciones mínimas sobre la protección de la salud y la asistencia médica de los trabajadores del mar."
2009-03-12,61,1,BOE-A-2009-4137,MINISTERIO DE ASUNTOS EXTERIORES Y DE COOPERACIÓN,estatal,Tratado o acuerdo internacional,24498,24504,"Canje de Cartas constitutivo de Acuerdo sobre reconocimiento recíproco y canje de los permisos de conducción nacionales entre España y Brasil, hecho ""ad referendum"" en Madrid el 17 de septiembre de 2007."
2009-03-12,61,1,BOE-A-2009-4138,MINISTERIO DE ECONOMÍA Y HACIENDA,estatal,Orden,24505,24510,"Orden EHA/580/2009, de 5 de marzo, por la que se modifica la Orden EHA/672/2007, de 19 de marzo, por la que se aprueban los modelos 130 y 131 para la autoliquidación de los pagos fraccionados a cuenta del Impuesto sobre la Renta de las Personas Físicas correspondientes, respectivamente, a actividades económicas en estimación directa y a actividades económicas en estimación objetiva, el modelo 310 de declaración ordinaria para la autoliquidación del régimen simplificado del Impuesto sobre el Valor Añadido, se determina el lugar y forma de presentación de los mismos y se modifica en materia de domiciliación bancaria la Orden EHA/3398/2006, de 26 de octubre."
2009-03-13,62,1,BOE-A-2009-4207,JEFATURA DEL ESTADO,estatal,Corrección,25079,25079,"Corrección de erratas de la Ley 4/2008, de 23 de diciembre, por la que se suprime el gravamen del Impuesto sobre el Patrimonio, se generaliza el sistema de devolución mensual en el Impuesto sobre el Valor Añadido, y se introducen otras modificaciones en la normativa tributaria."
2009-03-13,62,1,BOE-A-2009-4208,TRIBUNAL CONSTITUCIONAL,estatal,Resolución judicial,25080,25080,"Conflicto positivo de competencia nº 1343-2009, en relación con la Orden ARM/2876/2008, de 2 de octubre, por la que se establecen las bases reguladoras para la concesión de subvenciones a asociaciones declaradas de utilidad pública y fundaciones adscritas al protectorado del Ministerio para la realización de actividades relativas a los programas que se desarrollen en la realización con la defensa del medio natural y la biodiversidad, la utilización sostenible de los recursos naturales y la prevención de la contaminación y del cambio climático y Orden ARM/3020/2008, de 22 de octubre, por la que se convoca la concesión de dichas subvenciones."
2009-03-13,62,1,BOE-A-2009-4209,"MINISTERIO DE EDUCACIÓN, POLÍTICA SOCIAL Y DEPORTE",estatal,Orden,25081,25082,"Orden ESD/603/2009, de 4 de marzo, por la que se crea la Comisión de Seguimiento para la Agenda Política de la Discapacidad y Promoción de la Autonomía Personal."
2009-03-13,62,1,BOE-A-2009-4210,"MINISTERIO DE MEDIO AMBIENTE, Y MEDIO RURAL Y MARINO",estatal,Orden,25083,25085,"Orden ARM/604/2009, de 6 de marzo, por la que se regula la Comisión Asesora de Publicaciones del Ministerio de Medio Ambiente, y Medio Rural y Marino."
2009-03-13,62,1,BOE-A-2009-4211,"MINISTERIO DE MEDIO AMBIENTE, Y MEDIO RURAL Y MARINO",estatal,Orden,25086,25090,"Orden ARM/605/2009, de 6 de marzo, por la que se establecen medidas específicas para la aplicación de la Decisión 2007/365/CE, de la Comisión, de 25 de mayo de 2007, por la que se adoptan medidas de emergencia para evitar la introducción y propagación en la comunidad de ""Rhynchophorus ferrugineus"" (Olivier) y medidas especiales de protección."
2009-03-14,63,1,BOE-A-2009-4256,MINISTERIO DE ASUNTOS EXTERIORES Y DE COOPERACIÓN,estatal,Tratado o acuerdo internacional,25246,25250,"Convenio entre los Gobiernos del Reino de España y de la República de Senegal sobre cooperación en materia de lucha contra la delincuencia, hecho ad referendum en Dakar el 5 de diciembre de 2006."
2009-03-14,63,1,BOE-A-2009-4257,MINISTERIO DE ASUNTOS EXTERIORES Y DE COOPERACIÓN,estatal,Corrección,25251,25344,"Corrección de errores de las Enmiendas de 2006 al Código Marítimo Internacional de Mercancías Peligrosas (Código IMDG) (publicado en el ""Boletín Oficial del Estado"" número 304, de 21 de diciembre de 2005), adoptadas el 18 de mayo de 2006, mediante Resolución MSC 205(81), publicadas en el ""Boletín Oficial del Estado"" número 273, de 12 de noviembre de 2008."
2009-03-14,63,1,BOE-A-2009-4258,MINISTERIO DE ECONOMÍA Y HACIENDA,estatal,Orden,25345,25368,"Orden EHA/614/2009, de 3 de marzo, por la que se regula el contenido del informe al que hace mención el artículo 129.3 de la Ley 47/2003, de 26 de noviembre, General Presupuestaria."
2009-03-14,63,1,BOE-A-2009-4259,MINISTERIO DE FOMENTO,estatal,Real Decreto,25369,25374,"Real Decreto 241/2009, de 2 de marzo, por el que se modifica el Real Decreto 270/2000, de 25 de febrero, por el que se determinan las condiciones para el ejercicio de las funciones del personal de vuelo de las aeronaves civiles, para introducir el título aeronáutico y la licencia de piloto de avión con tripulación múltiple y el requisito de competencia lingüística."
2009-03-14,63,1,BOE-A-2009-4260,MINISTERIO DE TRABAJO E INMIGRACIÓN,estatal,Real Decreto,25375,25376,"Real Decreto 327/2009, de 13 de marzo, por el que se modifica el Real Decreto 1109/2007, de 24 de agosto, por el que se desarrolla la Ley 32/2006, de 18 de octubre, reguladora de la subcontratación en el sector de la construcción."
2009-03-14,63,1,BOE-A-2009-4261,MINISTERIO DE TRABAJO E INMIGRACIÓN,estatal,Corrección,25377,25377,"Corrección de errores de la Orden TIN/221/2009, de 10 de febrero, por la que se modifica la Orden TAS/3859/2007, de 27 de diciembre, por la que se regula la contraprestación a satisfacer por las Mutuas de Accidentes de Trabajo y Enfermedades Profesionales de la Seguridad Social por los servicios de administración complementaria de la directa."
2009-03-14,63,1,BOE-A-2009-4262,"MINISTERIO DE INDUSTRIA, TURISMO Y COMERCIO",estatal,Resolución,25378,25379,"Resolución de 3 de marzo de 2009, la Dirección General de Política Energética y Minas, por la que se hacen públicos los nuevos precios de venta, antes de impuestos, de los gases licuados del petróleo por canalización."
2009-03-16,64,1,BOE-A-2009-4367,COMUNIDAD AUTÓNOMA DE GALICIA,autonómico,Ley,25692,25727,"Ley 14/2008, de 3 de diciembre, de turismo de Galicia."
2009-03-16,64,1,BOE-A-2009-4368,COMUNIDAD AUTÓNOMA DE GALICIA,autonómico,Ley,25728,25733,"Ley 15/2008, de 19 de diciembre, del impuesto sobre el daño medioambiental causado por determinados usos y aprovechamientos del agua embalsada."
2009-03-16,64,1,BOE-A-2009-4369,COMUNIDAD AUTÓNOMA DE GALICIA,autonómico,Ley,25734,25957,"Ley 16/2008, de 23 de diciembre, de presupuestos generales de la Comunidad Autónoma de Galicia para el año 2009."
2009-03-16,64,1,BOE-A-2009-4370,COMUNIDAD AUTÓNOMA DE GALICIA,autonómico,Ley,25958,25963,"Ley 17/2008, de 29 de diciembre, de participación institucional de las organizaciones sindicales y empresariales más representativas de Galicia."
2009-03-16,64,1,BOE-A-2009-4371,COMUNITAT VALENCIANA,autonómico,Otras,25964,25964,Reforma del Reglamento de Les Corts Valencianes aprobado por el Pleno en sesión de 19 de febrero de 2009.
2009-03-17,65,1,BOE-A-2009-4445,MINISTERIO DE ASUNTOS EXTERIORES Y DE COOPERACIÓN,estatal,Tratado o acuerdo internacional,26321,26341,"Convenio de Adhesión del Reino de España al Convenio del Programa cooperativo y del Convenio de Administración para el Fondo Regional de Tecnología Agropecuaria ""FONTAGRO"", hecho en Cartagena de Indias (Colombia) el 15 de marzo de 1998. Aplicación provisional."
2009-03-17,65,1,BOE-A-2009-4446,MINISTERIO DE ASUNTOS EXTERIORES Y DE COOPERACIÓN,estatal,Tratado o acuerdo internacional,26342,26345,"Aplicación provisional del Acuerdo especial entre la Organización Europea de Patentes y el Gobierno del Reino de España relativo a la cooperación en cuestiones relacionadas con el Tratado de Cooperación en materia de Patentes, hecho en Munich y Madrid los días 2 de julio y 18 de diciembre de 2008."
2009-03-17,65,1,BOE-A-2009-4447,"MINISTERIO DE MEDIO AMBIENTE, Y MEDIO RURAL Y MARINO",estatal,Orden,26346,26347,"Orden ARM/657/2009, de 11 de marzo, por la que se modifica el anexo I del Real Decreto 1999/1995, de 7 de diciembre, relativo a los alimentos para animales destinados a objetivos de nutrición específicos."
2009-03-17,65,1,BOE-A-2009-4448,COMUNIDAD AUTÓNOMA DE GALICIA,autonómico,Ley,26348,26398,"Ley 18/2008, de 29 de diciembre, de vivienda de Galicia."
2009-03-17,65,1,BOE-A-2009-4449,COMUNIDAD AUTÓNOMA DE CANTABRIA,autonómico,Ley,26399,26400,"Ley 1/2009, de 23 de febrero, por la que se modifica la disposición adicional vigésimo cuarta de la Ley 6/2007, de 27 de diciembre, de Presupuestos Generales de la Comunidad Autónoma de Cantabria para 2008, relativa a la previsión de garantías en desarrollo de la Ley de subvenciones."
2009-03-18,66,1,BOE-A-2009-4509,MINISTERIO DE ASUNTOS EXTERIORES Y DE COOPERACIÓN,estatal,Resolución,26671,26710,"Resolución de 4 de marzo de 2009, de la Secretaría General Técnica, sobre aplicación del artículo 32 del Decreto 801/1972, relativo a la ordenación de la actividad de la Administración del Estado en materia de Tratados Internacionales."
2009-03-18,66,1,BOE-A-2009-4510,MINISTERIO DE CULTURA,estatal,Orden,26711,26713,"Orden CUL/670/2009, de 10 de marzo, por la que se crea y regula la Comisión de Estadística del Ministerio de Cultura."
2009-03-18,66,1,BOE-A-2009-4511,COMUNIDAD AUTÓNOMA DE CANARIAS,autonómico,Ley,26714,26715,"Ley 1/2009, de 10 de febrero, por la que se modifica la Ley 12/2007, de 24 de abril, de Ordenación del Transporte Marítimo de Canarias."
2009-03-18,66,1,BOE-A-2009-4512,COMUNIDAD FORAL DE NAVARRA,autonómico,Ley,26716,26717,"Ley Foral 1/2009, de 19 de febrero, por la que se modifica el artículo 51 de la Ley Foral 6/2006, de Contratos Públicos de Navarra."
2009-03-18,66,1,BOE-A-2009-4513,COMUNIDAD DE MADRID,autonómico,Ley,26718,26758,"Ley 2/2008, de 22 de diciembre, de Presupuestos Generales de la Comunidad de Madrid, para el año 2009."
2009-03-18,66,1,BOE-A-2009-4514,COMUNIDAD DE MADRID,autonómico,Ley,26759,26810,"Ley 3/2008, de 29 de diciembre, de Medidas Fiscales y Administrativas."
2009-03-18,66,1,BOE-A-2009-4515,COMUNIDAD DE CASTILLA Y LEÓN,autonómico,Ley,26811,26815,"Ley 1/2009, de 26 de febrero, de modificación de la Ley 11/2003, de 8 de abril, de prevención ambiental de Castilla y León."
2009-03-19,67,1,BOE-A-2009-4625,CORTES GENERALES,estatal,Resolución,27478,27478,"Resolución de 12 de marzo de 2009, del Congreso de los Diputados, por la que se ordena la publicación del Acuerdo de convalidación del Real Decreto-ley 1/2009, de 23 de febrero, de medidas urgentes en materia de telecomunicaciones."
2009-03-19,67,1,BOE-A-2009-4626,TRIBUNAL SUPREMO,estatal,Resolución judicial,27479,27479,"Sentencia de 23 de diciembre de 2008, de la Sala Tercera del Tribunal Supremo, por la que se declara la nulidad del apartado tres del artículo 14.1, sobre jornada y horarios de trabajo, que dispone ""No se computará a efectos de la duración máxima de la jornada de trabajo, sin perjuicio de su compensación económica, el tiempo que empleen los abogados en los desplazamientos o esperas, salvo que durante los mismos realicen actividades propias de su profesión. En los convenios colectivos se determinarán los supuestos concretos de desplazamientos y esperas que no se computarán a efectos de la duración máxima de la jornada"" del Real Decreto 1331/2006, de 17 de noviembre, por el que se regula la relación laboral de carácter especial de los abogados que prestan servicios en despachos de abogados, individuales o colectivos."
2009-03-19,67,1,BOE-A-2009-4627,TRIBUNAL SUPREMO,estatal,Resolución judicial,27480,27480,"Sentencia de 20 de enero de 2009, de la Sala Tercera del Tribunal Supremo, por la que se estima la cuestión de ilegalidad planteada por el Juzgado de lo Contencioso-Administrativo n.º 2 de Almería declarando la nulidad de pleno derecho del inciso ""o prevista"" del párrafo dos del artículo 2 del Real Decreto 1254/1999, de 16 de julio, por el que se aprueban medidas de control de los riesgos inherentes a los accidentes graves en los que intervengan sustancias peligrosas."
2009-03-19,67,1,BOE-A-2009-4628,TRIBUNAL SUPREMO,estatal,Resolución judicial,27481,27481,"Sentencia de 2 de febrero de 2009, de la Sala Tercera del Tribunal Supremo, por la que se declara la nulidad del apartado segundo del artículo 14 del Real Decreto 1467/2007, de 2 de noviembre, por el que se establece la estructura del Bachillerato y se fijan sus enseñanzas mínimas."
2009-03-19,67,1,BOE-A-2009-4629,TRIBUNAL SUPREMO,estatal,Resolución judicial,27482,27482,"Sentencia de 11 de febrero de 2009, de la Sala Tercera del Tribunal Supremo, por la que se anula el inciso final del artículo 4.1. ""con independencia de la forma de acceso previo a éstos"" del Real Decreto 920/2006, de 28 de julio, por el que se aprueba el Reglamento general de prestación del servicio de difusión de radio y televisión por cable."
2009-03-19,67,1,BOE-A-2009-4630,TRIBUNAL SUPREMO,estatal,Resolución judicial,27483,27483,"Providencia de 6 de marzo de 2009, dictada por la Sala Tercera del Tribunal Supremo, por la que se admite a trámite la cuestión de ilegalidad planteada por el Tribunal Superior de Justicia de Castilla-La Mancha, Sala de lo Contencioso-Administrativo, Sección Segunda, sobre el artículo 332 del Real Decreto 849/1986, de 11 de abril, por el que se aprueba el Reglamento del Dominio Público Hidráulico."
2009-03-19,67,1,BOE-A-2009-4631,TRIBUNAL SUPREMO,estatal,Resolución judicial,27484,27484,"Providencia de 6 de marzo de 2009, dictada por la Sala Tercera del Tribunal Supremo, por la que se admite a trámite la cuestión de ilegalidad planteada por el Tribunal Superior de Justicia de Castilla-La Mancha, Sala de lo Contencioso-Administrativo, Sección Segunda, sobre el artículo 332 del Real Decreto 849/1986, de 11 de abril, por el que se aprueba el Reglamento del Dominio Público Hidráulico."
2009-03-19,67,1,BOE-A-2009-4632,COMUNIDAD AUTÓNOMA DE EXTREMADURA,autonómico,Ley,27485,27499,"Ley 2/2009, de 2 de marzo, para la puesta en marcha de un Plan Extraordinario de Apoyo al Empleo Local."
2009-03-20,68,1,BOE-A-2009-4686,"MINISTERIO DE MEDIO AMBIENTE, Y MEDIO RURAL Y MARINO",estatal,Orden,27700,27701,"Orden ARM/687/2009, de 11 de marzo, por la que se modifica el anexo XI del Real Decreto 728/2007, de 13 de junio, por el que se establece y regula el Registro general de movimientos de ganado y el Registro general de identificación individual de animales."
2009-03-20,68,1,BOE-A-2009-4687,MINISTERIO DE CULTURA,estatal,Orden,27702,27703,"Orden CUL/688/2009, de 9 de marzo, por la que se crea una Biblioteca Pública del Estado en Ceuta."
2009-03-20,68,1,BOE-A-2009-4688,MINISTERIO DE SANIDAD Y CONSUMO,estatal,Real Decreto,27704,27717,"Real Decreto 299/2009, de 6 de marzo, por el que se establecen las normas de identidad y pureza de los edulcorantes utilizados en los productos alimenticios."
2009-03-20,68,1,BOE-A-2009-4689,COMUNIDAD AUTÓNOMA DEL PRINCIPADO DE ASTURIAS,autonómico,Ley,27718,27746,"Ley 5/2008, de 30 de diciembre, de Presupuestos Generales para 2009."
2009-03-20,68,1,BOE-A-2009-4690,COMUNIDAD AUTÓNOMA DEL PRINCIPADO DE ASTURIAS,autonómico,Ley,27747,27774,"Ley 6/2008, de 30 de diciembre, de Medidas Presupuestarias, Administrativas y Tributarias de acompañamiento a los presupuestos Generales para 2009."
2009-03-21,69,1,BOE-A-2009-4723,MINISTERIO DE TRABAJO E INMIGRACIÓN,estatal,Real Decreto,27933,27935,"Real Decreto 294/2009, de 6 de marzo, por el que se regula la concesión de una subvención directa a la Comunidad Autónoma de Canarias para el traslado y acogida de menores extranjeros no acompañados."
2009-03-21,69,1,BOE-A-2009-4724,MINISTERIO DE TRABAJO E INMIGRACIÓN,estatal,Real Decreto,27936,27981,"Real Decreto 295/2009, de 6 de marzo, por el que se regulan las prestaciones económicas del sistema de la Seguridad Social por maternidad, paternidad, riesgo durante el embarazo y riesgo durante la lactancia natural."
2009-03-21,69,1,BOE-A-2009-4725,MINISTERIO DE TRABAJO E INMIGRACIÓN,estatal,Real Decreto,27982,27984,"Real Decreto 296/2009, de 6 de marzo, por el que se modifican determinados aspectos de la regulación de las prestaciones por muerte y supervivencia."
2009-03-21,69,1,BOE-A-2009-4726,MINISTERIO DE LA PRESIDENCIA,estatal,Real Decreto,27985,27992,"Real Decreto 362/2009, de 20 de marzo, sobre compensación al transporte marítimo y aéreo de mercancías no incluidas en el anexo I del Tratado Constitutivo de la Comunidad Europea, con origen o destino en las Islas Canarias."
2009-03-23,70,1,BOE-A-2009-4850,MINISTERIO DE ASUNTOS EXTERIORES Y DE COOPERACIÓN,estatal,Tratado o acuerdo internacional,28339,28340,"Acuerdo por el cual el Gobierno del Reino de Marruecos pone a disposición del Gobierno del Reino de España un terreno para la construcción y la administración de un nuevo colegio español en Rabat, hecho ""ad referendum"" en Rabat el 6 de marzo de 2007."
2009-03-24,71,1,BOE-A-2009-4888,MINISTERIO DE FOMENTO,estatal,Orden,28475,28480,"Orden FOM/716/2009, de 4 de marzo, por la que se regula la composición y funcionamiento de la Comisión Ministerial de Administración Electrónica del Ministerio de Fomento."
2009-03-24,71,1,BOE-A-2009-4889,"MINISTERIO DE INDUSTRIA, TURISMO Y COMERCIO",estatal,Instrucción o circular,28481,28495,"Circular 2/2009, de 26 de febrero, de la Comisión Nacional de Energía, por la que se regula la puesta en marcha y gestión del mecanismo de fomento del uso de biocarburantes y otros combustibles renovables con fines de transporte."
2009-03-25,72,1,BOE-A-2009-4966,MINISTERIO DE ASUNTOS EXTERIORES Y DE COOPERACIÓN,estatal,Tratado o acuerdo internacional,28920,28923,"Acuerdo de Cooperación entre el Reino de España y la República Portuguesa relativo al programa de reproducción en cautividad del lince ibérico, hecho ""ad referendum"" en Lisboa el 31 de agosto de 2007."
2009-03-25,72,1,BOE-A-2009-4967,MINISTERIO DE ECONOMÍA Y HACIENDA,estatal,Resolución,28924,28929,"Resolución de 18 de marzo de 2009, de la Intervención General de la Administración del Estado, por la que se modifica la de 28 de diciembre de 2000, por la que se aprueba la adaptación del Plan General de Contabilidad Pública a aquellos Organismos públicos cuyo presupuesto de gastos tiene carácter estimativo."
2009-03-25,72,1,BOE-A-2009-4968,"MINISTERIO DE EDUCACIÓN, POLÍTICA SOCIAL Y DEPORTE",estatal,Corrección,28930,28930,"Corrección de errores del Real Decreto 74/2009, de 30 de enero, por el que se determina el nivel mínimo de protección garantizado a los beneficiarios del sistema para la autonomía y atención a la dependencia para el ejercicio 2009."
2009-03-26,73,1,BOE-A-2009-5028,JEFATURA DEL ESTADO,estatal,Ley,29137,29142,"Ley 1/2009, de 25 de marzo, de reforma de la Ley de 8 de junio de 1957, sobre el Registro Civil, en materia de incapacitaciones, cargos tutelares y administradores de patrimonios protegidos, y de la Ley 41/2003, de 18 de noviembre, sobre protección patrimonial de las personas con discapacidad y de modificación del Código Civil, de la Ley de Enjuiciamiento Civil de la normativa tributaria con esta finalidad."
2009-03-26,73,1,BOE-A-2009-5029,MINISTERIO DE ASUNTOS EXTERIORES Y DE COOPERACIÓN,estatal,Tratado o acuerdo internacional,29143,29150,"Tratado sobre asistencia judicial en materia penal entre el Reino de España y la República de Filipinas, hecho en Manila el 2 de marzo de 2004."
2009-03-26,73,1,BOE-A-2009-5030,"MINISTERIO DE MEDIO AMBIENTE, Y MEDIO RURAL Y MARINO",estatal,Corrección,29151,29151,"Corrección de errores del Real Decreto 2090/2008, de 22 de diciembre, por el que se aprueba el Reglamento de desarrollo parcial de la Ley 26/2007, de 23 de octubre, de Responsabilidad Medioambiental."
2009-03-26,73,1,BOE-A-2009-5031,MINISTERIO DE LA PRESIDENCIA,estatal,Real Decreto,29152,29155,"Real Decreto 297/2009, de 6 de marzo, sobre titularidad compartida en las explotaciones agrarias."
2009-03-26,73,1,BOE-A-2009-5032,MINISTERIO DE LA PRESIDENCIA,estatal,Real Decreto,29156,29158,"Real Decreto 330/2009, de 13 de marzo, por el que se modifica el Real Decreto 1311/2005, de 4 de noviembre, sobre la protección de la salud y la seguridad de los trabajadores frente a los riesgos derivados o que puedan derivarse de la exposición a vibraciones mecánicas."
2009-03-26,73,1,BOE-A-2009-5033,MINISTERIO DE CIENCIA E INNOVACIÓN,estatal,Orden,29159,29163,"Orden CIN/726/2009, de 18 de marzo, por la que se establecen los requisitos para la verificación de los títulos universitarios oficiales que habiliten para el ejercicio de la profesión de Logopeda."
2009-03-26,73,1,BOE-A-2009-5034,MINISTERIO DE CIENCIA E INNOVACIÓN,estatal,Orden,29164,29169,"Orden CIN/727/2009, de 18 de marzo, por la que se establecen los requisitos para la verificación de los títulos universitarios oficiales que habiliten para el ejercicio de la profesión de Óptico-Optometrista."
2009-03-26,73,1,BOE-A-2009-5035,MINISTERIO DE CIENCIA E INNOVACIÓN,estatal,Orden,29170,29176,"Orden CIN/728/2009, de 18 de marzo, por la que se establecen los requisitos para la verificación de los títulos universitarios oficiales que habiliten para el ejercicio de la profesión de Podólogo."
2009-03-26,73,1,BOE-A-2009-5036,MINISTERIO DE CIENCIA E INNOVACIÓN,estatal,Orden,29177,29181,"Orden CIN/729/2009, de 18 de marzo, por la que se establecen los requisitos para la verificación de los títulos universitarios oficiales que habiliten para el ejercicio de la profesión de Terapeuta Ocupacional."
2009-03-26,73,1,BOE-A-2009-5037,MINISTERIO DE CIENCIA E INNOVACIÓN,estatal,Orden,29182,29186,"Orden CIN/730/2009, de 18 de marzo, por la que se establecen los requisitos para la verificación de los títulos universitarios oficiales que habiliten para el ejercicio de la profesión de Dietista-Nutricionista."
2009-03-27,74,1,BOE-A-2009-5081,"MINISTERIO DE INDUSTRIA, TURISMO Y COMERCIO",estatal,Orden,29298,29328,"Orden ITC/743/2009, de 20 de marzo, por la que se actualizan los anexos I y II del Real Decreto 2028/1986, de 6 de junio, sobre las normas para la aplicación de determinadas directivas de la CE, relativas a la homologación de tipo de vehículos automóviles, remolques, semirremolques, motocicletas, ciclomotores y vehículos agrícolas, así como de partes y piezas de dichos vehículos."
2009-03-27,74,1,BOE-A-2009-5082,MINISTERIO DE LA PRESIDENCIA,estatal,Real Decreto,29329,29332,"Real Decreto 363/2009, de 20 de marzo, por el que se modifica el Real Decreto 1559/2005, de 23 de diciembre, sobre condiciones básicas que deben cumplir los centros de limpieza y desinfección de los vehículos dedicados al transporte por carretera en el sector ganadero y el Real Decreto 751/2006, de 16 de junio, sobre autorización y registro de transportistas y medios de transporte de animales y por el que se crea el Comité español de bienestar y protección de los animales de producción."
2009-03-27,74,1,BOE-A-2009-5083,MINISTERIO DE ADMINISTRACIONES PÚBLICAS,estatal,Real Decreto,29333,29335,"Real Decreto 331/2009, de 13 de marzo, por el que se modifica el Real Decreto 1181/2008, de 11 de julio, por el que se modifica y desarrolla la estructura orgánica básica del Ministerio del Interior."
2009-03-27,74,1,BOE-A-2009-5084,COMUNIDAD AUTÓNOMA DE CATALUÑA,autonómico,Ley,29336,29349,"Ley 1/2009, de 12 de febrero, de la Autoridad Catalana de la Competencia."
2009-03-27,74,1,BOE-A-2009-5085,COMUNIDAD AUTÓNOMA DE CATALUÑA,autonómico,Ley,29350,29363,"Ley 2/2009, de 12 de febrero, del Consejo de Garantías Estatutarias."
2009-03-28,75,1,BOE-A-2009-5127,MINISTERIO DE ECONOMÍA Y HACIENDA,estatal,Resolución,29636,29642,"Resolución de 27 de marzo de 2009, de la Presidencia del Comisionado para el Mercado de Tabacos, por la que se publican los precios de venta al público de determinadas labores de tabaco en Expendedurias de Tabaco y Timbre del Área del Monopolio."
2009-03-28,75,1,BOE-A-2009-5128,MINISTERIO DE TRABAJO E INMIGRACIÓN,estatal,Real Decreto,29643,29650,"Real Decreto 328/2009, de 13 de marzo, por el que se modifican el Reglamento general sobre inscripción de empresas y afiliación, altas, bajas y variaciones de datos de trabajadores en la Seguridad Social, aprobado por el Real Decreto 84/1996, de 26 de enero; el Reglamento general sobre cotización y liquidación de otros derechos de la Seguridad Social, aprobado por el Real Decreto 2064/1995, de 22 de diciembre; y el Reglamento sobre colaboración de las mutuas de accidentes de trabajo y enfermedades profesionales de la Seguridad Social, aprobado por el Real Decreto 1993/1995, de 7 de diciembre."
2009-03-28,75,1,BOE-A-2009-5129,MINISTERIO DE LA PRESIDENCIA,estatal,Real Decreto,29651,29660,"Real Decreto 361/2009, de 20 de marzo, por el que se regula la información sobre la cadena alimentaria que debe acompañar a los animales destinados a sacrificio."
2009-03-28,75,1,BOE-A-2009-5130,MINISTERIO DE LA PRESIDENCIA,estatal,Corrección,29661,29661,"Corrección de errores del Real Decreto 1892/2008, de 14 de noviembre, por el que se regulan las condiciones para el acceso a las enseñanzas universitarias oficiales de grado y los procedimientos de admisión a las universidades públicas españolas."
2009-03-28,75,1,BOE-A-2009-5131,MINISTERIO DE IGUALDAD,estatal,Real Decreto,29662,29663,"Real Decreto 300/2009, de 6 de marzo, por el que se crean la Medalla y la Placa a la Promoción de los Valores de Igualdad."
2009-03-29,76,1,BOE-A-2009-5238,JEFATURA DEL ESTADO,estatal,Real Decreto-ley,29864,29865,"Real Decreto-ley 4/2009, de 29 de marzo, por el que se autoriza la concesión de garantías derivadas de la financiación que pueda otorgar el Banco de España a favor de Caja de Ahorros de Castilla-La Mancha."
2009-03-30,77,1,BOE-A-2009-5240,TRIBUNAL CONSTITUCIONAL,estatal,Resolución judicial,29867,29867,"Cuestión de inconstitucionalidad nº 8970-2008, en relación con la disposición adicional tercera de la Ley 40/2007, de 4 de diciembre, de medidas en materia de Seguridad Social."
2009-03-30,77,1,BOE-A-2009-5241,MINISTERIO DE ECONOMÍA Y HACIENDA,estatal,Resolución,29868,29872,"Resolución de 18 de marzo de 2009, de la Intervención General de la Administración del Estado, por la que se modifica la de 22 de septiembre de 2008, que aprueba los documentos contables específicos del subsistema de proyectos de gasto."
2009-03-30,77,1,BOE-A-2009-5242,TRIBUNAL SUPREMO,estatal,Resolución judicial,29873,29873,"Sentencia de 16 de diciembre de 2008, de la Sala Tercera del Tribunal Supremo, por la que se declara la nulidad del apartado tres del art. 14.1 del Real Decreto 1331/2006, de 17 de noviembre, por el que se regula la relación laboral de carácter especial de los abogados que prestan servicios en despachos de abogados, individuales o colectivos."
2009-03-30,77,1,BOE-A-2009-5243,TRIBUNAL SUPREMO,estatal,Resolución judicial,29874,29874,"Sentencia de 28 de enero de 2009, de la Sala Tercera del Tribunal Supremo, por la que se declara la nulidad del artículo 5 y de la disposición transitoria séptima del Real Decreto 1634/2006, de 29 de diciembre, por el que se establece la tarifa eléctrica a partir de 1 de enero de 2007."
2009-03-30,77,1,BOE-A-2009-5244,TRIBUNAL SUPREMO,estatal,Resolución judicial,29875,29875,"Sentencia de 28 de enero de 2009, de la Sala Tercera del Tribunal Supremo, por la que se fija como doctrina legal que el artículo 242.6 del Texto Refundido de la Ley sobre Régimen del Suelo y Ordenación Urbana, aprobado por Real Decreto Legislativo 1/1992, de 26 de junio, y el artículo 8.1 b), último párrafo, del Texto Refundido de la Ley de Suelo aprobado por Real Decreto Legislativo 2/2008, de 20 de junio, son normas con rango de leyes básicas estatales, en cuya virtud y conforme a lo dispuesto en el precepto estatal, también básico, contenido en el artículo 43.2 de la Ley 30/1992, de 26 de noviembre de Régimen Jurídico de las Administraciones Públicas y del Procedimiento Administrativo Común, modificado por Ley 4/1999, de 13 de enero, no pueden entenderse adquiridas por silencio administrativo licencias en contra de la ordenación territorial o urbanística."
2009-03-31,78,1,BOE-A-2009-5311,JEFATURA DEL ESTADO,estatal,Real Decreto-ley,30367,30385,"Real Decreto-ley 3/2009, de 27 de marzo, de medidas urgentes en materia tributaria, financiera y concursal ante la evolución de la situación económica."
2009-03-31,78,1,BOE-A-2009-5312,"MINISTERIO DE INDUSTRIA, TURISMO Y COMERCIO",estatal,Orden,30386,30388,"Orden ITC/776/2009, de 30 de marzo, por la que se modifica la Orden ITC/1858/2008, de 26 de junio, por la que se actualiza el sistema de determinación automática de precios máximos de venta, antes de impuestos, de los gases licuados del petróleo envasados."
2009-03-31,78,1,BOE-A-2009-5313,MINISTERIO DE LA PRESIDENCIA,estatal,Real Decreto,30389,30393,"Real Decreto 364/2009, de 20 de marzo, por el que se modifica el Estatuto del Centro de Estudios y Experimentación de Obras Públicas, aprobado por Real Decreto 1136/2002, de 31 de octubre."
2009-03-31,78,1,BOE-A-2009-5314,MINISTERIO DE LA PRESIDENCIA,estatal,Orden,30394,30406,"Orden PRE/777/2009, de 26 de marzo, por la que se incluyen en el anexo I del Real Decreto 2163/1994, de 4 de noviembre, por el que se implanta el sistema armonizado comunitario de autorización para comercializar y utilizar productos fitosanitarios, las sustancias activas bifenox, diflufenican, fenoxaprop-P, fenpropidina, quinoclamina, clofentecina, dicamba, difenoconazol, diflubenzurón, imazaquin, lenacilo, oxadiazón, picloram, piriproxifen, tritosulfurón y diurón."
2009-03-31,78,1,BOE-A-2009-5315,MINISTERIO DE ADMINISTRACIONES PÚBLICAS,estatal,Real Decreto,30407,30416,"Real Decreto 431/2009, de 27 de marzo, sobre traspaso a la Comunitat Valenciana de los medios personales adscritos al Hospital General Básico de la Defensa de Valencia."
2009-03-31,78,1,BOE-A-2009-5316,MINISTERIO DE SANIDAD Y CONSUMO,estatal,Orden,30417,30420,"Orden SCO/778/2009, de 17 de marzo, sobre métodos alternativos para el análisis microbiológico del agua de consumo humano."
2009-03-31,78,1,BOE-A-2009-5317,COMISIÓN NACIONAL DEL MERCADO DE VALORES,estatal,Instrucción o circular,30421,30507,"Circular 2/2009, de 25 de marzo, de la Comisión Nacional del Mercado de Valores, sobre normas contables, cuentas anuales, estados financieros públicos y estados reservados de información estadística de los Fondos de Titulización."
2009-03-31,78,1,BOE-A-2009-5318,COMUNIDAD AUTÓNOMA DE LAS ILLES BALEARS,autonómico,Otras,30508,30508,"Corrección de error de la Ley 9/2008, de 19 de diciembre, de Presupuestos Generales de la Comunidad Autónoma de las Illes Balears para el año 2009."
2009-04-01,79,1,BOE-A-2009-5391,JEFATURA DEL ESTADO,estatal,Ley,30843,30859,"Ley 2/2009, de 31 de marzo, por la que se regula la contratación con los consumidores de préstamos o créditos hipotecarios y de servicios de intermediación para la celebración de contratos de préstamo o crédito."
2009-04-01,79,1,BOE-A-2009-5392,MINISTERIO DE TRABAJO E INMIGRACIÓN,estatal,Orden,30860,30861,"Orden TIN/788/2009, de 25 de marzo, por la que se modifica la Orden TIN/2965/2008, de 14 de octubre, por la que se determinan los gastos subvencionables por el Fondo Social Europeo durante el período de programación de 2007-2013."
2009-04-02,80,1,BOE-A-2009-5488,MINISTERIO DE ECONOMÍA Y HACIENDA,estatal,Orden,31186,31230,"Orden EHA/818/2009, de 27 de marzo , por la que se modifica la Orden de 1 de febrero de 1996, que aprueba los documentos contables a utilizar por la Administración General del Estado."
2009-04-02,80,1,BOE-A-2009-5489,"MINISTERIO DE INDUSTRIA, TURISMO Y COMERCIO",estatal,Real Decreto,31231,31269,"Real Decreto 243/2009, de 27 de febrero, por el que se regula la vigilancia y control de traslados de residuos radioactivos y combustible nuclear gastado entre Estados miembros o procedentes o con destino al exterior de la Comunidad."
2009-04-02,80,1,BOE-A-2009-5490,MINISTERIO DE SANIDAD Y CONSUMO,estatal,Real Decreto,31270,31273,"Real Decreto 365/2009, de 20 de marzo, por el que se establecen las condiciones y requisitos mínimos de seguridad y calidad en la utilización de desfibriladores automáticos y semiautomáticos externos fuera del ámbito sanitario."
2009-04-02,80,1,BOE-A-2009-5491,COMUNIDAD AUTÓNOMA DE ANDALUCÍA,autonómico,Ley,31274,31287,"Ley 1/2009, de 27 de febrero, reguladora de la Mediación Familiar en la Comunidad Autónoma de Andalucía."
2009-04-03,81,1,BOE-A-2009-5570,CORTES GENERALES,estatal,Resolución,31773,31773,"Resolución de 26 de marzo de 2009, del Congreso de los Diputados, por la que se ordena la publicación del Acuerdo de convalidación del Real Decreto-ley 2/2009, de 6 de marzo, de medidas urgentes para el mantenimiento y el fomento del empleo y la protección de las personas desempleadas."
2009-04-03,81,1,BOE-A-2009-5571,MINISTERIO DE ECONOMÍA Y HACIENDA,estatal,Orden,31774,31776,"Orden EHA/823/2009, de 31 de marzo, por la que se reconoce la procedencia de la devolución extraordinaria de las cuotas del Impuesto sobre Hidrocarburos soportadas por los agricultores y ganaderos por las adquisiciones de gasóleo en el periodo 2007-2008 y se establece el procedimiento para su tramitación."
2009-04-03,81,1,BOE-A-2009-5572,MINISTERIO DE LA PRESIDENCIA,estatal,Orden,31777,31778,"Orden PRE/824/2009, de 30 de marzo, por la que se publica el Acuerdo de Consejo de Ministros por el que se aprueban medidas de austeridad y eficiencia en materia de empleo público."
2009-04-04,82,1,BOE-A-2009-5614,JEFATURA DEL ESTADO,estatal,Ley,31928,31964,"Ley 3/2009, de 3 de abril, sobre modificaciones estructurales de las sociedades mercantiles."
2009-04-04,82,1,BOE-A-2009-5615,PRESIDENCIA DEL GOBIERNO,estatal,Real Decreto,31965,31966,"Real Decreto 326/2009, de 13 de marzo, por el que se atribuyen funciones a la Comisión Delegada del Gobierno para Política Científica y Tecnológica."
2009-04-04,82,1,BOE-A-2009-5616,MINISTERIO DE DEFENSA,estatal,Real Decreto,31967,31968,"Real Decreto 483/2009, de 3 de abril, por el que se modifican las plantillas aprobadas para el ciclo 2008-2009 en el Real Decreto 1311/2004, de 28 de mayo, por el que se fijan las plantillas reglamentarias de cuadros de mando de las Fuerzas Armadas para el período 2004-2009."
2009-04-04,82,1,BOE-A-2009-5617,MINISTERIO DE TRABAJO E INMIGRACIÓN,estatal,Resolución,31969,31970,"Resolución de 18 de marzo de 2009, del Servicio Público de Empleo Estatal, por la que se establece el procedimiento para el registro de los contratos de los trabajadores autónomos económicamente dependientes."
2009-04-04,82,1,BOE-A-2009-5618,"MINISTERIO DE INDUSTRIA, TURISMO Y COMERCIO",estatal,Real Decreto,31971,31989,"Real Decreto 485/2009, de 3 de abril, por el que se regula la puesta en marcha del suministro de último recurso en el sector de la energía eléctrica."
2009-04-04,82,1,BOE-A-2009-5619,"MINISTERIO DE MEDIO AMBIENTE, Y MEDIO RURAL Y MARINO",estatal,Orden,31990,31995,"Orden ARM/831/2009, de 27 de marzo, por la que se modifican los anexos I y II del Real Decreto 617/2007, de 16 de mayo, por el que se establece la lista de las enfermedades de los animales de declaración obligatoria y se regula su notificación."
2009-04-04,82,1,BOE-A-2009-5620,MINISTERIO DE CIENCIA E INNOVACIÓN,estatal,Real Decreto,31996,31997,"Real Decreto 332/2009, de 13 de marzo, por el que se suprime la Comisión Interministerial de Ciencia y Tecnología prevista en la Ley 13/1986, de 14 de abril, de fomento y coordinación general de la investigación científica y técnica."
2009-04-06,83,1,BOE-A-2009-5706,TRIBUNAL CONSTITUCIONAL,estatal,Resolución judicial,32437,32437,"Cuestión de inconstitucionalidad nº 720-2004, en relación con el artículo 31.3.a) de la Ley 21/1992, de 16 de julio, de Industria."
2009-04-06,83,1,BOE-A-2009-5707,"MINISTERIO DE INDUSTRIA, TURISMO Y COMERCIO",estatal,Real Decreto,32438,32441,"Real Decreto 329/2009, de 13 de marzo, por el que se modifica el Reglamento sobre las condiciones para la prestación de servicios de comunicaciones electrónicas, el servicio universal y la protección de los usuarios, aprobado por el Real Decreto 424/2005, de 15 de abril, y el Reglamento sobre mercados de comunicaciones electrónicas, acceso a las redes y numeración, aprobado por Real Decreto 2296/2004, de 10 de diciembre."
2009-04-07,84,1,BOE-A-2009-5752,MINISTERIO DE ASUNTOS EXTERIORES Y DE COOPERACIÓN,estatal,Tratado o acuerdo internacional,32786,32787,"Aplicación provisional del Convenio Transaccional entre el Reino de España y el Principado de Andorra para la cesión del edificio y otros bienes de ""Radio Andorra"", hecho en Madrid el 5 de febrero de 2009."
2009-04-07,84,1,BOE-A-2009-5753,"MINISTERIO DE EDUCACIÓN, POLÍTICA SOCIAL Y DEPORTE",estatal,Otras,32788,32788,"Corrección de error de la Orden ESD/3669/2008, de 9 de diciembre, por la que se aprueba el Reglamento de funcionamiento del Consejo Escolar del Estado."
2009-04-07,84,1,BOE-A-2009-5754,COMUNIDAD AUTÓNOMA DE CATALUÑA,autonómico,Corrección,32789,32789,"Corrección de errores de la Ley 15/2008, de 23 de diciembre, de presupuestos de la Generalidad de Cataluña para 2009."
2009-04-07,84,1,BOE-A-2009-5755,COMUNIDAD AUTÓNOMA DE CATALUÑA,autonómico,Corrección,32790,32790,"Corrección de errores de la Ley 16/2008, de 23 de diciembre, de medidas fiscales y financieras."
2009-04-07,84,1,BOE-A-2009-5756,COMUNIDAD AUTÓNOMA DE LAS ILLES BALEARS,autonómico,Ley,32791,32799,"Ley 1/2009, de 25 de febrero, de medidas tributarias para impulsar la actividad económica en las Illes Balears."
2009-04-07,85,1,BOE-A-2009-5824,PRESIDENCIA DEL GOBIERNO,estatal,Real Decreto,33156,33160,"Real Decreto 542/2009, de 7 de abril, por el que se reestructuran los departamentos ministeriales."
2009-04-07,85,1,BOE-A-2009-5825,PRESIDENCIA DEL GOBIERNO,estatal,Real Decreto,33161,33161,"Real Decreto 543/2009, de 7 de abril, sobre las Vicepresidencias del Gobierno."
2009-04-08,86,1,BOE-A-2009-5842,MINISTERIO DE ASUNTOS EXTERIORES Y DE COOPERACIÓN,estatal,Tratado o acuerdo internacional,33178,33178,"Entrada en vigor del Protocolo de modificación del Convenio entre el Reino de España y la Federación de Rusia sobre actividades de los Centros culturales de 15 de noviembre de 2001, hecho en Moscú el 24 de septiembre de 2007."
2009-04-08,86,1,BOE-A-2009-5843,MINISTERIO DE ASUNTOS EXTERIORES Y DE COOPERACIÓN,estatal,Tratado o acuerdo internacional,33179,33182,"Acuerdo entre el Gobierno del Reino de España y el Gobierno de la República Francesa relativo a la doble titulación de Bachiller y de Baccalauréat, hecho ""ad referendum"" en París el 10 de enero de 2008."
2009-04-08,86,1,BOE-A-2009-5844,"MINISTERIO DE INDUSTRIA, TURISMO Y COMERCIO",estatal,Orden,33183,33188,"Orden ITC/863/2009, de 2 de abril, por la que se regulan las subastas para la adquisición de gas natural que se utilizarán como referencia para la fijación de la tarifa de último recurso."
2009-04-08,86,1,BOE-A-2009-5845,MINISTERIO DE LA PRESIDENCIA,estatal,Orden,33189,33191,"Orden PRE/864/2009, de 2 de abril, por la que se incluyen las sustancias activas dióxido de carbono y difenacum en el anexo I del Real Decreto 1054/2002, de 11 de octubre, por el que se regula el proceso de evaluación para el registro, autorización y comercialización de biocidas."
2009-04-08,86,1,BOE-A-2009-5846,MINISTERIO DE LA PRESIDENCIA,estatal,Orden,33192,33195,"Orden PRE/865/2009, de 2 de abril, por la que se incluyen las sustancias activas tiabendazol y tebuconazol en el anexo I del Real Decreto 1054/2002, de 11 de octubre, por el que se regula el proceso de evaluación para el registro, autorización y comercialización de biocidas."
2009-04-08,86,1,BOE-A-2009-5847,MINISTERIO DE LA PRESIDENCIA,estatal,Orden,33196,33202,"Orden PRE/866/2009, de 2 de abril, por la que se incluyen las sustancias activas tiametoxam, propiconazol, IPBC y K-HDO, en el anexo I del Real Decreto 1054/2002, de 11 de octubre, por el que se regula el proceso de evaluación para el registro, autorización y comercialización de biocidas."
2009-04-08,86,1,BOE-A-2009-5848,MINISTERIO DE SANIDAD Y CONSUMO,estatal,Real Decreto,33203,33206,"Real Decreto 487/2009, de 3 de abril, por el que se modifica el Real Decreto 894/2005, de 22 de julio, por el que se regula el Consejo de Consumidores y Usuarios."
2009-04-08,86,1,BOE-A-2009-5849,MINISTERIO DE VIVIENDA,estatal,Real Decreto,33207,33212,"Real Decreto 366/2009, de 20 de marzo, por el que se modifica el Real Decreto 1472/2007, de 2 de noviembre, por el que se regula la renta básica de emancipación de los jóvenes."
2009-04-08,86,1,BOE-A-2009-5850,COMUNIDAD AUTÓNOMA DE CATALUÑA,autonómico,Ley,33213,33222,"Ley 3/2009, de 10 de marzo, de regularización y mejora de urbanizaciones con déficits urbanísticos."
2009-04-09,87,1,BOE-A-2009-5924,MINISTERIO DE ASUNTOS EXTERIORES Y DE COOPERACIÓN,estatal,Tratado o acuerdo internacional,33659,33661,"Acuerdo entre el Gobierno de España y el Gobierno de los Emiratos Árabes Unidos sobre supresión recíproca de visados en pasaportes diplomáticos, hecho en Abu-Dhabi el 25 de mayo de 2008."
2009-04-09,87,1,BOE-A-2009-5925,MINISTERIO DE ASUNTOS EXTERIORES Y DE COOPERACIÓN,estatal,Tratado o acuerdo internacional,33662,33662,"Entrada en vigor del Acuerdo entre España y Francia relativo a la oficina de controles nacionales yuxtapuestos de Biriatou, hecho en Madrid el 13 de noviembre de 2006."
2009-04-09,87,1,BOE-A-2009-5926,"MINISTERIO DE MEDIO AMBIENTE, Y MEDIO RURAL Y MARINO",estatal,Real Decreto,33663,33674,"Real Decreto 560/2009, de 8 de abril, por el que se modifica el Real Decreto 1612/2008, de 3 de octubre, sobre la aplicación de los pagos directos a la agricultura y a la ganadería."
2009-04-09,87,1,BOE-A-2009-5927,MINISTERIO DE LA PRESIDENCIA,estatal,Real Decreto,33675,33677,"Real Decreto 562/2009, de 8 de abril, por el que se modifica el Real Decreto 2178/2004, de 12 de noviembre, por el que se prohíbe utilizar determinadas sustancias de efecto hormonal y tireostático y sustancias beta-agonistas de uso en la cría de ganado."
2009-04-09,87,1,BOE-A-2009-5928,MINISTERIO DE LA PRESIDENCIA,estatal,Resolución,33678,33678,"Resolución de 8 de abril de 2009, de la Subsecretaría, por la que se modifica el anexo del Acuerdo del Consejo de Ministros de 21 de diciembre de 2001, por el que se dispone la numeración de las órdenes ministeriales que se publican en el ""Boletín Oficial del Estado""."
2009-04-09,87,1,BOE-A-2009-5929,COMUNIDAD AUTÓNOMA DE LA RIOJA,autonómico,Ley,33679,33682,"Ley 1/2009, de 16 de marzo, por la que se aprueba el Convenio de Colaboración a suscribir entre la Administración General de la Comunidad Autónoma de La Rioja y la Comunidad Autónoma de Cantabria con objeto de fijar criterios de colaboración sobre trasplante hepático, cardiaco y pulmonar."
2009-04-09,87,1,BOE-A-2009-5930,COMUNIDAD FORAL DE NAVARRA,autonómico,Ley,33683,33684,"Ley Foral 2/2009, de 20 de marzo, por la que se declara de utilidad pública y se aprueba la desafectación de 135.738,22 metros cuadrados de terreno comunal pertenecientes al Ayuntamiento de Sesma."
2009-04-10,88,1,BOE-A-2009-6014,MINISTERIO DE ASUNTOS EXTERIORES Y DE COOPERACIÓN,estatal,Tratado o acuerdo internacional,33877,33883,"Acuerdo entre el Reino de España y la República de Lituania sobre cooperación en la detección, investigación y prevención del delito, hecho en Madrid el 3 de diciembre de 2007."
2009-04-10,88,1,BOE-A-2009-6015,MINISTERIO DE ASUNTOS EXTERIORES Y DE COOPERACIÓN,estatal,Corrección,33884,33884,"Corrección de errores de la Resolución de 4 de marzo de 2009, de la Secretaría General Técnica, sobre aplicación del artículo 32 del Decreto 801/1972, relativo a la ordenación de la actividad de la Administración del Estado en materia de Tratados Internacionales."
2009-04-10,88,1,BOE-A-2009-6016,MINISTERIO DE ECONOMÍA Y HACIENDA,estatal,Orden,33885,33893,"Orden EHA/886/2009, de 1 de abril, por la que se modifica la Orden EHA/3482/2007, de 20 de noviembre, por la que se aprueban determinados modelos, se refunden y actualizan diversas normas de gestión en relación con los Impuestos Especiales de Fabricación y con el Impuesto sobre las Ventas Minoristas de Determinados Hidrocarburos y se incorpora un nuevo modelo a los supuestos de presentación telemática contemplados en la Orden HAC/1398/2003, de 27 de mayo, por la que se establecen los supuestos y condiciones en que podrá hacerse efectiva la colaboración social en la gestión de los tributos, y se extiende ésta expresamente a la presentación telemática de determinados modelos de declaración y otros documentos tributarios."
2009-04-10,88,1,BOE-A-2009-6017,MINISTERIO DE TRABAJO E INMIGRACIÓN,estatal,Real Decreto,33894,33895,"Real Decreto 359/2009, de 20 de marzo, por el que se modifica el Real Decreto 148/1996, de 5 de febrero, por el que se regula el procedimiento especial para el reintegro de las prestaciones de la Seguridad Social indebidamente percibidas."
2009-04-11,89,1,BOE-A-2009-6068,MINISTERIO DE ASUNTOS EXTERIORES Y DE COOPERACIÓN,estatal,Tratado o acuerdo internacional,34127,34142,"Convenio entre el Reino de España y la República de Moldavia para evitar la doble imposición y prevenir la evasión fiscal en materia de impuestos sobre la renta y sobre el patrimonio, hecho ad referendum en Chisinau el 8 de octubre de 2007."
2009-04-11,89,1,BOE-A-2009-6069,"MINISTERIO DE INDUSTRIA, TURISMO Y COMERCIO",estatal,Resolución,34143,34144,"Resolución de 3 de abril de 2009, de la Dirección General de Política Energética y Minas, por la que se hace pública la tarifa de último recurso de gas natural."
2009-04-11,89,1,BOE-A-2009-6070,"MINISTERIO DE MEDIO AMBIENTE, Y MEDIO RURAL Y MARINO",estatal,Real Decreto,34145,34165,"Real Decreto 360/2009, de 23 de marzo, por el que se establecen las bases del programa coordinado de lucha, control y erradicación de la enfermedad de Aujeszky."
2009-04-11,89,1,BOE-A-2009-6071,TRIBUNAL DE CUENTAS,estatal,Resolución judicial,34166,34182,"Resolución de 6 de abril de 2009, de la Presidencia del Tribunal de Cuentas, por la que se hace público el Acuerdo del Pleno de 26 de marzo de 2009, que aprueba la Instrucción General relativa a la remisión al Tribunal de Cuentas de los extractos de los expedientes de contratación y de las relaciones de contratos y convenios celebrados por las Entidades del Sector Público Estatal y Autonómico."
2009-04-14,91,1,BOE-A-2009-6164,PRESIDENCIA DEL GOBIERNO,estatal,Real Decreto,34642,34644,"Real Decreto 482/2009, de 3 de abril, por el que se convocan elecciones de diputados al Parlamento Europeo."
2009-04-14,91,1,BOE-A-2009-6165,MINISTERIO DE DEFENSA,estatal,Real Decreto,34645,34648,"Real Decreto 293/2009, de 6 de marzo, por el que se aprueban las medidas de protección de la maternidad en el ámbito de la enseñanza en las Fuerzas Armadas."
2009-04-14,91,1,BOE-A-2009-6166,MINISTERIO DE ECONOMÍA Y HACIENDA,estatal,Resolución,34649,34654,"Resolución de 3 de abril de 2009, de la Dirección General de Coordinación Financiera con las Comunidades Autónomas y con las Entidades Locales, por la que se desarrolla la información a suministrar por las corporaciones locales relativa al esfuerzo fiscal y su comprobación en las Delegaciones de Economía y Hacienda."
2009-04-14,91,1,BOE-A-2009-6167,"MINISTERIO DE INDUSTRIA, TURISMO Y COMERCIO",estatal,Corrección,34655,34656,"Corrección de errores de la Orden ITC/863/2009, de 2 de abril, por la que se regulan las subastas para la adquisición de gas natural que se utilizarán como referencia para la fijación de la tarifa de último recurso."
2009-04-14,91,1,BOE-A-2009-6168,MINISTERIO DE ADMINISTRACIONES PÚBLICAS,estatal,Real Decreto,34657,34713,"Real Decreto 432/2009, de 27 de marzo, por el que se aprueba el Reglamento por el que se desarrolla la Ley 5/2006, de 10 de abril, de regulación de los conflictos de intereses de los miembros del Gobierno y de los altos cargos de la Administración General del Estado."
2009-04-14,91,1,BOE-A-2009-6169,COMUNITAT VALENCIANA,autonómico,Ley,34714,34716,"Ley 1/2009, de 26 de marzo, de creación del Colegio Oficial de Técnicos Superiores en Prevención de Riesgos Laborales de la Comunitat Valenciana."
2009-04-15,92,1,BOE-A-2009-6301,MINISTERIO DE FOMENTO,estatal,Orden,34990,34990,"Orden FOM/921/2009, de 27 de marzo, por la que se modifica la Orden FOM/542/2005, de 2 de marzo, por la que se crea la Comisión Calificadora de Documentos Administrativos del Ministerio de Fomento y de sus organismos públicos."
2009-04-16,93,1,BOE-A-2009-6367,MINISTERIO DE ECONOMÍA Y HACIENDA,estatal,Orden,35173,35175,"Orden EHA/938/2009, de 1 de abril, por la que se acuerda la emisión, acuñación y puesta en circulación de monedas de colección de 12 euro que conmemoran el décimo aniversario de la Unión Económica y Monetaria."
2009-04-17,94,1,BOE-A-2009-6413,MINISTERIO DE ECONOMÍA Y HACIENDA,estatal,Orden,35449,35450,"Orden EHA/947/2009, de 16 de abril, por la que se fijan las cantidades actualizadas de las subvenciones a los gastos originados por actividades electorales para las elecciones al parlamento europeo de 7 de junio de 2009."
2009-04-17,94,1,BOE-A-2009-6414,"MINISTERIO DE MEDIO AMBIENTE, Y MEDIO RURAL Y MARINO",estatal,Real Decreto,35451,35466,"Real Decreto 486/2009, de 3 de abril, por el que se establecen los requisitos legales de gestión y las buenas condiciones agrarias y medioambientales que deben cumplir los agricultores que reciban pagos directos en el marco de la política agrícola común, los beneficiarios de determinadas ayudas de desarrollo rural, y los agricultores que reciban ayudas en virtud de los programas de apoyo a la reestructuración y reconversión y a la prima por arranque del viñedo."
2009-04-17,94,1,BOE-A-2009-6415,JUNTA ELECTORAL CENTRAL,estatal,Instrucción o circular,35467,35469,"Instrucción 2/2009, de 2 de abril, de la Junta Electoral Central, sobre garantía del ejercicio personal del voto por correo de los electores residentes ausentes."
2009-04-18,95,1,BOE-A-2009-6485,MINISTERIO DE FOMENTO,estatal,Orden,35584,35589,"Orden FOM/954/2009, de 16 de abril, por la que se dictan normas sobre la colaboración del servicio de correos en las elecciones de diputados al Parlamento Europeo."
2009-04-20,96,1,BOE-A-2009-6552,MINISTERIO DE FOMENTO,estatal,Resolución,35812,35817,"Resolución de 27 de marzo de 2009, de la Subsecretaría, por la que se publica el Acuerdo de Consejo de Ministros de 13 de marzo de 2009, por el que se declaran obligaciones de servicio público en la ruta Almería-Sevilla."
2009-04-20,96,1,BOE-A-2009-6553,"MINISTERIO DE INDUSTRIA, TURISMO Y COMERCIO",estatal,Resolución,35818,35819,"Resolución de 3 de abril de 2009, de la Dirección General de Política Energética y Minas, por la que se hacen públicos los nuevos precios de venta, antes de impuestos, de los gases licuados del petróleo por canalización."
2009-04-20,96,1,BOE-A-2009-6554,"MINISTERIO DE MEDIO AMBIENTE, Y MEDIO RURAL Y MARINO",estatal,Resolución,35820,35822,"Resolución de 27 de marzo de 2009, de la Dirección General de Industria y Mercados Alimentarios, por la que se publica el Acuerdo del Consejo de Ministros por el que se establecen medidas de fomento de la innovación en las empresas agrarias y agroalimentarias."
2009-04-20,96,1,BOE-A-2009-6555,COMISIÓN NACIONAL DEL MERCADO DE VALORES,estatal,Instrucción o circular,35823,35841,"Circular 3/2009, de 25 de marzo, de la Comisión Nacional del Mercado de Valores, sobre el contenido del informe semestral de cumplimiento de la función de vigilancia y supervisión de los depositarios de instituciones de inversión colectiva."
2009-04-20,96,1,BOE-A-2009-6556,COMUNIDAD DE CASTILLA Y LEÓN,autonómico,Ley,35842,35843,"Ley 2/2009, de 30 de marzo, de concesión de un crédito extraordinario y un suplemento de crédito para financiar medidas de apoyo a trabajadores desempleados e incentivos a la inversión."
2009-04-21,97,1,BOE-A-2009-6609,PRESIDENCIA DEL GOBIERNO,estatal,Real Decreto,35989,35990,"Real Decreto 637/2009, de 17 de abril, por el que se modifica el Real Decreto 542/2009, de 7 de abril, por el que se reestructuran los departamentos ministeriales."
2009-04-21,97,1,BOE-A-2009-6610,PRESIDENCIA DEL GOBIERNO,estatal,Real Decreto,35991,35996,"Real Decreto 639/2009, de 17 de abril, por el que se establecen las Comisiones Delegadas del Gobierno."
2009-04-21,97,1,BOE-A-2009-6611,PRESIDENCIA DEL GOBIERNO,estatal,Corrección,35997,35997,"Corrección de errores del Real Decreto 542/2009, de 7 de abril, por el que se reestructuran los departamentos ministeriales."
2009-04-21,97,1,BOE-A-2009-6612,MINISTERIO DE TRABAJO E INMIGRACIÓN,estatal,Orden,35998,35999,"Orden TIN/971/2009, de 16 de abril, por la que se establece la compensación de gastos de transporte en los casos de asistencia sanitaria derivada de riesgos profesionales y de comparecencias para la realización de exámenes o valoraciones médicas."
2009-04-21,97,1,BOE-A-2009-6613,MINISTERIO DE LA PRESIDENCIA,estatal,Real Decreto,36000,36007,"Real Decreto 640/2009, de 17 de abril, por el que se desarrolla el Real Decreto 542/2009, de 7 de abril, por el que se reestructuran los departamentos ministeriales y se modifica el Real Decreto 438/2008, de 14 de abril, por el que se aprueba la estructura orgánica básica de los departamentos ministeriales."
2009-04-22,98,1,BOE-A-2009-6644,JEFATURA DEL ESTADO,estatal,Corrección,36192,36192,"Corrección de errores de la Ley Orgánica 1/2008, de 30 de julio, por la que se autoriza la ratificación por España del Tratado de Lisboa, por el que se modifican el Tratado de la Unión Europea y el Tratado constitutivo de la Comunidad Europea, firmado en la capital portuguesa el 13 de diciembre de 2007."
2009-04-22,98,1,BOE-A-2009-6645,"MINISTERIO DE INDUSTRIA, TURISMO Y COMERCIO",estatal,Real Decreto,36193,36196,"Real Decreto 430/2009, de 27 de marzo, por el que se crea el Observatorio de la Internacionalización."
2009-04-22,98,1,BOE-A-2009-6646,"MINISTERIO DE INDUSTRIA, TURISMO Y COMERCIO",estatal,Real Decreto,36197,36200,"Real Decreto 484/2009, de 3 de abril, por el se regula el régimen jurídico de las condecoraciones en el ámbito de las telecomunicaciones y el desarrollo de la sociedad de la información, así como su adecuación a la estructura organizativa del Ministerio de Industria, Turismo y Comercio."
2009-04-22,98,1,BOE-A-2009-6647,MINISTERIO DE LA PRESIDENCIA,estatal,Real Decreto,36201,36207,"Real Decreto 561/2009, de 8 de abril, por el se aprueba el Estatuto del Instituto de Turismo de España."
2009-04-22,98,1,BOE-A-2009-6648,MINISTERIO DE ADMINISTRACIONES PÚBLICAS,estatal,Corrección,36208,36209,"Corrección de errores del Real Decreto 248/2009, de 27 de febrero, por el que se aprueba la Oferta de Empleo Público para el año 2009."
2009-04-22,98,1,BOE-A-2009-6649,MINISTERIO DE CIENCIA E INNOVACIÓN,estatal,Resolución,36210,36217,"Resolución de 30 de marzo de 2009, de la Secretaría de Estado de Universidades, por la que se dictan instrucciones para el acceso a la Universidad española, en el próximo curso 2009-2010, de los alumnos procedentes de sistemas educativos a los que es de aplicación el artículo 38.5 de la Ley Orgánica 2/2006, de 3 de mayo, de Educación."
2009-04-22,98,1,BOE-A-2009-6650,COMUNIDAD AUTÓNOMA DE CANARIAS,autonómico,Otras,36218,36218,"Corrección de error de la Ley 5/2008, de 23 de diciembre, de Presupuestos Generales de la Comunidad Autónoma de Canarias para 2009."
2009-04-23,99,1,BOE-A-2009-6740,MINISTERIO DE ECONOMÍA Y HACIENDA,estatal,Orden,36386,36388,"Orden EHA/981/2009, de 16 de abril, por la que se dictan las normas para la elaboración de los escenarios presupuestarios para el periodo 2010-2012."
2009-04-23,99,1,BOE-A-2009-6741,MINISTERIO DE FOMENTO,estatal,Orden,36389,36391,"Orden FOM/982/2009, de 21 de abril, por la que se determinan para el año 2007 los costes tipo aplicables a los costes subvencionables regulados en el Real Decreto 170/2009, de 13 de febrero, sobre compensación al transporte marítimo y aéreo de mercancías incluidas en el anexo I del Tratado Constitutivo de la Comunidad Europea, con origen o destino en las Islas Canarias."
2009-04-23,99,1,BOE-A-2009-6742,MINISTERIO DE FOMENTO,estatal,Orden,36392,36394,"Orden FOM/983/2009, de 21 de abril, por la que se determinan para el año 2007 los costes tipo aplicables a los costes subvencionables regulados en el Real Decreto 362/2009, de 20 de marzo, sobre compensación al transporte marítimo y aéreo de mercancías no incluidas en el anexo I del Tratado Constitutivo de la Comunidad Europea, con origen o destino en las Islas Canarias."
2009-04-23,99,1,BOE-A-2009-6743,MINISTERIO DE VIVIENDA,estatal,Orden,36395,36450,"Orden VIV/984/2009, de 15 de abril, por la que se modifican determinados documentos básicos del Código Técnico de la Edificación aprobados por el Real Decreto 314/2006, de 17 de marzo, y el Real Decreto 1371/2007, de 19 de octubre."
2009-04-23,99,1,BOE-A-2009-6744,MINISTERIO DE IGUALDAD,estatal,Orden,36451,36456,"Orden IGD/985/2009, de 17 de abril, por la que se crea la Comisión Ministerial de Administración Electrónica del Ministerio de Igualdad y se regula su composición y funciones."
2009-04-24,100,1,BOE-A-2009-6771,MINISTERIO DE ASUNTOS EXTERIORES Y DE COOPERACIÓN,estatal,Tratado o acuerdo internacional,36504,36508,"Acuerdo de cooperación cultural, deportiva y educativa entre el Reino de España y la República de Filipinas, hecho en Madrid el 3 de diciembre de 2007."
2009-04-24,100,1,BOE-A-2009-6772,MINISTERIO DE ASUNTOS EXTERIORES Y DE COOPERACIÓN,estatal,Corrección,36509,36509,"Corrección de errores de las modificaciones del Reglamento del Tratado de Cooperación en Materia de Patentes (PCT), (""Boletín Oficial del Estado"" de 7 de noviembre de 1989), adoptadas en la 33 Sesión de la Asamblea de la Unión Internacional de Cooperación en Materia de Patentes, Ginebra, 5 de octubre de 2004."
2009-04-24,100,1,BOE-A-2009-6773,MINISTERIO DE ECONOMÍA Y HACIENDA,estatal,Orden,36510,36545,"Orden EHA/994/2009, de 16 de abril, por la que se dictan las normas para la elaboración de los Presupuestos Generales del Estado para 2010."
2009-04-24,100,1,BOE-A-2009-6774,MINISTERIO DE LA PRESIDENCIA,estatal,Corrección,36546,36546,"Corrección de errores del Real Decreto 640/2009, de 17 de abril, por el que se desarrolla el Real Decreto 542/2009, de 7 de abril, por el que se reestructuran los departamentos ministeriales y se modifica el Real Decreto 438/2008, de 14 de abril, por el que se aprueba la estructura orgánica básica de los departamentos ministeriales."
2009-04-25,101,1,BOE-A-2009-6856,JEFATURA DEL ESTADO,estatal,Real Decreto-ley,36799,36803,"Real Decreto-ley 5/2009, de 24 de abril, de medidas extraordinarias y urgentes para facilitar a las Entidades Locales el saneamiento de deudas pendientes de pago con empresas y autónomos."
2009-04-25,101,1,BOE-A-2009-6857,MINISTERIO DE ECONOMÍA Y HACIENDA,estatal,Resolución,36804,36807,"Resolución de 24 de abril de 2009, de la Presidencia del Comisionado para el Mercado de Tabacos, por la que se publican los precios de venta al público de determinadas labores de tabaco en Expendedurías de Tabaco y Timbre del Área del Monopolio."
2009-04-25,101,1,BOE-A-2009-6858,MINISTERIO DE FOMENTO,estatal,Corrección,36808,36808,"Corrección de errores de la Orden FOM/954/2009, de 16 de abril, por la que se dictan normas sobre la colaboración del servicio de correos en las elecciones de diputados al Parlamento Europeo."
2009-04-28,103,1,BOE-A-2009-7046,"MINISTERIO DE INDUSTRIA, TURISMO Y COMERCIO",estatal,Corrección,37427,37431,"Corrección de errores del Real Decreto 485/2009, de 3 de abril, por el que se regula la puesta en marcha del suministro de último recurso en el sector de la energía eléctrica."
2009-04-28,103,1,BOE-A-2009-7047,"MINISTERIO DE MEDIO AMBIENTE, Y MEDIO RURAL Y MARINO",estatal,Orden,37432,37433,"Orden ARM/1020/2009, de 22 de abril, por la que se modifica la Orden APA/678/2004, de 5 de marzo, por la que se regula la pesca con artes de cerco en el Caladero Nacional del Mediterráneo."
2009-04-28,103,1,BOE-A-2009-7048,MINISTERIO DE SANIDAD Y CONSUMO,estatal,Corrección,37434,37434,"Corrección de errores de la Orden SCO/778/2009, de 17 de marzo, sobre métodos alternativos para el análisis microbiológico del agua de consumo humano."
2009-04-29,104,1,BOE-A-2009-7107,PRESIDENCIA DEL GOBIERNO,estatal,Corrección,37672,37672,"Corrección de errores del Real Decreto 639/2009, de 17 de abril, por el que se establecen las Comisiones Delegadas del Gobierno."
2009-04-29,104,1,BOE-A-2009-7108,CORTES GENERALES,estatal,Resolución,37673,37673,"Resolución de 23 de abril de 2009, del Congreso de los Diputados, por la que se ordena la publicación del Acuerdo de convalidación del Real Decreto-ley 3/2009, de 27 de marzo, de medidas urgentes en materia tributaria, financiera y concursal ante la evolución de la situación económica."
2009-04-29,104,1,BOE-A-2009-7109,CORTES GENERALES,estatal,Resolución,37674,37674,"Resolución de 23 de abril de 2009, del Congreso de los Diputados, por la que se ordena la publicación del Acuerdo de convalidación del Real Decreto-ley 4/2009, de 29 de marzo, por el que se autoriza la concesión de garantías derivadas de la financiación que pueda otorgar el Banco de España a favor de Caja de Ahorros de Castilla-La Mancha."
2009-04-29,104,1,BOE-A-2009-7110,TRIBUNAL CONSTITUCIONAL,estatal,Resolución judicial,37675,37675,"Recurso de inconstitucionalidad nº 2691-2009, en relación con diversos preceptos de la Ley 2/2008, de 23 de diciembre, de Presupuestos Generales del Estado para el año 2009."
2009-04-29,104,1,BOE-A-2009-7111,TRIBUNAL CONSTITUCIONAL,estatal,Resolución judicial,37676,37676,"Recurso de inconstitucionalidad nº 2810-2009, en relación con los artículos 14 y 15 de la Ley de las Cortes Valencianas 16/2008, de 22 de diciembre, de Medidas Fiscales, de Gestión Administrativa y Financiera, y de Organización de la Generalitat."
2009-04-29,104,1,BOE-A-2009-7112,TRIBUNAL CONSTITUCIONAL,estatal,Resolución judicial,37677,37677,"Recurso de inconstitucionalidad nº 2964-2009, en relación con los artículos 12 y 28 de la Ley de la Asamblea de Madrid 3/2008, de 29 de diciembre, de Medidas Fiscales y Administrativas."
2009-04-29,104,1,BOE-A-2009-7113,MINISTERIO DEL INTERIOR,estatal,Orden,37678,37680,"Orden INT/1025/2009, de 28 de abril, por la que se modifica el modelo de papeleta electoral correspondiente a las elecciones al Parlamento Europeo, del Anexo 3 del Real Decreto 605/1999, de 16 de abril, de regulación complementaria de los procesos electorales."
2009-04-30,105,1,BOE-A-2009-7192,MINISTERIO DE ECONOMÍA Y HACIENDA,estatal,Orden,37927,37928,"Orden EHA/1030/2009, de 23 de abril, por la que se eleva el límite exento de la obligación de aportar garantía en las solicitudes de aplazamiento o fraccionamiento a 18.000 euros."
2009-04-30,105,1,BOE-A-2009-7193,MINISTERIO DE ECONOMÍA Y HACIENDA,estatal,Corrección,37929,37929,"Corrección de errores de la Orden EHA/818/2009, de 27 de marzo, por la que se modifica la Orden de 1 de febrero de 1996, que aprueba los documentos contables a utilizar por la Administración General del Estado."
2009-04-30,105,1,BOE-A-2009-7194,MINISTERIO DE LA PRESIDENCIA,estatal,Real Decreto,37930,37942,"Real Decreto 710/2009, de 17 de abril, por el que se desarrollan las previsiones de la Ley 2/2008, de 23 de diciembre, de Presupuestos Generales del Estado para 2009, en materia de pensiones de Clases Pasivas y de determinadas indemnizaciones sociales."
2009-04-30,105,1,BOE-A-2009-7195,MINISTERIO DE LA PRESIDENCIA,estatal,Corrección,37943,37944,"Corrección de erratas del Real Decreto 1801/2008, de 3 de noviembre, por el que se establecen normas relativas a las cantidades nominales para productos envasados y al control de su contenido efectivo."
2009-04-30,105,1,BOE-A-2009-7196,COMUNIDAD AUTÓNOMA DE ARAGÓN,autonómico,Ley,37945,37952,"Ley 1/2009, de 30 de marzo, del Consejo Consultivo de Aragón."
2009-05-01,106,1,BOE-A-2009-7270,MINISTERIO DE ECONOMÍA Y HACIENDA,estatal,Orden,38319,38331,"Orden EHA/1039/2009, de 28 de abril, por la que se reducen para el período impositivo 2008 los índices de rendimiento neto aplicables en el método de estimación objetiva del Impuesto sobre la Renta de las Personas Físicas para las actividades agrícolas y ganaderas afectadas por diversas circunstancias excepcionales y se modifican la magnitud específica y los módulos aprobados para la actividad económica de transporte de mensajería y recadería por la Orden EHA/3413/2008, de 26 de noviembre, por la que se desarrollan para el año 2009 el método de estimación objetiva del Impuesto sobre la Renta de las Personas Físicas y el régimen especial simplificado del Impuesto sobre el Valor Añadido."
2009-05-01,106,1,BOE-A-2009-7271,MINISTERIO DE FOMENTO,estatal,Corrección,38332,38332,"Corrección de errores del Real Decreto 98/2009, de 6 de febrero, por el que se aprueba el Reglamento de inspección aeronáutica."
2009-05-02,107,1,BOE-A-2009-7352,MINISTERIO DE LA PRESIDENCIA,estatal,Real Decreto,38490,38516,"Real Decreto 716/2009, de 24 de abril, por el que se desarrollan determinados aspectos de la Ley 2/1981, de 25 de marzo, de regulación del mercado hipotecario y otras normas del sistema hipotecario y financiero."
2009-05-02,107,1,BOE-A-2009-7353,COMUNIDAD AUTÓNOMA DE CATALUÑA,autonómico,Resolución,38517,38517,"Resolución de 3 de abril de 2009, del Departamento de Interior, Relaciones Institucionales y Participación, de corrección de errores de la Resolución IRP/20/2009, de 14 de enero, por la que se establecen medidas de regulación de la circulación y el transporte de mercancías por las carreteras de Cataluña para 2009."
2009-05-04,108,1,BOE-A-2009-7405,JEFATURA DEL ESTADO,estatal,Otras,38666,38765,"Instrumento de ratificación del Tratado de Singapur sobre el Derecho de Marcas, hecho en Singapur el 27 de marzo de 2006."
2009-05-04,108,1,BOE-A-2009-7406,MINISTERIO DE TRABAJO E INMIGRACIÓN,estatal,Resolución,38766,38767,"Resolución de 6 de abril de 2009, conjunta de la Dirección General de Emigración y del Instituto Nacional de la Seguridad Social, por la que se modifica la de 25 de febrero de 2008, por la que se regula el procedimiento para acceder a la asistencia sanitaria para españoles de origen retornados y para pensionistas y trabajadores por cuenta ajena españoles de origen residentes en el exterior que se desplacen temporalmente al territorio nacional."
2009-05-04,108,1,BOE-A-2009-7407,MINISTERIO DE LA PRESIDENCIA,estatal,Real Decreto,38768,38769,"Real Decreto 715/2009, de 24 de abril, por el que se deroga el Real Decreto 65/1994, de 21 de enero, relativo a las exigencias de seguridad de los aparatos eléctricos utilizados en medicina y veterinaria."
2009-05-05,109,1,BOE-A-2009-7451,COMUNIDAD AUTÓNOMA DE CATALUÑA,autonómico,Resolución,38943,38945,"Resolución IRP/911/2009, de 18 de marzo, del Departamento de Interior, Relaciones Institucionales y Participación, por la que se establecen medidas de regulación de la circulación y del transporte de mercancías por la carretera C-37."
2009-05-06,110,1,BOE-A-2009-7514,MINISTERIO DE CULTURA,estatal,Orden,39134,39138,"Orden CUL/1090/2009, de 28 de abril, por la que se regula la Comisión ministerial de Administración electrónica del Ministerio de Cultura."
2009-05-06,110,1,BOE-A-2009-7515,COMUNITAT VALENCIANA,autonómico,Ley,39139,39152,"Ley 2/2009, de 14 de abril, de coordinación del sistema valenciano de investigación científica y desarrollo tecnológico."
2009-05-06,110,1,BOE-A-2009-7516,COMUNITAT VALENCIANA,autonómico,Ley,39153,39161,"Ley 3/2009, de 14 de abril, de modificación de la Ley 1/2004, de 24 de mayo, de ayuda a las víctimas del terrorismo."
2009-05-06,110,1,BOE-A-2009-7517,COMUNIDAD AUTÓNOMA DE CANARIAS,autonómico,Ley,39162,39163,"Ley 2/2009, de 3 de abril, de modificación del artículo 64 de la Ley 5/2008, de 23 de diciembre, de Presupuestos Generales de la Comunidad Autónoma de Canarias para 2009."
2009-05-06,110,1,BOE-A-2009-7518,COMUNIDAD FORAL DE NAVARRA,autonómico,Ley,39164,39164,"Ley Foral 3/2009, de 8 de abril, de Cuentas Generales de Navarra de 2007."
2009-05-07,111,1,BOE-A-2009-7581,JEFATURA DEL ESTADO,estatal,Real Decreto-ley,39404,39419,"Real Decreto-ley 6/2009, de 30 de abril, por el que se adoptan determinadas medidas en el sector energético y se aprueba el bono social."
2009-05-07,111,1,BOE-A-2009-7582,"MINISTERIO DE INDUSTRIA, TURISMO Y COMERCIO",estatal,Resolución,39420,39429,"Resolución de 16 de abril de 2009, de la Presidencia de la Comisión del Mercado de las Telecomunicaciones, por la que se hace pública la Circular 1/2009, por la que se introduce el consentimiento verbal con verificación por tercero en la contratación de servicios mayoristas regulados de comunicaciones fijas, así como en las solicitudes de conservación de numeración."
2009-05-08,112,1,BOE-A-2009-7625,PRESIDENCIA DEL GOBIERNO,estatal,Real Decreto,39509,39511,"Real Decreto 638/2009, de 17 de abril, por el que se modifica el Real Decreto 1370/2008, de 1 de agosto, por el que se desarrolla la estructura orgánica de la Presidencia del Gobierno, y se desarrolla el Real Decreto 542/2009, de 7 de abril, por el que se reestructuran los departamentos ministeriales."
2009-05-08,112,1,BOE-A-2009-7626,MINISTERIO DE FOMENTO,estatal,Real Decreto,39512,39524,"Real Decreto 713/2009, de 24 de abril, por el que se establecen los criterios para la determinación de los peajes a aplicar a determinados vehículos de transporte de mercancías en las autopistas en régimen de concesión de la Red de Carreteras del Estado incluidas en la Red Transeuropea de Carreteras."
2009-05-08,112,1,BOE-A-2009-7627,MINISTERIO DE FOMENTO,estatal,Real Decreto,39525,39533,"Real Decreto 714/2009, de 24 de abril, relativo a la seguridad de las aeronaves de terceros países que utilizan aeropuertos situados en territorio español."
2009-05-08,112,1,BOE-A-2009-7628,MINISTERIO DE LA PRESIDENCIA,estatal,Real Decreto,39534,39572,"Real Decreto 641/2009, de 17 de abril, por el que se regulan los procesos de control de dopaje y los laboratorios de análisis autorizados, y por el que se establecen medidas complementarias de prevención del dopaje y de protección de las salud en el deporte."
2009-05-08,112,1,BOE-A-2009-7629,MINISTERIO DE LA PRESIDENCIA,estatal,Orden,39573,39574,"Orden PRE/1118/2009, de 7 de mayo, por la que se modifica la Orden PRE/1417/2003, de 3 de junio, por la que se regula las retribuciones complementarias por servicios de guardia del personal al servicio de la Administración de Justicia."
2009-05-08,112,1,BOE-A-2009-7630,MINISTERIO DE LA PRESIDENCIA,estatal,Orden,39575,39575,"Orden PRE/1119/2009, de 7 de mayo, por la que se modifica la Orden PRE/1416/2003, de 3 de junio, por la que se regula las retribuciones complementarias por servicios de guardia de las Carreras Judicial y Fiscal."
2009-05-08,112,1,BOE-A-2009-7631,MINISTERIO DE ADMINISTRACIONES PÚBLICAS,estatal,Corrección,39576,39576,"Corrección de errores del Real Decreto 432/2009, de 27 de marzo, por el que se aprueba el Reglamento por el que se desarrolla la Ley 5/2006, de 10 de abril, de regulación de los conflictos de intereses de los miembros del Gobierno y de los altos cargos de la Administración General del Estado."
2009-05-09,113,1,BOE-A-2009-7694,MINISTERIO DE JUSTICIA,estatal,Real Decreto,39886,39888,"Real Decreto 712/2009, de 24 de abril, por el que se establece la transformación del Juzgado de Primera Instancia número 10 de Santa Cruz de Tenerife en Registro Civil exclusivo."
2009-05-09,113,1,BOE-A-2009-7695,MINISTERIO DE TRABAJO E INMIGRACIÓN,estatal,Resolución,39889,39889,"Resolución de 7 de mayo de 2009, de la Dirección General de Ordenación de la Seguridad Social, sobre consideración como situación de incapacidad temporal derivada de enfermedad común de los períodos de aislamiento preventivo sufridos por los trabajadores como consecuencia de la gripe A H1 N1."
2009-05-09,113,1,BOE-A-2009-7696,MINISTERIO DE LA PRESIDENCIA,estatal,Real Decreto,39890,39892,"Real Decreto 785/2009, de 30 de abril, por el que se constituye la Comisión Mixta de coordinación entre el Ministerio de Ciencia e Innovación y el Ministerio de Sanidad y Política Social, en relación con el Instituto de Salud Carlos III."
2009-05-09,113,1,BOE-A-2009-7697,MINISTERIO DE LA PRESIDENCIA,estatal,Orden,39893,39895,"Orden PRE/1134/2009, de 5 de mayo, por la que se dispone la publicación del Acuerdo de Consejo de Ministros, por el que se aprueban los programas y políticas públicas que serán objeto de evaluación por la Agencia Estatal de Evaluación de Políticas Públicas y Calidad de los Servicios en 2009."
2009-05-09,113,1,BOE-A-2009-7698,COMUNIDAD DE CASTILLA Y LEÓN,autonómico,Ley,39896,39935,"Ley 3/2009, de 6 de abril, de montes de Castilla y León."
2009-05-11,114,1,BOE-A-2009-7763,TRIBUNAL CONSTITUCIONAL,estatal,Resolución judicial,40208,40208,"Conflicto positivo de competencia nº 3090-2009, en relación a diversos preceptos del Real Decreto 1834/2008, de 8 de noviembre, por el que se definen las condiciones de formación para el ejercicio de la docencia en la educación secundaria obligatoria, el bachillerato, la formación profesional y las enseñanzas de régimen especial y se establecen las especialidades de los cuerpos docentes de enseñanza secundaria."
2009-05-11,114,1,BOE-A-2009-7764,TRIBUNAL CONSTITUCIONAL,estatal,Resolución judicial,40209,40209,"Acuerdo de 7 de mayo de 2009, de la Presidencia del Tribunal Constitucional, por el que se habilitan, con carácter extraordinario, determinadas fechas y horarios para la presentación en el Registro General del Tribunal del recurso de amparo electoral."
2009-05-11,114,1,BOE-A-2009-7765,TRIBUNAL SUPREMO,estatal,Resolución judicial,40210,40210,"Sentencia de 10 de febrero de 2009, de la Sala Tercera del Tribunal Supremo, por la que se declara nulo el artículo 10.2 del Real Decreto 920/2006, de 28 de julio, por el que se aprueba el Reglamento general de prestación del servicio de difusión de radio y televisión por cable, en la parte que señala ""y serán responsables subsidiarios cuando se limiten a la mera difusión de canales cuya titularidad corresponda a un tercero""."
2009-05-11,114,1,BOE-A-2009-7766,TRIBUNAL SUPREMO,estatal,Resolución judicial,40211,40211,"Acuerdo de 7 de mayo de 2009, de la Presidencia del Tribunal Supremo habilitando todas las horas de los días 13, 14, 15 y 16 de mayo de 2009 el Registro General del Tribunal Supremo."
2009-05-11,114,1,BOE-A-2009-7767,TRIBUNAL SUPREMO,estatal,Resolución judicial,40212,40212,"Acuerdo de 7 de mayo de 2009, de la Presidencia del Tribunal Supremo y de la Sala del Artículo 61 de la Ley Orgánica del Poder Judicial, habilitando todas las horas de los días 13, 14, 15 y 16 de mayo de 2009 el Registro General del Tribunal Supremo y la Secretaría de la Sala del art. 61 LOPJ."
2009-05-12,115,1,BOE-A-2009-7829,MINISTERIO DE ASUNTOS EXTERIORES Y DE COOPERACIÓN,estatal,Tratado o acuerdo internacional,40402,40405,"Aplicación provisional del Acuerdo entre el Reino de España y el Estado de Israel sobre el libre ejercicio de actividades remuneradas para familiares dependientes del personal diplomático, administrativo y técnico de las Misiones Diplomáticas, hecho en Madrid el 31 de marzo de 2009."
2009-05-12,115,1,BOE-A-2009-7830,MINISTERIO DE ASUNTOS EXTERIORES Y DE COOPERACIÓN,estatal,Tratado o acuerdo internacional,40406,40427,"Convenio entre el Reino de España y Jamaica para evitar la doble imposición y prevenir la evasión fiscal en materia de impuestos sobre la renta y Protocolo, hecho en Kingston el 8 de julio de 2008."
2009-05-12,115,1,BOE-A-2009-7831,COMISIÓN NACIONAL DEL MERCADO DE VALORES,estatal,Corrección,40428,40428,"Corrección de errores de la Circular 3/2009, de 25 de marzo, de la Comisión Nacional del Mercado de Valores, sobre el contenido del informe semestral de cumplimiento de la función de vigilancia y supervisión de los depositarios de instituciones de inversión colectiva."
2009-05-13,116,1,BOE-A-2009-7940,MINISTERIO DE ECONOMÍA Y HACIENDA,estatal,Resolución,40855,40871,"Resolución de 5 de mayo de 2009, de la Dirección General de Coordinación Financiera con las Comunidades Autónomas y con las Entidades Locales, por la que se establece el procedimiento y la información a suministrar por las entidades locales que se acojan a lo dispuesto en el Título 1 del Real Decreto-ley 5/2009, de 24 de abril, de medidas extraordinarias y urgentes para facilitar el saneamiento de las deudas pendientes de pago con empresas y autónomos."
2009-05-15,118,1,BOE-A-2009-8053,MINISTERIO DE ECONOMÍA Y HACIENDA,estatal,Real Decreto,41253,41360,"Real Decreto 817/2009, de 8 de mayo, por el que se desarrolla parcialmente la Ley 30/2007, de 30 de octubre, de Contratos del Sector Público."
2009-05-15,118,1,BOE-A-2009-8054,MINISTERIO DE LA PRESIDENCIA,estatal,Corrección,41361,41361,"Corrección de errores del Real Decreto 561/2009, de 8 de abril, por el que se aprueba el Estatuto del Instituto de Turismo de España."
2009-05-16,119,1,BOE-A-2009-8140,CONSEJO GENERAL DEL PODER JUDICIAL,estatal,Resolución judicial,41608,41614,"Acuerdo de 26 de marzo de 2009, del Pleno del Consejo General del Poder Judicial, por el que se modifica el Reglamento 1/2005, de 15 de septiembre, de los aspectos accesorios de las actuaciones judiciales."
2009-05-16,119,1,BOE-A-2009-8141,CONSEJO GENERAL DEL PODER JUDICIAL,estatal,Resolución judicial,41615,41618,"Instrucción 1/2009, de 26 de marzo, del Pleno del Consejo General del Poder Judicial, sobre normas para el registro de asuntos en los sistemas de gestión procesal."
2009-05-18,120,1,BOE-A-2009-8241,MINISTERIO DE ECONOMÍA Y HACIENDA,estatal,Resolución,41863,41864,"Resolución de 8 de mayo de 2009, de la Presidencia de la Agencia Estatal de Administración Tributaria, por la que se modifica la de 26 de diciembre de 2005, sobre organización y atribución de competencias en el área de recaudación."
2009-05-18,120,1,BOE-A-2009-8242,"MINISTERIO DE INDUSTRIA, TURISMO Y COMERCIO",estatal,Resolución,41865,41866,"Resolución de 5 de mayo de 2009, de la Dirección General de Política Energética y Minas, por la que se hacen públicos los nuevos precios de venta, antes de impuestos, de los gases licuados del petróleo por canalización."
2009-05-19,121,1,BOE-A-2009-8270,TRIBUNAL CONSTITUCIONAL,estatal,Resolución judicial,41981,41981,"Recurso de inconstitucionalidad nº 3644-2009, en relación con la disposición adicional segunda de la Ley de la Comunidad Autónoma de Galicia 18/2008, de 29 de diciembre, de Vivienda."
2009-05-19,121,1,BOE-A-2009-8271,TRIBUNAL CONSTITUCIONAL,estatal,Resolución judicial,41982,41982,"Conflicto positivo de competencia nº 3591-2009, en relación con los artículos 3.1b) y 6 del Real Decreto 2066/2008, de 12 de diciembre, por el que se regula el Plan Estatal de Vivienda y Rehabilitación 2009-2012."
2009-05-19,121,1,BOE-A-2009-8272,TRIBUNAL CONSTITUCIONAL,estatal,Resolución judicial,41983,41983,"Conflicto positivo de competencia nº 3800-2009, en relación con diversos preceptos del Real Decreto 1916/2008, de 21 de noviembre, por el que se regula la iniciativa de modernización de destinos turísticos maduros."
2009-05-19,121,1,BOE-A-2009-8273,MINISTERIO DE ADMINISTRACIONES PÚBLICAS,estatal,Corrección,41984,41986,"Corrección de errores del Real Decreto 432/2009, de 27 de marzo, por el que se aprueba el Reglamento por el que se desarrolla la Ley 5/2006, de 10 de abril, de regulación de los conflictos de intereses de los miembros del Gobierno y de los altos cargos de la Administración General del Estado."
2009-05-19,121,1,BOE-A-2009-8274,COMUNIDAD AUTÓNOMA DE CATALUÑA,autonómico,Ley,41987,41999,"Ley 4/2009, de 15 de abril, del Instituto de Investigación y Tecnología Agroalimentarias."
2009-05-19,121,1,BOE-A-2009-8275,COMUNIDAD AUTÓNOMA DE LAS ILLES BALEARS,autonómico,Ley,42000,42007,"Ley 2/2009, de 19 de marzo, de rehabilitación y mejora de barrios de los municipios de las Illes Balears."
2009-05-19,121,1,BOE-A-2009-8276,COMUNIDAD AUTÓNOMA DE LAS ILLES BALEARS,autonómico,Ley,42008,42010,"Ley 3/2009, de 27 de abril, de modificación de la compilación de derecho civil de las Illes Balears, sobre causas de indignidad sucesoria y desheredamiento."
2009-05-20,122,1,BOE-A-2009-8327,MINISTERIO DE LA PRESIDENCIA,estatal,Orden,42141,42144,"Orden PRE/1230/2009, de 18 de mayo, por la que se publica el Acuerdo de Consejo de Ministros de 8 de mayo de 2009, por el que se determina la cuantía a incluir en las pagas a que se refiere el artículo 32.dos puntos 3.a) y 3.b) de la Ley 2/2008, de 23 de diciembre, de Presupuestos Generales del Estado para el año 2009, en relación con los miembros del Cuerpo de Secretarios Judiciales y de los Cuerpos de funcionarios al servicio de la Administración de Justicia."
2009-05-20,122,1,BOE-A-2009-8328,MINISTERIO DE LA PRESIDENCIA,estatal,Orden,42145,42146,"Orden PRE/1231/2009, de 18 de mayo, por la que se publica el Acuerdo de la Comisión Delegada del Gobierno para Asuntos Económicos de 16 de abril de 2009, por el que se modifica el umbral de renta familiar que da acceso al abono social."
2009-05-20,122,1,BOE-A-2009-8329,COMUNIDAD AUTÓNOMA DE CATALUÑA,autonómico,Ley,42147,42152,"Ley 5/2009, de 28 de abril, de los recursos contra la calificación negativa de los títulos o las cláusulas concretas en materia de derecho catalán que deban inscribirse en un registro de la propiedad, mercantil o de bienes muebles de Cataluña."
2009-05-21,123,1,BOE-A-2009-8408,MINISTERIO DE EDUCACIÓN,estatal,Resolución,42527,42528,"Resolución de 4 de mayo de 2009, de la Secretaría General de Universidades, por la que se dispone la publicación del Acuerdo de Consejo de Ministros de 8 de abril de 2009, por el que se establece el carácter oficial de determinados títulos de Grado y su inscripción en el Registro de Universidades, Centros y Títulos."
2009-05-21,123,1,BOE-A-2009-8409,"MINISTERIO DE INDUSTRIA, TURISMO Y COMERCIO",estatal,Orden,42529,42530,"Orden ITC/1251/2009, de 14 de mayo, por la que se dispone la publicación del Acuerdo del Consejo de Ministros de 3 de abril de 2009, mediante el que se modifica el calendario al que hace referencia la disposición transitoria quinta de la Ley 12/2007, de 2 de julio."
2009-05-21,123,1,BOE-A-2009-8410,MINISTERIO DE CIENCIA E INNOVACIÓN,estatal,Corrección,42531,42531,"Corrección de errores de la Orden CIN/729/2009, de 18 de marzo, por la que se establecen los requisitos para la verificación de los títulos universitarios oficiales que habiliten para el ejercicio de la profesión de Terapeuta Ocupacional."
2009-05-21,123,1,BOE-A-2009-8411,COMUNIDAD AUTÓNOMA DE CATALUÑA,autonómico,Ley,42532,42556,"Ley 6/2009, de 28 de abril, de evaluación ambiental de planes y programas."
2009-05-22,124,1,BOE-A-2009-8478,TRIBUNAL CONSTITUCIONAL,estatal,Resolución judicial,42849,42849,"Recurso de inconstitucionalidad núm. 632-2004, en relación con la Ley 45/2003, de 21 de noviembre, por la que se modifica la Ley 35/1988, de 22 de noviembre, sobre Técnicas de Reproducción Asistida."
2009-05-22,124,1,BOE-A-2009-8479,MINISTERIO DE TRABAJO E INMIGRACIÓN,estatal,Corrección,42850,42850,"Corrección de errores del Real Decreto 197/2009, de 23 de febrero, por el que se desarrolla el estatuto del trabajo autónomo en materia de contrato del trabajador autónomo económicamente dependiente y su registro y se crea el registro estatal de asociaciones profesionales de trabajadores autónomos."
2009-05-22,124,1,BOE-A-2009-8480,"MINISTERIO DE MEDIO AMBIENTE, Y MEDIO RURAL Y MARINO",estatal,Real Decreto,42851,42856,"Real Decreto 784/2009, de 30 de abril, por el que se establecen las bases reguladoras de las subvenciones estatales destinadas a las agrupaciones de defensa sanitaria ganaderas."
2009-05-22,124,1,BOE-A-2009-8481,MINISTERIO DE LA PRESIDENCIA,estatal,Orden,42857,42865,"Orden PRE/1263/2009, de 21 de mayo, por la que se actualizan las instrucciones técnicas complementarias números 2 y 15, del Reglamento de Explosivos, aprobado por Real Decreto 230/1998, de 16 de febrero."
2009-05-23,125,1,BOE-A-2009-8548,JEFATURA DEL ESTADO,estatal,Real Decreto-ley,43135,43136,"Real Decreto-ley 7/2009, de 22 de mayo, de concesión de un crédito extraordinario al Presupuesto del Ministerio de Industria, Turismo y Comercio, para la ayuda a la adquisición de vehículos y la renovación del parque de vehículos Plan 2000 E, por importe de 100.000.000 de euros."
2009-05-23,125,1,BOE-A-2009-8549,JEFATURA DEL ESTADO,estatal,Corrección,43137,43137,"Corrección de erratas del Instrumento de Ratificación del Convenio de Seguridad Social entre España y Rumanía, hecho en Madrid el 24 de enero de 2006."
2009-05-23,125,1,BOE-A-2009-8550,MINISTERIO DE JUSTICIA,estatal,Orden,43138,43142,"Orden JUS/1291/2009, de 21 de mayo, por la que se modifica la Orden JUS/206/2009, de 28 de enero, por la que se aprueban nuevos modelos para la presentación en el Registro Mercantil de las cuentas anuales de los sujetos obligados a su publicación."
2009-05-23,125,1,BOE-A-2009-8551,"MINISTERIO DE INDUSTRIA, TURISMO Y COMERCIO",estatal,Real Decreto,43143,43147,"Real Decreto 898/2009, de 22 de mayo, por el que se regula la concesión directa de subvenciones para la adquisición de vehículos, Plan 2000 E de apoyo a la renovación del parque de vehículos."
2009-05-23,125,1,BOE-A-2009-8552,MINISTERIO DE LA PRESIDENCIA,estatal,Real Decreto,43148,43154,"Real Decreto 901/2009, de 22 de mayo, por el que se regula la organización, funciones y provisión de puestos de trabajo de las Consejerías del Ministerio de Medio Ambiente, y Medio Rural y Marino en el exterior."
2009-05-23,125,1,BOE-A-2009-8553,MINISTERIO DE VIVIENDA,estatal,Resolución,43155,43160,"Resolución de 19 de mayo de 2009, de la Subsecretaría, por la que se publica el Acuerdo de Consejo de Ministros de 14 de mayo de 2009, por el que se revisan y modifican los tipos de interés efectivos anuales vigentes para los préstamos cualificados concedidos en el marco de los Programas 1994 (Plan de Vivienda 1992-1995), Programa 1997 (Plan de Vivienda 1996-1999), Plan de Vivienda 2002-2005 y Plan de Vivienda 2005-2008, así como se modifican algunas de las características generales de los préstamos convenidos del Plan Estatal de Vivienda y Rehabilitación 2009-2012."
2009-05-23,125,1,BOE-A-2009-8554,COMUNIDAD FORAL DE NAVARRA,autonómico,Ley,43161,43164,"Ley Foral 4/2009, de 30 de abril, por la que se crea el Colegio Oficial de Educadoras y Educadores Sociales de Navarra."
2009-05-25,126,1,BOE-A-2009-8612,MINISTERIO DE DEFENSA,estatal,Orden,43326,43328,"Orden DEF/1298/2009, de 14 de mayo, que modifica la Orden DEF/3537/2003, de 10 de diciembre, por la que se desarrolla la estructura orgánica básica de los Ejércitos."
2009-05-25,126,1,BOE-A-2009-8613,MINISTERIO DE LA PRESIDENCIA,estatal,Real Decreto,43329,43331,"Real Decreto 863/2009, de 14 de mayo, por el que se modifica el Real Decreto 231/2008, de 15 de febrero, por el que se regula el Sistema Arbitral de Consumo."
2009-05-26,127,1,BOE-A-2009-8663,MINISTERIO DE TRABAJO E INMIGRACIÓN,estatal,Orden,43538,43648,"Orden TIN/1302/2009, de 21 de mayo, por la que se dictan las normas para la elaboración de los Presupuestos de la Seguridad Social para el ejercicio 2010."
2009-05-26,127,1,BOE-A-2009-8664,"MINISTERIO DE INDUSTRIA, TURISMO Y COMERCIO",estatal,Resolución,43649,43654,"Resolución de 14 de mayo de 2009, de la Dirección General de Política Energética y Minas, por la que se establece el procedimiento de facturación con estimación del consumo de energía eléctrica y su regularización con lecturas reales."
2009-05-26,127,1,BOE-A-2009-8665,COMUNIDAD AUTÓNOMA DE CASTILLA-LA MANCHA,autonómico,Ley,43655,43662,"Ley 7/2008, de 13 de noviembre, de Regulación de Tasas en materia de Industria, Energía y Minas de Castilla-La Mancha."
2009-05-26,127,1,BOE-A-2009-8666,COMUNIDAD AUTÓNOMA DE CASTILLA-LA MANCHA,autonómico,Ley,43663,43666,"Ley 8/2008, de 4 de diciembre, de creación de la Comisión Consultiva Regional de Convenios Colectivos."
2009-05-26,127,1,BOE-A-2009-8667,COMUNIDAD AUTÓNOMA DE CASTILLA-LA MANCHA,autonómico,Ley,43667,43677,"Ley 9/2008, de 4 de diciembre, de medidas en materia de tributos cedidos."
2009-05-26,127,1,BOE-A-2009-8668,COMUNIDAD AUTÓNOMA DE CASTILLA-LA MANCHA,autonómico,Ley,43678,43711,"Ley 10/2008, de 19 de diciembre, de Presupuestos Generales de la Junta de Comunidades de Castilla-La Mancha para el año 2009."
2009-05-27,128,1,BOE-A-2009-8727,CORTES GENERALES,estatal,Resolución,43929,43929,"Resolución de 21 de mayo de 2009, del Congreso de los Diputados, por la que se ordena la publicación del Acuerdo de convalidación del Real Decreto-ley 5/2009, de 24 de abril, de medidas extraordinarias y urgentes para facilitar a las entidades locales el saneamiento de deudas pendientes de pago con empresas y autónomos."
2009-05-27,128,1,BOE-A-2009-8728,CORTES GENERALES,estatal,Resolución,43930,43930,"Resolución de 21 de mayo de 2009, del Congreso de los Diputados, por la que se ordena la publicación del Acuerdo de convalidación del Real Decreto-ley 6/2009, de 30 de abril, por el que se adoptan determinadas medidas en el sector energético y se aprueba el bono social."
2009-05-27,128,1,BOE-A-2009-8729,MINISTERIO DE ASUNTOS EXTERIORES Y DE COOPERACIÓN,estatal,Tratado o acuerdo internacional,43931,43937,Aplicación provisional del Acuerdo entre el Reino de España y la República Islámica de Afganistán para el patrocinio de una unidad del ejército nacional afgano y Canje de Notas hecho en Kabul el 28 de julio de 2008.
2009-05-27,128,1,BOE-A-2009-8730,MINISTERIO DE ECONOMÍA Y HACIENDA,estatal,Resolución,43938,43939,"Resolución de 19 de mayo de 2009, de la Dirección General de Seguros y Fondos de Pensiones, por la que se aprueba el recargo en favor del Consorcio de Compensación de Seguros para financiar sus funciones en relación con el seguro obligatorio de responsabilidad civil en la circulación de vehículos a motor."
2009-05-27,128,1,BOE-A-2009-8731,"MINISTERIO DE MEDIO AMBIENTE, Y MEDIO RURAL Y MARINO",estatal,Orden,43940,43966,"Orden ARM/1312/2009, de 20 de mayo, por la que se regulan los sistemas para realizar el control efectivo de los volúmenes de agua utilizados por los aprovechamientos de agua del dominio público hidráulico, de los retornos al citado dominio público hidráulico y de los vertidos al mismo."
2009-05-27,128,1,BOE-A-2009-8732,COMUNITAT VALENCIANA,autonómico,Otras,43967,43967,Reforma del Reglamento de Les Corts Valencianes aprobado por el Pleno en sesión de 29 de abril de 2009.
2009-05-28,129,1,BOE-A-2009-8812,MINISTERIO DE ECONOMÍA Y HACIENDA,estatal,Orden,44274,44301,"Orden EHA/1327/2009, de 26 de mayo, sobre normas especiales para la elaboración, documentación y presentación de la información contable de las sociedades de garantía recíproca."
2009-05-28,129,1,BOE-A-2009-8813,"MINISTERIO DE INDUSTRIA, TURISMO Y COMERCIO",estatal,Resolución,44302,44443,"Resolución de 18 de mayo de 2009, de la Secretaría de Estado de Energía, por la que se aprueban los procedimientos de operación del sistema 1.6, 3.1, 3.2, 3.3, 3.7, 7.2, 7.3 y 9 para su adaptación a la nueva normativa eléctrica."
2009-05-30,131,1,BOE-A-2009-8954,MINISTERIO DE ASUNTOS EXTERIORES Y DE COOPERACIÓN,estatal,Resolución,45165,45169,"Resolución de 27 de mayo de 2009, de la Secretaría General Técnica, sobre la modificación al Anexo II, Normas para la concesión de autorizaciones para uso con fines terapéuticos, en vigor desde el 1 de enero de 2009, de la Convención Internacional contra el dopaje en el deporte, firmada en París el 18 de noviembre de 2005 y publicada en el ""Boletín Oficial del Estado"" nº 41, de 16 de febrero de 2007."
2009-05-30,131,1,BOE-A-2009-8955,MINISTERIO DE ECONOMÍA Y HACIENDA,estatal,Orden,45170,45302,"Orden EHA/1375/2009, de 26 de mayo, por la que se aprueban los modelos de declaración del Impuesto sobre Sociedades y del Impuesto sobre la Renta de no Residentes correspondiente a establecimientos permanentes y a entidades en régimen de atribución de rentas constituidas en el extranjero con presencia en territorio español, para los periodos impositivos iniciados entre el 1 de enero y el 31 de diciembre de 2008, se dictan instrucciones relativas al procedimiento de declaración e ingreso y se establecen las condiciones generales y el procedimiento para su presentación telemática y se modifican otras disposiciones relativas a la gestión de determinadas autoliquidaciones."
2009-05-30,131,1,BOE-A-2009-8956,MINISTERIO DE ECONOMÍA Y HACIENDA,estatal,Resolución,45303,45307,"Resolución de 29 de mayo de 2009, de la Presidencia del Comisionado para el Mercado de Tabacos, por la que se publican los precios de venta al público de determinadas labores de tabaco en Expendedurías de Tabaco y Timbre del Área del Monopolio."
2009-05-30,131,1,BOE-A-2009-8957,MINISTERIO DEL INTERIOR,estatal,Orden,45308,45310,"Orden INT/1376/2009, de 25 de mayo, por la que se complementa la regulación sobre distintivos en el Cuerpo Nacional de Policía."
2009-05-30,131,1,BOE-A-2009-8958,MINISTERIO DE EDUCACIÓN,estatal,Real Decreto,45311,45323,"Real Decreto 922/2009, de 29 de mayo, por el que se establecen los umbrales de renta y patrimonio familiar y las cuantías de las becas y ayudas al estudio del Ministerio de Educación para el curso 2009-2010."
2009-05-30,131,1,BOE-A-2009-8959,"MINISTERIO DE INDUSTRIA, TURISMO Y COMERCIO",estatal,Orden,45324,45326,"Orden ITC/1377/2009, de 27 de mayo, por la que se modifican las cuotas de la Corporación de Reservas Estratégicas de Productos Petrolíferos correspondientes al ejercicio 2009."
2009-05-30,131,1,BOE-A-2009-8960,"MINISTERIO DE INDUSTRIA, TURISMO Y COMERCIO",estatal,Resolución,45327,45385,"Resolución de 28 de mayo de 2009, de la Secretaría de Estado de Energía, por la que se aprueba el procedimiento de operación del sistema 4.1 y se autoriza la aplicación de las Reglas conjuntas de asignación de capacidad para la interconexión Francia-España (Reglas IFE) versión 3.0."
2009-05-30,131,1,BOE-A-2009-8961,MINISTERIO DE LA PRESIDENCIA,estatal,Real Decreto,45386,45408,"Real Decreto 899/2009, de 22 de mayo, por el que se aprueba la carta de derechos del usuario de los servicios de comunicaciones electrónicas."
2009-05-30,131,1,BOE-A-2009-8962,MINISTERIO DE LA PRESIDENCIA,estatal,Real Decreto,45409,45411,"Real Decreto 900/2009, de 22 de mayo, por el que se modifica el Real Decreto 2583/1996, de 13 de diciembre, de estructura orgánica y funciones del Instituto Nacional de la Seguridad Social y de modificación parcial de las correspondientes a la Tesorería General de la Seguridad Social."
2009-06-01,132,1,BOE-A-2009-9041,TRIBUNAL CONSTITUCIONAL,estatal,Resolución judicial,45759,45759,"Cuestión de inconstitucionalidad nº 5927-2005, en relación con el artículo 31.c), segundo párrafo, de la Ley de Cantabria 1/2002, de 26 de febrero, del Comercio."
2009-06-01,132,1,BOE-A-2009-9042,MINISTERIO DE ASUNTOS EXTERIORES Y DE COOPERACIÓN,estatal,Tratado o acuerdo internacional,45760,45762,"Acuerdo entre el Reino de España y la República de Estonia para la representación en la expedición de visados Schengen, hecho en Madrid el 11 de febrero de 2009."
2009-06-01,132,1,BOE-A-2009-9043,MINISTERIO DE LA PRESIDENCIA,estatal,Real Decreto,45763,46048,"Real Decreto 862/2009, de 14 de mayo, por el que se aprueban las normas técnicas de diseño y operación de aeródromos de uso público y se regula la certificación de los aeropuertos de competencia del Estado."
2009-06-01,132,1,BOE-A-2009-9044,COMUNIDAD AUTÓNOMA DE CANARIAS,autonómico,Ley,46049,46054,"Ley 3/2009, de 24 de abril, de la Agencia Canaria de Desarrollo Sostenible y Cambio Climático."
2009-06-01,132,1,BOE-A-2009-9045,COMUNIDAD AUTÓNOMA DE CANARIAS,autonómico,Ley,46055,46069,"Ley 4/2009, de 24 de abril, Canaria de Cooperación Internacional para el Desarrollo."
2009-06-01,132,1,BOE-A-2009-9046,COMUNIDAD AUTÓNOMA DE CANARIAS,autonómico,Ley,46070,46078,"Ley 5/2009, de 24 de abril, por la que se modifica la Ley 11/2003, de 4 de abril, sobre Consejos Sociales y Coordinación del Sistema Universitario de Canarias."
2009-06-01,132,1,BOE-A-2009-9047,COMUNIDAD AUTÓNOMA DE CANARIAS,autonómico,Ley,46079,46113,"Ley 6/2009, de 6 de mayo, de medidas urgentes en materia de ordenación territorial para la dinamización sectorial y la ordenación del turismo."
2009-06-01,132,1,BOE-A-2009-9048,COMUNIDAD AUTÓNOMA DE CANARIAS,autonómico,Ley,46114,46120,"Ley 7/2009, de 6 de mayo, de modificación del Texto refundido de las Leyes de Ordenación del Territorio de Canarias y de Espacios Naturales de Canarias sobre declaración y ordenación de áreas urbanas en el litoral canario."
2009-06-02,133,1,BOE-A-2009-9104,MINISTERIO DE ASUNTOS EXTERIORES Y DE COOPERACIÓN,estatal,Orden,46251,46251,"Orden AEC/1416/2009, de 22 de mayo, por la que se crea la Oficina Consular Honoraria de España en la Isla de San Martín (Jamaica)."
2009-06-02,133,1,BOE-A-2009-9105,MINISTERIO DE ASUNTOS EXTERIORES Y DE COOPERACIÓN,estatal,Orden,46252,46252,"Orden AEC/1417/2009, de 22 de mayo, por la que se crea una Oficina Consular Honoraria de España en Innsbruck (Austria)."
2009-06-02,133,1,BOE-A-2009-9106,MINISTERIO DE ASUNTOS EXTERIORES Y DE COOPERACIÓN,estatal,Orden,46253,46253,"Orden AEC/1418/2009, de 25 de mayo, por la que se crea una Oficina Consular Honoraria de España en Salinas (Ecuador)."
2009-06-02,133,1,BOE-A-2009-9107,MINISTERIO DE ASUNTOS EXTERIORES Y DE COOPERACIÓN,estatal,Orden,46254,46254,"Orden AEC/1419/2009, de 25 de mayo, por la que se suprime el Consulado Honorario de España en Guayaquil (Ecuador)."
2009-06-02,133,1,BOE-A-2009-9108,MINISTERIO DE ECONOMÍA Y HACIENDA,estatal,Orden,46255,46259,"Orden EHA/1420/2009, de 22 de mayo, por la que se modifica la lista de entidades contratantes que figuran en la disposición adicional segunda de la Ley 31/2007, de 30 de octubre, sobre procedimientos de contratación en los sectores del agua, la energía, los transportes y los servicios postales."
2009-06-02,133,1,BOE-A-2009-9109,MINISTERIO DE ECONOMÍA Y HACIENDA,estatal,Orden,46260,46264,"Orden EHA/1421/2009, de 1 de junio, por la que se desarrolla el artículo 82 de la Ley 24/1988, de 28 de julio, del Mercado de Valores, en materia de información relevante."
2009-06-02,133,1,BOE-A-2009-9110,COMUNITAT VALENCIANA,autonómico,Ley,46265,46265,"Ley 4/2009, de 5 de mayo, de reforma del artículo 5.4 de la Ley 11/1988, de 26 de diciembre, del Síndic de Greuges."
2009-06-03,134,1,BOE-A-2009-9177,MINISTERIO DE ASUNTOS EXTERIORES Y DE COOPERACIÓN,estatal,Tratado o acuerdo internacional,46508,46518,"Aplicación provisional del Acuerdo de Cooperación en materia de inmigración entre el Reino de España y la República de Guinea Bissau, hecho ""ad referendum"" en Bissau el 27 de enero de 2008 y Canje de Notas de fechas 11 de julio y 29 de septiembre de 2008, efectuando rectificaciones."
2009-06-03,134,1,BOE-A-2009-9178,MINISTERIO DE ECONOMÍA Y HACIENDA,estatal,Orden,46519,46522,"Orden EHA/1429/2009, de 21 de mayo, por la que se acuerda la emisión, acuñación y puesta en circulación de monedas de colección de la II Serie de ""Pintores Españoles""."
2009-06-03,134,1,BOE-A-2009-9179,MINISTERIO DE ECONOMÍA Y HACIENDA,estatal,Orden,46523,46524,"Orden EHA/1430/2009, de 21 de mayo, por la que se modifican los precios de venta al público de monedas de colección."
2009-06-03,134,1,BOE-A-2009-9180,MINISTERIO DE LA PRESIDENCIA,estatal,Orden,46525,46527,"Orden PRE/1431/2009, de 29 de mayo, por la que se modifica el anexo ll del Real Decreto 3454/2000, de 22 de diciembre, por el que se establece y regula el programa integral coordinado de vigilancia y control de las encefalopatías espongiformes transmisibles de los animales."
2009-06-04,135,1,BOE-A-2009-9245,MINISTERIO DE ASUNTOS EXTERIORES Y DE COOPERACIÓN,estatal,Tratado o acuerdo internacional,47269,47276,"Acuerdo entre el Gobierno del Reino de España y el Gobierno de la República Popular de China para la cooperación en los usos pacíficos de la energía nuclear, hecho en Madrid el 14 de noviembre de 2005."
2009-06-04,135,1,BOE-A-2009-9246,MINISTERIO DE ASUNTOS EXTERIORES Y DE COOPERACIÓN,estatal,Tratado o acuerdo internacional,47277,47280,"Acuerdo entre el Reino de España y la República del Paraguay sobre el libre ejercicio de actividades remuneradas para familiares dependientes del personal diplomático, consular, administrativo y técnico de Misiones diplomáticas y Oficinas consulares, hecho en Córdoba el 15 de febrero de 2008."
2009-06-04,135,1,BOE-A-2009-9247,MINISTERIO DE EDUCACIÓN,estatal,Orden,47281,47285,"Orden EDU/1434/2009, de 29 de mayo, por la que se actualizan los anexos del Real Decreto 1892/2008, de 14 de noviembre, por el que se regulan las condiciones para el acceso a las enseñanzas universitarias oficiales de grado y los procedimientos de admisión a las universidades públicas españolas."
2009-06-05,136,1,BOE-A-2009-9324,MINISTERIO DE ASUNTOS EXTERIORES Y DE COOPERACIÓN,estatal,Tratado o acuerdo internacional,47545,47548,"Acuerdo entre el Reino de España y la República de Cabo Verde sobre vigilancia conjunta de los espacios marítimos bajo soberanía y jurisdicción de Cabo Verde, hecho en Praia el 21 de febrero de 2008."
2009-06-05,136,1,BOE-A-2009-9325,MINISTERIO DE ASUNTOS EXTERIORES Y DE COOPERACIÓN,estatal,Tratado o acuerdo internacional,47549,47565,"Convenio entre el Reino de España y la República de El Salvador para evitar la doble imposición y prevenir la evasión fiscal en materia de impuestos sobre la renta y sobre el patrimonio, hecho en Madrid el 7 de julio de 2008."
2009-06-05,136,1,BOE-A-2009-9326,MINISTERIO DE ASUNTOS EXTERIORES Y DE COOPERACIÓN,estatal,Tratado o acuerdo internacional,47566,47625,"Acta de Revisión del Convenio sobre concesión de la Patente Europea de 5 de octubre de 1973, revisado el 17 de diciembre de 1991, hecha en Munich el 29 de noviembre de 2000. (Su aplicación provisional fue publicada en el B.O.E. nº 22 de 25 de enero de 2003). Reglamento de Ejecución del Convenio relativo a la Patente Europea 2000, en la redacción adoptada por el Consejo de Administración en su decisión de 12 de diciembre de 2002."
2009-06-06,137,1,BOE-A-2009-9387,JEFATURA DEL ESTADO,estatal,Corrección,47876,47876,"Corrección de errores del Real Decreto-ley 6/2009, de 30 de abril, por el que se adoptan determinadas medidas en el sector energético y se aprueba el bono social."
2009-06-06,137,1,BOE-A-2009-9388,MINISTERIO DE ASUNTOS EXTERIORES Y DE COOPERACIÓN,estatal,Otras,47877,47879,"Ajustes al Protocolo de Montreal, relativo a las sustancias que agotan la capa de ozono, adoptados en la XIX Reunión de las Partes, en Montreal (Canadá) del 17 al 21 de septiembre de 2007."
2009-06-06,137,1,BOE-A-2009-9389,MINISTERIO DE ADMINISTRACIONES PÚBLICAS,estatal,Corrección,47880,47880,"Corrección de errores del Real Decreto 248/2009, de 27 de febrero, por el que se aprueba la Oferta de Empleo Público para el año 2009."
2009-06-06,137,1,BOE-A-2009-9390,COMUNIDAD AUTÓNOMA DE ARAGÓN,autonómico,Ley,47881,47898,"Ley 2/2009, de 11 de mayo, del Presidente y del Gobierno de Aragón."
2009-06-08,138,1,BOE-A-2009-9480,MINISTERIO DE DEFENSA,estatal,Real Decreto,48060,48067,"Real Decreto 947/2009, de 5 de junio, por el que se fijan las plantillas reglamentarias de oficiales generales, oficiales y suboficiales para el período 2009-2013."
2009-06-08,138,1,BOE-A-2009-9481,MINISTERIO DEL INTERIOR,estatal,Real Decreto,48068,48182,"Real Decreto 818/2009, de 8 de mayo, por el que se aprueba el Reglamento General de Conductores."
2009-06-08,138,1,BOE-A-2009-9482,COMUNIDAD AUTÓNOMA DE CATALUÑA,autonómico,Ley,48183,48184,"Ley 7/2009, de 13 de mayo, de modificación de la Ley 14/2008, de 5 de noviembre, de la Oficina Antifraude de Cataluña."
2009-06-08,138,1,BOE-A-2009-9483,COMUNIDAD AUTÓNOMA DE CATALUÑA,autonómico,Ley,48185,48186,"Ley 8/2009, de 13 de mayo, de modificación de determinados preceptos relativos al interés de demora del texto refundido de la Ley de Finanzas Públicas de Cataluña y de la Ley 15/2008, de 23 de diciembre, de Presupuestos de la Generalidad de Cataluña para el 2009."
2009-06-09,139,1,BOE-A-2009-9540,MINISTERIO DE EDUCACIÓN,estatal,Orden,48468,48504,"Orden EDU/1481/2009, de 4 de junio, por la que se regula la formación de listas de aspirantes a desempeñar puestos en régimen de interinidad en plazas de los cuerpos docentes contemplados en la Ley Orgánica 2/2006, de 3 de mayo, de Educación, en centros y programas de la acción educativa española en el exterior."
2009-06-09,139,1,BOE-A-2009-9541,MINISTERIO DE EDUCACIÓN,estatal,Orden,48505,48544,"Orden EDU/1482/2009, de 4 de junio, por la que se regula la formación de listas de aspirantes a desempeñar puestos en régimen de interinidad en plazas de los cuerpos docentes contemplados en la Ley Orgánica 2/2006, de 3 de mayo, de Educación, en las Ciudades de Ceuta y Melilla."
2009-06-09,139,1,BOE-A-2009-9542,MINISTERIO DE LA PRESIDENCIA,estatal,Real Decreto,48545,48547,"Real Decreto 923/2009, de 29 de mayo, por el que se modifica el Real Decreto 1214/1997, de 18 de julio, por el que se establece la organización del Centro de Investigaciones Sociológicas."
2009-06-09,139,1,BOE-A-2009-9543,MINISTERIO DE LA PRESIDENCIA,estatal,Orden,48548,48549,"Orden PRE/1483/2009, de 29 de mayo, por la que se publica el Acuerdo del Consejo Ministros, de 29 de mayo de 2009, sobre la aplicación de las medidas contempladas en el Real Decreto 307/2005, de 18 de marzo, por el que se regulan las subvenciones en atención a determinadas necesidades derivadas de situaciones de emergencia o de naturaleza catastrófica, a los damnificados por la granizada acaecida en la Comunidad Autónoma de La Rioja el día 24 de mayo de 2009."
2009-06-09,139,1,BOE-A-2009-9544,MINISTERIO DE LA PRESIDENCIA,estatal,Orden,48550,48551,"Orden PRE/1484/2009, de 8 de junio, por la que se da publicidad al Acuerdo del Consejo de Ministros de 5 de junio de 2009, sobre la aplicación de las medidas contempladas en el Real Decreto 307/2005, de 18 de marzo, por el que se regulan las subvenciones en atención a determinadas necesidades derivadas de situaciones de emergencia o de naturaleza catastrófica, a los damnificados por las tormentas y granizadas acaecidas entre los días 22 y 24 de mayo en las Comunidades Autónomas de Navarra, Aragón, Castilla y León, Extremadura y Castilla-La Mancha."
2009-06-10,140,1,BOE-A-2009-9624,MINISTERIO DE EDUCACIÓN,estatal,Orden,48981,48984,"Orden EDU/1499/2009, de 4 de junio, por la que se crea el Foro de la Educación en la Ciudad de Ceuta."
2009-06-10,140,1,BOE-A-2009-9625,MINISTERIO DE EDUCACIÓN,estatal,Orden,48985,48988,"Orden EDU/1500/2009, de 4 de junio, por la que se crea el Foro de la Educación en la Ciudad de Melilla."
2009-06-10,140,1,BOE-A-2009-9626,MINISTERIO DE TRABAJO E INMIGRACIÓN,estatal,Resolución,48989,48992,"Resolución de 27 de mayo de 2009, de la Dirección General de Ordenación de la Seguridad Social, por la que se dictan instrucciones en materia de cálculo de capitales coste y sobre constitución por las mutuas de accidentes de trabajo y enfermedades profesionales de la Seguridad Social del capital coste correspondiente a determinadas prestaciones derivadas de enfermedades profesionales."
2009-06-10,140,1,BOE-A-2009-9627,"MINISTERIO DE INDUSTRIA, TURISMO Y COMERCIO",estatal,Resolución,48993,49001,"Resolución de 9 de junio de 2009, de la Secretaría de Estado de Turismo, por la que se publica el Acuerdo de Consejo de Ministros de 29 de mayo de 2009, por el que se modifica la normativa reguladora de los préstamos previstos en el Plan de Renovación de Instalaciones Turísticas (Plan Renove Turismo 2009), del Ministerio de Industria, Turismo y Comercio y se amplía su dotación económica."
2009-06-10,140,1,BOE-A-2009-9628,MINISTERIO DE LA PRESIDENCIA,estatal,Orden,49002,49004,"Orden PRE/1501/2009, de 4 de junio, por la que se modifica el anexo del Real Decreto 465/2003, de 25 de abril, sobre las sustancias indeseables en la alimentación animal."
2009-06-10,140,1,BOE-A-2009-9629,COMUNIDAD DE CASTILLA Y LEÓN,autonómico,Ley,49005,49010,"Ley 4/2009, de 28 de mayo, de publicidad institucional de Castilla y León."
2009-06-11,141,1,BOE-A-2009-9717,TRIBUNAL SUPREMO,estatal,Resolución judicial,49360,49360,"Sentencia de 10 de marzo de 2009, de la Sala Tercera del Tribunal Supremo, por la que se declara nulo el párrafo segundo del artículo 36 y el inciso ""del Ministerio de Industria, Turismo y Comercio"" del apartado 5.4 del Plan Nacional de Numeración Telefónica incluido como Anexo en el Real Decreto nº 2296/2004, de 10 de diciembre, por el que se aprueba el Reglamento sobre mercados de comunicaciones electrónicas."
2009-06-11,141,1,BOE-A-2009-9718,TRIBUNAL SUPREMO,estatal,Resolución judicial,49361,49361,"Sentencia de 2 de abril de 2009, de la Sala Tercera del Tribunal Supremo, por la que se desestima la cuestión de ilegalidad planteada por la Sección 2ª de la Sala de lo Contencioso-Administrativo del Tribunal Superior de Justicia de Castilla-La Mancha en relación con lo dispuesto en el artículo 332 del Reglamento del Dominio Público Hidráulico aprobado por Real Decreto 849/1986, de 11 de abril."
2009-06-11,141,1,BOE-A-2009-9719,TRIBUNAL SUPREMO,estatal,Resolución judicial,49362,49362,"Sentencia de 21 de abril de 2009, de la Sala Tercera del Tribunal Supremo, por la que se declara nulo el Real Decreto 1068/2007, de 27 de julio, por el que se regula la puesta en marcha del suministro de último recurso en el sector del gas natural."
2009-06-12,142,1,BOE-A-2009-9787,"MINISTERIO DE MEDIO AMBIENTE, Y MEDIO RURAL Y MARINO",estatal,Corrección,49709,49709,"Corrección de errores del Real Decreto 244/2009, de 27 de febrero, para la aplicación de las medidas del programa de apoyo al sector vitivinícola español."
2009-06-13,143,1,BOE-A-2009-9836,JEFATURA DEL ESTADO,estatal,Real Decreto-ley,49890,49902,"Real Decreto-ley 8/2009, de 12 de junio, por el que se conceden créditos extraordinarios y suplementos de crédito, por importe total de 19.821,28 millones de euros, y se modifican determinados preceptos de la Ley 38/1992, de 28 de diciembre, de Impuestos Especiales."
2009-06-13,143,1,BOE-A-2009-9837,MINISTERIO DE ECONOMÍA Y HACIENDA,estatal,Real Decreto,49903,49904,"Real Decreto 972/2009, de 12 de junio, por el que se dispone la formación del Censo Agrario de 2009."
2009-06-13,143,1,BOE-A-2009-9838,MINISTERIO DEL INTERIOR,estatal,Resolución,49905,49935,"Resolución de 1 de junio de 2009, de la Dirección General de Tráfico, por la que se aprueba el Manual de Señalización Variable."
2009-06-13,143,1,BOE-A-2009-9839,"MINISTERIO DE INDUSTRIA, TURISMO Y COMERCIO",estatal,Orden,49936,49939,"Orden ITC/1548/2009, de 4 de junio, por la que se establecen las obligaciones de presentación de información de carácter contable y económico-financiero para las empresas que desarrollen actividades eléctricas, de gas natural y gases manufacturados por canalización."
2009-06-13,143,1,BOE-A-2009-9840,"MINISTERIO DE INDUSTRIA, TURISMO Y COMERCIO",estatal,Orden,49940,49947,"Orden ITC/1549/2009, de 10 de junio, por la que se actualiza el anexo III de la Orden ITC/4112/2005, de 30 de diciembre, por la que se establece el régimen aplicable para la realización de intercambios intracomunitarios e internacionales de energía eléctrica."
2009-06-13,143,1,BOE-A-2009-9841,MINISTERIO DE LA PRESIDENCIA,estatal,Real Decreto,49948,49993,"Real Decreto 975/2009, de 12 de junio, sobre gestión de los residuos de las industrias extractivas y de protección y rehabilitación del espacio afectado por actividades mineras."
2009-06-15,144,1,BOE-A-2009-9900,MINISTERIO DE TRABAJO E INMIGRACIÓN,estatal,Real Decreto,50254,50257,"Real Decreto 897/2009, de 22 de mayo, por el que se modifica el Reglamento general de recaudación de la Seguridad Social, aprobado por el Real Decreto 1415/2004, de 11 de junio."
2009-06-15,144,1,BOE-A-2009-9901,"MINISTERIO DE INDUSTRIA, TURISMO Y COMERCIO",estatal,Resolución,50258,50259,"Resolución de 3 de junio de 2009, de la Dirección General de Política Energética y Minas, por la que se hacen públicos los nuevos precios de venta, antes de impuestos, de los gases licuados del petróleo por canalización."
2009-06-16,145,1,BOE-A-2009-9973,JEFATURA DEL ESTADO,estatal,Ley,50509,50518,"Ley 4/2009, de 15 de junio, de control de precursores de drogas."
2009-06-16,145,1,BOE-A-2009-9974,TRIBUNAL CONSTITUCIONAL,estatal,Resolución judicial,50519,50519,"Recurso de inconstitucionalidad nº 4806-2009, en relación con los artículos 4 y 5 del Real Decreto-ley 1/2009, de 23 de febrero, de medidas urgentes en materia de telecomunicaciones."
2009-06-16,145,1,BOE-A-2009-9975,TRIBUNAL CONSTITUCIONAL,estatal,Resolución judicial,50520,50520,"Cuestión de inconstitucionalidad nº 4095-2003, en relación con la disposición adicional trigésimo cuarta, apartado 1, de la Ley 55/1999, de 29 de diciembre, de Medidas Fiscales, Administrativas y de Orden Social."
2009-06-16,145,1,BOE-A-2009-9976,TRIBUNAL CONSTITUCIONAL,estatal,Resolución judicial,50521,50521,"Cuestión de inconstitucionalidad nº 5861-2003, en relación con la disposición adicional trigésimo cuarta, apartado 1, de la Ley 55/1999, de 29 de diciembre, de Medidas Fiscales, Administrativas y de Orden Social."
2009-06-16,145,1,BOE-A-2009-9977,TRIBUNAL CONSTITUCIONAL,estatal,Resolución judicial,50522,50522,"Cuestión de inconstitucionalidad nº 6301-2003, en relación con la disposición adicional trigésimo cuarta, apartado 1, de la Ley 55/1999, de 29 de diciembre, de Medidas Fiscales, Administrativas y de Orden Social."
2009-06-16,145,1,BOE-A-2009-9978,TRIBUNAL CONSTITUCIONAL,estatal,Resolución judicial,50523,50523,"Cuestión de inconstitucionalidad nº 696-2004, en relación con la disposición adicional trigésimo cuarta, apartado 1, de la Ley 55/1999, de 29 de diciembre, de Medidas Fiscales, Administrativas y de Orden Social."
2009-06-16,145,1,BOE-A-2009-9979,MINISTERIO DE ECONOMÍA Y HACIENDA,estatal,Resolución,50524,50530,"Resolución de 15 de junio de 2009, de la Presidencia del Comisionado para el Mercado de Tabacos, por la que se publican los precios de venta al público de determinadas labores de tabaco en Expendedurías de Tabaco y Timbre de la Península e Illes Balears."
2009-06-16,145,1,BOE-A-2009-9980,MINISTERIO DE LA PRESIDENCIA,estatal,Real Decreto,50531,50538,"Real Decreto 950/2009, de 5 de junio, por el que se modifica el Real Decreto 508/2001, de 11 de mayo, por el que se aprueba el Estatuto del Instituto Nacional de Estadística."
2009-06-16,145,1,BOE-A-2009-9981,MINISTERIO DE LA PRESIDENCIA,estatal,Orden,50539,50540,"Orden PRE/1597/2009, de 15 de junio, por la que se crea la Comisión de Seguimiento del Plan de Derechos Humanos del Gobierno de España."
2009-06-16,145,1,BOE-A-2009-9982,MINISTERIO DE SANIDAD Y POLÍTICA SOCIAL,estatal,Real Decreto,50541,50550,"Real Decreto 924/2009, de 29 de mayo, por el que se regula la concesión directa de subvenciones a las comunidades autónomas y ciudades de Ceuta y Melilla a través del Instituto de Gestión Sanitaria para la implementación de las estrategias del Sistema Nacional de Salud en cuidados paliativos, seguridad de pacientes, prevención de la violencia de género y atención al parto normal en el año 2009."
2009-06-16,145,1,BOE-A-2009-9983,COMUNIDAD AUTÓNOMA DE CATALUÑA,autonómico,Resolución,50551,50551,"Resolución IRP/1514/2009, de 29 de mayo, por la que se modifica la Resolución IRP/20/2009, de 14 de enero, por la que se establecen las medidas de regulación de la circulación y del transporte de mercancías por las carreteras de Cataluña para el año 2009."
2009-06-16,145,1,BOE-A-2009-9984,UNIVERSIDADES,estatal,Resolución,50552,50552,"Resolución de 8 de junio de 2009, de la Secretaría General del Consejo de Coordinación Universitaria, por la que se publica el acuerdo de 2 de junio de 2009, de la Conferencia General de Política Universitaria, por el que se fijan los límites de precios públicos por estudios conducentes a la obtención de títulos universitarios oficiales para el curso 2009-2010."
2009-06-17,146,1,BOE-A-2009-10051,MINISTERIO DE ECONOMÍA Y HACIENDA,estatal,Corrección,51028,51028,"Corrección de errores de la Orden EHA/1039/2009, de 28 de abril, por la que se reducen para el período impositivo 2008 los índices de rendimiento neto aplicables en el método de estimación objetiva del Impuesto sobre la Renta de las Personas Físicas para las actividades agrícolas y ganaderas afectadas por diversas circunstancias excepcionales y se modifican la magnitud específica y los módulos aprobados para la actividad económica de transporte de mensajería y recadería por la Orden EHA/3413/2008, de 26 de noviembre, por la que se desarrollan para el año 2009 el método de estimación objetiva del Impuesto sobre la Renta de las Personas Físicas y el régimen especial simplificado del Impuesto sobre el Valor Añadido."
2009-06-17,146,1,BOE-A-2009-10052,MINISTERIO DE ECONOMÍA Y HACIENDA,estatal,Resolución,51029,51029,"Resolución de 2 de junio de 2009, del Departamento de Recaudación de la Agencia Estatal de Administración Tributaria, por la que se modifica el plazo de ingreso en periodo voluntario de los recibos del Impuesto sobre Actividades Económicas del ejercicio 2009 relativos a las cuotas nacionales y provinciales y se establece el lugar de pago de dichas cuotas."
2009-06-17,146,1,BOE-A-2009-10053,MINISTERIO DE ECONOMÍA Y HACIENDA,estatal,Resolución,51030,51036,"Resolución de 16 de junio de 2009, de la Presidencia del Comisionado para el Mercado de Tabacos, por la que se publican los precios de venta al público de determinadas labores de tabaco en Expendedurías de Tabaco y Timbre de la Península e Illes Balears."
2009-06-17,146,1,BOE-A-2009-10054,MINISTERIO DE EDUCACIÓN,estatal,Orden,51037,51040,"Orden EDU/1603/2009, de 10 de junio, por la que se establecen equivalencias con los títulos de Graduado en Educación Secundaria Obligatoria y de Bachiller regulados en la Ley Orgánica 2/2006, de 3 de mayo, de Educación."
2009-06-17,146,1,BOE-A-2009-10055,"MINISTERIO DE INDUSTRIA, TURISMO Y COMERCIO",estatal,Resolución,51041,51041,"Resolución de 9 de junio de 2009, de la Dirección General de Política Energética y Minas, por la que se corrigen errores de la de 14 de mayo de 2009, por la que se establece el procedimiento de facturación con estimación del consumo de energía eléctrica y su regularización con lecturas reales."
2009-06-18,147,1,BOE-A-2009-10110,CORTES GENERALES,estatal,Resolución,51239,51239,"Resolución de 10 de junio de 2009, del Congreso de los Diputados, por la que se ordena la publicación del Acuerdo de convalidación del Real Decreto-ley 7/2009, de 22 de mayo, de concesión de un crédito extraordinario al Presupuesto del Ministerio de Industria, Turismo y Comercio, para la ayuda a la adquisición de vehículos y la renovación del parque de vehículos Plan 2000 E, por importe de 100.000.000 de euros."
2009-06-18,147,1,BOE-A-2009-10111,MINISTERIO DE ASUNTOS EXTERIORES Y DE COOPERACIÓN,estatal,Tratado o acuerdo internacional,51240,51244,"Aplicación provisional del Convenio entre el Gobierno del Reino de España y el Gobierno de la Federación de Rusia sobre el tránsito de equipos militares y personal a través del territorio de la Federación de Rusia con motivo de la participación de las Fuerzas Armadas del Reino de España en los esfuerzos de estabilización y reconstrucción de la República Islámica de Afganistan, hecho en Madrid, el 3 de marzo de 2009."
2009-06-18,147,1,BOE-A-2009-10112,MINISTERIO DE ECONOMÍA Y HACIENDA,estatal,Corrección,51245,51245,"Corrección de errores del Real Decreto 817/2009, de 8 de mayo, por el que se desarrolla parcialmente la Ley 30/2007, de 30 de octubre, de Contratos del Sector Público."
2009-06-18,147,1,BOE-A-2009-10113,MINISTERIO DE ECONOMÍA Y HACIENDA,estatal,Orden,51246,51247,"Orden EHA/1621/2009, de 17 de junio, por la que se eleva a 18.000 euros el límite exento de la obligación de aportar garantía en las solicitudes de aplazamiento o fraccionamiento de deudas derivadas de tributos cedidos cuya gestión recaudatoria corresponda a las Comunidades Autónomas."
2009-06-18,147,1,BOE-A-2009-10114,MINISTERIO DE ECONOMÍA Y HACIENDA,estatal,Resolución,51248,51251,"Resolución de 17 de junio de 2009, de la Presidencia del Comisionado para el Mercado de Tabacos, por la que se publican los precios de venta al público de determinadas labores de tabaco en Expendedurías de Tabaco y Timbre del Área del Monopolio."
2009-06-18,147,1,BOE-A-2009-10115,MINISTERIO DE EDUCACIÓN,estatal,Orden,51252,51349,"Orden EDU/1622/2009, de 10 de junio, por la que se regula la enseñanza básica para las personas adultas presencial y a distancia, en el ámbito de gestión del Ministerio de Educación."
2009-06-19,148,1,BOE-A-2009-10166,MINISTERIO DE ASUNTOS EXTERIORES Y DE COOPERACIÓN,estatal,Tratado o acuerdo internacional,51558,51564,"Aplicación provisional del Canje de Notas de fechas 27 de noviembre de 2008 y 9 de marzo de 2009, constitutivo de Acuerdo entre el Reino de España y la República de Serbia sobre el reconocimiento recíproco y el canje de los permisos de conducción nacionales."
2009-06-20,149,1,BOE-A-2009-10219,MINISTERIO DE ECONOMÍA Y HACIENDA,estatal,Resolución,51643,51644,"Resolución de 19 de junio de 2009, de la Presidencia del Comisionado para el Mercado de Tabacos, por la que se publican los precios de venta al público de determinadas labores de tabaco en Expendedurías de Tabaco y Timbre de la Península e Illes Balears."
2009-06-20,149,1,BOE-A-2009-10220,"MINISTERIO DE INDUSTRIA, TURISMO Y COMERCIO",estatal,Real Decreto,51645,51660,"Real Decreto 1011/2009, de 19 de junio, por el que se regula la Oficina de Cambios de Suministrador."
2009-06-20,149,1,BOE-A-2009-10221,"MINISTERIO DE MEDIO AMBIENTE, Y MEDIO RURAL Y MARINO",estatal,Real Decreto,51661,51665,"Real Decreto 948/2009, de 5 de junio, por el que se determinan la composición, las funciones y las normas de funcionamiento del Consejo Estatal para el Patrimonio Natural y la Biodiversidad."
2009-06-20,149,1,BOE-A-2009-10222,"MINISTERIO DE MEDIO AMBIENTE, Y MEDIO RURAL Y MARINO",estatal,Real Decreto,51666,51673,"Real Decreto 1012/2009, de 19 de junio, por el que se convoca una asignación directa de cuotas lácteas integradas en la reserva nacional y se modifica el Real Decreto 347/2003, de 21 de marzo, por el que se regula el sistema de gestión de cuota láctea."
2009-06-20,149,1,BOE-A-2009-10223,COMUNIDAD AUTÓNOMA DE ANDALUCÍA,autonómico,Ley,51674,51675,"Ley 2/2009, de 2 de abril, por la que se autoriza la transmisión de la titularidad del inmueble denominado Palacio de los Condes de Buenavista, sito en Málaga, c/ San Agustín, nº 8."
2009-06-22,150,1,BOE-A-2009-10261,"MINISTERIO DE MEDIO AMBIENTE, Y MEDIO RURAL Y MARINO",estatal,Orden,51764,51765,"Orden ARM/1647/2009, de 15 de junio, por la que se regula la pesca de especies altamente migratorias."
2009-06-22,150,1,BOE-A-2009-10262,MINISTERIO DE SANIDAD Y POLÍTICA SOCIAL,estatal,Resolución,51766,51782,"Resolución de 16 de junio de 2009, del Instituto Nacional de Gestión Sanitaria, sobre revisión de precios a aplicar por los centros sanitarios de las Ciudades Autónomas de Ceuta y Melilla por las asistencias prestadas en los supuestos cuyo importe ha de reclamarse a los terceros obligados al pago o a los usuarios sin derecho a la asistencia sanitaria de la Seguridad Social, así como por los servicios prestados por el Centro Nacional de Dosimetría y por la reproducción de documentos de la biblioteca de la entidad gestora."
2009-06-23,151,1,BOE-A-2009-10326,MINISTERIO DE ECONOMÍA Y HACIENDA,estatal,Orden,52234,52250,"Orden EHA/1658/2009, de 12 de junio, por la que se establecen el procedimiento y las condiciones para la domiciliación del pago de determinadas deudas cuya gestión tiene atribuida la Agencia Estatal de Administración Tributaria."
2009-06-23,151,1,BOE-A-2009-10327,MINISTERIO DEL INTERIOR,estatal,Resolución,52251,52251,"Resolución de 16 de junio de 2009, de la Dirección General de Tráfico, por la que se corrigen errores de la de 1 de junio de 2009, por la que se aprueba el Manual de Señalización Variable."
2009-06-23,151,1,BOE-A-2009-10328,"MINISTERIO DE INDUSTRIA, TURISMO Y COMERCIO",estatal,Orden,52252,52279,"Orden ITC/1659/2009, de 22 de junio, por la que se establece el mecanismo de traspaso de clientes del mercado a tarifa al suministro de último recurso de energía eléctrica y el procedimiento de cálculo y estructura de las tarifas de último recurso de energía eléctrica."
2009-06-23,151,1,BOE-A-2009-10329,"MINISTERIO DE INDUSTRIA, TURISMO Y COMERCIO",estatal,Orden,52280,52287,"Orden ITC/1660/2009, de 22 de junio, por la que se establece la metodología de cálculo de la tarifa de último recurso de gas natural."
2009-06-23,151,1,BOE-A-2009-10330,"MINISTERIO DE INDUSTRIA, TURISMO Y COMERCIO",estatal,Resolución,52288,52290,"Resolución de 17 de junio de 2009, de la Subsecretaría, por la que se establece la aplicación del procedimiento para la presentación de la autoliquidación y las condiciones para el pago por vía telemática de la tasa por la prestación de servicios y gestión de permisos y certificados CITES establecida en la Ley 32/2007, de 7 de noviembre, para el cuidado de los animales, en su explotación, transporte, experimentación y sacrificio."
2009-06-23,151,1,BOE-A-2009-10331,"MINISTERIO DE MEDIO AMBIENTE, Y MEDIO RURAL Y MARINO",estatal,Real Decreto,52291,52301,"Real Decreto 949/2009, de 5 de junio, por el que se establecen las bases reguladoras de las subvenciones estatales para fomentar la aplicación de los procesos técnicos del Plan de biodigestión de purines."
2009-06-23,151,1,BOE-A-2009-10332,MINISTERIO DE IGUALDAD,estatal,Orden,52302,52303,"Orden IGD/1661/2009, de 17 de junio, por la que se regulan las características y las condiciones de otorgamiento y empleo de la Medalla y la Placa a la Promoción de los Valores de Igualdad."
2009-06-24,152,1,BOE-A-2009-10428,"MINISTERIO DE MEDIO AMBIENTE, Y MEDIO RURAL Y MARINO",estatal,Orden,52634,52639,"Orden ARM/1671/2009, de 16 de junio, por la que se modifican los anexos I, II, IV y V del Real Decreto 58/2005, de 21 de enero, por el que se adoptan medidas de protección contra la introducción y difusión en el territorio nacional y de la comunidad europea de organismos nocivos para los vegetales o productos vegetales, así como para la exportación y tránsito hacia países terceros."
2009-06-25,153,1,BOE-A-2009-10479,MINISTERIO DE ECONOMÍA Y HACIENDA,estatal,Orden,52841,52881,"Orden EHA/1681/2009, de 12 de junio, por la que se modifica la Orden del Ministerio de Hacienda de 12 de diciembre de 2000, por la que se regula la elaboración de la Cuenta General del Estado."
2009-06-25,153,1,BOE-A-2009-10480,MINISTERIO DE ECONOMÍA Y HACIENDA,estatal,Resolución,52882,52910,"Resolución de 3 de junio de 2009, de la Dirección General de la Agencia Estatal de Administración Tributaria, sobre asistencia a los obligados tributarios y ciudadanos en su identificación telemática ante las Entidades colaboradoras con ocasión de la tramitación de procedimientos tributarios y, en particular, para el pago de deudas por el sistema de cargo en cuenta o mediante la utilización de tarjetas de crédito o débito."
2009-06-25,153,1,BOE-A-2009-10481,MINISTERIO DE FOMENTO,estatal,Resolución,52911,52914,"Resolución de 5 de junio de 2009, de la Dirección General de Transporte Terrestre, por la que se modifica la de 19 de abril de 2007, por la que se establecen los controles mínimos sobre las jornadas de trabajo de los conductores en el transporte por carretera."
2009-06-25,153,1,BOE-A-2009-10482,MINISTERIO DE LA PRESIDENCIA,estatal,Real Decreto,52915,52917,"Real Decreto 976/2009, de 12 de junio, por el que se suprime la Consejería de Trabajo y Asuntos Sociales de la Misión Diplomática Permanente de España en Costa Rica y se actualiza la denominación de las Consejerías del Ministerio de Trabajo e Inmigración en el exterior."
2009-06-27,155,1,BOE-A-2009-10575,JEFATURA DEL ESTADO,estatal,Real Decreto-ley,53194,53212,"Real Decreto-ley 9/2009, de 26 de junio, sobre reestructuración bancaria y reforzamiento de los recursos propios de las entidades de crédito."
2009-06-27,155,1,BOE-A-2009-10576,MINISTERIO DE ECONOMÍA Y HACIENDA,estatal,Resolución,53213,53216,"Resolución de 26 de junio de 2009, de la Presidencia del Comisionado para el Mercado de Tabacos, por la que se publican los precios de venta al público de determinadas labores de tabaco en Expendedurías de Tabaco y Timbre del Área del Monopolio."
2009-06-27,155,1,BOE-A-2009-10577,MINISTERIO DE LA PRESIDENCIA,estatal,Real Decreto,53217,53220,"Real Decreto 1014/2009, de 19 de junio, por el que se regula la concesión de excedencia temporal para personal investigador funcionario y estatutario que realice actividades de investigación biomédica, para el desarrollo de actividades en empresas de base tecnológica."
2009-06-27,155,1,BOE-A-2009-10578,COMISIÓN NACIONAL DEL MERCADO DE VALORES,estatal,Corrección,53221,53230,"Corrección de errores de la Circular 2/2009, de 25 de marzo, de la Comisión Nacional del Mercado de Valores, sobre normas contables, cuentas anuales, estados financieros públicos y estados reservados de información estadística de los Fondos de Titulización."
2009-06-27,155,1,BOE-A-2009-10579,COMUNIDAD AUTÓNOMA DE GALICIA,autonómico,Ley,53231,53231,"Ley 1/2009, de 15 de junio, de modificación de la Ley 11/2008, de 3 de diciembre, de pesca de Galicia."
2009-06-27,155,1,BOE-A-2009-10580,COMUNIDAD FORAL DE NAVARRA,autonómico,Ley,53232,53233,"Ley Foral 5/2009, de 29 de mayo, por la que se modifica en parte la Ley Foral 8/2007, de 23 de marzo, de las Policías de Navarra."
2009-06-27,155,1,BOE-A-2009-10581,COMUNIDAD FORAL DE NAVARRA,autonómico,Ley,53234,53257,"Ley Foral 6/2009, de 5 de junio, de medidas urgentes en materia de urbanismo y vivienda."
2009-06-27,155,1,BOE-A-2009-10582,COMUNIDAD FORAL DE NAVARRA,autonómico,Ley,53258,53260,"Ley Foral 7/2009, de 5 de junio, por la que se regula la asignación tributaria del 0,7 por 100 que los contribuyentes de la Comunidad Foral destinan a otros fines de interés social."
2009-06-29,156,1,BOE-A-2009-10668,"MINISTERIO DE INDUSTRIA, TURISMO Y COMERCIO",estatal,Orden,53804,53807,"Orden ITC/1721/2009, de 26 de junio, por la que se regula, para el año 2007, la minoración de la retribución de la actividad de producción de energía eléctrica en el importe equivalente al valor de los derechos de emisión de gases de efecto invernadero asignados gratuitamente."
2009-06-29,156,1,BOE-A-2009-10669,"MINISTERIO DE INDUSTRIA, TURISMO Y COMERCIO",estatal,Orden,53808,53811,"Orden ITC/1722/2009, de 26 de junio, por la que se regula, para el año 2008 y el primer semestre de 2009, la minoración de la retribución de la actividad de producción de energía eléctrica en el importe equivalente al mayor ingreso derivado de la asignación gratuita de derechos de emisión de gases de efecto invernadero."
2009-06-29,156,1,BOE-A-2009-10670,"MINISTERIO DE INDUSTRIA, TURISMO Y COMERCIO",estatal,Orden,53812,53821,"Orden ITC/1723/2009, de 26 de junio, por la que se revisan los peajes de acceso a partir de 1 de julio de 2009 y las tarifas y primas de determinadas instalaciones de régimen especial."
2009-06-29,156,1,BOE-A-2009-10671,"MINISTERIO DE INDUSTRIA, TURISMO Y COMERCIO",estatal,Orden,53822,53827,"Orden ITC/1724/2009, de 26 de junio, por la que se revisan los peajes y cánones asociados al acceso de terceros a las instalaciones gasistas a partir del día 1 de julio de 2009."
2009-06-29,156,1,BOE-A-2009-10672,"MINISTERIO DE INDUSTRIA, TURISMO Y COMERCIO",estatal,Resolución,53828,53841,"Resolución de 26 de junio de 2009, de la Secretaría de Estado de Energía, por la que se determina el procedimiento de puesta en marcha del bono social."
2009-06-30,157,1,BOE-A-2009-10751,JEFATURA DEL ESTADO,estatal,Ley,54559,54585,"Ley 5/2009, de 29 de junio, por la que se modifican la Ley 24/1988, de 28 de julio, del mercado de valores, la Ley 26/1988, de 29 de julio, sobre disciplina e intervención de las entidades de crédito y el texto refundido de la Ley de ordenación y supervisión de los seguros privados, aprobado por Real Decreto Legislativo 6/2004, de 29 de octubre, para la reforma del régimen de participaciones significativas en empresas de servicios de inversión, en entidades de crédito y en entidades aseguradoras."
2009-06-30,157,1,BOE-A-2009-10752,JEFATURA DEL ESTADO,estatal,Corrección,54586,54586,"Corrección de errores del Real Decreto-ley 9/2009, de 26 de junio, sobre reestructuración bancaria y reforzamiento de los recursos propios de las entidades de crédito."
2009-06-30,157,1,BOE-A-2009-10753,MINISTERIO DE ECONOMÍA Y HACIENDA,estatal,Orden,54587,54596,"Orden EHA/1729/2009, de 25 de junio, por la que se aprueba el modelo de Certificado de exención del Impuesto sobre el Valor Añadido y de los Impuestos Especiales en las entregas de bienes y prestaciones de servicios realizadas en el marco de las relaciones diplomáticas y consulares y en las destinadas a organizaciones internacionales o a las fuerzas armadas de Estados miembros que formen parte del Tratado del Atlántico Norte, distintos de España, y se aprueba el sobre de envío de autoliquidaciones del IVA."
2009-06-30,157,1,BOE-A-2009-10754,"MINISTERIO DE INDUSTRIA, TURISMO Y COMERCIO",estatal,Resolución,54597,54597,"Resolución de 4 de junio de 2009, de la Dirección General de Política Energética y Minas, por la que se hacen públicos los nuevos precios máximos de venta, antes de impuestos, de los gases licuados del petróleo envasados, en envases de capacidad igual o superior a 8 kg., excluidos los envases de mezcla para usos de los gases licuados del petróleo como carburante."
2009-06-30,157,1,BOE-A-2009-10755,"MINISTERIO DE INDUSTRIA, TURISMO Y COMERCIO",estatal,Resolución,54598,54601,"Resolución de 29 de junio de 2009, de la Dirección General de Política Energética y Minas, por la que se establece el coste de producción de energía eléctrica y las tarifas de último recurso a aplicar en el segundo semestre de 2009."
2009-06-30,157,1,BOE-A-2009-10756,"MINISTERIO DE INDUSTRIA, TURISMO Y COMERCIO",estatal,Resolución,54602,54603,"Resolución de 29 de junio de 2009, de la Dirección General de Política Energética y Minas, por la que se hace pública la tarifa de último recurso de gas natural."
2009-06-30,157,1,BOE-A-2009-10757,MINISTERIO DE LA PRESIDENCIA,estatal,Real Decreto,54604,54625,"Real Decreto 1037/2009, de 29 de junio, por el que se modifica y desarrolla la estructura orgánica básica del Ministerio de Fomento."
2009-06-30,157,1,BOE-A-2009-10758,MINISTERIO DE LA PRESIDENCIA,estatal,Real Decreto,54626,54628,"Real Decreto 1038/2009, de 29 de junio, por el que se modifica el Real Decreto 1182/2008, de 11 de julio, por el que se desarrolla la estructura orgánica básica del Ministerio de Industria, Turismo y Comercio."
2009-06-30,157,1,BOE-A-2009-10759,MINISTERIO DE LA PRESIDENCIA,estatal,Real Decreto,54629,54646,"Real Decreto 1039/2009, de 29 de junio, por el que se desarrolla la estructura orgánica básica del Ministerio de la Presidencia y se modifica el Real Decreto 438/2008, de 14 de abril, por el que se aprueba la estructura orgánica básica de los departamentos ministeriales."
2009-06-30,157,1,BOE-A-2009-10760,MINISTERIO DE LA PRESIDENCIA,estatal,Real Decreto,54647,54657,"Real Decreto 1040/2009, de 29 de junio, por el que se desarrolla la estructura orgánica básica del Ministerio de Política Territorial y se modifica el Real Decreto 438/2008, de 14 de abril, por el que se aprueba la estructura orgánica básica de los departamentos ministeriales."
2009-06-30,157,1,BOE-A-2009-10761,MINISTERIO DE LA PRESIDENCIA,estatal,Real Decreto,54658,54680,"Real Decreto 1041/2009, de 29 de junio, por el que se desarrolla la estructura orgánica básica del Ministerio de Sanidad y Política Social y se modifica el Real Decreto 438/2008, de 14 de abril por el que se aprueba la estructura orgánica básica de los departamentos ministeriales."
2009-06-30,157,1,BOE-A-2009-10762,MINISTERIO DE LA PRESIDENCIA,estatal,Real Decreto,54681,54692,"Real Decreto 1042/2009, de 29 de junio, por el que se desarrolla la estructura orgánica básica del Ministerio de Ciencia e Innovación."
2009-06-30,157,1,BOE-A-2009-10763,MINISTERIO DE POLÍTICA TERRITORIAL,estatal,Real Decreto,54693,54704,"Real Decreto 1043/2009, de 29 de junio, de ampliación de las funciones y servicios de la Administración del Estado traspasados a la Comunidad Autónoma de las Illes Balears, en materia de conservación de la naturaleza (Parque Nacional Marítimo-Terrestre del Archipiélago de Cabrera)."
2009-07-02,159,1,BOE-A-2009-10899,JEFATURA DEL ESTADO,estatal,Otras,55233,55233,"Instrumento de ratificación del Convenio complementario al Convenio de Seguridad Social entre el Reino de España y la República Oriental del Uruguay de 1 de diciembre de 1997, hecho en Segovia el 8 de septiembre de 2005."
2009-07-02,159,1,BOE-A-2009-10900,MINISTERIO DE FOMENTO,estatal,Real Decreto,55234,55263,"Real Decreto 973/2009, de 12 de junio, por el que se regulan las titulaciones profesionales de la marina mercante."
2009-07-03,160,1,BOE-A-2009-10993,CORTES GENERALES,estatal,Resolución,55640,55640,"Resolución de 25 de junio de 2009, del Congreso de los Diputados, por la que se ordena la publicación del Acuerdo de convalidación del Real Decreto-ley 8/2009, de 12 de junio, por el que se conceden créditos extraordinarios y suplementos de crédito, por importe total de 19.821,28 millones de euros, y se modifican determinados preceptos de la Ley 38/1992, de 28 de diciembre, de Impuestos Especiales."
2009-07-03,160,1,BOE-A-2009-10994,MINISTERIO DE ASUNTOS EXTERIORES Y DE COOPERACIÓN,estatal,Tratado o acuerdo internacional,55641,55644,"Aplicación provisional del Acuerdo entre el Reino de España y la Asociación Internacional del Transporte Aéreo (IATA) relativo al estatuto de la IATA en España, hecho en Madrid el 5 de mayo de 2009."
2009-07-03,160,1,BOE-A-2009-10995,MINISTERIO DE TRABAJO E INMIGRACIÓN,estatal,Resolución,55645,55649,"Resolución de 30 de junio de 2009, de la Secretaría de Estado de la Seguridad Social, por la que se establecen los criterios y prioridades a aplicar por las mutuas de accidentes de trabajo y enfermedades profesionales de la Seguridad Social en la planificación de sus actividades preventivas para el año 2009, en desarrollo de lo dispuesto en la Orden TAS/3623/2006, de 28 de noviembre, por la que se regulan las actividades preventivas en el ámbito de la Seguridad Social y la financiación de la Fundación para la Prevención de Riesgos Laborales."
2009-07-03,160,1,BOE-A-2009-10996,MINISTERIO DE POLÍTICA TERRITORIAL,estatal,Corrección,55650,55652,"Corrección de errores del Real Decreto 1043/2009, de 29 de junio, de ampliación de las funciones y servicios del Estado traspasados a la Comunidad Autónoma de las Illes Balears, en materia de conservación de la naturaleza (Parque Nacional Marítimo-Terrestre del Archipiélago de Cabrera)."
2009-07-03,160,1,BOE-A-2009-10997,TRIBUNAL SUPREMO,estatal,Resolución judicial,55653,55653,"Acuerdo de 1 de julio de 2009, de la Presidencia del Tribunal Supremo, habilitando el Registro General del Tribunal Supremo los días 4 y 5 del mes de julio de 2009, de 08:00 horas a 15:00 horas."
2009-07-04,161,1,BOE-A-2009-11027,JEFATURA DEL ESTADO,estatal,Ley,55726,55728,"Ley 6/2009, de 3 de julio, por la que se modifica el Estatuto Legal del Consorcio de Compensación de Seguros, aprobado por Real Decreto Legislativo 7/2004, de 29 de octubre, para suprimir las funciones del Consorcio de Compensación de Seguros en relación con los seguros obligatorios de viajeros y del cazador y reducir el recargo destinado a financiar las funciones de liquidación de entidades aseguradoras, y el texto refundido de la Ley de ordenación y supervisión de los seguros privados, aprobado por Real Decreto Legislativo 6/2004, de 29 de octubre."
2009-07-04,161,1,BOE-A-2009-11028,JEFATURA DEL ESTADO,estatal,Ley,55729,55732,"Ley 7/2009, de 3 de julio, de medidas urgentes en materia de telecomunicaciones (procedente del Real Decreto-ley 1/2009, de 23 de febrero)."
2009-07-04,161,1,BOE-A-2009-11029,MINISTERIO DE ASUNTOS EXTERIORES Y DE COOPERACIÓN,estatal,Tratado o acuerdo internacional,55733,55737,"Aplicación provisional del Acuerdo entre el Reino de España y la República de Albania sobre cooperación en la lucha contra la delincuencia, hecho en Tirana el 20 de mayo de 2009."
2009-07-04,161,1,BOE-A-2009-11030,MINISTERIO DE ECONOMÍA Y HACIENDA,estatal,Resolución,55738,55741,"Resolución de 3 de julio de 2009, de la Presidencia del Comisionado para el Mercado de Tabacos, por la que se publican los precios de venta al público de determinadas labores de tabaco en Expendedurías de Tabaco y Timbre de la Península e Illes Balears."
2009-07-04,161,1,BOE-A-2009-11031,MINISTERIO DE FOMENTO,estatal,Orden,55742,55787,"Orden FOM/1778/2009, de 12 de mayo, por la que se actualizan las condiciones técnicas del Real Decreto 809/1999, de 14 de mayo, por el que se regulan los requisitos que deben reunir los equipos marinos destinados a ser embarcados en los buques, en aplicación de la directiva 2008/67/CE."
2009-07-04,161,1,BOE-A-2009-11032,MINISTERIO DE TRABAJO E INMIGRACIÓN,estatal,Real Decreto,55788,55793,"Real Decreto 1010/2009, de 19 de junio, por el que se establecen medidas destinadas a compensar la disminución en la cotización a la Seguridad Social de los trabajadores cuyo contrato de trabajo se extinguió como consecuencia de los expedientes de regulación de empleo 76/2000, de 8 de marzo de 2001 y 25/2001, de 31 de julio de 2001."
2009-07-04,161,1,BOE-A-2009-11033,"MINISTERIO DE MEDIO AMBIENTE, Y MEDIO RURAL Y MARINO",estatal,Real Decreto,55794,55795,"Real Decreto 974/2009, de 12 de junio, por el que se modifica el Real Decreto 940/2001, de 3 de agosto, por el que se establecen normas reguladoras de la ayuda a la transformación en el sector del lino y el cáñamo con destino a la producción de fibras."
2009-07-06,162,1,BOE-A-2009-11123,COMUNIDAD AUTÓNOMA DE ANDALUCÍA,autonómico,Ley,56027,56035,"Ley 3/2009, de 28 de mayo, por la que se aprueba el Programa de Transición al Empleo de la Junta de Andalucía (PROTEJA)."
2009-07-06,162,1,BOE-A-2009-11124,COMUNIDAD AUTÓNOMA DE ANDALUCÍA,autonómico,Ley,56036,56037,"Ley 4/2009, de 10 de junio, de concesión de un crédito extraordinario para sufragar las subvenciones a adjudicar a las formaciones políticas por los gastos electorales causados por las Elecciones al Parlamento de Andalucía celebradas el día 9 de marzo de 2008."
2009-07-06,162,1,BOE-A-2009-11125,COMUNIDAD DE CASTILLA Y LEÓN,autonómico,Ley,56038,56084,"Ley 5/2009, de 4 de junio, del ruido de Castilla y León."
2009-07-07,163,1,BOE-A-2009-11184,"MINISTERIO DE INDUSTRIA, TURISMO Y COMERCIO",estatal,Resolución,56512,56558,"Resolución de 25 de junio de 2009, de la Presidencia de la Comisión del Mercado de las Telecomunicaciones, por la que se hace pública la Circular 2/2009, sobre la implantación de la preselección de operador por los operadores de acceso obligados a proveerla en el mercado de redes públicas de telecomunicaciones fijas."
2009-07-07,163,1,BOE-A-2009-11185,MINISTERIO DE LA PRESIDENCIA,estatal,Real Decreto,56559,56577,"Real Decreto 1086/2009, de 3 de julio, por el que se modifica y desarrolla la estructura orgánica básica del Ministerio de Educación."
2009-07-07,163,1,BOE-A-2009-11186,COMUNIDAD AUTÓNOMA DE LAS ILLES BALEARS,autonómico,Ley,56578,56640,"Ley 4/2009, de 11 de junio, de servicios sociales de las Illes Balears."
2009-07-07,163,1,BOE-A-2009-11187,COMUNIDAD DE CASTILLA Y LEÓN,autonómico,Ley,56641,56642,"Ley 6/2009, de 16 de junio, sobre complemento de pensión reconocido a auxiliares sanitarios titulados y auxiliares de clínica de la Seguridad Social."
2009-07-07,163,1,BOE-A-2009-11188,COMUNIDAD DE CASTILLA Y LEÓN,autonómico,Ley,56643,56644,"Ley 7/2009, de 16 de junio, de ampliación del plazo previsto en la disposición adicional segunda de la Ley 17/2008, de 23 de diciembre."
2009-07-07,163,1,BOE-A-2009-11189,COMUNIDAD DE CASTILLA Y LEÓN,autonómico,Ley,56645,56659,"Ley 8/2009, de 16 de junio, de transferencia de competencias entre la Comunidad Autónoma y las Entidades Locales de Castilla y León."
2009-07-08,164,1,BOE-A-2009-11243,MINISTERIO DE ASUNTOS EXTERIORES Y DE COOPERACIÓN,estatal,Tratado o acuerdo internacional,56788,56791,"Enmiendas de 2006 al Código Internacional de seguridad para naves de gran velocidad (Código NGV 1994) (publicado en el ""Boletín Oficial del Estado"" nº 122 de 22 de mayo de 1998), adoptadas el 8 de diciembre de 2006 mediante Resolución MSC.221(82)."
2009-07-08,164,1,BOE-A-2009-11244,MINISTERIO DE TRABAJO E INMIGRACIÓN,estatal,Corrección,56792,56792,"Corrección de errores de la Resolución de 27 de mayo de 2009, de la Dirección General de Ordenación de la Seguridad Social, por la que se dictan instrucciones en materia de cálculo de capitales coste y sobre constitución por las mutuas de accidentes de trabajo y enfermedades profesionales de la Seguridad Social del capital coste correspondiente a determinadas prestaciones derivadas de enfermedades profesionales."
2009-07-08,164,1,BOE-A-2009-11245,"MINISTERIO DE INDUSTRIA, TURISMO Y COMERCIO",estatal,Real Decreto,56793,56797,"Real Decreto 1081/2009, de 3 de julio, por el que se regula la concesión directa de subvenciones para la adquisición de ciclomotores y motocicletas, Plan MOTO-E de apoyo a la renovación del parque de vehículos de dos ruedas."
2009-07-09,165,1,BOE-A-2009-11348,MINISTERIO DE ASUNTOS EXTERIORES Y DE COOPERACIÓN,estatal,Tratado o acuerdo internacional,57299,57301,"Enmiendas de 2006 al plan de evaluación del estado del buque, adoptadas mediante Resolución MEPC.155(55) (publicado en el ""Boletín Oficial del Estado"" nº 169 de 16 de julio de 2003), adoptadas el 13 de octubre de 2006 mediante Resolución MEPC.155(55)."
2009-07-09,165,1,BOE-A-2009-11349,COMUNIDAD AUTÓNOMA DE EXTREMADURA,autonómico,Ley,57302,57308,"Ley 3/2009, de 22 de junio, de creación del Instituto de Estadística de Extremadura."
2009-07-09,165,1,BOE-A-2009-11350,COMUNIDAD AUTÓNOMA DE EXTREMADURA,autonómico,Ley,57309,57344,"Ley 4/2009, de 22 de junio, de creación del Plan de Estadística de Extremadura."
2009-07-10,166,1,BOE-A-2009-11412,MINISTERIO DE ASUNTOS EXTERIORES Y DE COOPERACIÓN,estatal,Tratado o acuerdo internacional,57639,57645,"Canje de Notas entre el Reino de España y la República de El Salvador sobre reconocimiento recíproco y el canje de permisos de conducción nacionales, hecho ad referendum en Madrid el 19 de agosto y 23 de octubre de 2008."
2009-07-10,166,1,BOE-A-2009-11413,MINISTERIO DE ASUNTOS EXTERIORES Y DE COOPERACIÓN,estatal,Tratado o acuerdo internacional,57646,57648,"Acuerdo Marco entre el Reino de España y el Organismo de Obras Públicas y Socorro de las Naciones Unidas para los Refugiados de Palestina en el Cercano Oriente (OOPS), hecho ""ad referendum"" en Madrid el 25 de enero de 2008."
2009-07-10,166,1,BOE-A-2009-11414,MINISTERIO DE FOMENTO,estatal,Resolución,57649,57653,"Resolución de 8 de julio de 2009, de la Dirección General de Transporte Terrestre, por la que se da publicidad al Acuerdo de Consejo de Ministros de 12 de junio de 2009, por el que se establece la normativa reguladora de los préstamos previstos en el plan elaborado por el Ministerio de Fomento para la renovación del parque de autobuses y autocares, denominado Plan VIVE AUTOBUSES 2009-2010."
2009-07-10,166,1,BOE-A-2009-11415,"MINISTERIO DE INDUSTRIA, TURISMO Y COMERCIO",estatal,Orden,57654,57656,"Orden ITC/1846/2009, de 2 de julio, por la que se constituye la Comisión de Coordinación de las Bibliotecas del Ministerio de Industria, Turismo y Comercio y de sus organismos públicos."
2009-07-10,166,1,BOE-A-2009-11416,TRIBUNAL SUPREMO,estatal,Resolución judicial,57657,57657,"Acuerdo de 8 de julio de 2009, de la Presidencia del Tribunal Supremo, sobre funcionamiento del Registro General del Tribunal Supremo el día 11 de julio de 2009, de 08:00 horas a 15:00 horas."
2009-07-10,166,1,BOE-A-2009-11417,COMUNIDAD FORAL DE NAVARRA,autonómico,Ley,57658,57670,"Ley Foral 8/2009, de 18 de junio, de creación de la sociedad Corporación Pública Empresarial de Navarra, S.L.U."
2009-07-10,166,1,BOE-A-2009-11418,COMUNIDAD FORAL DE NAVARRA,autonómico,Ley,57671,57671,"Ley Foral 9/2009, de 18 de junio, por la que se modifica el artículo 103 de la Ley Foral 14/2007, de 4 de abril, del Patrimonio de Navarra."
2009-07-11,167,1,BOE-A-2009-11453,"MINISTERIO DE INDUSTRIA, TURISMO Y COMERCIO",estatal,Corrección,57997,57997,"Corrección de errores de la Orden ITC/1659/2009, de 22 de junio, por la que se establece el mecanismo de traspaso de clientes del mercado a tarifa al suministro de último recurso de energía eléctrica y el procedimiento de cálculo y estructura de las tarifas de último recurso de energía eléctrica."
2009-07-11,167,1,BOE-A-2009-11454,"MINISTERIO DE INDUSTRIA, TURISMO Y COMERCIO",estatal,Corrección,57998,57998,"Corrección de errores de la Orden ITC/1723/2009, de 26 de junio, por la que se revisan los peajes de acceso a partir de 1 de julio de 2009 y las tarifas y primas de determinadas instalaciones de régimen especial."
2009-07-11,167,1,BOE-A-2009-11455,"MINISTERIO DE INDUSTRIA, TURISMO Y COMERCIO",estatal,Corrección,57999,57999,"Corrección de errores de la Resolución de 26 de junio de 2009, de la Secretaría de Estado de Energía, por la que se determina el procedimiento de puesta en marcha del bono social."
2009-07-11,167,1,BOE-A-2009-11456,MINISTERIO DE LA PRESIDENCIA,estatal,Real Decreto,58000,58001,"Real Decreto 1164/2009, de 10 de julio, por el que se modifica el Real Decreto 3/2006, de 16 de enero, por el que se regula la composición, competencias y régimen de funcionamiento del Foro para la Integración Social de los Inmigrantes."
2009-07-13,168,1,BOE-A-2009-11560,MINISTERIO DE ASUNTOS EXTERIORES Y DE COOPERACIÓN,estatal,Tratado o acuerdo internacional,58622,58627,"Tratado de Amistad y Cooperación entre el Reino de España y la República Árabe de Egipto, hecho en El Cairo el 5 de febrero de 2008."
2009-07-13,168,1,BOE-A-2009-11561,MINISTERIO DE ASUNTOS EXTERIORES Y DE COOPERACIÓN,estatal,Tratado o acuerdo internacional,58628,58635,"Acuerdo para la protección de materias clasificadas entre el Reino de España y la República Portuguesa, hecho en Madrid el 10 de enero de 2008."
2009-07-13,168,1,BOE-A-2009-11562,"MINISTERIO DE MEDIO AMBIENTE, Y MEDIO RURAL Y MARINO",estatal,Orden,58636,58641,"Orden ARM/1863/2009, de 26 de junio, por la que se crea la Comisión Ministerial de Administración Electrónica del Ministerio de Medio Ambiente, y Medio Rural y Marino y se regulan su composición y funciones."
2009-07-13,168,1,BOE-A-2009-11563,COMUNIDAD AUTÓNOMA DE GALICIA,autonómico,Ley,58642,58643,"Ley 2/2009, de 23 de junio, de modificación del texto refundido de la Ley de la función pública de Galicia, aprobado por el Decreto legislativo 1/2008, de 13 de marzo."
2009-07-13,168,1,BOE-A-2009-11564,COMUNIDAD AUTÓNOMA DE LA RIOJA,autonómico,Ley,58644,58647,"Ley 2/2009, de 23 de junio, de medidas urgentes de impulso a la actividad económica."
2009-07-13,168,1,BOE-A-2009-11565,COMUNIDAD AUTÓNOMA DE LA RIOJA,autonómico,Ley,58648,58678,"Ley 3/2009, de 23 de junio, de la Ciencia, la Tecnología y la Innovación."
2009-07-14,169,1,BOE-A-2009-11598,MINISTERIO DE ASUNTOS EXTERIORES Y DE COOPERACIÓN,estatal,Tratado o acuerdo internacional,58783,58857,"Enmiendas de 2006 al Código Internacional para la construcción y el equipo de buques que transporten productos químicos peligrosos a granel (publicado en el ""Boletín Oficial del Estado"" número 295, de 10 de diciembre de 1999), adoptadas el 8 de diciembre de 2006 mediante Resolución MEPC.219(82)."
2009-07-14,169,1,BOE-A-2009-11599,MINISTERIO DE ECONOMÍA Y HACIENDA,estatal,Corrección,58858,58858,"Corrección de errores del Real Decreto 817/2009, de 8 de mayo, por el que se desarrolla parcialmente la Ley 30/2007, de 30 de octubre, de Contratos del Sector Público."
2009-07-14,169,1,BOE-A-2009-11600,"MINISTERIO DE INDUSTRIA, TURISMO Y COMERCIO",estatal,Resolución,58859,58859,"Resolución de 13 de julio de 2009, de la Dirección General de Política Energética y Minas, por la que se corrigen errores de la de 29 de junio de 2009, por la que se establece el coste de producción de energía eléctrica y las tarifas de último recurso a aplicar en el segundo semestre de 2009."
2009-07-14,169,1,BOE-A-2009-11601,MINISTERIO DE SANIDAD Y POLÍTICA SOCIAL,estatal,Orden,58860,58862,"Orden SAS/1868/2009, de 8 de julio, por la que se modifican los anexos II, III y VII del Real Decreto 1599/1997, de 17 de octubre, sobre productos cosméticos."
2009-07-15,170,1,BOE-A-2009-11676,MINISTERIO DE ASUNTOS EXTERIORES Y DE COOPERACIÓN,estatal,Tratado o acuerdo internacional,59098,59103,"Convenio de traslado de personas condenadas a penas privativas de libertad entre el Reino de Arabia Saudí y el Reino de España, hecho ad referendum en Jeddah el 27 de mayo de 2008."
2009-07-15,170,1,BOE-A-2009-11677,MINISTERIO DE ECONOMÍA Y HACIENDA,estatal,Orden,59104,59106,"Orden EHA/1879/2009, de 26 de junio, por la que se acuerda la emisión, acuñación y puesta en circulación de monedas de colección de la II serie de ""Joyas Numismáticas""."
2009-07-15,170,1,BOE-A-2009-11678,"MINISTERIO DE MEDIO AMBIENTE, Y MEDIO RURAL Y MARINO",estatal,Real Decreto,59107,59119,"Real Decreto 1013/2009, de 19 de junio, sobre caracterización y registro de la maquinaria agrícola."
2009-07-15,170,1,BOE-A-2009-11679,COMUNIDAD AUTÓNOMA DE GALICIA,autonómico,Ley,59120,59122,"Ley 3/2009, de 23 de junio, por la que se modifica el texto refundido de la Ley de régimen financiero y presupuestario de Galicia, aprobado por el Decreto legislativo 1/1999, de 7 de octubre."
2009-07-15,170,1,BOE-A-2009-11680,COMUNIDAD AUTÓNOMA DE ARAGÓN,autonómico,Ley,59123,59282,"Ley 3/2009, de 17 de junio, de Urbanismo de Aragón."
2009-07-15,170,1,BOE-A-2009-11681,COMUNIDAD AUTÓNOMA DE ARAGÓN,autonómico,Ley,59283,59310,"Ley 4/2009, de 22 de junio, de Ordenación del Territorio de Aragón."
2009-07-15,170,1,BOE-A-2009-11682,COMUNIDAD FORAL DE NAVARRA,autonómico,Corrección,59311,59311,"Corrección de errores de la Ley Foral 6/2009, de 5 de junio, de medidas urgentes en materia de urbanismo y vivienda."
2009-07-16,171,1,BOE-A-2009-11815,MINISTERIO DE ASUNTOS EXTERIORES Y DE COOPERACIÓN,estatal,Tratado o acuerdo internacional,59766,59766,"Entrada en vigor del Acuerdo de Asociación entre el Reino de España y el Fondo Internacional de Desarrollo Agrícola, hecho en Roma el 27 de noviembre de 2007."
2009-07-16,171,1,BOE-A-2009-11816,MINISTERIO DE SANIDAD Y POLÍTICA SOCIAL,estatal,Orden,59767,59768,"Orden SAS/1904/2009, de 8 de julio, por la que se modifica el anexo III del Real Decreto 1030/2006, de 15 de septiembre, por el que se establece la cartera de servicios comunes del Sistema Nacional de Salud y el procedimiento para su actualización."
2009-07-17,172,1,BOE-A-2009-11874,JEFATURA DEL ESTADO,estatal,Otras,60023,60036,"Instrumento de Ratificación del Tratado relativo al Eurocuerpo y al Estatuto de su Cuartel General, hecho en Bruselas el 22 de noviembre de 2004."
2009-07-17,172,1,BOE-A-2009-11875,CORTES GENERALES,estatal,Resolución,60037,60037,"Resolución de 8 de julio de 2009, del Congreso de los Diputados, por la que se ordena la publicación del Acuerdo de convalidación del Real Decreto-ley 9/2009, de 26 de junio, sobre reestructuración bancaria y reforzamiento de los recursos propios de las entidades de crédito."
2009-07-17,172,1,BOE-A-2009-11876,MINISTERIO DE SANIDAD Y POLÍTICA SOCIAL,estatal,Orden,60038,60050,"Orden SAS/1915/2009, de 8 de julio, sobre sustancias para el tratamiento del agua destinada a la producción de agua de consumo humano."
2009-07-17,172,1,BOE-A-2009-11877,MINISTERIO DE SANIDAD Y POLÍTICA SOCIAL,estatal,Orden,60051,60051,"Orden SAS/1916/2009, de 8 de julio, por la que se incluye la sustancia 1- benzilpiperazina (BZP) en el anexo I del Real Decreto 2829/1977, de 6 de octubre, por el que se regula la fabricación, distribución, prescripción y dispensación de sustancias y preparados psicotrópicos."
2009-07-17,172,1,BOE-A-2009-11878,MINISTERIO DE SANIDAD Y POLÍTICA SOCIAL,estatal,Resolución,60052,60067,"Resolución de 6 de julio 2009, de la Subsecretaría, por la que se publican las especificaciones técnicas comunes para productos sanitarios de diagnóstico ""in vitro"", contenidas en la Decisión 2009/108/CE de la Comisión, de 3 de febrero de 2009."
2009-07-18,173,1,BOE-A-2009-11928,MINISTERIO DE ECONOMÍA Y HACIENDA,estatal,Resolución,60165,60171,"Resolución de 17 de julio de 2009, de la Presidencia del Comisionado para el Mercado de Tabacos, por la que se publican los precios de venta al público de determinadas labores de tabaco en Expendedurías de Tabaco y Timbre del Área del Monopolio."
2009-07-18,173,1,BOE-A-2009-11929,MINISTERIO DEL INTERIOR,estatal,Orden,60172,60173,"Orden INT/1926/2009, de 15 de julio, por la que se modifica la Orden INT/2103/2005, de 1 de julio, que desarrolla la estructura orgánica y funciones de los Servicios Centrales y Periféricos de la Dirección General de la Policía, para incorporar la nueva Unidad de Documentación y Extranjería en Chiclana de la Frontera (Cádiz)."
2009-07-18,173,1,BOE-A-2009-11930,MINISTERIO DE LA PRESIDENCIA,estatal,Real Decreto,60174,60177,"Real Decreto 1083/2009, de 3 de julio, por el que se regula la memoria del análisis de impacto normativo."
2009-07-18,173,1,BOE-A-2009-11931,MINISTERIO DE LA PRESIDENCIA,estatal,Real Decreto,60178,60187,"Real Decreto 1084/2009, de 3 de julio, por el que se modifica el Real Decreto 1381/2002, de 20 de diciembre, de instalaciones portuarias de recepción de desechos generados por los buques y residuos de carga."
2009-07-18,173,1,BOE-A-2009-11932,MINISTERIO DE LA PRESIDENCIA,estatal,Real Decreto,60188,60211,"Real Decreto 1085/2009, de 3 de julio, por el que se aprueba el Reglamento sobre instalación y utilización de aparatos de rayos X con fines de diagnóstico médico."
2009-07-18,173,1,BOE-A-2009-11933,MINISTERIO DE LA PRESIDENCIA,estatal,Real Decreto,60212,60217,"Real Decreto 1223/2009, de 17 de julio, por el que se crea la Escuela de la Inspección de Trabajo y Seguridad Social."
2009-07-18,173,1,BOE-A-2009-11934,COMUNIDAD AUTÓNOMA DE LAS ILLES BALEARS,autonómico,Ley,60218,60222,"Ley 5/2009, de 17 de junio, de modificación de la Ley 10/2000, de 30 de noviembre, del Consejo Económico y Social."
2009-07-20,174,1,BOE-A-2009-11998,MINISTERIO DE ASUNTOS EXTERIORES Y DE COOPERACIÓN,estatal,Tratado o acuerdo internacional,60401,60405,"Acuerdo entre el Reino de España y los Estados Unidos Mexicanos para la autorización recíproca de actividades remuneradas por parte de los familiares dependientes de agentes diplomáticos, funcionarios consulares y personal técnico administrativo de Misiones diplomáticas y Oficinas Consulares acreditadas en el otro país, hecho en Madrid el 16 de octubre de 2007."
2009-07-20,174,1,BOE-A-2009-11999,MINISTERIO DE ECONOMÍA Y HACIENDA,estatal,Orden,60406,60894,"Orden EHA/1928/2009, de 10 de julio, por la que se aprueban los modelos de la documentación estadístico-contable anual, trimestral y consolidada a remitir por las entidades aseguradoras, y por la que se modifica la Orden EHA/339/2007, de 16 de febrero, por la que se desarrollan determinados preceptos de la normativa reguladora de los seguros privados."
2009-07-20,174,1,BOE-A-2009-12000,"MINISTERIO DE INDUSTRIA, TURISMO Y COMERCIO",estatal,Resolución,60895,60896,"Resolución de 2 de julio de 2009, de la Dirección General de Política Energética y Minas, por la que se hacen públicos los nuevos precios de venta, antes de impuestos, de los gases licuados del petróleo por canalización."
2009-07-20,174,1,BOE-A-2009-12001,MINISTERIO DE LA PRESIDENCIA,estatal,Resolución,60897,60903,"Resolución de 24 de junio de 2009, de la Presidencia del Consejo Superior de Deportes, por la que se crea el registro electrónico del Consejo Superior de Deportes."
2009-07-20,174,1,BOE-A-2009-12002,MINISTERIO DE SANIDAD Y POLÍTICA SOCIAL,estatal,Real Decreto,60904,60913,"Real Decreto 1015/2009, de 19 de junio, por el que se regula la disponibilidad de medicamentos en situaciones especiales."
2009-07-21,175,1,BOE-A-2009-12051,JEFATURA DEL ESTADO,estatal,Otras,61285,61657,"Instrumento de Aceptación de España del Instrumento de Enmienda a la Constitución y al Convenio de la Unión Internacional de Telecomunicaciones (Ginebra 1992), hecho en Antalya (Turquía) el 24 de noviembre de 2006."
2009-07-21,175,1,BOE-A-2009-12052,MINISTERIO DE ASUNTOS EXTERIORES Y DE COOPERACIÓN,estatal,Tratado o acuerdo internacional,61658,61682,"Modificaciones al Reglamento del Tratado de Cooperación en Materia de Patentes (PCT) (publicado en el ""Boletín Oficial del Estado"" de 7 de noviembre de 1989),adoptadas en la 34.ª Sesión de la Asamblea de la Unión Internacional de Cooperación en Materia de Patentes el 5 de octubre de 2005."
2009-07-21,175,1,BOE-A-2009-12053,MINISTERIO DE ASUNTOS EXTERIORES Y DE COOPERACIÓN,estatal,Corrección,61683,61683,Corrección de errores del Canje de Notas constitutivo de Acuerdo entre el Reino de España y la República de Serbia sobre el reconocimiento recíproco y el canje de los permisos de conducción nacionales.
2009-07-21,175,1,BOE-A-2009-12054,MINISTERIO DE ECONOMÍA Y HACIENDA,estatal,Resolución,61684,61699,"Resolución de 10 de julio de 2009, de la Intervención General de la Administración del Estado, por la que se modifican la de 20 de marzo de 1998, que establece las normas para contabilizar las operaciones de intercambio financiero de divisas y de intereses y realiza otras modificaciones en la adaptación del Plan General de Contabilidad Publica a la Administración General del Estado y la Resolución de 30 de julio de 2003, que aprueba la adaptación del Plan General de Contabilidad Pública a la Administración General del Estado."
2009-07-21,175,1,BOE-A-2009-12055,MINISTERIO DEL INTERIOR,estatal,Orden,61700,61706,"Orden INT/1936/2009, de 13 de julio, por la que se constituye y regula la Comisión Coordinación de Bibliotecas del Ministerio del Interior y de los Organismos y Entidades vinculadas al mismo."
2009-07-21,175,1,BOE-A-2009-12056,"MINISTERIO DE MEDIO AMBIENTE, Y MEDIO RURAL Y MARINO",estatal,Orden,61707,61709,"Orden ARM/1937/2009, de 15 de julio, por la que se modifica el Real Decreto 929/1995, de 9 de junio, por el que se aprueba el Reglamento Técnico de control y certificación de plantas de vivero de frutales."
2009-07-21,175,1,BOE-A-2009-12057,MINISTERIO DE LA PRESIDENCIA,estatal,Corrección,61710,61710,"Corrección de errores del Real Decreto 1892/2008, de 14 de noviembre, por el que se regulan las condiciones para el acceso a las enseñanzas universitarias oficiales de grado y los procedimientos de admisión a las universidades públicas españolas."
2009-07-22,176,1,BOE-A-2009-12122,MINISTERIO DE ASUNTOS EXTERIORES Y DE COOPERACIÓN,estatal,Tratado o acuerdo internacional,61912,62465,"Acuerdo de estabilización y asociación entre las Comunidades Europeas y sus Estados Miembros, por una parte, y la República de Albania por otra, hecho en Luxemburgo el 12 de junio de 2006."
2009-07-22,176,1,BOE-A-2009-12123,MINISTERIO DE DEFENSA,estatal,Orden,62466,62469,"Orden DEF/1951/2009, de 15 de julio, por la que se crea la Comisión de Coordinación de la Actividad Internacional del Ministerio de Defensa."
2009-07-22,176,1,BOE-A-2009-12124,MINISTERIO DE ECONOMÍA Y HACIENDA,estatal,Resolución,62470,62527,"Resolución de 10 de julio de 2009, de la Dirección General de la Agencia Estatal de Administración Tributaria, por la que se establece el procedimiento para efectuar por medios telemáticos el embargo de dinero en cuentas abiertas en entidades de crédito para diligencias de cuantía igual o inferior a 20.000 euros."
2009-07-22,176,1,BOE-A-2009-12125,MINISTERIO DE VIVIENDA,estatal,Orden,62528,62533,"Orden VIV/1952/2009, de 2 de julio, por la que se declaran los ámbitos territoriales de precio máximo superior para el año 2009, a los efectos del Real Decreto 2066/2008, de 12 de diciembre, por el que se regula en Plan Estatal de Vivienda y Rehabilitación 2009-2012."
2009-07-23,177,1,BOE-A-2009-12203,MINISTERIO DE ASUNTOS EXTERIORES Y DE COOPERACIÓN,estatal,Tratado o acuerdo internacional,62816,62817,"Enmiendas de 2006 al Protocolo de 1988 relativo al Convenio Internacional sobre líneas de carga 1966, publicado en el ""Boletín Oficial del Estado"" nº 233 de 29 de septiembre de 1999, adoptadas el 8 de diciembre de 2006 mediante Resolución MSC 223(82)."
2009-07-23,177,1,BOE-A-2009-12204,MINISTERIO DE ECONOMÍA Y HACIENDA,estatal,Resolución,62818,62848,"Resolución de 6 de julio de 2009, de Loterías y Apuestas del Estado, por la que se aprueban las normas que han de regir los concursos de pronósticos de la Apuesta Deportiva a partir de la primera jornada de la temporada 2009-2010."
2009-07-23,177,1,BOE-A-2009-12205,"MINISTERIO DE MEDIO AMBIENTE, Y MEDIO RURAL Y MARINO",estatal,Real Decreto,62849,62850,"Real Decreto 1036/2009, de 29 de junio, por el que se crea la Orden Civil del Mérito Medioambiental."
2009-07-23,177,1,BOE-A-2009-12206,"MINISTERIO DE MEDIO AMBIENTE, Y MEDIO RURAL Y MARINO",estatal,Real Decreto,62851,62861,"Real Decreto 1082/2009, de 3 de julio, por el que se establecen los requisitos de sanidad animal para el movimiento de animales de explotaciones cinegéticas, de acuicultura continental y de núcleos zoológicos, así como de animales de fauna silvestre."
2009-07-23,177,1,BOE-A-2009-12207,MINISTERIO DE LA PRESIDENCIA,estatal,Real Decreto,62862,62863,"Real Decreto 1161/2009, de 10 de julio, por el que se modifica el Real Decreto 240/2007, de 16 de febrero, sobre entrada, libre circulación y residencia en España de ciudadanos de los Estados miembros de la Unión Europea y de otros Estados parte en el Acuerdo sobre el Espacio Económico Europeo."
2009-07-23,177,1,BOE-A-2009-12208,MINISTERIO DE LA PRESIDENCIA,estatal,Real Decreto,62864,62878,"Real Decreto 1162/2009, de 10 de julio, por el que se modifica el Reglamento de la Ley Orgánica 4/2000, de 11 de enero, sobre derechos y libertades de los extranjeros en España y su integración social, aprobado por el Real Decreto 2393/2004, de 30 de diciembre."
2009-07-23,177,1,BOE-A-2009-12209,MINISTERIO DE LA PRESIDENCIA,estatal,Real Decreto,62879,62880,"Real Decreto 1163/2009, de 10 de julio, por el que se modifica el Real Decreto 640/2007, de 18 de mayo, por el que se establecen excepciones a la obligatoriedad de las normas sobre tiempos de conducción y descanso y el uso del tacógrafo en el transporte por carretera."
2009-07-23,177,1,BOE-A-2009-12210,MINISTERIO DE IGUALDAD,estatal,Real Decreto,62881,62884,"Real Decreto 1044/2009, de 29 de junio, por el que se modifica el Real Decreto 1262/2007, de 21 de septiembre, por el que se regula la composición, competencias y régimen de funcionamiento del Consejo para la Promoción de la Igualdad de Trato y no Discriminación de las Personas por el Origen Racial o Étnico."
2009-07-23,177,1,BOE-A-2009-12211,COMUNITAT VALENCIANA,autonómico,Ley,62885,62887,"Ley 5/2009, de 30 de junio, de creación del Colegio Oficial de Dietistas y Nutricionistas de la Comunitat Valenciana."
2009-07-23,177,1,BOE-A-2009-12212,COMUNITAT VALENCIANA,autonómico,Ley,62888,62898,"Ley 6/2009, de 30 de junio, de protección a la maternidad."
2009-07-24,178,1,BOE-A-2009-12280,MINISTERIO DE ASUNTOS EXTERIORES Y DE COOPERACIÓN,estatal,Tratado o acuerdo internacional,63159,63160,"Protocolo al Tratado del Atlántico Norte relativo a la adhesión de la República de Albania, hecho en Bruselas el 9 de julio de 2008."
2009-07-24,178,1,BOE-A-2009-12281,"MINISTERIO DE INDUSTRIA, TURISMO Y COMERCIO",estatal,Orden,63161,63161,"Orden ITC/1997/2009, de 21 de julio, de corrección de errores de la Orden ITC/1548/2009, de 4 de junio, por la que se establecen las obligaciones de presentación de información de carácter contable y económico-financiero para las empresas que desarrollen actividades eléctricas, de gas natural y gases manufacturados por canalización."
2009-07-24,178,1,BOE-A-2009-12282,"MINISTERIO DE INDUSTRIA, TURISMO Y COMERCIO",estatal,Resolución,63162,63163,"Resolución de 15 de julio de 2009, de la Dirección General de Política Energética y Minas, por la que se fijan los precios de los combustibles definitivos del primer semestre de 2009 a aplicar en el cálculo de la prima de funcionamiento de cada grupo generador y los precios de los combustibles provisionales del segundo semestre de 2009 a aplicar para efectuar el despacho de los costes variables de generación en los sistemas eléctricos insulares y extrapeninsulares."
2009-07-25,179,1,BOE-A-2009-12308,"MINISTERIO DE MEDIO AMBIENTE, Y MEDIO RURAL Y MARINO",estatal,Real Decreto,63341,63344,"Real Decreto 1257/2009, de 24 de julio, por el que se modifica el Real Decreto 754/2005, de 24 de junio, por el que se regula el régimen de la tasa láctea."
2009-07-25,179,1,BOE-A-2009-12309,MINISTERIO DE SANIDAD Y POLÍTICA SOCIAL,estatal,Orden,63345,63348,"Orden SAS/2007/2009, de 20 de julio, por la que se crea y regula el centro de referencia estatal de atención a personas con enfermedades raras y sus familias, en Burgos."
2009-07-25,179,1,BOE-A-2009-12310,COMUNIDAD AUTÓNOMA DE CANARIAS,autonómico,Corrección,63349,63349,"Corrección de errores de la Ley 3/2009, de 24 de abril, de la Agencia Canaria de Desarrollo Sostenible y Cambio Climático."
2009-07-27,180,1,BOE-A-2009-12400,"MINISTERIO DE INDUSTRIA, TURISMO Y COMERCIO",estatal,Resolución,63536,63538,"Resolución de 15 de julio de 2009, de la Dirección General de Política Energética y Minas, por la que se modifica la de 25 de julio de 2006, por la que se regulan las condiciones de asignación y el procedimiento de aplicación de la interrumpibilidad en el sistema gasista."
2009-07-27,180,1,BOE-A-2009-12401,MINISTERIO DE LA PRESIDENCIA,estatal,Real Decreto,63539,63545,"Real Decreto 1222/2009, de 17 de julio, por el que se regula la concesión directa de subvenciones de determinadas entidades para la realización de actividades complementarias de acompañamiento y apoyo a la gestión de la formación continua en el marco del IV Acuerdo de Formación Continua en las Administraciones Públicas."
2009-07-27,180,1,BOE-A-2009-12402,MINISTERIO DE SANIDAD Y POLÍTICA SOCIAL,estatal,Orden,63546,63546,"Orden SAS/2022/2009, de 20 de julio, por la que se deroga la Orden de 7 de noviembre de 1985, por la que se determinan los medicamentos de utilización en medicina humana que han de dispensarse con o sin receta."
2009-07-28,181,1,BOE-A-2009-12455,MINISTERIO DE ASUNTOS EXTERIORES Y DE COOPERACIÓN,estatal,Tratado o acuerdo internacional,63693,63694,"Protocolo al Tratado del Atlántico Norte relativo a la adhesión de la República de Croacia, hecho en Bruselas el 9 de julio de 2008."
2009-07-28,181,1,BOE-A-2009-12456,"MINISTERIO DE INDUSTRIA, TURISMO Y COMERCIO",estatal,Orden,63695,63696,"Orden ITC/2032/2009, de 21 de julio, por la que se modifica el anexo III de la Orden ITC/3709/2006, de 22 de noviembre, por la que se regula el control metrológico del estado sobre los aparatos taxímetros."
2009-07-28,181,1,BOE-A-2009-12457,TRIBUNAL DE CUENTAS,estatal,Resolución judicial,63697,63703,"Resolución de 20 de julio de 2009, de la Presidencia del Tribunal de Cuentas, por la que se publica el Acuerdo del Pleno de 30 de junio de 2009, por el que se aprueba la modificación de la Instrucción que regula el formato de la Cuenta General de las Entidades Locales en soporte informático y el procedimiento telemático para la rendición de cuentas."
2009-07-29,182,1,BOE-A-2009-12531,MINISTERIO DE ASUNTOS EXTERIORES Y DE COOPERACIÓN,estatal,Tratado o acuerdo internacional,63856,64833,"Enmiendas propuestas por Portugal al Anejo A del Acuerdo Europeo sobre Transporte Internacional de mercancías peligrosas por carretera (ADR), hecho en Ginebra el 30 de septiembre de 1957."
2009-07-29,182,1,BOE-A-2009-12532,MINISTERIO DE ASUNTOS EXTERIORES Y DE COOPERACIÓN,estatal,Tratado o acuerdo internacional,64834,64836,"Enmiendas de 2006 al Código Internacional de sistemas de seguridad contra incendios, publicado en el ""Boletín Oficial del Estado"" nº 299 de 14 de diciembre de 2002, adoptadas el 8 de diciembre de 2006 mediante Resolución MSC 217(82)."
2009-07-29,182,1,BOE-A-2009-12533,MINISTERIO DE ASUNTOS EXTERIORES Y DE COOPERACIÓN,estatal,Orden,64837,64837,"Orden AEC/2040/2009, de 17 de julio, por la que se suprime el Consulado Honorario de España en Skopje (Antigua República Yugoslava de Macedonia)."
2009-07-29,182,1,BOE-A-2009-12534,MINISTERIO DE ECONOMÍA Y HACIENDA,estatal,Orden,64838,64868,"Orden EHA/2041/2009, de 16 de julio, por la que se aprueba el modelo 159 de declaración anual de consumo de energía eléctrica, así como los diseños físicos y lógicos para la presentación en soporte directamente legible por ordenador y se establecen las condiciones y el procedimiento para su presentación telemática."
2009-07-29,182,1,BOE-A-2009-12535,MINISTERIO DE ECONOMÍA Y HACIENDA,estatal,Resolución,64869,64870,"Resolución de 20 de julio de 2009, del Departamento de Recaudación de la Agencia Estatal de Administración Tributaria, por la que se desarrolla la disposición adicional segunda de la Resolución de 26 de diciembre de 2005, de la Presidencia de la Agencia Estatal de Administración Tributaria, sobre organización y atribución de competencias en el área de recaudación."
2009-07-30,183,1,BOE-A-2009-12588,TRIBUNAL CONSTITUCIONAL,estatal,Resolución judicial,65082,65082,"Recurso de inconstitucionalidad nº 2810-2009, en relación con los artículos 14 y 15 de la Ley de la Comunitat Valenciana 16/2008, de 22 de diciembre, de Medidas Fiscales, de Gestión Administrativa y Financiera y de Organización de la Generalitat."
2009-07-30,183,1,BOE-A-2009-12589,TRIBUNAL CONSTITUCIONAL,estatal,Resolución judicial,65083,65083,"Cuestión de inconstitucionalidad nº 5085-2009, en relación con diversos artículos de la Ley Orgánica 2/1986, de 13 de marzo, de Fuerzas y Cuerpos de Seguridad."
2009-07-30,183,1,BOE-A-2009-12590,MINISTERIO DE ASUNTOS EXTERIORES Y DE COOPERACIÓN,estatal,Tratado o acuerdo internacional,65084,65091,"Enmiendas de 2006 al Código Internacional de dispositivos de salvamento (Código IDS), publicado en el ""Boletín Oficial del Estado"" número 275 de 17 de noviembre de 1998, adoptadas el 8 de diciembre de 2006 mediante Resolución MSC 218(82)."
2009-07-30,183,1,BOE-A-2009-12591,"MINISTERIO DE MEDIO AMBIENTE, Y MEDIO RURAL Y MARINO",estatal,Corrección,65092,65092,"Corrección de errores de la Orden ARM/1647/2009, de 15 de junio, por la que se regula la pesca de especies altamente migratorias."
2009-07-31,184,1,BOE-A-2009-12690,MINISTERIO DE TRABAJO E INMIGRACIÓN,estatal,Orden,65398,65400,"Orden TIN/2077/2009, de 27 de julio, por la que se modifica la Orden TAS/2865/2003, de 13 de octubre, por la que se regula el convenio especial en el sistema de la Seguridad Social."
2009-07-31,184,1,BOE-A-2009-12691,MINISTERIO DE TRABAJO E INMIGRACIÓN,estatal,Resolución,65401,65414,"Resolución de 21 de julio de 2009, de la Tesorería General de la Seguridad Social, por la que se modifica la de 17 de julio de 2001, por la que se dictan instrucciones para efectuar por medios telemáticos el embargo de dinero en cuentas abiertas en entidades de depósito."
2009-08-01,185,1,BOE-A-2009-12747,MINISTERIO DE JUSTICIA,estatal,Real Decreto,65563,65592,"Real Decreto 1207/2009, de 17 de julio, por el que se crean y constituyen 106 juzgados, se constituye un juzgado y se crean 28 plazas de Magistrado en Tribunales Superiores de Justicia y Audiencias Provinciales correspondientes a la programación del año 2009."
2009-08-01,185,1,BOE-A-2009-12748,MINISTERIO DE ECONOMÍA Y HACIENDA,estatal,Real Decreto,65593,65599,"Real Decreto 1298/2009, de 31 de julio, por el que se modifica el Reglamento de ordenación y supervisión de los seguros privados, aprobado por el Real Decreto 2486/1998, de 20 de noviembre, y el Reglamento de mutualidades de previsión social, aprobado por el Real Decreto 1430/2002, de 27 de diciembre."
2009-08-01,185,1,BOE-A-2009-12749,MINISTERIO DE ECONOMÍA Y HACIENDA,estatal,Real Decreto,65600,65602,"Real Decreto 1299/2009, de 31 de julio, por el que se modifica el Reglamento de planes y fondos de pensiones, aprobado por el Real Decreto 304/2004, de 20 de febrero."
2009-08-01,185,1,BOE-A-2009-12750,MINISTERIO DE ECONOMÍA Y HACIENDA,estatal,Resolución,65603,65607,"Resolución de 31 de julio de 2009, de la Presidencia del Comisionado para el Mercado de Tabacos, por la que se publican los precios de venta al público de determinadas labores de tabaco en Expendedurías de Tabaco y Timbre del Área del Monopolio."
2009-08-01,185,1,BOE-A-2009-12751,"MINISTERIO DE INDUSTRIA, TURISMO Y COMERCIO",estatal,Real Decreto,65608,65610,"Real Decreto 1301/2009, de 31 de julio, por el que se crea la Comisión interministerial para la designación de la sociedad gestora del Fondo de Titulización del Déficit del Sistema Eléctrico."
2009-08-01,185,1,BOE-A-2009-12752,"MINISTERIO DE MEDIO AMBIENTE, Y MEDIO RURAL Y MARINO",estatal,Real Decreto,65611,65651,"Real Decreto 1302/2009, de 31 de julio, sobre fondos y programas operativos de las organizaciones de productores de frutas y hortalizas."
2009-08-01,185,1,BOE-A-2009-12753,"MINISTERIO DE MEDIO AMBIENTE, Y MEDIO RURAL Y MARINO",estatal,Real Decreto,65652,65670,"Real Decreto 1303/2009, de 31 de julio, sobre declaraciones obligatorias en el sector vitivinícola y por el que se modifica el Real Decreto 1244/2008, de 18 de julio, por el que se regula el potencial de producción vitícola."
2009-08-01,185,1,BOE-A-2009-12754,"MINISTERIO DE MEDIO AMBIENTE, Y MEDIO RURAL Y MARINO",estatal,Real Decreto,65671,65672,"Real Decreto 1304/2009, de 31 de julio, por el que se modifica el Real Decreto 1481/2001, de 27 de diciembre, por el que se regula la eliminación de residuos mediante el depósito en vertedero."
2009-08-01,185,1,BOE-A-2009-12755,MINISTERIO DE CULTURA,estatal,Real Decreto,65673,65677,"Real Decreto 1255/2009, de 17 de julio, por el que se regula la concesión de subvenciones directas del Ministerio de Cultura y sus organismos autónomos a diversas entidades e instituciones culturales."
2009-08-01,185,1,BOE-A-2009-12756,COMUNIDAD AUTÓNOMA DE CANARIAS,autonómico,Ley,65678,65680,"Ley 9/2009, de 16 de julio, de modificación de la Ley 2/2008, de 28 de mayo, del Cuerpo General de la Policía Canaria."
2009-08-03,186,1,BOE-A-2009-12852,MINISTERIO DE ASUNTOS EXTERIORES Y DE COOPERACIÓN,estatal,Tratado o acuerdo internacional,66041,66106,"Enmiendas de 2006 (capítulos II-1, II-2, III, XII) al Convenio Internacional para la seguridad de la vida humana en el mar, 1974, enmendado, publicado en el ""Boletín Oficial del Estado"" del 16 al 18 de junio de 1980, adoptadas el 8 de diciembre de 2006 mediante Resolución MSC 216(82)."
2009-08-03,186,1,BOE-A-2009-12853,MINISTERIO DE ASUNTOS EXTERIORES Y DE COOPERACIÓN,estatal,Otras,66107,66131,"Norma de rendimiento de los revestimientos protectores de los tanques dedicados a lastre de agua de mar de todos los tipos de buques y los espacios del doble forro en el costado de los graneleros, (en aplicación de las enmiendas a las reglas II-1/3-2 y XII-6 del Convenio SOLAS), publicado en el ""Boletín Oficial del Estado"" del 16 al 18 de junio de 1980, adoptada el 8 de diciembre de 2006 mediante Resolución MSC 215(82)."
2009-08-03,186,1,BOE-A-2009-12854,COMUNIDAD AUTÓNOMA DE CATALUÑA,autonómico,Ley,66132,66160,"Ley 9/2009, de 30 de junio, de política industrial."
2009-08-03,186,1,BOE-A-2009-12855,COMUNIDAD AUTÓNOMA DE CATALUÑA,autonómico,Ley,66161,66167,"Ley 10/2009, de 30 de junio, sobre la localización e identificación de las personas desaparecidas durante la Guerra Civil y la dictadura franquista, y la dignificación de las fosas comunes."
2009-08-03,186,1,BOE-A-2009-12856,COMUNIDAD AUTÓNOMA DE CATALUÑA,autonómico,Ley,66168,66201,"Ley 11/2009, de 6 de julio, de regulación administrativa de los espectáculos públicos y las actividades recreativas."
2009-08-03,186,1,BOE-A-2009-12857,COMUNIDAD AUTÓNOMA DEL PRINCIPADO DE ASTURIAS,autonómico,Ley,66202,66203,"Ley 1/2009, de 8 de mayo, por la que se regula la incorporación de personal laboral fijo de carácter docente a los cuerpos de funcionarios docentes."
2009-08-03,186,1,BOE-A-2009-12858,COMUNIDAD AUTÓNOMA DEL PRINCIPADO DE ASTURIAS,autonómico,Ley,66204,66245,"Ley 2/2009, de 8 de mayo, por la que se aprueba el Plan Asturiano de Estadística 2009-2012."
2009-08-04,187,1,BOE-A-2009-12933,JEFATURA DEL ESTADO,estatal,Otras,66572,66577,"Instrumento de Ratificación del Convenio número 187 de la OIT, sobre el marco promocional para la seguridad y salud en el trabajo, hecho en Ginebra el 31 de mayo de 2006."
2009-08-04,187,1,BOE-A-2009-12934,MINISTERIO DE ECONOMÍA Y HACIENDA,estatal,Real Decreto,66578,66579,"Real Decreto 1208/2009, de 17 de julio, por el que se modifica el Real Decreto 1037/1990, de 27 de julio, por el que se regula la composición, organización y funcionamiento del Consejo Superior de Estadística."
2009-08-04,187,1,BOE-A-2009-12935,"MINISTERIO DE INDUSTRIA, TURISMO Y COMERCIO",estatal,Real Decreto,66580,66582,"Real Decreto 1219/2009, de 17 de julio, por el que se modifica el Real Decreto 1112/2007, de 24 de agosto, por el que se establece el régimen de ayudas al desarrollo de las infraestructuras en las comarcas mineras del carbón."
2009-08-04,187,1,BOE-A-2009-12936,"MINISTERIO DE INDUSTRIA, TURISMO Y COMERCIO",estatal,Real Decreto,66583,66584,"Real Decreto 1220/2009, de 17 de julio, por el que se derogan diferentes disposiciones en materia de normalización y homologación de productos industriales."
2009-08-04,187,1,BOE-A-2009-12937,"MINISTERIO DE MEDIO AMBIENTE, Y MEDIO RURAL Y MARINO",estatal,Real Decreto,66585,66597,"Real Decreto 1221/2009, de 17 de julio, por el que se establecen normas básicas de ordenación de las explotaciones de ganado porcino extensivo y por el que se modifica el Real Decreto 1547/2004, de 25 de junio, por el que se establecen las normas de ordenación de las explotaciones cunícolas."
2009-08-04,187,1,BOE-A-2009-12938,MINISTERIO DE LA PRESIDENCIA,estatal,Corrección,66598,66598,"Corrección de errores del Real Decreto 867/2008, de 23 de mayo, por el que se aprueba la reglamentación técnico-sanitaria específica de los preparados para lactantes y de los preparados de continuación."
2009-08-05,188,1,BOE-A-2009-12999,MINISTERIO DE ASUNTOS EXTERIORES Y DE COOPERACIÓN,estatal,Tratado o acuerdo internacional,66818,66819,"Enmiendas de 2006 al Protocolo de 1988 relativo al Convenio Internacional para la seguridad de la vida humana en el mar, 1974 adoptadas, publicado en el ""Boletín Oficial del Estado"" nº 234 de 30 de septiembre de 1999, adoptadas el 8 de diciembre de 2006 mediante Resolución MSC 227(82)."
2009-08-05,188,1,BOE-A-2009-13000,MINISTERIO DE ECONOMÍA Y HACIENDA,estatal,Resolución,66820,66822,"Resolución de 29 de julio de 2009, de la Intervención General de la Administración del Estado, por la que se modifica la de 5 de junio de 2006, por la que se aprueba el modelo normalizado para la solicitud y se regula la participación por vía telemática en el procedimiento de solicitud de representante de la IGAE para los actos de comprobación material de la inversión."
2009-08-05,188,1,BOE-A-2009-13001,MINISTERIO DE TRABAJO E INMIGRACIÓN,estatal,Real Decreto,66823,66860,"Real Decreto 1218/2009, de 17 de julio, por el que se establece un certificado de profesionalidad de la familia profesional informática y comunicaciones que se incluye en el Repertorio Nacional de certificados de profesionalidad."
2009-08-05,188,1,BOE-A-2009-13002,MINISTERIO DE LA PRESIDENCIA,estatal,Real Decreto,66861,66862,"Real Decreto 1258/2009, de 24 de julio, por el que se crea la Consejería de Turismo de la Misión Diplomática Permanente de España en la República Popular China, con sede en Cantón."
2009-08-06,189,1,BOE-A-2009-13035,TRIBUNAL CONSTITUCIONAL,estatal,Resolución judicial,66970,66970,"Recurso de inconstitucionalidad nº 6964-2009, en relación con diversos preceptos de la Ley de la Comunidad Autónoma de Canarias 7/2009, de 6 de mayo, de modificación del Texto Refundido de las Leyes de Ordenación del Territorio de Canarias y de Espacios Naturales de Canarias sobre declaración y ordenación de áreas urbanas."
2009-08-06,189,1,BOE-A-2009-13036,MINISTERIO DE ASUNTOS EXTERIORES Y DE COOPERACIÓN,estatal,Otras,66971,66975,"Intercambio de cartas de 1 de marzo y 22 de abril de 2005, relativo a la aplicación del Convenio para evitar la doble imposición entre España y Francia, hecho en Madrid el 10 octubre de 1995."
2009-08-06,189,1,BOE-A-2009-13037,MINISTERIO DE TRABAJO E INMIGRACIÓN,estatal,Real Decreto,66976,67040,"Real Decreto 1209/2009, de 17 de julio, por el que se establece un certificado de profesionalidad de la familia profesional de actividades físicas y deportivas que se incluye en el Repertorio Nacional de certificados de profesionalidad."
2009-08-06,189,1,BOE-A-2009-13038,COMUNIDAD AUTÓNOMA DE CATALUÑA,autonómico,Ley,67041,67134,"Ley 12/2009, de 10 de julio, de Educación."
2009-08-07,190,1,BOE-A-2009-13109,TRIBUNAL CONSTITUCIONAL,estatal,Resolución judicial,67475,67475,"Recurso de inconstitucionalidad nº 2964-2009, en relación con la Ley de la Comunidad de Madrid 3/2008, de 29 de diciembre, de Medidas Fiscales y Administrativas."
2009-08-07,190,1,BOE-A-2009-13110,TRIBUNAL CONSTITUCIONAL,estatal,Resolución judicial,67476,67476,"Recurso de inconstitucionalidad nº 3644-2009, en relación con la Ley de la Comunidad de Autónoma de Galicia 18/2008, de 29 de diciembre, de Vivienda."
2009-08-07,190,1,BOE-A-2009-13111,MINISTERIO DE ASUNTOS EXTERIORES Y DE COOPERACIÓN,estatal,Tratado o acuerdo internacional,67477,67494,"Enmiendas al Reglamento relativo al Transporte Internacional de Mercancías Peligrosas por Ferrocarril (publicado en el ""Boletín Oficial del Estado"" del 20 al 26 de agosto de 1986), (RID 2009). Anejo al Convenio relativo a los Transportes Internacionales por Ferrocarril (COTIF) Berna 9 de mayo de 1980 (publicado en el ""Boletín Oficial del Estado"" de 18 de enero de 1986) adoptadas por la Comisión de expertos en el RID en Hamburgo el 23 de octubre de 2008."
2009-08-08,191,1,BOE-A-2009-13174,"MINISTERIO DE MEDIO AMBIENTE, Y MEDIO RURAL Y MARINO",estatal,Orden,67652,67658,"Orden ARM/2166/2009, de 29 de julio, por la que se modifica el anexo 2 del Real Decreto 2611/1996, de 20 de diciembre, por el que se regulan los programas nacionales de erradicación de enfermedades de los animales."
2009-08-10,192,1,BOE-A-2009-13246,MINISTERIO DE ASUNTOS EXTERIORES Y DE COOPERACIÓN,estatal,Tratado o acuerdo internacional,67779,67811,"Enmiendas al Convenio Internacional para la seguridad de la vida humana en el mar, 1974 (Convenio SOLAS), publicado en el ""Boletín Oficial del Estado"" del 16 al 18 de junio de 1980. Resoluciones 3 a 9, aprobadas el 28 de noviembre de 1997 en la Conferencia de Gobiernos Contratantes del Convenio Internacional para la Seguridad de la Vida Humana en el Mar."
2009-08-10,192,1,BOE-A-2009-13247,MINISTERIO DE ECONOMÍA Y HACIENDA,estatal,Resolución,67812,67813,"Resolución de 31 de julio de 2009, de la Presidencia de la Agencia Estatal de Administración Tributaria, por la que se modifica la Resolución de 19 de febrero de 2004, sobre organización y atribución de funciones en el ámbito de competencias del Departamento de Gestión Tributaria."
2009-08-10,192,1,BOE-A-2009-13248,MINISTERIO DE ECONOMÍA Y HACIENDA,estatal,Resolución,67814,67815,"Resolución de 31 de julio de 2009, de la Presidencia de la Agencia Estatal de Administración Tributaria, por la que se modifica la Resolución de 24 de marzo de 1992, sobre organización y atribución de funciones a la Inspección de los Tributos en el ámbito de la competencia del Departamento de Inspección Financiera y Tributaria."
2009-08-10,192,1,BOE-A-2009-13249,MINISTERIO DE EDUCACIÓN,estatal,Orden,67816,67840,"Orden EDU/2184/2009, de 3 de julio, por la que se establece el currículo del ciclo formativo de Grado Medio correspondiente al título de Técnico en Farmacia y Parafarmacia."
2009-08-10,192,1,BOE-A-2009-13250,MINISTERIO DE EDUCACIÓN,estatal,Orden,67841,67869,"Orden EDU/2185/2009, de 3 de julio, por la que se establece el currículo del ciclo formativo de Grado Medio correspondiente al título de Técnico en Instalaciones Eléctricas y Automáticas."
2009-08-10,192,1,BOE-A-2009-13251,MINISTERIO DE EDUCACIÓN,estatal,Orden,67870,67894,"Orden EDU/2186/2009, de 3 de julio, por la que se establece el currículo del ciclo formativo de Grado Medio correspondiente al título de Técnico en Planta Química."
2009-08-10,192,1,BOE-A-2009-13252,MINISTERIO DE EDUCACIÓN,estatal,Orden,67895,67915,"Orden EDU/2187/2009, de 3 de julio, por la que se establece el currículo del ciclo formativo de Grado Medio correspondiente al título de Técnico en Sistemas Microinformáticos y Redes."
2009-08-10,192,1,BOE-A-2009-13253,MINISTERIO DE EDUCACIÓN,estatal,Orden,67916,67940,"Orden EDU/2188/2009, de 3 de julio, por la que se establece el currículo del ciclo formativo de Grado Medio correspondiente al título de Técnico en Soldadura y Calderería."
2009-08-10,192,1,BOE-A-2009-13254,MINISTERIO DE TRABAJO E INMIGRACIÓN,estatal,Orden,67941,67947,"Orden TIN/2189/2009, de 31 de julio, por la que se aprueba el Reglamento de Funcionamiento del Consejo General, la Comisión Ejecutiva Central y las Comisiones Ejecutivas Territoriales del Servicio Público de Empleo Estatal."
2009-08-11,193,1,BOE-A-2009-13287,MINISTERIO DE FOMENTO,estatal,Orden,68088,68090,"Orden FOM/2197/2009, de 27 de julio, por la que se determinan para el año 2008 los costes tipo aplicables a los costes subvencionables regulados en el Real Decreto 170/2009, de 13 de febrero, sobre compensación al transporte marítimo y aéreo de mercancías incluidas en el Anexo I del Tratado Constitutivo de la Comunidad Europea, con origen o destino en las Islas Canarias."
2009-08-11,193,1,BOE-A-2009-13288,MINISTERIO DE FOMENTO,estatal,Orden,68091,68093,"Orden FOM/2198/2009, de 27 de julio, por la que se determinan para el año 2008 los costes tipo aplicables a los costes subvencionables regulados en el Real Decreto 362/2009, de 20 de marzo, sobre compensación al transporte marítimo y aéreo de mercancías no incluidas en el Anexo I del Tratado Constitutivo de la Comunidad Europea, con origen o destino en las Islas Canarias."
2009-08-11,193,1,BOE-A-2009-13289,MINISTERIO DE EDUCACIÓN,estatal,Orden,68094,68134,"Orden EDU/2199/2009, de 3 de julio, por la que se establece el currículo del ciclo formativo de Grado Superior correspondiente al título de Técnico Superior en Automoción."
2009-08-11,193,1,BOE-A-2009-13290,MINISTERIO DE EDUCACIÓN,estatal,Orden,68135,68163,"Orden EDU/2200/2009, de 3 de julio, por la que se establece el currículo del ciclo formativo de Grado Superior correspondiente al título de Técnico Superior en Mantenimiento de Instalaciones Térmicas y de Fluidos."
2009-08-11,193,1,BOE-A-2009-13291,MINISTERIO DE EDUCACIÓN,estatal,Orden,68164,68195,"Orden EDU/2201/2009, de 3 de julio, por la que se establece el currículo del ciclo formativo de Grado Superior correspondiente al título de Técnico Superior en Patronaje y Moda."
2009-08-12,194,1,BOE-A-2009-13333,MINISTERIO DE EDUCACIÓN,estatal,Orden,68347,68372,"Orden EDU/2212/2009, de 3 de julio, por la que se establece el currículo del ciclo formativo de Grado Superior correspondiente al título de Técnico Superior en Técnico Superior en Programación de la Producción en Fabricación Mecánica."
2009-08-12,194,1,BOE-A-2009-13334,MINISTERIO DE EDUCACIÓN,estatal,Orden,68373,68398,"Orden EDU/2213/2009, de 3 de julio, por la que se establece el currículo del ciclo formativo de Grado Medio correspondiente al título de Técnico en Aceites de Oliva y Vinos."
2009-08-12,194,1,BOE-A-2009-13335,MINISTERIO DE EDUCACIÓN,estatal,Orden,68399,68425,"Orden EDU/2214/2009, de 3 de julio, por la que se establece el currículo del ciclo formativo de Grado Medio correspondiente al título de Técnico en Carrocería."
2009-08-12,194,1,BOE-A-2009-13336,MINISTERIO DE EDUCACIÓN,estatal,Orden,68426,68450,"Orden EDU/2215/2009, de 3 de julio, por la que se establece el currículo del ciclo formativo de Grado Medio correspondiente al título de Técnico en Confección y Moda."
2009-08-12,194,1,BOE-A-2009-13337,MINISTERIO DE EDUCACIÓN,estatal,Orden,68451,68473,"Orden EDU/2216/2009, de 3 de julio, por la que se establece el currículo del ciclo formativo de Grado Medio correspondiente al título de Técnico en Servicios en Restauración."
2009-08-12,194,1,BOE-A-2009-13338,MINISTERIO DE EDUCACIÓN,estatal,Orden,68474,68497,"Orden EDU/2217/2009, de 3 de julio, por la que se establece el currículo del ciclo formativo de Grado Superior correspondiente al título de Técnico Superior en Audiología Protésica."
2009-08-12,194,1,BOE-A-2009-13339,MINISTERIO DE EDUCACIÓN,estatal,Orden,68498,68524,"Orden EDU/2218/2009, de 3 de julio, por la que se establece el currículo del ciclo formativo de Grado Superior correspondiente al título de Técnico Superior en Construcciones Metálicas."
2009-08-12,194,1,BOE-A-2009-13340,MINISTERIO DE LA PRESIDENCIA,estatal,Resolución,68525,68528,"Resolución de 29 de julio de 2009, del Consejo Rector de la Agencia Estatal de Evaluación de las Políticas Públicas y la Calidad de los Servicios, por la que se aprueba el procedimiento de certificación de las Cartas de servicios de las organizaciones de las administraciones públicas."
2009-08-13,195,1,BOE-A-2009-13393,MINISTERIO DE ASUNTOS EXTERIORES Y DE COOPERACIÓN,estatal,Tratado o acuerdo internacional,68804,68806,"Acuerdo Amistoso, de 30 de enero y 15 de febrero de 2006, relativo a la aplicación del Convenio para evitar la doble imposición entre España y Estados Unidos, hecho en Madrid el 22 de febrero de 1990."
2009-08-13,195,1,BOE-A-2009-13394,MINISTERIO DE EDUCACIÓN,estatal,Orden,68807,68834,"Orden EDU/2227/2009, de 3 de julio, por la que se establece el currículo del ciclo formativo de Grado Superior correspondiente al título de Técnico Superior en Química Industrial."
2009-08-13,195,1,BOE-A-2009-13395,MINISTERIO DE CULTURA,estatal,Corrección,68835,68835,"Corrección de erratas del Real Decreto 1225/2009, de 17 de julio, por el que se regula la concesión de subvenciones directas del Ministerio de Cultura y sus organismos autónomos a diversas entidades e instituciones culturales."
2009-08-14,196,1,BOE-A-2009-13482,MINISTERIO DE ASUNTOS EXTERIORES Y DE COOPERACIÓN,estatal,Tratado o acuerdo internacional,69311,69312,"Enmiendas de 2006 a las Directrices relativas a la autorización de las Organizaciones que actúan en nombre de la administración (Resolución A.739(18), (publicado en el ""Boletín Oficial del Estado"" número 122, de 22 de mayo de 1998) adoptadas el 18 de mayo de 2006 mediante Resolución MSC 208(81)."
2009-08-14,196,1,BOE-A-2009-13483,MINISTERIO DE ASUNTOS EXTERIORES Y DE COOPERACIÓN,estatal,Corrección,69313,70076,"Corrección de erratas de las enmiendas al Reglamento relativo al Transporte Internacional de Mercancías Peligrosas por Ferrocarril (publicado en el ""Boletín Oficial del Estado"" del 20 al 26 de agosto de 1986), (RID 2009). Anejo al Convenio relativo a los Transportes Internacionales por Ferrocarril (COTIF) Berna 9 de mayo de 1980 (publicado en el ""Boletín Oficial del Estado"" de 18 de enero de 1986) adoptadas por la Comisión de expertos en el RID en Hamburgo el 23 de octubre de 2008."
2009-08-14,196,1,BOE-A-2009-13484,MINISTERIO DE EDUCACIÓN,estatal,Orden,70077,70105,"Orden EDU/2243/2009, de 3 de julio, por la que se establece el currículo del ciclo formativo de Grado Superior correspondiente al Título de Técnico Superior en Vitivinicultura."
2009-08-14,196,1,BOE-A-2009-13485,"MINISTERIO DE INDUSTRIA, TURISMO Y COMERCIO",estatal,Corrección,70106,70106,"Corrección de errores del Real Decreto 1301/2009, de 31 de julio, por el que se crea la Comisión interministerial para la designación de la sociedad gestora del Fondo de Titulización del Déficit del Sistema Eléctrico."
2009-08-14,196,1,BOE-A-2009-13486,MINISTERIO DE CULTURA,estatal,Orden,70107,70110,"Orden CUL/2244/2009, de 30 de julio, por la que se regula la visita pública al Museo Nacional Centro de Arte Reina Sofía."
2009-08-14,196,1,BOE-A-2009-13487,COMUNIDAD AUTÓNOMA DE CANARIAS,autonómico,Ley,70111,70111,"Ley 8/2009, de 9 de julio, de modificación de la Ley 12/2007, de 24 de abril, de Ordenación del Transporte Marítimo de Canarias."
2009-08-15,197,1,BOE-A-2009-13496,JEFATURA DEL ESTADO,estatal,Real Decreto-ley,70195,70201,"Real Decreto-ley 10/2009, de 13 de agosto, por el que se regula el programa temporal de protección por desempleo e inserción."
2009-08-15,197,1,BOE-A-2009-13497,JEFATURA DEL ESTADO,estatal,Real Decreto-ley,70202,70205,"Real Decreto-ley 11/2009, de 13 de agosto, por el que se regula, para las concesiones de ámbito estatal, la prestación del servicio de televisión digital terrestre de pago mediante acceso condicional."
2009-08-15,197,1,BOE-A-2009-13498,JEFATURA DEL ESTADO,estatal,Real Decreto-ley,70206,70217,"Real Decreto-ley 12/2009, de 13 de agosto, por el que se aprueban medidas urgentes para paliar los daños producidos por los incendios forestales y otras catástrofes naturales ocurridos en varias Comunidades Autónomas."
2009-08-15,197,1,BOE-A-2009-13499,MINISTERIO DE ASUNTOS EXTERIORES Y DE COOPERACIÓN,estatal,Tratado o acuerdo internacional,70218,70223,"Enmiendas de 2006 al Código internacional de dispositivos de salvamento (Código IDS) (publicado en el ""Boletín Oficial del Estado"" número 275, de 17 de noviembre de 1998), adoptadas el 18 de mayo de 2006 mediante Resolución MSC.207(81)."
2009-08-15,197,1,BOE-A-2009-13500,MINISTERIO DE EDUCACIÓN,estatal,Orden,70224,70251,"Orden EDU/2245/2009, de 3 de julio, por la que se establece el currículo del ciclo formativo de Grado Superior correspondiente al título de Técnico Superior en Desarrollo de Proyectos de Instalaciones Térmicas y de Fluidos."
2009-08-15,197,1,BOE-A-2009-13501,"MINISTERIO DE INDUSTRIA, TURISMO Y COMERCIO",estatal,Resolución,70252,70253,"Resolución de 5 de agosto de 2009, de la Dirección General de Política Energética y Minas, por la que se hacen públicos los nuevos precios de venta, antes de impuestos, de los gases licuados del petróleo por canalización."
2009-08-15,197,1,BOE-A-2009-13502,COMUNIDAD FORAL DE NAVARRA,autonómico,Ley,70254,70269,"Ley Foral 10/2009, de 2 de julio, de Museos y Colecciones Museográficas Permanentes de Navarra."
2009-08-17,198,1,BOE-A-2009-13563,MINISTERIO DE ASUNTOS EXTERIORES Y DE COOPERACIÓN,estatal,Tratado o acuerdo internacional,70707,70709,"Enmiendas de 2006 al Código Internacional para la construcción y el equipo de buques que transporten gases licuados a granel (publicado en el ""Boletín Oficial del Estado"" número 139 de 11 de junio de 1986), adoptadas el 8 de diciembre de 2006 mediante Resolución MSC 220(82)."
2009-08-17,198,1,BOE-A-2009-13564,MINISTERIO DE EDUCACIÓN,estatal,Orden,70710,70738,"Orden EDU/2254/2009, de 3 de julio, por la que se establece el currículo del ciclo formativo de Grado Superior correspondiente al título de Técnico Superior en Gestión de Alojamientos Turísticos."
2009-08-17,198,1,BOE-A-2009-13565,COMUNIDAD AUTÓNOMA DE CATALUÑA,autonómico,Ley,70739,70749,"Ley 13/2009, de 22 de julio, de la Agencia de la Vivienda de Cataluña."
2009-08-17,198,1,BOE-A-2009-13566,COMUNIDAD AUTÓNOMA DE CATALUÑA,autonómico,Ley,70750,70784,"Ley 14/2009, de 22 de julio, de aeropuertos, helipuertos y otras infraestructuras aeroportuarias."
2009-08-17,198,1,BOE-A-2009-13567,COMUNIDAD AUTÓNOMA DE CATALUÑA,autonómico,Ley,70785,70801,"Ley 15/2009, de 22 de julio, de mediación en el ámbito del derecho privado."
2009-08-17,198,1,BOE-A-2009-13568,COMUNIDAD AUTÓNOMA DE CATALUÑA,autonómico,Ley,70802,70808,"Ley 16/2009, de 22 de julio, de los centros de culto."
2009-08-17,198,1,BOE-A-2009-13569,COMUNIDAD AUTÓNOMA DE CANTABRIA,autonómico,Ley,70809,70815,"Ley 2/2009, de 3 de julio, de modificación de la Ley 2/2001, de 25 de junio, de Ordenación Territorial y Régimen Urbanístico del Suelo de Cantabria."
2009-08-18,199,1,BOE-A-2009-13628,MINISTERIO DE ASUNTOS EXTERIORES Y DE COOPERACIÓN,estatal,Tratado o acuerdo internacional,71050,71074,"Enmiendas de 2006 al Código Internacional de Seguridad para naves de gran velocidad, 2000 (Código NGV 2000) (publicado en el ""Boletín Oficial del Estado"" número 122 de 22 de mayo de 1998), adoptadas el 8 de diciembre de 2006 mediante Resolución MSC 222(82)."
2009-08-19,200,1,BOE-A-2009-13663,MINISTERIO DE ASUNTOS EXTERIORES Y DE COOPERACIÓN,estatal,Tratado o acuerdo internacional,71321,71321,"Enmienda del anexo 2 del Acuerdo sobre la conservación de los cetáceos del mar Negro, el mar Mediterráneo y la zona Atlántica contigua, (publicado en el ""Boletín Oficial del Estado"" núm. 150 de 23 de junio de 2001), relativa al uso de redes de deriva, hecho en Dubronik (Croacia) el 25 de octubre de 2007."
2009-08-19,200,1,BOE-A-2009-13664,MINISTERIO DE TRABAJO E INMIGRACIÓN,estatal,Real Decreto,71322,71327,"Real Decreto 1300/2009, de 31 de julio, de medidas urgentes de empleo destinadas a los trabajadores autónomos y a las cooperativas y sociedades laborales."
2009-08-20,201,1,BOE-A-2009-13688,"MINISTERIO DE INDUSTRIA, TURISMO Y COMERCIO",estatal,Resolución,71535,71536,"Resolución de 28 de julio de 2009, de la Secretaría de Estado de Telecomunicaciones y para la Sociedad de la Información, por la que se modifica el anexo I de la Orden ITC/912/2006, de 29 de marzo, por la que se regulan las condiciones relativas a la calidad en la prestación de los servicios de comunicaciones electrónicas."
2009-08-20,201,1,BOE-A-2009-13689,COMUNIDAD AUTÓNOMA DE ARAGÓN,autonómico,Ley,71537,71584,"Ley 5/2009, de 30 de junio, de Servicios Sociales de Aragón."
2009-08-21,202,1,BOE-A-2009-13716,MINISTERIO DE TRABAJO E INMIGRACIÓN,estatal,Real Decreto,71682,71916,"Real Decreto 1211/2009, de 17 de julio, por el que se establecen cinco certificados de profesionalidad de la familia profesional agraria que se incluyen en el Repertorio Nacional de certificados de profesionalidad."
2009-08-21,202,1,BOE-A-2009-13717,"MINISTERIO DE MEDIO AMBIENTE, Y MEDIO RURAL Y MARINO",estatal,Resolución,71917,71927,"Resolución de 31 de julio de 2009, de la Dirección General de Medio Natural y Política Forestal, por la que se dispone la publicación del Acuerdo de Consejo de Ministros de 5 de junio de 2009, por el que se autoriza la inclusión en la lista del Convenio de Ramsar (2 de febrero de 1971), relativo a humedales de importancia internacional especialmente como hábitat de aves acuáticas, de diversas zonas húmedas españolas situadas en la Comunidad Autónoma de Andalucía."
2009-08-21,202,1,BOE-A-2009-13718,COMUNIDAD AUTÓNOMA DE ARAGÓN,autonómico,Ley,71928,71954,"Ley 6/2009, de 6 de julio, de Centros de Ocio de Alta Capacidad de Aragón."
2009-08-22,203,1,BOE-A-2009-13741,MINISTERIO DE ASUNTOS EXTERIORES Y DE COOPERACIÓN,estatal,Tratado o acuerdo internacional,72031,72032,"Convenio celebrado sobre la base del artículo K.3 del Tratado de la Unión Europea, relativo a la asistencia mutua y la cooperación entre las Administraciones Aduaneras, hecho en Bruselas el 18 de diciembre de 1997."
2009-08-22,203,1,BOE-A-2009-13742,MINISTERIO DE ASUNTOS EXTERIORES Y DE COOPERACIÓN,estatal,Orden,72033,72033,"Orden AEC/2282/2009, de 12 de agosto, por la que se suprime la Oficina Consular, con categoría de Consulado General, en Nueva Orleáns (Estados Unidos)."
2009-08-22,203,1,BOE-A-2009-13743,MINISTERIO DE TRABAJO E INMIGRACIÓN,estatal,Real Decreto,72034,72150,"Real Decreto 1212/2009, de 17 de julio, por el que se establecen tres certificados de profesionalidad de la familia profesional edificación y obra civil que se incluyen en el Repertorio Nacional de certificados de profesionalidad."
2009-08-24,204,1,BOE-A-2009-13760,MINISTERIO DE TRABAJO E INMIGRACIÓN,estatal,Real Decreto,72181,72243,"Real Decreto 1213/2009, de 17 de julio, por el que se establecen dos certificados de profesionalidad de la familia profesional artes gráficas que se incluyen en el Repertorio Nacional de certificados de profesionalidad."
2009-08-24,204,1,BOE-A-2009-13761,MINISTERIO DE LA PRESIDENCIA,estatal,Real Decreto,72244,72251,"Real Decreto 1305/2009, de 31 de julio, por el que se crea la Red de Museos de España."
2009-08-25,205,1,BOE-A-2009-13780,MINISTERIO DE TRABAJO E INMIGRACIÓN,estatal,Real Decreto,72656,72703,"Real Decreto 1215/2009, de 17 de julio, por el que se establece un certificado de profesionalidad de la familia profesional energía y agua que se incluye en el Repertorio Nacional de certificados de profesionalidad."
2009-08-25,205,1,BOE-A-2009-13781,MINISTERIO DE LA PRESIDENCIA,estatal,Real Decreto,72704,72727,"Real Decreto 1224/2009, de 17 de julio, de reconocimiento de las competencias profesionales adquiridas por experiencia laboral."
2009-08-26,206,1,BOE-A-2009-13787,MINISTERIO DE TRABAJO E INMIGRACIÓN,estatal,Real Decreto,73067,73182,"Real Decreto 1216/2009, de 17 de julio, por el que se establecen cuatro certificados de profesionalidad de la familia profesional fabricación mecánica que se incluyen en el Repertorio Nacional de certificados de profesionalidad."
2009-08-27,207,1,BOE-A-2009-13807,MINISTERIO DE ASUNTOS EXTERIORES Y DE COOPERACIÓN,estatal,Orden,73371,73371,"Orden AEC/2293/2009, de 13 de agosto, por la que se corrigen errores de la Orden AEC/1416/2009, de 22 de mayo, por la que se crea la Oficina Consular Honoraria de España en la Isla de San Martín."
2009-08-27,207,1,BOE-A-2009-13808,MINISTERIO DE TRABAJO E INMIGRACIÓN,estatal,Real Decreto,73372,73491,"Real Decreto 1217/2009, de 17 de julio, por el que se establecen tres certificados de profesionalidad de la familia profesional industrias extractivas que se incluyen en el Repertorio Nacional de certificados de profesionalidad."
2009-08-27,207,1,BOE-A-2009-13809,COMUNIDAD DE MADRID,autonómico,Ley,73492,73493,"Ley 1/2009, de 15 de junio, para la creación de una Comisión Permanente no Legislativa para las Políticas Integrales de la Discapacidad."
2009-08-28,208,1,BOE-A-2009-13862,MINISTERIO DE TRABAJO E INMIGRACIÓN,estatal,Real Decreto,73657,73775,"Real Decreto 1256/2009, de 24 de julio, por el que se establecen dos certificados de profesionalidad de la familia profesional Hostelería y Turismo que se incluyen en el Repertorio Nacional de certificados de profesionalidad."
2009-08-28,208,1,BOE-A-2009-13863,COMUNIDAD DE MADRID,autonómico,Ley,73776,73785,"Ley 2/2009, de 23 de junio, por la que se modifica la Ley 4/2003, de 11 de marzo, de Cajas de Ahorros de la Comunidad de Madrid."
2009-08-29,209,1,BOE-A-2009-13927,MINISTERIO DE ASUNTOS EXTERIORES Y DE COOPERACIÓN,estatal,Orden,73911,73911,"Orden AEC/2307/2009, de 28 de agosto, por la que se corrige error de la Orden AEC/2282/2009, de 12 de agosto, por la que se suprime una Oficina Consular, con categoría de Consulado General, en Nueva Orleáns (Estados Unidos)."
2009-08-29,209,1,BOE-A-2009-13928,MINISTERIO DE DEFENSA,estatal,Corrección,73912,73912,"Corrección de errores de la Orden DEF/1951/2009, de 15 de julio, por la que se crea la Comisión de Coordinación de la Actividad Internacional del Ministerio de Defensa."
2009-08-29,209,1,BOE-A-2009-13929,"MINISTERIO DE MEDIO AMBIENTE, Y MEDIO RURAL Y MARINO",estatal,Real Decreto,73913,73918,"Real Decreto 1383/2009, de 28 de agosto, por el que se determina la composición, estructura orgánica y funcionamiento del Consejo Nacional del Agua."
2009-08-29,209,1,BOE-A-2009-13930,"MINISTERIO DE MEDIO AMBIENTE, Y MEDIO RURAL Y MARINO",estatal,Orden,73919,73924,"Orden ARM/2308/2009, de 12 de agosto, por la que se modifica el Reglamento General del Registro de variedades comerciales."
2009-08-29,209,1,BOE-A-2009-13931,MINISTERIO DE LA PRESIDENCIA,estatal,Real Decreto,73925,73927,"Real Decreto 1386/2009, de 28 de agosto, por el que se modifica el Real Decreto 1127/2008, de 4 de julio, por el que se desarrolla la estructura orgánica básica del Ministerio de Economía y Hacienda."
2009-08-31,210,1,BOE-A-2009-13988,JEFATURA DEL ESTADO,estatal,Ley,74003,74015,"Ley 8/2009, de 28 de agosto, de financiación de la Corporación de Radio y Televisión Española."
2009-08-31,210,1,BOE-A-2009-13989,"MINISTERIO DE MEDIO AMBIENTE, Y MEDIO RURAL Y MARINO",estatal,Corrección,74016,74016,"Corrección de errores del Real Decreto 1079/2008, de 27 de junio, por el que se regula el marcado de los jamones y paletas y los periodos de elaboración para la utilización de determinadas menciones en el etiquetado."
2009-09-03,213,1,BOE-A-2009-14159,MINISTERIO DE EDUCACIÓN,estatal,Orden,75302,75306,"Orden EDU/2341/2009, de 27 de agosto, por la que se crea el Centro Nacional de Desarrollo Curricular en Sistemas no Propietarios."
2009-09-03,213,1,BOE-A-2009-14160,MINISTERIO DE LA PRESIDENCIA,estatal,Real Decreto,75307,75310,"Real Decreto 1370/2009, de 13 de agosto, por el que se modifica el Real Decreto 944/2001, de 3 de agosto, por el que se aprueba el Reglamento para la determinación de la aptitud psicofísica del personal de las Fuerzas Armadas."
2009-09-04,214,1,BOE-A-2009-14217,MINISTERIO DE TRABAJO E INMIGRACIÓN,estatal,Real Decreto,75481,75565,"Real Decreto 1214/2009, de 17 de julio, por el que se establecen tres certificados de profesionalidad de la familia profesional electricidad y electrónica que se incluyen el el Repertorio Nacional de certificados de profesionalidad."
2009-09-05,215,1,BOE-A-2009-14259,MINISTERIO DE ECONOMÍA Y HACIENDA,estatal,Resolución,75714,75715,"Resolución de 4 de septiembre de 2009, de la Presidencia del Comisionado para el Mercado de Tabacos, por la que se publican los precios de venta al público de determinadas labores de tabaco en Expendedurías de Tabaco y Timbre del Área del Monopolio."
2009-09-05,215,1,BOE-A-2009-14260,MINISTERIO DE EDUCACIÓN,estatal,Real Decreto,75716,75777,"Real Decreto 1254/2009, de 24 de julio, por el que se establece el título de Técnico Superior en Agencias de Viajes y Gestión de Eventos y se fijan sus enseñanzas mínimas."
2009-09-05,215,1,BOE-A-2009-14261,MINISTERIO DE EDUCACIÓN,estatal,Real Decreto,75778,75842,"Real Decreto 1255/2009, de 24 de julio, por el que se establece el título de Técnico Superior en Guía, Información y Asistencias Turísticas y se fijan sus enseñanzas mínimas."
2009-09-08,217,1,BOE-A-2009-14338,MINISTERIO DE SANIDAD Y POLÍTICA SOCIAL,estatal,Real Decreto,76184,76187,"Real Decreto 1371/2009, de 13 de agosto, por el que se modifica el Real Decreto 1400/2007, de 29 de octubre, por el que se establecen normas para el reconocimiento del complemento a los titulares de pensión de jubilación e invalidez de la Seguridad Social, en su modalidad no contributiva, que residan en una vivienda alquilada, prorrogando su vigencia para el año 2009."
2009-09-10,219,1,BOE-A-2009-14405,JEFATURA DEL ESTADO,estatal,Otras,76453,76471,"Instrumento de Ratificación del Convenio del Consejo de Europa sobre la lucha contra la trata de seres humanos (Convenio nº 197 del Consejo de Europa), hecho en Varsovia el 16 de mayo de 2005."
2009-09-10,219,1,BOE-A-2009-14406,JEFATURA DEL ESTADO,estatal,Corrección,76472,76472,"Corrección de errores del Real Decreto-ley 12/2009, de 13 de agosto, por el que se aprueban medidas urgentes para paliar los daños producidos por los incendios forestales y otras catástrofes naturales ocurridos en varias Comunidades Autónomas."
2009-09-10,219,1,BOE-A-2009-14407,MINISTERIO DE ASUNTOS EXTERIORES Y DE COOPERACIÓN,estatal,Resolución,76473,76473,"Resolución de 1 de septiembre de 2009, de la Secretaría General Técnica, sobre la adhesión de la República Dominicana al Convenio suprimiendo la exigencia de legalización de los documentos públicos extranjeros, hecho en La Haya el 5 de octubre de 1961 (publicado en el ""Boletín Oficial del Estado"" núm. 229, de 25 de septiembre de 1978)."
2009-09-11,220,1,BOE-A-2009-14470,MINISTERIO DE ASUNTOS EXTERIORES Y DE COOPERACIÓN,estatal,Tratado o acuerdo internacional,76634,76634,"Declaración de aceptación por España de la adhesión de la República de Albania al Convenio sobre los aspectos civiles de la sustracción internacional de menores, hecho en La Haya el 25 de octubre de 1980."
2009-09-11,220,1,BOE-A-2009-14471,MINISTERIO DE ASUNTOS EXTERIORES Y DE COOPERACIÓN,estatal,Tratado o acuerdo internacional,76635,76635,"Declaración de aceptación por España de la adhesión de la República de Armenia al Convenio sobre los aspectos civiles de la sustracción internacional de menores, hecho en La Haya el 25 de octubre de 1980."
2009-09-11,220,1,BOE-A-2009-14472,MINISTERIO DE ASUNTOS EXTERIORES Y DE COOPERACIÓN,estatal,Tratado o acuerdo internacional,76636,76636,"Declaración de aceptación por España de la adhesión de la República de Seychelles al Convenio sobre los aspectos civiles de la sustracción internacional de menores, hecho en La Haya el 25 de octubre de 1980."
2009-09-12,221,1,BOE-A-2009-14502,MINISTERIO DEL INTERIOR,estatal,Real Decreto,76729,76731,"Real Decreto 1428/2009, de 11 de septiembre, por el que se modifica el Plan Básico de Emergencia Nuclear, aprobado por Real Decreto 1546/2004, de 25 de junio."
2009-09-12,221,1,BOE-A-2009-14503,MINISTERIO DE EDUCACIÓN,estatal,Orden,76732,76734,"Orden EDU/2395/2009, de 9 de septiembre, por la que se regula la promoción de un curso incompleto del sistema educativo definido por la Ley Orgánica 1/1990, de 3 de octubre, de ordenación general del sistema educativo, a otro de la Ley Orgánica 2/2006, de 3 de mayo, de Educación."
2009-09-12,221,1,BOE-A-2009-14504,MINISTERIO DE LA PRESIDENCIA,estatal,Real Decreto,76735,76737,"Real Decreto 1384/2009, de 28 de agosto, por el que se modifica el Estatuto del Organismo Autónomo Trabajo Penitenciario y Formación para el Empleo, aprobado por el Real Decreto 868/2005, de 15 de julio."
2009-09-12,221,1,BOE-A-2009-14505,MINISTERIO DE LA PRESIDENCIA,estatal,Real Decreto,76738,76739,"Real Decreto 1385/2009, de 28 de agosto, por el que se modifica el Real Decreto 1521/1984, de 1 de agosto, por el que se aprueba la reglamentación técnico-sanitaria de los establecimientos y productos de la pesca y acuicultura con destino al consumo humano."
2009-09-12,221,1,BOE-A-2009-14506,MINISTERIO DE LA PRESIDENCIA,estatal,Orden,76740,76742,"Orden PRE/2396/2009, de 8 de septiembre, por la que se modifica el anexo del Real Decreto 465/2003, de 25 de abril, sobre las sustancias indeseables en la alimentación animal."
2009-09-12,221,1,BOE-A-2009-14507,MINISTERIO DE LA PRESIDENCIA,estatal,Orden,76743,76744,"Orden PRE/2397/2009, de 10 de septiembre, por la que se habilita el aeropuerto de Ciudad Real, como puesto fronterizo."
2009-09-14,222,1,BOE-A-2009-14533,MINISTERIO DE ASUNTOS EXTERIORES Y DE COOPERACIÓN,estatal,Tratado o acuerdo internacional,76817,76819,"Acuerdo de Cooperación Científica y Tecnológica entre el Reino de España y la República de Turquía, hecho en Madrid el 3 de marzo de 2006."
2009-09-14,222,1,BOE-A-2009-14534,MINISTERIO DE EDUCACIÓN,estatal,Resolución,76820,76822,"Resolución de 2 de septiembre de 2009, de la Secretaría General de Universidades, por la que se dispone la publicación del Acuerdo de Consejo de Ministros de 31 de julio de 2009, por el que se establece el carácter oficial de determinados títulos de Grado y su inscripción en el Registro de Universidades, Centros y Títulos."
2009-09-14,222,1,BOE-A-2009-14535,MINISTERIO DE TRABAJO E INMIGRACIÓN,estatal,Orden,76823,76825,"Orden TIN/2399/2009, de 11 de septiembre, por la que se dictan normas para la aplicación de lo dispuesto en el artículo 9 del Real Decreto-ley 12/2009, de 13 de agosto, por el que se aprueban medidas urgentes para paliar los daños producidos por los incendios forestales y otras catástrofes naturales ocurridos en varias Comunidades Autónomas."
2009-09-14,222,1,BOE-A-2009-14536,"MINISTERIO DE INDUSTRIA, TURISMO Y COMERCIO",estatal,Resolución,76826,76827,"Resolución de 2 de septiembre de 2009, de la Dirección General de Política Energética y Minas, por la que se hacen públicos los nuevos precios de venta, antes de impuestos, de los gases licuados del petróleo por canalización."
2009-09-15,223,1,BOE-A-2009-14561,JEFATURA DEL ESTADO,estatal,Corrección,76948,76948,"Corrección de errores del Real Decreto-ley 10/2009, de 13 de agosto, por el que se regula el programa temporal de protección por desempleo e inserción."
2009-09-15,223,1,BOE-A-2009-14562,MINISTERIO DE ASUNTOS EXTERIORES Y DE COOPERACIÓN,estatal,Tratado o acuerdo internacional,76949,76954,"Aplicación provisional del Acuerdo entre el Gobierno del Reino de España y el Gobierno de la República de Belarús sobre las condiciones de la mejora de la salud de menores nacionales de la República de Belarús en el Reino de España, hecho en Minsk el 1 de junio de 2009."
2009-09-15,223,1,BOE-A-2009-14563,MINISTERIO DE CULTURA,estatal,Orden,76955,76958,"Orden CUL/2405/2009, de 10 de septiembre, por la que se crea la Comisión Ministerial de Publicidad y Comunicación Institucional del Ministerio de Cultura y se regula su composición, competencias y funcionamiento."
2009-09-16,224,1,BOE-A-2009-14646,MINISTERIO DE ASUNTOS EXTERIORES Y DE COOPERACIÓN,estatal,Tratado o acuerdo internacional,77227,77233,"Convenio de Extradición entre el Reino de España y la República de Cabo Verde, hecho ""ad referendum"" en Madrid el 20 de marzo de 2007."
2009-09-16,224,1,BOE-A-2009-14647,MINISTERIO DE ASUNTOS EXTERIORES Y DE COOPERACIÓN,estatal,Tratado o acuerdo internacional,77234,77244,"Convenio entre el Reino de España y la República de Cabo Verde relativo a la asistencia judicial en materia penal, hecho ""ad referendum"" en Madrid el 20 de marzo de 2007."
2009-09-16,224,1,BOE-A-2009-14648,MINISTERIO DE ASUNTOS EXTERIORES Y DE COOPERACIÓN,estatal,Tratado o acuerdo internacional,77245,77250,"Convenio sobre traslado de personas condenadas entre el Reino de España y la República de Cabo Verde, hecho ""ad referendum"" en Madrid el 20 de marzo de 2007."
2009-09-16,224,1,BOE-A-2009-14649,MINISTERIO DE JUSTICIA,estatal,Real Decreto,77251,77253,"Real Decreto 1372/2009, de 28 de agosto, por el que se modifica el Real Decreto 437/1983, de 9 de febrero, sobre Constitución y Funcionamiento del Consejo Fiscal."
2009-09-16,224,1,BOE-A-2009-14650,MINISTERIO DE TRABAJO E INMIGRACIÓN,estatal,Real Decreto,77254,77287,"Real Decreto 1378/2009, de 28 de agosto, por el que se establece un certificado de profesionalidad de la familia profesional Servicios socioculturales y a la comunidad que se incluyen en el Repertorio Nacional de certificados de profesionalidad."
2009-09-16,224,1,BOE-A-2009-14651,"MINISTERIO DE INDUSTRIA, TURISMO Y COMERCIO",estatal,Real Decreto,77288,77291,"Real Decreto 1382/2009, de 28 de agosto, por el que se regula la concesión de subvenciones directas para la construcción de los Palacios de Congresos de las ciudades de León, Córdoba y Burgos con cargo al presupuesto del Ministerio de Industria, Turismo y Comercio para 2009."
2009-09-16,224,1,BOE-A-2009-14652,"MINISTERIO DE INDUSTRIA, TURISMO Y COMERCIO",estatal,Instrucción o circular,77292,77340,"Circular 5/2009, de 16 de julio, de la Comisión Nacional de Energía, sobre obtención de información de carácter contable y económico financiera de las empresas que desarrollen actividades eléctricas, de gas natural y gases manufacturados por canalización."
2009-09-16,224,1,BOE-A-2009-14653,MINISTERIO DE SANIDAD Y POLÍTICA SOCIAL,estatal,Corrección,77341,77341,"Corrección de errores de la Orden SAS/1915/2009, de 8 de julio, sobre sustancias para el tratamiento del agua destinada a la producción de agua de consumo humano."
2009-09-17,225,1,BOE-A-2009-14713,TRIBUNAL CONSTITUCIONAL,estatal,Resolución judicial,77554,77554,"Cuestión de inconstitucionalidad nº 6958-2006, en relación con la disposición adicional trigésimo cuarta, apartado segundo, de la Ley 55/1999, de 29 de diciembre, de Medidas Fiscales, Administrativas y de Orden Social."
2009-09-17,225,1,BOE-A-2009-14714,TRIBUNAL CONSTITUCIONAL,estatal,Resolución judicial,77555,77555,"Cuestión de inconstitucionalidad nº 2919-2007, en relación con la disposición adicional trigésimo cuarta, apartados primero y segundo, de la Ley 55/1999, de 29 de diciembre, de Medidas Fiscales, Administrativas y de Orden Social."
2009-09-17,225,1,BOE-A-2009-14715,TRIBUNAL CONSTITUCIONAL,estatal,Resolución judicial,77556,77556,"Cuestión de inconstitucionalidad nº 2920-2007, en relación con la disposición adicional trigésimo cuarta, apartados primero y segundo, de la Ley 55/1999, de 29 de diciembre, de Medidas Fiscales, Administrativas y de Orden Social."
2009-09-17,225,1,BOE-A-2009-14716,TRIBUNAL CONSTITUCIONAL,estatal,Resolución judicial,77557,77557,"Cuestión de inconstitucionalidad nº 2921-2007, en relación con la disposición adicional trigésimo cuarta, apartados primero y segundo, de la Ley 55/1999, de 29 de diciembre, de Medidas Fiscales, Administrativas y de Orden Social."
2009-09-17,225,1,BOE-A-2009-14717,MINISTERIO DE ASUNTOS EXTERIORES Y DE COOPERACIÓN,estatal,Tratado o acuerdo internacional,77558,77566,"Aplicación provisional del Convenio entre los Estados Unidos de América y el Reino de España sobre incremento de la cooperación para impedir y combatir la delincuencia grave, hecho en Washington el 23 de junio de 2009."
2009-09-17,225,1,BOE-A-2009-14718,MINISTERIO DE DEFENSA,estatal,Orden,77567,77568,"Orden DEF/2448/2009, de 14 de septiembre, por la que se establecen las retribuciones a percibir por el personal estatutario de la Red Hospitalaria de la Defensa durante el ejercicio 2009."
2009-09-17,225,1,BOE-A-2009-14719,MINISTERIO DE TRABAJO E INMIGRACIÓN,estatal,Real Decreto,77569,77636,"Real Decreto 1374/2009, de 28 de agosto, por el que se establecen dos certificados de profesionalidad de la familia profesional Imagen y sonido que se incluyen en el Repertorio Nacional de certificados de profesionalidad."
2009-09-17,225,1,BOE-A-2009-14720,MINISTERIO DE LA PRESIDENCIA,estatal,Corrección,77637,77637,"Corrección de errores del Real Decreto 2130/2008, de 26 de diciembre, por el que se regula el procedimiento para aplicar las deducciones correspondientes a la dispensación de medicamentos de uso humano con cargo a las mutualidades de funcionarios."
2009-09-18,226,1,BOE-A-2009-14787,MINISTERIO DE ASUNTOS EXTERIORES Y DE COOPERACIÓN,estatal,Real Decreto,77831,77833,"Real Decreto 1369/2009, de 31 de julio, por el que se regula la concesión directa de una subvención a la Fundación ONUART."
2009-09-18,226,1,BOE-A-2009-14788,MINISTERIO DE ECONOMÍA Y HACIENDA,estatal,Real Decreto,77834,77885,"Real Decreto 1373/2009, de 28 de agosto, por el que se aprueba el Reglamento General de la Ley 33/2003, de 3 de noviembre, del Patrimonio de las Administraciones Públicas."
2009-09-18,226,1,BOE-A-2009-14789,MINISTERIO DE ECONOMÍA Y HACIENDA,estatal,Orden,77886,77890,"Orden EHA/2472/2009, de 8 de septiembre, por la que se acuerda la emisión, acuñación y puesta en circulación de monedas en euros destinadas a la circulación de 1 y 2 euros y 1, 2, 5, 10, 20 y 50 cents."
2009-09-18,226,1,BOE-A-2009-14790,MINISTERIO DE LA PRESIDENCIA,estatal,Real Decreto,77891,77909,"Real Decreto 1409/2009, de 4 de septiembre, por el que se regula la elaboración, comercialización, uso y control de los piensos medicamentosos."
2009-09-19,227,1,BOE-A-2009-14828,MINISTERIO DE TRABAJO E INMIGRACIÓN,estatal,Real Decreto,77987,78030,"Real Decreto 1376/2009, de 28 de agosto, por el que se establecen dos certificados de profesionalidad de la familia profesional Marítimo pesquera que se incluyen en el Repertorio Nacional de certificados de profesionalidad."
2009-09-19,227,1,BOE-A-2009-14829,MINISTERIO DE LA PRESIDENCIA,estatal,Real Decreto,78031,78032,"Real Decreto 1462/2009, de 18 de septiembre, por el que se modifica el Real Decreto 641/2009, de 17 de abril, por el que se regulan los procesos de control de dopaje y los laboratorios de análisis autorizados, y por el que se establecen medidas complementarias de prevención del dopaje y de protección de la salud en el deporte."
2009-09-21,228,1,BOE-A-2009-14901,MINISTERIO DE TRABAJO E INMIGRACIÓN,estatal,Real Decreto,78486,78519,"Real Decreto 1377/2009, de 28 de agosto, por el que se establece un certificado de profesionalidad de la familia profesional Seguridad y medioambiente que se incluyen en el Repertorio Nacional de certificados de profesionalidad."
2009-09-22,229,1,BOE-A-2009-14961,MINISTERIO DE TRABAJO E INMIGRACIÓN,estatal,Real Decreto,78735,78788,"Real Decreto 1379/2009, de 28 de agosto, por el que se establecen dos certificados de profesionalidad de la familia profesional Imagen personal que se incluyen en el Repertorio Nacional de certificados de profesionalidad."
2009-09-22,229,1,BOE-A-2009-14962,"MINISTERIO DE INDUSTRIA, TURISMO Y COMERCIO",estatal,Resolución,78789,78794,"Resolución de 15 de julio de 2009, de la Secretaría General de Industria, por la que se modifica el anexo III de la Orden ITC/3750/2006, de 22 de noviembre, por la que se regula el control metrológico del Estado sobre los sistemas de medida en camiones cisterna para líquidos de baja viscosidad (menor o igual que 20 mPa·s)."
2009-09-22,229,1,BOE-A-2009-14963,MINISTERIO DE POLÍTICA TERRITORIAL,estatal,Real Decreto,78795,78806,"Real Decreto 1463/2009, de 18 de septiembre, sobre traspaso de funciones y servicios a la Generalitat de Cataluña en materia de inmigración: autorizaciones iniciales de trabajo por cuenta propia o ajena de los extranjeros cuya relación laboral se desarrolle en Cataluña."
2009-09-22,229,1,BOE-A-2009-14964,COMUNIDAD AUTÓNOMA DE ANDALUCÍA,autonómico,Decreto Legislativo,78807,78827,"Decreto Legislativo 1/2009, de 1 de septiembre, por el que se aprueba el texto refundido de las disposiciones dictadas por la Comunidad Autónoma de Andalucía en materia de tributos cedidos."
2009-09-23,230,1,BOE-A-2009-15049,CORTES GENERALES,estatal,Resolución,79481,79481,"Resolución de 17 de septiembre de 2009, del Congreso de los Diputados, por la que se ordena la publicación del Acuerdo de convalidación del Real Decreto-ley 12/2009, de 13 de agosto, por el que se aprueban medidas urgentes para paliar los daños producidos por los incendios forestales y otras catástrofes naturales ocurridas en varias Comunidades Autónomas."
2009-09-23,230,1,BOE-A-2009-15050,CORTES GENERALES,estatal,Resolución,79482,79482,"Resolución de 17 de septiembre de 2009, del Congreso de los Diputados, por la que se ordena la publicación del Acuerdo de convalidación del Real Decreto-ley 10/2009, de 13 de agosto, por el que se regula el programa temporal de protección por desempleo e inserción."
2009-09-23,230,1,BOE-A-2009-15051,CORTES GENERALES,estatal,Resolución,79483,79483,"Resolución de 17 de septiembre de 2009, del Congreso de los Diputados, por la que se ordena la publicación del Acuerdo de convalidación del Real Decreto-ley 11/2009, de 13 de agosto, por el que se regula, para las concesiones de ámbito estatal, la prestación del servicio de televisión digital terrestre de pago mediante acceso condicional."
2009-09-23,230,1,BOE-A-2009-15052,MINISTERIO DE ASUNTOS EXTERIORES Y DE COOPERACIÓN,estatal,Tratado o acuerdo internacional,79484,79499,"Acuerdo sobre transporte aéreo entre el Reino de España y los Emiratos Árabes Unidos, hecho en Abu-Dhabi el 25 de mayo de 2008."
2009-09-23,230,1,BOE-A-2009-15053,MINISTERIO DE ASUNTOS EXTERIORES Y DE COOPERACIÓN,estatal,Corrección,79500,79500,"Corrección de errores de las Enmiendas de 2006, al Código Internacional de Seguridad para naves de gran velocidad (Código NGV 1994) (publicado en el ""Boletín Oficial del Estado"" nº 122, de 22 de mayo de 1998), adoptadas el 8 de diciembre de 2006, mediante Resolución MSC.221(82)."
2009-09-23,230,1,BOE-A-2009-15054,MINISTERIO DE TRABAJO E INMIGRACIÓN,estatal,Real Decreto,79501,79854,"Real Decreto 1210/2009, de 17 de julio, por el que se establecen cinco certificados de profesionalidad de la familia profesional Administración y gestión que se incluyen en el Repertorio Nacional de certificados de profesionalidad."
2009-09-23,230,1,BOE-A-2009-15055,MINISTERIO DE TRABAJO E INMIGRACIÓN,estatal,Orden,79855,79855,"Orden TIN/2523/2009, de 16 de septiembre, por la que se crea la caja pagadora de la Consejería de Trabajo e Inmigración de la Misión Diplomática Permanente de España en la República de Uruguay."
2009-09-23,230,1,BOE-A-2009-15056,"MINISTERIO DE INDUSTRIA, TURISMO Y COMERCIO",estatal,Real Decreto,79856,79873,"Real Decreto 1381/2009, de 28 de agosto, por el que se establecen los requisitos para la fabricación y comercialización de los generadores de aerosoles."
2009-09-23,230,1,BOE-A-2009-15057,"MINISTERIO DE INDUSTRIA, TURISMO Y COMERCIO",estatal,Orden,79874,79877,"Orden ITC/2524/2009, de 8 de septiembre, por la que se regula el método de cálculo del incentivo o penalización para la reducción de pérdidas a aplicar a la retribución de la distribución para cada una de las empresas distribuidoras de energía eléctrica."
2009-09-23,230,1,BOE-A-2009-15058,MINISTERIO DE CULTURA,estatal,Resolución,79878,79879,"Resolución de 27 de agosto de 2009, de la Subsecretaría, por la que se establece el procedimiento para la liquidación y el pago por vía telemática de la Tasa con código 036: Tasa por servicios del Registro Central de la Propiedad Intelectual."
2009-09-23,230,1,BOE-A-2009-15059,MINISTERIO DE VIVIENDA,estatal,Corrección,79880,79882,"Corrección de errores y erratas de la Orden VIV/984/2009, de 15 de abril, por la que se modifican determinados documentos básicos del Código Técnico de la Edificación, aprobados por el Real Decreto 314/2006, de 17 de marzo, y el Real Decreto 1371/2007, de 19 de octubre."
2009-09-24,231,1,BOE-A-2009-15129,MINISTERIO DE ASUNTOS EXTERIORES Y DE COOPERACIÓN,estatal,Resolución,80366,80368,"Resolución de 8 de septiembre de 2009, de la Secretaría General Técnica, por la que se dispone la publicación del Acuerdo administrativo entre el Ministerio de Asuntos Exteriores y de Cooperación de España y la Dirección General de Relaciones Exteriores de la Comisión de las Comunidades Europeas con respecto a las disposiciones adoptadas en virtud de la Decisión de la Comisión C(2008) 6866 de 12 de noviembre 2008, sobre los expertos nacionales destacados ""sin coste"" en las Delegaciones del Servicio exterior de la Comisión."
2009-09-24,231,1,BOE-A-2009-15130,MINISTERIO DE ASUNTOS EXTERIORES Y DE COOPERACIÓN,estatal,Tratado o acuerdo internacional,80369,80369,"Declaración de aceptación por España de la adhesión de Bosnia y Herzegovina al Convenio sobre la obtención de pruebas en el extranjero en materia civil o mercantil, (publicado en el ""Boletín Oficial del Estado"" número 203, de 25 de agosto de 1987), hecho en La Haya el 18 de marzo de 1970."
2009-09-24,231,1,BOE-A-2009-15131,MINISTERIO DE ASUNTOS EXTERIORES Y DE COOPERACIÓN,estatal,Corrección,80370,80370,"Corrección de errores de las Enmiendas de 2006, al plan de evaluación del estado del buque (publicado en el ""Boletín Oficial del Estado"" nº 169, de 16 de julio de 2003), adoptadas el 13 de octubre de 2006, mediante Resolución MEPC.155(55)."
2009-09-24,231,1,BOE-A-2009-15132,MINISTERIO DE ECONOMÍA Y HACIENDA,estatal,Resolución,80371,80407,"Resolución de 14 de septiembre de 2009, de la Intervención General de la Administración del Estado, por la que se determina el contenido mínimo de la información a publicar en el ""Boletín Oficial del Estado"" por las entidades del sector público estatal empresarial y fundacional que no tengan obligación de publicar sus cuentas anuales en el registro mercantil."
2009-09-24,231,1,BOE-A-2009-15133,MINISTERIO DE TRABAJO E INMIGRACIÓN,estatal,Real Decreto,80408,80534,"Real Decreto 1375/2009, de 28 de agosto, por el que se establecen cuatro certificados de profesionalidad de la familia profesional Instalación y mantenimiento que se incluyen en el Repertorio Nacional de certificados de profesionalidad."
2009-09-24,231,1,BOE-A-2009-15134,MINISTERIO DE CULTURA,estatal,Orden,80535,80536,"Orden CUL/2538/2009, de 9 de septiembre, por la que se modifican las Ordenes CUL/159/2005, de 21 de enero, por la que se crea la Mesa de Contratación del Ministerio de Cultura, y CUL/3415/2008, de 25 de noviembre, por la que se crea la Junta de Contratación en el Ministerio de Cultura."
2009-09-25,232,1,BOE-A-2009-15183,MINISTERIO DE ASUNTOS EXTERIORES Y DE COOPERACIÓN,estatal,Tratado o acuerdo internacional,80870,80872,"Enmiendas de 2007 al Protocolo de 1988 relativo al Convenio Internacional para la seguridad de la vida humana en el mar, 1974, enmendado (publicado en el ""Boletín Oficial del Estado"" nº 234, de 30 de septiembre de 1999), adoptadas el 12 de octubre de 2007, mediante Resolución MSC 240 (83)."
2009-09-25,232,1,BOE-A-2009-15184,MINISTERIO DE ASUNTOS EXTERIORES Y DE COOPERACIÓN,estatal,Corrección,80873,80873,"Corrección de errores de las Enmiendas de 2006 al Código Internacional para la construcción y el equipo de buques que transporten productos químicos peligrosos a granel (publicado en el ""Boletín Oficial del Estado"" nº 295, de 10 de diciembre de 1999), adoptadas el 8 de diciembre de 2006, mediante Resolución MSC.219(82)."
2009-09-26,233,1,BOE-A-2009-15259,MINISTERIO DE ASUNTOS EXTERIORES Y DE COOPERACIÓN,estatal,Tratado o acuerdo internacional,81228,81229,"Enmiendas de 2007 al Código Internacional para la seguridad del transporte de combustible nuclear irradiado, plutonio y desechos de alta actividad en bultos a bordo de los buques (Código CNI) (publicado en el ""Boletín Oficial del Estado"" nº 221, de 14 de septiembre de 2001 y nº 257, de 26 de octubre de 2001), adoptadas el 12 de octubre de 2007, mediante Resolución MSC 241 (83)."
2009-09-26,233,1,BOE-A-2009-15260,MINISTERIO DE ASUNTOS EXTERIORES Y DE COOPERACIÓN,estatal,Corrección,81230,81230,"Corrección de erratas de las Enmiendas al Protocolo para la protección del Mar Mediterráneo contra la contaminación de origen terrestre, adoptadas en Siracusa el 7 de marzo de 1996."
2009-09-26,233,1,BOE-A-2009-15261,MINISTERIO DE TRABAJO E INMIGRACIÓN,estatal,Real Decreto,81231,81340,"Real Decreto 1380/2009, de 28 de agosto, por el que se establecen tres certificados de profesionalidad de la familia profesional Industrias alimentarias que se incluyen en el Repertorio Nacional de certificados de profesionalidad."
2009-09-29,235,1,BOE-A-2009-15439,MINISTERIO DE ASUNTOS EXTERIORES Y DE COOPERACIÓN,estatal,Real Decreto,82068,82080,"Real Decreto 1460/2009, de 28 de septiembre, sobre organización y funcionamiento del Fondo de Cooperación para Agua y Saneamiento."
2009-09-29,235,1,BOE-A-2009-15440,MINISTERIO DE ASUNTOS EXTERIORES Y DE COOPERACIÓN,estatal,Tratado o acuerdo internacional,82081,82083,"Enmiendas de 2007 al Convenio Internacional para la seguridad de la vida humana en el mar, 1974, enmendado (publicado en el ""Boletín Oficial del Estado"" del 16 al 18 de junio de 1980), adoptadas el 12 de octubre de 2007, mediante Resolución MSC 239 (83)."
2009-09-29,235,1,BOE-A-2009-15441,MINISTERIO DE TRABAJO E INMIGRACIÓN,estatal,Real Decreto,82084,82085,"Real Decreto 1429/2009, de 11 de septiembre, por el que se modifica el Real Decreto 1879/1996, de 2 de agosto, por el que se regula la composición de la Comisión Nacional de Seguridad y Salud en el Trabajo, para su adaptación a la nueva estructura de los departamentos ministeriales de la Administración General del Estado."
2009-09-29,235,1,BOE-A-2009-15442,MINISTERIO DE TRABAJO E INMIGRACIÓN,estatal,Real Decreto,82086,82091,"Real Decreto 1430/2009, de 11 de septiembre, por el que se desarrolla reglamentariamente la Ley 40/2007, de 4 de diciembre, de medidas en materia de Seguridad Social, en relación con la prestación de incapacidad temporal."
2009-09-29,235,1,BOE-A-2009-15443,"MINISTERIO DE MEDIO AMBIENTE, Y MEDIO RURAL Y MARINO",estatal,Corrección,82092,82092,"Corrección de errores de la Orden ARM/2308/2009, de 12 de agosto, por la que se modifica el Reglamento general del registro de variedades comerciales, aprobado por Orden de 30 de noviembre de 1973, y el Reglamento general técnico de control y certificación de semillas y plantas de vivero, aprobado por Orden de 23 de mayo de 1986."
2009-09-29,235,1,BOE-A-2009-15444,MINISTERIO DE CULTURA,estatal,Real Decreto,82093,82096,"Real Decreto 1431/2009, de 11 de septiembre, por el que se reorganiza el Consejo Jacobeo."
2009-09-30,236,1,BOE-A-2009-15504,MINISTERIO DE ASUNTOS EXTERIORES Y DE COOPERACIÓN,estatal,Tratado o acuerdo internacional,82296,82308,"Convenio de Seguridad Social entre España y Japón, hecho en Tokio el 12 de noviembre de 2008."
2009-09-30,236,1,BOE-A-2009-15505,"MINISTERIO DE INDUSTRIA, TURISMO Y COMERCIO",estatal,Orden,82309,82311,"Orden ITC/2608/2009, de 28 de septiembre, por la que se modifica la Orden ITC/1858/2008, de 26 de junio, por la que se actualiza el sistema de determinación automática de precios máximos de venta, antes de impuestos, de los gases licuados del petróleo envasados."
2009-09-30,236,1,BOE-A-2009-15506,"MINISTERIO DE INDUSTRIA, TURISMO Y COMERCIO",estatal,Resolución,82312,82313,"Resolución de 29 de septiembre de 2009, de la Dirección General de Política Energética y Minas, por la que se hace pública la tarifa de último recurso de gas natural."
2009-10-01,237,1,BOE-A-2009-15602,MINISTERIO DE ASUNTOS EXTERIORES Y DE COOPERACIÓN,estatal,Tratado o acuerdo internacional,82536,82542,"Acuerdo entre el Reino de España y la Gran Jamahiriya Árabe Libia Popular Socialista para la promoción y protección recíproca de inversiones, hecho en Madrid el 17 de diciembre de 2007."
2009-10-01,237,1,BOE-A-2009-15603,MINISTERIO DE ASUNTOS EXTERIORES Y DE COOPERACIÓN,estatal,Tratado o acuerdo internacional,82543,82545,"Acuerdo entre el Reino de España y la República Federativa de Brasil sobre el libre ejercicio de actividades económicas remuneradas para familiares dependientes del personal diplomático, consular, administrativo y técnico de Misiones Diplomáticas y Oficinas Consulares, hecho en Madrid el 17 de septiembre de 2007."
2009-10-01,237,1,BOE-A-2009-15604,MINISTERIO DE TRABAJO E INMIGRACIÓN,estatal,Orden,82546,82555,"Orden TIN/2628/2009, de 22 de septiembre, por la que se fijan para el ejercicio 2009 las bases normalizadas de cotización a la Seguridad Social, por contingencias comunes, en el Régimen Especial de la Seguridad Social para la Minería del Carbón."
2009-10-02,238,1,BOE-A-2009-15671,MINISTERIO DE ASUNTOS EXTERIORES Y DE COOPERACIÓN,estatal,Tratado o acuerdo internacional,82823,82830,"Aplicación provisional del Convenio de extradición entre el Reino de España y el Reino de Marruecos, hecho en Rabat el 24 de junio de 2009."
2009-10-02,238,1,BOE-A-2009-15672,MINISTERIO DE ASUNTOS EXTERIORES Y DE COOPERACIÓN,estatal,Tratado o acuerdo internacional,82831,82840,"Aplicación provisional del Convenio entre el Reino de España y el Reino de Marruecos relativo a la asistencia judicial en materia penal, hecho en Rabat el 24 de junio de 2009."
2009-10-02,238,1,BOE-A-2009-15673,MINISTERIO DE ECONOMÍA Y HACIENDA,estatal,Instrucción o circular,82841,82854,"Circular 1/2009, de 16 de septiembre, de la Intervención General de la Administración del Estado, sobre control financiero permanente."
2009-10-02,238,1,BOE-A-2009-15674,MINISTERIO DE ECONOMÍA Y HACIENDA,estatal,Instrucción o circular,82855,82869,"Circular 2/2009, de 16 de septiembre, de la Intervención General de la Administración del Estado, sobre auditoría pública."
2009-10-02,238,1,BOE-A-2009-15675,MINISTERIO DE TRABAJO E INMIGRACIÓN,estatal,Resolución,82870,82870,"Resolución de 23 de septiembre de 2009, de la Secretaría de Estado de la Seguridad Social, por la que se establecen plazos especiales para el ingreso de las diferencias resultantes de la aplicación de la Orden TIN/2628/2009, de 22 de septiembre, por la que se fijan para el ejercicio 2009 las bases normalizadas de cotización a la Seguridad Social, por contingencias comunes, en el Régimen Especial de la Seguridad Social para la Minería del Carbón."
2009-10-02,238,1,BOE-A-2009-15676,"MINISTERIO DE INDUSTRIA, TURISMO Y COMERCIO",estatal,Corrección,82871,82871,"Corrección de erratas de la Orden ITC/2608/2009, de 28 de septiembre, por la que se modifica la Orden ITC/1858/2008, de 26 de junio, por la que se actualiza el sistema de determinación automática de precios máximos de venta, antes de impuestos, de los gases licuados del petróleo envasados."
2009-10-03,239,1,BOE-A-2009-15716,MINISTERIO DE ECONOMÍA Y HACIENDA,estatal,Corrección,82969,82971,"Corrección de errores del Real Decreto 817/2009, de 8 de mayo, por el que se desarrolla parcialmente la Ley 30/2007, de 30 de octubre, de Contratos del Sector Público."
2009-10-03,239,1,BOE-A-2009-15717,MINISTERIO DE ECONOMÍA Y HACIENDA,estatal,Resolución,82972,82975,"Resolución de 2 de octubre de 2009, de la Presidencia del Comisionado para el Mercado de Tabacos, por la que se publican los precios de venta al público de determinadas labores de tabaco en Expendedurías de Tabaco y Timbre del Área del Monopolio."
2009-10-03,239,1,BOE-A-2009-15718,MINISTERIO DE LA PRESIDENCIA,estatal,Orden,82976,83037,"Orden PRE/2671/2009, de 29 de septiembre, por la que se incluyen en el anexo I del Real Decreto 2163/1994, de 4 de noviembre, por el que se implanta el sistema armonizado comunitario de autorización para comercializar y utilizar productos fitosanitarios, varias sustancias activas y microorganismos como sustancias activas."
2009-10-05,240,1,BOE-A-2009-15774,MINISTERIO DE ASUNTOS EXTERIORES Y DE COOPERACIÓN,estatal,Tratado o acuerdo internacional,83503,83507,"Enmiendas de 2006 al Anexo del Protocolo de 1978 relativo al Convenio Internacional para prevenir la contaminación por los buques, 1973 (Anexo III revisado del MARPOL 73/78) (publicado en el ""Boletín Oficial del Estado"" números 249 y 258 de 17 y 18 de octubre de 1984 respectivamente), adoptadas el 18 de mayo de 2006 mediante Resolución MEPC 156 (55)."
2009-10-05,240,1,BOE-A-2009-15775,MINISTERIO DE ASUNTOS EXTERIORES Y DE COOPERACIÓN,estatal,Tratado o acuerdo internacional,83508,83513,"Enmiendas de 2006 al Código Internacional de sistemas de seguridad contra incendios (Código SSCI) en virtud del SOLAS 1974 adoptadas mediante Resolución MSC 206(81) (publicado en el ""Boletín Oficial del Estado"" número 299 de 14 de diciembre de 2002) adoptadas el 18 de mayo de 2006 mediante Resolución MSC 206(81)."
2009-10-05,240,1,BOE-A-2009-15776,MINISTERIO DE ASUNTOS EXTERIORES Y DE COOPERACIÓN,estatal,Tratado o acuerdo internacional,83514,83517,"Enmiendas de 2006 al Convenio para la Seguridad de la Vida Humana en el Mar, 1974 enmendado, (publicado en el ""Boletín Oficial del Estado"" del 16 al 18 de junio de 1980), adoptadas el 18 de mayo de 2006, mediante Resolución MSC 201 (81)."
2009-10-05,240,1,BOE-A-2009-15777,MINISTERIO DE VIVIENDA,estatal,Orden,83518,83518,"Orden VIV/2680/2009, de 28 de septiembre, por la que se dispone la aplicación del nuevo sistema de financiación establecido en el Real Decreto 2066/2008, de 12 de diciembre, por el que se regula el Plan Estatal de Vivienda y Rehabilitación 2009-2012."
2009-10-05,240,1,BOE-A-2009-15778,COMUNIDAD DE MADRID,autonómico,Ley,83519,83523,"Ley 3/2009, de 24 de junio, de reconocimiento de la universidad privada Universidad Tecnología y Empresa."
2009-10-05,240,1,BOE-A-2009-15779,COMUNIDAD DE MADRID,autonómico,Ley,83524,83527,"Ley 4/2009, de 20 de julio, de medidas fiscales contra la crisis económica."
2009-10-07,242,1,BOE-A-2009-15958,JEFATURA DEL ESTADO,estatal,Ley,84692,84694,"Ley 9/2009, de 6 de octubre, de ampliación de la duración del permiso de paternidad en los casos de nacimiento, adopción o acogida."
2009-10-07,242,1,BOE-A-2009-15959,MINISTERIO DE JUSTICIA,estatal,Orden,84695,84696,"Orden JUS/2702/2009, de 25 de septiembre, por la que se publica el Acuerdo del Consejo de Ministros de 31 de julio de 2009, por el que se fija el módulo para la distribución del crédito que figura en los Presupuestos Generales del Estado para el año 2009, destinado a subvencionar los gastos de funcionamiento de los juzgados de paz."
2009-10-07,242,1,BOE-A-2009-15960,MINISTERIO DE LA PRESIDENCIA,estatal,Corrección,84697,84697,"Corrección de errores del Real Decreto 900/2009, de 22 de mayo, por el que se modifica el Real Decreto 2583/1996, de 13 de diciembre, de estructura orgánica y funciones del Instituto Nacional de la Seguridad Social y de modificación parcial de las correspondientes a la Tesorería General de la Seguridad Social."
2009-10-08,243,1,BOE-A-2009-16019,MINISTERIO DE FOMENTO,estatal,Orden,84822,84822,"Orden FOM/2707/2009, de 15 de septiembre, por la que se modifica la Orden de 4 de mayo de 1998, por la que se regula la Junta Administradora de vehículos y maquinaria del Ministerio de Fomento."
2009-10-08,243,1,BOE-A-2009-16020,MINISTERIO DE SANIDAD Y POLÍTICA SOCIAL,estatal,Real Decreto,84823,84827,"Real Decreto 1464/2009, de 18 de septiembre, por el que se regula la concesión directa de subvenciones a las comunidades autónomas para la promoción de actividades para la salud bucodental infantil durante el año 2009."
2009-10-08,243,1,BOE-A-2009-16021,MINISTERIO DE SANIDAD Y POLÍTICA SOCIAL,estatal,Real Decreto,84828,84873,"Real Decreto 1465/2009, de 18 de septiembre, por el que se establecen las normas de identidad y pureza de los colorantes utilizados en los productos alimenticios."
2009-10-08,243,1,BOE-A-2009-16022,MINISTERIO DE SANIDAD Y POLÍTICA SOCIAL,estatal,Real Decreto,84874,85030,"Real Decreto 1466/2009, de 18 de septiembre, por el que se establecen las normas de identidad y pureza de los aditivos alimentarios distintos de los colorantes y edulcorantes utilizados en los productos alimenticios."
2009-10-09,244,1,BOE-A-2009-16103,PRESIDENCIA DEL GOBIERNO,estatal,Real Decreto,85344,85344,"Real Decreto 1540/2009, de 8 de octubre, por el que se declara luto oficial con motivo del fallecimiento de un militar del contingente militar español en la Fuerza Internacional de Asistencia para la Seguridad en Afganistán."
2009-10-09,244,1,BOE-A-2009-16104,MINISTERIO DE EDUCACIÓN,estatal,Resolución,85345,85351,"Resolución de 22 de septiembre de 2009, de la Secretaría General de Universidades, por la que se publica el Acuerdo de Consejo de Ministros de 4 de septiembre de 2009, por el que se establece el carácter oficial de determinados títulos de Grado y su inscripción en el Registro de Universidades, Centros y Títulos."
2009-10-09,244,1,BOE-A-2009-16105,MINISTERIO DE EDUCACIÓN,estatal,Resolución,85352,85355,"Resolución de 22 de septiembre de 2009, de la Secretaría General de Universidades, por la que se publica el Acuerdo de Consejo de Ministros de 4 de septiembre de 2009, por el que se establece el carácter oficial de determinados títulos de Grado de las Universidades de la Iglesia Católica y su inscripción en el Registro de Universidades, Centros y Títulos."
2009-10-09,244,1,BOE-A-2009-16106,MINISTERIO DE EDUCACIÓN,estatal,Resolución,85356,85362,"Resolución de 22 de septiembre de 2009, de la Secretaría General de Universidades, por la que se publica el Acuerdo de Consejo de Ministros de 4 de septiembre de 2009, por el que se establece el carácter oficial de determinados títulos de Máster y su inscripción en el Registro de Universidades, Centros y Títulos."
2009-10-09,244,1,BOE-A-2009-16107,MINISTERIO DE EDUCACIÓN,estatal,Resolución,85363,85366,"Resolución de 22 de septiembre de 2009, de la Secretaría General de Universidades, por la que se publica el Acuerdo de Consejo de Ministros de 4 de septiembre de 2009, por el que se establece el carácter oficial de determinados títulos de Máster de las Universidades de la Iglesia Católica y su inscripción en el Registro de Universidades, Centros y Títulos."
2009-10-09,244,1,BOE-A-2009-16108,"MINISTERIO DE INDUSTRIA, TURISMO Y COMERCIO",estatal,Real Decreto,85367,85369,"Real Decreto 1461/2009, de 18 de septiembre, por el que se regula la concesión de una subvención directa al Instituto Catalán de las Industrias Culturales, para la digitalización, la incorporación de las nuevas tecnologías y la promoción de nuevas formas de negocio."
2009-10-09,244,1,BOE-A-2009-16109,MINISTERIO DE LA PRESIDENCIA,estatal,Real Decreto,85370,85378,"Real Decreto 1487/2009, de 26 de septiembre, relativo a los complementos alimenticios."
2009-10-09,244,1,BOE-A-2009-16110,MINISTERIO DE LA PRESIDENCIA,estatal,Real Decreto,85379,85383,"Real Decreto 1488/2009, de 26 de septiembre, por el que se modifica el Real Decreto 1052/2003, de 1 de agosto, por el que se aprueba la reglamentación técnico-sanitaria sobre determinados azúcares destinados a la alimentación humana."
2009-10-09,244,1,BOE-A-2009-16111,MINISTERIO DE SANIDAD Y POLÍTICA SOCIAL,estatal,Real Decreto,85384,85387,"Real Decreto 1489/2009, de 26 de septiembre, por el que se regula la concesión directa de subvenciones a favor de las Ciudades de Ceuta y de Melilla, para la realización de programas y actividades en materia social, personas mayores y personas en situación de dependencia."
2009-10-09,244,1,BOE-A-2009-16112,TRIBUNAL SUPREMO,estatal,Resolución judicial,85388,85388,"Sentencia de 17 de julio de 2009, de la Sala Tercera del Tribunal Supremo, por la que se establece la siguiente doctrina: ""El módulo temporal de referencia que debe utilizarse para determinar la cuantía de la pensión de viudedad por Clases Pasivas del ex cónyuge por divorcio o nulidad de matrimonio así como la del cónyuge actual de un funcionario, cuando el fallecimiento del causante de los derechos se haya producido con anterioridad al momento de alcanzar la edad de jubilación o retiro forzoso, debe tomarse desde la celebración del matrimonio hasta la fecha en que el causante hubiese alcanzado la edad de jubilación o retiro""."
2009-10-10,245,1,BOE-A-2009-16142,MINISTERIO DE EDUCACIÓN,estatal,Orden,85678,85681,"Orden EDU/2739/2009, de 1 de octubre, por la que se determinan las convalidaciones entre las enseñanzas profesionales de Música y de Danza y la Educación secundaria obligatoria y el Bachillerato, y la exención de la Educación Física, en el ámbito de gestión del Ministerio de Educación."
2009-10-10,245,1,BOE-A-2009-16143,MINISTERIO DE EDUCACIÓN,estatal,Orden,85682,85684,"Orden EDU/2740/2009, de 2 de octubre, por la que se regula la Comisión Asesora de Publicaciones del Ministerio de Educación."
2009-10-10,245,1,BOE-A-2009-16144,"MINISTERIO DE MEDIO AMBIENTE, Y MEDIO RURAL Y MARINO",estatal,Real Decreto,85685,85715,"Real Decreto 1549/2009, de 9 de octubre, sobre ordenación del sector pesquero y adaptación al Fondo Europeo de la Pesca."
2009-10-12,246,1,BOE-A-2009-16196,TRIBUNAL CONSTITUCIONAL,estatal,Resolución judicial,86024,86024,"Recurso de inconstitucionalidad nº 2964-2009, en relación con la Ley de la Comunidad de Madrid 3/2008, de 29 de diciembre, de Medidas Fiscales y Administrativas."
2009-10-12,246,1,BOE-A-2009-16197,TRIBUNAL CONSTITUCIONAL,estatal,Resolución judicial,86025,86025,"Cuestión de inconstitucionalidad nº 2155-2009, en relación con artículo 57.2 del Código Penal, en la redacción dada por la Ley Orgánica 15/2003, de 25 de noviembre."
2009-10-12,246,1,BOE-A-2009-16198,TRIBUNAL CONSTITUCIONAL,estatal,Resolución judicial,86026,86026,"Cuestión de inconstitucionalidad nº 3213-2009, en relación con artículo 57.2 del Código Penal, en la redacción dada por la Ley Orgánica 15/2003, de 25 de noviembre."
2009-10-12,246,1,BOE-A-2009-16199,TRIBUNAL CONSTITUCIONAL,estatal,Resolución judicial,86027,86027,"Cuestión de inconstitucionalidad nº 4040-2009, en relación con el artículo 52 de la Ley de la Comunidad Autónoma del País Vasco 18/1997, de 21 de noviembre, de Ejercicio de las Profesiones Tituladas y de Colegios y Consejos Profesionales."
2009-10-12,246,1,BOE-A-2009-16200,TRIBUNAL CONSTITUCIONAL,estatal,Resolución judicial,86028,86028,"Conflicto positivo de competencia nº 7045-2009, promovido por el Gobierno de la Comunidad de Madrid, en relación con Real Decreto 366/2009, de 20 de marzo, por el que se modifica el Real Decreto 1472/2007, de 2 de noviembre, por el que se regula la renta básica de emancipación de los jóvenes."
2009-10-12,246,1,BOE-A-2009-16201,TRIBUNAL CONSTITUCIONAL,estatal,Resolución judicial,86029,86029,"Conflicto positivo de competencia nº 7604-2009, promovido por el Gobierno de la Generalidad de Cataluña, en relación con la Orden SAS/1352/2009, de 26 de mayo, por la que se establecen las bases reguladoras y se convoca la concesión de subvenciones para la realización de programas de cooperación y voluntariado sociales con cargo a la asignación tributaria del Impuesto sobre la Renta de las Personas Físicas."
2009-10-12,246,1,BOE-A-2009-16202,TRIBUNAL CONSTITUCIONAL,estatal,Resolución judicial,86030,86030,"Conflicto positivo de competencia nº 7605-2009, promovido por el Gobierno de la Generalidad de Cataluña, en relación con diversos artículos de la Orden ARM/1593/2009, de 5 de junio, por la que se establecen las bases reguladoras para la concesión de subvenciones a asociaciones declaradas de utilidad pública y fundaciones adscritas al protectorado del Ministerio de Medio Ambiente, y Medio Rural y Marino para fines de interés social de carácter medioambiental."
2009-10-13,247,1,BOE-A-2009-16302,JEFATURA DEL ESTADO,estatal,Otras,86371,86374,"Instrumento de Ratificación del Protocolo nº 4 al Convenio para la protección de los Derechos Humanos y de las Libertades Fundamentales, reconociendo ciertos derechos y libertades, además de los que ya figuran en el Convenio y Protocolo Adicional al Convenio (Convenio nº 46 del Consejo de Europa), hecho en Estrasburgo el 16 de septiembre de 1963."
2009-10-13,247,1,BOE-A-2009-16303,JEFATURA DEL ESTADO,estatal,Corrección,86375,86375,"Corrección de errores del Instrumento de Ratificación del Tratado relativo al Eurocuerpo y al Estatuto de su Cuartel General, hecho en Bruselas el 22 de noviembre de 2004."
2009-10-13,247,1,BOE-A-2009-16304,CORTES GENERALES,estatal,Otras,86376,86376,"Acuerdo de 21 de septiembre de 2009, adoptado por las Mesas del Congreso de los Diputados y del Senado en reunión conjunta, por el que se modifica el Estatuto del Personal de las Cortes Generales."
2009-10-13,247,1,BOE-A-2009-16305,MINISTERIO DE ASUNTOS EXTERIORES Y DE COOPERACIÓN,estatal,Corrección,86377,86377,"Corrección de errores de las Enmiendas de 2006 (capítulos II-1, II-2, III, XII) al Convenio Internacional para la seguridad de la vida humana en el mar, 1974, enmendado, publicado en el ""Boletín Oficial del Estado"" del 16 al 18 de junio de 1980, adoptadas el 8 de diciembre de 2006 mediante Resolución MSC 216(82)."
2009-10-13,247,1,BOE-A-2009-16306,MINISTERIO DE TRABAJO E INMIGRACIÓN,estatal,Resolución,86378,86381,"Resolución de 6 de octubre de 2009, del Servicio Público de Empleo Estatal, por la que se aprueba la aplicación informática de gestión de prestaciones por desempleo (SILD)."
2009-10-14,248,1,BOE-A-2009-16336,MINISTERIO DE ASUNTOS EXTERIORES Y DE COOPERACIÓN,estatal,Tratado o acuerdo internacional,86553,86559,"Modificaciones al Reglamento del Tratado de cooperación en materia de patentes (PCT) (publicado en el ""Boletín Oficial del Estado"" de 7 de noviembre de 1989) adoptadas en la 35ª Sesión de la Asamblea de la Unión Internacional de Cooperación en Materia de Patentes el 3 de octubre de 2006."
2009-10-14,248,1,BOE-A-2009-16337,MINISTERIO DE ASUNTOS EXTERIORES Y DE COOPERACIÓN,estatal,Corrección,86560,86560,"Corrección de erratas de las Enmiendas de 2006 al Código Internacional de dispositivos de salvamento (Código IDS), publicado en el ""Boletín Oficial del Estado"" nº 275 de 17 de noviembre de 1998, adoptadas el 8 de diciembre de 2006 mediante Resolución MSC 218(82)."
2009-10-14,248,1,BOE-A-2009-16338,MINISTERIO DE FOMENTO,estatal,Corrección,86561,86561,"Corrección de errores del Real Decreto 973/2009, de 12 de junio, por el que se regulan las titulaciones profesionales de la Marina Mercante."
2009-10-14,248,1,BOE-A-2009-16339,"MINISTERIO DE MEDIO AMBIENTE, Y MEDIO RURAL Y MARINO",estatal,Orden,86562,86564,"Orden ARM/2763/2009, de 5 de octubre, por la que se regula el Registro de titularidad compartida de explotaciones agrarias."
2009-10-15,249,1,BOE-A-2009-16399,JEFATURA DEL ESTADO,estatal,Otras,86935,86939,"Instrumento de Ratificación del Protocolo nº 7 al Convenio para la protección de los Derechos Humanos y de las Libertades Fundamentales, (Convenio nº 117 del Consejo de Europa), hecho en Estrasburgo el 22 de noviembre de 1984."
2009-10-15,249,1,BOE-A-2009-16400,MINISTERIO DE ASUNTOS EXTERIORES Y DE COOPERACIÓN,estatal,Corrección,86940,86940,"Corrección de erratas de las Enmiendas de 2006 al Código Internacional de sistemas de seguridad contra incendios, publicado en el ""Boletín Oficial del Estado"" nº 299 de 14 de diciembre de 2002, adoptadas el 8 de diciembre de 2006 mediante Resolución MSC 217(82)."
2009-10-15,249,1,BOE-A-2009-16401,MINISTERIO DE EDUCACIÓN,estatal,Resolución,86941,86942,"Resolución de 24 de septiembre de 2009, de la Secretaría de Estado de Educación y Formación Profesional, por la que se establecen las convalidaciones de las materias optativas de la Educación Secundaria Obligatoria y Bachillerato, en el ámbito de gestión del Ministerio de Educación."
2009-10-16,250,1,BOE-A-2009-16476,JEFATURA DEL ESTADO,estatal,Otras,87358,87371,"Instrumento de Ratificación del Convenio del Consejo de Europa para la prevención del terrorismo (Convenio nº 196 del Consejo de Europa), hecho en Varsovia el 16 de mayo de 2005."
2009-10-16,250,1,BOE-A-2009-16477,TRIBUNAL CONSTITUCIONAL,estatal,Resolución judicial,87372,87372,"Cuestión de inconstitucionalidad nº 6725-2009, en relación con el inciso inicial del artículo 24.4 de la Ley de la Comunidad Autónoma de Aragón 4/1999, de 25 de marzo, de Ordenación Farmacéutica de Aragón."
2009-10-16,250,1,BOE-A-2009-16478,TRIBUNAL CONSTITUCIONAL,estatal,Resolución judicial,87373,87373,"Conflicto positivo de competencia nº 7869-2009, en relación con el Real Decreto 975/2009, de 12 de junio, sobre gestión de los residuos de las industrias extractivas y de protección y rehabilitación del espacio afectado por actividades mineras en su conjunto."
2009-10-16,250,1,BOE-A-2009-16479,MINISTERIO DE ASUNTOS EXTERIORES Y DE COOPERACIÓN,estatal,Corrección,87374,87374,"Corrección de erratas de las Enmiendas de 2006 al Código Internacional de Seguridad para naves de gran velocidad, 2000 (Código NGV 2000) (publicado en el ""Boletín Oficial del Estado"" nº 122 de 22 de mayo de 1998), adoptadas el 8 de diciembre de 2006, mediante Resolución MSC 222(82)."
2009-10-16,250,1,BOE-A-2009-16480,MINISTERIO DE ECONOMÍA Y HACIENDA,estatal,Orden,87375,87387,"Orden EHA/2784/2009, de 8 de octubre, por la que se regula la interposición telemática de las reclamaciones económico-administrativas y se desarrolla parcialmente la disposición adicional decimosexta de la Ley 58/2003, de 17 de diciembre, General Tributaria, sobre utilización de medios electrónicos, informáticos y telemáticos en las reclamaciones económico-administrativas."
2009-10-16,250,1,BOE-A-2009-16481,MINISTERIO DE EDUCACIÓN,estatal,Real Decreto,87388,87389,"Real Decreto 1485/2009, de 26 de septiembre, por el que se modifica el Real Decreto 365/2007, de 16 de marzo, por el que se regula el Consejo Superior de Enseñanzas Artísticas."
2009-10-16,250,1,BOE-A-2009-16482,MINISTERIO DE LA PRESIDENCIA,estatal,Real Decreto,87390,87413,"Real Decreto 1516/2009, de 2 de octubre, por el que se regula la licencia comunitaria de controlador de tránsito aéreo."
2009-10-16,250,1,BOE-A-2009-16483,TRIBUNAL SUPREMO,estatal,Resolución judicial,87414,87414,"Sentencia de 10 de julio de 2009, de la Sala Tercera del Tribunal Supremo, por la que se desestima la cuestión de ilegalidad planteada por la Sala de lo Contencioso-Administrativo (sección segunda) del Tribunal Superior de Justicia de Castilla-La Mancha, en relación con lo dispuesto en el artículo 332 del Reglamento del Dominio Público Hidráulico, aprobado por Real Decreto 849/1986, de 11 de abril."
2009-10-16,250,1,BOE-A-2009-16484,TRIBUNAL SUPREMO,estatal,Resolución judicial,87415,87415,"Sentencia de 16 de julio de 2009, de la Sala Tercera del Tribunal Supremo, por la que se desestima la cuestión de ilegalidad planteada por la Sala de lo Contencioso-Administrativo (sección segunda) del Tribunal Superior de Justicia de Castilla-La Mancha, en relación con lo dispuesto en el artículo 332 del Reglamento del Dominio Público Hidráulico, aprobado por Real Decreto 849/1986, de 11 de abril."
2009-10-17,251,1,BOE-A-2009-16533,MINISTERIO DE TRABAJO E INMIGRACIÓN,estatal,Orden,87503,87515,"Orden TIN/2786/2009, de 14 de octubre, por la que se implanta el proceso telemático normalizado CAS@, para la tramitación de las solicitudes de autorización y comunicaciones de los conciertos con medios privados para hacer efectivas las prestaciones sanitarias y recuperadoras a cargo de las mutuas de accidentes de trabajo y enfermedades profesionales de la Seguridad Social."
2009-10-17,251,1,BOE-A-2009-16534,MINISTERIO DE TRABAJO E INMIGRACIÓN,estatal,Resolución,87516,87519,"Resolución de 15 de octubre de 2009, del Servicio Público de Empleo Estatal, por la que se regula la tramitación electrónica automatizada de diversos procedimientos en materia de protección por desempleo."
2009-10-19,252,1,BOE-A-2009-16578,MINISTERIO DE ASUNTOS EXTERIORES Y DE COOPERACIÓN,estatal,Tratado o acuerdo internacional,87726,87726,"Entrada en vigor del Acuerdo Marco de Cooperación en materia de inmigración entre el Reino de España y la República de Mali, hecho ""ad referendum"" en Madrid el 23 de enero de 2007."
2009-10-19,252,1,BOE-A-2009-16579,MINISTERIO DE ASUNTOS EXTERIORES Y DE COOPERACIÓN,estatal,Otras,87727,87741,"Sistema de la OCDE para la certificación de materiales forestales de reproducción destinados al Comercio Internacional, adoptado por Decisión del Consejo de la OCDE [C(2007)69] en Paris el 20 de junio de 2007."
2009-10-19,252,1,BOE-A-2009-16580,MINISTERIO DE ASUNTOS EXTERIORES Y DE COOPERACIÓN,estatal,Corrección,87742,87742,"Corrección de erratas de las Enmiendas de 2006 al Código Internacional para la construcción y el equipo de buques que transporten gases licuados a granel (publicado en el ""Boletín Oficial del Estado"" nº 139 de 11 de junio de 1986), adoptadas el 8 de diciembre de 2006 mediante Resolución MSC 220(82)."
2009-10-19,252,1,BOE-A-2009-16581,"MINISTERIO DE INDUSTRIA, TURISMO Y COMERCIO",estatal,Resolución,87743,87744,"Resolución de 7 de octubre de 2009, de la Dirección General de Política Energética y Minas, por la que se hacen públicos los nuevos precios de venta, antes de impuestos, de los gases licuados del petróleo por canalización."
2009-10-20,253,1,BOE-A-2009-16663,MINISTERIO DE ASUNTOS EXTERIORES Y DE COOPERACIÓN,estatal,Tratado o acuerdo internacional,87876,87879,"Instrumento de Aceptación de la Enmienda al artículo 38 de los Estatutos de la Organización Mundial del Turismo, adoptada en la III Asamblea General de la Organización, celebrada en Torremolinos el 25 de septiembre de 1979 por Resolución 61(III)."
2009-10-20,253,1,BOE-A-2009-16664,MINISTERIO DE ASUNTOS EXTERIORES Y DE COOPERACIÓN,estatal,Corrección,87880,87880,"Corrección de errores y erratas de los Ajustes al Protocolo de Montreal, relativo a las sustancias que agotan la capa de ozono, adoptados en la XIX Reunión de las Partes, en Montreal (Canadá) del 17 al 21 de septiembre de 2007."
2009-10-20,253,1,BOE-A-2009-16665,"MINISTERIO DE INDUSTRIA, TURISMO Y COMERCIO",estatal,Real Decreto,87881,87886,"Real Decreto 1588/2009, de 16 de octubre, por el que se regula la concesión directa de préstamos para la participación de subcontratistas de primer nivel establecidos en España en el programa de desarrollo de la nueva familia de aviones Airbus A350 XWB y de su motor Trent XWB."
2009-10-21,254,1,BOE-A-2009-16726,JEFATURA DEL ESTADO,estatal,Ley,88042,88045,"Ley 10/2009, de 20 de octubre, de creación de órganos consultivos del Estado en el ámbito agroalimentario y de determinación de las bases de representación de las organizaciones profesionales agrarias."
2009-10-21,254,1,BOE-A-2009-16727,MINISTERIO DE ECONOMÍA Y HACIENDA,estatal,Orden,88046,88047,"Orden EHA/2814/2009, de 15 de octubre, por la que se modifica la Orden de 5 de junio de 2001, por la que se aclara la inclusión del Impuesto sobre Construcciones, Instalaciones y Obras en la letra B) del apartado 1 del artículo IV del Acuerdo entre el Estado Español y la Santa Sede sobre asuntos económicos, de 3 de enero de 1979."
2009-10-21,254,1,BOE-A-2009-16728,MINISTERIO DEL INTERIOR,estatal,Orden,88048,88050,"Orden INT/2815/2009, de 13 de octubre, por la que se determinan los municipios a los que son de aplicación las medidas previstas en el Real Decreto-ley 12/2009, de 13 de agosto, por el que se adoptan medidas urgentes para paliar los daños producidos por los incendios forestales y otras catástrofes naturales ocurridos en varias Comunidades Autónomas."
2009-10-21,254,1,BOE-A-2009-16729,"MINISTERIO DE INDUSTRIA, TURISMO Y COMERCIO",estatal,Orden,88051,88084,"Orden ITC/2816/2009, de 16 de octubre, por la que se actualizan los anexos I y II del Real Decreto 2028/1986, de 6 de junio, sobre las normas para la aplicación de determinadas directivas de la CE, relativas a la homologación de tipo de vehículos automóviles, remolques, semirremolques, motocicletas, ciclomotores y vehículos agrícolas, así como de partes y piezas de dichos vehículos."
2009-10-21,254,1,BOE-A-2009-16730,COMISIÓN NACIONAL DEL MERCADO DE VALORES,estatal,Resolución,88085,88091,"Resolución de 7 de octubre de 2009, de la Comisión Nacional del Mercado de Valores, sobre los registros mínimos a mantener por las empresas que presten servicios de inversión."
2009-10-21,254,1,BOE-A-2009-16731,COMUNIDAD AUTÓNOMA DE CASTILLA-LA MANCHA,autonómico,Ley,88092,88093,"Ley 1/2009, de 14 de mayo, por la que se establece el procedimiento para la integración de Centros Docentes de titularidad de las Administraciones locales en la Red de Centros Docentes Públicos de titularidad de la Junta de Comunidades de Castilla-La Mancha."
2009-10-21,254,1,BOE-A-2009-16732,COMUNIDAD AUTÓNOMA DE CASTILLA-LA MANCHA,autonómico,Ley,88094,88128,"Ley 2/2009, de 14 de mayo, de Medidas Urgentes en Materia de Vivienda y Suelo por la que se modifica el Texto Refundido de la Ley de Ordenación del Territorio y de la Actividad Urbanística."
2009-10-21,254,1,BOE-A-2009-16733,COMUNIDAD AUTÓNOMA DE CASTILLA-LA MANCHA,autonómico,Ley,88129,88131,"Ley 3/2009, de 24 de septiembre, de Creación del Colegio Oficial de Profesionales en Ingeniería Química de Castilla-La Mancha."
2009-10-22,255,1,BOE-A-2009-16769,MINISTERIO DE ECONOMÍA Y HACIENDA,estatal,Resolución,88179,88193,"Resolución de 9 de octubre de 2009, de la Presidencia del Consorcio de Compensación de Seguros, por la que se aprueban los modelos de declaración e ingreso a través de la vía telemática de los recargos recaudados por las entidades aseguradoras."
2009-10-22,255,1,BOE-A-2009-16770,MINISTERIO DE TRABAJO E INMIGRACIÓN,estatal,Real Decreto,88194,88196,"Real Decreto 1512/2009, de 2 de octubre, por el que se modifican el Real Decreto 487/1998, de 27 de marzo, sobre rconocimiento, como cotizados a la Seguridad Social, de períodos de actividad sacerdotal o religiosa de los sacerdotes y religiosos o religiosas de la Iglesia Católica secularizados, y el Real Decreto 2665/1998, de 11 de diciembre, por el que se completa el anterior real decreto."
2009-10-22,255,1,BOE-A-2009-16771,MINISTERIO DE TRABAJO E INMIGRACIÓN,estatal,Real Decreto,88197,88200,"Real Decreto 1513/2009, de 2 de octubre, por el que se regula la suscripción de convenio especial con la Seguridad Social por los trabajadores de agencias de aduanas que resultaron afectados por la incorporación de España al Mercado Único Europeo."
2009-10-22,255,1,BOE-A-2009-16772,"MINISTERIO DE MEDIO AMBIENTE, Y MEDIO RURAL Y MARINO",estatal,Real Decreto,88201,88215,"Real Decreto 1514/2009, de 2 de octubre, por el que se regula la protección de las aguas subterráneas contra la contaminación y el deterioro."
2009-10-22,255,1,BOE-A-2009-16773,MINISTERIO DE CULTURA,estatal,Orden,88216,88217,"Orden CUL/2820/2009, de 19 de octubre, por la que se modifica la Orden CUL/4406/2004, de 17 de diciembre, por la que se regula la Comisión Asesora de Publicaciones del Ministerio de Cultura."
2009-10-22,255,1,BOE-A-2009-16774,COMUNIDAD AUTÓNOMA DE CANARIAS,autonómico,Ley,88218,88219,"Ley 10/2009, de 30 de septiembre, de modificación de la Ley 3/2001, de 26 de junio, de Artesanía de Canarias."
2009-10-23,256,1,BOE-A-2009-16793,CORTES GENERALES,estatal,Otras,88338,88339,"Reforma del Reglamento del Congreso de los Diputados, por la que se modifica el artículo 46.1."
2009-10-23,256,1,BOE-A-2009-16794,MINISTERIO DE ASUNTOS EXTERIORES Y DE COOPERACIÓN,estatal,Orden,88340,88340,"Orden AEC/2826/2009, de 5 de octubre, por la que se crea una Oficina Consular Honoraria de España en Salalah (Omán)."
2009-10-23,256,1,BOE-A-2009-16795,"MINISTERIO DE MEDIO AMBIENTE, Y MEDIO RURAL Y MARINO",estatal,Real Decreto,88341,88351,"Real Decreto 1486/2009, de 26 de septiembre, por el que se modifica el Real Decreto 947/2005, de 29 de julio, por el que se establece un sistema de identificación y registro de los animales de las especies ovina y caprina."
2009-10-23,256,1,BOE-A-2009-16796,"MINISTERIO DE MEDIO AMBIENTE, Y MEDIO RURAL Y MARINO",estatal,Real Decreto,88352,88370,"Real Decreto 1515/2009, de 2 de octubre, por el que se establece un sistema de identificación y registro de los animales de la especie equina."
2009-10-23,256,1,BOE-A-2009-16797,MINISTERIO DE LA PRESIDENCIA,estatal,Orden,88371,88374,"Orden PRE/2827/2009, de 19 de octubre, por la que se modifican las cuantías de las asignaciones sectoriales establecidas en el Plan Nacional de Asignación de Derechos de Emisión de Gases de Efecto Invernadero, 2008-2012, aprobado por el Real Decreto 1370/2006, de 24 de noviembre."
2009-10-24,257,1,BOE-A-2009-16838,MINISTERIO DE LA PRESIDENCIA,estatal,Orden,88816,88858,"Orden PRE/2833/2009, de 19 de octubre, por la que se modifica el anexo I del Real Decreto 1246/2008, de 18 de julio, por el que se regula el procedimiento de autorización, registro y farmacovigilancia de los medicamentos veterinarios fabricados industrialmente."
2009-10-24,257,1,BOE-A-2009-16839,MINISTERIO DE CULTURA,estatal,Orden,88859,88906,"Orden CUL/2834/2009, de 19 de octubre, por la que se dictan normas de aplicación del Real Decreto 2062/2008, de 12 de diciembre, por el que se desarrolla la Ley 55/2007, de 28 de diciembre, del Cine, en las materias de reconocimiento del coste de una película e inversión del productor, establecimiento de las bases reguladoras de las ayudas estatales y estructura del Registro Administrativo de Empresas Cinematográficas y Audiovisuales."
2009-10-26,258,1,BOE-A-2009-16882,TRIBUNAL CONSTITUCIONAL,estatal,Resolución judicial,89134,89134,"Conflicto positivo de competencia nº 7781-2009, en relación con la Orden SAS/1352/2009, de 26 de mayo, por la que se establecen las bases reguladoras y se convoca la concesión de subvenciones para la realización de programas de cooperación y voluntariado sociales con cargo a la asignación tributaria del Impuesto sobre la Renta de las Personas Físicas y la Orden ARM/1593/2009, de 5 de junio, por la que se establecen las bases reguladoras para la concesión de subvenciones a asociaciones declaradas de utilidad pública y fundaciones adscritas al protectorado del Ministerio de Medio Ambiente, y Medio Rural y Marino, para fines de interés social de carácter medioambiental."
2009-10-26,258,1,BOE-A-2009-16883,MINISTERIO DE LA PRESIDENCIA,estatal,Orden,89135,89137,"Orden PRE/2843/2009, de 19 de octubre, por la que se modifica el anexo I del Real Decreto 2163/1994, de 4 de noviembre, por el que se implanta el sistema armonizado comunitario de autorización para comercializar y utilizar productos fitosanitarios, respecto a la ampliación del uso de la sustancia activa piraclostrobina y a la especificación de la sustancia activa nicosulfurón."
2009-10-27,259,1,BOE-A-2009-17000,JEFATURA DEL ESTADO,estatal,Ley,89693,89723,"Ley 11/2009, de 26 de octubre, por la que se regulan las Sociedades Anónimas Cotizadas de Inversión en el Mercado Inmobiliario."
2009-10-27,259,1,BOE-A-2009-17001,JEFATURA DEL ESTADO,estatal,Real Decreto-ley,89724,89736,"Real Decreto-ley 13/2009, de 26 de octubre, por el que se crea el Fondo Estatal para el Empleo y la Sostenibilidad Local."
2009-10-27,259,1,BOE-A-2009-17002,CORTES GENERALES,estatal,Otras,89737,89738,Reforma del Reglamento del Senado por la que se modifica el artículo 169.
2009-10-27,259,1,BOE-A-2009-17003,MINISTERIO DE ASUNTOS EXTERIORES Y DE COOPERACIÓN,estatal,Tratado o acuerdo internacional,89739,89741,"Acuerdo de Enmienda y Acuerdo anejo al Acuerdo Administrativo de 9 de septiembre de 2004, para la aplicación del Convenio de Seguridad Social entre el Reino de España y la República de Túnez de 26 de febrero de 2001, hecho el 2 de febrero de 2009."
2009-10-27,259,1,BOE-A-2009-17004,MINISTERIO DE ASUNTOS EXTERIORES Y DE COOPERACIÓN,estatal,Corrección,89742,89742,"Corrección de errores de las Enmiendas de 2006 al Protocolo de 1988 relativo al Convenio Internacional sobre líneas de carga 1966, publicado en el ""Boletín Oficial del Estado"" nº 233 de 29 de septiembre de 1999, adoptadas el 8 de diciembre de 2006 mediante Resolución MSC 223(82)."
2009-10-27,259,1,BOE-A-2009-17005,MINISTERIO DE EDUCACIÓN,estatal,Real Decreto,89743,89752,"Real Decreto 1614/2009, de 26 de octubre, por el que se establece la ordenación de las enseñanzas artísticas superiores reguladas por la Ley Orgánica 2/2006, de 3 de mayo, de Educación."
2009-10-27,259,1,BOE-A-2009-17006,MINISTERIO DE TRABAJO E INMIGRACIÓN,estatal,Real Decreto,89753,89754,"Real Decreto 1548/2009, de 9 de octubre, por el que se modifica el Real Decreto 294/2009, de 6 de marzo, por el que se regula la concesión de una subvención directa a la Comunidad Autónoma de Canarias para el traslado y acogida de menores extranjeros no acompañados."
2009-10-28,260,1,BOE-A-2009-17077,MINISTERIO DE ASUNTOS EXTERIORES Y DE COOPERACIÓN,estatal,Tratado o acuerdo internacional,89972,89976,"Convenio entre el Reino de España y la República Argelina Democrática y Popular en materia de seguridad y de lucha contra el terrorismo y la criminalidad organizada, hecho en Argel el 15 de junio de 2008."
2009-10-28,260,1,BOE-A-2009-17078,MINISTERIO DE ASUNTOS EXTERIORES Y DE COOPERACIÓN,estatal,Corrección,89977,89977,"Corrección de errores del Canje de Notas relativo al Acuerdo entre el Gobierno del Reino de España y el Gobierno de la República de Kazajstán sobre el transporte internacional de viajeros y mercancías por carretera, hecho en Madrid el 30 de octubre de 2000."
2009-10-28,260,1,BOE-A-2009-17079,MINISTERIO DE ECONOMÍA Y HACIENDA,estatal,Orden,89978,89981,"Orden EHA/2868/2009, de 13 de octubre, por la que se regulan las operaciones de cierre del ejercicio 2009 relativas a la contabilidad de gastos públicos."
2009-10-28,260,1,BOE-A-2009-17080,"MINISTERIO DE INDUSTRIA, TURISMO Y COMERCIO",estatal,Corrección,89982,89984,"Corrección de errores del Real Decreto 2060/2008, de 12 de diciembre, por el que se aprueba el Reglamento de equipos a presión y sus instrucciones técnicas complementarias."
2009-10-28,260,1,BOE-A-2009-17081,"MINISTERIO DE INDUSTRIA, TURISMO Y COMERCIO",estatal,Orden,89985,89989,"Orden ITC/2869/2009, de 21 de octubre, por la que se modifica la Orden PRE/3026/2003, de 30 de octubre, por la que se dictan normas de inspección y control para las Direcciones Regionales y Territoriales de Comercio."
2009-10-28,260,1,BOE-A-2009-17082,MINISTERIO DE LA PRESIDENCIA,estatal,Real Decreto,89990,89991,"Real Decreto 1590/2009, de 16 de octubre, por el que se modifica el Real Decreto 1614/2008, de 3 de octubre, relativo a los requisitos zoosanitarios de los animales y de los productos de la acuicultura, así como a la prevención y el control de determinadas enfermedades de los animales acuáticos."
2009-10-29,261,1,BOE-A-2009-17117,MINISTERIO DE ASUNTOS EXTERIORES Y DE COOPERACIÓN,estatal,Tratado o acuerdo internacional,90317,90320,"Aplicación provisional del Canje de cartas de fechas 10 y 11 de agosto de 2009 constitutivo de Acuerdo entre España y la Secretaria de la Convención Marco de Naciones Unidas sobre el Cambio Climático, para albergar la celebración de la Reunión que tendrá lugar en Barcelona del 2 al 9 de noviembre de 2009."
2009-10-29,261,1,BOE-A-2009-17118,MINISTERIO DE ASUNTOS EXTERIORES Y DE COOPERACIÓN,estatal,Corrección,90321,90321,"Corrección de errores del Acuerdo entre el Reino de España y la República Federativa de Brasil sobre el libre ejercicio de actividades económicas remuneradas para familiares dependientes del personal diplomático, consular, administrativo y técnico de Misiones Diplomáticas y Oficinas Consulares, hecho en Madrid el 17 de septiembre de 2007."
2009-10-29,261,1,BOE-A-2009-17119,MINISTERIO DE ECONOMÍA Y HACIENDA,estatal,Orden,90322,90341,"Orden EHA/2874/2009, de 15 de octubre, por la que se aprueban normas complementarias para la tramitación y gestión de los incentivos regionales previstos en la Ley 50/1985, de 27 de diciembre."
2009-10-29,261,1,BOE-A-2009-17120,"MINISTERIO DE MEDIO AMBIENTE, Y MEDIO RURAL Y MARINO",estatal,Corrección,90342,90342,"Corrección de errores del Real Decreto 1549/2009, de 9 de octubre, sobre ordenación del sector pesquero y adaptación al Fondo Europeo de la Pesca."
2009-10-30,262,1,BOE-A-2009-17180,MINISTERIO DE POLÍTICA TERRITORIAL,estatal,Corrección,90533,90533,"Corrección de errores del Real Decreto 1463/2009, de 18 de septiembre, sobre traspaso de funciones y servicios a la Generalitat de Cataluña en materia de autorizaciones iniciales de trabajo por cuenta propia o ajena de los extranjeros cuya relación laboral se desarrolle en Cataluña."
2009-10-30,262,1,BOE-A-2009-17181,COMUNIDAD AUTÓNOMA DE CATALUÑA,autonómico,Decreto Legislativo,90534,90574,"Decreto Legislativo 1/2009, de 21 de julio, por el que se aprueba el Texto refundido de la Ley reguladora de los residuos."
2009-10-31,263,1,BOE-A-2009-17242,JEFATURA DEL ESTADO,estatal,Ley,90860,90884,"Ley 12/2009, de 30 de octubre, reguladora del derecho de asilo y de la protección subsidiaria."
2009-10-31,263,1,BOE-A-2009-17243,MINISTERIO DE DEFENSA,estatal,Resolución,90885,90886,"Resolución 420/38240/2009, de 26 de octubre, de la Secretaría General Técnica, por la que se publica el Acuerdo de Consejo de Ministros de 2 de octubre de 2009, sobre la creación de un Centro contra artefactos explosivos improvisados en el ámbito del Ministerio de Defensa y su ofrecimiento, con la consideración de ""Centro de Excelencia"", a la Organización del Tratado del Atlántico Norte."
2009-10-31,263,1,BOE-A-2009-17244,MINISTERIO DE ECONOMÍA Y HACIENDA,estatal,Resolución,90887,90891,"Resolución de 30 de octubre de 2009, de la Presidencia del Comisionado para el Mercado de Tabacos, por la que se publican los precios de venta al público de determinadas labores de tabaco en Expendedurías de Tabaco y Timbre del Área del Monopolio."
2009-10-31,263,1,BOE-A-2009-17245,MINISTERIO DEL INTERIOR,estatal,Real Decreto,90892,90895,"Real Decreto 1628/2009, de 30 de octubre, por el que se modifican determinados preceptos del Reglamento de Seguridad Privada, aprobado por Real Decreto 2364/1994, de 9 de diciembre, y del Reglamento de Armas, aprobado por Real Decreto 137/1993, de 29 de enero."
2009-10-31,263,1,BOE-A-2009-17246,MINISTERIO DE CIENCIA E INNOVACIÓN,estatal,Real Decreto,90896,90900,"Real Decreto 1640/2009, de 30 de octubre, por el que se establecen las normas reguladoras de la subvención de concesión directa a la entidad Basque Culinary Center Fundazioa para la puesta en marcha del proyecto Basque Culinary Center"
2009-10-31,263,1,BOE-A-2009-17247,MINISTERIO DE CIENCIA E INNOVACIÓN,estatal,Real Decreto,90901,90905,"Real Decreto 1641/2009, de 30 de octubre, por el que se aprueban las normas especiales reguladoras de la concesión de subvención directa a favor de ocho entidades gestoras de Parques Científicos y Tecnológicos, para inversiones y gastos en ejecución del Fondo Especial del Estado para la Dinamización de la Economía y el Empleo."
2009-11-02,264,1,BOE-A-2009-17308,MINISTERIO DE ASUNTOS EXTERIORES Y DE COOPERACIÓN,estatal,Otras,91101,91113,"Medida 1 (2003) relativa al establecimiento de la Secretaria del Tratado Antártico con sede en Buenos Aires (Argentina), acordada por la XXVI Reunión Consultiva del Tratado Antártico, en Madrid el 20 de junio de 2003. Aplicación Provisional."
2009-11-02,264,1,BOE-A-2009-17309,MINISTERIO DE LA PRESIDENCIA,estatal,Orden,91114,91117,"Orden PRE/2914/2009, de 30 de octubre, que desarrolla lo dispuesto en el Real Decreto 1628/2009, de 30 de octubre, por el que se modifican determinados preceptos del Reglamento de Seguridad Privada, aprobado por Real Decreto 2364/1994, de 9 de diciembre, y del Reglamento de Armas, aprobado por Real Decreto 137/1993, de 29 de enero."
2009-11-02,264,1,BOE-A-2009-17310,MINISTERIO DE POLÍTICA TERRITORIAL,estatal,Orden,91118,91121,"Orden TER/2915/2009, de 29 de octubre, por la que se crea y regula el registro electrónico del Ministerio de Política Territorial."
2009-11-02,264,1,BOE-A-2009-17311,MINISTERIO DE CIENCIA E INNOVACIÓN,estatal,Real Decreto,91122,91127,"Real Decreto 1592/2009, de 19 de octubre, por el que se establecen las normas reguladoras de la subvención de concesión directa al Consorcio para el diseño, la construcción, el equipamiento y la explotación del Centro de Láseres Pulsados Ultracortos Ultraintensos para la creación de un Plan de Radioprotección para el Centro de Láseres Pulsados Ultracortos Ultraintensos."
2009-11-02,264,1,BOE-A-2009-17312,MINISTERIO DE CIENCIA E INNOVACIÓN,estatal,Real Decreto,91128,91134,"Real Decreto 1593/2009, de 19 de octubre, por el que se establecen las normas reguladoras de las subvenciones de concesión directa a la Fundación CENER-CIEMAT para el diseño, la construcción y el equipamiento de un Parque Experimental Eólico, y a la Fundación Instituto de Hidráulica Ambiental de Cantabria para la ejecución de la primera fase del proyecto de construcción y equipamiento del Gran Tanque de Ingeniería Marítima de Cantabria y de las infraestructuras asociadas necesarias."
2009-11-02,264,1,BOE-A-2009-17313,TRIBUNAL SUPREMO,estatal,Resolución judicial,91135,91136,"Sentencia de 15 de julio de 2009, de la Sala Tercera del Tribunal Supremo, por la que se declara la nulidad del apartado 4.A.a. del Plan Nacional de Asignación de derechos de emisión 2005-2007, aprobado por Real Decreto 1866/2004, de 6 de septiembre."
2009-11-02,264,1,BOE-A-2009-17314,COMUNIDAD AUTÓNOMA DE CATALUÑA,autonómico,Corrección,91137,91137,"Corrección de errores de la Ley 12/2006, de 27 de julio, de medidas en materia de medio ambiente y de modificación de las Leyes 3/1988 y 22/2003, relativas a la protección de los animales, de la Ley 12/1985, de espacios naturales, de la Ley 9/1995, del acceso motorizado al medio natural, y de la Ley 4/2004, relativa al proceso de adecuación de las actividades de incidencia ambiental."
2009-11-02,264,1,BOE-A-2009-17315,COMUNIDAD AUTÓNOMA DE CATALUÑA,autonómico,Decreto Legislativo,91138,91161,"Decreto Legislativo 2/2009, de 25 de agosto, por el que se aprueba el Texto refundido de la Ley de carreteras."
2009-11-03,265,1,BOE-A-2009-17428,MINISTERIO DE JUSTICIA,estatal,Orden,91684,91688,"Orden JUS/2935/2009, de 26 de octubre, por la que se crea la Comisión Calificadora de Documentos Administrativos del Ministerio de Justicia y de sus organismos públicos."
2009-11-03,265,1,BOE-A-2009-17429,MINISTERIO DEL INTERIOR,estatal,Real Decreto,91689,91690,"Real Decreto 1586/2009, de 16 de octubre, por el que se modifica el Real Decreto 1553/2005, de 23 de diciembre, por el que se regula la expedición del Documento Nacional de Identidad y sus certificados de firma electrónica."
2009-11-03,265,1,BOE-A-2009-17430,MINISTERIO DEL INTERIOR,estatal,Orden,91691,91696,"Orden INT/2936/2009, de 27 de octubre, por la que se crea el registro electrónico de la Guardia Civil."
2009-11-03,265,1,BOE-A-2009-17431,MINISTERIO DE EDUCACIÓN,estatal,Real Decreto,91697,91702,"Real Decreto 1635/2009, de 30 de octubre, por el que se regulan la admisión de los alumnos en centros públicos y privados concertados, los requisitos que han de cumplir los centros que impartan el primer ciclo de la educación infantil y la atención al alumnado con necesidad específica de apoyo educativo en el ámbito de gestión del Ministerio de Educación."
2009-11-03,265,1,BOE-A-2009-17432,MINISTERIO DE LA PRESIDENCIA,estatal,Real Decreto,91703,91712,"Real Decreto 1615/2009, de 26 de octubre, por el que se regula la concesión y utilización del distintivo ""Igualdad en la Empresa""."
2009-11-03,265,1,BOE-A-2009-17433,MINISTERIO DE POLÍTICA TERRITORIAL,estatal,Resolución,91713,91737,"Resolución de 2 de noviembre de 2009, de la Secretaría de Estado de Cooperación Territorial, por la que se aprueba el modelo para la presentación de solicitudes y las condiciones para la tramitación de los recursos librados con cargo al Fondo Estatal para el Empleo y la Sostenibilidad Local, creado por el Real Decreto-ley 13/2009, de 26 de octubre."
2009-11-04,266,1,BOE-A-2009-17492,JEFATURA DEL ESTADO,estatal,Ley Orgánica,92089,92102,"Ley Orgánica 1/2009, de 3 de noviembre, complementaria de la Ley de reforma de la legislación procesal para la implantación de la nueva Oficina judicial, por la que se modifica la Ley Orgánica 6/1985, de 1 de julio, del Poder Judicial."
2009-11-04,266,1,BOE-A-2009-17493,JEFATURA DEL ESTADO,estatal,Ley,92103,92313,"Ley 13/2009, de 3 de noviembre, de reforma de la legislación procesal para la implantación de la nueva Oficina judicial."
2009-11-04,266,1,BOE-A-2009-17494,CORTES GENERALES,estatal,Otras,92314,92314,"Reforma del Reglamento del Congreso de los Diputados, por la que se modifica el artículo 63.2"
2009-11-04,266,1,BOE-A-2009-17495,MINISTERIO DE TRABAJO E INMIGRACIÓN,estatal,Resolución,92315,92318,"Resolución de 21 de octubre de 2009, de la Secretaría de Estado de la Seguridad Social, por la que se dictan instrucciones para la compensación de gastos de transporte en los casos de asistencia sanitaria derivada de riesgos profesionales y de comparecencias para la realización de exámenes o valoraciones médicas."
2009-11-04,266,1,BOE-A-2009-17496,MINISTERIO DE CULTURA,estatal,Real Decreto,92319,92322,"Real Decreto 1517/2009, de 2 de octubre, por el que se crea el Patronato del Archivo General de Simancas."
2009-11-05,267,1,BOE-A-2009-17521,MINISTERIO DE ASUNTOS EXTERIORES Y DE COOPERACIÓN,estatal,Orden,92408,92409,"Orden AEC/2955/2009, de 26 de octubre, por la que se crea la Sección de Trabajo e Inmigración de la Misión Diplomática Permanente de España en Costa Rica, con sede en San José, y se suprime la Sección de Trabajo y Asuntos Sociales del Consulado de España en Montevideo."
2009-11-05,267,1,BOE-A-2009-17522,MINISTERIO DE CIENCIA E INNOVACIÓN,estatal,Orden,92410,92410,"Orden CIN/2956/2009, de 27 de octubre, por la que se modifica la Orden CIN/35/2009, de 15 de enero, por la que se regula la Comisión Ministerial de Administración Electrónica del Ministerio de Ciencia e Innovación."
2009-11-06,268,1,BOE-A-2009-17603,TRIBUNAL CONSTITUCIONAL,estatal,Resolución judicial,92704,92704,"Recurso de inconstitucionalidad nº 8741-2009, en relación con diversos preceptos de la Ley del Parlamento de Cataluña 12/2005, de 10 de julio, de Educación."
2009-11-06,268,1,BOE-A-2009-17604,MINISTERIO DE DEFENSA,estatal,Orden,92705,92706,"Orden DEF/2962/2009, de 2 de noviembre, por la que se modifica la dependencia orgánica de las Direcciones Técnicas en que se estructura el Centro Nacional de Inteligencia, que figura en el Real Decreto 436/2002, de 10 de mayo, por el que se establece la estructura orgánica básica del Centro Nacional de Inteligencia."
2009-11-06,268,1,BOE-A-2009-17605,MINISTERIO DE EDUCACIÓN,estatal,Corrección,92707,92707,"Corrección de errores del Real Decreto 1614/2009, de 26 de octubre, por el que se establece la ordenación de las enseñanzas artísticas superiores reguladas por la Ley Orgánica 2/2006, de 3 de mayo, de Educación."
2009-11-06,268,1,BOE-A-2009-17606,MINISTERIO DE SANIDAD Y POLÍTICA SOCIAL,estatal,Real Decreto,92708,92778,"Real Decreto 1591/2009, de 16 de octubre, por el que se regulan los productos sanitarios."
2009-11-06,268,1,BOE-A-2009-17607,MINISTERIO DE SANIDAD Y POLÍTICA SOCIAL,estatal,Real Decreto,92779,92823,"Real Decreto 1616/2009, de 26 de octubre, por el que se regulan los productos sanitarios implantables activos."
2009-11-07,269,1,BOE-A-2009-17650,"MINISTERIO DE INDUSTRIA, TURISMO Y COMERCIO",estatal,Real Decreto,92952,92953,"Real Decreto 1667/2009, de 6 de noviembre, por el que se modifica el Real Decreto 898/2009, de 22 de mayo, por el que se regula la concesión directa de subvenciones para la adquisición de vehículos, Plan 2000 E de apoyo a la renovación del parque de vehículos, y se amplía el número máximo de vehículos a financiar en 80.000 vehículos adicionales."
2009-11-07,269,1,BOE-A-2009-17651,"MINISTERIO DE MEDIO AMBIENTE, Y MEDIO RURAL Y MARINO",estatal,Real Decreto,92954,92955,"Real Decreto 1668/2009, de 6 de noviembre, por el que se modifica el Reglamento de la Ley 38/1994, de 30 de diciembre, reguladora de las organizaciones interprofesionales agroalimentarias, aprobado por el Real Decreto 705/1997, de 16 de mayo."
2009-11-07,269,1,BOE-A-2009-17652,MINISTERIO DE LA PRESIDENCIA,estatal,Real Decreto,92956,92959,"Real Decreto 1669/2009, de 6 de noviembre, por el que se modifica la norma de etiquetado sobre propiedades nutritivas de los productos alimenticios, aprobada por el Real Decreto 930/1992, de 17 de julio."
2009-11-09,270,1,BOE-A-2009-17700,MINISTERIO DE ASUNTOS EXTERIORES Y DE COOPERACIÓN,estatal,Tratado o acuerdo internacional,93086,93089,"Convenio Marco de Cooperación entre el Reino de España y la República Democrática del Congo, hecho en Kinshasa el 28 de enero de 2008."
2009-11-09,270,1,BOE-A-2009-17701,MINISTERIO DE ASUNTOS EXTERIORES Y DE COOPERACIÓN,estatal,Corrección,93090,93090,"Corrección de errores del Convenio de Seguridad Social entre España y Japón, hecho en Tokio el 12 de noviembre de 2008."
2009-11-09,270,1,BOE-A-2009-17702,"MINISTERIO DE INDUSTRIA, TURISMO Y COMERCIO",estatal,Real Decreto,93091,93094,"Real Decreto 1666/2009, de 6 de noviembre, por el que se regula la concesión directa de anticipos reembolsables a la filial española de Airbus SAS denominada Airbus Operations S.L para su participación en el programa de desarrollo de la nueva familia de aviones Airbus A350 XWB."
2009-11-09,270,1,BOE-A-2009-17703,"MINISTERIO DE MEDIO AMBIENTE, Y MEDIO RURAL Y MARINO",estatal,Real Decreto,93095,93109,"Real Decreto 1589/2009, de 16 de octubre, por el que se establecen las bases reguladoras para la concesión de subvenciones para la implantación de sistemas de aseguramiento para la mejora integral de la calidad de la leche cruda producida y recogida en las explotaciones, y su certificación externa."
2009-11-09,270,1,BOE-A-2009-17704,MINISTERIO DE POLÍTICA TERRITORIAL,estatal,Real Decreto,93110,93137,"Real Decreto 1550/2009, de 9 de octubre, sobre ampliación de las funciones y servicios de la Administración del Estado traspasados a la Comunidad Autónoma de Canarias, en materia de conservación de la naturaleza (Parques Nacionales de Teide, Timanfaya, Caldera de Taburiente y Garajonay)."
2009-11-10,271,1,BOE-A-2009-17883,MINISTERIO DE ASUNTOS EXTERIORES Y DE COOPERACIÓN,estatal,Tratado o acuerdo internacional,94018,94019,"Enmiendas de 2008 al Convenio Internacional para la seguridad de la vida humana en el mar, 1974, enmendado, (publicado en el ""Boletín Oficial del Estado"" del 16 al 18 de junio de 1980), adoptadas el 16 de mayo de 2008 mediante Resolución MSC.257(84)."
2009-11-10,271,1,BOE-A-2009-17884,MINISTERIO DE JUSTICIA,estatal,Orden,94020,94025,"Orden JUS/3000/2009, de 29 de octubre, por la que se crea y regula el Registro Electrónico del Ministerio de Justicia."
2009-11-10,271,1,BOE-A-2009-17885,MINISTERIO DE DEFENSA,estatal,Orden,94026,94029,"Orden DEF/3001/2009, de 4 de noviembre, por la que se regula la Comisión Asesora de Publicaciones del Ministerio de Defensa."
2009-11-10,271,1,BOE-A-2009-17886,MINISTERIO DEL INTERIOR,estatal,Resolución,94030,94097,"Resolución de 20 de octubre de 2009, de la Subsecretaría, por la que se publica el Acuerdo de Consejo de Ministros de 16 de octubre de 2009, por el que se aprueba el Plan Director correspondiente al Plan de Emergencia Nuclear Exterior a las Centrales Nucleares de José Cabrera y Trillo de Guadalajara (PENGUA)."
2009-11-10,271,1,BOE-A-2009-17887,MINISTERIO DEL INTERIOR,estatal,Resolución,94098,94156,"Resolución de 20 de octubre de 2009, de la Subsecretaría, por la que se publica el Acuerdo de Consejo de Ministros de 16 de octubre de 2009, por el que se aprueba el Plan Director correspondiente al Plan de Emergencia Nuclear Exterior a la Central Nuclear de Almaraz, Cáceres (PENCA)."
2009-11-10,271,1,BOE-A-2009-17888,MINISTERIO DEL INTERIOR,estatal,Resolución,94157,94292,"Resolución de 20 de octubre de 2009, de la Subsecretaría, por la que se publica el Acuerdo de Consejo de Ministros de 16 de octubre de 2009, por el que se aprueba el Plan Director correspondiente al Plan de Emergencia Nuclear Exterior a la Central Nuclear de Santa María de Garoña, Burgos (PENBU)."
2009-11-10,271,1,BOE-A-2009-17889,MINISTERIO DEL INTERIOR,estatal,Resolución,94293,94361,"Resolución de 20 de octubre de 2009, de la Subsecretaría, por la que se publica el Acuerdo de Consejo de Ministros de 16 de octubre de 2009, por el que se aprueba el Plan Director correspondiente al Plan de Emergencia Nuclear Exterior a las Centrales Nucleares de Ascó y Vandellós, Tarragona (PENTA)."
2009-11-10,271,1,BOE-A-2009-17890,MINISTERIO DEL INTERIOR,estatal,Resolución,94362,94421,"Resolución de 20 de octubre de 2009, de la Subsecretaría, por la que se publica el Acuerdo de Consejo de Ministros de 16 de octubre de 2009, por el que se aprueba el Plan Director correspondiente al Plan de Emergencia Nuclear Exterior a la Central Nuclear de Cofrentes (PENVA)."
2009-11-10,271,1,BOE-A-2009-17891,MINISTERIO DE LA PRESIDENCIA,estatal,Real Decreto,94422,94426,"Real Decreto 1636/2009, de 30 de octubre, que modifica el Real Decreto 451/1995, de 24 de marzo, por el que se reorganiza el Organismo Autónomo Canal de Experiencias Hidrodinámicas de El Pardo."
2009-11-10,271,1,BOE-A-2009-17892,MINISTERIO DE LA PRESIDENCIA,estatal,Real Decreto,94427,94429,"Real Decreto 1637/2009, de 30 de octubre, por el que se modifica el Estatuto del Centro Nacional de Información Geográfica, aprobado por Real Decreto 663/2007, de 25 de mayo."
2009-11-10,271,1,BOE-A-2009-17893,MINISTERIO DE LA PRESIDENCIA,estatal,Real Decreto,94430,94439,"Real Decreto 1638/2009, de 30 de octubre, por el que se aprueba el Estatuto de la Biblioteca Nacional de España."
2009-11-10,271,1,BOE-A-2009-17894,COMUNIDAD AUTÓNOMA DE CATALUÑA,autonómico,Ley,94440,94440,"Ley 17/2009, de 16 de octubre, de modificación de la Ley 2/2009, de 12 de febrero, del Consejo de Garantías Estatutarias."
2009-11-10,271,1,BOE-A-2009-17895,COMUNIDAD AUTÓNOMA DE LA RIOJA,autonómico,Ley,94441,94454,"Ley 4/2009, de 20 de octubre, de aprovechamientos de recursos pastables."
2009-11-11,272,1,BOE-A-2009-17963,MINISTERIO DE ASUNTOS EXTERIORES Y DE COOPERACIÓN,estatal,Otras,94719,94736,"Código de Normas internacionales y prácticas recomendadas para la investigación de los aspectos de seguridad de siniestros y sucesos marítimos (Código de Investigación de siniestros), adoptadas el 16 de mayo de 2008 mediante Resolución MSC.255(84)."
2009-11-12,273,1,BOE-A-2009-18003,JEFATURA DEL ESTADO,estatal,Ley,94895,94902,"Ley 14/2009, de 11 de noviembre, por la que se regula el programa temporal de protección por desempleo e inserción."
2009-11-12,273,1,BOE-A-2009-18004,JEFATURA DEL ESTADO,estatal,Ley,94903,94930,"Ley 15/2009, de 11 de noviembre, del contrato de transporte terrestre de mercancías."
2009-11-12,273,1,BOE-A-2009-18005,COMISIÓN NACIONAL DEL MERCADO DE VALORES,estatal,Instrucción o circular,94931,94934,"Circular 4/2009, de 4 de noviembre, de la Comisión Nacional del Mercado de Valores, sobre comunicación de información relevante."
2009-11-13,274,1,BOE-A-2009-18094,MINISTERIO DE ASUNTOS EXTERIORES Y DE COOPERACIÓN,estatal,Resolución,95415,95503,"Resolución de 4 de noviembre de 2009, de la Secretaria General Técnica, sobre aplicación del artículo 32 del Decreto 801/1972, relativo a la ordenación de la actividad de la Administración del Estado en materia de Tratados Internacionales."
2009-11-14,275,1,BOE-A-2009-18118,JEFATURA DEL ESTADO,estatal,Ley,96887,96918,"Ley 16/2009, de 13 de noviembre, de servicios de pago."
2009-11-14,275,1,BOE-A-2009-18119,"MINISTERIO DE MEDIO AMBIENTE, Y MEDIO RURAL Y MARINO",estatal,Real Decreto,96919,96944,"Real Decreto 1680/2009, de 13 de noviembre, sobre la aplicación del régimen de pago único en la agricultura y la integración de determinadas ayudas agrícolas en el mismo a partir del año 2010."
2009-11-14,275,1,BOE-A-2009-18120,MINISTERIO DE LA PRESIDENCIA,estatal,Real Decreto,96945,96946,"Real Decreto 1681/2009, de 13 de noviembre, por el que se modifica el Decreto 2950/1975, de 7 de noviembre, por el que se reorganiza el Consejo de Comercio Interior y de los Consumidores y se crea el Instituto Nacional del Consumo."
2009-11-14,275,1,BOE-A-2009-18121,MINISTERIO DE CIENCIA E INNOVACIÓN,estatal,Orden,96947,96948,"Orden CIN/3035/2009, de 5 de noviembre, por la que se crea una oficina de registro auxiliar en el Ministerio de Ciencia e Innovación."
2009-11-16,276,1,BOE-A-2009-18176,"MINISTERIO DE INDUSTRIA, TURISMO Y COMERCIO",estatal,Resolución,97178,97179,"Resolución de 5 de noviembre de 2009, de la Dirección General de Política Energética y Minas, por la que se hacen públicos los nuevos precios de venta, antes de impuestos, de los gases licuados del petróleo por canalización."
2009-11-16,276,1,BOE-A-2009-18177,MINISTERIO DE CIENCIA E INNOVACIÓN,estatal,Orden,97180,97185,"Orden CIN/3048/2009, de 6 de noviembre, por la que se crea la Comisión de Coordinación de Bibliotecas del Ministerio de Ciencia e Innovación y de los Organismos y Entidades vinculadas al mismo."
2009-11-16,276,1,BOE-A-2009-18178,COMUNIDAD AUTÓNOMA DE CATALUÑA,autonómico,Ley,97186,97234,"Ley 18/2009, de 22 de octubre, de salud pública."
2009-11-17,277,1,BOE-A-2009-18285,MINISTERIO DE ASUNTOS EXTERIORES Y DE COOPERACIÓN,estatal,Orden,97598,97598,"Orden AEC/3074/2009, de 27 de octubre, por la que se crea la Oficina Consular Honoraria de España en Varna (Bulgaria)."
2009-11-17,277,1,BOE-A-2009-18286,MINISTERIO DE ASUNTOS EXTERIORES Y DE COOPERACIÓN,estatal,Orden,97599,97599,"Orden AEC/3075/2009, de 27 de octubre, por la que se suprime el Viceconsulado Honorario de España en Bamako (República de Mali)."
2009-11-17,277,1,BOE-A-2009-18287,"MINISTERIO DE INDUSTRIA, TURISMO Y COMERCIO",estatal,Real Decreto,97600,97601,"Real Decreto 1587/2009, de 16 de octubre, por el que se modifica el Real Decreto 250/2004, de 6 de febrero, por el que se declara al Centro Nacional de Sanidad Ambiental del Instituto de Salud ""Carlos III"" y al Laboratorio de Radiofrecuencia y Microondas del Instituto Nacional de Técnica Aeroespacial ""Esteban Terradas"" como laboratorios asociados al Centro Español de Metrología y depositarios de los patrones nacionales de ozono y de potencia, ruido e impedancia en alta frecuencia, respectivamente."
2009-11-17,277,1,BOE-A-2009-18288,MINISTERIO DE LA PRESIDENCIA,estatal,Real Decreto,97602,97604,"Real Decreto 1670/2009, de 6 de noviembre, por el que se constituye la Comisión de Coordinación entre el Ministerio de Ciencia e Innovación y el Ministerio de Educación."
2009-11-17,277,1,BOE-A-2009-18289,MINISTERIO DE LA PRESIDENCIA,estatal,Real Decreto,97605,97614,"Real Decreto 1672/2009, de 6 de noviembre, por el que se modifica el Estatuto del Instituto de Salud Carlos III, aprobado por Real Decreto 375/2001, de 6 de abril."
2009-11-18,278,1,BOE-A-2009-18355,MINISTERIO DE EDUCACIÓN,estatal,Real Decreto,97846,97914,"Real Decreto 1629/2009, de 30 de octubre, por el que se establece el título de Técnico Superior en Administración de Sistemas Informáticos en Red y se fijan sus enseñanzas mínimas."
2009-11-18,278,1,BOE-A-2009-18356,MINISTERIO DE TRABAJO E INMIGRACIÓN,estatal,Orden,97915,97917,"Orden TIN/3084/2009, de 13 de noviembre, por la que se adoptan disposiciones para la aplicación y desarrollo de lo establecido en el Real Decreto 100/2009, de 6 de febrero, por el que se establecen medidas para facilitar la adaptación laboral del sector de fabricación y componentes del calzado, curtidos y marroquinería a los cambios estructurales en el comercio mundial."
2009-11-18,278,1,BOE-A-2009-18357,"MINISTERIO DE MEDIO AMBIENTE, Y MEDIO RURAL Y MARINO",estatal,Orden,97918,97920,"Orden ARM/3085/2009, de 13 de noviembre, por la que se aprueba el Reglamento de la Orden Civil del Mérito Medioambiental."
2009-11-18,278,1,BOE-A-2009-18358,MINISTERIO DE LA PRESIDENCIA,estatal,Real Decreto,97921,97948,"Real Decreto 1671/2009, de 6 de noviembre, por el que se desarrolla parcialmente la Ley 11/2007, de 22 de junio, de acceso electrónico de los ciudadanos a los servicios públicos."
2009-11-19,279,1,BOE-A-2009-18403,MINISTERIO DE ASUNTOS EXTERIORES Y DE COOPERACIÓN,estatal,Tratado o acuerdo internacional,98110,98116,"Acuerdo entre el Reino de España y el Gobierno de la República de Albania sobre Cooperación y Asistencia Mutua en Materia Aduanera, hecho en Tirana el 20 de mayo de 2009."
2009-11-19,279,1,BOE-A-2009-18404,MINISTERIO DE EDUCACIÓN,estatal,Real Decreto,98117,98180,"Real Decreto 1632/2009, de 30 de octubre, por el que se establece el título de Técnico en Instalaciones de Telecomunicaciones y se fijan sus enseñanzas mínimas."
2009-11-20,280,1,BOE-A-2009-18472,MINISTERIO DE ECONOMÍA Y HACIENDA,estatal,Orden,98490,98511,"Orden EHA/3111/2009, de 5 de noviembre, por la que se aprueba el modelo 390 de declaración-resumen anual del Impuesto sobre el Valor Añadido y se modifica el anexo I de la Orden EHA/1274/2007, de 26 de abril, por la que se aprueban los modelos 036 de Declaración censal de alta, modificación y baja en el Censo de empresarios, profesionales y retenedores y 037 Declaración censal simplificada de alta, modificación y baja en el Censo de empresarios, profesionales y retenedores."
2009-11-20,280,1,BOE-A-2009-18473,MINISTERIO DEL INTERIOR,estatal,Resolución,98512,98514,"Resolución de 11 de noviembre de 2009, de la Subsecretaría, por la que se establece el procedimiento para la presentación de la autoliquidación y las condiciones, para el pago por vía telemática, de las tasas correspondientes a la participación en la oposición a ingreso al Cuerpo Nacional de Policía y a la participación en las pruebas de selección para vigilantes de seguridad y sus especialidades."
2009-11-20,280,1,BOE-A-2009-18474,MINISTERIO DEL INTERIOR,estatal,Resolución,98515,98517,"Resolución de 11 de noviembre de 2009, de la Subsecretaría, por la que se establece el procedimiento para la presentación de la autoliquidación y las condiciones para el pago por vía telemática de diversas tasas correspondientes a la Dirección General de la Policía y de la Guardia Civil, ámbito Guardia Civil."
2009-11-20,280,1,BOE-A-2009-18475,MINISTERIO DE FOMENTO,estatal,Orden,98518,98519,"Orden FOM/3112/2009, de 28 de octubre, por la que se modifica la Orden FOM/716/2009, de 4 de marzo, por la que se regula la composición y funcionamiento de la Comisión Ministerial de Administración Electrónica del Ministerio de Fomento."
2009-11-20,280,1,BOE-A-2009-18476,MINISTERIO DE EDUCACIÓN,estatal,Real Decreto,98520,98582,"Real Decreto 1633/2009, de 30 de octubre, por el que se establece el título de Técnico en Producción Agroecológica y se fijan sus enseñanzas mínimas."
2009-11-20,280,1,BOE-A-2009-18477,MINISTERIO DE TRABAJO E INMIGRACIÓN,estatal,Resolución,98583,98584,"Resolución de 12 de noviembre de 2009, de la Dirección General de Trabajo, por la que se publica la relación de fiestas laborales para el año 2010."
2009-11-20,280,1,BOE-A-2009-18478,MINISTERIO DE LA PRESIDENCIA,estatal,Orden,98585,98588,"Orden PRE/3113/2009, de 13 de noviembre, por la que se dictan normas de aplicación y desarrollo del Real Decreto 357/1991, de 15 de marzo, por el que se desarrolla, en materia de pensiones no contributivas, la Ley 26/1990, de 20 de diciembre, por la que se establecen en la Seguridad Social prestaciones no contributivas, sobre rentas o ingresos computables y su imputación."
2009-11-21,281,1,BOE-A-2009-18504,"MINISTERIO DE INDUSTRIA, TURISMO Y COMERCIO",estatal,Real Decreto,98625,98628,"Real Decreto 1787/2009, de 20 de noviembre, por el que se regula una subvención directa a la construcción del Palacio de Congresos y Exposiciones de la Ciudad de León en el periodo 2010/2012."
2009-11-21,281,1,BOE-A-2009-18505,MINISTERIO DE LA PRESIDENCIA,estatal,Real Decreto,98629,98631,"Real Decreto 1789/2009, de 20 de noviembre, por el que se modifica el Reglamento de retribuciones del personal de las Fuerzas Armadas, aprobado por el Real Decreto 1314/2005, de 4 de noviembre y el Real Decreto 187/2008, de 8 de febrero, por el que se establece el procedimiento de integración en la condición de personal estatutario del personal laboral de la Red Hospitalaria de la Defensa."
2009-11-21,281,1,BOE-A-2009-18506,MINISTERIO DE LA PRESIDENCIA,estatal,Corrección,98632,98633,"Corrección de errores del Real Decreto 1037/2009, de 29 de junio, por el que se modifica y desarrolla la estructura orgánica básica del Ministerio de Fomento."
2009-11-21,281,1,BOE-A-2009-18507,COMUNITAT VALENCIANA,autonómico,Ley,98634,98636,"Ley 7/2009, de 22 de octubre, de reforma de los artículos 7 y 10 de la Ley 13/2004, de 27 de diciembre, de caza de la Comunitat Valenciana."
2009-11-23,282,1,BOE-A-2009-18565,MINISTERIO DE ASUNTOS EXTERIORES Y DE COOPERACIÓN,estatal,Tratado o acuerdo internacional,98809,98816,"Acuerdo sobre intercambio de información en materia tributaria entre el Reino de España y el Reino de los Países Bajos en nombre de Aruba, hecho en Madrid el 24 de noviembre de 2008."
2009-11-23,282,1,BOE-A-2009-18566,MINISTERIO DE ASUNTOS EXTERIORES Y DE COOPERACIÓN,estatal,Corrección,98817,98817,Corrección de errores del Convenio entre el Reino de España y la República Argelina Democrática y Popular en materia de seguridad y de lucha contra el terrorismo y la criminalidad organizada.
2009-11-23,282,1,BOE-A-2009-18567,MINISTERIO DE ECONOMÍA Y HACIENDA,estatal,Orden,98818,98874,"Orden EHA/3127/2009, de 10 de noviembre, por la que se aprueba el modelo 190 para la declaración del resumen anual de retenciones e ingresos a cuenta del Impuesto sobre la Renta de las Personas Físicas sobre rendimientos del trabajo y de actividades económicas, premios y determinadas ganancias patrimoniales e imputaciones de renta y se modifican las condiciones para la presentación por vía telemática de los modelos 111 y 117 por los obligados tributarios que tengan la consideración de grandes empresas, así como la hoja interior de relación de socios, herederos, comuneros o partícipes del modelo 184 y los diseños lógicos de los modelos 184 y 193."
2009-11-23,282,1,BOE-A-2009-18568,MINISTERIO DE ECONOMÍA Y HACIENDA,estatal,Resolución,98875,98876,"Resolución de 16 de noviembre de 2009, de la Presidencia de la Agencia Estatal de Administración Tributaria, por la que se suprime la Administración de Aduanas de Nonduermas y se crea la de Murcia-Carretera, en la Delegación Especial de Murcia."
2009-11-23,282,1,BOE-A-2009-18569,"MINISTERIO DE INDUSTRIA, TURISMO Y COMERCIO",estatal,Corrección,98877,98877,"Corrección de errores de la Orden ITC/2869/2009, de 21 de octubre, por la que se modifica la Orden PRE/3026/2003, de 30 de octubre, por la que se dictan normas de inspección y control para las Direcciones Regionales y Territoriales de Comercio."
2009-11-24,283,1,BOE-A-2009-18731,JEFATURA DEL ESTADO,estatal,Ley,99570,99593,"Ley 17/2009, de 23 de noviembre, sobre el libre acceso a las actividades de servicios y su ejercicio."
2009-11-24,283,1,BOE-A-2009-18732,JEFATURA DEL ESTADO,estatal,Ley,99594,99624,"Ley 18/2009, de 23 de noviembre, por la que se modifica el texto articulado de la Ley sobre Tráfico, Circulación de Vehículos a Motor y Seguridad Vial, aprobado por el Real Decreto Legislativo 339/1990, de 2 de marzo, en materia sancionadora."
2009-11-24,283,1,BOE-A-2009-18733,JEFATURA DEL ESTADO,estatal,Ley,99625,99633,"Ley 19/2009, de 23 de noviembre, de medidas de fomento y agilización procesal del alquiler y de la eficiencia energética de los edificios."
2009-11-24,283,1,BOE-A-2009-18734,MINISTERIO DE ASUNTOS EXTERIORES Y DE COOPERACIÓN,estatal,Tratado o acuerdo internacional,99634,99641,"Acuerdo sobre el intercambio de información en materia tributaria entre el Reino de España y el Reino de los Países Bajos en nombre de las Antillas Holandesas, hecho en Madrid el 10 de junio de 2008."
2009-11-24,283,1,BOE-A-2009-18735,"MINISTERIO DE MEDIO AMBIENTE, Y MEDIO RURAL Y MARINO",estatal,Orden,99642,99649,"Orden ARM/3145/2009, de 19 de noviembre, por la que se regula la implantación del registro y transmisión electrónicos de los datos de la actividad de los buques pesqueros españoles."
2009-11-24,283,1,BOE-A-2009-18736,MINISTERIO DE CULTURA,estatal,Orden,99650,99650,"Orden CUL/3146/2009, de 19 de noviembre, de corrección de errores de la Orden CUL/2834/2009, de 19 de octubre, por la que se dictan normas de aplicación del Real Decreto 2062/2008, de 12 de diciembre, por el que se desarrolla la Ley 55/2007, de 28 de diciembre, del Cine, en las materias de reconocimiento del coste de una película e inversión del productor, establecimiento de las bases reguladoras de las ayudas estatales y estructura del Registro Administrativo de Empresas Cinematográficas y Audiovisuales."
2009-11-24,283,1,BOE-A-2009-18737,COMUNIDAD AUTÓNOMA DE ARAGÓN,autonómico,Corrección,99651,99651,"Corrección de errores de la Ley 5/2009, de 30 de junio, de Servicios Sociales de Aragón."
2009-11-25,284,1,BOE-A-2009-18783,JEFATURA DEL ESTADO,estatal,Otras,99899,99917,"Instrumento de Ratificación del Protocolo sobre el agua y la salud al Convenio de 1992 sobre la protección y utilización de los cursos de agua transfronterizos y de los lagos internacionales, hecho en Londres 17 de junio de 1999."
2009-11-25,284,1,BOE-A-2009-18784,CORTES GENERALES,estatal,Resolución,99918,99918,"Resolución de 19 de noviembre de 2009, del Congreso de los Diputados, por la que se ordena la publicación del Acuerdo de convalidación del Real Decreto-ley 13/2009, de 26 de octubre, por el que se crea el Fondo Estatal para el Empleo y la Sostenibilidad Local."
2009-11-25,284,1,BOE-A-2009-18785,CORTES GENERALES,estatal,Otras,99919,99919,Reforma del Reglamento del Senado por la que se modifica el artículo 49 en su apartado 2.
2009-11-25,284,1,BOE-A-2009-18786,MINISTERIO DE ASUNTOS EXTERIORES Y DE COOPERACIÓN,estatal,Tratado o acuerdo internacional,99920,99927,"Acuerdo sobre la aplicación provisional de determinadas disposiciones del Protocolo nº 14 al Convenio para la protección de los Derechos Humanos y de las Libertades Fundamentales, por el que se modifica el mecanismo de control del Convenio."
2009-11-25,284,1,BOE-A-2009-18787,MINISTERIO DE EDUCACIÓN,estatal,Resolución,99928,99930,"Resolución de 28 de octubre de 2009, de la Secretaría General de Universidades, por la que se publica el Acuerdo de Consejo de Ministros, de 9 de octubre de 2009, por el que se establece el carácter oficial de determinados títulos de Grado y su inscripción en el Registro de Universidades, Centros y Títulos."
2009-11-25,284,1,BOE-A-2009-18788,MINISTERIO DE TRABAJO E INMIGRACIÓN,estatal,Resolución,99931,99934,"Resolución de 11 de noviembre de 2009, de la Intervención General de la Seguridad Social, por la que se dictan instrucciones en relación con la comprobación material de la inversión."
2009-11-25,284,1,BOE-A-2009-18789,MINISTERIO DE CIENCIA E INNOVACIÓN,estatal,Corrección,99935,99935,"Corrección de errores de la Orden CIN/3048/2009, de 6 de noviembre, por la que se crea la Comisión de Coordinación de Bibliotecas del Ministerio de Ciencia e Innovación y de los Organismos y Entidades vinculadas al mismo."
2009-11-26,285,1,BOE-A-2009-18825,JEFATURA DEL ESTADO,estatal,Otras,100005,100031,"Instrumento de Ratificación del Protocolo sobre registros de emisiones y transferencias de contaminantes, hecho en Kiev el 21 de mayo de 2003."
2009-11-26,285,1,BOE-A-2009-18826,MINISTERIO DE SANIDAD Y POLÍTICA SOCIAL,estatal,Orden,100032,100036,"Orden SAS/3160/2009, de 16 de noviembre, por la que se crea el Sistema Informático de Sanidad Exterior."
2009-11-27,286,1,BOE-A-2009-18898,JEFATURA DEL ESTADO,estatal,Otras,100309,100500,"Instrumento de Ratificación del Tratado por el que se modifican el Tratado de la Unión Europea y el Tratado Constitutivo de la Comunidad Europea, hecho en Lisboa el 13 de diciembre de 2007."
2009-11-27,286,1,BOE-A-2009-18899,CONSEJO GENERAL DEL PODER JUDICIAL,estatal,Resolución judicial,100501,100505,"Acuerdo de 19 de noviembre de 2009, del Pleno del Consejo General del Poder Judicial, por el que se modifica el Reglamento 1/1995, de 7 de junio, de la Carrera Judicial, en lo que se refiere a la inclusión de prórroga anual de los nombramientos de Magistrados suplentes y Jueces sustitutos."
2009-11-27,286,1,BOE-A-2009-18900,MINISTERIO DE ASUNTOS EXTERIORES Y DE COOPERACIÓN,estatal,Otras,100506,100512,"Segundo Protocolo establecido sobre la base del artículo K.3 del Tratado de la Unión Europea, del Convenio relativo a la protección de los intereses financieros de las Comunidades Europeas, hecho en Bruselas el 10 de junio de 1997."
2009-11-27,286,1,BOE-A-2009-18901,MINISTERIO DE POLÍTICA TERRITORIAL,estatal,Corrección,100513,100513,"Corrección de erratas del Real Decreto 1550/2009, de 9 de octubre, sobre ampliación de las funciones y servicios de la Administración del Estado traspasados a la Comunidad Autónoma de Canarias, en materia de conservación de la naturaleza (Parques Nacionales de Teide, Timanfaya, Caldera de Taburiente y Garajonay)."
2009-11-27,286,1,BOE-A-2009-18902,MINISTERIO DE SANIDAD Y POLÍTICA SOCIAL,estatal,Orden,100514,100523,"Orden SAS/3166/2009, de 16 de noviembre, por la que se sustituyen los anexos del Real Decreto 65/2006, de 30 de enero, por el que se establecen requisitos para la importación y exportación de muestras biológicas."
2009-11-28,287,1,BOE-A-2009-18972,MINISTERIO DE ECONOMÍA Y HACIENDA,estatal,Real Decreto,100871,100872,"Real Decreto 1819/2009, de 27 de noviembre, por el que se modifica el Real Decreto 948/2001, de 3 de agosto, sobre sistemas de indemnización de los inversores."
2009-11-28,287,1,BOE-A-2009-18973,MINISTERIO DE ECONOMÍA Y HACIENDA,estatal,Resolución,100873,100876,"Resolución de 27 de noviembre de 2009, de la Presidencia del Comisionado para el Mercado de Tabacos, por la que se publican los precios de venta al público de determinadas labores de tabaco en Expendedurías de Tabaco y Timbre del Área del Monopolio."
2009-11-28,287,1,BOE-A-2009-18974,"MINISTERIO DE MEDIO AMBIENTE, Y MEDIO RURAL Y MARINO",estatal,Real Decreto,100877,100885,"Real Decreto 1823/2009, de 27 de noviembre, por el que se regula la concesión directa de una subvención a las comunidades autónomas para la ejecución urgente de actuaciones para el cumplimiento de la legislación de vertederos, incluyendo la clausura de vertederos ilegales y la captación de biogás en vertederos, y otras actuaciones complementarias."
2009-11-28,287,1,BOE-A-2009-18975,"MINISTERIO DE MEDIO AMBIENTE, Y MEDIO RURAL Y MARINO",estatal,Orden,100886,100888,"Orden ARM/3196/2009, de 26 de noviembre, por la que se modifican los anexos II a V del Real Decreto 58/2005, de 21 de enero, por el que se adoptan medidas de protección contra la introducción y difusión en el territorio nacional y de la comunidad europea de organismos nocivos para los vegetales o productos vegetales, así como para la exportación y tránsito hacia países terceros."
2009-11-28,287,1,BOE-A-2009-18976,MINISTERIO DE LA PRESIDENCIA,estatal,Real Decreto,100889,100891,"Real Decreto 1824/2009, de 27 de noviembre, por el que se modifica el Real Decreto 1040/2009, de 29 de junio, por el que se desarrolla la estructura orgánica básica del Ministerio de Política Territorial y se modifica el Real Decreto 438/2008, de 14 de abril, por el que se aprueba la estructura orgánica básica de los departamentos ministeriales."
2009-11-28,287,1,BOE-A-2009-18977,MINISTERIO DE LA PRESIDENCIA,estatal,Real Decreto,100892,100900,"Real Decreto 1825/2009, de 27 de noviembre, por el que se aprueba el Estatuto de la Organización Nacional de Trasplantes."
2009-11-28,287,1,BOE-A-2009-18978,MINISTERIO DE VIVIENDA,estatal,Real Decreto,100901,100903,"Real Decreto 1639/2009, de 30 de octubre, por el que se modifican los Estatutos Generales del Consejo General y de los Colegios Oficiales de Aparejadores y Arquitectos Técnicos, aprobados por Real Decreto 1471/1977, de 13 de mayo."
2009-11-30,288,1,BOE-A-2009-19035,MINISTERIO DE ASUNTOS EXTERIORES Y DE COOPERACIÓN,estatal,Tratado o acuerdo internacional,101193,101194,"Aplicación provisional del Protocolo entre el Gobierno del Reino de España y el Gobierno de la República de Belarús por el que se introducen enmiendas en el Acuerdo entre el Gobierno del Reino de España y el Gobierno de la República de Belarús sobre las condiciones de la mejora de la salud de menores nacionales de la República de Belarús en el Reino de España, de 1 de junio de 2009, hecho en Minsk el 24 de septiembre de 2009."
2009-11-30,288,1,BOE-A-2009-19036,MINISTERIO DEL INTERIOR,estatal,Resolución,101195,101195,"Resolución de 19 de octubre de 2009, de la Dirección General de Tráfico, por la que se deja sin efecto una condición de circulación, contemplada en la Resolución de 2 de febrero de 2009, por la que se establecen medidas especiales de regulación del tráfico durante el año 2009."
2009-11-30,288,1,BOE-A-2009-19037,MINISTERIO DE TRABAJO E INMIGRACIÓN,estatal,Real Decreto,101196,101216,"Real Decreto 1678/2009, de 13 de noviembre, por el que se establecen medidas para facilitar la adaptación laboral del sector del juguete a los cambios estructurales en el comercio mundial."
2009-11-30,288,1,BOE-A-2009-19038,MINISTERIO DE TRABAJO E INMIGRACIÓN,estatal,Real Decreto,101217,101235,"Real Decreto 1679/2009, de 13 de noviembre, por el que se establecen medidas para facilitar la adaptación laboral del sector del mueble a los cambios estructurales en el comercio mundial."
2009-11-30,288,1,BOE-A-2009-19039,MINISTERIO DE TRABAJO E INMIGRACIÓN,estatal,Orden,101236,101239,"Orden TIN/3206/2009, de 25 de noviembre, por la que se regulan las operaciones de cierre del ejercicio 2009, para las entidades que integran el sistema de la Seguridad Social."
2009-11-30,288,1,BOE-A-2009-19040,"MINISTERIO DE INDUSTRIA, TURISMO Y COMERCIO",estatal,Resolución,101240,101334,"Resolución de 16 de noviembre de 2009, de la Secretaría de Estado de Energía, por la que se aprueban los procedimientos de operación del sistema 10.4, 10.5, 10.6, 10.7, 10.8 y 10.11 para su adaptación a la nueva normativa eléctrica."
2009-12-01,289,1,BOE-A-2009-19145,MINISTERIO DE ASUNTOS EXTERIORES Y DE COOPERACIÓN,estatal,Tratado o acuerdo internacional,102033,102038,"Aplicación provisional del Canje de Notas constitutivo de Acuerdo entre el Reino de España y las Naciones Unidas relativo a la celebracion del taller sobre el fortalecimiento de la cooperación internacional en materia penal en asuntos de terrorismo entre los estados miembros de la CEDEAO: Consolidación de los instrumentos bilaterales regionales e internacionales en materia de extradición y asistencia judicial recíproca, hecho en Viena el 5 y 12 de junio de 2009."
2009-12-01,289,1,BOE-A-2009-19146,MINISTERIO DE JUSTICIA,estatal,Orden,102039,102041,"Orden JUS/3228/2009, de 18 de noviembre, por la que se dispone que los Juzgados de Primera Instancia e Instrucción del partido judicial de Illescas (Toledo) sean servidos por Magistrados."
2009-12-01,289,1,BOE-A-2009-19147,MINISTERIO DE EDUCACIÓN,estatal,Real Decreto,102042,102091,"Real Decreto 1630/2009, de 30 de octubre, por el que se establece el título de Técnico Superior en Diseño en Fabricación Mecánica y se fijan sus enseñanzas mínimas."
2009-12-01,289,1,BOE-A-2009-19148,MINISTERIO DE EDUCACIÓN,estatal,Real Decreto,102092,102150,"Real Decreto 1631/2009, de 30 de octubre, por el que se establece el título de Técnico en Gestión Administrativa y se fijan sus enseñanzas mínimas."
2009-12-01,289,1,BOE-A-2009-19149,MINISTERIO DE EDUCACIÓN,estatal,Real Decreto,102151,102213,"Real Decreto 1634/2009, de 30 de octubre, por el que se establece el título de Técnico en Producción Agropecuaria y se fijan sus enseñanzas mínimas."
2009-12-02,290,1,BOE-A-2009-19264,MINISTERIO DE ASUNTOS EXTERIORES Y DE COOPERACIÓN,estatal,Tratado o acuerdo internacional,102737,102741,"Convenio entre el Reino de España y la República de Turquía en materia de cooperación en la lucha contra la delincuencia, hecho ""ad referendum"" en Estambul el 5 de abril de 2009."
2009-12-02,290,1,BOE-A-2009-19265,"MINISTERIO DE INDUSTRIA, TURISMO Y COMERCIO",estatal,Orden,102742,102744,"Orden ITC/3259/2009, de 26 de noviembre, por la que se modifica la Orden ITC/2581/2006, de 28 de julio, por la que se definen los patrones nacionales de las unidades derivadas, del sistema internacional de unidades, de capacidad eléctrica, concentración de ozono en aire, flujo luminoso, impedancia en alta frecuencia, par de torsión, potencia en alta frecuencia, resistencia eléctrica, ruido electromagnético en alta frecuencia, tensión eléctrica, actividad (de un radionucleido), kerma (rayos X y gamma), dosis absorbida, ángulo plano, densidad de sólidos, fuerza, presión, volumen, atenuación en alta frecuencia, humedad e intervalo de medida de alta tensión eléctrica (superior a 1.000 V)."
2009-12-02,290,1,BOE-A-2009-19266,MINISTERIO DE LA PRESIDENCIA,estatal,Real Decreto,102745,102745,"Real Decreto 1788/2009, de 20 de noviembre, por el que se modifica el Estatuto de la Agencia Estatal Boletín Oficial del Estado, aprobado por Real Decreto 1495/2007, de 12 de noviembre."
2009-12-02,290,1,BOE-A-2009-19267,MINISTERIO DE CIENCIA E INNOVACIÓN,estatal,Real Decreto,102746,102751,"Real Decreto 1828/2009, de 27 de noviembre, por el que se establecen las normas reguladoras de la subvención de concesión directa a la entidad Fundació Parc Científic de Barcelona para la ejecución de la primera fase del proyecto ""Centro de Secuenciación Molecular""."
2009-12-03,291,1,BOE-A-2009-19300,JEFATURA DEL ESTADO,estatal,Otras,102797,102811,"Instrumento de Ratificación del Convenio sobre reconocimiento de cualificaciones relativas a la educación superior en la Región Europea (número 165 del Consejo de Europa), hecho en Lisboa el 11 de abril de 1997."
2009-12-03,291,1,BOE-A-2009-19301,MINISTERIO DE ASUNTOS EXTERIORES Y DE COOPERACIÓN,estatal,Corrección,102812,102812,"Corrección de errores del Acuerdo para la protección de materias clasificadas entre el Reino de España y la República Portuguesa, hecho en Madrid el 10 de enero de 2008."
2009-12-03,291,1,BOE-A-2009-19302,MINISTERIO DE JUSTICIA,estatal,Real Decreto,102813,102842,"Real Decreto 1675/2009, de 13 de noviembre, por el que se establece la plantilla orgánica del Ministerio Fiscal para el año 2009."
2009-12-03,291,1,BOE-A-2009-19303,"MINISTERIO DE INDUSTRIA, TURISMO Y COMERCIO",estatal,Resolución,102843,102847,"Resolución de 30 de noviembre de 2009, de la Dirección General de Política Energética y Minas, por la que se aprueba el Plan de Actuación Invernal para la operación del sistema gasista."
2009-12-04,292,1,BOE-A-2009-19438,MINISTERIO DE ECONOMÍA Y HACIENDA,estatal,Real Decreto,103257,103269,"Real Decreto 1676/2009, de 13 de noviembre, por el que se regula el Consejo para la Defensa del Contribuyente."
2009-12-04,292,1,BOE-A-2009-19439,MINISTERIO DE EDUCACIÓN,estatal,Real Decreto,103270,103279,"Real Decreto 1677/2009, de 13 de noviembre, por el que se aprueba el Reglamento del Consejo de Universidades."
2009-12-04,292,1,BOE-A-2009-19440,MINISTERIO DE EDUCACIÓN,estatal,Orden,103280,103282,"Orden EDU/3274/2009, de 30 de noviembre, por la que se crea la Comisión Calificadora de Documentos Administrativos del Ministerio de Educación, y se regula su organización y funcionamiento."
2009-12-04,292,1,BOE-A-2009-19441,COMUNIDAD FORAL DE NAVARRA,autonómico,Ley,103283,103285,"Ley Foral 11/2009, de 30 de octubre, de atención y apoyo a personas afectadas por catástrofes producidas por inundaciones, fuertes vientos y otros fenómenos naturales en la Comunidad Foral de Navarra."
2009-12-05,293,1,BOE-A-2009-19561,JEFATURA DEL ESTADO,estatal,Ley,103527,103528,"Ley 20/2009, de 4 de diciembre, de creación del Consejo General de Colegios Oficiales de Ingeniería en Informática."
2009-12-05,293,1,BOE-A-2009-19562,JEFATURA DEL ESTADO,estatal,Ley,103529,103531,"Ley 21/2009, de 4 de diciembre, de creación del Consejo General de Colegios Oficiales de Ingeniería Técnica en Informática."
2009-12-05,293,1,BOE-A-2009-19563,JEFATURA DEL ESTADO,estatal,Real Decreto-ley,103532,103544,"Real Decreto-ley 14/2009, de 4 de diciembre, por el que se adoptan medidas urgentes para paliar los efectos producidos por la sequía en determinadas cuencas hidrográficas."
2009-12-05,293,1,BOE-A-2009-19564,MINISTERIO DEL INTERIOR,estatal,Real Decreto,103545,103547,"Real Decreto 1849/2009, de 4 de diciembre, por el que se modifica el Real Decreto 515/2005, de 6 de mayo, que establece las circunstancias de ejecución de las penas de trabajos en beneficio de la comunidad y de localización permanente, de determinadas medidas de seguridad, así como de la suspensión de la ejecución de las penas privativas de libertad."
2009-12-05,293,1,BOE-A-2009-19565,MINISTERIO DE LA PRESIDENCIA,estatal,Real Decreto,103548,103549,"Real Decreto 1854/2009, de 4 de diciembre, por el que se modifica el Real Decreto 1129/2008, de 4 de julio, por el que se desarrolla la estructura orgánica básica del Ministerio de Trabajo e Inmigración, y el Real Decreto 438/2008, de 14 de abril, por el que se aprueba la estructura orgánica básica de los departamentos ministeriales."
2009-12-05,293,1,BOE-A-2009-19566,MINISTERIO DE LA PRESIDENCIA,estatal,Orden,103550,103551,"Orden PRE/3279/2009, de 4 de diciembre, por la que se dispone la publicación de la Declaración Institucional de reconocimiento a miembros de las Fuerzas Armadas en la transición a la democracia con especial mención a la Unión Militar Democrática (UMD)."
2009-12-05,293,1,BOE-A-2009-19567,TRIBUNAL SUPREMO,estatal,Resolución judicial,103552,103552,"Sentencia de 21 de octubre de 2009, de la Sala Tercera del Tribunal Supremo, por la que se anula la disposición adicional única del Real Decreto 1767/2007, de 28 de diciembre, por el que se determinan los valores a aplicar en el año 2008 para la financiación de los costes correspondientes a la gestión de los residuos radiactivos y del combustible gastado, y al desmantelamiento y clausura de instalaciones."
2009-12-07,294,1,BOE-A-2009-19669,JEFATURA DEL ESTADO,estatal,Otras,103797,103812,"Instrumento de Ratificación del Acuerdo sobre Privilegios e Inmunidades de la Corte Penal Internacional, hecho en Nueva York 9 de septiembre de 2002."
2009-12-07,294,1,BOE-A-2009-19670,MINISTERIO DE ECONOMÍA Y HACIENDA,estatal,Real Decreto,103813,103821,"Real Decreto 1817/2009, de 27 de noviembre, por el que se modifican el Real Decreto 1245/1995, de 14 de julio, sobre creación de bancos, actividad transfronteriza y otras cuestiones relativas al régimen jurídico de las entidades de crédito y el Real Decreto 692/1996, de 26 de abril, sobre el régimen jurídico de los establecimientos financieros de crédito."
2009-12-07,294,1,BOE-A-2009-19671,MINISTERIO DE ECONOMÍA Y HACIENDA,estatal,Real Decreto,103822,103828,"Real Decreto 1818/2009, de 27 de noviembre, por el que se modifica el Reglamento de la Ley 35/2003, de 4 de noviembre, de Instituciones de Inversión Colectiva, aprobado por el Real Decreto 1309/2005, de 4 de noviembre."
2009-12-07,294,1,BOE-A-2009-19672,MINISTERIO DE ECONOMÍA Y HACIENDA,estatal,Real Decreto,103829,103838,"Real Decreto 1820/2009, de 27 de noviembre, por el que se modifican el Real Decreto 361/2007, de 16 de marzo, por el que se desarrolla la Ley 24/1988, de 28 de julio, del Mercado de Valores, en materia de la participación en el capital de las sociedades que gestionan mercados secundarios de valores y sociedades que administren sistemas de registro, compensación y liquidación de valores y el Real Decreto 217/2008, de 15 de febrero, sobre el régimen jurídico de las empresas de servicios de inversión y de las demás entidades que prestan servicios de inversión y por el que se modifica parcialmente el Reglamento de la Ley 35/2003, de 4 de noviembre, de instituciones de inversión colectiva, aprobado por el Real Decreto 1309/2005, de 4 de noviembre."
2009-12-07,294,1,BOE-A-2009-19673,MINISTERIO DE ECONOMÍA Y HACIENDA,estatal,Real Decreto,103839,103845,"Real Decreto 1821/2009, de 27 de noviembre, por el que se modifica el Reglamento de ordenación y supervisión de los seguros privados, aprobado por el Real Decreto 2486/1998, de 20 de noviembre, en materia de participaciones significativas."
2009-12-07,294,1,BOE-A-2009-19674,MINISTERIO DE TRABAJO E INMIGRACIÓN,estatal,Resolución,103846,103875,"Resolución de 15 de octubre de 2009, conjunta de la Intervención General de la Seguridad Social, el Instituto Nacional de la Seguridad Social, el Instituto Nacional de Gestión Sanitaria, el Instituto de Mayores y Servicios Sociales, el Instituto Social de la Marina y la Tesorería General de la Seguridad Social, por la que se dictan instrucciones sobre el procedimiento de gestión y contable de compromisos de gasto de carácter plurianual para las entidades gestoras, Tesorería General e Intervención General de la Seguridad Social, y su inclusión en el Sistema de Información Contable de la Seguridad Social."
2009-12-08,295,1,BOE-A-2009-19767,MINISTERIO DE ASUNTOS EXTERIORES Y DE COOPERACIÓN,estatal,Tratado o acuerdo internacional,104131,104152,"Convenio entre el Reino de España y la República de Trinidad y Tobago para evitar la doble imposición y prevenir la evasión fiscal en materia de impuestos sobre la renta, y Protocolo, hecho en Puerto España el 17 de febrero de 2009."
2009-12-08,295,1,BOE-A-2009-19768,"MINISTERIO DE INDUSTRIA, TURISMO Y COMERCIO",estatal,Real Decreto,104153,104158,"Real Decreto 1786/2009, de 20 de noviembre, por el que se regula la iniciativa de apoyo financiero a la modernización y mejora del comercio interior."
2009-12-08,295,1,BOE-A-2009-19769,MINISTERIO DE SANIDAD Y POLÍTICA SOCIAL,estatal,Orden,104159,104163,"Orden SAS/3292/2009, de 27 de noviembre, por la que se modifica el anexo III del Real Decreto 1599/1997, de 17 de octubre, sobre productos cosméticos."
2009-12-08,295,1,BOE-A-2009-19770,COMISIÓN NACIONAL DEL MERCADO DE VALORES,estatal,Instrucción o circular,104164,104183,"Circular 5/2009, de 25 de noviembre, de la Comisión Nacional del Mercado de Valores, que regula el Informe Anual del Auditor sobre Protección de Activos de Clientes."
2009-12-09,296,1,BOE-A-2009-19836,MINISTERIO DE ASUNTOS EXTERIORES Y DE COOPERACIÓN,estatal,Tratado o acuerdo internacional,104366,104367,"Aplicación provisional del Acuerdo entre el Reino de España y el Estado Plurinacional de Bolivia sobre supresión recíproca de visados en pasaportes diplomáticos y oficiales o de servicio, hecho en Madrid el 15 de septiembre de 2009."
2009-12-09,296,1,BOE-A-2009-19837,MINISTERIO DE LA PRESIDENCIA,estatal,Resolución,104368,104369,"Resolución de 26 de noviembre de 2009, de la Secretaría de Estado para la Función Pública, por la que se establece el calendario de días inhábiles en el ámbito de la Administración General del Estado para el año 2010, a efectos de cómputo de plazo."
2009-12-10,297,1,BOE-A-2009-19876,JEFATURA DEL ESTADO,estatal,Otras,104503,104503,"Instrumento de aprobación de la retirada de la reserva a la totalidad del artículo IX (Jurisdicción del Tribunal Internacional de Justicia) formulada por el Estado español al depositar el Instrumento de adhesión al Convenio para la prevención y la sanción del delito de genocidio, Nueva York, 9 de diciembre de 1948 (publicado en el ""Boletín Oficial del Estado"" de 8 de febrero de 1969 y 18 de septiembre de 1985)."
2009-12-11,298,1,BOE-A-2009-19912,MINISTERIO DE ASUNTOS EXTERIORES Y DE COOPERACIÓN,estatal,Tratado o acuerdo internacional,104682,104686,"Acuerdo de modificación del Convenio Internacional relativo a la constitución de un mercado ibérico de la energía eléctrica entre el Reino de España y la República Portuguesa, de 1 de octubre de 2004, hecho en Braga el 18 de enero de 2008."
2009-12-11,298,1,BOE-A-2009-19913,"MINISTERIO DE INDUSTRIA, TURISMO Y COMERCIO",estatal,Resolución,104687,104922,"Resolución de 27 de noviembre de 2009, de la Dirección General de Política Energética y Minas, por la que se aprueba el perfil de consumo y el método de cálculo a efectos de liquidación de energía, aplicables para aquellos consumidores tipo 4 y tipo 5 que no dispongan de registro horario de consumo, así como aquellos que han pasado de ser tipo 4 a tipo 3, según el Real Decreto 1110/2007, de 24 de agosto, por el que se aprueba el Reglamento Unificado de Puntos de Medida del Sistema Eléctrico, para el año 2010."
2009-12-11,298,1,BOE-A-2009-19914,"MINISTERIO DE MEDIO AMBIENTE, Y MEDIO RURAL Y MARINO",estatal,Orden,104923,104923,"Orden ARM/3313/2009, de 27 de noviembre, por la que se fija para el año 2010 la renta de referencia."
2009-12-11,298,1,BOE-A-2009-19915,MINISTERIO DE LA PRESIDENCIA,estatal,Real Decreto,104924,104927,"Real Decreto 1826/2009, de 27 de noviembre, por el que se modifica el Reglamento de instalaciones térmicas en los edificios, aprobado por Real Decreto 1027/2007, de 20 de julio."
2009-12-12,299,1,BOE-A-2009-19949,JEFATURA DEL ESTADO,estatal,Ley Orgánica,104986,105031,"Ley Orgánica 2/2009, de 11 de diciembre, de reforma de la Ley Orgánica 4/2000, de 11 de enero, sobre derechos y libertades de los extranjeros en España y su integración social."
2009-12-12,299,1,BOE-A-2009-19950,MINISTERIO DE ECONOMÍA Y HACIENDA,estatal,Orden,105032,105033,"Orden EHA/3319/2009, de 10 de diciembre, por la que se modifica la Orden EHA/3364/2008, de 21 de noviembre, por la que se desarrolla el artículo 1 del Real Decreto-ley 7/2008, de 13 de octubre, de Medidas Urgentes en Materia Económico-Financiera en relación con el Plan de Acción Concertada de los Países de la Zona Euro."
2009-12-12,299,1,BOE-A-2009-19951,MINISTERIO DE TRABAJO E INMIGRACIÓN,estatal,Orden,105034,105035,"Orden TIN/3320/2009, de 2 de diciembre, por la que se crea la caja pagadora en la Sección de Trabajo e Inmigración de la Misión Diplomática Permanente de España en Costa Rica."
2009-12-14,300,1,BOE-A-2009-19997,MINISTERIO DE ASUNTOS EXTERIORES Y DE COOPERACIÓN,estatal,Tratado o acuerdo internacional,105449,105452,"Acuerdo entre el Reino de España y la República Federativa de Brasil relativo al establecimiento y funcionamiento de Centros Culturales, hecho ad referendum en Madrid el 17 de septiembre de 2007."
2009-12-14,300,1,BOE-A-2009-19998,"MINISTERIO DE INDUSTRIA, TURISMO Y COMERCIO",estatal,Resolución,105453,105454,"Resolución de 11 de diciembre de 2009, de la Dirección General de Política Energética y Minas, por la que se hacen públicos los nuevos precios de venta, antes de impuestos, de los gases licuados del petróleo por canalización."
2009-12-15,301,1,BOE-A-2009-20067,JEFATURA DEL ESTADO,estatal,Corrección,105737,105737,"Corrección de errores del Real Decreto-ley 14/2009, de 4 de diciembre, por el que se adoptan medidas urgentes para paliar los efectos producidos por la sequía en determinadas cuencas hidrográficas."
2009-12-15,301,1,BOE-A-2009-20068,MINISTERIO DE ASUNTOS EXTERIORES Y DE COOPERACIÓN,estatal,Orden,105738,105738,"Orden AEC/3349/2009, de 18 de noviembre, por la que se suprime el Consulado Honorario de España en Tallín (Estonia)."
2009-12-15,301,1,BOE-A-2009-20069,MINISTERIO DE ASUNTOS EXTERIORES Y DE COOPERACIÓN,estatal,Orden,105739,105739,"Orden AEC/3350/2009, de 26 de noviembre, por la que se modifica la Orden AEC/1416/2009, de 22 de mayo, por la que se crea una Oficina Consular Honoraria de España en la Isla de San Martín."
2009-12-15,301,1,BOE-A-2009-20070,MINISTERIO DE SANIDAD Y POLÍTICA SOCIAL,estatal,Orden,105740,105742,"Orden SAS/3351/2009, de 10 de diciembre, por la que se actualiza el anexo III del Real Decreto 1207/2006, de 20 de octubre, por el que se regula la gestión del Fondo de cohesión sanitaria."
2009-12-15,301,1,BOE-A-2009-20071,COMUNITAT VALENCIANA,autonómico,Ley,105743,105746,"Ley 8/2009, de 4 de noviembre, de modificación de la Ley 10/2007, de 20 de marzo, de Régimen Económico Matrimonial Valenciano."
2009-12-15,301,1,BOE-A-2009-20072,COMUNITAT VALENCIANA,autonómico,Ley,105747,105772,"Ley 9/2009, de 20 de noviembre, de accesibilidad universal al sistema de transportes de la Comunitat Valenciana."
2009-12-15,301,1,BOE-A-2009-20073,COMUNITAT VALENCIANA,autonómico,Ley,105773,105779,"Ley 10/2009, de 20 de noviembre, de creación del Comité Valenciano para los Asuntos Europeos."
2009-12-15,301,1,BOE-A-2009-20074,COMUNITAT VALENCIANA,autonómico,Ley,105780,105788,"Ley 11/2009, de 20 de noviembre, de ciudadanía corporativa."
2009-12-15,301,1,BOE-A-2009-20075,COMUNIDAD DE CASTILLA Y LEÓN,autonómico,Ley,105789,105790,"Ley 9/2009, de 25 de noviembre, de concesión de un crédito extraordinario para financiar la ""Campaña General de Respuesta de los Servicios Sanitarios frente a la Pandemia de Gripe""."
2009-12-16,302,1,BOE-A-2009-20156,MINISTERIO DE FOMENTO,estatal,Orden,106070,106296,"Orden FOM/3376/2009, de 26 de noviembre, por la que se modifica la Orden de 21 de marzo de 2000, por la que se adoptan los requisitos conjuntos de aviación para las licencias de la tripulación de vuelo relativos a las condiciones para el ejercicio de las funciones de los pilotos de los aviones civiles."
2009-12-16,302,1,BOE-A-2009-20157,MINISTERIO DE EDUCACIÓN,estatal,Orden,106297,106316,"Orden EDU/3377/2009, de 7 de diciembre, por la que se establecen los currículos y las pruebas correspondientes a los cursos especializados para el perfeccionamiento de competencias en idiomas de niveles C1 y C2 del Consejo de Europa impartidos en las Escuelas Oficiales de Idiomas de Ceuta y de Melilla."
2009-12-16,302,1,BOE-A-2009-20158,MINISTERIO DE LA PRESIDENCIA,estatal,Real Decreto,106317,106320,"Real Decreto 1853/2009, de 4 de diciembre, por el que se modifica el Real Decreto 177/2004, de 30 de enero, por el que se determina la composición, funcionamiento y funciones de la Comisión de protección patrimonial de las personas con discapacidad."
2009-12-16,302,1,BOE-A-2009-20159,MINISTERIO DE CULTURA,estatal,Real Decreto,106321,106324,"Real Decreto 1790/2009, de 20 de noviembre, por el que se crea y regula la Comisión Nacional para la conmemoración del centenario del nacimiento de Miguel Hernández."
2009-12-16,302,1,BOE-A-2009-20160,MINISTERIO DE IGUALDAD,estatal,Real Decreto,106325,106331,"Real Decreto 1791/2009, de 20 de noviembre, por el que se regula el régimen de funcionamiento, competencias y composición del Consejo de Participación de la Mujer."
2009-12-17,303,1,BOE-A-2009-20209,MINISTERIO DE DEFENSA,estatal,Orden,106442,106451,"Orden DEF/3385/2009, de 10 de diciembre, sobre enfermedades de declaración obligatoria en el ámbito de las Fuerzas Armadas."
2009-12-17,303,1,BOE-A-2009-20210,MINISTERIO DE CULTURA,estatal,Real Decreto,106452,106454,"Real Decreto 1921/2009, de 11 de diciembre, por el que se regula la concesión de una subvención directa del Instituto de la Cinematografía y de las Artes Audiovisuales a la Sociedad de Garantía Recíproca ""Audiovisual Aval S.G.R."""
2009-12-18,304,1,BOE-A-2009-20289,TRIBUNAL CONSTITUCIONAL,estatal,Resolución judicial,106629,106629,"Cuestión de inconstitucionalidad número 7686-2009, en relación con el artículo 32 j) de la Ley del Parlamento Vasco 4/1995, de 10 de noviembre, de Espectáculos Públicos y Actividades Recreativas."
2009-12-18,304,1,BOE-A-2009-20290,TRIBUNAL CONSTITUCIONAL,estatal,Resolución judicial,106630,106630,"Cuestión de inconstitucionalidad número 7929-2009, en relación con el artículo 100.1.a) del Decreto Legislativo 3/2002, de 24 de diciembre, de la Generalidad de Cataluña, por la que se aprueba el Texto Refundido de la Ley de Finanzas Públicas de Cataluña."
2009-12-18,304,1,BOE-A-2009-20291,MINISTERIO DE ASUNTOS EXTERIORES Y DE COOPERACIÓN,estatal,Real Decreto,106631,106634,"Real Decreto 1911/2009, de 11 de diciembre, por el que se regula la concesión directa de una subvención a la organización internacional no gubernamental ""Bread for the world""."
2009-12-18,304,1,BOE-A-2009-20292,MINISTERIO DE ASUNTOS EXTERIORES Y DE COOPERACIÓN,estatal,Real Decreto,106635,106638,"Real Decreto 1912/2009, de 11 de diciembre, por el que se regula la concesión directa de una subvención a la Fundación ""Asia-Europe Foundation""."
2009-12-18,304,1,BOE-A-2009-20293,MINISTERIO DE ASUNTOS EXTERIORES Y DE COOPERACIÓN,estatal,Real Decreto,106639,106642,"Real Decreto 1913/2009, de 11 de diciembre, por el que se regula la concesión directa de una subvención al ""International Peace Institute""."
2009-12-18,304,1,BOE-A-2009-20294,MINISTERIO DE ASUNTOS EXTERIORES Y DE COOPERACIÓN,estatal,Real Decreto,106643,106646,"Real Decreto 1914/2009, de 11 de diciembre, por el que se regula la concesión directa de una subvención al Instituto ""Pax Africa""."
2009-12-18,304,1,BOE-A-2009-20295,MINISTERIO DE ASUNTOS EXTERIORES Y DE COOPERACIÓN,estatal,Real Decreto,106647,106650,"Real Decreto 1915/2009, de 11 de diciembre, por el que se regula la concesión directa de una subvención a la organización ""Ensemble contre la peine de mort""."
2009-12-18,304,1,BOE-A-2009-20296,MINISTERIO DE ASUNTOS EXTERIORES Y DE COOPERACIÓN,estatal,Real Decreto,106651,106654,"Real Decreto 1916/2009, de 11 de diciembre, por el que se regula la concesión directa de una subvención a la Fundación ""Martin Ennals""."
2009-12-18,304,1,BOE-A-2009-20297,MINISTERIO DE DEFENSA,estatal,Orden,106655,106657,"Orden DEF/3398/2009, de 10 de diciembre, por la que se regulan las Comisiones Presupuestarias del Ministerio de Defensa."
2009-12-18,304,1,BOE-A-2009-20298,MINISTERIO DE DEFENSA,estatal,Orden,106658,106664,"Orden DEF/3399/2009, de 10 de diciembre, por la que se aprueba el Reglamento del Servicio de Investigación Operativa del Ministerio de Defensa."
2009-12-19,305,1,BOE-A-2009-20374,JEFATURA DEL ESTADO,estatal,Ley Orgánica,107077,107085,"Ley Orgánica 3/2009, de 18 de diciembre, de modificación de la Ley Orgánica 8/1980, de 22 de septiembre, de Financiación de las Comunidades Autónomas."
2009-12-19,305,1,BOE-A-2009-20375,JEFATURA DEL ESTADO,estatal,Ley,107086,107155,"Ley 22/2009, de 18 de diciembre, por la que se regula el sistema de financiación de las Comunidades Autónomas de régimen común y Ciudades con Estatuto de Autonomía y se modifican determinadas normas tributarias."
2009-12-19,305,1,BOE-A-2009-20376,JEFATURA DEL ESTADO,estatal,Ley,107156,107157,"Ley 23/2009, de 18 de diciembre, de modificación de la Ley 22/2001, de 27 de diciembre, reguladora de los Fondos de Compensación Interterritorial."
2009-12-19,305,1,BOE-A-2009-20377,MINISTERIO DE ASUNTOS EXTERIORES Y DE COOPERACIÓN,estatal,Real Decreto,107158,107162,"Real Decreto 1945/2009, de 18 de diciembre, por el que se regula la concesión directa de una subvención a la Organización de Estados Americanos."
2009-12-19,305,1,BOE-A-2009-20378,MINISTERIO DE ASUNTOS EXTERIORES Y DE COOPERACIÓN,estatal,Real Decreto,107163,107166,"Real Decreto 1946/2009, de 18 de diciembre, por el que se regula la concesión directa de una subvención a la Comunidad del Caribe."
2009-12-19,305,1,BOE-A-2009-20379,MINISTERIO DE ASUNTOS EXTERIORES Y DE COOPERACIÓN,estatal,Real Decreto,107167,107170,"Real Decreto 1947/2009, de 18 de diciembre, por el que se regula la concesión directa de una subvención al Centro Africano de Estudios e Investigación sobre Terrorismo de la Unión Africana."
2009-12-19,305,1,BOE-A-2009-20380,MINISTERIO DE ASUNTOS EXTERIORES Y DE COOPERACIÓN,estatal,Real Decreto,107171,107174,"Real Decreto 1948/2009, de 18 de diciembre, por el que se regula la concesión directa de una subvención a la Autoridad Intergubernamental para el Desarrollo."
2009-12-19,305,1,BOE-A-2009-20381,MINISTERIO DE ASUNTOS EXTERIORES Y DE COOPERACIÓN,estatal,Real Decreto,107175,107178,"Real Decreto 1949/2009, de 18 de diciembre, de subvención directa a la Generalidad de Cataluña para el amueblamiento básico de la sede del Secretariado de la Unión por el Mediterráneo."
2009-12-19,305,1,BOE-A-2009-20382,MINISTERIO DE ASUNTOS EXTERIORES Y DE COOPERACIÓN,estatal,Real Decreto,107179,107183,"Real Decreto 1950/2009, de 18 de diciembre, por el que se regula la concesión directa de una subvención a la Organización de Estados del Caribe Oriental."
2009-12-19,305,1,BOE-A-2009-20383,MINISTERIO DE JUSTICIA,estatal,Real Decreto,107184,107186,"Real Decreto 1951/2009, de 18 de diciembre, por el que se establece la separación de juzgados de primera instancia y juzgados de instrucción en el partido judicial de Denia (Alicante)."
2009-12-19,305,1,BOE-A-2009-20384,MINISTERIO DE ECONOMÍA Y HACIENDA,estatal,Orden,107187,107193,"Orden EHA/3408/2009, de 17 de diciembre, por la que se crean sedes electrónicas en el Ministerio de Economía y Hacienda."
2009-12-19,305,1,BOE-A-2009-20385,MINISTERIO DE LA PRESIDENCIA,estatal,Real Decreto,107194,107195,"Real Decreto 1954/2009, de 18 de diciembre, por el que se modifica el Reglamento del Instituto Cervantes, aprobado por Real Decreto 1526/1999, de 1 de octubre, en su redacción dada por el Real Decreto 2018/2004, de 11 de octubre."
2009-12-19,305,1,BOE-A-2009-20386,MINISTERIO DE LA PRESIDENCIA,estatal,Real Decreto,107196,107199,"Real Decreto 1959/2009, de 18 de diciembre, por el que se crea el Centro Universitario de la Guardia Civil."
2009-12-19,305,1,BOE-A-2009-20387,MINISTERIO DE LA PRESIDENCIA,estatal,Resolución,107200,107202,"Resolución de 14 de diciembre de 2009, de la Dirección de la Agencia Estatal Boletín Oficial del Estado, por la que se establece el procedimiento y las condiciones para el pago de las tasas, aplicables por la inserción de anuncios en los diarios ""Boletín Oficial del Estado"" y ""Boletín Oficial del Registro Mercantil"", mediante soporte papel o por vía telemática, a través de entidades colaboradoras en la gestión recaudatoria."
2009-12-19,305,1,BOE-A-2009-20388,MINISTERIO DE POLÍTICA TERRITORIAL,estatal,Orden,107203,107205,"Orden TER/3409/2009, de 18 de diciembre, por la que se dispone la publicación del reglamento interno de la Conferencia de Presidentes."
2009-12-19,305,1,BOE-A-2009-20389,MINISTERIO DE CULTURA,estatal,Orden,107206,107212,"Orden CUL/3410/2009, de 14 de diciembre, por la que se regula el Registro Electrónico del Ministerio de Cultura."
2009-12-19,305,1,BOE-A-2009-20390,MINISTERIO DE CULTURA,estatal,Orden,107213,107214,"Orden CUL/3411/2009, de 14 de diciembre, por la que se regulan las comunicaciones electrónicas para procedimientos de ayudas de la Subdirección General de Promoción de Industrias Culturales, Fundaciones y Mecenazgo."
2009-12-19,305,1,BOE-A-2009-20391,MINISTERIO DE CULTURA,estatal,Resolución,107215,107216,"Resolución de 15 de diciembre de 2009, de la Subsecretaría, por la que se establece el procedimiento para la liquidación y el pago por vía telemática de la Tasa con código 037: tasa por utilización de espacios en museos y otras instituciones culturales del Ministerio de Cultura."
2009-12-21,306,1,BOE-A-2009-20492,MINISTERIO DE ASUNTOS EXTERIORES Y DE COOPERACIÓN,estatal,Tratado o acuerdo internacional,107537,107549,"Aplicación provisional del Acuerdo entre las Naciones Unidas y el Reino de España relativo al uso por las Naciones Unidas de locales en el Reino de España para la prestación de apoyo a operaciones de mantenimiento de la paz y operaciones conexas de las Naciones Unidas, hecho en Madrid el 28 de enero de 2009."
2009-12-21,306,1,BOE-A-2009-20493,MINISTERIO DE ASUNTOS EXTERIORES Y DE COOPERACIÓN,estatal,Orden,107550,107550,"Orden AEC/3421/2009, de 27 de noviembre, por la que se crea una Oficina Consular Honoraria de España en Beer Sheva (Israel)."
2009-12-21,306,1,BOE-A-2009-20494,MINISTERIO DE ECONOMÍA Y HACIENDA,estatal,Orden,107551,107552,"Orden EHA/3422/2009, de 4 de diciembre, por la que se fijan umbrales relativos a las estadísticas de intercambios de bienes entre Estados miembros de la Unión Europea para el año 2010."
2009-12-21,306,1,BOE-A-2009-20495,MINISTERIO DE ECONOMÍA Y HACIENDA,estatal,Orden,107553,107556,"Orden EHA/3423/2009, de 9 de diciembre, por la que se acuerda la emisión, acuñación y puesta en circulación de monedas de 2 euro conmemorativas del centro histórico de Córdoba."
2009-12-21,306,1,BOE-A-2009-20496,MINISTERIO DE EDUCACIÓN,estatal,Orden,107557,107558,"Orden EDU/3424/2009, de 11 de diciembre, por la que se modifica la Orden ECI/3858/2007, de 27 de diciembre, por la que se establecen los requisitos para la verificación de los títulos universitarios oficiales que habiliten para el ejercicio de las profesiones de Profesor de Educación Secundaria Obligatoria y Bachillerato, Formación Profesional y Enseñanzas de Idiomas."
2009-12-21,306,1,BOE-A-2009-20497,MINISTERIO DE TRABAJO E INMIGRACIÓN,estatal,Corrección,107559,107559,"Corrección de errores de la Orden TIN/3084/2009, de 13 de noviembre, por la que se adoptan disposiciones para la aplicación y desarrollo de lo establecido en el Real Decreto 100/2009, de 6 de febrero, por el que se establecen medidas para facilitar la adaptación laboral del sector de fabricación y componentes del calzado, curtidos y marroquinería a los cambios estructurales en el comercio mundial."
2009-12-21,306,1,BOE-A-2009-20498,"MINISTERIO DE MEDIO AMBIENTE, Y MEDIO RURAL Y MARINO",estatal,Real Decreto,107560,107566,"Real Decreto 1822/2009, de 27 de noviembre, por el que se regula la primera venta de los productos pesqueros."
2009-12-21,306,1,BOE-A-2009-20499,COMISIÓN NACIONAL DEL MERCADO DE VALORES,estatal,Instrucción o circular,107567,107581,"Circular 6/2009, de 9 de diciembre, de la Comisión Nacional del Mercado de Valores, sobre control interno de las sociedades gestoras de instituciones de inversión colectiva y sociedades de inversión."
2009-12-22,307,1,BOE-A-2009-20646,TRIBUNAL CONSTITUCIONAL,estatal,Resolución judicial,108149,108149,"Recurso de inconstitucionalidad nº 6964-2009, en relación con la Ley de Canarias 7/2009, de 6 de mayo, de modificación del Texto Refundido de las Leyes de Ordenación del Territorio de Canarias y de Espacios Naturales de Canarias."
2009-12-22,307,1,BOE-A-2009-20647,MINISTERIO DE ASUNTOS EXTERIORES Y DE COOPERACIÓN,estatal,Orden,108150,108151,"Orden AEC/3453/2009, de 17 de noviembre, por la que se crea el Centro de Formación de la Agencia Española de Cooperación Internacional para el Desarrollo, en Bamako, en la Misión Diplomática Permanente de España en la República de Mali."
2009-12-22,307,1,BOE-A-2009-20648,MINISTERIO DE ASUNTOS EXTERIORES Y DE COOPERACIÓN,estatal,Orden,108152,108153,"Orden AEC/3454/2009, de 17 de noviembre, por la que se crea el Centro de Formación de la Agencia Española de Cooperación Internacional para el Desarrollo, en Tánger, en la Misión Diplomática Permanente de España en el Reino de Marruecos."
2009-12-22,307,1,BOE-A-2009-20649,MINISTERIO DE ASUNTOS EXTERIORES Y DE COOPERACIÓN,estatal,Orden,108154,108155,"Orden AEC/3455/2009, de 17 de noviembre, por la que se crea la Oficina Técnica de Cooperación de la Agencia Española de Cooperación Internacional para el Desarrollo en la Misión Diplomática Permanente de España en el Reino de Camboya."
2009-12-22,307,1,BOE-A-2009-20650,MINISTERIO DE ASUNTOS EXTERIORES Y DE COOPERACIÓN,estatal,Orden,108156,108157,"Orden AEC/3456/2009, de 17 de noviembre, por la que se crea la Oficina Técnica de Cooperación Internacional de la Agencia Española de Cooperación Internacional para el Desarrollo en la Misión Diplomática Permanente de España en la República Democrática del Congo."
2009-12-22,307,1,BOE-A-2009-20651,MINISTERIO DE EDUCACIÓN,estatal,Real Decreto,108158,108160,"Real Decreto 1850/2009, de 4 de diciembre, sobre expedición de títulos académicos y profesionales correspondientes a las enseñanzas establecidas por la Ley Orgánica 2/2006, de 3 de mayo, de Educación."
2009-12-22,307,1,BOE-A-2009-20652,MINISTERIO DE TRABAJO E INMIGRACIÓN,estatal,Real Decreto,108161,108163,"Real Decreto 1851/2009, de 4 de diciembre, por el que se desarrolla el artículo 161 bis de la Ley General de la Seguridad Social en cuanto a la anticipación de la jubilación de los trabajadores con discapacidad en grado igual o superior al 45 por ciento."
2009-12-22,307,1,BOE-A-2009-20653,COMUNIDAD AUTÓNOMA DE GALICIA,autonómico,Ley,108164,108166,"Ley 4/2009, de 20 de octubre, de medidas tributarias relativas al impuesto sobre transmisiones patrimoniales y actos jurídicos documentados para el fomento del acceso a la vivienda y a la sucesión empresarial."
2009-12-22,307,1,BOE-A-2009-20654,COMUNIDAD AUTÓNOMA DE GALICIA,autonómico,Ley,108167,108172,"Ley 5/2009, de 26 de noviembre, de medidas urgentes para la modernización del sector del transporte público de Galicia."
2009-12-22,307,1,BOE-A-2009-20655,COMUNIDAD AUTÓNOMA DE ARAGÓN,autonómico,Ley,108173,108176,"Ley 7/2009, de 10 de noviembre, de concesión de un suplemento de crédito de un millón trescientos veinticinco mil euros para proporcionar cobertura financiera complementaria a la línea de ayudas enmarcadas en el Plan 2000 E de apoyo a la renovación del parque de vehículos."
2009-12-22,307,1,BOE-A-2009-20656,COMUNIDAD FORAL DE NAVARRA,autonómico,Ley,108177,108187,"Ley Foral 12/2009, de 19 de noviembre, de no discriminación por motivos de identidad de género y de reconocimiento de los derechos de las personas transexuales."
2009-12-22,307,1,BOE-A-2009-20657,COMUNIDAD AUTÓNOMA DE EXTREMADURA,autonómico,Ley,108188,108191,"Ley 5/2009, de 25 de noviembre, de medidas urgentes en materia de transporte público regular, permanente y de uso general de viajeros por carretera."
2009-12-22,307,1,BOE-A-2009-20658,COMUNIDAD AUTÓNOMA DE LAS ILLES BALEARS,autonómico,Ley,108192,108211,"Ley 6/2009, de 17 de noviembre, de medidas ambientales para impulsar las inversiones y la actividad económica en las Illes Balears."
2009-12-22,307,1,BOE-A-2009-20659,COMUNIDAD DE MADRID,autonómico,Ley,108212,108217,"Ley 5/2009, de 20 de octubre, de Ordenación del Transporte y la Movilidad por Carretera."
2009-12-23,308,1,BOE-A-2009-20724,JEFATURA DEL ESTADO,estatal,Ley,108502,108506,"Ley 24/2009, de 22 de diciembre, de modificación de la Ley 8/1994, de 19 de mayo, por la que se regula la Comisión Mixta para la Unión Europea, para su adaptación al Tratado de Lisboa de 13 de diciembre de 2007."
2009-12-23,308,1,BOE-A-2009-20725,JEFATURA DEL ESTADO,estatal,Ley,108507,108578,"Ley 25/2009, de 22 de diciembre, de modificación de diversas leyes para su adaptación a la Ley sobre el libre acceso a las actividades de servicios y su ejercicio."
2009-12-23,308,1,BOE-A-2009-20726,MINISTERIO DE ASUNTOS EXTERIORES Y DE COOPERACIÓN,estatal,Tratado o acuerdo internacional,108579,108651,"Enmiendas de 2008 a las directrices sobre el programa mejorado de inspecciones durante los reconocimientos de graneleros y petroleros (publicado en el ""Boletín Oficial del Estado"" n.º 122 de 22 de mayo de 1998), adoptadas el 16 de mayo de 2008, mediante Resolución MSC.261(84)."
2009-12-23,308,1,BOE-A-2009-20727,MINISTERIO DE EDUCACIÓN,estatal,Corrección,108652,108656,"Corrección de errores del Real Decreto 1850/2009, de 4 de diciembre, sobre expedición de títulos académicos y profesionales correspondientes a las enseñanzas establecidas por la Ley Orgánica 2/2006, de 3 de mayo, de Educación."
2009-12-24,309,1,BOE-A-2009-20765,JEFATURA DEL ESTADO,estatal,Ley,108804,109227,"Ley 26/2009, de 23 de diciembre, de Presupuestos Generales del Estado para el año 2010."
2009-12-24,309,1,BOE-A-2009-20766,JEFATURA DEL ESTADO,estatal,Otras,109228,109228,"Instrumento de Aprobación de la Medida 1 (2003) relativa al establecimiento de la Secretaria del Tratado Antártico con sede en Buenos Aires (Argentina), acordada por la XXVI Reunión Consultiva del Tratado Antártico, hecho en Madrid el 20 de septiembre de 2003 (publicado en el ""Boletín Oficial del Estado"" nº 264 de 2 de noviembre de 2009)."
2009-12-24,309,1,BOE-A-2009-20767,MINISTERIO DE ASUNTOS EXTERIORES Y DE COOPERACIÓN,estatal,Real Decreto,109229,109234,"Real Decreto 2002/2009, de 23 de diciembre, por el que se modifica el Reglamento de la Oficina de Interpretación de Lenguas del Ministerio de Asuntos Exteriores, aprobado por Real Decreto 2555/1977, de 27 de agosto."
2009-12-24,309,1,BOE-A-2009-20768,MINISTERIO DE ECONOMÍA Y HACIENDA,estatal,Real Decreto,109235,109452,"Real Decreto 1917/2009, de 11 de diciembre, por el que se aprueba el Programa anual 2010 del Plan Estadístico Nacional 2009-2012."
2009-12-24,309,1,BOE-A-2009-20769,MINISTERIO DE ECONOMÍA Y HACIENDA,estatal,Real Decreto,109453,109458,"Real Decreto 1918/2009, de 11 de diciembre, por el que se declaran oficiales las cifras de población resultantes de la revisión del padrón municipal referidas al 1 de enero de 2009."
2009-12-24,309,1,BOE-A-2009-20770,MINISTERIO DE ECONOMÍA Y HACIENDA,estatal,Resolución,109459,109460,"Resolución de 22 de diciembre de 2009, de la Fábrica Nacional de Moneda y Timbre-Real Casa de la Moneda, por la que se crea la Sede Electrónica del Organismo Fábrica Nacional de Moneda y Timbre-Real Casa de la Moneda."
2009-12-24,309,1,BOE-A-2009-20771,COMUNIDAD AUTÓNOMA DE CATALUÑA,autonómico,Ley,109461,109478,"Ley 19/2009, de 26 de noviembre, del acceso al entorno de las personas acompañadas de perros de asistencia."
2009-12-25,310,1,BOE-A-2009-20815,MINISTERIO DE ASUNTOS EXTERIORES Y DE COOPERACIÓN,estatal,Tratado o acuerdo internacional,109748,109754,"Enmiendas de 2008 al Convenio Internacional para la seguridad de la vida humana en el mar, 1974, enmendado, (publicado en el ""Boletín Oficial del Estado"" del 16 al 18 de junio de 1980), adoptadas el 16 de mayo de 2008, mediante Resolución MSC 256 (84)."
2009-12-25,310,1,BOE-A-2009-20816,MINISTERIO DE LA PRESIDENCIA,estatal,Resolución,109755,109760,"Resolución de 18 de diciembre de 2009, de la Presidencia del Consejo Superior de Deportes, por la que se aprueba la lista de sustancias y métodos prohibidos en el deporte."
2009-12-25,310,1,BOE-A-2009-20817,MINISTERIO DE SANIDAD Y POLÍTICA SOCIAL,estatal,Orden,109761,109775,"Orden SAS/3470/2009, de 16 de diciembre, por la que se publican las directrices sobre estudios posautorización de tipo observacional para medicamentos de uso humano."
2009-12-25,310,1,BOE-A-2009-20818,COMUNIDAD AUTÓNOMA DEL PAÍS VASCO,autonómico,Resolución,109776,109784,"Resolución de 14 de diciembre de 2009, de la Dirección de Tráfico, del Departamento de Interior, por la que se establecen medidas especiales de regulación de tráfico durante el año 2010 en la Comunidad Autónoma del País Vasco."
2009-12-26,311,1,BOE-A-2009-20885,MINISTERIO DE ASUNTOS EXTERIORES Y DE COOPERACIÓN,estatal,Tratado o acuerdo internacional,110099,110100,"Enmiendas de 2008 al Código Internacional de seguridad para naves de gran velocidad, 2000 (Código NGV 2000), (publicado en el ""Boletín Oficial del Estado"" nº 301 de 17 de diciembre de 2002) adoptadas el 16 de mayo de 2008, mediante Resolución MSC.260(84)."
2009-12-26,311,1,BOE-A-2009-20886,MINISTERIO DE ECONOMÍA Y HACIENDA,estatal,Orden,110101,110107,"Orden EHA/3475/2009, de 17 de diciembre, por la que se establecen las normas que han de regir la organización y ejecución del Censo Agrario de 2009."
2009-12-26,311,1,BOE-A-2009-20887,MINISTERIO DE ECONOMÍA Y HACIENDA,estatal,Orden,110108,110380,"Orden EHA/3476/2009, de 17 de diciembre, por la que se aprueban los precios medios de venta aplicables en la gestión del Impuesto sobre Transmisiones Patrimoniales y Actos Jurídicos Documentados, Impuesto sobre Sucesiones y Donaciones e Impuesto Especial sobre Determinados Medios de Transporte."
2009-12-26,311,1,BOE-A-2009-20888,MINISTERIO DEL INTERIOR,estatal,Orden,110381,110381,"Orden INT/3477/2009, de 9 de diciembre, por la que se reconoce la validez de las certificaciones otorgadas por las Comunidades Autónomas a efectos de autorizar la instalación y explotación comercial de máquinas recreativas en los buques de pasaje."
2009-12-26,311,1,BOE-A-2009-20889,MINISTERIO DE LA PRESIDENCIA,estatal,Real Decreto,110382,110402,"Real Decreto 1920/2009, de 11 de diciembre, por el que se aprueba el Reglamento de desarrollo general de la Ley 23/2007, de 8 de octubre, de creación de la Comisión Nacional del Sector Postal."
2009-12-26,311,1,BOE-A-2009-20890,MINISTERIO DE SANIDAD Y POLÍTICA SOCIAL,estatal,Real Decreto,110403,110412,"Real Decreto 1855/2009, de 4 de diciembre, por el que se regula el Consejo Nacional de la Discapacidad."
2009-12-26,311,1,BOE-A-2009-20891,MINISTERIO DE SANIDAD Y POLÍTICA SOCIAL,estatal,Real Decreto,110413,110415,"Real Decreto 1856/2009, de 4 de diciembre, de procedimiento para el reconocimiento, declaración y calificación del grado de discapacidad, y por el que se modifica el Real Decreto 1971/1999, de 23 de diciembre."
2009-12-28,312,1,BOE-A-2009-20958,MINISTERIO DE ASUNTOS EXTERIORES Y DE COOPERACIÓN,estatal,Tratado o acuerdo internacional,110580,110582,"Enmiendas de 2008 al Protocolo de 1988 relativo al Convenio Internacional para la seguridad de la vida humana en el mar, 1974, enmendado (publicado en el ""Boletín Oficial del Estado"" n.º 234 de 30 de septiembre de 1999 y n.º 294 de 9 de diciembre de 1999), adoptadas el 16 de mayo de 2008, mediante Resolución MSC 258 (84)."
2009-12-28,312,1,BOE-A-2009-20959,MINISTERIO DE ASUNTOS EXTERIORES Y DE COOPERACIÓN,estatal,Tratado o acuerdo internacional,110583,110584,"Enmiendas de 2008 al Código Internacional de seguridad para naves de gran velocidad, 1994 (Código NGV 1994), (publicado en el ""Boletín Oficial del Estado"" nº 122 de 22 de mayo de 1998) adoptadas el 16 de mayo de 2008, mediante Resolución MSC.259(84)."
2009-12-28,312,1,BOE-A-2009-20960,MINISTERIO DE ECONOMÍA Y HACIENDA,estatal,Resolución,110585,110586,"Resolución de 16 de diciembre de 2009, del Instituto Nacional de Estadística, por la que se crea la Sede Electrónica del Instituto Nacional de Estadística."
2009-12-29,313,1,BOE-A-2009-21043,JEFATURA DEL ESTADO,estatal,Corrección,111018,111029,"Corrección de errores de la Ley 26/2009, de 23 de diciembre, de Presupuestos Generales del Estado para el año 2010."
2009-12-29,313,1,BOE-A-2009-21044,MINISTERIO DE DEFENSA,estatal,Orden,111030,111033,"Orden DEF/3495/2009, de 22 de diciembre, que modifica la Orden DEF/1815/2003, de 23 de junio, por la que se regulan los procedimientos para determinar el conocimiento en materia de idiomas extranjeros en el ámbito de las Fuerzas Armadas."
2009-12-29,313,1,BOE-A-2009-21045,MINISTERIO DE ECONOMÍA Y HACIENDA,estatal,Real Decreto,111034,111035,"Real Decreto 2003/2009, de 23 de diciembre, por el que se modifica el Real Decreto 1514/2007, de 16 noviembre, por el que se aprueba el Plan General de Contabilidad."
2009-12-29,313,1,BOE-A-2009-21046,MINISTERIO DE ECONOMÍA Y HACIENDA,estatal,Real Decreto,111036,111044,"Real Decreto 2004/2009, de 23 de diciembre, por el que se modifica el Reglamento del Impuesto sobre la Renta de las Personas Físicas, aprobado por el Real Decreto 439/2007, de 30 de marzo, en materia de pagos a cuenta, el Reglamento General de las actuaciones y los procedimientos de gestión e inspección tributaria y de desarrollo de las normas comunes de los procedimientos de aplicación de los tributos, aprobado por el Real Decreto 1065/2007, de 27 de julio, y el Reglamento del Impuesto sobre el Valor Añadido, aprobado por el Real Decreto 1624/1992, de 29 de diciembre, en materia de obligaciones formales, y se establecen para 2010 nuevos plazos de renuncias y revocaciones al método de estimación objetiva del Impuesto sobre la Renta de las Personas Físicas y a los regímenes especiales simplificado y de la agricultura, ganadería y pesca del Impuesto sobre el Valor Añadido."
2009-12-29,313,1,BOE-A-2009-21047,MINISTERIO DE ECONOMÍA Y HACIENDA,estatal,Real Decreto,111045,111052,"Real Decreto 2005/2009, de 23 de diciembre, sobre revalorización y complementos de pensiones de Clases Pasivas para el año 2010."
2009-12-29,313,1,BOE-A-2009-21048,MINISTERIO DE ECONOMÍA Y HACIENDA,estatal,Orden,111053,111061,"Orden EHA/3496/2009, de 17 de diciembre, por la que se aprueba el modelo 568 de solicitud de devolución por reventa y envío de medios de transporte fuera del territorio, el lugar, forma y plazo de presentación y se establecen las condiciones generales y el procedimiento para su presentación telemática por Internet y se modifica la Orden EHA/1981/2005, de 21 de junio, por la que se aprueba el modelo 576 de declaración-liquidación del Impuesto Especial sobre Determinados Medios de Transporte, el modelo 06 de declaración del Impuesto Especial sobre Determinados Medios de Transporte, exenciones y no sujeciones sin reconocimiento previo, se establecen las condiciones generales y el procedimiento para la presentación telemática por Internet de las declaraciones correspondientes al modelo 576 y se modifica la Orden de 30 de septiembre de 1999, por la que se establecen las condiciones generales y el procedimiento para la presentación telemática de las declaraciones-liquidaciones correspondientes a los modelos 110, 130, 300 y 330."
2009-12-29,313,1,BOE-A-2009-21049,MINISTERIO DE ECONOMÍA Y HACIENDA,estatal,Orden,111062,111063,"Orden EHA/3497/2009, de 23 de diciembre, por la que se hacen públicos los límites de los distintos tipos de contratos a efectos de la contratación administrativa a partir del 1 de enero de 2010."
2009-12-29,313,1,BOE-A-2009-21050,MINISTERIO DE ECONOMÍA Y HACIENDA,estatal,Resolución,111064,111076,"Resolución de 23 de diciembre de 2009, de la Dirección General de Tributos, relativa a la aplicación e interpretación de determinadas directivas comunitarias en materia del Impuesto sobre el Valor Añadido."
2009-12-29,313,1,BOE-A-2009-21051,MINISTERIO DE ECONOMÍA Y HACIENDA,estatal,Resolución,111077,111084,"Resolución de 28 de diciembre de 2009, de la Presidencia de la Agencia Estatal de Administración Tributaria, por la que se crea la sede electrónica y se regulan los registros electrónicos de la Agencia Estatal de Administración Tributaria."
2009-12-29,313,1,BOE-A-2009-21052,MINISTERIO DE TRABAJO E INMIGRACIÓN,estatal,Real Decreto,111085,111100,"Real Decreto 2007/2009, 23 de diciembre, sobre revalorización de las pensiones del sistema de la Seguridad Social y de otras prestaciones sociales públicas para el ejercicio 2010."
2009-12-29,313,1,BOE-A-2009-21053,MINISTERIO DE TRABAJO E INMIGRACIÓN,estatal,Orden,111101,111133,"Orden TIN/3498/2009, de 23 de diciembre, por la que se regula la gestión colectiva de contrataciones en origen para 2010."
2009-12-29,313,1,BOE-A-2009-21054,MINISTERIO DE POLÍTICA TERRITORIAL,estatal,Real Decreto,111134,111135,"Real Decreto 2009/2009, de 23 de diciembre, por el que se modifica el Reglamento de servicios de las corporaciones locales, aprobado por Decreto de 17 de junio de 1955."
2009-12-29,313,1,BOE-A-2009-21055,MINISTERIO DE CULTURA,estatal,Resolución,111136,111137,"Resolución de 16 de diciembre de 2009, de la Subsecretaría, por la que se establece el procedimiento para la liquidación y el pago por vía telemática de la Tasa con código 034: Tasa por permisos de exportación de bienes del Patrimonio Histórico Español."
2009-12-29,313,1,BOE-A-2009-21056,MINISTERIO DE SANIDAD Y POLÍTICA SOCIAL,estatal,Orden,111138,111242,"Orden SAS/3499/2009, de 23 de diciembre, por la que se determinan los nuevos conjuntos de medicamentos, sus precios de referencia, y se revisan los precios de referencia determinados y revisados por Orden SCO/3803/2008, de 23 de diciembre."
2009-12-30,314,1,BOE-A-2009-21126,MINISTERIO DE DEFENSA,estatal,Resolución,111573,111607,"Resolución 4B0/38276/2009, de 16 de diciembre, del Instituto Social de las Fuerzas Armadas, por la que se aprueba la Cartera de Servicios de Asistencia Sanitaria del ISFAS."
2009-12-30,314,1,BOE-A-2009-21127,MINISTERIO DE ECONOMÍA Y HACIENDA,estatal,Orden,111608,111611,"Orden EHA/3508/2009, de 16 de diciembre, por la que se acuerda la emisión, acuñación y puesta en circulación de monedas de colección de 12 euro y monedas de colección de 10 euro que conmemoran la presidencia española de la Unión Europea 2010."
2009-12-30,314,1,BOE-A-2009-21128,MINISTERIO DE ECONOMÍA Y HACIENDA,estatal,Resolución,111612,111911,"Resolución de 15 de diciembre de 2009, del Departamento de Aduanas e Impuestos Especiales de la Agencia Estatal de la Administración Tributaria, en la que se recoge las instrucciones para la formalización del Documento Único Administrativo (DUA)."
2009-12-30,314,1,BOE-A-2009-21129,MINISTERIO DE FOMENTO,estatal,Orden,111912,111913,"Orden FOM/3509/2009, de 23 de diciembre, por la que se establece un régimen transitorio para la rehabilitación de autorizaciones de transporte de mercancías por carretera."
2009-12-30,314,1,BOE-A-2009-21130,"MINISTERIO DE INDUSTRIA, TURISMO Y COMERCIO",estatal,Orden,111914,111915,"Orden ITC/3510/2009, de 29 de diciembre, por la que se aprueban las cuotas de la Corporación de Reservas Estratégicas de Productos Petrolíferos correspondientes al ejercicio 2010."
2009-12-30,314,1,BOE-A-2009-21131,MINISTERIO DE VIVIENDA,estatal,Real Decreto,111916,111918,"Real Decreto 1961/2009, de 18 de diciembre, por el que se introducen nuevas medidas transitorias en el Plan Estatal de Vivienda y Rehabilitación 2009-2012."
2009-12-30,314,1,BOE-A-2009-21132,BANCO DE ESPAÑA,estatal,Resolución,111919,111919,"Resolución de 23 de diciembre de 2009, de la Comisión Ejecutiva del Banco de España, por la que se modifica la de 26 de noviembre de 2008 sobre cambios temporales en los criterios de admisibilidad de los activos de garantía en las operaciones de política monetaria del Banco de España."
2009-12-31,315,1,BOE-A-2009-21160,JEFATURA DEL ESTADO,estatal,Ley,112018,112035,"Ley 27/2009, de 30 de diciembre, de medidas urgentes para el mantenimiento y el fomento del empleo y la protección de las personas desempleadas."
2009-12-31,315,1,BOE-A-2009-21161,JEFATURA DEL ESTADO,estatal,Ley,112036,112038,"Ley 28/2009, de 30 de diciembre, de modificación de la Ley 29/2006, de 26 de julio, de garantías y uso racional de los medicamentos y productos sanitarios."
2009-12-31,315,1,BOE-A-2009-21162,JEFATURA DEL ESTADO,estatal,Ley,112039,112060,"Ley 29/2009, de 30 de diciembre, por la que se modifica el régimen legal de la competencia desleal y de la publicidad para la mejora de la protección de los consumidores y usuarios."
2009-12-31,315,1,BOE-A-2009-21163,MINISTERIO DE ASUNTOS EXTERIORES Y DE COOPERACIÓN,estatal,Tratado o acuerdo internacional,112061,112070,Aplicación provisional del Acuerdo de adhesión del Reino de España al Acuerdo por el que se crea el Centro de Investigación sobre Desalinización de Oriente Próximo.
2009-12-31,315,1,BOE-A-2009-21164,MINISTERIO DE ECONOMÍA Y HACIENDA,estatal,Corrección,112071,112071,"Corrección de errores del Real Decreto 2004/2009, de 23 de diciembre, por el que se modifica el Reglamento del Impuesto sobre la Renta de las Personas Físicas, aprobado por el Real Decreto 439/2007, de 30 de marzo, en materia de pagos a cuenta, el Reglamento General de las actuaciones y los procedimientos de gestión e inspección tributaria y de desarrollo de las normas comunes de los procedimientos de aplicación de los tributos, aprobado por el Real Decreto 1065/2007, de 27 de julio, y se establecen para 2010 nuevos plazos de renuncias y revocaciones al método de estimación objetiva del Impuesto sobre la Renta de las Personas Físicas y a los regímenes especiales simplificado y de la agricultura, ganadería y pesca del Impuesto sobre el Valor Añadido."
2009-12-31,315,1,BOE-A-2009-21165,MINISTERIO DE ECONOMÍA Y HACIENDA,estatal,Orden,112072,112107,"Orden EHA/3514/2009, de 29 de diciembre, por la que se aprueba el modelo 181 de declaración informativa de préstamos y créditos, y operaciones financieras relacionadas con bienes inmuebles, así como los diseños físicos y lógicos para la presentación en soporte directamente legible por ordenador y se establecen las condiciones y el procedimiento para su presentación telemática."
2009-12-31,315,1,BOE-A-2009-21166,MINISTERIO DE ECONOMÍA Y HACIENDA,estatal,Orden,112108,112108,"Orden EHA/3515/2009, de 29 de diciembre, por la que establecen las aportaciones al Fondo de Garantía de Depósitos en Cajas de Ahorro."
2009-12-31,315,1,BOE-A-2009-21167,MINISTERIO DEL INTERIOR,estatal,Orden,112109,112116,"Orden INT/3516/2009, de 29 de diciembre, por la que se crea un registro electrónico, en la Dirección General de la Policía y de la Guardia Civil (ámbito Cuerpo Nacional de Policía)."
2009-12-31,315,1,BOE-A-2009-21168,MINISTERIO DEL INTERIOR,estatal,Resolución,112117,112117,"Resolución de 15 de diciembre de 2009, de la Dirección General de Tráfico, por la que se modifica la de 26 de agosto de 2007, por la que se crea un registro electrónico en la Jefatura Central de Tráfico."
2009-12-31,315,1,BOE-A-2009-21169,MINISTERIO DE FOMENTO,estatal,Orden,112118,112120,"Orden FOM/3517/2009, de 22 de diciembre, por la que se autorizan los precios de los servicios postales reservados al operador responsable de la prestación del servicio postal universal, Correos y Telégrafos, S. A."
2009-12-31,315,1,BOE-A-2009-21170,MINISTERIO DE TRABAJO E INMIGRACIÓN,estatal,Real Decreto,112121,112123,"Real Decreto 2030/2009, de 30 de diciembre, por el que se fija el Salario Mínimo Interprofesional para 2010."
2009-12-31,315,1,BOE-A-2009-21171,MINISTERIO DE TRABAJO E INMIGRACIÓN,estatal,Orden,112124,112130,"Orden TIN/3518/2009, de 29 de diciembre, por la que se crea el registro electrónico de la Secretaría de Estado de la Seguridad Social para la presentación de escritos, solicitudes y comunicaciones y se establecen criterios generales para su aplicación a determinados procedimientos."
2009-12-31,315,1,BOE-A-2009-21172,MINISTERIO DE TRABAJO E INMIGRACIÓN,estatal,Resolución,112131,112135,"Resolución de 23 de diciembre de 2009, de la Tesorería General de la Seguridad Social, por la que se modifica el ámbito territorial de las unidades de recaudación ejecutiva de la Seguridad Social en determinadas direcciones provinciales."
2009-12-31,315,1,BOE-A-2009-21173,"MINISTERIO DE INDUSTRIA, TURISMO Y COMERCIO",estatal,Orden,112136,112166,"Orden ITC/3519/2009, de 28 de diciembre, por la que se revisan los peajes de acceso a partir de 1 de enero de 2010 y las tarifas y primas de las instalaciones del régimen especial."
2009-12-31,315,1,BOE-A-2009-21174,"MINISTERIO DE INDUSTRIA, TURISMO Y COMERCIO",estatal,Orden,112167,112199,"Orden ITC/3520/2009, de 28 de diciembre, por la que se establecen los peajes y cánones asociados al acceso de terceros a las instalaciones gasistas para el año 2010 y se actualizan determinados aspectos relativos a la retribución de las actividades reguladas del sector gasista."
2009-12-31,315,1,BOE-A-2009-21175,"MINISTERIO DE INDUSTRIA, TURISMO Y COMERCIO",estatal,Resolución,112200,112200,"Resolución de 4 de diciembre de 2009, de la Dirección General de Política Energética y Minas, por la que se hacen públicos los nuevos precios máximos de venta, antes de impuestos, de los gases licuados del petróleo envasados, en envases de capacidad igual o superior a 8 kg., excluidos los envases de mezcla para usos de los gases licuados del petróleo como carburante."
2009-12-31,315,1,BOE-A-2009-21176,"MINISTERIO DE INDUSTRIA, TURISMO Y COMERCIO",estatal,Resolución,112201,112202,"Resolución de 28 de diciembre de 2009, de la Dirección General de Política Energética y Minas, por la que se hace pública la tarifa de último recurso de gas natural."
2009-12-31,315,1,BOE-A-2009-21177,"MINISTERIO DE INDUSTRIA, TURISMO Y COMERCIO",estatal,Resolución,112203,112207,"Resolución de 29 de diciembre de 2009, de la Dirección General de Política Energética y Minas, por la que se establece el coste de producción de energía eléctrica y las tarifas de último recurso a aplicar en el primer semestre de 2010."
2009-12-31,315,1,BOE-A-2009-21178,"MINISTERIO DE MEDIO AMBIENTE, Y MEDIO RURAL Y MARINO",estatal,Orden,112208,112237,"Orden ARM/3521/2009, de 23 de diciembre, por la que se declaran zonas especiales de conservación los lugares de importancia comunitaria marinos y marítimo terrestres de la región Macaronésica de la Red Natura 2000 aprobados por las Decisiones 2002/11/CE de la Comisión, de 28 de diciembre de 2001 y 2008/95/CE de la Comisión, de 25 de enero de 2008."
2009-12-31,315,1,BOE-A-2009-21179,"MINISTERIO DE MEDIO AMBIENTE, Y MEDIO RURAL Y MARINO",estatal,Orden,112238,112256,"Orden ARM/3522/2009, de 23 de diciembre, por la que se regula el procedimiento de control de acceso a puertos españoles de buques pesqueros de terceros países, y la importación y exportación de productos de la pesca para prevenir, desalentar y eliminar la pesca ilegal, no declarada y no reglamentada."
2009-12-31,315,1,BOE-A-2009-21180,MINISTERIO DE LA PRESIDENCIA,estatal,Orden,112257,112262,"Orden PRE/3523/2009, de 29 de diciembre, por la que se regula el Registro Electrónico Común."
2009-12-31,315,1,BOE-A-2009-21181,MINISTERIO DE POLÍTICA TERRITORIAL,estatal,Real Decreto,112263,112267,"Real Decreto 2034/2009, de 30 de diciembre, sobre traspaso a la Generalitat de Cataluña de las funciones de la Administración General del Estado correspondientes al servicio de transporte de viajeros por ferrocarril de cercanías."
2009-12-31,315,1,BOE-A-2009-21182,MINISTERIO DE VIVIENDA,estatal,Resolución,112268,112269,"Resolución de 29 de diciembre de 2009, de la Subsecretaría, por la que se publica el Acuerdo de Consejo de Ministros de 18 de diciembre de 2009, por el que se establece la cuantía del Módulo Básico Estatal para 2010 (Plan Estatal de Vivenda y Rehabilitación 2009-2012) y se interpreta el punto sexto.3 del Acuerdo del Consejo de Ministros de 14 de mayo de 2009."
2009-12-31,315,1,BOE-A-2009-21183,BANCO DE ESPAÑA,estatal,Instrucción o circular,112270,112287,"Circular 1/2009, de 18 de diciembre, del Banco de España, a entidades de crédito y otras supervisadas, en relación con la información sobre la estructura de capital y cuotas participativas de las entidades de crédito, y sobre sus oficinas, así como sobre los altos cargos de las entidades supervisadas."
2009-12-31,315,1,BOE-A-2009-21184,BANCO DE ESPAÑA,estatal,Instrucción o circular,112288,112298,"Circular 2/2009, de 18 de diciembre, del Banco de España, a sociedades y servicios de tasación homologados, por la que se modifica la Circular 3/1998, de 27 de enero, a las sociedades y servicios de tasación homologados, sobre información a rendir al Banco de España."
2009-12-31,315,1,BOE-A-2009-21185,BANCO DE ESPAÑA,estatal,Instrucción o circular,112299,112323,"Circular 3/2009, de 18 de diciembre, del Banco de España, a titulares de establecimientos de cambio de moneda, por la que se modifica la Circular 6/2001, de 29 de octubre, sobre titulares de establecimientos de cambio de moneda."
