fecha,diario,seccion,id,departamento,ambito,tipo,pag_ini,pag_fin,titulo
2010-01-01,1,1,BOE-A-2010-1,TRIBUNAL CONSTITUCIONAL,estatal,Resolución judicial,1,1,"Cuestión de inconstitucionalidad nº 9610-2009, en relación con el artículo 57.2 del Código Penal, en la redacción dada por la Ley Orgánica 15/2003, de 25 de noviembre."
2010-01-01,1,1,BOE-A-2010-2,TRIBUNAL CONSTITUCIONAL,estatal,Resolución judicial,2,2,"Conflicto positivo de competencia nº 10023-2009, en relación con la Orden SAS/2080/2009, de 21 de julio, por la que se establecen las bases reguladoras de la concesión de subvenciones sometidas al régimen general de subvenciones de la Secretaría General de Política Social y Consumo."
2010-01-01,1,1,BOE-A-2010-3,"MINISTERIO DE MEDIO AMBIENTE, Y MEDIO RURAL Y MARINO",estatal,Real Decreto,3,9,"Real Decreto 1852/2009, de 4 de diciembre, por el que se establecen los criterios para subvencionar los gastos en el marco de los Programas de Desarrollo Rural cofinanciados por el Fondo Europeo Agrícola de Desarrollo Rural (FEADER)."
2010-01-02,2,1,BOE-A-2010-43,MINISTERIO DE ECONOMÍA Y HACIENDA,estatal,Resolución,119,136,"Resolución de 28 de diciembre de 2009, de la Presidencia del Comisionado para el Mercado de Tabacos, por la que se publican los precios de venta al público de determinadas labores de tabaco en Expendedurías de Tabaco y Timbre del Área del Monopolio."
2010-01-02,2,1,BOE-A-2010-44,MINISTERIO DE LA PRESIDENCIA,estatal,Real Decreto,137,141,"Real Decreto 1960/2009, de 18 de diciembre, por el que se regulan los Consejos de Residentes Españoles en el Extranjero."
2010-01-05,4,1,BOE-A-2010-199,MINISTERIO DE ASUNTOS EXTERIORES Y DE COOPERACIÓN,estatal,Tratado o acuerdo internacional,687,690,"Canje de Notas constitutivo de Acuerdo entre el Reino de España y la República del Ecuador sobre participación en las elecciones municipales de los nacionales de cada país residentes en el territorio del otro, hecho en Quito el 25 de febrero de 2009."
2010-01-05,4,1,BOE-A-2010-200,MINISTERIO DE ECONOMÍA Y HACIENDA,estatal,Resolución,691,723,"Resolución de 4 de enero de 2010, de la Secretaría de Estado de Hacienda y Presupuestos, por la que se dictan instrucciones en relación con las nóminas de los funcionarios incluídos en el ámbito de aplicación de la Ley 30/1984, de 2 de agosto, en los términos de la Disposición Final Cuarta de la Ley 7/2007, de 12 de abril, del Estatuto Básico del Empleado Público, y se actualizan para el año 2010 las cuantías de las retribuciones del personal a que se refieren los correspondientes artículos de la Ley de Presupuestos Generales del Estado para dicho ejercicio."
2010-01-05,4,1,BOE-A-2010-201,MINISTERIO DE EDUCACIÓN,estatal,Resolución,724,736,"Resolución de 13 de noviembre de 2009, de la Secretaría General de Universidades, por la que se publica el Acuerdo de Consejo de Ministros de 30 de octubre de 2009, por el que se establece el carácter oficial de determinados títulos de Grado y su inscripción en el Registro de Universidades, Centros y Títulos."
2010-01-05,4,1,BOE-A-2010-202,MINISTERIO DE EDUCACIÓN,estatal,Resolución,737,738,"Resolución de 13 de noviembre de 2009, de la Secretaría General de Universidades, por la que se publica el Acuerdo de Consejo de Ministros de 30 de octubre de 2009, por el que se establece el carácter oficial de determinados títulos de Grado de las Universidades de la Iglesia Católica y su inscripción en el Registro de Universidades, Centros y Títulos."
2010-01-05,4,1,BOE-A-2010-203,MINISTERIO DE TRABAJO E INMIGRACIÓN,estatal,Resolución,739,740,"Resolución de 28 de diciembre de 2009, de la Dirección General de Ordenación de la Seguridad Social, relativa a la exclusión de utilización por las sociedades de prevención de medios adscritos a la colaboración en la gestión de la Seguridad Social."
2010-01-05,4,1,BOE-A-2010-204,MINISTERIO DE POLÍTICA TERRITORIAL,estatal,Real Decreto,741,744,"Real Decreto 2035/2009, de 30 de diciembre, sobre ampliación de medios patrimoniales y económicos adscritos al traspaso a la Comunidad Autónoma de Aragón, aprobado por el Real Decreto 778/2006, de 23 de junio, de ampliación de las funciones y servicios de la Administración del Estado en materia de conservación de la naturaleza (Parque Nacional de Ordesa y Monte Perdido)."
2010-01-05,4,1,BOE-A-2010-205,MINISTERIO DE SANIDAD Y POLÍTICA SOCIAL,estatal,Orden,745,748,"Orden SAS/3592/2009, de 22 de diciembre, por la que se crea la Comisión calificadora de documentos administrativos del Ministerio de Sanidad y Política Social."
2010-01-06,5,1,BOE-A-2010-249,MINISTERIO DE ASUNTOS EXTERIORES Y DE COOPERACIÓN,estatal,Tratado o acuerdo internacional,1324,1325,"Acuerdo entre el Reino de España y Nueva Zelanda sobre participación en determinadas elecciones de los nacionales de cada país residentes en el territorio del otro, hecho en Wellington el 23 de junio de 2009."
2010-01-06,5,1,BOE-A-2010-250,MINISTERIO DE EDUCACIÓN,estatal,Resolución,1326,1328,"Resolución de 16 de diciembre de 2009, de la Secretaría General de Universidades, por la que se publica el Acuerdo de Consejo de Ministros de 4 de diciembre de 2009, por el que se establece el carácter oficial de determinados títulos de Grado y su inscripción en el Registro de Universidades, Centros y Títulos."
2010-01-06,5,1,BOE-A-2010-251,JUNTA ELECTORAL CENTRAL,estatal,Instrucción o circular,1329,1331,"Instrucción 4/2009, de 17 de diciembre, de la Junta Electoral Central, sobre actuaciones de la Oficina del Censo Electoral en relación a la entrega de copias del censo electoral a las candidaturas y al envío de la documentación para ejercer el voto por correo."
2010-01-06,5,1,BOE-A-2010-252,CONSEJO DE SEGURIDAD NUCLEAR,estatal,Resolución,1332,1334,"Resolución de 23 de diciembre de 2009, de la Presidencia del Consejo de Seguridad Nuclear, por la que se establece el procedimiento y las condiciones para la presentación de determinadas autoliquidaciones y el pago por vía telemática de las tasas previstas en la Ley 14/1999, de 4 de mayo, de tasas y precios públicos por servicios prestados por el Consejo de Seguridad Nuclear."
2010-01-07,6,1,BOE-A-2010-290,JEFATURA DEL ESTADO,estatal,Otras,1492,1614,"Instrumento de Ratificación de las Actas y Resoluciones de la Unión Postal de las Américas, España y Portugal (UPAEP) aprobadas en el XX Congreso de la Unión, celebrado en Montevideo el 14 de junio de 2007."
2010-01-07,6,1,BOE-A-2010-291,MINISTERIO DE ASUNTOS EXTERIORES Y DE COOPERACIÓN,estatal,Tratado o acuerdo internacional,1615,1615,"Entrada en vigor del Acuerdo entre el Reino de España y la Asociación Internacional del Transporte Aéreo (IATA) relativo al estatuto de la IATA en España, hecho en Madrid el 5 de mayo de 2009."
2010-01-07,6,1,BOE-A-2010-292,MINISTERIO DE ASUNTOS EXTERIORES Y DE COOPERACIÓN,estatal,Tratado o acuerdo internacional,1616,1616,"Entrada en vigor del Acuerdo entre las Naciones Unidas y el Reino de España relativo al uso por las Naciones Unidas de locales en el Reino de España para la prestación de apoyo a operaciones de mantenimiento de la paz y operaciones conexas de las Naciones Unidas, hecho en Madrid el 28 de enero de 2009."
2010-01-07,6,1,BOE-A-2010-293,MINISTERIO DE EDUCACIÓN,estatal,Orden,1617,1620,"Orden EDU/3607/2009, de 30 de diciembre, por la que se crea la Sede Electrónica en el Ministerio de Educación."
2010-01-08,7,1,BOE-A-2010-330,MINISTERIO DE ASUNTOS EXTERIORES Y DE COOPERACIÓN,estatal,Tratado o acuerdo internacional,1807,1808,"Enmiendas de 2006 al Anexo del Protocolo de 1978 relativo al Convenio internacional para prevenir la contaminación por los buques 1973 (instalaciones de recepción fuera de zonas especiales y descarga de las aguas sucias) (publicado en el ""Boletín Oficial del Estado"" nº 249 y 250 de 17 y 18 de octubre de 1984), adoptadas el 13 de julio 2007, mediante Resolución MEPC 164(56)."
2010-01-08,7,1,BOE-A-2010-331,MINISTERIO DE ECONOMÍA Y HACIENDA,estatal,Corrección,1809,1809,"Corrección de errores de la Resolución de 22 de diciembre de 2009, de la Fábrica Nacional de Moneda y Timbre-Real Casa de la Moneda, por la que se crea la Sede Electrónica del Organismo Fábrica Nacional de Moneda y Timbre-Real Casa de la Moneda."
2010-01-08,7,1,BOE-A-2010-332,MINISTERIO DE FOMENTO,estatal,Orden,1810,2014,"Orden FOM/3619/2009, de 26 de noviembre, por la que se modifica la Orden FOM/3811/2004, de 4 de noviembre, por la que se adoptan los requisitos conjuntos de aviación para las licencias de la tripulación de vuelo relativos a las condiciones para el ejercicio de las funciones de los pilotos de los helicópteros civiles."
2010-01-08,7,1,BOE-A-2010-333,"MINISTERIO DE INDUSTRIA, TURISMO Y COMERCIO",estatal,Real Decreto,2015,2020,"Real Decreto 2031/2009, de 30 de diciembre, por el que se regula la concesión directa de subvenciones para la adquisición de vehículos, Plan 2000 E de apoyo a la renovación del parque de vehículos durante el año 2010."
2010-01-09,8,1,BOE-A-2010-377,CORTES GENERALES,estatal,Resolución,2376,2376,"Resolución de 22 de diciembre de 2009, por la que se ordena la publicación del Acuerdo de convalidación del Real Decreto-ley 14/2009, de 4 de diciembre, por el que se adoptan medidas urgentes para paliar los efectos producidos por la sequía en determinadas cuencas hidrográficas."
2010-01-12,10,1,BOE-A-2010-468,MINISTERIO DE LA PRESIDENCIA,estatal,Orden,2632,2637,"Orden PRE/3/2010, de 11 de enero, por la que se establece el importe de las tasas por tramitación de autorizaciones administrativas, solicitudes de visados y documentos de identidad en materia de inmigración y extranjería."
2010-01-13,11,1,BOE-A-2010-525,MINISTERIO DE ECONOMÍA Y HACIENDA,estatal,Resolución,2969,2970,"Resolución de 12 de enero de 2010, de la Presidencia del Comisionado para el Mercado de Tabacos, por la que se publican los precios de venta al público de determinadas labores de tabaco en Expendedurías de Tabaco y Timbre de la Península e Illes Balears."
2010-01-13,11,1,BOE-A-2010-526,MINISTERIO DE TRABAJO E INMIGRACIÓN,estatal,Orden,2971,2976,"Orden TIN/3644/2009, de 29 de diciembre, por la que se regulan la composición y funciones de la Comisión Ministerial de Administración Electrónica del Ministerio de Trabajo e Inmigración."
2010-01-14,12,1,BOE-A-2010-560,MINISTERIO DE ECONOMÍA Y HACIENDA,estatal,Resolución,3054,3055,"Resolución de 28 de diciembre de 2009, del Departamento de Aduanas e Impuestos Especiales de la Agencia Estatal de la Administración Tributaria, por la que se modifica la de 9 de diciembre de 2008, por la que se actualiza el Arancel Integrado de Aplicación y la de 12 de diciembre de 2008, por la que se establecen los Códigos estadísticos en la Nomenclatura Combinada por razón de interés nacional."
2010-01-14,12,1,BOE-A-2010-561,MINISTERIO DE POLÍTICA TERRITORIAL,estatal,Corrección,3056,3056,"Corrección de erratas del Real Decreto 2034/2009, de 30 de diciembre, sobre traspaso a la Generalitat de Cataluña de las funciones de la Administración General del Estado correspondientes al servicio de transporte de viajeros por ferrocarril de cercanías."
2010-01-14,12,1,BOE-A-2010-562,MINISTERIO DE CULTURA,estatal,Real Decreto,3057,3061,"Real Decreto 1827/2009, de 27 de noviembre, por el que se otorga el carácter de museo nacional al Museo Romántico, se modifica su denominación por la de Museo Nacional del Romanticismo y se regulan sus fines y organización."
2010-01-14,12,1,BOE-A-2010-563,COMUNIDAD AUTÓNOMA DE CATALUÑA,autonómico,Ley,3062,3123,"Ley 20/2009, de 4 de diciembre, de prevención y control ambiental de las actividades."
2010-01-14,12,1,BOE-A-2010-564,COMUNIDAD DE CASTILLA Y LEÓN,autonómico,Ley,3124,3145,"Ley 10/2009, de 17 de diciembre, de medidas financieras."
2010-01-15,13,1,BOE-A-2010-593,MINISTERIO DE DEFENSA,estatal,Real Decreto,3240,3249,"Real Decreto 1816/2009, de 27 de noviembre, por el que se aprueba el Reglamento de los Archivos Judiciales Militares."
2010-01-15,13,1,BOE-A-2010-594,COMUNIDAD FORAL DE NAVARRA,autonómico,Ley,3250,3251,"Ley Foral 13/2009, de 9 de diciembre, de modificación del artículo 9 de la Ley Foral 6/2006, de Contratos Públicos."
2010-01-15,13,1,BOE-A-2010-595,COMUNIDAD FORAL DE NAVARRA,autonómico,Ley,3252,3253,"Ley Foral 14/2009, de 9 de diciembre, por la que se modifican los artículos 103 y 104 de la Ley Foral 14/2007, de 4 de abril, del Patrimonio de Navarra."
2010-01-15,13,1,BOE-A-2010-596,COMUNIDAD FORAL DE NAVARRA,autonómico,Ley,3254,3262,"Ley Foral 15/2009, de 9 de diciembre, de medidas de simplificación administrativa para la puesta en marcha de actividades empresariales o profesionales."
2010-01-15,13,1,BOE-A-2010-597,COMUNIDAD AUTÓNOMA DE EXTREMADURA,autonómico,Ley,3263,3277,"Ley 6/2009, de 17 de diciembre, del Estatuto de los extremeños en el exterior."
2010-01-15,13,1,BOE-A-2010-598,COMUNIDAD AUTÓNOMA DE EXTREMADURA,autonómico,Ley,3278,3282,"Ley 7/2009, de 17 de diciembre, de enajenación de viviendas de la Comunidad Autónoma de Extremadura."
2010-01-16,14,1,BOE-A-2010-652,MINISTERIO DE ASUNTOS EXTERIORES Y DE COOPERACIÓN,estatal,Tratado o acuerdo internacional,3425,3432,"Protocolo de revisión del Convenio sobre cooperación para la protección y el aprovechamiento sostenible de las aguas de las cuencas hidrográficas hispano-portuguesas y el Protocolo adicional, suscrito en Albufeira el 30 de noviembre de 1998, hecho en Madrid y Lisboa el 4 de abril de 2008."
2010-01-16,14,1,BOE-A-2010-653,MINISTERIO DE DEFENSA,estatal,Real Decreto,3433,3460,"Real Decreto 35/2010, de 15 de enero, por el que se aprueba el Reglamento de ingreso y promoción y de ordenación de la enseñanza de formación en las Fuerzas Armadas."
2010-01-16,14,1,BOE-A-2010-654,MINISTERIO DE TRABAJO E INMIGRACIÓN,estatal,Real Decreto,3461,3474,"Real Decreto 38/2010, de 15 de enero, por el que se modifica el Reglamento sobre colaboración de las mutuas de accidentes de trabajo y enfermedades profesionales de la Seguridad Social, aprobado por el Real Decreto 1993/1995, de 7 de diciembre."
2010-01-16,14,1,BOE-A-2010-655,MINISTERIO DE LA PRESIDENCIA,estatal,Orden,3475,3476,"Orden PRE/23/2010, de 15 de enero, por la que se habilita el Aeropuerto de Huesca-Pirineos como puesto fronterizo."
2010-01-16,14,1,BOE-A-2010-656,COMUNIDAD AUTÓNOMA DE LA RIOJA,autonómico,Ley,3477,3751,"Ley 5/2009, de 15 de diciembre, de Presupuestos Generales de la Comunidad Autónoma de La Rioja para el año 2010."
2010-01-16,14,1,BOE-A-2010-657,COMUNIDAD AUTÓNOMA DE LA RIOJA,autonómico,Ley,3752,3807,"Ley 6/2009, de 15 de diciembre, de Medidas Fiscales y Administrativas para el año 2010."
2010-01-16,14,1,BOE-A-2010-658,COMUNIDAD AUTÓNOMA DE LA RIOJA,autonómico,Ley,3808,3852,"Ley 7/2009, de 22 de diciembre, de Servicios Sociales de La Rioja."
2010-01-18,15,1,BOE-A-2010-727,MINISTERIO DE ECONOMÍA Y HACIENDA,estatal,Resolución,4174,4180,"Resolución de 30 de diciembre de 2009, de la Intervención General de la Administración del Estado, por la que se regula un procedimiento excepcional para el caso de que se produzcan incidencias en el funcionamiento del sistema de información contable de la Administración General del Estado que impidan el registro de las operaciones."
2010-01-18,15,1,BOE-A-2010-728,MINISTERIO DE EDUCACIÓN,estatal,Real Decreto,4181,4183,"Real Decreto 1953/2009, de 18 de diciembre, por el que se modifican el Real Decreto 1577/2006, de 22 de diciembre, el Real Decreto 85/2007, de 26 de enero, y el Real Decreto 1467/2007, de 2 de noviembre, en lo relativo al cálculo de la nota media de los alumnos de las enseñanzas profesionales de música y danza."
2010-01-18,15,1,BOE-A-2010-729,MINISTERIO DE TRABAJO E INMIGRACIÓN,estatal,Orden,4184,4210,"Orden TIN/25/2010, de 12 de enero, por la que se desarrollan las normas de cotización a la Seguridad Social, Desempleo, Fondo de Garantía Salarial y Formación Profesional, contenidas en la Ley 26/2009, de 23 de diciembre, de Presupuestos Generales del Estado para el año 2010."
2010-01-18,15,1,BOE-A-2010-730,"MINISTERIO DE INDUSTRIA, TURISMO Y COMERCIO",estatal,Resolución,4211,4212,"Resolución de 11 de enero de 2010, de la Dirección General de Política Energética y Minas, por la que se hacen públicos los nuevos precios de venta, antes de impuestos, de los gases licuados del petróleo por canalización."
2010-01-18,15,1,BOE-A-2010-731,"MINISTERIO DE MEDIO AMBIENTE, Y MEDIO RURAL Y MARINO",estatal,Real Decreto,4213,4217,"Real Decreto 2008/2009, de 23 de diciembre, por el que se modifica el Real Decreto 930/1998, de 14 de mayo, sobre condiciones generales de idoneidad y titulación de determinadas profesiones de la marina mercante y del sector pesquero."
2010-01-18,15,1,BOE-A-2010-732,COMUNIDAD AUTÓNOMA DE CATALUÑA,autonómico,Ley,4218,4220,"Ley 21/2009, de 18 de diciembre, de concesión de un crédito extraordinario y de un suplemento de crédito a los presupuestos de la Generalidad de Cataluña para 2009."
2010-01-18,15,1,BOE-A-2010-733,COMUNIDAD AUTÓNOMA DE CATALUÑA,autonómico,Ley,4221,4249,"Ley 22/2009, de 23 de diciembre, de ordenación sostenible de la pesca en aguas continentales."
2010-01-18,15,1,BOE-A-2010-734,COMUNIDAD AUTÓNOMA DE CATALUÑA,autonómico,Ley,4250,4260,"Ley 23/2009, de 23 de diciembre, del Centro de Iniciativas para la Reinserción."
2010-01-18,15,1,BOE-A-2010-735,COMUNIDAD AUTÓNOMA DE CATALUÑA,autonómico,Ley,4261,4287,"Ley 24/2009, de 23 de diciembre, del Síndic de Greuges."
2010-01-18,15,1,BOE-A-2010-736,COMUNIDAD AUTÓNOMA DE CATALUÑA,autonómico,Ley,4288,4329,"Ley 25/2009, de 23 de diciembre, de presupuestos de la Generalidad de Cataluña para 2010."
2010-01-18,15,1,BOE-A-2010-737,COMUNIDAD AUTÓNOMA DE CATALUÑA,autonómico,Ley,4330,4387,"Ley 26/2009, de 23 de diciembre, de medidas fiscales, financieras y administrativas."
2010-01-18,15,1,BOE-A-2010-738,COMUNIDAD AUTÓNOMA DE CATALUÑA,autonómico,Decreto-ley,4388,4419,"Decreto-ley 1/2009, de 22 de diciembre, de ordenación de los equipamientos comerciales."
2010-01-18,15,1,BOE-A-2010-739,COMUNIDAD AUTÓNOMA DE CANTABRIA,autonómico,Ley,4420,4436,"Ley 3/2009, de 27 de noviembre, de creación del Instituto Cántabro de Servicios Sociales."
2010-01-19,16,1,BOE-A-2010-833,MINISTERIO DE ECONOMÍA Y HACIENDA,estatal,Resolución,4628,4645,"Resolución de 12 de enero de 2010, de la Dirección General de la Agencia Estatal de Administración Tributaria, por la que se aprueban las directrices generales del Plan General de Control Tributario 2010"
2010-01-19,16,1,BOE-A-2010-834,MINISTERIO DE ECONOMÍA Y HACIENDA,estatal,Resolución,4646,4648,"Resolución de 18 de enero de 2010, de la Presidencia del Comisionado para el Mercado de Tabacos, por la que se publican los precios de venta al público de determinadas labores de tabaco en Expendedurías de Tabaco y Timbre de la Península e Illes Balears."
2010-01-19,16,1,BOE-A-2010-835,MINISTERIO DE FOMENTO,estatal,Real Decreto,4649,4682,"Real Decreto 1919/2009, de 11 de diciembre, por el que se regula la seguridad aeronáutica en las demostraciones aéreas civiles."
2010-01-19,16,1,BOE-A-2010-836,MINISTERIO DE LA PRESIDENCIA,estatal,Real Decreto,4683,4693,"Real Decreto 1/2010, de 8 de enero, de modificación de determinadas obligaciones tributarias formales y procedimientos de aplicación de los tributos y de modificación de otras normas con contenido tributario."
2010-01-19,16,1,BOE-A-2010-837,MINISTERIO DE LA PRESIDENCIA,estatal,Real Decreto,4694,4702,"Real Decreto 2/2010, de 8 de enero, por el que se modifica el Reglamento General del Mutualismo Administrativo, aprobado por Real Decreto 375/2003, de 28 de marzo, en materia de incapacidad temporal y de riesgo durante el embarazo y durante la lactancia natural."
2010-01-20,17,1,BOE-A-2010-881,MINISTERIO DE ECONOMÍA Y HACIENDA,estatal,Resolución,4851,4853,"Resolución de 19 de enero de 2010, de la Presidencia del Comisionado para el Mercado de Tabacos, por la que se publican los precios de venta al público de determinadas labores de tabaco en Expendedurías de Tabaco y Timbre de la Península e Illes Balears."
2010-01-20,17,1,BOE-A-2010-882,MINISTERIO DE EDUCACIÓN,estatal,Orden,4854,4856,"Orden EDU/31/2010, de 14 de enero, por la que se crea la Comisión de Información Administrativa y Atención al Ciudadano del Ministerio de Educación."
2010-01-20,17,1,BOE-A-2010-883,MINISTERIO DE LA PRESIDENCIA,estatal,Real Decreto,4857,5083,"Real Decreto 1955/2009, de 18 de diciembre, por el que se complementa el Catálogo Nacional de Cualificaciones Profesionales, mediante el establecimiento de siete cualificaciones profesionales de la Familia Profesional Artes Gráficas."
2010-01-20,17,1,BOE-A-2010-884,MINISTERIO DE LA PRESIDENCIA,estatal,Real Decreto,5084,5092,"Real Decreto 2033/2009, de 30 de diciembre, por el que se determinan los puestos tipo adscritos al Cuerpo de Secretarios Judiciales a efectos del complemento general de puesto, la asignación inicial del complemento específico y las retribuciones por sustituciones que impliquen el desempeño conjunto de otra función."
2010-01-20,17,1,BOE-A-2010-885,MINISTERIO DE SANIDAD Y POLÍTICA SOCIAL,estatal,Resolución,5093,5095,"Resolución de 29 de diciembre de 2009, de la Agencia Española de Seguridad Alimentaria y Nutrición, por la que se establece el procedimiento para la presentación de la autoliquidación y las condiciones para el pago por vía telemática de las tasas correspondientes a la Agencia Española de Seguridad Alimentaria y Nutrición."
2010-01-20,17,1,BOE-A-2010-886,COMUNIDAD AUTÓNOMA DE ANDALUCÍA,autonómico,Ley,5096,5256,"Ley 5/2009, de 28 de diciembre, del Presupuesto de la Comunidad Autónoma de Andalucía para el año 2010."
2010-01-21,18,1,BOE-A-2010-925,MINISTERIO DE ASUNTOS EXTERIORES Y DE COOPERACIÓN,estatal,Tratado o acuerdo internacional,5590,5592,"Canje de Notas constitutivo de Acuerdo entre el Reino de España y la República de Colombia, sobre participación en las elecciones municipales de los nacionales de cada país residentes en el territorio del otro, hecho en Madrid el 5 de febrero de 2009."
2010-01-21,18,1,BOE-A-2010-926,MINISTERIO DE ECONOMÍA Y HACIENDA,estatal,Orden,5593,5606,"Orden EHA/35/2010, de 20 de enero, por la que se dispone la creación de Deuda del Estado durante el año 2010 y enero de 2011 y se delegan determinadas facultades en la Directora General del Tesoro y Política Financiera."
2010-01-21,18,1,BOE-A-2010-927,"MINISTERIO DE INDUSTRIA, TURISMO Y COMERCIO",estatal,Real Decreto,5607,5619,"Real Decreto 2032/2009, de 30 de diciembre, por el que se establecen las unidades legales de medida."
2010-01-21,18,1,BOE-A-2010-928,MINISTERIO DE LA PRESIDENCIA,estatal,Real Decreto,5620,5876,"Real Decreto 1956/2009, de 18 de diciembre, por el que se complementa el Catálogo Nacional de Cualificaciones Profesionales, mediante el establecimiento de ocho cualificaciones profesionales de la Familia Profesional Industrias Extractivas."
2010-01-21,18,1,BOE-A-2010-929,COMUNIDAD AUTÓNOMA DE CANTABRIA,autonómico,Ley,5877,5885,"Ley 4/2009, de 1 de diciembre, de participación institucional de los Agentes Sociales en el ámbito de la Comunidad Autónoma."
2010-01-21,18,1,BOE-A-2010-930,COMUNIDAD AUTÓNOMA DE CANTABRIA,autonómico,Ley,5886,5935,"Ley 5/2009, de 28 de diciembre, de Presupuestos Generales de la Comunidad Autónoma de Cantabria para el año 2010."
2010-01-21,18,1,BOE-A-2010-931,COMUNIDAD AUTÓNOMA DE CANTABRIA,autonómico,Ley,5936,6048,"Ley 6/2009, de 28 de diciembre, de Medidas Fiscales y de Contenido Financiero."
2010-01-22,19,1,BOE-A-2010-970,MINISTERIO DE ECONOMÍA Y HACIENDA,estatal,Resolución,6145,6146,"Resolución de 21 de enero de 2010, de la Presidencia del Comisionado para el Mercado de Tabacos, por la que se publican los precios de venta al público de determinadas labores de tabaco en Expendedurías de Tabaco y Timbre de la Península e Illes Balears."
2010-01-22,19,1,BOE-A-2010-971,MINISTERIO DE FOMENTO,estatal,Resolución,6147,6150,"Resolución de 7 de enero de 2010, de la Dirección General de Transporte Terrestre, por la que se publica el Acuerdo de Consejo de Ministros de 30 de diciembre de 2009, por el que se modifica la normativa establecida por Acuerdo del Consejo de Ministros de 12 de junio de 2009, reguladora de los préstamos previstos en el plan elaborado por el Ministerio de Fomento para la renovación del parque de autobuses y autocares, denominado Plan Vive Autobuses 2009-2010."
2010-01-22,19,1,BOE-A-2010-972,MINISTERIO DE LA PRESIDENCIA,estatal,Real Decreto,6151,6379,"Real Decreto 1957/2009, de 18 de diciembre, por el que se complementa el Catálogo Nacional de Cualificaciones Profesionales, mediante el establecimiento de nueve cualificaciones profesionales de la Familia Profesional Imagen y Sonido."
2010-01-23,20,1,BOE-A-2010-1009,MINISTERIO DE TRABAJO E INMIGRACIÓN,estatal,Orden,6577,6580,"Orden TIN/51/2010, de 19 de enero, por la que se establecen para el año 2010 las bases de cotización a la Seguridad Social de los trabajadores del Régimen Especial del Mar incluidos en los grupos segundo y tercero."
2010-01-23,20,1,BOE-A-2010-1010,MINISTERIO DE LA PRESIDENCIA,estatal,Real Decreto,6581,6710,"Real Decreto 1958/2009, de 18 de diciembre, por el que se complementa el Catálogo Nacional de Cualificaciones Profesionales, mediante el establecimiento de cuatro cualificaciones profesionales de la Familia Profesional Madera, Mueble y Corcho."
2010-01-23,20,1,BOE-A-2010-1011,MINISTERIO DE LA PRESIDENCIA,estatal,Orden,6711,6734,"Orden PRE/52/2010, de 21 de enero, por la que se modifican los anexos II, IX, XI, XII y XVIII del Reglamento General de Vehículos, aprobado por Real Decreto 2822/1998, de 23 de diciembre."
2010-01-23,20,1,BOE-A-2010-1012,COMUNIDAD AUTÓNOMA DE LAS ILLES BALEARS,autonómico,Decreto,6735,6736,"Decreto 88/2009, de 18 de diciembre, por el que se fija el calendario de días inhábiles para el año 2010 a efectos de plazos administrativos."
2010-01-25,21,1,BOE-A-2010-1083,MINISTERIO DE ASUNTOS EXTERIORES Y DE COOPERACIÓN,estatal,Tratado o acuerdo internacional,6912,6928,"Convenio entre el Reino de España y la República de Serbia para evitar la doble imposición en materia de Impuestos sobre la Renta y sobre el Patrimonio, y Protocolo, hecho en Madrid el 9 de marzo de 2009."
2010-01-25,21,1,BOE-A-2010-1084,MINISTERIO DE LA PRESIDENCIA,estatal,Real Decreto,6929,6931,"Real Decreto 40/2010, de 15 de enero, por el que se modifica el Real Decreto 2242/1984, de 26 de septiembre, por el que se aprueba la reglamentación técnico sanitaria para la elaboración, circulación y comercio de condimentos y especias."
2010-01-25,21,1,BOE-A-2010-1085,MINISTERIO DE LA PRESIDENCIA,estatal,Real Decreto,6932,6934,"Real Decreto 41/2010, de 15 de enero, por el que se modifica el Estatuto de la entidad pública empresarial Loterías y Apuestas del Estado, aprobado por el Real Decreto 2069/1999, de 30 de diciembre."
2010-01-25,21,1,BOE-A-2010-1086,COMUNIDAD AUTÓNOMA DE EXTREMADURA,autonómico,Ley,6935,6970,"Ley 8/2009, de 28 de diciembre, de Presupuestos Generales de la Comunidad Autónoma de Extremadura para 2010."
2010-01-26,22,1,BOE-A-2010-1172,MINISTERIO DE ASUNTOS EXTERIORES Y DE COOPERACIÓN,estatal,Tratado o acuerdo internacional,7235,7250,"Instrumento contemplado por el art 3(2) del Acuerdo de asistencia judicial entre los Estados Unidos de América y la Unión Europea firmado el 25 de junio de 2003, sobre la aplicación del Tratado de asistencia jurídica mutua en materia penal entre USA y el Reino de España firmado el 20 de noviembre de 1990, hecho ad referendum en Madrid el 17 de diciembre de 2004."
2010-01-26,22,1,BOE-A-2010-1173,MINISTERIO DE ASUNTOS EXTERIORES Y DE COOPERACIÓN,estatal,Tratado o acuerdo internacional,7251,7258,"Instrumento previsto en el artículo 3(2) del Acuerdo de Extradición entre la Unión Europea y los Estados Unidos de América de 25 de Junio de 2003, para la aplicación del Tratado de Extradición entre España y EEUU de 29 de mayo de 1979 y Tratado Suplementario de Extradición de 25 de enero de 1975, 9 de febrero de 1988 y 12 de marzo de 1996, hecho ad referendum en Madrid el 17 de diciembre de 2004."
2010-01-26,22,1,BOE-A-2010-1174,MINISTERIO DE ASUNTOS EXTERIORES Y DE COOPERACIÓN,estatal,Corrección,7259,7259,"Corrección de errores del Acuerdo de modificación del Convenio Internacional relativo a la constitución de un mercado ibérico de la energía eléctrica entre el Reino de España y la República Portuguesa, hecho en Braga el 18 de enero de 2008."
2010-01-26,22,1,BOE-A-2010-1175,"MINISTERIO DE INDUSTRIA, TURISMO Y COMERCIO",estatal,Orden,7260,7272,"Orden ITC/69/2010, de 18 de enero, por la que se desarrolla lo establecido en el artículo 10.7 del Real Decreto 425/2005, de 15 de abril, por el que se establecen los requisitos técnicos y las normas de actuación que deben cumplir los centros técnicos para la instalación, verificación, control e inspección de tacógrafos digitales."
2010-01-27,23,1,BOE-A-2010-1247,MINISTERIO DE ASUNTOS EXTERIORES Y DE COOPERACIÓN,estatal,Tratado o acuerdo internacional,7575,7575,"Entrada en vigor del Acuerdo entre el Reino de España y la República francesa referente a la creación de una comisión intergubernamental hispano-francesa para la supervisión de la construcción y explotación de la sección internacional del enlace ferroviario de alta velocidad ""Sur Europa Atlántico"", hecho en Madrid y París el 23 de enero y 8 de febrero de 2008."
2010-01-27,23,1,BOE-A-2010-1248,MINISTERIO DE LA PRESIDENCIA,estatal,Corrección,7576,7598,"Corrección de errores del Real Decreto 1957/2009, de 18 de diciembre, por el que se complementa el Catálogo Nacional de Cualificaciones Profesionales, mediante el establecimiento de nueve cualificaciones profesionales de la Familia Profesional Imagen y Sonido."
2010-01-28,24,1,BOE-A-2010-1275,MINISTERIO DE FOMENTO,estatal,Real Decreto,7701,7709,"Real Decreto 1952/2009, de 18 de diciembre, por el que se adoptan requisitos relativos a las limitaciones del tiempo de vuelo y actividad y requisitos de descanso de las tripulaciones de servicio en aviones que realicen transporte aéreo comercial."
2010-01-28,24,1,BOE-A-2010-1276,MINISTERIO DE FOMENTO,estatal,Real Decreto,7710,7711,"Real Decreto 2006/2009, de 23 de diciembre, por el que se modifica el Real Decreto 259/2002, de 8 de marzo, por el que se actualizan las medidas de seguridad en la utilización de motos náuticas."
2010-01-28,24,1,BOE-A-2010-1277,MINISTERIO DE FOMENTO,estatal,Orden,7712,7714,"Orden FOM/3717/2009, de 30 de diciembre, por la que se modifica parcialmente el anexo I del Decreto 1675/1972, de 26 de junio, por el que se aprueban las tarifas a aplicar por el uso de la red de ayudas a la navegación aérea (Eurocontrol) y se modifica el tipo de interés por mora en el pago de dichas tarifas."
2010-01-28,24,1,BOE-A-2010-1278,TRIBUNAL SUPREMO,estatal,Resolución judicial,7715,7715,"Providencia de 14 de enero de 2010, dictada por la Sala Tercera del Tribunal Supremo, por la que se admite a trámite la cuestión de ilegalidad planteada por el Juzgado Central de lo Contencioso-Administrativo nº 6 de Madrid, sobre el inciso ""más representativos"" del artículo 14.1 del Real Decreto 1046/2003, de 1 de agosto, por el que se regula el subsistema de Formación Profesional Continua."
2010-01-28,24,1,BOE-A-2010-1279,COMUNITAT VALENCIANA,autonómico,Ley,7716,7769,"Ley 12/2009, de 23 de diciembre, de medidas fiscales, de gestión administrativa y financiera, y de organización de la Generalitat."
2010-01-28,24,1,BOE-A-2010-1280,COMUNITAT VALENCIANA,autonómico,Ley,7770,7922,"Ley 13/2009, de 29 de diciembre, de presupuestos de la Generalitat para el ejercicio 2010."
2010-01-29,25,1,BOE-A-2010-1330,MINISTERIO DE LA PRESIDENCIA,estatal,Real Decreto,8089,8138,"Real Decreto 3/2010, de 8 de enero, por el que se regula el Esquema Nacional de Seguridad en el ámbito de la Administración Electrónica."
2010-01-29,25,1,BOE-A-2010-1331,MINISTERIO DE LA PRESIDENCIA,estatal,Real Decreto,8139,8156,"Real Decreto 4/2010, de 8 de enero, por el que se regula el Esquema Nacional de Interoperabilidad en el ámbito de la Administración Electrónica."
2010-01-29,25,1,BOE-A-2010-1332,MINISTERIO DE LA PRESIDENCIA,estatal,Orden,8157,8163,"Orden PRE/92/2010, de 22 de enero, por la que se establecen las normas para la Inspección Técnica de Vehículos Automóviles y Remolques de la Guardia Civil."
2010-01-30,26,1,BOE-A-2010-1392,MINISTERIO DE ECONOMÍA Y HACIENDA,estatal,Orden,8300,8325,"Orden EHA/97/2010, de 25 de enero, por la que se aprueba el modelo 170 de declaración de las operaciones realizadas por los empresarios o profesionales adheridos al sistema de gestión de cobros a través de tarjetas de crédito o de débito, así como los diseños físicos y lógicos para la presentación en soporte directamente legible por ordenador y se establecen las condiciones y el procedimiento para su presentación telemática."
2010-01-30,26,1,BOE-A-2010-1393,MINISTERIO DE ECONOMÍA Y HACIENDA,estatal,Orden,8326,8349,"Orden EHA/98/2010, de 25 de enero, por la que se aprueba el modelo 171 de declaración informativa anual de imposiciones, disposiciones de fondos y de los cobros de cualquier documento, así como los diseños físicos y lógicos para la presentación en soporte directamente legible por ordenador y se establecen las condiciones y el procedimiento para su presentación telemática."
2010-01-30,26,1,BOE-A-2010-1394,MINISTERIO DE ECONOMÍA Y HACIENDA,estatal,Orden,8350,8438,"Orden EHA/99/2010, de 28 de enero, por la que se desarrollan para el año 2010 el método de estimación objetiva del Impuesto sobre la Renta de las Personas Físicas y el régimen especial simplificado del Impuesto sobre el Valor Añadido."
2010-01-30,26,1,BOE-A-2010-1395,MINISTERIO DE ECONOMÍA Y HACIENDA,estatal,Resolución,8439,8448,"Resolución de 29 de enero de 2010, de la Presidencia del Comisionado para el Mercado de Tabacos, por la que se publican los precios de venta al público de determinadas labores de tabaco en Expendedurías de Tabaco y Timbre del Área del Monopolio."
2010-01-30,26,1,BOE-A-2010-1396,"MINISTERIO DE MEDIO AMBIENTE, Y MEDIO RURAL Y MARINO",estatal,Real Decreto,8449,8523,"Real Decreto 66/2010, de 29 de enero, sobre la aplicación en el año 2010 y 2011 de los pagos directos a la agricultura y a la ganadería."
2010-01-30,26,1,BOE-A-2010-1397,COMUNIDAD AUTÓNOMA DE CANARIAS,autonómico,Ley,8524,8531,"Ley 11/2009, de 15 de diciembre, reguladora de la Ordenación Territorial de las Telecomunicaciones de Canarias."
2010-01-30,26,1,BOE-A-2010-1398,COMUNIDAD AUTÓNOMA DE CANARIAS,autonómico,Ley,8532,8559,"Ley 12/2009, de 16 de diciembre, reguladora de la Licencia Comercial."
2010-01-30,26,1,BOE-A-2010-1399,COMUNIDAD AUTÓNOMA DE LAS ILLES BALEARS,autonómico,Ley,8560,8565,"Ley 7/2009, de 11 de diciembre, electoral de los Consejos Insulares."
2010-01-30,26,1,BOE-A-2010-1400,COMUNIDAD AUTÓNOMA DE LAS ILLES BALEARS,autonómico,Ley,8566,8585,"Ley 8/2009, de 16 de diciembre, de reforma de la Ley 11/2001, de 15 de junio, de ordenación de la actividad comercial en las Illes Balears para la transposición de la Directiva 2006/123/CE del Parlamento Europeo y del Consejo, de 12 de diciembre de 2006, relativa a los servicios en el mercado interior."
2010-01-30,26,1,BOE-A-2010-1401,COMUNIDAD AUTÓNOMA DE LAS ILLES BALEARS,autonómico,Ley,8586,8632,"Ley 9/2009, de 21 de diciembre, de presupuestos generales de la Comunidad Autónoma de las Illes Balears para el año 2010."
2010-02-01,27,1,BOE-A-2010-1453,MINISTERIO DE ASUNTOS EXTERIORES Y DE COOPERACIÓN,estatal,Tratado o acuerdo internacional,8960,8966,"Acuerdo entre el Reino de España y la República Eslovaca para la protección mutua de Información Clasificada, hecho en Bratislava el 20 de enero de 2009."
2010-02-01,27,1,BOE-A-2010-1454,MINISTERIO DE ECONOMÍA Y HACIENDA,estatal,Real Decreto,8967,8977,"Real Decreto 36/2010, de 15 de enero, por el que se modifica el Real Decreto 1199/1999, de 9 de julio, por el que se desarrolla la Ley 13/1998, de 4 de mayo, de Ordenación del Mercado de Tabacos y Normativa Tributaria, y se regula el estatuto concesional de la red de expendedurías de tabaco y timbre."
2010-02-01,27,1,BOE-A-2010-1455,MINISTERIO DE TRABAJO E INMIGRACIÓN,estatal,Corrección,8978,8978,"Corrección de errores de la Resolución de 23 de diciembre de 2009, de la Tesorería General de la Seguridad Social, por la que se modifica el ámbito territorial de las unidades de recaudación ejecutiva de la Seguridad Social en determinadas direcciones provinciales."
2010-02-02,28,1,BOE-A-2010-1576,MINISTERIO DE ASUNTOS EXTERIORES Y DE COOPERACIÓN,estatal,Tratado o acuerdo internacional,9261,9264,"Acuerdo entre España y Canadá relativo a los programas de movilidad de jóvenes, hecho en Ottawa el 10 de marzo de 2009."
2010-02-02,28,1,BOE-A-2010-1577,MINISTERIO DE ASUNTOS EXTERIORES Y DE COOPERACIÓN,estatal,Corrección,9265,9265,"Corrección de errores del Real Decreto 2002/2009, de 23 de diciembre, por el que se modifica el Reglamento de la Oficina de Interpretación de Lenguas del Ministerio de Asuntos Exteriores, aprobado por Real Decreto 2555/1977, de 27 de agosto."
2010-02-02,28,1,BOE-A-2010-1578,"MINISTERIO DE INDUSTRIA, TURISMO Y COMERCIO",estatal,Resolución,9266,9273,"Resolución de 22 de diciembre de 2009, de la Comisión Nacional de Energía, por la que se modifica la de 26 de febrero de 2004, modificada por la de 7 de abril de 2006, por la que se establece la aplicación del procedimiento para la presentación de la autoliquidación y las condiciones para el pago de las tasas establecidas en la disposición adicional duodécima.2, segundo y tercero, de la Ley 34/1998, de 7 de octubre, en relación con el sector eléctrico y de hidrocarburos gaseosos."
2010-02-02,28,1,BOE-A-2010-1579,"MINISTERIO DE INDUSTRIA, TURISMO Y COMERCIO",estatal,Resolución,9274,9280,"Resolución de 27 de enero de 2010, de la Secretaría de Estado de Turismo, por la que se publica el Acuerdo del Consejo de Ministros de 22 de enero de 2010 por el que se establece la normativa reguladora de los préstamos correspondientes a la línea para la mejora de la sostenibilidad del sector turístico -Plan FuturE-."
2010-02-02,28,1,BOE-A-2010-1580,MINISTERIO DE SANIDAD Y POLÍTICA SOCIAL,estatal,Corrección,9281,9283,"Corrección de errores de la Resolución de 29 de diciembre de 2009, de la Agencia Española de Seguridad Alimentaria y Nutrición, por la que se establece el procedimiento para la presentación de la autoliquidación y las condiciones para el pago por vía telemática de las tasas correspondientes a la Agencia Española de Seguridad Alimentaria y Nutrición."
2010-02-03,29,1,BOE-A-2010-1656,PRESIDENCIA DEL GOBIERNO,estatal,Real Decreto,9672,9672,"Real Decreto 94/2010, de 2 de febrero, por el que se declara luto oficial con motivo del fallecimiento de un militar del contingente militar español en la Fuerza Internacional de Asistencia para la Seguridad en Afganistán."
2010-02-03,29,1,BOE-A-2010-1657,MINISTERIO DE ASUNTOS EXTERIORES Y DE COOPERACIÓN,estatal,Resolución,9673,9673,"Resolución de 27 de enero de 2010, de la Secretaría General Técnica, por la que se dispone la publicación de la Declaración elaborada por el Ministerio del Interior en cumplimiento de lo dispuesto en el Convenio de cooperación transfronteriza en materia policial y aduanera entre el Reino de España y la República Francesa, hecho ""ad referéndum"" en Blois el 7 de julio de 1998."
2010-02-03,29,1,BOE-A-2010-1658,MINISTERIO DE DEFENSA,estatal,Resolución,9674,9675,"Resolución 4B0/38010/2010, de 25 de enero, del Instituto Social de las Fuerzas Armadas, por la que se corrigen errores en la Resolución 4B0/38276/2009, de 16 de diciembre, por la que se aprueba la Cartera de Servicios de Asistencia Sanitaria del ISFAS."
2010-02-03,29,1,BOE-A-2010-1659,"MINISTERIO DE INDUSTRIA, TURISMO Y COMERCIO",estatal,Orden,9676,9680,"Orden ITC/164/2010, de 28 de enero, por la que se crea la Sede Electrónica en el Ministerio de Industria, Turismo y Comercio."
2010-02-03,29,1,BOE-A-2010-1660,MINISTERIO DE LA PRESIDENCIA,estatal,Real Decreto,9681,9683,"Real Decreto 49/2010, de 22 de enero, por el que se crea el Registro Administrativo de Empresas de Inserción del Ministerio de Trabajo e Inmigración."
2010-02-04,30,1,BOE-A-2010-1701,MINISTERIO DE ASUNTOS EXTERIORES Y DE COOPERACIÓN,estatal,Tratado o acuerdo internacional,9803,9803,"Entrada en vigor del Acuerdo especial entre el Reino de España y la Organización Europea de Patentes relativo a la cooperación en cuestiones relacionadas con el Tratado de Cooperación en materia de Patentes (PCT), hecho en Munich y Madrid el 2 de julio y 18 de diciembre de 2008."
2010-02-04,30,1,BOE-A-2010-1702,MINISTERIO DE ECONOMÍA Y HACIENDA,estatal,Corrección,9804,9806,"Corrección de errores de la Orden EHA/3476/2009, de 17 de diciembre, por la que se aprueban los precios medios de venta aplicables en la gestión del Impuesto sobre Transmisiones Patrimoniales y Actos Jurídicos Documentados, Impuesto sobre Sucesiones y Donaciones e Impuesto Especial sobre Determinados Medios de Transporte."
2010-02-04,30,1,BOE-A-2010-1703,MINISTERIO DE TRABAJO E INMIGRACIÓN,estatal,Corrección,9807,9807,"Corrección de errores de la Orden TIN/25/2010, de 12 de enero, por la que se desarrollan las normas de cotización a la Seguridad Social, Desempleo, Fondo de Garantía Salarial y Formación Profesional, contenidas en la Ley 26/2009, de 23 de diciembre, de Presupuestos Generales del Estado para el año 2010."
2010-02-04,30,1,BOE-A-2010-1704,"MINISTERIO DE INDUSTRIA, TURISMO Y COMERCIO",estatal,Real Decreto,9808,9809,"Real Decreto 39/2010, de 15 de enero, por el que se derogan diversas normas estatales sobre acceso a actividades turísticas y su ejercicio."
2010-02-04,30,1,BOE-A-2010-1705,MINISTERIO DE SANIDAD Y POLÍTICA SOCIAL,estatal,Real Decreto,9810,9815,"Real Decreto 42/2010, de 15 de enero, por el que se regula la Comisión Nacional de Reproducción Humana Asistida."
2010-02-04,30,1,BOE-A-2010-1706,COMUNIDAD AUTÓNOMA DE GALICIA,autonómico,Ley,9816,9834,"Ley 6/2009, de 11 de diciembre, de modificación de la Ley 11/2008, de 3 de diciembre, de pesca de Galicia."
2010-02-04,30,1,BOE-A-2010-1707,COMUNIDAD AUTÓNOMA DE GALICIA,autonómico,Ley,9835,9841,"Ley 7/2009, de 22 de diciembre, de modificación de la Ley 10/1988, de 20 de julio, de ordenación del comercio interior de Galicia."
2010-02-04,30,1,BOE-A-2010-1708,COMUNIDAD AUTÓNOMA DE GALICIA,autonómico,Ley,9842,9863,"Ley 8/2009, de 22 de diciembre, por la que se regula el aprovechamiento eólico en Galicia y se crean el canon eólico y el Fondo de Compensación Ambiental."
2010-02-04,30,1,BOE-A-2010-1709,COMUNIDAD AUTÓNOMA DE ARAGÓN,autonómico,Ley,9864,9865,"Ley 8/2009, de 22 de diciembre, por la que se modifica la Ley 6/2002, de 15 de abril, de Salud de Aragón, en lo relativo a voluntades anticipadas."
2010-02-04,30,1,BOE-A-2010-1710,COMUNIDAD AUTÓNOMA DE ARAGÓN,autonómico,Ley,9866,9874,"Ley 9/2009, de 22 de diciembre, reguladora de los Concejos Abiertos."
2010-02-04,30,1,BOE-A-2010-1711,COMUNIDAD AUTÓNOMA DE ARAGÓN,autonómico,Ley,9875,9887,"Ley 10/2009, de 22 de diciembre, de uso, protección y promoción de las lenguas propias de Aragón."
2010-02-04,30,1,BOE-A-2010-1712,COMUNIDAD AUTÓNOMA DE EXTREMADURA,autonómico,Ley,9888,9895,"Ley 1/2010, de 7 de enero, del Consejo Social de la Universidad de Extremadura."
2010-02-04,30,1,BOE-A-2010-1713,COMUNIDAD DE CASTILLA Y LEÓN,autonómico,Ley,9896,9945,"Ley 11/2009, de 22 de diciembre, de Presupuestos Generales de la Comunidad de Castilla y León para 2010."
2010-02-05,31,1,BOE-A-2010-1819,MINISTERIO DE ECONOMÍA Y HACIENDA,estatal,Resolución,10491,10497,"Resolución de 31 de enero de 2010, de la Dirección General de Seguros y Fondos de Pensiones, por la que se da publicidad a las cuantías de las indemnizaciones por muerte, lesiones permanentes e incapacidad temporal que resultarán de aplicar durante 2010 el sistema para la valoración de los daños y perjuicios causados a las personas en accidentes de circulación."
2010-02-05,31,1,BOE-A-2010-1820,MINISTERIO DE FOMENTO,estatal,Orden,10498,10548,"Orden FOM/188/2010, de 25 de enero, por la que se actualizan las condiciones técnicas del Real Decreto 809/1999, de 14 de mayo, por el que se regulan los requisitos que deben reunir los equipos marinos destinados a ser embarcados en los buques, en aplicación de la Directiva 96/98/CE, modificada por la Directiva 98/85/CE."
2010-02-05,31,1,BOE-A-2010-1821,MINISTERIO DE FOMENTO,estatal,Orden,10549,10550,"Orden FOM/189/2010, de 26 de enero, por la que se modifica la Orden FOM/3200/2007, de 26 de octubre, por la que se regulan las condiciones para el gobierno de las embarcaciones de recreo."
2010-02-05,31,1,BOE-A-2010-1822,MINISTERIO DE LA PRESIDENCIA,estatal,Resolución,10551,10552,"Resolución de 27 de octubre de 2009, de la Subsecretaría, por la que se establece el procedimiento para la liquidación y el pago por vía telemática de la tasa con código 060 ""Tasa por controles de sanidad exterior realizados a carnes y productos de origen animal de países no comunitarios""."
2010-02-05,31,1,BOE-A-2010-1823,MINISTERIO DE LA PRESIDENCIA,estatal,Resolución,10553,10554,"Resolución de 23 de diciembre de 2009, de la Subsecretaría, por la que se establece el procedimiento para la liquidación y el pago por vía telemática de la tasa con código 058 ""Tasa por vacunación de viajeros internacionales""."
2010-02-05,31,1,BOE-A-2010-1824,BANCO DE ESPAÑA,estatal,Instrucción o circular,10555,10565,"Circular 1/2010, de 27 de enero, del Banco de España, a entidades de crédito, sobre estadísticas de los tipos de interés que se aplican a los depósitos y a los créditos frente a los hogares y las sociedades no financieras."
2010-02-05,31,1,BOE-A-2010-1825,BANCO DE ESPAÑA,estatal,Instrucción o circular,10566,10581,"Circular 2/2010, de 27 de enero, del Banco de España, a entidades de crédito, de modificación de la Circular 4/2004, de 22 de diciembre, sobre normas de información financiera pública y reservada, y modelos de estados financieros."
2010-02-05,31,1,BOE-A-2010-1826,COMUNIDAD AUTÓNOMA DEL PAÍS VASCO,autonómico,Resolución,10582,10583,"Resolución de 21 de enero de 2010, de la Dirección de Tráfico, del Departamento de Interior, de corrección de errores de la de 14 de diciembre de 2009, por la que se establecen medidas especiales de regulación de tráfico durante el año 2010 en la Comunidad Autónoma del País Vasco."
2010-02-05,32,1,BOE-A-2010-1916,JEFATURA DEL ESTADO,estatal,Real Decreto-ley,10962,10973,"Real Decreto-ley 1/2010, de 5 de febrero, por el que se regula la prestación de servicios de tránsito aéreo, se establecen las obligaciones de los proveedores civiles de dichos servicios y se fijan determinadas condiciones laborales para los controladores civiles de tránsito aéreo."
2010-02-06,33,1,BOE-A-2010-1917,MINISTERIO DE EDUCACIÓN,estatal,Real Decreto,10974,11038,"Real Decreto 37/2010, de 15 de enero, por el que se establecen los títulos de Técnico superior de Artes Plásticas y Diseño en Cerámica Artística, en Modelismo y Matricería Cerámica y en Recubrimientos Cerámicos y los títulos de Técnico de Artes Plásticas y Diseño en Alfarería y en Decoración Cerámica, pertenecientes a la familia profesional artística de la Cerámica Artística y se aprueban las correspondientes enseñanzas mínimas."
2010-02-06,33,1,BOE-A-2010-1918,MINISTERIO DE EDUCACIÓN,estatal,Real Decreto,11039,11040,"Real Decreto 48/2010, de 22 de enero, por el que se modifica el Real Decreto 276/2007, de 23 de febrero, por el que se aprueba el Reglamento de ingreso, accesos y adquisición de nuevas especialidades en los cuerpos docentes a que se refiere la Ley Orgánica 2/2006, de 3 de mayo, de Educación, y se regula el régimen transitorio de ingreso a que se refiere la disposición transitoria decimoséptima de la citada ley."
2010-02-06,33,1,BOE-A-2010-1919,MINISTERIO DE EDUCACIÓN,estatal,Orden,11041,11047,"Orden EDU/207/2010, de 27 de enero, por la que se regula la Comisión Ministerial de Administración Electrónica del Ministerio de Educación."
2010-02-06,33,1,BOE-A-2010-1920,MINISTERIO DE LA PRESIDENCIA,estatal,Real Decreto,11048,11058,"Real Decreto 106/2010, de 5 de febrero, por el que se modifican diversos reales decretos en materia veterinaria y zootécnica y se simplifican los procedimientos para confeccionar listas y publicar información en dichos ámbitos."
2010-02-06,33,1,BOE-A-2010-1921,MINISTERIO DE LA PRESIDENCIA,estatal,Real Decreto,11059,11061,"Real Decreto 108/2010, de 5 de febrero, por el que se modifican diversos reales decretos en materia de agricultura e industrias agrarias, para su adaptación a la Ley 17/2009, de 23 de noviembre, sobre el libre acceso de las actividades de servicios y su ejercicio."
2010-02-08,34,1,BOE-A-2010-1958,TRIBUNAL CONSTITUCIONAL,estatal,Resolución judicial,11211,11211,"Recurso de inconstitucionalidad nº 8111-2006, en relación con el artículo 6 de la Ley de las Cortes de Castilla-La Mancha 10/2005, de 15 de diciembre, de horarios comerciales."
2010-02-08,34,1,BOE-A-2010-1959,CONSEJO GENERAL DEL PODER JUDICIAL,estatal,Resolución judicial,11212,11212,"Acuerdo de 1 de febrero de 2010, de la Comisión Permanente del Consejo General del Poder Judicial, por el que se modifica el de 2 de junio de 1998, sobre horario del Registro General."
2010-02-08,34,1,BOE-A-2010-1960,MINISTERIO DE ASUNTOS EXTERIORES Y DE COOPERACIÓN,estatal,Tratado o acuerdo internacional,11213,11213,"Declaración de aceptación por España de la adhesión de la República de Islandia al Convenio sobre la obtención de pruebas en el extranjero en materia civil o mercantil (publicado en el ""Boletín Oficial del Estado"" n.º 203, de 25 de agosto de 1987), hecho en La Haya el 18 de marzo de 1970."
2010-02-09,35,1,BOE-A-2010-2092,MINISTERIO DE ASUNTOS EXTERIORES Y DE COOPERACIÓN,estatal,Tratado o acuerdo internacional,11891,11894,"Canje de Notas, de 12 de mayo de 2009, constitutivo de Acuerdo entre el Reino de España y la República de Chile sobre participación en las elecciones municipales de los nacionales de cada país residentes en el territorio del otro."
2010-02-09,35,1,BOE-A-2010-2093,MINISTERIO DE ASUNTOS EXTERIORES Y DE COOPERACIÓN,estatal,Resolución,11895,11899,"Resolución de 30 de diciembre de 2009, de la Presidencia de la Agencia Española de Cooperación Internacional para el Desarrollo, por la que se crea la Sede Electrónica y el Registro Electrónico de la Agencia Española de Cooperación Internacional para el Desarrollo."
2010-02-09,35,1,BOE-A-2010-2094,MINISTERIO DE ECONOMÍA Y HACIENDA,estatal,Corrección,11900,11900,"Corrección de errores del Real Decreto 1917/2009, de 11 de diciembre, por el que se aprueba el Programa anual 2010 del Plan Estadístico Nacional 2009-2012."
2010-02-09,35,1,BOE-A-2010-2095,MINISTERIO DE ECONOMÍA Y HACIENDA,estatal,Resolución,11901,11903,"Resolución de 1 de febrero de 2010, de la Presidencia de la Comisión Nacional de la Competencia, por la que se crea la Sede Electrónica del organismo."
2010-02-09,35,1,BOE-A-2010-2096,"MINISTERIO DE INDUSTRIA, TURISMO Y COMERCIO",estatal,Resolución,11904,11905,"Resolución de 27 de enero de 2010, de la Dirección General de Política Energética y Minas, por la que se fijan los precios de los combustibles definitivos del segundo semestre de 2009 a aplicar en el cálculo de la prima de funcionamiento de cada grupo generador, los costes de logística para 2010 y los precios de los combustibles provisionales del primer semestre de 2010 a aplicar para efectuar el despacho de los costes variables de generación en los sistemas eléctricos insulares y extrapeninsulares."
2010-02-09,35,1,BOE-A-2010-2097,COMUNIDAD AUTÓNOMA DE CATALUÑA,autonómico,Resolución,11906,11925,"Resolución IRP/77/2010, de 19 de enero, por la que se establecen medidas de regulación de la circulación y del transporte de mercancías por las carreteras de Cataluña para el 2010."
2010-02-10,36,1,BOE-A-2010-2157,MINISTERIO DE ASUNTOS EXTERIORES Y DE COOPERACIÓN,estatal,Corrección,12155,12155,"Corrección de errores de la Aplicación Provisional del Acuerdo de Cooperación en materia de inmigración entre el Reino de España y la República de Guinea Bissau, hecho ""ad referendum"" en Bissau el 27 de enero de 2008 y Canje de Notas de fechas 11 de julio y 29 de septiembre de 2008, efectuando rectificaciones."
2010-02-10,36,1,BOE-A-2010-2158,MINISTERIO DE EDUCACIÓN,estatal,Resolución,12156,12163,"Resolución de 21 de enero de 2010, de la Secretaría General de Universidades, por la que se publica el Acuerdo de Consejo de Ministros de 15 de enero de 2010, por el que se establece el carácter oficial de determinados títulos universitarios de Doctor y su inscripción en el Registro de Universidades, Centros y Títulos."
2010-02-10,36,1,BOE-A-2010-2159,"MINISTERIO DE INDUSTRIA, TURISMO Y COMERCIO",estatal,Corrección,12164,12164,"Corrección de errores de la Orden ITC/3519/2009, de 28 de diciembre, por la que se revisan los peajes de acceso a partir de 1 de enero de 2010 y las tarifas y primas de las instalaciones del régimen especial."
2010-02-10,36,1,BOE-A-2010-2160,"MINISTERIO DE INDUSTRIA, TURISMO Y COMERCIO",estatal,Resolución,12165,12168,"Resolución de 29 de enero de 2010, de la Presidencia de la Entidad Pública empresarial Red.es, por la que se crea la Sede Electrónica de la entidad."
2010-02-10,36,1,BOE-A-2010-2161,MINISTERIO DE LA PRESIDENCIA,estatal,Real Decreto,12169,12181,"Real Decreto 67/2010, de 29 de enero, de adaptación de la legislación de Prevención de Riesgos Laborales a la Administración General del Estado."
2010-02-10,36,1,BOE-A-2010-2162,COMUNIDAD AUTÓNOMA DE ARAGÓN,autonómico,Ley,12182,12192,"Ley 11/2009, de 30 de diciembre, de la Cámara de Cuentas de Aragón."
2010-02-10,36,1,BOE-A-2010-2163,COMUNIDAD AUTÓNOMA DE ARAGÓN,autonómico,Ley,12193,12245,"Ley 12/2009, de 30 de diciembre, de Presupuestos de la Comunidad Autónoma de Aragón para el ejercicio 2010."
2010-02-10,36,1,BOE-A-2010-2164,COMUNIDAD AUTÓNOMA DE ARAGÓN,autonómico,Ley,12246,12410,"Ley 13/2009, de 30 de diciembre, de Medidas Tributarias de la Comunidad Autónoma de Aragón."
2010-02-11,37,1,BOE-A-2010-2187,COMUNIDAD DE MADRID,autonómico,Ley,12477,12479,"Ley 6/2009, de 16 de noviembre, de Libertad de Elección en la Sanidad de la Comunidad de Madrid."
2010-02-12,38,1,BOE-A-2010-2273,MINISTERIO DE LA PRESIDENCIA,estatal,Corrección,12786,12786,"Corrección de errores del Real Decreto 1826/2009, de 27 de noviembre, por el que se modifica el Reglamento de instalaciones térmicas en los edificios, aprobado por Real Decreto 1027/2007, de 20 de julio."
2010-02-12,38,1,BOE-A-2010-2274,MINISTERIO DE LA PRESIDENCIA,estatal,Orden,12787,12791,"Orden PRE/261/2010, de 29 de enero, por la que se regula la Comisión Ministerial de Administración Electrónica del Ministerio de la Presidencia."
2010-02-12,38,1,BOE-A-2010-2275,MINISTERIO DE LA PRESIDENCIA,estatal,Orden,12792,12800,"Orden PRE/262/2010, de 5 de febrero, por la que se aprueban las normas reguladoras de las escalas de los buques de la Armada en los puertos de interés general."
2010-02-13,39,1,BOE-A-2010-2329,MINISTERIO DE ECONOMÍA Y HACIENDA,estatal,Real Decreto,13042,13045,"Real Decreto 130/2010, de 12 de febrero, por el que se establecen las normas para garantizar el funcionamiento de los servicios mínimos esenciales en la corporación RTVE, S.A., y en las sociedades mercantiles estatales TVE, RNE."
2010-02-13,39,1,BOE-A-2010-2330,MINISTERIO DE EDUCACIÓN,estatal,Orden,13046,13047,"Orden EDU/268/2010, de 11 de febrero, por la que se modifica la Orden EDU/1434/2009, de 29 de mayo, por la que se actualizan los anexos del Real Decreto 1892/2008, de 14 de noviembre, por el que se regulan las condiciones para el acceso a las enseñanzas universitarias oficiales de grado y los procedimientos de admisión a las universidades públicas españolas."
2010-02-13,39,1,BOE-A-2010-2331,MINISTERIO DE CULTURA,estatal,Corrección,13048,13048,"Corrección de errores del Real Decreto 1790/2009, de 20 de noviembre, por el que se crea y regula la Comisión Nacional para la conmemoración del centenario del nacimiento de Miguel Hernández."
2010-02-15,40,1,BOE-A-2010-2399,MINISTERIO DEL INTERIOR,estatal,Resolución,13509,13538,"Resolución de 25 de enero de 2010, de la Dirección General de Tráfico, por la que se establecen medidas especiales de regulación del tráfico durante el año 2010."
2010-02-15,40,1,BOE-A-2010-2400,"MINISTERIO DE INDUSTRIA, TURISMO Y COMERCIO",estatal,Resolución,13539,13540,"Resolución de 4 de febrero de 2010, de la Dirección General de Política Energética y Minas, por la que se hacen públicos los nuevos precios de venta, antes de impuestos, de los gases licuados del petróleo por canalización."
2010-02-16,41,1,BOE-A-2010-2523,JEFATURA DEL ESTADO,estatal,Otras,14262,14262,"Corrección de error de la Ley 15/2009, de 11 de noviembre, del contrato de transporte terrestre de mercancías."
2010-02-16,41,1,BOE-A-2010-2524,JEFATURA DEL ESTADO,estatal,Otras,14263,14266,"Tercer Acta de corrección de errores del Tratado de Lisboa por el que se modifican el Tratado de la Unión Europea y el Tratado Constitutivo de la Comunidad Europea, hecho en Lisboa el 13 de diciembre de 2007."
2010-02-16,41,1,BOE-A-2010-2525,MINISTERIO DE ASUNTOS EXTERIORES Y DE COOPERACIÓN,estatal,Tratado o acuerdo internacional,14267,14272,"Convenio Básico de Cooperación entre el Reino de España y la República de El Salvador, hecho ""ad referendum"" en San Salvador el 29 de octubre de 2008."
2010-02-16,41,1,BOE-A-2010-2526,MINISTERIO DE ECONOMÍA Y HACIENDA,estatal,Resolución,14273,14276,"Resolución de 28 de enero de 2010, del Departamento de Aduanas e Impuestos Especiales de la Agencia Estatal de Administración Tributaria, en la que se recoge el procedimiento para la asignación del número de Registro e Identificación de Operadores Económicos (EORI)."
2010-02-16,41,1,BOE-A-2010-2527,MINISTERIO DE TRABAJO E INMIGRACIÓN,estatal,Real Decreto,14277,14278,"Real Decreto 133/2010, de 12 de febrero, por el que se establece la prórroga del programa temporal de protección por desempleo e inserción, regulado por la Ley 14/2009, de 11 de noviembre."
2010-02-16,41,1,BOE-A-2010-2528,"MINISTERIO DE INDUSTRIA, TURISMO Y COMERCIO",estatal,Resolución,14279,14280,"Resolución de 10 de febrero de 2010, de la Secretaría General de Industria, por la que se publica el Acuerdo de Consejo de Ministros de 30 de diciembre de 2009, por el que se modifica la normativa reguladora de los préstamos previstos en el Plan elaborado por el Ministerio de Industria, Turismo y Comercio para la renovación del parque automovilístico (Plan VIVE 2008-2010)."
2010-02-16,41,1,BOE-A-2010-2529,MINISTERIO DE LA PRESIDENCIA,estatal,Real Decreto,14281,14282,"Real Decreto 107/2010, de 5 de febrero, por el que se modifica el Reglamento de organización y funcionamiento de la Inspección de Trabajo y Seguridad Social, aprobado por el Real Decreto 138/2000, de 4 de febrero."
2010-02-16,41,1,BOE-A-2010-2530,MINISTERIO DE SANIDAD Y POLÍTICA SOCIAL,estatal,Corrección,14283,14283,"Corrección de errores de la Orden SAS/3499/2009, de 23 de diciembre, por la que se determinan los nuevos conjuntos de medicamentos, sus precios de referencia, y se revisan los precios de referencia determinados y revisados por Orden SCO/3803/2008, de 23 de diciembre."
2010-02-16,41,1,BOE-A-2010-2531,COMUNIDAD AUTÓNOMA DE CANTABRIA,autonómico,Corrección,14284,14292,"Corrección de errores de la Ley 6/2009, de 28 de diciembre, de medidas fiscales y de contenido financiero."
2010-02-17,42,1,BOE-A-2010-2564,MINISTERIO DE TRABAJO E INMIGRACIÓN,estatal,Otras,14532,14532,"Corrección de errata del Real Decreto 133/2010, de 12 de febrero, por el que se establece la prórroga del programa temporal de protección por desempleo e inserción, regulado por la Ley 14/2009, de 11 de noviembre."
2010-02-18,43,1,BOE-A-2010-2623,CORTES GENERALES,estatal,Resolución,14878,14878,"Resolución de 11 de febrero de 2010, del Congreso de los Diputados, por la que se ordena la publicación del Acuerdo de convalidación del Real Decreto-ley 1/2010, de 5 de febrero, por el que se regula la prestación de servicios de tránsito aéreo, se establecen las obligaciones de los proveedores civiles de dichos servicios y se fijan determinadas condiciones laborales para los controladores civiles de tránsito aéreo."
2010-02-18,43,1,BOE-A-2010-2624,MINISTERIO DE EDUCACIÓN,estatal,Corrección,14879,14879,"Corrección de errores del Real Decreto 37/2010, de 15 de enero, por el que se establecen los títulos de Técnico superior de Artes Plásticas y Diseño en Cerámica Artística, en Modelismo y Matricería Cerámica y en Recubrimientos Cerámicos y los títulos de Técnico de Artes Plásticas y Diseño en Alfarería y en Decoración Cerámica, pertenecientes a la familia profesional artística de la Cerámica Artística y se aprueban las correspondientes enseñanzas mínimas."
2010-02-18,43,1,BOE-A-2010-2625,"MINISTERIO DE INDUSTRIA, TURISMO Y COMERCIO",estatal,Corrección,14880,14891,"Corrección de errores y erratas del Real Decreto 2032/2009, de 30 de diciembre, por el que se establecen las unidades legales de medida."
2010-02-18,43,1,BOE-A-2010-2626,"MINISTERIO DE INDUSTRIA, TURISMO Y COMERCIO",estatal,Orden,14892,14913,"Orden ITC/313/2010, de 12 de febrero, por la que se adopta la especificación técnica ETSI TS 101 671 ""Interceptación legal (LI), Interfaz de traspaso para la interceptación legal del tráfico de telecomunicaciones""."
2010-02-18,43,1,BOE-A-2010-2627,MINISTERIO DE CULTURA,estatal,Orden,14914,14915,"Orden CUL/314/2010, de 16 de febrero, por la que se modifican los grupos de edad para la calificación de las películas cinematográficas y otras obras audiovisuales."
2010-02-18,43,1,BOE-A-2010-2628,COMUNITAT VALENCIANA,autonómico,Otras,14916,14916,"Reforma del Reglamento de Les Corts Valencianes, aprobado por el Pleno en sesión de 21 de diciembre de 2009."
2010-02-18,43,1,BOE-A-2010-2629,COMUNIDAD FORAL DE NAVARRA,autonómico,Ley,14917,14952,"Ley Foral 16/2009, de 23 de diciembre, de presupuestos generales de Navarra para el año 2010."
2010-02-18,43,1,BOE-A-2010-2630,COMUNIDAD FORAL DE NAVARRA,autonómico,Ley,14953,14981,"Ley Foral 17/2009, de 23 de diciembre, de modificación de diversos impuestos y otras medidas tributarias."
2010-02-19,44,1,BOE-A-2010-2694,MINISTERIO DE EDUCACIÓN,estatal,Real Decreto,16029,16156,"Real Decreto 64/2010, de 29 de enero, por el que se establece el título de Técnico Deportivo en Espeleología y se fijan sus enseñanzas mínimas y los requisitos de acceso."
2010-02-19,44,1,BOE-A-2010-2695,"MINISTERIO DE MEDIO AMBIENTE, Y MEDIO RURAL Y MARINO",estatal,Real Decreto,16157,16159,"Real Decreto 65/2010, de 29 de enero, por el que se modifica el Real Decreto 637/2006, de 26 de mayo, por el que se establece el programa nacional de erradicación y control del hongo de las coníferas ""Fusarium circinatum"" Niremberg et O´Donnell."
2010-02-19,44,1,BOE-A-2010-2696,MINISTERIO DE SANIDAD Y POLÍTICA SOCIAL,estatal,Real Decreto,16160,16164,"Real Decreto 109/2010, de 5 de febrero, por el que se modifican diversos reales decretos en materia sanitaria para su adaptación a la Ley 17/2009, de 23 de noviembre, sobre el libre acceso a las actividades de servicios y su ejercicio y a la Ley 25/2009, de 22 de diciembre, de modificación de diversas leyes para su adaptación a la Ley sobre el libre acceso a las actividades de servicios y su ejercicio."
2010-02-20,45,1,BOE-A-2010-2739,JEFATURA DEL ESTADO,estatal,Ley Orgánica,16641,16644,"Ley Orgánica 1/2010, de 19 de febrero, de modificación de las leyes orgánicas del Tribunal Constitucional y del Poder Judicial."
2010-02-20,45,1,BOE-A-2010-2740,MINISTERIO DEL INTERIOR,estatal,Real Decreto,16645,16650,"Real Decreto 167/2010, de 19 de febrero, por el que se regula la concesión de una subvención directa a favor de Cruz Roja Española para el desarrollo de programas de asistencia integral en el Centro de Internamiento de Extranjeros de Madrid durante el ejercicio 2010."
2010-02-20,45,1,BOE-A-2010-2741,"MINISTERIO DE MEDIO AMBIENTE, Y MEDIO RURAL Y MARINO",estatal,Real Decreto,16651,16653,"Real Decreto 168/2010, de 19 de febrero, por el que se modifica el Real Decreto 244/2009, de 27 de febrero, para la aplicación de las medidas del programa de apoyo al sector vitivinícola español."
2010-02-20,45,1,BOE-A-2010-2742,"MINISTERIO DE MEDIO AMBIENTE, Y MEDIO RURAL Y MARINO",estatal,Real Decreto,16654,16677,"Real Decreto 169/2010, de 19 de febrero, por el que se establecen las bases reguladoras de las ayudas en el marco del Programa nacional de reestructuración para el sector del algodón."
2010-02-22,46,1,BOE-A-2010-2798,MINISTERIO DE SANIDAD Y POLÍTICA SOCIAL,estatal,Orden,16797,16797,"Orden SAS/346/2010, de 19 de febrero, por la que se modifica el Anexo III del Real Decreto 1599/1997, de 17 de octubre, sobre productos cosméticos."
2010-02-23,47,1,BOE-A-2010-2882,MINISTERIO DE ASUNTOS EXTERIORES Y DE COOPERACIÓN,estatal,Resolución,17163,17321,"Resolución de 12 de febrero de 2010, de la Secretaría General Técnica, sobre aplicación del artículo 32 del Decreto 801/1972, relativo a la ordenación de la actividad de la Administración del Estado en materia de Tratados Internacionales."
2010-02-23,47,1,BOE-A-2010-2883,MINISTERIO DE TRABAJO E INMIGRACIÓN,estatal,Real Decreto,17322,17326,"Real Decreto 103/2010, de 5 de febrero, por el que se modifica el Reglamento General sobre procedimientos para la imposición de sanciones por infracciones de orden social y para los expedientes liquidatorios de cuotas a la Seguridad Social, aprobado por el Real Decreto 928/1998, de 14 de mayo."
2010-02-23,47,1,BOE-A-2010-2884,"MINISTERIO DE INDUSTRIA, TURISMO Y COMERCIO",estatal,Orden,17327,17337,"Orden ITC/360/2010, de 12 de febrero, por la que se regula el control metrológico del Estado de los sistemas de medida de líquidos distintos del agua denominados surtidores o dispensadores destinados al suministro a vehículos automóviles de sustancias no destinadas a su uso como combustible."
2010-02-23,47,1,BOE-A-2010-2885,MINISTERIO DE LA PRESIDENCIA,estatal,Resolución,17338,17338,"Resolución de 8 de febrero de 2010, de la Presidencia del Consejo Superior de Deportes, por la que se corrigen errores en la de 18 de diciembre de 2009, por la que se aprueba la lista de sustancias y métodos prohibidos en el deporte."
2010-02-23,47,1,BOE-A-2010-2886,COMUNIDAD AUTÓNOMA DE CATALUÑA,autonómico,Ley,17339,17340,"Ley 1/2010, de 4 de febrero, de segunda modificación de la Ley 14/1985, de 28 de junio, por la que se regula el Consejo Nacional de la Juventud de Cataluña."
2010-02-23,47,1,BOE-A-2010-2887,COMUNIDAD AUTÓNOMA DE CATALUÑA,autonómico,Decreto-ley,17341,17343,"Decreto ley 1/2010, de 12 de enero, de modificación de la Ley 10/1997, de 3 de julio, de la renta mínima de inserción."
2010-02-23,47,1,BOE-A-2010-2888,COMUNIDAD AUTÓNOMA DE GALICIA,autonómico,Ley,17344,17480,"Ley 9/2009, de 23 de diciembre, de presupuestos generales de la Comunidad Autónoma de Galicia para el año 2010."
2010-02-23,47,1,BOE-A-2010-2889,COMUNIDAD AUTÓNOMA DE GALICIA,autonómico,Ley,17481,17498,"Ley 10/2009, de 30 de diciembre, de modificación del Decreto legislativo 1/2005, de 10 de marzo, por el que se aprueba el texto refundido de las leyes 7/1985, de 17 de julio, y 4/1996, de 31 de mayo, de cajas de ahorros de Galicia."
2010-02-23,47,1,BOE-A-2010-2890,COMUNITAT VALENCIANA,autonómico,Corrección,17499,17499,"Corrección de errores de la Ley 13/2009, de 29 de diciembre, de presupuestos de la Generalitat para el ejercicio 2010."
2010-02-24,48,1,BOE-A-2010-2974,MINISTERIO DE EDUCACIÓN,estatal,Orden,17767,17797,"Orden EDU/376/2010, de 20 de enero, por la que se establece el currículo del ciclo formativo de Grado Medio correspondiente al título de Técnico en Producción Agroecológica."
2010-02-24,48,1,BOE-A-2010-2975,MINISTERIO DE EDUCACIÓN,estatal,Orden,17798,17829,"Orden EDU/377/2010, de 20 de enero, por la que se establece el currículo del ciclo formativo de Grado Medio correspondiente al título de Técnico en Producción Agropecuaria."
2010-02-24,48,1,BOE-A-2010-2976,MINISTERIO DE EDUCACIÓN,estatal,Orden,17830,17868,"Orden EDU/378/2010, de 20 de enero, por la que se establece el currículo del ciclo formativo de Grado Superior correspondiente al título de Técnico Superior en Desarrollo y Fabricación de Productos Cerámicos."
2010-02-24,48,1,BOE-A-2010-2977,MINISTERIO DE EDUCACIÓN,estatal,Orden,17869,17900,"Orden EDU/379/2010, de 20 de enero, por la que se establece el currículo del ciclo formativo de Grado Superior correspondiente al título de Técnico Superior en Guía, Información y Asistencia Turísticas."
2010-02-24,48,1,BOE-A-2010-2978,MINISTERIO DE LA PRESIDENCIA,estatal,Orden,17901,17902,"Orden PRE/380/2010, de 19 de febrero, por la que se ordenan los registros físicos del Ministerio de la Presidencia y se crea un segundo registro auxiliar en el mismo."
2010-02-24,48,1,BOE-A-2010-2979,MINISTERIO DE LA PRESIDENCIA,estatal,Resolución,17903,17908,"Resolución de 17 de febrero de 2010, de la Agencia Estatal Boletín Oficial del Estado, por la que se crea la sede electrónica y el registro electrónico de la Agencia Estatal Boletín Oficial del Estado."
2010-02-24,48,1,BOE-A-2010-2980,MINISTERIO DE LA PRESIDENCIA,estatal,Resolución,17909,17912,"Resolución de 22 de febrero de 2010, de la Agencia Estatal Boletín Oficial del Estado, por la que se establece el procedimiento para la inserción de anuncios en el ""Boletín Oficial del Estado"" y en el ""Boletín Oficial del Registro Mercantil""."
2010-02-24,48,1,BOE-A-2010-2981,MINISTERIO DE CULTURA,estatal,Corrección,17913,17913,"Corrección de errores del Real Decreto 1790/2009, de 20 de noviembre, por el que se crea y regula la Comisión Nacional para la conmemoración del centenario del nacimiento de Miguel Hernández."
2010-02-24,48,1,BOE-A-2010-2982,MINISTERIO DE CIENCIA E INNOVACIÓN,estatal,Orden,17914,17917,"Orden CIN/381/2010, de 16 de febrero, por la que se crea la Sede Electrónica del Ministerio de Ciencia e Innovación."
2010-02-24,48,1,BOE-A-2010-2983,MINISTERIO DE CIENCIA E INNOVACIÓN,estatal,Resolución,17918,17920,"Resolución de 9 de febrero de 2010, del Instituto de Salud Carlos III, por la que se crea la Sede Electrónica del Instituto de Salud Carlos III."
2010-02-25,49,1,BOE-A-2010-3023,MINISTERIO DE ASUNTOS EXTERIORES Y DE COOPERACIÓN,estatal,Tratado o acuerdo internacional,18162,18164,"Aplicación provisional del Acuerdo entre el Gobierno del Reino de España y el Gobierno de la República de Kazajstán sobre supresión recíproca de visados en pasaportes diplomáticos, hecho en Madrid el 30 de octubre de 2009."
2010-02-25,49,1,BOE-A-2010-3024,MINISTERIO DE ECONOMÍA Y HACIENDA,estatal,Orden,18165,18170,"Orden EHA/388/2010, de 19 de febrero, por la que se aprueba el modelo 685, Tasa sobre apuestas y combinaciones aleatorias, autoliquidación, se determina el lugar y forma de presentación y se establecen las condiciones y el procedimiento para su presentación telemática."
2010-02-25,49,1,BOE-A-2010-3025,MINISTERIO DE FOMENTO,estatal,Orden,18171,18172,"Orden FOM/389/2010, de 8 de febrero, de corrección de errores de la Orden FOM/3376/2009, de 26 de noviembre, por la que se modifica la Orden de 21 de marzo de 2000, por la que se adoptan los requisitos conjuntos de aviación para las licencias de la tripulación de vuelo relativos a las condiciones para el ejercicio de las funciones de los pilotos de los aviones civiles."
2010-02-25,49,1,BOE-A-2010-3026,MINISTERIO DE FOMENTO,estatal,Orden,18173,18174,"Orden FOM/390/2010, de 8 de febrero, de corrección de errores de la Orden FOM/3619/2009, de 26 de noviembre, por la que se modifica la Orden FOM/3811/2004, de 4 de noviembre, por la que se adoptan los requisitos conjuntos de aviación para las licencias de la tripulación de vuelo relativos a las condiciones para el ejercicio de las funciones de los pilotos de los helicópteros civiles."
2010-02-25,49,1,BOE-A-2010-3027,MINISTERIO DE EDUCACIÓN,estatal,Orden,18175,18204,"Orden EDU/391/2010, de 20 de enero, por la que se establece el currículo del ciclo formativo de Grado Medio correspondiente al título de Técnico en Instalaciones de Telecomunicaciones."
2010-02-25,49,1,BOE-A-2010-3028,MINISTERIO DE EDUCACIÓN,estatal,Orden,18205,18236,"Orden EDU/392/2010, de 20 de enero, por la que se establece el currículo del ciclo formativo de Grado Superior correspondiente al título de Técnico Superior en Administración de Sistemas Informáticos en Red."
2010-02-25,49,1,BOE-A-2010-3029,MINISTERIO DE EDUCACIÓN,estatal,Orden,18237,18266,"Orden EDU/393/2010, de 20 de enero, por la que se establece el currículo del ciclo formativo de Grado Superior correspondiente al título de Técnico Superior en Agencias de Viajes y Gestión de Eventos."
2010-02-25,49,1,BOE-A-2010-3030,MINISTERIO DE EDUCACIÓN,estatal,Orden,18267,18295,"Orden EDU/394/2010, de 20 de enero, por la que se establece el currículo del ciclo formativo de Grado Superior correspondiente al título de Técnico Superior en Eficiencia Energética y Energía Solar Térmica."
2010-02-25,49,1,BOE-A-2010-3031,"MINISTERIO DE MEDIO AMBIENTE, Y MEDIO RURAL Y MARINO",estatal,Corrección,18296,18296,"Corrección de errores del Real Decreto 66/2010, de 29 de enero, sobre la aplicación en el año 2010 y 2011 de los pagos directos a la agricultura y a la ganadería."
2010-02-25,49,1,BOE-A-2010-3032,MINISTERIO DE LA PRESIDENCIA,estatal,Real Decreto,18297,18299,"Real Decreto 135/2010, de 12 de febrero, por el que se derogan disposiciones relativas a los criterios microbiológicos de los productos alimenticios."
2010-02-25,49,1,BOE-A-2010-3033,MINISTERIO DE LA PRESIDENCIA,estatal,Real Decreto,18300,18302,"Real Decreto 136/2010, de 12 de febrero, por el que se modifica el Real Decreto 772/1999, de 7 de mayo, por el que se regula la presentación de solicitudes, escritos y comunicaciones ante la Administración General del Estado, la expedición de copias de documentos y devolución de originales y el régimen de las oficinas de registro."
2010-02-25,49,1,BOE-A-2010-3034,MINISTERIO DE LA PRESIDENCIA,estatal,Real Decreto,18303,18305,"Real Decreto 137/2010, de 12 de febrero, por el que se establecen criterios para la emisión de la comunicación a los interesados prevista en el artículo 42.4 de la Ley 30/1992, de 26 de noviembre, de Régimen Jurídico de las Administraciones Públicas y del Procedimiento Administrativo Común."
2010-02-25,49,1,BOE-A-2010-3035,MINISTERIO DE CULTURA,estatal,Orden,18306,18308,"Orden CUL/395/2010, de 17 de febrero, por la que se crea la sede electrónica del Ministerio de Cultura."
2010-02-25,49,1,BOE-A-2010-3036,COMUNIDAD AUTÓNOMA DE CANARIAS,autonómico,Ley,18309,18413,"Ley 13/2009, de 28 de diciembre, de presupuestos generales de la Comunidad Autónoma de Canarias para 2010."
2010-02-26,50,1,BOE-A-2010-3091,MINISTERIO DE ASUNTOS EXTERIORES Y DE COOPERACIÓN,estatal,Tratado o acuerdo internacional,18683,18686,"Acuerdo entre el Reino de España y el Estado de Kuwait sobre cooperación cultural, educativa y científica, hecho en Kuwait el 26 de mayo de 2008."
2010-02-26,50,1,BOE-A-2010-3092,MINISTERIO DE ASUNTOS EXTERIORES Y DE COOPERACIÓN,estatal,Corrección,18687,18687,"Corrección de errores del Acuerdo entre el Reino de España y la República Eslovaca para la protección mutua de Información Clasificada, hecho en Bratislava el 20 de enero de 2009."
2010-02-26,50,1,BOE-A-2010-3093,MINISTERIO DE ECONOMÍA Y HACIENDA,estatal,Orden,18688,18690,"Orden EHA/406/2010, de 19 de febrero, por la que se acuerda la emisión, acuñación y puesta en circulación de monedas de colección con el lema ""Herencia Europea""."
2010-02-26,50,1,BOE-A-2010-3094,MINISTERIO DE ECONOMÍA Y HACIENDA,estatal,Orden,18691,18692,"Orden EHA/407/2010, de 19 de febrero, por la que se acuerda la emisión, acuñación y puesta en circulación de monedas de colección con el lema ""Xacobeo 2010""."
2010-02-26,50,1,BOE-A-2010-3095,MINISTERIO DE ECONOMÍA Y HACIENDA,estatal,Orden,18693,18702,"Orden EHA/408/2010, de 24 de febrero, por la que se aprueban los modelos de autoliquidación 681, 682, 683 y 684 para el ingreso de las tasas establecidas en el apartado 9 de la disposición adicional sexta de la Ley 54/1997, de 27 de noviembre, del Sector Eléctrico y los plazos y forma de presentación de los mismos."
2010-02-26,50,1,BOE-A-2010-3096,MINISTERIO DE EDUCACIÓN,estatal,Resolución,18703,18715,"Resolución de 9 de febrero de 2010, de la Secretaría General de Universidades, por la que se publica el Acuerdo de Consejo de Ministros de 22 de enero de 2010, por el que se establece el carácter oficial de determinados títulos de Máster y su inscripción en el Registro de Universidades, Centros y Títulos."
2010-02-26,50,1,BOE-A-2010-3097,MINISTERIO DE EDUCACIÓN,estatal,Resolución,18716,18718,"Resolución de 9 de febrero de 2010, de la Secretaría General de Universidades, por la que se publica el Acuerdo de Consejo de Ministros de 22 de enero de 2010, por el que se establece el carácter oficial de determinados títulos de Grado y su inscripción en el Registro de Universidades, Centros y Títulos."
2010-02-26,50,1,BOE-A-2010-3098,"MINISTERIO DE INDUSTRIA, TURISMO Y COMERCIO",estatal,Real Decreto,18719,18723,"Real Decreto 104/2010, de 5 de febrero, por el que se regula la puesta en marcha del suministro de último recurso en el sector del gas natural."
2010-02-26,50,1,BOE-A-2010-3099,MINISTERIO DE POLÍTICA TERRITORIAL,estatal,Orden,18724,18727,"Orden TER/409/2010, de 18 de febrero, por la que se crea la Comisión Ministerial de Administración Electrónica del Ministerio de Política Territorial y se regula su composición y funciones."
2010-02-26,50,1,BOE-A-2010-3100,MINISTERIO DE SANIDAD Y POLÍTICA SOCIAL,estatal,Orden,18728,18731,"Orden SAS/410/2010, de 15 de febrero, por la que se crea la Sede Electrónica del Ministerio de Sanidad y Política Social."
2010-02-26,50,1,BOE-A-2010-3101,COMUNIDAD AUTÓNOMA DE CATALUÑA,autonómico,Corrección,18732,18732,"Corrección de errores de la Ley 18/2009, de 22 de octubre, de salud pública."
2010-02-27,51,1,BOE-A-2010-3152,TRIBUNAL CONSTITUCIONAL,estatal,Resolución judicial,19107,19107,"Recurso de inconstitucionalidad nº 630-2010, en relación con el último párrafo del artículo 10 de la Ley 13/2004, de 27 de diciembre, de caza de la Comunitat Valenciana, en la redacción dada al mismo por el artículo 2 de la Ley 7/2009, de 22 de octubre, de reforma de los artículos 7 y 10 de la Ley 13/2004."
2010-02-27,51,1,BOE-A-2010-3153,TRIBUNAL CONSTITUCIONAL,estatal,Resolución judicial,19108,19108,"Recurso de Inconstitucionalidad nº 803-2010, en relación con el Decreto-ley 1/2010, de 7 de enero, del Consell de la Generalitat Valenciana, de medidas de protección y revitalización del conjunto histórico de la ciudad de Valencia."
2010-02-27,51,1,BOE-A-2010-3154,TRIBUNAL CONSTITUCIONAL,estatal,Resolución judicial,19109,19109,"Recurso de Inconstitucionalidad nº 1017-2010, en relación con diversos preceptos de la Ley del Parlamento de Cataluña 5/2009, de 28 de abril, de los recursos contra la calificación negativa de los títulos o las cláusulas concretas en materia de derecho catalán que deban inscribirse en un registro de la propiedad, mercantil o de bienes muebles de Cataluña."
2010-02-27,51,1,BOE-A-2010-3155,TRIBUNAL CONSTITUCIONAL,estatal,Resolución judicial,19110,19110,"Recurso de Inconstitucionalidad nº 1065-2010, en relación con diversos preceptos de la Ley 10/2009, de 30 de diciembre, de modificación del Decreto legislativo 1/2005, de 10 de marzo, por el que se aprueba el texto Refundido de las leyes 7/1985, de 17 de julio y 4/1996, de 31 de mayo, de cajas de ahorros de Galicia."
2010-02-27,51,1,BOE-A-2010-3156,MINISTERIO DE ECONOMÍA Y HACIENDA,estatal,Resolución,19111,19115,"Resolución de 26 de febrero de 2010, de la Presidencia del Comisionado para el Mercado de Tabacos, por la que se publican los precios de venta al público de determinadas labores de tabaco en Expendedurías de Tabaco y Timbre del Área del Monopolio."
2010-02-27,51,1,BOE-A-2010-3157,MINISTERIO DE TRABAJO E INMIGRACIÓN,estatal,Real Decreto,19116,19122,"Real Decreto 196/2010, de 26 de febrero, por el que se establecen medidas para facilitar la reinserción laboral así como el establecimiento de ayudas especiales a los trabajadores afectados por los expedientes de regulación de empleo 76/2000, de 8 de marzo de 2001 y 25/2001, de 31 de julio de 2001."
2010-02-27,51,1,BOE-A-2010-3158,"MINISTERIO DE INDUSTRIA, TURISMO Y COMERCIO",estatal,Real Decreto,19123,19136,"Real Decreto 134/2010, de 12 de febrero, por el que se establece el procedimiento de resolución de restricciones por garantía de suministro y se modifica el Real Decreto 2019/1997, de 26 de diciembre, por el que se organiza y regula el mercado de producción de energía eléctrica."
2010-02-27,51,1,BOE-A-2010-3159,MINISTERIO DE LA PRESIDENCIA,estatal,Orden,19137,19139,"Orden PRE/418/2010, de 26 de febrero, por la que se publica el Acuerdo de Consejo de Ministros, de 26 de febrero de 2010, sobre las medidas contempladas en el Real Decreto 307/2005, de 18 marzo, por el que se regulan las subvenciones en atención a determinadas necesidades derivadas de situaciones de emergencia o de naturaleza catastrófica, a los damnificados por los episodios meteorológicos de carácter extraordinario acaecidos en la Comunidad Autónoma de Andalucía durante el mes de febrero de 2010."
2010-03-01,52,1,BOE-A-2010-3236,MINISTERIO DE ASUNTOS EXTERIORES Y DE COOPERACIÓN,estatal,Resolución,19501,19501,"Resolución de 16 de febrero de 2010, de la Secretaría General Técnica, relativa a la objeción de España a la declaración interpretativa formulada por Tailandia en el momento de la Ratificación de la Convención sobre los derechos de las personas con discapacidad, hecho en Nueva York el 13 de diciembre de 2006."
2010-03-01,52,1,BOE-A-2010-3237,MINISTERIO DE POLÍTICA TERRITORIAL,estatal,Real Decreto,19502,19505,"Real Decreto 205/2010, de 26 de febrero, por el que se amplían los medios traspasados a la Generalitat de Cataluña por el Real Decreto 966/1990, de 20 de julio, en materia de provisión de medios materiales y económicos al servicio de la Administración de Justicia."
2010-03-01,52,1,BOE-A-2010-3238,MINISTERIO DE POLÍTICA TERRITORIAL,estatal,Real Decreto,19506,19524,"Real Decreto 206/2010, de 26 de febrero, sobre traspaso de funciones y servicios a la Generalitat de Cataluña en materia de Función Pública Inspectora de la Inspección de Trabajo y Seguridad Social."
2010-03-01,52,1,BOE-A-2010-3239,TRIBUNAL SUPREMO,estatal,Resolución judicial,19525,19525,"Sentencia de 24 de noviembre de 2009, de la Sala Tercera del Tribunal Supremo, por la que se declara la nulidad de pleno derecho del Real Decreto 1419/2005, de 25 de noviembre, por el que se adoptan medidas administrativas excepcionales para la gestión de los recursos hidraúlicos y para corregir los efectos de la sequía en las cuencas hidrográficas de los ríos Guadiana, Guadalquivir y Ebro."
2010-03-02,53,1,BOE-A-2010-3365,JEFATURA DEL ESTADO,estatal,Ley,20216,20225,"Ley 1/2010, de 1 de marzo, de reforma de la Ley 7/1996, de 15 de enero, de Ordenación del Comercio Minorista."
2010-03-02,53,1,BOE-A-2010-3366,JEFATURA DEL ESTADO,estatal,Ley,20226,20273,"Ley 2/2010, de 1 de marzo, por la que se trasponen determinadas Directivas en el ámbito de la imposición indirecta y se modifica la Ley del Impuesto sobre la Renta de no Residentes para adaptarla a la normativa comunitaria."
2010-03-02,53,1,BOE-A-2010-3367,MINISTERIO DE ASUNTOS EXTERIORES Y DE COOPERACIÓN,estatal,Resolución,20274,20274,"Resolución de 16 de febrero de 2010, de la Secretaría General Técnica, relativa a la objeción de España a las reservas formuladas por Qatar en el momento de la Adhesión al Convenio sobre la eliminación de todas las formas de discriminación contra la mujer, hecho en Nueva York el 18 de diciembre de 1979."
2010-03-02,53,1,BOE-A-2010-3368,MINISTERIO DE ASUNTOS EXTERIORES Y DE COOPERACIÓN,estatal,Tratado o acuerdo internacional,20275,20278,"Acuerdo entre el Reino de España y la República de Filipinas sobre el libre ejercicio de actividades remuneradas para familiares dependientes del personal diplomático, consular, administrativo y técnico de Misiones Diplomáticas y Oficinas Consulares, hecho en Manila el 24 de marzo de 2009."
2010-03-02,53,1,BOE-A-2010-3369,MINISTERIO DE ECONOMÍA Y HACIENDA,estatal,Real Decreto,20279,20360,"Real Decreto 191/2010, de 26 de febrero, por el que se modifica el Reglamento de los Impuestos Especiales, aprobado por el Real Decreto 1165/1995, de 7 de julio."
2010-03-02,53,1,BOE-A-2010-3370,MINISTERIO DE ECONOMÍA Y HACIENDA,estatal,Real Decreto,20361,20373,"Real Decreto 192/2010, de 26 de febrero, de modificación del Reglamento del Impuesto sobre el Valor Añadido, aprobado por el Real Decreto 1624/1992, de 29 de diciembre, y del Reglamento General de las actuaciones y los procedimientos de gestión e inspección tributaria y de desarrollo de las normas comunes de los procedimientos de aplicación de los tributos, aprobado por Real Decreto 1065/2007, de 27 de julio, para la incorporación de determinadas directivas comunitarias."
2010-03-02,53,1,BOE-A-2010-3371,"MINISTERIO DE INDUSTRIA, TURISMO Y COMERCIO",estatal,Corrección,20374,20374,"Corrección de erratas de la Orden ITC/69/2010, de 18 de enero, por la que se desarrolla lo establecido en el artículo 10.7 del Real Decreto 425/2005, de 15 de abril, por el que se establecen los requisitos técnicos y las normas de actuación que deben cumplir los centros técnicos para la instalación, verificación, control e inspección de tacógrafos digitales."
2010-03-02,53,1,BOE-A-2010-3372,"MINISTERIO DE MEDIO AMBIENTE, Y MEDIO RURAL Y MARINO",estatal,Orden,20375,20377,"Orden ARM/462/2010, de 23 de febrero, por la que se modifican los anexos II, III y IV del Real Decreto 58/2005, de 21 de enero, por el que se adoptan medidas de protección contra la introducción y difusión en el territorio nacional y de la comunidad europea de organismos nocivos para los vegetales o productos vegetales, así como para la exportación y tránsito hacia países terceros."
2010-03-02,53,1,BOE-A-2010-3373,MINISTERIO DE CIENCIA E INNOVACIÓN,estatal,Resolución,20378,20379,"Resolución de 15 de febrero de 2010, de la Presidencia del Centro para el Desarrollo Tecnológico Industrial, por la que se crea la sede electrónica del Centro para el Desarrollo Tecnológico Industrial."
2010-03-02,53,1,BOE-A-2010-3374,COMUNIDAD AUTÓNOMA DEL PRINCIPADO DE ASTURIAS,autonómico,Ley,20380,20411,"Ley 3/2009, de 29 de diciembre, de Presupuestos Generales para 2010."
2010-03-02,53,1,BOE-A-2010-3375,COMUNIDAD AUTÓNOMA DEL PRINCIPADO DE ASTURIAS,autonómico,Ley,20412,20427,"Ley 4/2009, de 29 de diciembre, de Medidas Administrativas y Tributarias de Acompañamiento a los Presupuestos Generales para 2010."
2010-03-02,53,1,BOE-A-2010-3376,COMUNIDAD AUTÓNOMA DEL PRINCIPADO DE ASTURIAS,autonómico,Ley,20428,20431,"Ley 5/2009, de 29 de diciembre, de séptima modificación de la Ley 3/1985, de 26 de diciembre, de ordenación de la Función Pública, para la regulación de la carrera horizontal."
2010-03-02,53,1,BOE-A-2010-3377,COMUNIDAD AUTÓNOMA DEL PRINCIPADO DE ASTURIAS,autonómico,Ley,20432,20433,"Ley 6/2009, de 29 de diciembre, de Evaluación de la Función Docente y sus Incentivos."
2010-03-02,53,1,BOE-A-2010-3378,COMUNIDAD AUTÓNOMA DE LA RIOJA,autonómico,Ley,20434,20453,"Ley 1/2010, de 16 de febrero, de la Cámara Oficial de Comercio e Industria de La Rioja."
2010-03-03,54,1,BOE-A-2010-3468,MINISTERIO DE ASUNTOS EXTERIORES Y DE COOPERACIÓN,estatal,Tratado o acuerdo internacional,20684,20684,"Entrada en vigor del Acuerdo de Sede, Privilegios e Inmunidades entre el Reino de España y la Empresa Común Europea para el ITER y el Desarrollo de la Energía de Fusión, hecho en Madrid el 28 de junio de 2007."
2010-03-03,54,1,BOE-A-2010-3469,MINISTERIO DE ASUNTOS EXTERIORES Y DE COOPERACIÓN,estatal,Orden,20685,20685,"Orden AEC/472/2010, de 16 de febrero, por la que se crean Oficinas Consulares Honorarias de España en Little Rock (Estado de Arkansas); Nueva Orleáns (Estado de Louisiana); Jackson (Estado de Mississippi) y en Nashville (Estado de Tennessee)."
2010-03-03,54,1,BOE-A-2010-3470,MINISTERIO DE EDUCACIÓN,estatal,Orden,20686,20694,"Orden EDU/473/2010, de 26 de febrero, por la que se establece el procedimiento de acceso a las enseñanzas universitarias oficiales de grado, para los estudiantes procedentes de sistemas educativos extranjeros con estudios homologables al título de Bachiller español."
2010-03-03,54,1,BOE-A-2010-3471,MINISTERIO DE LA PRESIDENCIA,estatal,Real Decreto,20695,20715,"Real Decreto 170/2010, de 19 de febrero, por el que se aprueba el Reglamento de centros de reconocimiento destinados a verificar las aptitudes psicofísicas de los conductores."
2010-03-03,54,1,BOE-A-2010-3472,MINISTERIO DE LA PRESIDENCIA,estatal,Real Decreto,20716,20719,"Real Decreto 171/2010, de 19 de febrero, por el que se modifican el Real Decreto 1414/1981, de 3 de julio, por el que se reestructura el Instituto Social de la Marina y el Real Decreto 2358/1982, de 27 de agosto, por el que se determina la estructura orgánica del Instituto Social de la Marina."
2010-03-04,55,1,BOE-A-2010-3514,JEFATURA DEL ESTADO,estatal,Ley Orgánica,21001,21014,"Ley Orgánica 2/2010, de 3 de marzo, de salud sexual y reproductiva y de la interrupción voluntaria del embarazo."
2010-03-04,55,1,BOE-A-2010-3515,MINISTERIO DE ECONOMÍA Y HACIENDA,estatal,Real Decreto,21015,21016,"Real Decreto 193/2010, de 26 de febrero, por el que se modifica el Real Decreto 227/1981, de 23 de enero, sobre sistemas de pago de los haberes de Clases Pasivas del Estado."
2010-03-04,55,1,BOE-A-2010-3516,MINISTERIO DE ECONOMÍA Y HACIENDA,estatal,Resolución,21017,21039,"Resolución 26 de enero de 2010, de la Intervención General de la Administración del Estado, por la que se modifican: la Resolución de 16 de octubre de 1997 por la que se aprueba la adaptación del Plan General de Contabilidad Pública a las Entidades Gestoras y Servicios Comunes de la Seguridad Social; la Resolución de 6 de octubre de 2008 por la que se determina la estructura y contenido del resumen de las cuentas anuales de las Entidades Gestoras, Servicios Comunes y Mutuas de Accidentes de Trabajo y Enfermedades Profesionales de la Seguridad Social y sus centros mancomunados, a efectos de su publicación en el Boletín Oficial del Estado; y el Anexo I de la Orden EHA/567/2009, de 4 de marzo, por la que se regula el procedimiento telemático de obtención, formulación, aprobación y rendición de las cuentas anuales de las entidades que integran el sistema de la Seguridad Social."
2010-03-04,55,1,BOE-A-2010-3517,MINISTERIO DE SANIDAD Y POLÍTICA SOCIAL,estatal,Orden,21040,21042,"Orden SAS/481/2010, de 26 de febrero, por la que se regula la implantación progresiva de la carrera profesional para el personal integrado en la condición de personal estatutario procedente de personal laboral del área funcional de actividades específicas de la Red Hospitalaria de la Defensa."
2010-03-05,56,1,BOE-A-2010-3600,TRIBUNAL CONSTITUCIONAL,estatal,Resolución judicial,22321,22321,"Cuestión de inconstitucionalidad nº 6726-2009, en relación con el art. 143.2 del Texto Refundido de la Ley General de la Seguridad Social, aprobado por Real Decreto Legislativo 1/1994, de 20 de junio."
2010-03-05,56,1,BOE-A-2010-3601,TRIBUNAL CONSTITUCIONAL,estatal,Resolución judicial,22322,22322,"Cuestión de inconstitucionalidad número 6727-2009, en relación con el artículo 143.2 del Texto Refundido de la Ley General de la Seguridad Social, aprobado por Real Decreto Legislativo 1/1994, de 20 de junio."
2010-03-05,56,1,BOE-A-2010-3602,TRIBUNAL CONSTITUCIONAL,estatal,Resolución judicial,22323,22323,"Cuestión de inconstitucionalidad nº 9689-2009, en relación con los arts. 81 del Texto Articulado de la Ley de Tráfico, aprobado por el Real Decreto Legislativo 339/1990, de 2 de marzo, y 132 de la Ley 30/1992, de 26 de noviembre, de Régimen Jurídico de las Administraciones Públicas y Procedimiento Administrativo Común, tal y como han sido interpretados con carácter vinculante por las Sentencias de la Sala de lo Contencioso-administrativo del Tribunal Supremo de 15 de diciembre de 2004 y de 22 de septiembre de 2008."
2010-03-05,56,1,BOE-A-2010-3603,TRIBUNAL CONSTITUCIONAL,estatal,Resolución judicial,22324,22324,"Cuestión de inconstitucionalidad número 9690-2009, en relación con los arts. 81 del Texto Articulado de la Ley de Tráfico, aprobado por el Real Decreto Legislativo 339/1990, de 2 de marzo, y 132 de la Ley 30/1992, de 26 de noviembre, de Régimen Jurídico de las Administraciones Públicas y Procedimiento Administrativo Común, tal y como han sido interpretados con carácter vinculante por las Sentencias de la Sala de lo Contencioso-administrativo del Tribunal Supremo de 15 de diciembre de 2004 y de 22 de septiembre de 2008."
2010-03-05,56,1,BOE-A-2010-3604,TRIBUNAL CONSTITUCIONAL,estatal,Resolución judicial,22325,22325,"Conflicto positivo de competencia nº 10694-2009, en relación con la Resolución de 16 de julio de 2009, de la Dirección General de Integración de los Inmigrantes, por la que se convoca la concesión de subvenciones a municipios, mancomunidades de municipios y comarcas para el desarrollo de programas innovadores a favor de la integración de inmigrantes."
2010-03-05,56,1,BOE-A-2010-3605,TRIBUNAL CONSTITUCIONAL,estatal,Resolución judicial,22326,22326,"Conflicto positivo de competencia nº 10801-2009, en relación con la Resolución de 31 de agosto de 2009, de la Dirección General de Medio Natural y Política Forestal, por la que se convoca la concesión de ayudas a entidades y organizaciones no gubernamentales de ámbito estatal para la realización de actividades privadas relacionadas con los principios inspiradores de la Ley 42/2007, de 13 de diciembre, del Patrimonio Natural y de la Biodiversidad, y con las finalidades de la Ley 43/2003, de 21 de noviembre, de Montes."
2010-03-05,56,1,BOE-A-2010-3606,TRIBUNAL CONSTITUCIONAL,estatal,Resolución judicial,22327,22327,"Conflicto positivo de competencia nº 567-2010, en relación con diversos preceptos del Real Decreto 1549/2009, de 9 de octubre, sobre ordenación del sector pesquero y adaptación al Fondo Europeo de la Pesca."
2010-03-05,56,1,BOE-A-2010-3607,TRIBUNAL CONSTITUCIONAL,estatal,Resolución judicial,22328,22328,"Conflicto positivo de competencia nº 974-2010, en relación con la Resolución de 22 de septiembre de 2009, del Servicio Público de Empleo Estatal, por la que se convoca la concesión de subvenciones para la realización de programas específicos de formación e inserción laboral a favor de los jóvenes desempleados en situación o con riesgo de exclusión social."
2010-03-05,56,1,BOE-A-2010-3608,CONSEJO GENERAL DEL PODER JUDICIAL,estatal,Resolución judicial,22329,22342,"Acuerdo de 25 de febrero de 2010, del Pleno del Consejo General del Poder Judicial, por el que se aprueba el Reglamento 1/2010, que regula la provisión de plazas de nombramiento discrecional en los órganos judiciales."
2010-03-05,56,1,BOE-A-2010-3609,MINISTERIO DE JUSTICIA,estatal,Orden,22343,22346,"Orden JUS/485/2010, de 25 de febrero, por la que se crea la Sede Electrónica del Ministerio de Justicia."
2010-03-05,56,1,BOE-A-2010-3610,"MINISTERIO DE INDUSTRIA, TURISMO Y COMERCIO",estatal,Resolución,22347,22348,"Resolución de 1 de marzo de 2010, de la Secretaría de Estado de Energía, por la que se modifica la de 14 de marzo de 2008, de la Secretaría General de Energía, por la que se precisan determinados aspectos relativos a la gestión de los almacenamientos subterráneos de la red básica y se establecen las reglas para la subasta de su capacidad."
2010-03-06,57,1,BOE-A-2010-3692,"MINISTERIO DE INDUSTRIA, TURISMO Y COMERCIO",estatal,Corrección,22799,22799,"Corrección de erratas de la Orden ITC/360/2010, de 12 de febrero, por la que se regula el control metrológico del Estado de los sistemas de medida de líquidos distintos del agua denominados surtidores o dispensadores destinados al suministro a vehículos automóviles de sustancias no destinadas a su uso como combustible."
2010-03-06,57,1,BOE-A-2010-3693,MINISTERIO DE LA PRESIDENCIA,estatal,Real Decreto,22800,22812,"Real Decreto 247/2010, de 5 de marzo, por el que se modifica el Reglamento del Servicio Jurídico del Estado, aprobado por el Real Decreto 997/2003, de 25 de julio."
2010-03-06,57,1,BOE-A-2010-3694,MINISTERIO DE CIENCIA E INNOVACIÓN,estatal,Orden,22813,22818,"Orden CIN/506/2010, de 26 de febrero, por la que se crea y regula el Registro Electrónico del Ministerio de Ciencia e Innovación."
2010-03-08,58,1,BOE-A-2010-3746,MINISTERIO DE DEFENSA,estatal,Real Decreto,22992,22993,"Real Decreto 164/2010, de 19 de febrero, por el que se suprime la regulación dictada por razones extradeportivas en materia de colombofilia."
2010-03-08,58,1,BOE-A-2010-3747,MINISTERIO DE DEFENSA,estatal,Real Decreto,22994,23005,"Real Decreto 165/2010, de 19 de febrero, por el que se aprueba el Reglamento de homologación de productos de específica utilización en el ámbito de la defensa."
2010-03-08,58,1,BOE-A-2010-3748,MINISTERIO DE DEFENSA,estatal,Real Decreto,23006,23019,"Real Decreto 166/2010, de 19 de febrero, por el que se aprueba el Reglamento de catalogación de material de la defensa."
2010-03-08,58,1,BOE-A-2010-3749,MINISTERIO DE FOMENTO,estatal,Real Decreto,23020,23022,"Real Decreto 100/2010, de 5 de febrero, por el que se modifica el Real Decreto 2387/2004, de 30 de diciembre, por el que se aprueba el Reglamento del Sector Ferroviario."
2010-03-08,58,1,BOE-A-2010-3750,MINISTERIO DE FOMENTO,estatal,Real Decreto,23023,23028,"Real Decreto 101/2010, de 5 de febrero, por el que se modifica el Reglamento de desarrollo del Título II de la Ley 24/1998, de 13 de julio, del Servicio Postal Universal y de Liberalización de los Servicios Postales, en lo relativo a las autorizaciones para la prestación de servicios y al Registro General de Empresas Prestadoras de Servicios Postales, aprobado por Real Decreto 81/1999, de 22 de enero."
2010-03-08,58,1,BOE-A-2010-3751,MINISTERIO DE CULTURA,estatal,Orden,23029,23032,"Orden CUL/513/2010, de 26 de febrero, por la que se crea y regula la Comisión de Coordinación de Bibliotecas del Ministerio de Cultura y de los organismos públicos y demás entidades vinculadas al mismo."
2010-03-08,58,1,BOE-A-2010-3752,TRIBUNAL SUPREMO,estatal,Resolución judicial,23033,23033,"Sentencia de 18 de noviembre de 2009, de la Sala Tercera del Tribunal Supremo, por la que se declara la anulación de la disposición transitoria primera del Real Decreto 920/2006, de 28 de julio, por el que se aprueba el Reglamento general de prestación del servicio de difusión de radio y televisión por cable."
2010-03-08,58,1,BOE-A-2010-3753,TRIBUNAL SUPREMO,estatal,Resolución judicial,23034,23034,"Sentencia de 18 de noviembre de 2009, de la Sala Tercera del Tribunal Supremo, por la que se declara la anulación de la disposición transitoria primera del Real Decreto 920/2006, de 28 de julio, por el que se aprueba el Reglamento general de prestación del servicio de difusión de radio y televisión por cable."
2010-03-09,59,1,BOE-A-2010-3903,MINISTERIO DE TRABAJO E INMIGRACIÓN,estatal,Orden,23637,23638,"Orden TIN/530/2010, de 5 de marzo, por la que se prorroga la aplicación de las bonificaciones de cuotas regulada en la Orden TAS/471/2004, de 26 de febrero, por la que se dictan normas para la aplicación de las bonificaciones de cuotas establecidas por el apartado 2 de la disposición adicional trigésima del texto refundido de la Ley General de la Seguridad Social, respecto de empresas y trabajadores por cuenta propia de las Ciudades de Ceuta y Melilla y se modifica dicha orden."
2010-03-09,59,1,BOE-A-2010-3904,MINISTERIO DE LA PRESIDENCIA,estatal,Real Decreto,23639,23675,"Real Decreto 203/2010, de 26 de febrero, por el que se aprueba el Reglamento de prevención de la violencia, el racismo, la xenofobia y la intolerancia en el deporte."
2010-03-09,59,1,BOE-A-2010-3905,MINISTERIO DE LA PRESIDENCIA,estatal,Orden,23676,23691,"Orden PRE/531/2010, de 26 de febrero, por la que se incluyen en el anexo I del Real Decreto 2163/1994, de 4 de noviembre, por el que se implanta el sistema armonizado comunitario de autorización para comercializar y utilizar productos fitosanitarios, varias sustancias activas."
2010-03-09,59,1,BOE-A-2010-3906,COMISIÓN NACIONAL DEL MERCADO DE VALORES,estatal,Resolución,23692,23693,"Resolución de 16 de febrero de 2010, de la Presidencia de la Comisión Nacional del Mercado de Valores, por la que se crea la sede electrónica de la Comisión Nacional del Mercado de Valores."
2010-03-10,60,1,BOE-A-2010-3995,MINISTERIO DE JUSTICIA,estatal,Instrucción o circular,24023,24026,"Instrucción de 24 de febrero de 2010, de la Dirección General de los Registros y del Notariado, sobre reconocimiento de los apellidos inscritos en los Registros Civiles de otros países miembros de la Unión Europea."
2010-03-10,60,1,BOE-A-2010-3996,MINISTERIO DEL INTERIOR,estatal,Real Decreto,24027,24030,"Real Decreto 195/2010, de 26 de febrero, por el que se modifica el Real Decreto 2364/1994, de 9 de diciembre, por el que se aprueba el Reglamento de Seguridad Privada, para adaptarlo a las modificaciones introducidas en la Ley 23/1992, de 30 de julio, de Seguridad Privada, por la Ley 25/2009, de 22 de diciembre, de modificación de diversas leyes para su adaptación a la ley sobre el libre acceso a las actividades de servicios y su ejercicio."
2010-03-10,60,1,BOE-A-2010-3997,"MINISTERIO DE INDUSTRIA, TURISMO Y COMERCIO",estatal,Instrucción o circular,24031,24135,"Circular de 1 de marzo de 2010, de la Secretaría General de Comercio Exterior, relativa al procedimiento y tramitación de las importaciones e introducciones de mercancías y sus regímenes comerciales."
2010-03-11,61,1,BOE-A-2010-4046,JEFATURA DEL ESTADO,estatal,Ley Orgánica,24460,24460,"Ley Orgánica 3/2010, de 10 de marzo, de modificación de la Ley Orgánica 6/1985, de 1 de julio, del Poder Judicial, y complementaria a la Ley para la ejecución en la Unión Europea de resoluciones judiciales de decomiso por la Comisión de infracciones penales."
2010-03-11,61,1,BOE-A-2010-4047,JEFATURA DEL ESTADO,estatal,Ley,24461,24472,"Ley 3/2010, de 10 de marzo, por la que se aprueban medidas urgentes para paliar los daños producidos por los incendios forestales y otras catástrofes naturales ocurridos en varias Comunidades Autónomas."
2010-03-11,61,1,BOE-A-2010-4048,JEFATURA DEL ESTADO,estatal,Ley,24473,24495,"Ley 4/2010, de 10 de marzo, para la ejecución en la Unión Europea de resoluciones judiciales de decomiso."
2010-03-11,61,1,BOE-A-2010-4049,MINISTERIO DE ASUNTOS EXTERIORES Y DE COOPERACIÓN,estatal,Tratado o acuerdo internacional,24496,24496,"Entrada en vigor del Acuerdo entre el Reino de España y la República Islámica de Afganistán para el patrocinio de una unidad del ejército nacional afgano, hecho en Kabul el 28 de julio de 2008."
2010-03-11,61,1,BOE-A-2010-4050,MINISTERIO DE ASUNTOS EXTERIORES Y DE COOPERACIÓN,estatal,Corrección,24497,24497,Corrección de errores de las Modificaciones al Reglamento del Tratado de cooperación en materia de patentes (PCT) adoptadas en la 34ª Sesión de la Asamblea de la Unión Internacional de cooperación en materia de patentes el 5 de octubre de 2005.
2010-03-11,61,1,BOE-A-2010-4051,"MINISTERIO DE INDUSTRIA, TURISMO Y COMERCIO",estatal,Corrección,24498,24498,"Corrección de errores de la Orden ITC/2869/2009, de 21 de octubre, por la que se modifica la Orden PRE/3026/2003, de 30 de octubre, por la que se dictan normas de inspección y control para las Direcciones Regionales y Territoriales de Comercio."
2010-03-11,61,1,BOE-A-2010-4052,MINISTERIO DE LA PRESIDENCIA,estatal,Real Decreto,24499,24500,"Real Decreto 204/2010, de 26 de febrero, por el que se modifica el Real Decreto 1041/2009, de 29 de junio, por el que se desarrolla la estructura orgánica básica del Ministerio de Sanidad y Política Social y se modifica el Real Decreto 438/2008, de 14 de abril, por el que se aprueba la estructura orgánica básica de los departamentos ministeriales."
2010-03-11,61,1,BOE-A-2010-4053,MINISTERIO DE LA PRESIDENCIA,estatal,Corrección,24501,24501,"Corrección de errores del Real Decreto 4/2010, de 8 de enero, por el que se regula el Esquema Nacional de Interoperabilidad en el ámbito de la Administración Electrónica."
2010-03-11,61,1,BOE-A-2010-4054,MINISTERIO DE LA PRESIDENCIA,estatal,Corrección,24502,24505,"Corrección de errores del Real Decreto 3/2010, de 8 de enero, por el que se regula el Esquema Nacional de Seguridad en el ámbito de la Administración Electrónica."
2010-03-11,61,1,BOE-A-2010-4055,MINISTERIO DE CULTURA,estatal,Real Decreto,24506,24509,"Real Decreto 172/2010, de 19 de febrero, por el que se regula el Patronato del Museo Nacional y Centro de Investigación de Altamira."
2010-03-11,61,1,BOE-A-2010-4056,MINISTERIO DE VIVIENDA,estatal,Real Decreto,24510,24562,"Real Decreto 173/2010, de 19 de febrero, por el que se modifica el Código Técnico de la Edificación, aprobado por el Real Decreto 314/2006, de 17 de marzo, en materia de accesibilidad y no discriminación de las personas con discapacidad."
2010-03-11,61,1,BOE-A-2010-4057,MINISTERIO DE VIVIENDA,estatal,Orden,24563,24591,"Orden VIV/561/2010, de 1 de febrero, por la que se desarrolla el documento técnico de condiciones básicas de accesibilidad y no discriminación para el acceso y utilización de los espacios públicos urbanizados."
2010-03-12,62,1,BOE-A-2010-4126,JEFATURA DEL ESTADO,estatal,Otras,24782,24791,"Instrumento de Ratificación del Instrumento de Enmienda del Convenio constitutivo de la Oficina Europea de Radiocomunicaciones (OER), hecho en Copenhague el 12 de diciembre de 2002."
2010-03-12,62,1,BOE-A-2010-4127,CONSEJO GENERAL DEL PODER JUDICIAL,estatal,Resolución judicial,24792,24811,"Acuerdo de 25 de febrero de 2010, del Pleno del Consejo General del Poder Judicial, por el que se aprueba el Reglamento 2/2010, sobre criterios generales de homogeneización de las actuaciones de los servicios comunes procesales."
2010-03-12,62,1,BOE-A-2010-4128,MINISTERIO DE ASUNTOS EXTERIORES Y DE COOPERACIÓN,estatal,Tratado o acuerdo internacional,24812,24817,"Acuerdo entre el Reino de España y la República de Corea sobre protección de la información clasificada en materia de defensa, hecho en Seúl el 23 de marzo de 2009."
2010-03-12,62,1,BOE-A-2010-4129,MINISTERIO DE ASUNTOS EXTERIORES Y DE COOPERACIÓN,estatal,Corrección,24818,24818,"Corrección de errores de las Enmiendas de 2006 al Código Internacional de sistemas de seguridad contra incendios (Código SSCI) en virtud del SOLAS 1974, (publicado en el ""Boletín Oficial del Estado"" nº 299 de 14 de diciembre de 2002), adoptadas el 18 de mayo de 2009 mediante Resolución MSC 206(81)."
2010-03-12,62,1,BOE-A-2010-4130,MINISTERIO DE EDUCACIÓN,estatal,Real Decreto,24819,24822,"Real Decreto 102/2010, de 5 de febrero, por el que se regula la ordenación de las enseñanzas acogidas al acuerdo entre el Gobierno de España y el Gobierno de Francia relativo a la doble titulación de Bachiller y de Baccalauréat en centros docentes españoles."
2010-03-12,62,1,BOE-A-2010-4131,MINISTERIO DE EDUCACIÓN,estatal,Real Decreto,24823,24830,"Real Decreto 131/2010, de 12 de febrero, por el que se modifica el Real Decreto 332/1992, de 3 de abril, de autorizaciones de centros privados para impartir enseñanzas de régimen general, el Real Decreto 806/1993, de 28 de mayo, de régimen de centros docentes extranjeros en España, y el Real Decreto 321/1994, de 25 de febrero, de autorización a centros docentes privados para impartir enseñanzas artísticas, para adecuarlas a la Ley 17/2009, de 23 de noviembre, sobre el libre acceso a las actividades de servicios y su ejercicio."
2010-03-12,62,1,BOE-A-2010-4132,MINISTERIO DE EDUCACIÓN,estatal,Real Decreto,24831,24840,"Real Decreto 132/2010, de 12 de febrero, por el que se establecen los requisitos mínimos de los centros que impartan las enseñanzas del segundo ciclo de la educación infantil, la educación primaria y la educación secundaria."
2010-03-12,62,1,BOE-A-2010-4133,"MINISTERIO DE MEDIO AMBIENTE, Y MEDIO RURAL Y MARINO",estatal,Orden,24841,24841,"Orden ARM/573/2010, de 4 de marzo, por la que se modifica el anexo del Real Decreto 558/2001, de 25 de mayo, por el que se regula el reconocimiento oficial de las organizaciones o asociaciones de criadores de perros de raza pura."
2010-03-12,62,1,BOE-A-2010-4134,"MINISTERIO DE MEDIO AMBIENTE, Y MEDIO RURAL Y MARINO",estatal,Orden,24842,24843,"Orden ARM/574/2010, de 4 de marzo, por la que se modifica el anexo I del Real Decreto 2129/2008, de 26 de diciembre, por el que se establece el Programa nacional de conservación, mejora y fomento de las razas ganaderas."
2010-03-12,62,1,BOE-A-2010-4135,"MINISTERIO DE MEDIO AMBIENTE, Y MEDIO RURAL Y MARINO",estatal,Orden,24844,24845,"Orden ARM/575/2010, de 10 de marzo, por la que se modifica la Orden ARM/3054/2008, de 27 de octubre, por la que se establecen medidas específicas de protección en relación con la lengua azul."
2010-03-12,62,1,BOE-A-2010-4136,MINISTERIO DE LA PRESIDENCIA,estatal,Resolución,24846,24848,"Resolución de 3 de marzo de 2010, de la Mutualidad General de Funcionarios Civiles del Estado, por la que se crea y regula la sede electrónica de MUFACE."
2010-03-13,63,1,BOE-A-2010-4168,TRIBUNAL CONSTITUCIONAL,estatal,Resolución judicial,25001,25001,"Cuestión de inconstitucionalidad nº 6069-2009, en relación con la disposición adicional 48ª de la Ley 2/2004, de 27 de diciembre, de Presupuestos Generales del Estado para el año 2005, que introduce una nueva disposición adicional 9ª en la Ley 25/1990, de 20 de noviembre, del Medicamento."
2010-03-13,63,1,BOE-A-2010-4169,MINISTERIO DE ECONOMÍA Y HACIENDA,estatal,Orden,25002,25005,"Orden EHA/580/2010, de 26 de febrero, por la que se aprueba el modelo de autoliquidación y pago de la Tasa prevista en el artículo 23 de la Ley 19/1988, de 12 de julio, de Auditoría de Cuentas."
2010-03-13,63,1,BOE-A-2010-4170,MINISTERIO DE ECONOMÍA Y HACIENDA,estatal,Corrección,25006,25008,"Corrección de errores de la Resolución de 26 de enero de 2010, de la Intervención General de la Administración del Estado, por la que se modifican: la Resolución de 16 de octubre de 1997, por la que se aprueba la adaptación del Plan General de Contabilidad Pública a las Entidades Gestoras y Servicios Comunes de la Seguridad Social; la Resolución de 6 de octubre de 2008, por la que se determina la estructura y contenido del resumen de las cuentas anuales de las Entidades Gestoras, Servicios Comunes y Mutuas de Accidentes de Trabajo y Enfermedades Profesionales de la Seguridad Social y sus centros mancomunados, a efectos de su publicación en el Boletín Oficial del Estado; y el Anexo I de la Orden EHA/567/2009, de 4 de marzo, por la que se regula el procedimiento telemático de obtención, formulación, aprobación y rendición de las cuentas anuales de las entidades que integran el sistema de la Seguridad Social."
2010-03-13,63,1,BOE-A-2010-4171,MINISTERIO DE TRABAJO E INMIGRACIÓN,estatal,Orden,25009,25010,"Orden TIN/581/2010, de 4 de marzo, por la que se modifica el anexo I del Real Decreto 1971/2008, de 28 de noviembre, por el que se regula la concesión de forma directa de subvenciones a las organizaciones sindicales y asociaciones empresariales por su participación en los órganos consultivos del Ministerio de Trabajo e Inmigración, de sus organismos autónomos y de las entidades gestoras de la Seguridad Social."
2010-03-13,63,1,BOE-A-2010-4172,"MINISTERIO DE INDUSTRIA, TURISMO Y COMERCIO",estatal,Real Decreto,25011,25021,"Real Decreto 198/2010, de 26 de febrero, por el que se adaptan determinadas disposiciones relativas al sector eléctrico a lo dispuesto en la Ley 25/2009, de modificación de diversas leyes para su adaptación a la ley sobre el libre acceso a las actividades de servicios y su ejercicio."
2010-03-13,63,1,BOE-A-2010-4173,"MINISTERIO DE INDUSTRIA, TURISMO Y COMERCIO",estatal,Real Decreto,25022,25026,"Real Decreto 199/2010, de 26 de febrero, por el que se regula el ejercicio de la venta ambulante o no sedentaria."
2010-03-13,63,1,BOE-A-2010-4174,"MINISTERIO DE INDUSTRIA, TURISMO Y COMERCIO",estatal,Real Decreto,25027,25036,"Real Decreto 200/2010, de 26 de febrero, por el que se modifica el Real Decreto 1882/1978, de 26 de julio, sobre canales de comercialización de productos agropecuarios y pesqueros para la alimentación y el Real Decreto 225/2006, de 24 de febrero, por el que se regulan determinados aspectos de las ventas a distancia y la inscripción en el Registro de empresas de ventas a distancia, para su adaptación a la Directiva 2006/123/CE del Parlamento europeo y del Consejo, de 12 de diciembre de 2006, relativa a los servicios en el mercado interior."
2010-03-13,63,1,BOE-A-2010-4175,"MINISTERIO DE INDUSTRIA, TURISMO Y COMERCIO",estatal,Real Decreto,25037,25046,"Real Decreto 201/2010, de 26 de febrero, por el que se regula el ejercicio de la actividad comercial en régimen de franquicia y la comunicación de datos al registro de franquiciadores."
2010-03-13,63,1,BOE-A-2010-4176,"MINISTERIO DE INDUSTRIA, TURISMO Y COMERCIO",estatal,Resolución,25047,25048,"Resolución de 3 de marzo de 2010, de la Dirección General de Política Energética y Minas, por la que se hacen públicos los nuevos precios de venta, antes de impuestos, de los gases licuados del petróleo por canalización."
2010-03-13,63,1,BOE-A-2010-4177,"MINISTERIO DE MEDIO AMBIENTE, Y MEDIO RURAL Y MARINO",estatal,Corrección,25049,25049,"Corrección de errores del Real Decreto 168/2010, de 19 de febrero, por el que se modifica el Real Decreto 244/2009, de 27 de febrero, para la aplicación de las medidas del programa de apoyo al sector vitivinícola español."
2010-03-13,63,1,BOE-A-2010-4178,COMISIÓN NACIONAL DEL MERCADO DE VALORES,estatal,Corrección,25050,25050,"Corrección de erratas de la Resolución de 16 de febrero de 2010, de la Presidencia de la Comisión Nacional del Mercado de Valores, por la que se crea la sede electrónica de la Comisión Nacional del Mercado de Valores."
2010-03-13,63,1,BOE-A-2010-4179,COMUNIDAD AUTÓNOMA DE CATALUÑA,autonómico,Ley,25051,25112,"Ley 2/2010, de 18 de febrero, de pesca y acción marítimas."
2010-03-13,63,1,BOE-A-2010-4180,COMUNIDAD DE MADRID,autonómico,Ley,25113,25115,"Ley 7/2009, de 15 de diciembre, por la que se liberaliza el régimen jurídico de la actividad de inspección técnica de vehículos en la Comunidad de Madrid."
2010-03-13,63,1,BOE-A-2010-4181,COMUNIDAD DE MADRID,autonómico,Ley,25116,25146,"Ley 8/2009, de 21 de diciembre, de Medidas Liberalizadoras y de Apoyo a la Empresa Madrileña."
2010-03-13,63,1,BOE-A-2010-4182,COMUNIDAD DE MADRID,autonómico,Ley,25147,25188,"Ley 9/2009, de 23 de diciembre, de Presupuestos Generales de la Comunidad de Madrid para el año 2010."
2010-03-13,63,1,BOE-A-2010-4183,COMUNIDAD DE MADRID,autonómico,Ley,25189,25219,"Ley 10/2009, de 23 de diciembre, de Medidas Fiscales y Administrativas."
2010-03-15,64,1,BOE-A-2010-4219,MINISTERIO DE DEFENSA,estatal,Real Decreto,25324,25334,"Real Decreto 194/2010, de 26 de febrero, por el que se aprueban las Normas sobre seguridad en las Fuerzas Armadas."
2010-03-15,64,1,BOE-A-2010-4220,MINISTERIO DE ECONOMÍA Y HACIENDA,estatal,Resolución,25335,25340,"Resolución de 5 de marzo de 2010, de la Dirección General de Coordinación Financiera con las Comunidades Autónomas y con las Entidades Locales, por la que se desarrolla la información a suministrar por las corporaciones locales relativa al esfuerzo fiscal y su comprobación en las Delegaciones de Economía y Hacienda."
2010-03-15,64,1,BOE-A-2010-4221,"MINISTERIO DE MEDIO AMBIENTE, Y MEDIO RURAL Y MARINO",estatal,Orden,25341,25344,"Orden ARM/598/2010, de 4 de marzo, por la que se crea la Sede Electrónica del Ministerio de Medio Ambiente, y Medio Rural y Marino."
2010-03-15,64,1,BOE-A-2010-4222,COMUNIDAD AUTÓNOMA DE CANARIAS,autonómico,Ley,25345,25358,"Ley 14/2009, de 30 de diciembre, por la que se modifica la Ley 7/1995, de 6 de abril, de ordenación del turismo de Canarias."
2010-03-16,65,1,BOE-A-2010-4395,MINISTERIO DE ECONOMÍA Y HACIENDA,estatal,Resolución,26078,26079,"Resolución de 9 de marzo de 2010, de la Dirección General del Tesoro y Política Financiera, por la que se publica el Acuerdo adoptado por el Consejo Rector del Fondo para la Adquisición de Activos Financieros, el 8 de marzo de 2010, sobre modificación parcial de las directrices de inversión del Fondo."
2010-03-16,65,1,BOE-A-2010-4396,MINISTERIO DE FOMENTO,estatal,Resolución,26080,26083,"Resolución de 24 de febrero de 2010, del Centro de Estudios y Experimentación de Obras Públicas, por la que se crea y regula el Registro Electrónico."
2010-03-16,65,1,BOE-A-2010-4397,"MINISTERIO DE INDUSTRIA, TURISMO Y COMERCIO",estatal,Resolución,26084,26086,"Resolución de 9 de marzo de 2010, de la Oficina Española de Patentes y Marcas, por la que se crea la Sede Electrónica de la Oficina Española de Patentes y Marcas."
2010-03-16,65,1,BOE-A-2010-4398,"MINISTERIO DE MEDIO AMBIENTE, Y MEDIO RURAL Y MARINO",estatal,Real Decreto,26087,26096,"Real Decreto 202/2010, de 1 de marzo, por el que se establecen las bases reguladoras para la concesión de ayudas a las agrupaciones de productores de plantas vivas y productos de la floricultura para mejorar la producción, la comercialización y la formación del sector."
2010-03-16,65,1,BOE-A-2010-4399,MINISTERIO DE SANIDAD Y POLÍTICA SOCIAL,estatal,Real Decreto,26097,26102,"Real Decreto 207/2010, de 26 de febrero, por el que se establecen las condiciones del uso tutelado de técnicas, tecnologías y procedimientos sanitarios y se modifica el Real Decreto 1207/2006, de 20 de octubre, por el que se regula la gestión del Fondo de cohesión sanitaria."
2010-03-16,65,1,BOE-A-2010-4400,MINISTERIO DE SANIDAD Y POLÍTICA SOCIAL,estatal,Orden,26103,26105,"Orden SAS/641/2010, de 9 de marzo, por la que se regula la Comisión Asesora de Publicaciones y otras materias relacionadas con la actividad editorial del Ministerio de Sanidad y Política Social."
2010-03-16,65,1,BOE-A-2010-4401,MINISTERIO DE SANIDAD Y POLÍTICA SOCIAL,estatal,Orden,26106,26108,"Orden SAS/642/2010, de 9 de marzo, por la que se modifica el anexo III del Real Decreto 1599/1997, de 17 de octubre, sobre productos cosméticos."
2010-03-16,65,1,BOE-A-2010-4402,MINISTERIO DE SANIDAD Y POLÍTICA SOCIAL,estatal,Resolución,26109,26118,"Resolución de 24 de febrero de 2010, del Instituto de Mayores y Servicios Sociales, por la que se crea y regula la sede electrónica y el registro electrónico del Instituto de Mayores y Servicios Sociales."
2010-03-16,65,1,BOE-A-2010-4403,COMUNIDAD AUTÓNOMA DEL PAÍS VASCO,autonómico,Ley,26119,26123,"Ley 1/2009, de 8 de octubre, de medidas presupuestarias urgentes."
2010-03-16,65,1,BOE-A-2010-4404,COMUNIDAD AUTÓNOMA DEL PAÍS VASCO,autonómico,Ley,26124,26235,"Ley 2/2009, de 23 de diciembre, por la que se aprueban los Presupuestos Generales de la Comunidad Autónoma de Euskadi para el ejercicio 2010."
2010-03-16,65,1,BOE-A-2010-4405,COMUNIDAD AUTÓNOMA DEL PAÍS VASCO,autonómico,Ley,26236,26237,"Ley 3/2009, de 23 de diciembre, de modificación de la Ley de Atención y Protección a la Infancia y la Adolescencia."
2010-03-17,66,1,BOE-A-2010-4443,MINISTERIO DEL INTERIOR,estatal,Orden,26335,26339,"Orden INT/649/2010, de 12 de marzo, por la que se crean varias sedes electrónicas en el Ministerio del Interior."
2010-03-17,66,1,BOE-A-2010-4444,MINISTERIO DEL INTERIOR,estatal,Resolución,26340,26342,"Resolución de 11 de marzo de 2010, de la Dirección General de Tráfico, por la que se crea la Sede Electrónica del Organismo Autónomo Jefatura Central de Tráfico."
2010-03-17,66,1,BOE-A-2010-4445,MINISTERIO DE TRABAJO E INMIGRACIÓN,estatal,Resolución,26343,26345,"Resolución de 5 de marzo de 2010, del Servicio Público de Empleo Estatal, por la que se crea la Sede Electrónica del Servicio Público de Empleo Estatal."
2010-03-17,66,1,BOE-A-2010-4446,"MINISTERIO DE INDUSTRIA, TURISMO Y COMERCIO",estatal,Resolución,26346,26349,"Resolución de 15 de marzo de 2010, del Instituto para la Reestructuración de la Minería del Carbón y Desarrollo Alternativo de las Comarcas Mineras, por la que se crea la Sede Electrónica en el Instituto para la Reestructuración de la Minería del Carbón y Desarrollo Alternativo de las Comarcas Mineras."
2010-03-17,66,1,BOE-A-2010-4447,"MINISTERIO DE MEDIO AMBIENTE, Y MEDIO RURAL Y MARINO",estatal,Resolución,26350,26352,"Resolución de 4 de marzo de 2010, del Fondo Español de Garantía Agraria, por la que se crea la Sede Electrónica del Organismo."
2010-03-17,66,1,BOE-A-2010-4448,MINISTERIO DE LA PRESIDENCIA,estatal,Resolución,26353,26355,"Resolución de 19 de febrero de 2010, de la Presidencia del Consejo Superior de Deportes, por la que se crea la Sede Electrónica del Consejo Superior de Deportes."
2010-03-17,66,1,BOE-A-2010-4449,MINISTERIO DE LA PRESIDENCIA,estatal,Resolución,26356,26359,"Resolución de 15 de marzo de 2010, de la Dirección del Instituto Nacional de Administración Pública, por la que se crea la Sede Electrónica del organismo."
2010-03-17,66,1,BOE-A-2010-4450,MINISTERIO DE POLÍTICA TERRITORIAL,estatal,Orden,26360,26362,"Orden TER/650/2010, de 4 de marzo, por la que se crea la Comisión Calificadora de Documentos Administrativos del Ministerio de Política Territorial."
2010-03-17,66,1,BOE-A-2010-4451,MINISTERIO DE POLÍTICA TERRITORIAL,estatal,Orden,26363,26365,"Orden TER/651/2010, de 4 de marzo, por la que se regula la Comisión Asesora de Publicaciones del Ministerio de Política Territorial."
2010-03-17,66,1,BOE-A-2010-4452,MINISTERIO DE POLÍTICA TERRITORIAL,estatal,Orden,26366,26369,"Orden TER/652/2010, de 15 de marzo, por la que se crea la Sede Electrónica del Ministerio de Política Territorial."
2010-03-18,67,1,BOE-A-2010-4503,JEFATURA DEL ESTADO,estatal,Ley,26514,26517,"Ley 5/2010, de 17 de marzo, por la que se modifica la Ley 48/1960, de 21 de julio, de Navegación Aérea."
2010-03-18,67,1,BOE-A-2010-4504,JEFATURA DEL ESTADO,estatal,Otras,26518,26529,"Instrumento de Ratificación de la Convención Iberoamericana de Derechos de los Jóvenes, hecho en Badajoz el 11 de octubre de 2005."
2010-03-18,67,1,BOE-A-2010-4505,MINISTERIO DE ASUNTOS EXTERIORES Y DE COOPERACIÓN,estatal,Corrección,26530,26530,"Corrección de errores de las Enmiendas de 2008 al Protocolo de 1988 relativo al Convenio Internacional para la seguridad de la vida humana en el mar, 1974, enmendado, adoptadas el 16 de mayo de 208, mediante Resolución MSC 258(84)."
2010-03-18,67,1,BOE-A-2010-4506,MINISTERIO DE ECONOMÍA Y HACIENDA,estatal,Corrección,26531,26531,"Corrección de errores del Real Decreto 191/2010, de 26 de febrero, por el que se modifica el Reglamento de los Impuestos Especiales, aprobado por el Real Decreto 1165/1995, de 7 de julio."
2010-03-18,67,1,BOE-A-2010-4507,MINISTERIO DE ECONOMÍA Y HACIENDA,estatal,Orden,26532,26542,"Orden EHA/664/2010, de 11 de marzo, por la que se aprueba el modelo 202 para efectuar los pagos fraccionados a cuenta del Impuesto sobre Sociedades y del Impuesto sobre la Renta de no Residentes correspondiente a establecimientos permanentes y entidades en régimen de atribución de rentas constituidas en el extranjero con presencia en territorio español, y se establecen las condiciones generales y el procedimiento para su presentación telemática."
2010-03-18,67,1,BOE-A-2010-4508,MINISTERIO DE ECONOMÍA Y HACIENDA,estatal,Resolución,26543,26544,"Resolución de 16 de marzo de 2010, del Instituto de Crédito Oficial, por la que se crea la Sede Electrónica del Instituto de Crédito Oficial."
2010-03-18,67,1,BOE-A-2010-4509,MINISTERIO DE TRABAJO E INMIGRACIÓN,estatal,Orden,26545,26548,"Orden TIN/665/2010, de 15 de marzo, por la que se crea la Sede Electrónica en el Ministerio de Trabajo e Inmigración."
2010-03-18,67,1,BOE-A-2010-4510,"MINISTERIO DE INDUSTRIA, TURISMO Y COMERCIO",estatal,Real Decreto,26549,26601,"Real Decreto 105/2010, de 5 de febrero, por el que se modifican determinados aspectos de la regulación de los almacenamientos de productos químicos y se aprueba la instrucción técnica complementaria MIE APQ-9 ""almacenamiento de peróxidos orgánicos""."
2010-03-18,67,1,BOE-A-2010-4511,"MINISTERIO DE INDUSTRIA, TURISMO Y COMERCIO",estatal,Real Decreto,26602,26617,"Real Decreto 197/2010, de 26 de febrero, por el que se adaptan determinadas disposiciones relativas al sector de hidrocarburos a lo dispuesto en la Ley 25/2009, de 22 de diciembre, de modificación de diversas leyes para su adaptación a la Ley sobre el libre acceso a las actividades de servicios y su ejercicio."
2010-03-18,67,1,BOE-A-2010-4512,"MINISTERIO DE MEDIO AMBIENTE, Y MEDIO RURAL Y MARINO",estatal,Corrección,26618,26618,"Corrección de errores de la Resolución de 4 de marzo de 2010, del Fondo Español de Garantía Agraria, por la que se crea la Sede Electrónica del Organismo."
2010-03-18,67,1,BOE-A-2010-4513,MINISTERIO DE LA PRESIDENCIA,estatal,Real Decreto,26619,26619,"Real Decreto 248/2010, de 5 de marzo, por el que se modifica el Reglamento de explosivos, aprobados por Real Decreto 230/1998, de 16 de febrero, para adaptarlo a lo dispuesto en la Ley 17/2009, de 23 de noviembre, sobre el libre acceso a las actividades de servicios y su ejercicio."
2010-03-18,67,1,BOE-A-2010-4514,MINISTERIO DE LA PRESIDENCIA,estatal,Real Decreto,26620,26634,"Real Decreto 249/2010, de 5 de marzo, por el que se adaptan determinadas disposiciones en materia de energía y minas a lo dispuesto en la Ley 17/2009, de 23 de noviembre, sobre el libre acceso a las actividades de servicios y su ejercicio, y la Ley 25/2009, de 22 de diciembre, de modificación de diversas leyes para su adaptación a la Ley sobre el libre acceso a las actividades de servicios y su ejercicio."
2010-03-18,67,1,BOE-A-2010-4515,MINISTERIO DE POLÍTICA TERRITORIAL,estatal,Corrección,26635,26635,"Corrección de errores de la Orden TER/3409/2009, de 18 de diciembre, por la que se dispone la publicación del reglamento interno de la Conferencia de Presidentes."
2010-03-18,67,1,BOE-A-2010-4516,MINISTERIO DE VIVIENDA,estatal,Orden,26636,26639,"Orden VIV/666/2010, de 15 de marzo, por la que se crea el Registro Electrónico del Ministerio de Vivienda y se establecen sus funciones y régimen de funcionamiento."
2010-03-18,67,1,BOE-A-2010-4517,COMUNIDAD AUTÓNOMA DE LA RIOJA,autonómico,Ley,26640,26646,"Ley 2/2010, de 2 de marzo, por la que se aprueba el convenio de cooperación entre la Comunidad de Madrid y la Comunidad Autónoma de La Rioja, para el establecimiento de un programa de actuación conjunta en materia de sangre de cordón umbilical."
2010-03-18,67,1,BOE-A-2010-4518,COMUNIDAD AUTÓNOMA DE CANARIAS,autonómico,Ley,26647,26683,"Ley 1/2010, de 26 de febrero, canaria de igualdad entre mujeres y hombres."
2010-03-19,68,1,BOE-A-2010-4592,JEFATURA DEL ESTADO,estatal,Otras,27026,27043,"Instrumento de Ratificación de la Convención sobre municiones de racimo, hecho en Dublín el 30 de mayo de 2008."
2010-03-19,68,1,BOE-A-2010-4593,MINISTERIO DE ASUNTOS EXTERIORES Y DE COOPERACIÓN,estatal,Resolución,27044,27049,"Resolución de 1 de marzo de 2010, de la Secretaría General Técnica, de corrección de errores de las Enmiendas propuestas por Portugal al Anejo A del Acuerdo Europeo sobre Transporte Internacional de mercancías peligrosas por carretera (ADR), hecho en Ginebra el 30 de septiembre de 1957."
2010-03-19,68,1,BOE-A-2010-4594,MINISTERIO DE FOMENTO,estatal,Orden,27050,27052,"Orden FOM/677/2010, de 17 de marzo, por la que se crea la Sede Electrónica del Ministerio de Fomento."
2010-03-19,68,1,BOE-A-2010-4595,MINISTERIO DE LA PRESIDENCIA,estatal,Orden,27053,27059,"Orden PRE/678/2010, de 15 de marzo, por la que se crea la Comisión de Coordinación de Bibliotecas del Ministerio de la Presidencia y de los Organismos vinculados al mismo."
2010-03-20,69,1,BOE-A-2010-4646,MINISTERIO DE ASUNTOS EXTERIORES Y DE COOPERACIÓN,estatal,Resolución,27400,27400,"Resolución de 1 de marzo de 2010, de la Secretaría General Técnica, de corrección de errores de la versión en español de las Enmiendas al Reglamento Internacional para prevenir los abordajes, 1972 adoptadas el 29 de noviembre de 2001 mediante Resolución A-910(22)."
2010-03-20,69,1,BOE-A-2010-4647,MINISTERIO DE ASUNTOS EXTERIORES Y DE COOPERACIÓN,estatal,Tratado o acuerdo internacional,27401,27408,"Acuerdo entre el Ministro de Defensa de la República Francesa, el Ministro de Defensa de la República Italiana, el Ministro de Defensa del Reino de España y el Secretario General del Consejo de la Unión Europea Alto Representante de la Política Exterior y de Seguridad Común (PESC) relativo a la puesta a disposición de la Unión Europea de imágenes HELIOS I. Aplicación provisional."
2010-03-20,69,1,BOE-A-2010-4648,MINISTERIO DE ASUNTOS EXTERIORES Y DE COOPERACIÓN,estatal,Tratado o acuerdo internacional,27409,27410,"Enmiendas al Reglamento Internacional para prevenir los abordajes, 1972 (publicado en el ""Boletín Oficial del Estado"" de 9 de julio de 1977), adoptadas el 29 de noviembre de 2007, mediante Resolución A.1004(25)."
2010-03-20,69,1,BOE-A-2010-4649,MINISTERIO DE DEFENSA,estatal,Corrección,27411,27411,"Corrección de errores del Real Decreto 166/2010, de 19 de febrero, por el que se aprueba el Reglamento de catalogación de material de la defensa."
2010-03-20,69,1,BOE-A-2010-4650,"MINISTERIO DE INDUSTRIA, TURISMO Y COMERCIO",estatal,Corrección,27412,27412,"Corrección de errores de la Resolución de 15 de marzo de 2010, del Instituto para la Reestructuración de la Minería del Carbón y Desarrollo Alternativo de las Comarcas Mineras, por la que se crea la Sede Electrónica en el Instituto para la Reestructuración de la Minería del Carbón y Desarrollo Alternativo de las Comarcas Mineras."
2010-03-20,69,1,BOE-A-2010-4651,MINISTERIO DE VIVIENDA,estatal,Resolución,27413,27419,"Resolución de 15 de marzo de 2010, de la Subsecretaría, por la que se publica el Acuerdo de Consejo de Ministros de 12 de marzo de 2010, por el que se revisan y modifican los tipos de interés efectivos anuales vigentes para los préstamos cualificados o convenidos concedidos en el marco de los Programas 1995 (Plan de Vivienda 1992-1995), Programa 1998 (Plan de Vivienda 1996-1999), Plan de Vivienda 1998-2001, Plan de Vivienda 2002-2005 y Plan de Vivienda 2005-2008."
2010-03-20,69,1,BOE-A-2010-4652,COMUNIDAD AUTÓNOMA DE GALICIA,autonómico,Decreto,27420,27464,"Decreto 7/2010, de 14 de enero, por el que se aprueban los Estatutos de la Universidad de Vigo."
2010-03-22,70,1,BOE-A-2010-4675,MINISTERIO DE ASUNTOS EXTERIORES Y DE COOPERACIÓN,estatal,Resolución,27559,27565,"Resolución de 16 de marzo de 2010, de la Secretaría General Técnica, sobre la Modificación al Anejo II, Normas para la concesión de autorizaciones para uso con fines terapéuticos, de la Convención Internacional contra el dopaje en el deporte, París 18 de noviembre de 2005 (publicada en el ""Boletín Oficial del Estado"" n.º 41, de 16 de febrero de 2007)."
2010-03-22,70,1,BOE-A-2010-4676,COMUNIDAD AUTÓNOMA DE CATALUÑA,autonómico,Corrección,27566,27566,"Corrección de errores de la Ley 26/2009, de 23 de diciembre, de medidas fiscales, financieras y administrativas."
2010-03-22,70,1,BOE-A-2010-4677,COMUNIDAD AUTÓNOMA DE EXTREMADURA,autonómico,Ley,27567,27570,"Ley 2/2010, de 26 de febrero, de creación del Colegio Profesional de Logopedas de Extremadura."
2010-03-22,70,1,BOE-A-2010-4678,COMUNIDAD AUTÓNOMA DE EXTREMADURA,autonómico,Ley,27571,27574,"Ley 3/2010, de 26 de febrero, de creación del Colegio Profesional de Higienistas Dentales de Extremadura."
2010-03-22,70,1,BOE-A-2010-4679,COMUNIDAD DE CASTILLA Y LEÓN,autonómico,Ley,27575,27578,"Ley 1/2010, de 2 de marzo, de declaración del parque natural de ""Laguna Negra y Circos Glaciares de Urbión"" (Soria)."
2010-03-23,71,1,BOE-A-2010-4761,JEFATURA DEL ESTADO,estatal,Real Decreto-ley,27947,27950,"Real Decreto-ley 2/2010, de 19 de marzo, sobre reducción del número mínimo de jornadas reales cotizadas para acceder al subsidio por desempleo o a la renta agraria a favor de los trabajadores eventuales agrarios afectados por las inundaciones acaecidas en las Comunidades Autónomas de Andalucía y Extremadura."
2010-03-23,71,1,BOE-A-2010-4762,MINISTERIO DE ASUNTOS EXTERIORES Y DE COOPERACIÓN,estatal,Tratado o acuerdo internacional,27951,27951,"Enmienda a los artículos 7.2 (G) del Convenio Constitutivo del Fondo Internacional de Desarrollo Agrícola, (publicado en el ""Boletín Oficial del Estado"" 14 de febrero de 1979 y 29 de marzo de 1979) adoptadas por Resolución 143/XXIX en Roma el 6 de febrero de 2006."
2010-03-23,71,1,BOE-A-2010-4763,MINISTERIO DE FOMENTO,estatal,Orden,27952,27957,"Orden FOM/700/2010, de 26 de febrero, por la que se crea la Comisión de Coordinación de las Bibliotecas del Ministerio de Fomento y de los organismos y entidades vinculados al mismo."
2010-03-23,71,1,BOE-A-2010-4764,MINISTERIO DE FOMENTO,estatal,Orden,27958,27961,"Orden FOM/701/2010, de 26 de febrero, por la que se regulan la Comisión Asesora de Publicaciones y el Centro de Publicaciones del Ministerio de Fomento."
2010-03-23,71,1,BOE-A-2010-4765,MINISTERIO DE TRABAJO E INMIGRACIÓN,estatal,Real Decreto,27962,27976,"Real Decreto 337/2010, de 19 de marzo, por el que se modifican el Real Decreto 39/1997, de 17 de enero, por el que se aprueba el Reglamento de los Servicios de Prevención; el Real Decreto 1109/2007, de 24 de agosto, por el que se desarrolla la Ley 32/2006, de 18 de octubre, reguladora de la subcontratación en el sector de la construcción y el Real Decreto 1627/1997, de 24 de octubre, por el que se establecen disposiciones mínimas de seguridad y salud en obras de construcción."
2010-03-23,71,1,BOE-A-2010-4766,"MINISTERIO DE INDUSTRIA, TURISMO Y COMERCIO",estatal,Real Decreto,27977,27988,"Real Decreto 245/2010, de 5 de marzo, por el que se modifica el Real Decreto 2245/1986, de 10 de octubre, por el que se aprueba el Reglamento para la ejecución de la Ley 11/1986, de 20 de marzo, de Patentes."
2010-03-23,71,1,BOE-A-2010-4767,"MINISTERIO DE MEDIO AMBIENTE, Y MEDIO RURAL Y MARINO",estatal,Real Decreto,27989,27998,"Real Decreto 341/2010, de 19 de marzo, por el que se desarrollan determinadas obligaciones de información para actividades que se incorporan al régimen de comercio de derechos de emisión de gases de efecto invernadero."
2010-03-23,71,1,BOE-A-2010-4768,MINISTERIO DE LA PRESIDENCIA,estatal,Real Decreto,27999,28004,"Real Decreto 343/2010, de 19 de marzo, por el que se modifica el Estatuto del Instituto Nacional de Técnica Aeroespacial ""Esteban Terradas"", aprobado por el Real Decreto 88/2001, de 2 de febrero."
2010-03-23,71,1,BOE-A-2010-4769,MINISTERIO DE LA PRESIDENCIA,estatal,Real Decreto,28005,28017,"Real Decreto 344/2010, de 19 de marzo, por el que se amplía el ámbito de aplicación de la Ley 3/2010, de 10 de marzo, por la que se aprueban medidas urgentes para paliar los daños producidos por los incendios forestales y otras catástrofes naturales ocurridas en varias comunidades autónomas."
2010-03-24,72,1,BOE-A-2010-4848,MINISTERIO DE ASUNTOS EXTERIORES Y DE COOPERACIÓN,estatal,Tratado o acuerdo internacional,28375,28375,"Entrada en vigor del Convenio Transaccional entre el Reino de España y el Principado de Andorra para la cesión del edificio y otros bienes de ""Radio Andorra"", hecho en Madrid el 5 de febrero de 2009."
2010-03-24,72,1,BOE-A-2010-4849,MINISTERIO DE ASUNTOS EXTERIORES Y DE COOPERACIÓN,estatal,Otras,28376,28376,"Corrección de error de las Enmiendas de 2006 al Protocolo de 1988 relativo al Convenio Internacional para la Seguridad de la Vida Humana en el Mar, 1974, adoptadas, el 8 de diciembre de 2006 mediante Resolución MSC 227(82)."
2010-03-24,72,1,BOE-A-2010-4850,MINISTERIO DE TRABAJO E INMIGRACIÓN,estatal,Resolución,28377,28389,"Resolución de 12 de marzo de 2010, del Servicio Público de Empleo Estatal, por la que se establece el procedimiento para la inclusión de nuevas especialidades en el fichero de especialidades formativas."
2010-03-24,72,1,BOE-A-2010-4851,"MINISTERIO DE INDUSTRIA, TURISMO Y COMERCIO",estatal,Real Decreto,28390,28394,"Real Decreto 244/2010, de 5 de marzo, por el que se aprueba el Reglamento regulador de la actividad de instalación y mantenimiento de equipos y sistemas de telecomunicación."
2010-03-24,72,1,BOE-A-2010-4852,"MINISTERIO DE MEDIO AMBIENTE, Y MEDIO RURAL Y MARINO",estatal,Resolución,28395,28398,"Resolución de 18 de marzo de 2010, de la Presidencia de la Agencia Estatal de Meteorología, por la que se crea la Sede Electrónica de la Agencia Estatal de Meteorología."
2010-03-24,72,1,BOE-A-2010-4853,MINISTERIO DE LA PRESIDENCIA,estatal,Resolución,28399,28400,"Resolución de 17 de marzo de 2010, de la Subsecretaría, por la que se dispone la publicación del Acuerdo del Consejo de Ministros de 22 de enero de 2010, por el que se amplía un año el plazo para ejercer el derecho de optar a la nacionalidad española recogido en la disposición adicional séptima de la Ley 52/2007, de 26 de diciembre, por la que se reconocen y amplían derechos y se establecen medidas a favor de quienes padecieron persecución o violencia durante la guerra civil y la dictadura."
2010-03-24,72,1,BOE-A-2010-4854,AGENCIA ESPAÑOLA DE PROTECCIÓN DE DATOS,estatal,Resolución,28401,28403,"Resolución de 18 de marzo de 2010, de la Agencia Española de Protección de Datos, por la que se crea la Sede Electrónica de la Agencia Española de Protección de Datos."
2010-03-25,73,1,BOE-A-2010-4908,JEFATURA DEL ESTADO,estatal,Ley,28590,28597,"Ley 6/2010, de 24 de marzo, de modificación del texto refundido de la Ley de Evaluación de Impacto Ambiental de proyectos, aprobado por el Real Decreto Legislativo 1/2008, de 11 de enero."
2010-03-26,74,1,BOE-A-2010-4976,MINISTERIO DE ECONOMÍA Y HACIENDA,estatal,Real Decreto,28846,28849,"Real Decreto 243/2010, de 5 de marzo, por el que se acuerda transigir con la Comunidad Autónoma de Aragón, dándose cumplimiento al apartado 2 de la disposición transitoria primera del Estatuto de Autonomía de Aragón, aprobado por Ley Orgánica 5/2007, de 20 de abril."
2010-03-26,74,1,BOE-A-2010-4977,MINISTERIO DE ECONOMÍA Y HACIENDA,estatal,Orden,28850,28861,"Orden EHA/733/2010, de 25 de marzo, por la que se aprueban aspectos contables de empresas públicas que operan en determinadas circunstancias."
2010-03-26,74,1,BOE-A-2010-4978,"MINISTERIO DE INDUSTRIA, TURISMO Y COMERCIO",estatal,Orden,28862,28869,"Orden ITC/734/2010, de 24 de marzo, por la que se inicia el procedimiento para efectuar propuestas de desarrollo de la red de transporte de energía eléctrica, de la red de transporte de gas natural y de las instalaciones de almacenamiento de reservas estratégicas de productos petrolíferos."
2010-03-26,74,1,BOE-A-2010-4979,MINISTERIO DE LA PRESIDENCIA,estatal,Real Decreto,28870,28870,"Real Decreto 305/2010, de 15 de marzo, por el que se modifica el Real Decreto 589/2005, de 20 de mayo, por el que se reestructuran los órganos colegiados responsables de la Administración electrónica."
2010-03-26,74,1,BOE-A-2010-4980,MINISTERIO DE LA PRESIDENCIA,estatal,Corrección,28871,28871,"Corrección de errores del Real Decreto 171/2010, de 19 de febrero, por el que se modifican el Real Decreto 1414/1981, de 3 de julio, por el que se reestructura el Instituto Social de la Marina y el Real Decreto 2358/1982, de 27 de agosto, por el que se determina la estructura orgánica del Instituto Social de la Marina."
2010-03-26,74,1,BOE-A-2010-4981,MINISTERIO DE LA PRESIDENCIA,estatal,Orden,28872,28875,"Orden PRE/735/2010, de 17 de marzo, por la que se modifica la lista de productos incluidos en el anexo I del Real Decreto 330/2008, de 29 de febrero, por el que se adoptan medidas de control a la importación de determinados productos respecto a las normas aplicables en materia de seguridad de los productos."
2010-03-27,75,1,BOE-A-2010-5029,JEFATURA DEL ESTADO,estatal,Real Decreto-ley,28987,28988,"Real Decreto-ley 3/2010, de 26 de marzo, por el que se modifica la Ley 42/1999, de 25 de noviembre, de Régimen del Personal del Cuerpo de la Guardia Civil."
2010-03-27,75,1,BOE-A-2010-5030,JEFATURA DEL ESTADO,estatal,Real Decreto-ley,28989,29000,"Real Decreto-ley 4/2010, de 26 de marzo, de racionalización del gasto farmacéutico con cargo al Sistema Nacional de Salud."
2010-03-27,75,1,BOE-A-2010-5031,MINISTERIO DE ECONOMÍA Y HACIENDA,estatal,Resolución,29001,29008,"Resolución de 26 de marzo de 2010, de la Presidencia del Comisionado para el Mercado de Tabacos, por la que se publican los precios de venta al público de determinadas labores de tabaco en Expendedurías de Tabaco y Timbre del Área del Monopolio."
2010-03-27,75,1,BOE-A-2010-5032,"MINISTERIO DE INDUSTRIA, TURISMO Y COMERCIO",estatal,Orden,29009,29011,"Orden ITC/749/2010, de 17 de marzo, por la que se modifica la Orden CTE/23/2002, de 11 de enero, por la que se establecen condiciones para la presentación de determinados estudios y certificaciones por operadores de servicios de radiocomunicaciones."
2010-03-27,75,1,BOE-A-2010-5033,"MINISTERIO DE INDUSTRIA, TURISMO Y COMERCIO",estatal,Orden,29012,29013,"Orden ITC/750/2010, de 17 de marzo, por la que se establecen las condiciones para la puesta a disposición de los datos de localización del usuario llamante del servicio telefónico móvil a los servicios de atención de llamadas de emergencia prestados a través de los números 062 y 091."
2010-03-27,75,1,BOE-A-2010-5034,"MINISTERIO DE INDUSTRIA, TURISMO Y COMERCIO",estatal,Orden,29014,29020,"Orden ITC/751/2010, de 22 de marzo, por la que se modifica la Orden ITC/4096/2006, de 28 de diciembre, por la que se aprueba el Reglamento de uso del dominio público radioeléctrico de la banda ciudadana CB-27."
2010-03-27,75,1,BOE-A-2010-5035,"MINISTERIO DE INDUSTRIA, TURISMO Y COMERCIO",estatal,Corrección,29021,29025,"Corrección de errores de la Circular de 1 de marzo de 2010, de la Secretaría General de Comercio Exterior, relativa al procedimiento y tramitación de las importaciones e introducciones de mercancías y sus regímenes comerciales."
2010-03-27,75,1,BOE-A-2010-5036,"MINISTERIO DE MEDIO AMBIENTE, Y MEDIO RURAL Y MARINO",estatal,Real Decreto,29026,29027,"Real Decreto 366/2010, de 26 de marzo, por el que se incorpora la denominación de calidad diferenciada ""Garbanzo de Pedrosillo"" en el anexo XII del Real Decreto 66/2010, de 29 de enero, sobre la aplicación en el año 2010 y 2011 de los pagos directos a la agricultura y a la ganadería."
2010-03-27,75,1,BOE-A-2010-5037,MINISTERIO DE LA PRESIDENCIA,estatal,Real Decreto,29028,29057,"Real Decreto 367/2010, de 26 de marzo, de modificación de diversos reglamentos del área de medio ambiente para su adaptación a la Ley 17/2009, de 23 de noviembre, sobre el libre acceso a las actividades de servicios y su ejercicio, y a la Ley 25/2009, de 22 de diciembre, de modificación de diversas leyes para su adaptación a la Ley de libre acceso a actividades de servicios y su ejercicio."
2010-03-27,75,1,BOE-A-2010-5038,MINISTERIO DE LA PRESIDENCIA,estatal,Real Decreto,29058,29078,"Real Decreto 369/2010, de 26 de marzo, por el que se modifica el Reglamento de las Escuelas Particulares de Conductores, aprobado por el Real Decreto 1295/2003, de 17 de octubre; el Reglamento General de Vehículos, aprobado por el Real Decreto 2822/1998, de 23 de diciembre; y el Real Decreto 2100/1976, de 10 de agosto, sobre fabricación, importación, venta y utilización de piezas, elementos o conjuntos para reparación de automóviles, para adaptar su contenido a la Ley 17/2009, de 23 de noviembre, sobre el libre acceso a las actividades de servicios y su ejercicio y a la Ley 25/2009, de 22 de diciembre, de modificación de diversas leyes para su adaptación a la Ley sobre el libre acceso a las actividades de servicios y su ejercicio."
2010-03-27,75,1,BOE-A-2010-5039,MINISTERIO DE SANIDAD Y POLÍTICA SOCIAL,estatal,Real Decreto,29079,29081,"Real Decreto 373/2010, de 26 de marzo, por el que se determina el nivel mínimo de protección garantizado a los beneficiarios del Sistema para la Autonomía y Atención a la Dependencia para el ejercicio 2010."
2010-03-27,75,1,BOE-A-2010-5040,MINISTERIO DE SANIDAD Y POLÍTICA SOCIAL,estatal,Real Decreto,29082,29085,"Real Decreto 374/2010, de 26 de marzo, sobre las prestaciones económicas de la Ley 39/2006, de 14 de diciembre, de Promoción de la Autonomía Personal y Atención a las personas en situación de dependencia para el ejercicio 2010."
2010-03-29,76,1,BOE-A-2010-5095,MINISTERIO DE ASUNTOS EXTERIORES Y DE COOPERACIÓN,estatal,Tratado o acuerdo internacional,29262,29262,"Enmienda a los artículos 7.2 (A) y(B) del Convenio Constitutivo del Fondo Internacional de Desarrollo Agrícola, (publicado en el ""Boletín Oficial del Estado"" 14 de febrero de 1979 y 29 de marzo de 1979) adoptadas por Resolución 124/XXIV en Roma el 21 de febrero de 2001."
2010-03-29,76,1,BOE-A-2010-5096,MINISTERIO DE JUSTICIA,estatal,Real Decreto,29263,29265,"Real Decreto 302/2010, de 15 de marzo, por el que se establece la separación de juzgados de primera instancia y juzgados de instrucción en los partidos judiciales de Orihuela (Alicante), Gandía y Torrent (Valencia)."
2010-03-29,76,1,BOE-A-2010-5097,MINISTERIO DE DEFENSA,estatal,Instrucción o circular,29266,29266,"Instrucción 11/2010, de 23 de marzo, de la Subsecretaría, por la que se establecen los parámetros de ponderación de las materias de la fase específica de la prueba de acceso a las enseñanzas universitarias oficiales de Grado."
2010-03-29,76,1,BOE-A-2010-5098,MINISTERIO DE ECONOMÍA Y HACIENDA,estatal,Orden,29267,29310,"Orden EHA/769/2010, de 18 de marzo, por la que se aprueba el modelo 349 de declaración recapitulativa de operaciones intracomunitarias, así como los diseños físicos y lógicos y el lugar, forma y plazo de presentación, se establecen las condiciones generales y el procedimiento para su presentación telemática, y se modifica la Orden HAC/3625/2003, de 23 de diciembre, por la que se aprueban el modelo 309 de declaración-liquidación no periódica del Impuesto sobre el Valor Añadido, y otras normas tributarias."
2010-03-29,76,1,BOE-A-2010-5099,MINISTERIO DE EDUCACIÓN,estatal,Orden,29311,29331,"Orden EDU/770/2010, de 23 de marzo, por la que se regula la admisión de alumnos en los centros públicos y privados concertados que imparten el segundo ciclo de la educación infantil, la educación primaria, la educación secundaria obligatoria y el bachillerato en las Ciudades de Ceuta y Melilla."
2010-03-29,76,1,BOE-A-2010-5100,MINISTERIO DE TRABAJO E INMIGRACIÓN,estatal,Orden,29332,29334,"Orden TIN/771/2010, de 15 de marzo, por la que se adoptan disposiciones para la aplicación y desarrollo de lo establecido en el Real Decreto 1678/2009, de 13 de noviembre, por el que se establecen medidas para facilitar la adaptación laboral del sector del juguete a los cambios estructurales en el comercio mundial."
2010-03-29,76,1,BOE-A-2010-5101,MINISTERIO DE TRABAJO E INMIGRACIÓN,estatal,Orden,29335,29337,"Orden TIN/772/2010, de 15 de marzo, por la que se adoptan disposiciones para la aplicación y desarrollo de lo establecido en el Real Decreto 1679/2009, de 13 de Noviembre, por el que se establecen medidas para facilitar la adaptación laboral del sector del mueble a los cambios estructurales en el comercio mundial."
2010-03-29,76,1,BOE-A-2010-5102,"MINISTERIO DE INDUSTRIA, TURISMO Y COMERCIO",estatal,Real Decreto,29338,29346,"Real Decreto 304/2010, de 15 de marzo, por el que se establece el régimen de ayudas a la cobertura de costes excepcionales en sustitución del suministro gratuito de carbón."
2010-03-29,76,1,BOE-A-2010-5103,"MINISTERIO DE MEDIO AMBIENTE, Y MEDIO RURAL Y MARINO",estatal,Real Decreto,29347,29349,"Real Decreto 246/2010, de 5 de marzo, por el que se modifica el Real Decreto 1201/1999, de 9 de julio, por el que se establece el programa nacional de erradicación y control del fuego bacteriano de las rosáceas."
2010-03-29,76,1,BOE-A-2010-5104,MINISTERIO DE LA PRESIDENCIA,estatal,Orden,29350,29352,"Orden PRE/773/2010, de 24 de marzo, sobre despacho de aduanas de envíos que circulan por el correo cursado a través de las cabeceras de zona aduanera."
2010-03-29,76,1,BOE-A-2010-5105,CONSEJO DE SEGURIDAD NUCLEAR,estatal,Resolución,29353,29359,"Resolución de 17 de marzo de 2010, del Consejo de Seguridad Nuclear, por la que se crean la Sede Electrónica y el Registro Electrónico del Consejo de Seguridad Nuclear."
2010-03-29,76,1,BOE-A-2010-5106,COMUNIDAD FORAL DE NAVARRA,autonómico,Ley,29360,29366,"Ley Foral 1/2010, de 23 de febrero, por la que se declara de utilidad pública y se aprueba la desafectación de 155 hectáreas pertenecientes al Ayuntamiento de Peralta."
2010-03-29,76,1,BOE-A-2010-5107,COMUNIDAD FORAL DE NAVARRA,autonómico,Ley,29367,29368,"Ley Foral 2/2010, de 23 de febrero, de modificación del artículo 5.1, letras a) y b), de la Ley Foral 18/1986, de 15 de diciembre, del Vascuence."
2010-03-29,76,1,BOE-A-2010-5108,COMUNIDAD FORAL DE NAVARRA,autonómico,Ley,29369,29370,"Ley Foral 3/2010, de 23 de febrero, de modificación del texto refundido del Estatuto del Personal al servicio de las Administraciones Públicas de Navarra, aprobado por Decreto Foral Legislativo 251/1993, de 30 de agosto, en lo relativo al deber de residencia."
2010-03-29,76,1,BOE-A-2010-5109,COMUNIDAD FORAL DE NAVARRA,autonómico,Corrección,29371,29371,"Corrección de errores de la Ley Foral 14/2008, de 2 de julio, de Garantías de Espera en Atención Especializada."
2010-03-30,77,1,BOE-A-2010-5208,JEFATURA DEL ESTADO,estatal,Otras,29743,29748,"Instrumento de Ratificación del Protocolo número 13 al Convenio para la protección de los Derechos Humanos y las Libertades Fundamentales, relativo a la abolición de la pena de muerte en todas las circunstancias, hecho en Vilna el tres de mayo de dos mil dos."
2010-03-30,77,1,BOE-A-2010-5209,MINISTERIO DE DEFENSA,estatal,Corrección,29749,29749,"Corrección de errores del Real Decreto 194/2010, de 26 de febrero, por el que se aprueban las Normas sobre seguridad en las Fuerzas Armadas."
2010-03-30,77,1,BOE-A-2010-5210,MINISTERIO DE ECONOMÍA Y HACIENDA,estatal,Orden,29750,29764,"Orden EHA/789/2010, de 16 de marzo, por la que se aprueban el formulario 360 de solicitud de devolución del Impuesto sobre el Valor Añadido soportado por empresarios o profesionales establecidos en el territorio de aplicación del impuesto, el contenido de la solicitud de devolución a empresarios o profesionales no establecidos en el territorio de aplicación del impuesto, pero establecidos en la Comunidad, Islas Canarias, Ceuta o Melilla, y el modelo 361 de solicitud de devolución del Impuesto sobre el Valor Añadido a determinados empresarios o profesionales no establecidos en el territorio de aplicación del impuesto, ni en la Comunidad, Islas Canarias, Ceuta o Melilla, y se establecen, asimismo, las condiciones generales y el procedimiento para su presentación telemática."
2010-03-30,77,1,BOE-A-2010-5211,MINISTERIO DE TRABAJO E INMIGRACIÓN,estatal,Orden,29765,29769,"Orden TIN/790/2010, de 24 de marzo, por la que se regula el envío por las empresas de los datos del certificado de empresa al Servicio Público de Empleo Estatal por medios electrónicos."
2010-03-30,77,1,BOE-A-2010-5212,MINISTERIO DE TRABAJO E INMIGRACIÓN,estatal,Resolución,29770,29775,"Resolución de 16 de marzo de 2010, del Servicio Público de Empleo Estatal, por la que se regula el Registro Electrónico del organismo."
2010-03-30,77,1,BOE-A-2010-5213,MINISTERIO DE POLÍTICA TERRITORIAL,estatal,Real Decreto,29776,29779,"Real Decreto 370/2010, de 26 de marzo, sobre ampliación de los medios patrimoniales adscritos a los servicios traspasados a la Comunidad de Castilla y León por el Real Decreto 1504/1984, de 8 de febrero, en materia de conservación de la naturaleza."
2010-03-30,77,1,BOE-A-2010-5214,MINISTERIO DE POLÍTICA TERRITORIAL,estatal,Real Decreto,29780,29783,"Real Decreto 371/2010, de 26 de marzo, sobre ampliación de los medios económicos adscritos a los servicios traspasados a la Comunidad de Castilla y León por el Real Decreto 1187/2001, de 2 de noviembre, en materia de la gestión realizada por el Instituto Nacional de Empleo, en el ámbito del trabajo, el empleo y la formación."
2010-03-30,77,1,BOE-A-2010-5215,MINISTERIO DE POLÍTICA TERRITORIAL,estatal,Real Decreto,29784,29787,"Real Decreto 372/2010, de 26 de marzo, sobre ampliación de medios patrimoniales adscritos a los servicios traspasados a la Comunidad de Castilla y León por el Real Decreto 1340/1999, de 31 de julio, en materia de Enseñanza no universitaria."
2010-03-30,77,1,BOE-A-2010-5216,MINISTERIO DE CIENCIA E INNOVACIÓN,estatal,Resolución,29788,29790,"Resolución de 17 de marzo de 2010, del Centro de Investigaciones Energéticas, Medioambientales y Tecnológicas, por la que se crea la Sede Electrónica del organismo."
2010-03-30,77,1,BOE-A-2010-5217,MINISTERIO DE CIENCIA E INNOVACIÓN,estatal,Resolución,29791,29795,"Resolución de 18 de marzo de 2010, del Centro de Investigaciones Energéticas, Medioambientales y Tecnológicas, por la que se crea y regula el Registro Electrónico del organismo."
2010-03-30,77,1,BOE-A-2010-5218,COMUNIDAD AUTÓNOMA DE ANDALUCÍA,autonómico,Ley,29796,29808,"Ley 1/2010, de 8 de marzo, Reguladora del Derecho a la Vivienda en Andalucía."
2010-03-31,78,1,BOE-A-2010-5259,JEFATURA DEL ESTADO,estatal,Otras,29967,29974,Instrumento de Ratificación del Convenio Civil sobre la Corrupción (número 174 del Consejo de Europa) hecho en Estrasburgo el cuatro de noviembre de mil novecientos noventa y nueve.
2010-03-31,78,1,BOE-A-2010-5260,MINISTERIO DE ECONOMÍA Y HACIENDA,estatal,Orden,29975,30055,"Orden EHA/799/2010, de 23 de marzo, por la que se aprueba el modelo de declaración del Impuesto sobre la Renta de las Personas Físicas, ejercicio 2009, se determinan el lugar, forma y plazos de presentación del mismo, se establecen los procedimientos de solicitud, remisión, modificación y confirmación o suscripción del borrador de declaración del Impuesto sobre la Renta de las Personas Físicas, y se determinan las condiciones generales y el procedimiento para la presentación de ambos por medios telemáticos o telefónicos."
2010-03-31,78,1,BOE-A-2010-5261,"MINISTERIO DE INDUSTRIA, TURISMO Y COMERCIO",estatal,Resolución,30056,30057,"Resolución de 22 de marzo de 2010, de la Dirección General de Política Energética y Minas, por la que se hace pública la tarifa de último recurso de gas natural."
2010-03-31,78,1,BOE-A-2010-5262,"MINISTERIO DE INDUSTRIA, TURISMO Y COMERCIO",estatal,Resolución,30058,30059,"Resolución de 29 de marzo de 2010, de la Dirección General de Política Energética y Minas, por la que se modifica la de 17 de marzo de 2003, por la que se clasifican los consumos a considerar como ""consumos propios"" y la información a remitir por las empresas para ser incluidos como tales a efectos de la aplicación del Real Decreto 1164/2001, de 26 de octubre."
2010-03-31,78,1,BOE-A-2010-5263,MINISTERIO DE POLÍTICA TERRITORIAL,estatal,Real Decreto,30060,30063,"Real Decreto 250/2010, de 5 de marzo, de ampliación de los medios económicos adscritos a los servicios traspasados a la Comunidad Autónoma de Aragón por el Real Decreto 300/1998, de 27 de febrero, en materia de gestión de la formación profesional para el empleo."
2010-03-31,78,1,BOE-A-2010-5264,MINISTERIO DE POLÍTICA TERRITORIAL,estatal,Real Decreto,30064,30068,"Real Decreto 251/2010, de 5 de marzo, de ampliación de los medios económicos y patrimoniales adscritos a los servicios traspasados a la Comunidad Autónoma de Aragón por el Real Decreto 778/2006, de 23 de junio, en materia de conservación de la naturaleza (Parque Nacional de Ordesa y Monte Perdido)."
2010-03-31,78,1,BOE-A-2010-5265,MINISTERIO DE POLÍTICA TERRITORIAL,estatal,Real Decreto,30069,30072,"Real Decreto 252/2010, de 5 de marzo, de traspaso de las funciones y servicios de la Administración del Estado a la Comunidad Autónoma de Aragón, en materia de instalaciones radiactivas de segunda y tercera categoría."
2010-03-31,78,1,BOE-A-2010-5266,MINISTERIO DE POLÍTICA TERRITORIAL,estatal,Real Decreto,30073,30076,"Real Decreto 253/2010, de 5 de marzo, de modificación y ampliación de los medios patrimoniales adscritos a los servicios traspasados a la Comunidad Autónoma de Aragón por Real Decreto 870/1984, de 8 de febrero, en materia de agricultura (Centro de Capacitación Agraria de Alcañiz)."
2010-03-31,78,1,BOE-A-2010-5267,MINISTERIO DE POLÍTICA TERRITORIAL,estatal,Real Decreto,30077,30082,"Real Decreto 254/2010, de 5 de marzo, de ampliación de medios personales, patrimoniales y económicos adscritos a los servicios traspasados a la Comunidad Autónoma de Aragón por el Real Decreto 1702/2007, de 14 de diciembre, en materia de provisión de medios personales, materiales y económicos para el funcionamiento de la Administración de Justicia y de ampliación de medios patrimoniales del Real Decreto 1070/1984, de 8 de febrero, en materia de protección de menores."
2010-04-01,79,1,BOE-A-2010-5292,JEFATURA DEL ESTADO,estatal,Ley,30157,30209,"Ley 7/2010, de 31 de marzo, General de la Comunicación Audiovisual."
2010-04-01,79,1,BOE-A-2010-5293,JEFATURA DEL ESTADO,estatal,Ley,30210,30221,"Ley 8/2010, de 31 de marzo, por la que se establece el régimen sancionador previsto en los Reglamentos (CE) relativos al registro, a la evaluación, a la autorización y a la restricción de las sustancias y mezclas químicas (REACH) y sobre la clasificación, el etiquetado y el envasado de sustancias y mezclas (CLP), que lo modifica."
2010-04-01,79,1,BOE-A-2010-5294,JEFATURA DEL ESTADO,estatal,Real Decreto-ley,30222,30226,"Real Decreto-ley 5/2010, de 31 de marzo, por el que se amplía la vigencia de determinadas medidas económicas de carácter temporal."
2010-04-01,79,1,BOE-A-2010-5295,MINISTERIO DE JUSTICIA,estatal,Resolución,30227,30229,"Resolución de 22 de marzo de 2010, de la Subsecretaría, por la que se modifica la de 10 de enero de 2008, por la que se establece la aplicación del procedimiento para la presentación de la autoliquidación y las condiciones para el pago por vía telemática de las tasas administrativas del Ministerio de Justicia."
2010-04-01,79,1,BOE-A-2010-5296,MINISTERIO DE TRABAJO E INMIGRACIÓN,estatal,Real Decreto,30230,30240,"Real Decreto 404/2010, de 31 de marzo, por el que se regula el establecimiento de un sistema de reducción de las cotizaciones por contingencias profesionales a las empresas que hayan contribuido especialmente a la disminución y prevención de la siniestralidad laboral."
2010-04-01,79,1,BOE-A-2010-5297,"MINISTERIO DE INDUSTRIA, TURISMO Y COMERCIO",estatal,Resolución,30241,30241,"Resolución de 4 de marzo de 2010, de la Dirección General de Política Energética y Minas, por la que se hacen públicos los nuevos precios máximos de venta, antes de impuestos, de los gases licuados del petróleo envasados, en envases de capacidad igual o superior a 8 kg., excluidos los envases de mezcla para usos de los gases licuados del petróleo como carburante."
2010-04-01,79,1,BOE-A-2010-5298,"MINISTERIO DE MEDIO AMBIENTE, Y MEDIO RURAL Y MARINO",estatal,Real Decreto,30242,30247,"Real Decreto 405/2010, de 31 de marzo, por el que se regula el uso del logotipo ""Letra Q"" en el etiquetado de la leche y los productos lácteos."
2010-04-01,79,1,BOE-A-2010-5299,MINISTERIO DE LA PRESIDENCIA,estatal,Real Decreto,30248,30262,"Real Decreto 406/2010, de 31 de marzo, por el que se aprueba la oferta de empleo público para el año 2010."
2010-04-01,79,1,BOE-A-2010-5300,MINISTERIO DE LA PRESIDENCIA,estatal,Real Decreto,30263,30264,"Real Decreto 407/2010, de 31 de marzo, por el que se aprueba la oferta de empleo público del Cuerpo de la Guardia Civil para el año 2010."
2010-04-01,79,1,BOE-A-2010-5301,MINISTERIO DE LA PRESIDENCIA,estatal,Real Decreto,30265,30266,"Real Decreto 408/2010, de 31 de marzo, por el que se aprueba la oferta de empleo público del Cuerpo Nacional de Policía para el año 2010."
2010-04-01,79,1,BOE-A-2010-5302,MINISTERIO DE LA PRESIDENCIA,estatal,Real Decreto,30267,30275,"Real Decreto 409/2010, de 31 de marzo, por el que se aprueba la provisión de plazas de las Fuerzas Armadas y de la Escala Superior de Oficiales de la Guardia Civil para el año 2010."
2010-04-01,79,1,BOE-A-2010-5303,COMUNIDAD AUTÓNOMA DE ANDALUCÍA,autonómico,Decreto Legislativo,30276,30320,"Decreto Legislativo 1/2010, de 2 de marzo, por el que se aprueba el texto refundido de la Ley General de La Hacienda Pública de la Junta de Andalucía."
2010-04-01,79,1,BOE-A-2010-5304,COMUNIDAD AUTÓNOMA DE LA RIOJA,autonómico,Ley,30321,30321,"Ley 3/2010, de 10 de marzo, por la que se aprueba la alteración de los términos municipales de Torremontalbo y de Uruñuela."
2010-04-02,80,1,BOE-A-2010-5384,MINISTERIO DE EDUCACIÓN,estatal,Resolución,30671,30673,"Resolución de 24 de marzo de 2010, de la Secretaría de Estado de Educación y Formación Profesional, por la que se establece la estructura de las pruebas para la obtención del Certificado de Enseñanzas Iniciales para personas mayores de dieciocho años en el ámbito de gestión del Ministerio de Educación."
2010-04-02,80,1,BOE-A-2010-5385,"MINISTERIO DE INDUSTRIA, TURISMO Y COMERCIO",estatal,Resolución,30674,30681,"Resolución de 18 de marzo de 2010, de la Comisión Nacional de Energía, por la que se crea la Sede Electrónica y se regula el Registro Electrónico del organismo."
2010-04-02,80,1,BOE-A-2010-5386,MINISTERIO DE CIENCIA E INNOVACIÓN,estatal,Resolución,30682,30684,"Resolución de 24 de marzo de 2010, de la Presidencia de la Agencia Estatal Consejo Superior de Investigaciones Científicas, por la que se crea la Sede Electrónica de la Agencia Estatal Consejo Superior de Investigaciones Científicas."
2010-04-02,80,1,BOE-A-2010-5387,MINISTERIO DE CIENCIA E INNOVACIÓN,estatal,Resolución,30685,30690,"Resolución de 24 de marzo de 2010, de la Presidencia de la Agencia Estatal Consejo Superior de Investigaciones Científicas, por la que se crea y regula el Registro Electrónico de la Agencia Estatal Consejo Superior de Investigaciones Científicas."
2010-04-03,81,1,BOE-A-2010-5400,"MINISTERIO DE INDUSTRIA, TURISMO Y COMERCIO",estatal,Real Decreto,30750,30764,"Real Decreto 365/2010, de 26 de marzo, por el que se regula la asignación de los múltiples de la Televisión Digital Terrestre tras el cese de las emisiones de televisión terrestre con tecnología analógica."
2010-04-03,81,1,BOE-A-2010-5401,MINISTERIO DE LA PRESIDENCIA,estatal,Orden,30765,30768,"Orden PRE/839/2010, de 29 de marzo, por la que se modifica el anexo I del Real Decreto 2163/1994, de 4 de noviembre, por el que se implanta el sistema armonizado comunitario de autorización para comercializar y utilizar productos fitosanitarios, a fin de incluir la sustancia activa 2-fenilfenol, modificar la caducidad de la inclusión de la sustancia activa carbendazima, y el grado de pureza de la sustancia activa metazacloro."
2010-04-03,81,1,BOE-A-2010-5402,COMUNIDAD AUTÓNOMA DEL PRINCIPADO DE ASTURIAS,autonómico,Ley,30769,30770,"Ley 1/2010, de 5 de febrero, de modificación de la Ley del Principado de Asturias 12/2002, de 13 de diciembre, de declaración del Parque Natural de las Fuentes del Narcea, Degaña e Ibias."
2010-04-05,82,1,BOE-A-2010-5430,COMUNIDAD AUTÓNOMA DEL PRINCIPADO DE ASTURIAS,autonómico,Decreto,30930,31005,"Decreto 12/2010, de 3 de febrero, por el que se aprueban los Estatutos de la Universidad de Oviedo."
2010-04-06,83,1,BOE-A-2010-5493,MINISTERIO DE EDUCACIÓN,estatal,Orden,31332,31380,"Orden EDU/849/2010, de 18 de marzo, por la que se regula la ordenación de la educación del alumnado con necesidad de apoyo educativo y se regulan los servicios de orientación educativa en el ámbito de gestión del Ministerio de Educación, en las ciudades de Ceuta y Melilla."
2010-04-06,83,1,BOE-A-2010-5494,MINISTERIO DE LA PRESIDENCIA,estatal,Real Decreto,31381,31383,"Real Decreto 342/2010, de 19 de marzo, por el que se modifica el Real Decreto 664/2007, de 25 de mayo, por el que se regula la alimentación de aves rapaces necrófagas con subproductos animales no destinados a consumo humano."
2010-04-06,83,1,BOE-A-2010-5495,MINISTERIO DE LA PRESIDENCIA,estatal,Real Decreto,31384,31385,"Real Decreto 345/2010, de 19 de marzo, por el que se crea la Agregaduría de Defensa de la Misión Diplomática Permanente de España en la República de la India."
2010-04-06,83,1,BOE-A-2010-5496,MINISTERIO DE SANIDAD Y POLÍTICA SOCIAL,estatal,Real Decreto,31386,31389,"Real Decreto 306/2010, de 15 de marzo, por el que se crea la Comisión Interministerial de Consumo y se regulan sus funciones, composición y funcionamiento."
2010-04-06,83,1,BOE-A-2010-5497,MINISTERIO DE SANIDAD Y POLÍTICA SOCIAL,estatal,Real Decreto,31390,31394,"Real Decreto 307/2010, de 15 de marzo, por el que se aprueban las normas reguladoras de una subvención directa a favor de la Red Europea de Lucha contra la Pobreza, para la organización, en colaboración con el Ministerio de Sanidad y Política Social, del 9º Encuentro Europeo de personas que experimentan pobreza y exclusión social."
2010-04-06,83,1,BOE-A-2010-5498,COMUNIDAD AUTÓNOMA DE ARAGÓN,autonómico,Ley,31395,31396,"Ley 1/2010, de 1 de marzo, por la que se modifica la Ley 4/1999, de 25 de marzo, de Ordenación Farmacéutica para Aragón, en materia de nuevas aperturas de farmacias."
2010-04-07,84,1,BOE-A-2010-5544,JEFATURA DEL ESTADO,estatal,Corrección,31545,31545,"Corrección de errores de la Ley 13/2009, de 3 de noviembre, de reforma de la legislación procesal para la implantación de la nueva Oficina judicial."
2010-04-07,84,1,BOE-A-2010-5545,MINISTERIO DE JUSTICIA,estatal,Corrección,31546,31547,"Corrección de errores del Real Decreto 302/2010, de 15 de marzo, por el que se establece la separación de juzgados de primera instancia y juzgados de instrucción en los partidos judiciales de Orihuela (Alicante), Gandía y Torrent (Valencia)."
2010-04-07,84,1,BOE-A-2010-5546,MINISTERIO DE JUSTICIA,estatal,Resolución,31548,31567,"Resolución de 6 de abril de 2010, de la Dirección General de los Registros y del Notariado, por la que se modifican los modelos establecidos en la Orden JUS/206/2009, de 28 de enero, por la que se aprueban nuevos modelos para la presentación en el Registro Mercantil de las cuentas anuales de los sujetos obligados a su publicación y se da publicidad a las traducciones a las lenguas cooficiales propias de cada Comunidad Autónoma."
2010-04-07,84,1,BOE-A-2010-5547,"MINISTERIO DE INDUSTRIA, TURISMO Y COMERCIO",estatal,Real Decreto,31568,31575,"Real Decreto 338/2010, de 19 de marzo, por el que se modifica el Reglamento de la Infraestructura para la calidad y seguridad industrial, aprobado por el Real Decreto 2200/1995, de 28 de diciembre."
2010-04-07,84,1,BOE-A-2010-5548,"MINISTERIO DE INDUSTRIA, TURISMO Y COMERCIO",estatal,Real Decreto,31576,31582,"Real Decreto 339/2010, de 19 de marzo, por el que se modifica el Real Decreto 889/2006, de 21 de julio, por el que se regula el control metrológico del Estado sobre instrumentos de medida, para adecuarlo a la Ley 25/2009, de 22 de diciembre, de modificación de diversas leyes para su adaptación a la Ley sobre el libre acceso a las actividades de servicios y su ejercicio."
2010-04-07,84,1,BOE-A-2010-5549,"MINISTERIO DE INDUSTRIA, TURISMO Y COMERCIO",estatal,Real Decreto,31583,31589,"Real Decreto 340/2010, de 19 de marzo, por el que se modifica el Real Decreto 948/2003, de 18 de julio, por el que se establecen las condiciones mínimas que deben reunir las instalaciones de lavado interior o desgasificación y despresurización, así como las de reparación o modificación de cisternas de mercancías peligrosas."
2010-04-08,85,1,BOE-A-2010-5593,MINISTERIO DE ASUNTOS EXTERIORES Y DE COOPERACIÓN,estatal,Resolución,31836,31836,"Resolución de 29 de marzo de 2010, de la Secretaría General Técnica, relativa a la objeción de España a la reserva formulada por la República de Corea en el momento de la Ratificación de la Convención sobre los derechos de las personas con discapacidad (publicado en el ""Boletín Oficial del Estado"" nº 96, de 21 de abril de 2008), hecho en Nueva York el 13 de diciembre de 2006."
2010-04-08,85,1,BOE-A-2010-5594,MINISTERIO DE ASUNTOS EXTERIORES Y DE COOPERACIÓN,estatal,Corrección,31837,31840,"Corrección de errores del Convenio Básico de Cooperación entre el Reino de España y la República de El Salvador, hecho ""ad referendum"" en San Salvador el 29 de octubre de 2008, publicado en el Boletín Oficial del Estado nº 41, de fecha 16 de febrero de 2010."
2010-04-08,85,1,BOE-A-2010-5595,MINISTERIO DE ECONOMÍA Y HACIENDA,estatal,Resolución,31841,31845,"Resolución de 18 de marzo de 2010, de la Dirección General de Costes de Personal y Pensiones Públicas, por la que se regula la gestión electrónica del impreso ""J"" de iniciación del procedimiento de reconocimiento de pensiones de jubilación de los funcionarios civiles incluidos en el Régimen de Clases Pasivas del Estado."
2010-04-09,86,1,BOE-A-2010-5660,MINISTERIO DEL INTERIOR,estatal,Orden,32060,32061,"Orden INT/865/2010, de 7 de abril, por la que se amplía el ámbito de aplicación de la Ley 3/2010, de 10 de marzo, por la que se aprueban medidas urgentes para paliar los daños producidos por los incendios forestales y otras catástrofes naturales ocurridas en varias Comunidades Autónomas."
2010-04-09,86,1,BOE-A-2010-5661,MINISTERIO DEL INTERIOR,estatal,Resolución,32062,32099,"Resolución de 29 de marzo de 2010, de la Subsecretaría, por la que se publica el Acuerdo de Consejo de Ministros de 26 de marzo de 2010, por el que se aprueba el Plan Estatal de Protección Civil ante el Riesgo Sísmico."
2010-04-09,86,1,BOE-A-2010-5662,MINISTERIO DE EDUCACIÓN,estatal,Real Decreto,32100,32114,"Real Decreto 303/2010, de 15 de marzo, por el que se establecen los requisitos mínimos de los centros que impartan enseñanzas artísticas reguladas en la ley Orgánica 2/2006, de 3 de mayo, de Educación."
2010-04-09,86,1,BOE-A-2010-5663,MINISTERIO DE EDUCACIÓN,estatal,Real Decreto,32115,32117,"Real Decreto 336/2010, de 19 de marzo, por el que se establecen las especialidades de los Cuerpos de Catedráticos y de Profesores de Escuelas Oficiales de Idiomas a los que se refiere la Ley Orgánica 2/2006, de 3 de mayo, de Educación."
2010-04-09,86,1,BOE-A-2010-5664,MINISTERIO DE TRABAJO E INMIGRACIÓN,estatal,Orden,32118,32122,"Orden TIN/866/2010, de 5 de abril, por la que se regulan los criterios que, en su función de colaboración con la Seguridad Social, deben seguir las mutuas de accidentes de trabajo y enfermedades profesionales de la Seguridad Social y sus entidades y centros mancomunados, en la gestión de los servicios de tesorería contratados con entidades financieras."
2010-04-09,86,1,BOE-A-2010-5665,COMUNIDAD AUTÓNOMA DE GALICIA,autonómico,Ley,32123,32154,"Ley 1/2010, de 11 de febrero, de modificación de diversas leyes de Galicia para su adaptación a la Directiva 2006/123/CE, del Parlamento Europeo y del Consejo, de 12 de diciembre de 2006, relativa a los servicios en el mercado interior."
2010-04-10,87,1,BOE-A-2010-5727,MINISTERIO DE TRABAJO E INMIGRACIÓN,estatal,Corrección,32319,32319,"Corrección de errores de la Orden TIN/790/2010, de 24 de marzo, por la que se regula el envío por las empresas de los datos del certificado de empresa al Servicio Público de Empleo Estatal por medios electrónicos."
2010-04-12,88,1,BOE-A-2010-5785,PRESIDENCIA DEL GOBIERNO,estatal,Real Decreto,32549,32549,"Real Decreto 444/2010, de 11 de abril, por el que se declara luto oficial por el fallecimiento del Presidente de la República de Polonia, Sr. Lech Kaczynski."
2010-04-12,88,1,BOE-A-2010-5786,MINISTERIO DE ASUNTOS EXTERIORES Y DE COOPERACIÓN,estatal,Tratado o acuerdo internacional,32550,32550,"Entrada en vigor del Canje de Notas constitutivo de Acuerdo entre el Reino de España y las Naciones Unidas relativo a la celebracion del taller sobre el fortalecimiento de la cooperación internacional en materia penal en asuntos de terrorismo entre los estados miembros de la CEDEAO: Consolidación de los instrumentos bilaterales regionales e internacionales en materia de extradición y asistencia judicial recíproca, hecho en Viena el 5 y 12 de junio de 2009."
2010-04-12,88,1,BOE-A-2010-5787,MINISTERIO DE ASUNTOS EXTERIORES Y DE COOPERACIÓN,estatal,Corrección,32551,32551,Corrección de errores de las Enmiendas de 2008 a las directrices sobre el programa mejorado de inspecciones durante los reconocimientos de graneleros y petroleros adoptadas el 16 de mayo de 2008 mediante Resolución MSC 261 (84).
2010-04-12,88,1,BOE-A-2010-5788,MINISTERIO DE LA PRESIDENCIA,estatal,Orden,32552,32556,"Orden PRE/878/2010, de 5 de abril, por la que se establece el régimen del sistema de dirección electrónica habilitada previsto en el artículo 38.2 del Real Decreto 1671/2009, de 6 de noviembre."
2010-04-13,89,1,BOE-A-2010-5879,JEFATURA DEL ESTADO,estatal,Real Decreto-ley,32863,32899,"Real Decreto-ley 6/2010, de 9 de abril, de medidas para el impulso de la recuperación económica y el empleo."
2010-04-13,89,1,BOE-A-2010-5880,MINISTERIO DE ASUNTOS EXTERIORES Y DE COOPERACIÓN,estatal,Tratado o acuerdo internacional,32900,32906,"Acuerdo marco entre el Reino de España y la República Portuguesa sobre cooperación sanitaria transfronteriza, hecho ""ad referendum"" en Zamora el 22 de enero de 2009 y su Acuerdo administrativo entre el Ministerio de Sanidad y Consumo de España y el Ministerio de Salud de Portugal relativo a las modalidades de aplicación de dicho Acuerdo marco."
2010-04-13,89,1,BOE-A-2010-5881,MINISTERIO DE FOMENTO,estatal,Orden,32907,32917,"Orden FOM/896/2010, de 6 de abril, por la que se regula el requisito de competencia lingüística y su evaluación."
2010-04-13,89,1,BOE-A-2010-5882,COMUNIDAD AUTÓNOMA DE CATALUÑA,autonómico,Ley,32918,32943,"Ley 3/2010, de 18 de febrero, de prevención y seguridad en materia de incendios en establecimientos, actividades, infraestructuras y edificios."
2010-04-14,90,1,BOE-A-2010-5941,JEFATURA DEL ESTADO,estatal,Corrección,33260,33260,"Corrección de errores de Real Decreto-ley 4/2010, de 26 de marzo, de racionalización del gasto farmacéutico con cargo al Sistema Nacional de Salud."
2010-04-14,90,1,BOE-A-2010-5942,MINISTERIO DE ASUNTOS EXTERIORES Y DE COOPERACIÓN,estatal,Tratado o acuerdo internacional,33261,33276,"Acuerdo sobre transporte aéreo entre el Reino de España y Jamaica, hecho en Kingston el 17 de febrero de 2009."
2010-04-14,90,1,BOE-A-2010-5943,MINISTERIO DE ASUNTOS EXTERIORES Y DE COOPERACIÓN,estatal,Otras,33277,33277,"Corrección de errata de Enmiendas de 2006 al Convenio para la Seguridad de la Vida Humana en el Mar, 1974 enmendado, adoptadas el 18 de mayo de 2006 mediante Resolución MSC 201(81)."
2010-04-14,90,1,BOE-A-2010-5944,MINISTERIO DE ECONOMÍA Y HACIENDA,estatal,Real Decreto,33278,33282,"Real Decreto 335/2010, de 19 de marzo, por el que se regula el derecho a efectuar declaraciones en aduana y la figura del representante aduanero."
2010-04-14,90,1,BOE-A-2010-5945,"MINISTERIO DE INDUSTRIA, TURISMO Y COMERCIO",estatal,Resolución,33283,33284,"Resolución de 7 de abril de 2010, de la Secretaría de Estado de Energía, por la que se publican los valores del coste de la materia prima y del coste base de la materia prima del gas natural para el primer trimestre 2010, a los efectos del cálculo del complemento de eficiencia y los valores retributivos de las instalaciones de cogeneración y otras en el Real Decreto 661/2007, de 25 de mayo, por el que se regula la actividad de producción de energía eléctrica en régimen especial."
2010-04-14,90,1,BOE-A-2010-5946,"MINISTERIO DE MEDIO AMBIENTE, Y MEDIO RURAL Y MARINO",estatal,Orden,33285,33286,"Orden ARM/904/2010, de 12 de abril, por la que se establece un plazo de presentación de solicitudes de autorización de cesiones temporales de cuota láctea para el periodo 2010/2011."
2010-04-14,90,1,BOE-A-2010-5947,MINISTERIO DE VIVIENDA,estatal,Orden,33287,33289,"Orden VIV/905/2010, de 8 de abril, por la que se crea la Sede Electrónica en el Ministerio de Vivienda."
2010-04-15,91,1,BOE-A-2010-5983,JEFATURA DEL ESTADO,estatal,Ley,33393,33407,"Ley 9/2010, de 14 de abril, por la que se regula la prestación de servicios de tránsito aéreo, se establecen las obligaciones de los proveedores civiles de dichos servicios y se fijan determinadas condiciones laborales para los controladores civiles de tránsito aéreo."
2010-04-15,91,1,BOE-A-2010-5984,MINISTERIO DE ASUNTOS EXTERIORES Y DE COOPERACIÓN,estatal,Otras,33408,33408,"Terminación de la Aplicación Provisional de las Enmiendas al Convenio constitutivo de la Organización Internacional de Telecomunicaciones móviles por satélite (IMSO), Londres 29 de septiembre de 2006 (publicada en el ""Boletín Oficial del Estado"" núm 287, de 28 de noviembre de 2008), aprobada en la vigésima Asamblea de la IMSO, Londres 10 de octubre de 2008."
2010-04-15,91,1,BOE-A-2010-5985,MINISTERIO DE ASUNTOS EXTERIORES Y DE COOPERACIÓN,estatal,Tratado o acuerdo internacional,33409,33410,"Declaración de aceptación por España de la adhesión del Principado de Liechtenstein al Convenio sobre la obtención de pruebas en el extranjero en materia civil o mercantil, (publicado en el ""Boletín Oficial del Estado"" número 203, de 25 de agosto de 1987), hecho en La Haya el 18 de marzo de 1970."
2010-04-15,91,1,BOE-A-2010-5986,MINISTERIO DE DEFENSA,estatal,Corrección,33411,33411,"Corrección de errores del Real Decreto 35/2010, de 15 de enero, por el que se aprueba el Reglamento de ingreso y promoción y de ordenación de la enseñanza de formación en las Fuerzas Armadas."
2010-04-16,92,1,BOE-A-2010-6043,MINISTERIO DE ECONOMÍA Y HACIENDA,estatal,Resolución,33642,33642,"Resolución de 6 de abril de 2010, de la Presidencia de la Comisión Nacional de la Competencia, por la que se modifica la Resolución de 23 de abril de 2008, por la que se regula el procedimiento para la presentación de la autoliquidación y las condiciones para el pago por vía telemática de la tasa prevista en el artículo 23 de la Ley 15/2007, de 3 de julio, de Defensa de la Competencia."
2010-04-16,92,1,BOE-A-2010-6044,MINISTERIO DE LA PRESIDENCIA,estatal,Real Decreto,33643,33649,"Real Decreto 368/2010, de 26 de marzo, por el que se regulan las especificaciones y condiciones para el empleo del Documento Único Electrónico (DUE) para la puesta en marcha de las empresas individuales mediante el sistema de tramitación telemática."
2010-04-17,93,1,BOE-A-2010-6102,JEFATURA DEL ESTADO,estatal,Corrección,34028,34028,"Corrección de errores del Real Decreto-ley 6/2010, de 9 de abril, de medidas para el impulso de la recuperación económica y el empleo."
2010-04-17,93,1,BOE-A-2010-6103,MINISTERIO DE EDUCACIÓN,estatal,Orden,34029,34032,"Orden EDU/947/2010, de 13 de abril, por la que se crea y regula el Registro Electrónico del Ministerio de Educación."
2010-04-17,93,1,BOE-A-2010-6104,COMUNIDAD AUTÓNOMA DEL PAÍS VASCO,autonómico,Ley,34033,34035,"Ley 1/2010, de 11 de marzo, de modificación de la Ley 16/1994 de 30 de junio, de Conservación de la Naturaleza del País Vasco."
2010-04-17,93,1,BOE-A-2010-6105,COMUNIDAD AUTÓNOMA DE CATALUÑA,autonómico,Ley,34036,34053,"Ley 4/2010, de 17 de marzo, de consultas populares por vía de referéndum."
2010-04-19,94,1,BOE-A-2010-6172,PRESIDENCIA DEL GOBIERNO,estatal,Real Decreto,34355,34355,"Real Decreto 484/2010, de 18 de abril, por el que se declara luto oficial con motivo del fallecimiento de militares del contingente militar español en la Operación Apoyo Humanitario en Haití."
2010-04-19,94,1,BOE-A-2010-6173,"MINISTERIO DE INDUSTRIA, TURISMO Y COMERCIO",estatal,Resolución,34356,34357,"Resolución de 7 de abril de 2010, de la Dirección General de Política Energética y Minas, por la que se hacen públicos los nuevos precios de venta, antes de impuestos, de los gases licuados del petróleo por canalización."
2010-04-20,95,1,BOE-A-2010-6225,JEFATURA DEL ESTADO,estatal,Corrección,34645,34645,"Corrección de errores del Real Decreto-ley 6/2010, de 9 de abril, de medidas para el impulso de la recuperación económica y el empleo."
2010-04-20,95,1,BOE-A-2010-6226,MINISTERIO DE DEFENSA,estatal,Orden,34646,34650,"Orden DEF/960/2010, de 15 de abril, por la que se constituye el Centro de Excelencia contra artefactos explosivos improvisados en el ámbito del Ministerio de Defensa y su ofrecimiento a la Organización del Tratado del Atlántico Norte."
2010-04-20,95,1,BOE-A-2010-6227,"MINISTERIO DE INDUSTRIA, TURISMO Y COMERCIO",estatal,Orden,34651,34668,"Orden ITC/961/2010, de 12 de abril, por la que se modifican los modelos de solicitud de títulos habilitantes para el uso del dominio público radioeléctrico, aprobados por Orden ITC /270/2007, de 1 de febrero."
2010-04-20,95,1,BOE-A-2010-6228,MINISTERIO DE LA PRESIDENCIA,estatal,Orden,34669,34672,"Orden PRE/962/2010, de 15 de abril, por la que se regula el Comité de disponibilidad de medicamentos veterinarios."
2010-04-21,96,1,BOE-A-2010-6285,JEFATURA DEL ESTADO,estatal,Corrección,34921,34922,"Corrección de errores de la Ley 26/2009, de 23 de diciembre, de Presupuestos Generales del Estado para el año 2010."
2010-04-21,96,1,BOE-A-2010-6286,CORTES GENERALES,estatal,Resolución,34923,34923,"Resolución de 13 de abril de 2010, del Congreso de los Diputados, por la que se ordena la publicación del Acuerdo de convalidación del Real Decreto-ley 2/2010, de 19 de marzo, sobre reducción del número mínimo de jornadas reales cotizadas para acceder al subsidio por desempleo o a la renta agraria a favor de los trabajadores eventuales agrarios afectados por las inundaciones acaecidas en las Comunidades Autónomas de Andalucía y Extremadura."
2010-04-21,96,1,BOE-A-2010-6287,CORTES GENERALES,estatal,Resolución,34924,34924,"Resolución de 14 de abril de 2010, del Congreso de los Diputados, por la que se ordena la publicación del Acuerdo de convalidación del Real Decreto-ley 4/2010, de 26 de marzo, de racionalización del gasto farmacéutico con cargo al sistema nacional de salud."
2010-04-21,96,1,BOE-A-2010-6288,TRIBUNAL CONSTITUCIONAL,estatal,Resolución judicial,34925,34925,"Recurso de Inconstitucionalidad nº 2725-2010, en relación con diversos preceptos de la Ley de la Comunidad Autónoma de Aragón 9/2009, de 22 de diciembre, reguladora de Concejos Abiertos de Aragón."
2010-04-21,96,1,BOE-A-2010-6289,TRIBUNAL CONSTITUCIONAL,estatal,Resolución judicial,34926,34926,"Recurso de Inconstitucionalidad nº 2977-2010, en relación con diversos preceptos de la Ley 2/2010, de 31 de marzo, de la Generalitat, de Medidas de Protección y Revitalización del Conjunto Histórico de la Ciudad de Valencia."
2010-04-21,96,1,BOE-A-2010-6290,"MINISTERIO DE INDUSTRIA, TURISMO Y COMERCIO",estatal,Real Decreto,34927,34929,"Real Decreto 436/2010, de 9 de abril, por el que se crea la Comisión Interministerial de Política Industrial y se regula su composición y funcionamiento."
2010-04-21,96,1,BOE-A-2010-6291,MINISTERIO DE LA PRESIDENCIA,estatal,Real Decreto,34930,34946,"Real Decreto 437/2010, de 9 de abril, por el que se desarrolla la regulación del proceso de titulización del déficit del sistema eléctrico."
2010-04-22,97,1,BOE-A-2010-6365,MINISTERIO DE ASUNTOS EXTERIORES Y DE COOPERACIÓN,estatal,Resolución,35359,35359,"Resolución de 7 de abril de 2010, de la Secretaría General Técnica, relativa a la Objeción de España a la reserva y declaración interpretativa formulada por Estados Unidos de América al Protocolo III sobre prohibiciones o restricciones del empleo de armas incendiarias de la Convención sobre prohibiciones o restricciones del empleo de ciertas armas convencionales que puedan considerarse excesivamente nocivas o de efectos indiscriminados y Protocolos I, II y III, hecho en Ginebra el 10 de octubre de 1980 (publicado en el ""Boletín Oficial del Estado"" número 89 de 14 de abril de 1994)."
2010-04-22,97,1,BOE-A-2010-6366,MINISTERIO DE EDUCACIÓN,estatal,Corrección,35360,35360,"Corrección de errores del Real Decreto 64/2010, de 29 de enero, por el que se establece el título de Técnico Deportivo en Espeleología y se fijan sus enseñanzas mínimas y los requisitos de acceso."
2010-04-22,97,1,BOE-A-2010-6367,MINISTERIO DE TRABAJO E INMIGRACIÓN,estatal,Resolución,35361,35363,"Resolución de 13 de abril de 2010, de la Secretaría de Estado de la Seguridad Social, por la que se establecen en el ámbito de las entidades gestoras de la Seguridad Social, de la Tesorería General de la Seguridad Social y de las mutuas de accidentes de trabajo y enfermedades profesionales de la Seguridad Social, las actuaciones de control y verificación de las compensaciones en los documentos de cotización por pago delegado de la prestación de incapacidad temporal realizadas por las empresas y, en su caso, su ulterior reclamación."
2010-04-22,97,1,BOE-A-2010-6368,MINISTERIO DE VIVIENDA,estatal,Real Decreto,35364,35376,"Real Decreto 410/2010, de 31 de marzo, por el que se desarrollan los requisitos exigibles a las entidades de control de calidad de la edificación y a los laboratorios de ensayos para el control de calidad de la edificación, para el ejercicio de su actividad."
2010-04-23,98,1,BOE-A-2010-6425,MINISTERIO DE ASUNTOS EXTERIORES Y DE COOPERACIÓN,estatal,Tratado o acuerdo internacional,35860,35865,"Acuerdo entre el Reino de España y la República de Finlandia sobre protección recíproca de la información clasificada, hecho en Madrid el 9 de junio de 2009."
2010-04-23,98,1,BOE-A-2010-6426,MINISTERIO DE ECONOMÍA Y HACIENDA,estatal,Orden,35866,35868,"Orden EHA/993/2010, de 21 de abril, por la que se establece el procedimiento para la devolución parcial de las cuotas del Impuesto sobre Hidrocarburos soportadas por los agricultores y ganaderos."
2010-04-23,98,1,BOE-A-2010-6427,MINISTERIO DE LA PRESIDENCIA,estatal,Corrección,35869,35869,"Corrección de errores del Real Decreto 249/2010, de 5 de marzo, por el que se adaptan determinadas disposiciones en materia de energía y minas a lo dispuesto en la Ley 17/2009, de 23 de noviembre, sobre el libre acceso a las actividades de servicios y su ejercicio, y la Ley 25/2009, de 22 de diciembre, de modificación de diversas leyes para su adaptación a la Ley sobre el libre acceso a las actividades de servicios y su ejercicio."
2010-04-24,99,1,BOE-A-2010-6481,JEFATURA DEL ESTADO,estatal,Corrección,36097,36097,"Corrección de errores de la Ley 16/2009, de 13 de noviembre, de servicios de pago."
2010-04-24,99,1,BOE-A-2010-6482,CORTES GENERALES,estatal,Resolución,36098,36098,"Resolución de 20 de abril de 2010, del Congreso de los Diputados, por la que se ordena la publicación del Acuerdo de convalidación del Real Decreto-ley 5/2010, de 31 de marzo, por el que se amplía la vigencia de determinadas medidas económicas de carácter temporal."
2010-04-24,99,1,BOE-A-2010-6483,CORTES GENERALES,estatal,Resolución,36099,36099,"Resolución de 20 de abril de 2010, del Congreso de los Diputados, por la que se ordena la publicación del Acuerdo de convalidación del Real Decreto-ley 6/2010, de 9 de abril, de medidas para el impulso de la recuperación económica y el empleo."
2010-04-24,99,1,BOE-A-2010-6484,MINISTERIO DEL INTERIOR,estatal,Orden,36100,36102,"Orden INT/997/2010, de 19 de abril, por la que se modifica la Orden INT/865/2010, de 7 de abril, por la que se amplía el ámbito de aplicación de la Ley 3/2010, de 10 de marzo, por la que se aprueban medidas urgentes para paliar los daños producidos por los incendios forestales y otras catástrofes naturales ocurridas en varias Comunidades Autónomas."
2010-04-24,99,1,BOE-A-2010-6485,MINISTERIO DE TRABAJO E INMIGRACIÓN,estatal,Real Decreto,36103,36120,"Real Decreto 486/2010, de 23 de abril, sobre la protección de la salud y la seguridad de los trabajadores contra los riesgos relacionados con la exposición a radiaciones ópticas artificiales."
2010-04-24,99,1,BOE-A-2010-6486,"MINISTERIO DE MEDIO AMBIENTE, Y MEDIO RURAL Y MARINO",estatal,Real Decreto,36121,36136,"Real Decreto 488/2010, de 23 de abril, por el que se regulan los productos zoosanitarios."
2010-04-24,99,1,BOE-A-2010-6487,MINISTERIO DE POLÍTICA TERRITORIAL,estatal,Real Decreto,36137,36139,"Real Decreto 489/2010, de 23 de abril, sobre modificación de los derechos y obligaciones de la Administración del Estado traspasados a la Comunidad Autónoma de Andalucía por el Real Decreto 1666/2008, de 17 de octubre, en materia de recursos y aprovechamientos hidráulicos correspondientes a las aguas de la cuenca del Guadalquivir que discurren íntegramente por el territorio de la Comunidad Autónoma de Andalucía."
2010-04-26,100,1,BOE-A-2010-6552,MINISTERIO DE TRABAJO E INMIGRACIÓN,estatal,Resolución,36354,36370,"Resolución de 30 de diciembre de 2009, conjunta de la Intervención General de la Seguridad Social, el Instituto Nacional de la Seguridad Social, el Instituto Nacional de Gestión Sanitaria, el Instituto de Mayores y Servicios Sociales, el Instituto Social de la Marina y la Tesorería General de la Seguridad Social, por la que se dictan instrucciones sobre la expedición de órdenes de pago ""a justificar""."
2010-04-26,100,1,BOE-A-2010-6553,MINISTERIO DE LA PRESIDENCIA,estatal,Orden,36371,36375,"Orden PRE/1009/2010, de 23 de abril, por la que se regula el Registro Electrónico del Ministerio de la Presidencia."
2010-04-26,100,1,BOE-A-2010-6554,MINISTERIO DE LA PRESIDENCIA,estatal,Orden,36376,36379,"Orden PRE/1010/2010, de 23 de abril, por la que se crea la Sede Electrónica del Ministerio de la Presidencia."
2010-04-26,100,1,BOE-A-2010-6555,COMUNIDAD AUTÓNOMA DE CATALUÑA,autonómico,Ley,36380,36382,"Ley 5/2010, de 26 de marzo, de bases de delegación en el Gobierno de la potestad legislativa para la adecuación de normas con rango de ley a la Directiva 2006/123/CE, del Parlamento y del Consejo, de 12 de diciembre de 2006, relativa a los servicios en el mercado interior."
2010-04-26,100,1,BOE-A-2010-6556,COMUNIDAD AUTÓNOMA DE CATALUÑA,autonómico,Ley,36383,36385,"Ley 6/2010, de 26 de marzo, del procedimiento de designación de los senadores que representan a la Generalidad en el Senado."
2010-04-26,100,1,BOE-A-2010-6557,COMUNIDAD AUTÓNOMA DE LA RIOJA,autonómico,Corrección,36386,36390,"Corrección de errores a la Ley 5/2009, de 15 de diciembre, de Presupuestos Generales de la Comunidad Autónoma de La Rioja para el año 2010."
2010-04-26,100,1,BOE-A-2010-6558,COMUNITAT VALENCIANA,autonómico,Ley,36391,36393,"Ley 1/2010, de 30 de marzo, de creación del Colegio Oficial de Terapeutas Ocupacionales de la Comunitat Valenciana."
2010-04-26,100,1,BOE-A-2010-6559,COMUNITAT VALENCIANA,autonómico,Ley,36394,36398,"Ley 2/2010, de 31 de marzo, de medidas de protección y revitalización del conjunto histórico de la ciudad de Valencia."
2010-04-26,100,1,BOE-A-2010-6560,COMUNIDAD AUTÓNOMA DE CANARIAS,autonómico,Corrección,36399,36399,"Corrección de errores de la Ley 1/2010, de 26 de febrero, canaria de igualdad entre mujeres y hombres."
2010-04-26,100,1,BOE-A-2010-6561,COMUNIDAD DE MADRID,autonómico,Corrección,36400,36436,"Corrección de errores de la Ley 9/2009, de 23 de diciembre, de Presupuestos Generales de la Comunidad de Madrid para 2010."
2010-04-26,100,1,BOE-A-2010-6562,COMUNIDAD DE CASTILLA Y LEÓN,autonómico,Ley,36437,36458,"Ley 2/2010, de 11 de marzo, de Derechos de los Ciudadanos en sus relaciones con la Administración de la Comunidad de Castilla y León y de Gestión Pública."
2010-04-26,100,1,BOE-A-2010-6563,COMUNIDAD DE CASTILLA Y LEÓN,autonómico,Ley,36459,36462,"Ley 3/2010, de 26 de marzo, de modificación de la Ley 10/1998, de 5 de diciembre, de Ordenación del Territorio de la Comunidad de Castilla León."
2010-04-27,101,1,BOE-A-2010-6660,MINISTERIO DE ASUNTOS EXTERIORES Y DE COOPERACIÓN,estatal,Tratado o acuerdo internacional,36694,36694,"Entrada en vigor del Canje de Notas constitutivo de Acuerdo entre el Reino de España y el Reino de Marruecos sobre el reconocimiento recíproco y el canje de los permisos de conducción nacionales, hecho en Madrid el 8 de marzo de 2004."
2010-04-27,101,1,BOE-A-2010-6661,MINISTERIO DE ASUNTOS EXTERIORES Y DE COOPERACIÓN,estatal,Corrección,36695,36695,Corrección de errores de la Enmienda al artículo 7.2(G) del Convenio Constitutivo del Fondo Internacional de Desarrollo Agrícola adoptada por Resolución 143/XXIX en Roma el 6 de febrero de 2006.
2010-04-27,101,1,BOE-A-2010-6662,MINISTERIO DE EDUCACIÓN,estatal,Resolución,36696,36706,"Resolución de 7 de abril de 2010, de la Secretaría General de Universidades, por la que se publica el Acuerdo del Consejo de Ministros de 12 de marzo de 2010, por el que se establece el carácter oficial de determinados títulos universitarios de Doctor y su inscripción en el Registro de Universidades, Centros y Títulos."
2010-04-28,102,1,BOE-A-2010-6710,MINISTERIO DE ECONOMÍA Y HACIENDA,estatal,Orden,36960,37270,"Orden EHA/1037/2010, de 13 de abril, por la que se aprueba el Plan General de Contabilidad Pública."
2010-04-29,103,1,BOE-A-2010-6737,JEFATURA DEL ESTADO,estatal,Ley,37458,37499,"Ley 10/2010, de 28 de abril, de prevención del blanqueo de capitales y de la financiación del terrorismo."
2010-04-29,103,1,BOE-A-2010-6738,TRIBUNAL CONSTITUCIONAL,estatal,Resolución judicial,37500,37500,"Recurso de inconstitucionalidad nº 2085-2010, en relación con el artículo 9.2 de la Ley Orgánica 4/2000, de 11 de enero, sobre derechos y libertades de los extranjeros en España y su integración social."
2010-04-29,103,1,BOE-A-2010-6739,TRIBUNAL CONSTITUCIONAL,estatal,Resolución judicial,37501,37501,"Recurso de inconstitucionalidad nº 2502-2010, en relación con diversos preceptos de la Ley del Parlamento de Cataluña 24/2009, de 23 de diciembre, del Síndic de Greuges."
2010-04-29,103,1,BOE-A-2010-6740,TRIBUNAL CONSTITUCIONAL,estatal,Resolución judicial,37502,37502,"Recurso de inconstitucionalidad nº 2539-2010, en relación con diversos preceptos de la Ley 26/2009, de 23 de diciembre, de Presupuestos Generales del Estado para 2010."
2010-04-29,103,1,BOE-A-2010-6741,TRIBUNAL CONSTITUCIONAL,estatal,Resolución judicial,37503,37503,"Recurso de inconstitucionalidad nº 2602-2010, en relación con diversos preceptos del Real Decreto-ley 9/2009, de 26 de junio, sobre reestructuración bancaria y reforzamiento de los recursos propios de las entidades de crédito."
2010-04-29,103,1,BOE-A-2010-6742,TRIBUNAL CONSTITUCIONAL,estatal,Resolución judicial,37504,37504,"Recurso de inconstitucionalidad nº 2603-2010, en relación con diversos preceptos del Real Decreto-ley 9/2009, de 26 de junio, sobre reestructuración bancaria y reforzamiento de los recursos propios de las entidades de crédito."
2010-04-29,103,1,BOE-A-2010-6743,TRIBUNAL CONSTITUCIONAL,estatal,Resolución judicial,37505,37505,"Recurso de inconstitucionalidad nº 2644-2010, en relación con diversos preceptos del Real Decreto-ley 9/2009, de 26 de junio, sobre reestructuración bancaria y reforzamiento de los recursos propios de las entidades de crédito."
2010-04-29,103,1,BOE-A-2010-6744,TRIBUNAL CONSTITUCIONAL,estatal,Resolución judicial,37506,37506,"Recurso de inconstitucionalidad nº 2681-2010, en relación con diversos preceptos del Real Decreto-ley 9/2009, de 26 de junio, sobre reestructuración bancaria y reforzamiento de los recursos propios de las entidades de crédito."
2010-04-29,103,1,BOE-A-2010-6745,TRIBUNAL CONSTITUCIONAL,estatal,Resolución judicial,37507,37507,"Cuestión de inconstitucionalidad nº 5384-2005, en relación con el artículo 11.4 de la Ley 9/1997, de 22 de diciembre, de medidas tributarias y administrativas, de la Comunidad Autónoma de las Illes Balears."
2010-04-29,103,1,BOE-A-2010-6746,TRIBUNAL CONSTITUCIONAL,estatal,Resolución judicial,37508,37508,"Cuestión de inconstitucionalidad nº 8912-2006, en relación con el artículo 92.8 del Código Civil, en la redacción dada al mismo por la Ley 15/2005, de 8 de julio."
2010-04-29,103,1,BOE-A-2010-6747,TRIBUNAL CONSTITUCIONAL,estatal,Resolución judicial,37509,37509,"Cuestión de inconstitucionalidad nº 546-2010, en relación con el artículo 5.1 de la Ley 25/1994, de 12 de julio, por la que se incorpora al ordenamiento jurídico español la Directiva 89/552/CEE, sobre la coordinación de disposiciones legales, reglamentarias y administrativas de los Estados miembros relativas al ejercicio de actividades de radiodifusión televisiva."
2010-04-29,103,1,BOE-A-2010-6748,TRIBUNAL CONSTITUCIONAL,estatal,Resolución judicial,37510,37510,"Cuestión de inconstitucionalidad nº 996-2010, en relación con el apartado segundo de la disposición adicional trigésima cuarta de la Ley 55/1999, de 29 de diciembre, de Medidas fiscales, administrativas y del orden social, en la redacción dada por la disposición final segunda de la Ley 25/2006, de 17 de julio."
2010-04-29,103,1,BOE-A-2010-6749,TRIBUNAL CONSTITUCIONAL,estatal,Resolución judicial,37511,37511,"Cuestión de inconstitucionalidad nº 1473-2010, en relación con el artículo 132, apartados 2 y 3 de la Ley 30/1992, de 26 de noviembre, de Régimen Jurídico de las Administraciones Públicas y Procedimiento Administrativo Común."
2010-04-29,103,1,BOE-A-2010-6750,MINISTERIO DE ECONOMÍA Y HACIENDA,estatal,Orden,37512,37513,"Orden EHA/1044/2010, de 27 de abril, por la que se acuerda la emisión, acuñación y puesta en circulación de monedas de colección Exposición Universal de Shanghái 2010."
2010-04-29,103,1,BOE-A-2010-6751,MINISTERIO DE ECONOMÍA Y HACIENDA,estatal,Resolución,37514,37516,"Resolución de 27 de abril de 2010, de la Subsecretaría, por la que se modifica la relación de procedimientos y trámites incluidos en la Orden EHA/693/2008, de 10 de marzo, por la que se crea el Registro Electrónico del Ministerio de Economía y Hacienda."
2010-04-29,103,1,BOE-A-2010-6752,MINISTERIO DE EDUCACIÓN,estatal,Resolución,37517,37520,"Resolución de 7 de abril de 2010, de la Secretaría General de Universidades, por la que se publica el Acuerdo de Consejo de Ministros de 12 de marzo de 2010, por el que se establece el carácter oficial de determinados títulos de Grado y su inscripción en el Registro de Universidades, Centros y Títulos."
2010-04-29,103,1,BOE-A-2010-6753,MINISTERIO DE TRABAJO E INMIGRACIÓN,estatal,Corrección,37521,37521,"Corrección de errores de la Orden TIN/790/2010, de 24 de marzo, por la que se regula el envío por las empresas de los datos del certificado de empresa al Servicio Público de Empleo Estatal por medios electrónicos."
2010-04-29,103,1,BOE-A-2010-6754,"MINISTERIO DE INDUSTRIA, TURISMO Y COMERCIO",estatal,Real Decreto,37522,37527,"Real Decreto 455/2010, de 16 de abril, por el que se modifica el Real Decreto 1457/1986, de 10 de enero, por el que se regulan la actividad industrial y la prestación de servicios en los talleres de reparación de vehículos automóviles, de sus equipos y componentes."
2010-04-29,103,1,BOE-A-2010-6755,MINISTERIO DE LA PRESIDENCIA,estatal,Real Decreto,37528,37529,"Real Decreto 458/2010, de 16 de abril, por el que se modifica el Estatuto de la Entidad Pública Empresarial Administrador de Infraestructuras Ferroviarias, aprobado por Real Decreto 2395/2004, de 30 de diciembre."
2010-04-30,105,1,BOE-A-2010-6819,TRIBUNAL CONSTITUCIONAL,estatal,Resolución judicial,37779,37779,"Acuerdo de 28 de abril de 2010, del Pleno del Tribunal Constitucional, por el que se modifica parcialmente el Reglamento de Organización y Personal del Tribunal Constitucional."
2010-04-30,105,1,BOE-A-2010-6820,MINISTERIO DE ASUNTOS EXTERIORES Y DE COOPERACIÓN,estatal,Tratado o acuerdo internacional,37780,38469,"Acuerdo de Estabilización y Asociación entre las Comunidades Europeas y sus Estados Miembros, por una parte, y la República de Montenegro, por otra, hecho en Luxemburgo el 15 de octubre de 2007."
2010-04-30,105,1,BOE-A-2010-6821,MINISTERIO DE ASUNTOS EXTERIORES Y DE COOPERACIÓN,estatal,Corrección,38470,38470,Corrección de errores de la Enmienda a los artículos 7.2 (A) y (B) del Convenio Constitutivo del Fondo Internacional de Desarrollo Agrícola adoptada por Resolución 124/XXIV en Roma el 21 de febrero de 2001.
2010-04-30,105,1,BOE-A-2010-6822,MINISTERIO DE ECONOMÍA Y HACIENDA,estatal,Orden,38471,38485,"Orden EHA/1059/2010, de 28 de abril, por la que se reducen los índices de rendimiento neto aplicables en el período impositivo 2009 en el método de estimación objetiva del Impuesto sobre la Renta de las Personas Físicas para las actividades agrícolas y ganaderas afectadas por diversas circunstancias excepcionales y los módulos del régimen especial simplificado del Impuesto sobre el Valor Añadido para actuaciones de renovación o reparación de viviendas particulares aprobados por la Orden EHA/99/2010, de 28 de enero, por la que se desarrollan para el año 2010 el método de estimación objetiva del Impuesto sobre la Renta de las Personas Físicas y el régimen especial simplificado del Impuesto sobre el Valor Añadido."
2010-04-30,105,1,BOE-A-2010-6823,MINISTERIO DE TRABAJO E INMIGRACIÓN,estatal,Resolución,38486,38517,"Resolución de 12 de marzo de 2010, de la Intervención General de la Seguridad Social, por la que se dictan instrucciones para el ejercicio de la función interventora y para la contabilización de las operaciones derivadas de la expedición de órdenes de pago a justificar."
2010-04-30,105,1,BOE-A-2010-6824,COMUNIDAD AUTÓNOMA DEL PRINCIPADO DE ASTURIAS,autonómico,Ley,38518,38520,"Ley 2/2010, de 12 de marzo, de integración del ""Hospital del Oriente de Asturias Francisco Grande Covián"" y de su personal en el Servicio de Salud del Principado de Asturias en régimen de gestión directa."
2010-05-01,106,1,BOE-A-2010-6869,MINISTERIO DE ECONOMÍA Y HACIENDA,estatal,Resolución,38780,38784,"Resolución de 30 de abril de 2010, de la Presidencia del Comisionado para el Mercado de Tabacos, por la que se publican los precios de venta al público de determinadas labores de tabaco en Expendedurías de Tabaco y Timbre del Área del Monopolio."
2010-05-01,106,1,BOE-A-2010-6870,MINISTERIO DE FOMENTO,estatal,Resolución,38785,38786,"Resolución de 22 de marzo de 2010, de la Dirección General de Transporte Terrestre, por la que se publica el Acuerdo de Consejo de Ministros de 5 de marzo de 2010, por el que se adapta a la situación actual del transporte ferroviario el Reglamento (CE) n.º 1371/2007, del Parlamento Europeo y del Consejo, de 23 de octubre de 2007, sobre los derechos y las obligaciones de los viajeros por ferrocarril."
2010-05-01,106,1,BOE-A-2010-6871,MINISTERIO DE TRABAJO E INMIGRACIÓN,estatal,Orden,38787,38793,"Orden TIN/1071/2010, de 27 de abril, sobre los requisitos y datos que deben reunir las comunicaciones de apertura o de reanudación de actividades en los centros de trabajo."
2010-05-03,107,1,BOE-A-2010-6959,MINISTERIO DEL INTERIOR,estatal,Orden,39030,39031,"Orden INT/1098/2010, de 26 de abril, por la que se modifica la Orden INT/2103/2005, de 1 de julio, que desarrolla la estructura orgánica y funciones de los Servicios Centrales y Periféricos de la Dirección General de la Policía, para incorporar la nueva Unidad de Extranjería y Documentación en Tomelloso (Ciudad Real)."
2010-05-03,107,1,BOE-A-2010-6960,MINISTERIO DE SANIDAD Y POLÍTICA SOCIAL,estatal,Real Decreto,39032,39056,"Real Decreto 459/2010, de 16 de abril, por el que se regulan las condiciones para el reconocimiento de efectos profesionales a títulos extranjeros de especialista en Ciencias de la Salud, obtenidos en Estados no miembros de la Unión Europea."
2010-05-03,107,1,BOE-A-2010-6961,TRIBUNAL SUPREMO,estatal,Resolución judicial,39057,39057,"Sentencia de 9 de marzo de 2010, de la Sala Tercera del Tribunal Supremo, por la que se anula el Real Decreto 1338/2006, de 21 de noviembre, por el que se desarrollan determinados aspectos del artículo 93 de la Ley 29/2006, de fecha 26 de junio, de garantías y uso racional de medicamentos y productos sanitarios en el marco del sistema de precios de referencia."
2010-05-04,108,1,BOE-A-2010-7092,CORTES GENERALES,estatal,Resolución,39586,39586,"Resolución de 29 de abril de 2010, del Congreso de los Diputados, por la que se ordena la publicación del Acuerdo de convalidación del Real Decreto-ley 3/2010, de 26 de marzo, por el que se modifica la Ley 42/1999, de 25 de noviembre, de Régimen de Personal del Cuerpo de la Guardia Civil."
2010-05-04,108,1,BOE-A-2010-7093,MINISTERIO DE ASUNTOS EXTERIORES Y DE COOPERACIÓN,estatal,Tratado o acuerdo internacional,39587,39590,"Acuerdo entre el Reino de España y Nueva Zelanda relativo al programa de vacaciones y actividades laborales esporádicas, hecho en Wellington el 23 de junio de 2009."
2010-05-05,109,1,BOE-A-2010-7131,MINISTERIO DE ASUNTOS EXTERIORES Y DE COOPERACIÓN,estatal,Tratado o acuerdo internacional,39779,39782,"Aplicación provisional del Convenio Básico de Cooperación entre el Reino de España y el Reino de Camboya, hecho en Phnom Pehn el 25 de febrero de 2010."
2010-05-05,109,1,BOE-A-2010-7132,MINISTERIO DE ECONOMÍA Y HACIENDA,estatal,Resolución,39783,39787,"Resolución de 22 de abril de 2010, de la Intervención General de la Administración del Estado, por la que se publica la modificación del Acuerdo del Consejo de Ministros de 30 de mayo de 2008, por el que se da aplicación a la previsión de los artículos 152 y 147 de la Ley General Presupuestaria, respecto al ejercicio de la función interventora en régimen de requisitos básicos."
2010-05-05,109,1,BOE-A-2010-7133,"MINISTERIO DE INDUSTRIA, TURISMO Y COMERCIO",estatal,Orden,39788,39801,"Orden ITC/1142/2010, de 29 de abril, por la que se desarrolla el Reglamento regulador de la actividad de instalación y mantenimiento de equipos y sistemas de telecomunicación, aprobado por el Real Decreto 244/2010, de 5 de marzo."
2010-05-05,109,1,BOE-A-2010-7134,"MINISTERIO DE MEDIO AMBIENTE, Y MEDIO RURAL Y MARINO",estatal,Orden,39802,39803,"Orden ARM/1143/2010, de 29 de abril, por la que se modifica el Reglamento técnico de control y certificación de semillas de plantas forrajeras."
2010-05-05,109,1,BOE-A-2010-7135,MINISTERIO DE SANIDAD Y POLÍTICA SOCIAL,estatal,Orden,39804,39814,"Orden SAS/1144/2010, de 3 de mayo, por la que se modifica el Anexo I del Real Decreto 1345/2007, de 11 de octubre, por la que se regula el procedimiento de autorización, registro y condiciones de dispensación de los medicamentos de uso humano fabricados industrialmente, en lo que se refiere a los medicamentos de terapia avanzada."
2010-05-06,110,1,BOE-A-2010-7179,PRESIDENCIA DEL GOBIERNO,estatal,Real Decreto,40164,40164,"Real Decreto 494/2010, de 30 de abril, por el que se modifica el Real Decreto 1370/2008, de 1 de agosto, que desarrolla la estructura orgánica de la Presidencia del Gobierno."
2010-05-06,110,1,BOE-A-2010-7180,CONSEJO GENERAL DEL PODER JUDICIAL,estatal,Resolución judicial,40165,40167,"Acuerdo de 22 de abril de 2010, del Pleno del Consejo General del Poder Judicial, por el que se aprueba el anexo del Reglamento 2/2010, sobre criterios generales de homogeneización de las actuaciones de los servicios comunes procesales."
2010-05-06,110,1,BOE-A-2010-7181,MINISTERIO DE JUSTICIA,estatal,Real Decreto,40168,40169,"Real Decreto 448/2010, de 16 de abril, por el que se determina el ámbito territorial y material del Instituto de Medicina Legal de Órganos con Jurisdicción Estatal."
2010-05-06,110,1,BOE-A-2010-7182,MINISTERIO DE ECONOMÍA Y HACIENDA,estatal,Resolución,40170,40170,"Resolución de 6 de abril de 2010, de la Dirección General del Tesoro y Política Financiera, por la que se regula el procedimiento de consulta, a través de Internet, de apoderados para la constitución de garantías en la Caja General de Depósitos."
2010-05-06,110,1,BOE-A-2010-7183,MINISTERIO DE TRABAJO E INMIGRACIÓN,estatal,Corrección,40171,40171,"Corrección de errores del Real Decreto 486/2010, de 23 de abril, sobre la protección de la salud y la seguridad de los trabajadores contra los riesgos relacionados con la exposición a radiaciones ópticas artificiales."
2010-05-06,110,1,BOE-A-2010-7184,MINISTERIO DE LA PRESIDENCIA,estatal,Real Decreto,40172,40184,"Real Decreto 495/2010, de 30 de abril, por el que se aprueba la estructura orgánica básica de los departamentos ministeriales."
2010-05-07,111,1,BOE-A-2010-7249,PRESIDENCIA DEL GOBIERNO,estatal,Corrección,40387,40387,"Corrección de errores del Real Decreto 494/2010, de 30 de abril, por el que se modifica el Real Decreto 1370/2008, de 1 de agosto, que desarrolla la estructura orgánica de la Presidencia del Gobierno."
2010-05-07,111,1,BOE-A-2010-7250,MINISTERIO DE DEFENSA,estatal,Orden,40388,40405,"Orden DEF/1158/2010, de 3 de mayo, sobre directrices generales de los planes de estudios de la formación militar general, específica y técnica para el acceso a las diferentes escalas de oficiales."
2010-05-07,111,1,BOE-A-2010-7251,MINISTERIO DE DEFENSA,estatal,Orden,40406,40413,"Orden DEF/1159/2010, de 3 de mayo, por la que se regula la Comisión Ministerial de Administración Electrónica del Ministerio de Defensa."
2010-05-07,111,1,BOE-A-2010-7252,MINISTERIO DE ECONOMÍA Y HACIENDA,estatal,Orden,40414,40428,"Orden EHA/1160/2010, de 29 de abril, por la que se modifican: la Orden de 1 de febrero de 1996, por la que se aprueban los documentos contables a utilizar por la Administración General del Estado; la Instrucción de Operatoria Contable a seguir en la ejecución del gasto del Estado, aprobada por Orden de 1 de febrero de 1996; y la Orden HAC/1300/2002, de 23 de mayo, por la que se aprueba la Instrucción de Contabilidad para la Administración General del Estado."
2010-05-07,111,1,BOE-A-2010-7253,MINISTERIO DE EDUCACIÓN,estatal,Orden,40429,40441,"Orden EDU/1161/2010, de 4 de mayo, por la que se establece el procedimiento para el acceso a la Universidad española por parte de los estudiantes procedentes de sistemas educativos a los que es de aplicación el artículo 38.5 de la Ley Orgánica 2/2006, de 3 de mayo, de Educación."
2010-05-07,111,1,BOE-A-2010-7254,MINISTERIO DE TRABAJO E INMIGRACIÓN,estatal,Orden,40442,40444,"Orden TIN/1162/2010, de 4 de mayo, por la que se dictan normas para la aplicación de lo dispuesto en el artículo 9 de la Ley 3/2010, de 10 de marzo, por la que se aprueban medidas urgentes para paliar los daños producidos por los incendios forestales y otras catástrofes naturales ocurridos en varias Comunidades Autónomas."
2010-05-07,111,1,BOE-A-2010-7255,"MINISTERIO DE MEDIO AMBIENTE, Y MEDIO RURAL Y MARINO",estatal,Real Decreto,40445,40451,"Real Decreto 456/2010, de 16 de abril, por el que se establecen las bases reguladoras de las ayudas para la promoción de nuevas tecnologías en maquinaria y equipos agrarios."
2010-05-07,111,1,BOE-A-2010-7256,"MINISTERIO DE MEDIO AMBIENTE, Y MEDIO RURAL Y MARINO",estatal,Real Decreto,40452,40460,"Real Decreto 457/2010, de 16 de abril, por el que se regulan las bases para la concesión de ayudas para la renovación del parque nacional de maquinaria agrícola."
2010-05-07,111,1,BOE-A-2010-7257,"MINISTERIO DE MEDIO AMBIENTE, Y MEDIO RURAL Y MARINO",estatal,Real Decreto,40461,40467,"Real Decreto 487/2010, de 23 de abril, por el que se establecen las modalidades de aplicación de la ayuda al suministro de leche y productos lácteos a los alumnos de centros escolares."
2010-05-07,111,1,BOE-A-2010-7258,"MINISTERIO DE MEDIO AMBIENTE, Y MEDIO RURAL Y MARINO",estatal,Orden,40468,40469,"Orden ARM/1163/2010, de 29 de abril, por la que se modifica la Orden APA/1556/2002, de 21 de junio, por la que se deroga la Orden APA/67/2002, de 18 de enero, y se establece un nuevo sistema de control del destino de los subproductos generados en la cadena alimentaria cárnica."
2010-05-07,111,1,BOE-A-2010-7259,MINISTERIO DE LA PRESIDENCIA,estatal,Corrección,40470,40470,"Corrección de errores del Real Decreto 495/2010, de 30 de abril, por el que se aprueba la estructura orgánica básica de los departamentos ministeriales."
2010-05-07,111,1,BOE-A-2010-7260,MINISTERIO DE LA PRESIDENCIA,estatal,Orden,40471,40474,"Orden PRE/1164/2010, de 6 de mayo, por la que se incluyen las sustancias activas Indoxacarb y Tiacloprid en el anexo I del Real Decreto 1054/2002, de 11 de octubre, por el que se regula el proceso de evaluación para el registro, autorización y comercialización de biocidas."
2010-05-07,111,1,BOE-A-2010-7261,MINISTERIO DE LA PRESIDENCIA,estatal,Orden,40475,40477,"Orden PRE/1165/2010, de 6 de mayo, por la que se modifica el anexo I del Real Decreto 2163/1994, de 4 de noviembre, por el que se implanta el sistema armonizado comunitario de autorización para comercializar y utilizar productos fitosanitarios, a fin de modificar los usos de las sustancias activas fosfuro de aluminio, fosfuro de calcio, fosfuro de magnesio y lo relativo a la denominación común y a la pureza de la sustancia activa proteínas hidrolizadas."
2010-05-07,111,1,BOE-A-2010-7262,MINISTERIO DE SANIDAD Y POLÍTICA SOCIAL,estatal,Orden,40478,40484,"Orden SAS/1166/2010, de 30 de abril, por la que se modifica el anexo III del Real Decreto 1599/1997, de 17 de octubre, sobre productos cosméticos."
2010-05-07,112,1,BOE-A-2010-7327,JEFATURA DEL ESTADO,estatal,Real Decreto-ley,40759,40761,"Real Decreto-ley 7/2010, de 7 de mayo, por el que se crea el Fondo de Apoyo a la República Helénica y se autoriza un crédito extraordinario por importe de 9.794.387.450 euros para su dotación."
2010-05-08,113,1,BOE-A-2010-7328,MINISTERIO DE ECONOMÍA Y HACIENDA,estatal,Resolución,40762,40767,"Resolución de 30 de abril de 2010, conjunta de la Intervención General de la Administración del Estado y de la Dirección General del Tesoro y Política Financiera, sobre el procedimiento para la realización de ciertos pagos a través de Agentes Mediadores."
2010-05-08,113,1,BOE-A-2010-7329,MINISTERIO DE EDUCACIÓN,estatal,Real Decreto,40768,40783,"Real Decreto 557/2010, de 7 de mayo, por el que se establecen los umbrales de renta y patrimonio familiar y las cuantías de las becas y ayudas al estudio del Ministerio de Educación para el curso 2010-2011."
2010-05-08,113,1,BOE-A-2010-7330,MINISTERIO DE EDUCACIÓN,estatal,Real Decreto,40784,40788,"Real Decreto 558/2010, de 7 de mayo, por el que se modifica el Real Decreto 1892/2008, de 14 de noviembre, por el que se regulan las condiciones para el acceso a las enseñanzas universitarias oficiales de grado y los procedimientos de admisión a las universidades públicas españolas."
2010-05-08,113,1,BOE-A-2010-7331,MINISTERIO DE EDUCACIÓN,estatal,Resolución,40789,40827,"Resolución de 29 de abril de 2010, de la Secretaría de Estado de Educación y Formación Profesional, por la que se establecen las instrucciones para el cálculo de la nota media que debe figurar en las credenciales de convalidación y homologación de estudios y títulos extranjeros con el bachiller español."
2010-05-08,113,1,BOE-A-2010-7332,"MINISTERIO DE MEDIO AMBIENTE, Y MEDIO RURAL Y MARINO",estatal,Real Decreto,40828,40831,"Real Decreto 562/2010, de 7 de mayo, por el que se establece la regulación complementaria de una ayuda comunitaria a la destilación de uso de boca, destinada a los productores de vino, en aplicación del Reglamento (CE) nº 555/2008 de la Comisión, de 27 de junio de 2008."
2010-05-08,113,1,BOE-A-2010-7333,MINISTERIO DE LA PRESIDENCIA,estatal,Real Decreto,40832,41030,"Real Decreto 563/2010, de 7 de mayo, por el que se aprueba el Reglamento de artículos pirotécnicos y cartuchería."
2010-05-08,113,1,BOE-A-2010-7334,COMUNIDAD AUTÓNOMA DE ANDALUCÍA,autonómico,Resolución,41031,41033,"Resolución de 7 de abril de 2010, de la Presidencia del Parlamento de Andalucía, por la que se publica la reforma del Reglamento del Parlamento de Andalucía."
2010-05-10,114,1,BOE-A-2010-7423,MINISTERIO DE ECONOMÍA Y HACIENDA,estatal,Orden,41151,41153,"Orden EHA/1183/2010, de 4 de mayo, por la que se acuerda el programa marco de emisión, acuñación y puesta en circulación de monedas de colección ""Capitales de Provincia y Ciudades Autónomas""."
2010-05-10,114,1,BOE-A-2010-7424,MINISTERIO DE ECONOMÍA Y HACIENDA,estatal,Orden,41154,41157,"Orden EHA/1184/2010, de 4 de mayo, por la que se acuerda la emisión, acuñación y puesta en circulación de monedas de colección de la III serie de ""Pintores Españoles""."
2010-05-10,114,1,BOE-A-2010-7425,TRIBUNAL SUPREMO,estatal,Resolución judicial,41158,41158,"Sentencia de 10 de diciembre de 2009, de la Sala Tercera del Tribunal Supremo, por la que se declara nulo de pleno derecho el artículo 233.2 del Reglamento del Impuesto de Sociedades, aprobado por Real Decreto 2631/1982, de 15 de octubre, en la parte que indica ""siempre que éstos sean residentes en España""."
2010-05-10,114,1,BOE-A-2010-7426,TRIBUNAL SUPREMO,estatal,Resolución judicial,41159,41159,"Sentencia de 4 de marzo de 2010, de la Sala Tercera del Tribunal Supremo, por la que se declara la nulidad de diversas determinaciones del Plan Nacional de Asignación 2008-2012 aprobado por Real Decreto 1370/2006, de 24 de noviembre."
2010-05-10,114,1,BOE-A-2010-7427,TRIBUNAL SUPREMO,estatal,Resolución judicial,41160,41160,"Sentencia de 8 de abril de 2010, de la Sala Tercera del Tribunal Supremo, por la que se declara la nulidad del artículo 9 de la Orden ITC/3801/2008, de 26 de diciembre, por la que se revisan las tarifas eléctricas a partir de 1 de enero de 2009."
2010-05-11,115,1,BOE-A-2010-7530,MINISTERIO DE ECONOMÍA Y HACIENDA,estatal,Orden,41693,41703,"Orden EHA/1198/2010, de 4 de mayo, por la que se regula el Registro Electrónico del Ministerio de Economía y Hacienda."
2010-05-11,115,1,BOE-A-2010-7531,MINISTERIO DE CULTURA,estatal,Real Decreto,41704,41708,"Real Decreto 490/2010, de 23 de abril, por el que se modifica el Real Decreto 2062/2008, de 12 de diciembre, por el que se desarrolla la Ley 55/2007, de 28 de diciembre, del Cine."
2010-05-12,116,1,BOE-A-2010-7620,MINISTERIO DE CULTURA,estatal,Resolución,42029,42030,"Resolución de 14 de abril de 2010, de la Biblioteca Nacional de España, por la que se crea la Sede Electrónica de la Biblioteca Nacional de España."
2010-05-13,117,1,BOE-A-2010-7660,MINISTERIO DE ASUNTOS EXTERIORES Y DE COOPERACIÓN,estatal,Tratado o acuerdo internacional,42155,42178,"Acuerdo de Servicio de Préstamo entre los siguientes Estados miembros cuya moneda es el euro: el Reino de Bélgica, Irlanda, el Reino de España, la República Francesa, la República Italiana, la República de Chipre, el Gran Ducado de Luxemburgo, la República de Malta, el Reino de los Países Bajos, la República de Austria, la República Portuguesa, la República de Eslovenia, la República Eslovaca y la República de Finlandia y KfW, actuando en interés público, con sujeción a las instrucciones y acogiéndose a la garantía de la República Federal de Alemania, como Prestamistas, y la República Helénica como Prestatario y el Banco de Grecia como Agente del Prestatario, hecho en Bruselas y Atenas el 8 de mayo de 2010. Aplicación provisional."
2010-05-13,117,1,BOE-A-2010-7661,MINISTERIO DE ASUNTOS EXTERIORES Y DE COOPERACIÓN,estatal,Tratado o acuerdo internacional,42179,42194,"Acuerdo entre Acreedores suscrito por el Reino de Bélgica, la República Federal de Alemania, Irlanda, el Reino de España, la República Francesa, la República Italiana, la República de Chipre, el Gran Ducado de Luxemburgo, la República de Malta, el Reino de los Países Bajos, la República de Austria, la República Portuguesa, la República de Eslovenia, la República Eslovaca y la República de Finlandia, hecho en Bruselas el 8 de mayo de 2010. Aplicación provisional."
2010-05-13,117,1,BOE-A-2010-7662,MINISTERIO DE ECONOMÍA Y HACIENDA,estatal,Corrección,42195,42195,"Corrección de errores de la Orden EHA/1160/2010, de 29 de abril, por la que se modifican: la Orden de 1 de febrero de 1996, por la que se aprueban los documentos contables a utilizar por la Administración General del Estado; la Instrucción de Operatoria Contable a seguir en la ejecución del gasto del Estado, aprobada por Orden de 1 de febrero de 1996; y la Orden HAC/1300/2002, de 23 de mayo, por la que se aprueba la Instrucción de Contabilidad para la Administración General del Estado."
2010-05-14,118,1,BOE-A-2010-7712,MINISTERIO DE ECONOMÍA Y HACIENDA,estatal,Orden,42343,42347,"Orden EHA/1222/2010, de 4 de mayo, por la que se acuerda la emisión, acuñación y puesta en circulación de monedas de colección de la primera serie del programa ""Capitales de Provincia y Ciudades Autónomas""."
2010-05-14,118,1,BOE-A-2010-7713,"MINISTERIO DE MEDIO AMBIENTE, Y MEDIO RURAL Y MARINO",estatal,Corrección,42348,42348,"Corrección de errores del Real Decreto 405/2010, de 31 de marzo, por el que se regula el uso del logotipo ""Letra Q"" en el etiquetado de la leche y los productos lácteos."
2010-05-14,118,1,BOE-A-2010-7714,MINISTERIO DE LA PRESIDENCIA,estatal,Real Decreto,42349,42354,"Real Decreto 496/2010, de 30 de abril, por el que se aprueba la norma de calidad para los productos de confitería, pastelería, bollería y repostería."
2010-05-14,118,1,BOE-A-2010-7715,MINISTERIO DE SANIDAD Y POLÍTICA SOCIAL,estatal,Real Decreto,42355,42361,"Real Decreto 499/2010, de 30 de abril, por el que se regula la concesión directa de subvenciones a las comunidades autónomas para la promoción de actividades para la salud bucodental infantil durante el año 2010."
2010-05-15,119,1,BOE-A-2010-7796,MINISTERIO DE LA PRESIDENCIA,estatal,Real Decreto,42700,42704,"Real Decreto 636/2010, de 14 de mayo, por el que se regula el funcionamiento y se establece la estructura orgánica básica del Museo del Ejército."
2010-05-15,119,1,BOE-A-2010-7797,MINISTERIO DE LA PRESIDENCIA,estatal,Real Decreto,42705,42729,"Real Decreto 638/2010, de 14 de mayo, por el que se modifica y desarrolla la estructura orgánica básica del Ministerio de Fomento."
2010-05-17,120,1,BOE-A-2010-7858,MINISTERIO DE ASUNTOS EXTERIORES Y DE COOPERACIÓN,estatal,Tratado o acuerdo internacional,42892,42896,"Acuerdo de Préstamo entre España y el Fondo Monetario Internacional, hecho en Estambul el 5 de octubre de 2009."
2010-05-17,120,1,BOE-A-2010-7859,"MINISTERIO DE INDUSTRIA, TURISMO Y COMERCIO",estatal,Resolución,42897,42898,"Resolución de 6 de mayo de 2010, de la Dirección General de Política Energética y Minas, por la que se hacen públicos los nuevos precios de venta, antes de impuestos, de los gases licuados del petróleo por canalización."
2010-05-17,120,1,BOE-A-2010-7860,COMUNIDAD AUTÓNOMA DE EXTREMADURA,autonómico,Ley,42899,42929,"Ley 4/2010, de 28 de abril, de Denominaciones de Origen e Indicaciones Geográficas de Calidad Agroalimentaria de Extremadura."
2010-05-18,121,1,BOE-A-2010-7961,MINISTERIO DE ASUNTOS EXTERIORES Y DE COOPERACIÓN,estatal,Tratado o acuerdo internacional,43218,43230,"Acuerdo entre el Gobierno del Reino de España y el Gobierno de la Federación de Rusia sobre cooperación en el campo de la exploración y del uso pacífico del espacio ultraterrestre, hecho en Madrid el 9 de febrero de 2006."
2010-05-19,122,1,BOE-A-2010-8028,MINISTERIO DE ASUNTOS EXTERIORES Y DE COOPERACIÓN,estatal,Tratado o acuerdo internacional,43454,43457,"Canje de Notas, de fecha 6 de febrero de 2009, constitutivo de Acuerdo entre el Reino de España y la República del Perú sobre participación en las elecciones municipales de los nacionales de cada país residentes en el territorio del otro."
2010-05-19,122,1,BOE-A-2010-8029,MINISTERIO DE ASUNTOS EXTERIORES Y DE COOPERACIÓN,estatal,Corrección,43458,43458,"Corrección de errores de las Enmiendas al Reglamento Internacional para prevenir los abordajes, 1972, adoptadas el 29 de noviembre de 2007, mediante Resolución A. 1004(25)."
2010-05-19,122,1,BOE-A-2010-8030,MINISTERIO DE JUSTICIA,estatal,Orden,43459,43498,"Orden JUS/1291/2010, de 13 de mayo, por la que se aprueban las normas para la preparación y remisión de muestras objeto de análisis por el Instituto Nacional de Toxicología y Ciencias Forenses."
2010-05-19,122,1,BOE-A-2010-8031,"MINISTERIO DE INDUSTRIA, TURISMO Y COMERCIO",estatal,Corrección,43499,43499,"Corrección de errores del Real Decreto 198/2010, de 26 de febrero, por el que se adaptan determinadas disposiciones relativas al sector eléctrico a lo dispuesto en la Ley 25/2009, de modificación de diversas leyes para su adaptación a la Ley sobre el libre acceso a las actividades de servicios y su ejercicio."
2010-05-20,123,1,BOE-A-2010-8067,MINISTERIO DE EDUCACIÓN,estatal,Real Decreto,43776,43846,"Real Decreto 450/2010, de 16 de abril, por el que se establece el título de Técnico Superior en Desarrollo de Aplicaciones Multiplataforma y se fijan sus enseñanzas mínimas."
2010-05-20,123,1,BOE-A-2010-8068,MINISTERIO DE EDUCACIÓN,estatal,Real Decreto,43847,43931,"Real Decreto 451/2010, de 16 de abril, por el que se establece el título de Técnico Superior en Procesos y Calidad en la Industria Alimentaria y se fijan sus enseñanzas mínimas."
2010-05-20,123,1,BOE-A-2010-8069,MINISTERIO DE EDUCACIÓN,estatal,Real Decreto,43932,43994,"Real Decreto 452/2010, de 16 de abril, por el que se establece el título de Técnico en Elaboración de Productos Alimenticios y se fijan sus enseñanzas mínimas."
2010-05-21,124,1,BOE-A-2010-8115,JEFATURA DEL ESTADO,estatal,Ley Orgánica,44277,44296,"Ley Orgánica 4/2010, de 20 de mayo, del Régimen disciplinario del Cuerpo Nacional de Policía."
2010-05-21,124,1,BOE-A-2010-8116,MINISTERIO DE ECONOMÍA Y HACIENDA,estatal,Orden,44297,44299,"Orden EHA/1319/2010, de 18 de mayo, por la que se dictan las normas para la elaboración de los escenarios presupuestarios para el periodo 2011-2013."
2010-05-21,124,1,BOE-A-2010-8117,MINISTERIO DE ECONOMÍA Y HACIENDA,estatal,Orden,44300,44335,"Orden EHA/1320/2010, de 18 de mayo, por la que se dictan las normas para la elaboración de los Presupuestos Generales del Estado para 2011."
2010-05-21,124,1,BOE-A-2010-8118,MINISTERIO DE ECONOMÍA Y HACIENDA,estatal,Resolución,44336,44347,"Resolución de 18 de mayo de 2010, de la Dirección General de la Agencia Estatal de Administración Tributaria, en relación con el registro y gestión de apoderamientos y el registro y gestión de las sucesiones y de las representaciones legales de menores e incapacitados para la realización de trámites y actuaciones por Internet ante la Agencia Tributaria."
2010-05-21,124,1,BOE-A-2010-8119,MINISTERIO DE EDUCACIÓN,estatal,Real Decreto,44348,44407,"Real Decreto 453/2010, de 16 de abril, por el que se establece el título de Técnico en Electromecánica de Vehículos Automóviles y se fijan sus enseñanzas mínimas."
2010-05-21,124,1,BOE-A-2010-8120,MINISTERIO DE EDUCACIÓN,estatal,Real Decreto,44408,44477,"Real Decreto 454/2010, de 16 de abril, por el que se establece el título de Técnico en Fabricación de Productos Cerámicos."
2010-05-21,124,1,BOE-A-2010-8121,MINISTERIO DE LA PRESIDENCIA,estatal,Real Decreto,44478,44480,"Real Decreto 566/2010, de 7 de mayo, por el que se modifica el Real Decreto 258/1998, de 20 de febrero, de modificación parcial del Real Decreto 419/1991, de 27 de marzo, por el que se regula la distribución de la recaudación y premios en las apuestas deportivas del Estado y otros juegos gestionados por el Organismo Nacional de Loterías y Apuestas del Estado, y se dictan normas complementarias."
2010-05-21,124,1,BOE-A-2010-8122,MINISTERIO DE CULTURA,estatal,Real Decreto,44481,44488,"Real Decreto 497/2010, de 30 de abril, por el que se regulan los órganos de participación y asesoramiento del Instituto Nacional de las Artes Escénicas y de la Música."
2010-05-21,124,1,BOE-A-2010-8123,MINISTERIO DE CIENCIA E INNOVACIÓN,estatal,Resolución,44489,44489,"Resolución de 6 de mayo de 2010, de la Presidencia de la Agencia Estatal Consejo Superior de Investigaciones Científicas, por la que se modifica la de 24 de marzo de 2010, por la que se crea y regula el Registro Electrónico de la Agencia Estatal Consejo Superior de Investigaciones Científicas."
2010-05-22,125,1,BOE-A-2010-8188,MINISTERIO DE DEFENSA,estatal,Real Decreto,44835,44850,"Real Decreto 684/2010, de 20 de mayo, por el que se aprueba el Reglamento de Honores Militares."
2010-05-22,125,1,BOE-A-2010-8189,"MINISTERIO DE INDUSTRIA, TURISMO Y COMERCIO",estatal,Real Decreto,44851,44860,"Real Decreto 559/2010, de 7 de mayo, por el que se aprueba el Reglamento del Registro Integrado Industrial."
2010-05-22,125,1,BOE-A-2010-8190,"MINISTERIO DE INDUSTRIA, TURISMO Y COMERCIO",estatal,Real Decreto,44861,44939,"Real Decreto 560/2010, de 7 de mayo, por el que se modifican diversas normas reglamentarias en materia de seguridad industrial para adecuarlas a la Ley 17/2009, de 23 de noviembre, sobre el libre acceso a las actividades de servicios y su ejercicio, y a la Ley 25/2009, de 22 de diciembre, de modificación de diversas leyes para su adaptación a la Ley sobre el libre acceso a las actividades de servicios y su ejercicio."
2010-05-22,125,1,BOE-A-2010-8191,"MINISTERIO DE INDUSTRIA, TURISMO Y COMERCIO",estatal,Real Decreto,44940,44941,"Real Decreto 561/2010, de 7 de mayo, por el que se crean la Medalla y la Placa al Mérito en el Comercio."
2010-05-22,125,1,BOE-A-2010-8192,MINISTERIO DE LA PRESIDENCIA,estatal,Real Decreto,44942,44943,"Real Decreto 694/2010, de 20 de mayo, por el que se modifica el Real Decreto 1523/1982, de 18 de junio, por el que se crea la Real Orden del Mérito Deportivo."
2010-05-22,125,1,BOE-A-2010-8193,MINISTERIO DE LA PRESIDENCIA,estatal,Orden,44944,44955,"Orden PRE/1329/2010, de 20 de mayo, por la que se publica el Acuerdo por el que se aprueba el II Plan Nacional para la Alianza de Civilizaciones."
2010-05-22,125,1,BOE-A-2010-8194,MINISTERIO DE CULTURA,estatal,Real Decreto,44956,44971,"Real Decreto 498/2010, de 30 de abril, por el que se regula la concesión de subvenciones directas del Ministerio de Cultura y sus organismos públicos a diversas entidades e instituciones culturales."
2010-05-22,125,1,BOE-A-2010-8195,TRIBUNAL SUPREMO,estatal,Resolución judicial,44972,44972,"Providencia de 6 de mayo de 2010, dictada por la Sala Tercera del Tribunal Supremo, por la que se admite a trámite la cuestión de ilegalidad planteada por el Juzgado de lo Contencioso-Administrativo número 29 de Madrid, sobre el articulo 34.4 del Real Decreto 889/2006, de 21 de julio, por el que se regula el control metrológico del Estado sobre instrumentos de medida."
2010-05-24,126,1,BOE-A-2010-8228,JEFATURA DEL ESTADO,estatal,Real Decreto-ley,45070,45128,"Real Decreto-ley 8/2010, de 20 de mayo, por el que se adoptan medidas extraordinarias para la reducción del déficit público."
2010-05-24,126,1,BOE-A-2010-8229,MINISTERIO DE ASUNTOS EXTERIORES Y DE COOPERACIÓN,estatal,Tratado o acuerdo internacional,45129,45136,"Acuerdo entre Irlanda, el Reino de los Países Bajos, el Reino de España, la República italiana, la República portuguesa, la República francesa, y el Reino Unido de Gran Bretaña e Irlanda del Norte por el que se crea un Centro de Análisis y Operaciones Marítimas en Materia de Drogas, hecho en Lisboa el 30 de septiembre de 2007."
2010-05-24,126,1,BOE-A-2010-8230,MINISTERIO DE ECONOMÍA Y HACIENDA,estatal,Orden,45137,45281,"Orden EHA/1338/2010, de 13 de mayo, por la que se aprueban los modelos de declaración del Impuesto sobre Sociedades y del Impuesto sobre la Renta de no Residentes correspondiente a establecimientos permanentes y a entidades en régimen de atribución de rentas constituidas en el extranjero con presencia en territorio español, para los períodos impositivos iniciados entre el 1 de enero y el 31 de diciembre de 2009, se dictan instrucciones relativas al procedimiento de declaración e ingreso y se establecen las condiciones generales y el procedimiento para su presentación telemática."
2010-05-24,126,1,BOE-A-2010-8231,MINISTERIO DE ECONOMÍA Y HACIENDA,estatal,Orden,45282,45287,"Orden EHA/1339/2010, de 17 de mayo, por la que se crea y regula la Comisión de Coordinación de Bibliotecas del Ministerio de Economía y Hacienda."
2010-05-24,126,1,BOE-A-2010-8232,MINISTERIO DE LA PRESIDENCIA,estatal,Orden,45288,45289,"Orden PRE/1340/2010, de 21 de mayo, por la que se modifica la Orden de 24 de septiembre de 1982, por la que se aprueba el Reglamento que establece las Ordenanzas de la Real Orden del Mérito Deportivo."
2010-05-24,126,1,BOE-A-2010-8233,COMUNIDAD AUTÓNOMA DE CATALUÑA,autonómico,Decreto-ley,45290,45291,"Decreto ley 2/2010, de 30 de marzo, por el que se modifica la Ley 11/2007, de 11 de octubre, de la Corporación Catalana de Medios Audiovisuales."
2010-05-24,126,1,BOE-A-2010-8234,COMUNIDAD AUTÓNOMA DE LA RIOJA,autonómico,Ley,45292,45304,"Ley 4/2010, de 30 de abril, por la que se revisa y actualiza el Plan Regional de Carreteras de La Rioja."
2010-05-25,127,1,BOE-A-2010-8318,JEFATURA DEL ESTADO,estatal,Corrección,45624,45624,"Corrección de errores del Real Decreto-ley 8/2010, de 20 de mayo, por el que se adoptan medidas extraordinarias para la reducción del déficit público."
2010-05-25,127,1,BOE-A-2010-8319,CORTES GENERALES,estatal,Resolución,45625,45625,"Resolución de 20 de mayo de 2010, del Congreso de los Diputados, por la que se ordena la publicación del Acuerdo de convalidación del Real Decreto-ley 7/2010, de 7 de mayo, por el que se crea el Fondo de Apoyo a la República Helénica y se autoriza un crédito extraordinario por importe de 9.794.387.450 euros para su dotación."
2010-05-25,127,1,BOE-A-2010-8320,MINISTERIO DE LA PRESIDENCIA,estatal,Real Decreto,45626,45627,"Real Decreto 564/2010, de 7 de mayo, por el que se modifica el Real Decreto 1558/2005, de 23 de diciembre, por el que se regulan los requisitos básicos de los Centros integrados de formación profesional."
2010-05-25,127,1,BOE-A-2010-8321,MINISTERIO DE LA PRESIDENCIA,estatal,Real Decreto,45628,45633,"Real Decreto 565/2010, de 7 de mayo, por el que se determinan los derechos que, como consecuencia de la extinción del régimen de previsión de los médicos de asistencia médico-farmacéutica y de accidentes de trabajo, se reconocen a los beneficiarios del citado régimen."
2010-05-25,127,1,BOE-A-2010-8322,MINISTERIO DE LA PRESIDENCIA,estatal,Real Decreto,45634,45637,"Real Decreto 637/2010, de 14 de mayo, por el que se prevé la incorporación de los deportistas de alto nivel a las Fuerzas y Cuerpos de Seguridad del Estado."
2010-05-25,127,1,BOE-A-2010-8323,MINISTERIO DE LA PRESIDENCIA,estatal,Corrección,45638,45638,"Corrección de errores del Real Decreto 1826/2009, de 27 de noviembre, por el que se modifica el Reglamento de instalaciones térmicas en los edificios, aprobado por Real Decreto 1027/2007, de 20 de julio."
2010-05-25,127,1,BOE-A-2010-8324,COMUNIDAD AUTÓNOMA DE CATALUÑA,autonómico,Ley,45639,45640,"Ley 7/2010, de 21 de abril, de modificación de la Carta municipal de Barcelona."
2010-05-25,127,1,BOE-A-2010-8325,COMUNIDAD AUTÓNOMA DE CATALUÑA,autonómico,Ley,45641,45645,"Ley 8/2010, de 22 de abril, de creación del municipio de La Canonja."
2010-05-25,127,1,BOE-A-2010-8326,COMUNIDAD AUTÓNOMA DE ANDALUCÍA,autonómico,Ley,45646,45662,"Ley 2/2010, de 8 de abril, de derechos y garantías de la dignidad de la persona en el proceso de la muerte."
2010-05-26,128,1,BOE-A-2010-8384,JEFATURA DEL ESTADO,estatal,Corrección,45876,45876,"Corrección de errores de la Ley 2/2010, de 1 de marzo, por la que se trasponen determinadas directivas en el ámbito de la imposición indirecta y se modifica la Ley del Impuesto sobre la Renta de no Residentes para adaptarla a la normativa comunitaria."
2010-05-26,128,1,BOE-A-2010-8385,JEFATURA DEL ESTADO,estatal,Corrección,45877,45877,"Corrección de errores del Real Decreto-ley 8/2010, de 20 de mayo, por el que se adoptan medidas extraordinarias para la reducción del déficit público."
2010-05-26,128,1,BOE-A-2010-8386,MINISTERIO DE ECONOMÍA Y HACIENDA,estatal,Resolución,45878,45920,"Resolución de 25 de mayo de 2010, de la Secretaría de Estado de Hacienda y Presupuestos, por la que se dictan instrucciones en relación con las nóminas de los funcionarios incluidos en el ámbito de aplicación de la Ley 30/1984, de 2 de agosto, en los términos de la Disposición Final Cuarta de la Ley 7/2007, de 12 de abril, del Estatuto Básico del Empleado Público, y se actualizan con efectos de 1 de junio de 2010 las cuantías de las retribuciones del personal a que se refieren los correspondientes artículos de la Ley de Presupuestos Generales del Estado para dicho ejercicio."
2010-05-26,128,1,BOE-A-2010-8387,"MINISTERIO DE MEDIO AMBIENTE, Y MEDIO RURAL Y MARINO",estatal,Orden,45921,45930,"Orden ARM/1358/2010, de 19 de mayo, por la que se crea y regula el Registro Electrónico del Ministerio de Medio Ambiente, y Medio Rural y Marino."
2010-05-26,128,1,BOE-A-2010-8388,MINISTERIO DE SANIDAD Y POLÍTICA SOCIAL,estatal,Real Decreto,45931,45940,"Real Decreto 639/2010, de 14 de mayo, por el que se modifica el Real Decreto 1079/2002, de 18 de octubre, por el que se regulan los contenidos máximos de nicotina, alquitrán y monóxido de carbono de los cigarrillos, el etiquetado de los productos del tabaco, así como las medidas relativas a ingredientes y denominaciones de los productos del tabaco."
2010-05-26,128,1,BOE-A-2010-8389,COMUNIDAD FORAL DE NAVARRA,autonómico,Ley,45941,45948,"Ley Foral 4/2010, de 6 de abril, por la que se modifica la Ley Foral 5/2001, de 9 de marzo, de Cooperación al Desarrollo."
2010-05-26,128,1,BOE-A-2010-8390,COMUNIDAD FORAL DE NAVARRA,autonómico,Ley,45949,45960,"Ley Foral 5/2010, de 6 de abril, de accesibilidad universal y diseño para todas las personas."
2010-05-27,129,1,BOE-A-2010-8420,MINISTERIO DE ASUNTOS EXTERIORES Y DE COOPERACIÓN,estatal,Tratado o acuerdo internacional,46049,46054,"Aplicación provisional del Canje de Notas de 23 de febrero y 8 de marzo de 2010, entre el Reino de España y la República de Haití constitutivo de Acuerdo Temporal para el Estatuto del personal de las Fuerzas Armadas en Haití en el marco de la operación española de ayuda humanitaria de emergencia por el terremoto."
2010-05-27,129,1,BOE-A-2010-8421,MINISTERIO DE ECONOMÍA Y HACIENDA,estatal,Real Decreto,46055,46058,"Real Decreto 449/2010, de 16 de abril, por el que se modifica el Real Decreto 1917/2009, de 11 de diciembre, por el que se aprueba el Programa anual 2010 del Plan Estadístico Nacional 2009-2012."
2010-05-27,129,1,BOE-A-2010-8422,COMUNIDAD FORAL DE NAVARRA,autonómico,Ley,46059,46079,"Ley Foral 6/2010, de 6 de abril, de modificación de diversas leyes forales para su adaptación a la Directiva 2006/123/CE, relativa a los servicios en el mercado interior."
2010-05-27,129,1,BOE-A-2010-8423,COMUNIDAD FORAL DE NAVARRA,autonómico,Ley,46080,46082,"Ley Foral 7/2010, de 6 de abril, de modificación de la Ley Foral 6/1990, de 2 de julio, de la Administración Local de Navarra, para su adaptación a la directiva 2006/123/CE, relativa a los servicios en el mercado interior."
2010-05-28,130,1,BOE-A-2010-8504,JEFATURA DEL ESTADO,estatal,Otras,46324,46335,"Instrumento de Ratificación del Protocolo número 14 al Convenio para la protección de los Derechos Humanos y de las Libertades Fundamentales, por el que se modifica el mecanismo de control del Convenio, hecho en Estrasburgo el 13 de mayo de 2004."
2010-05-28,130,1,BOE-A-2010-8505,MINISTERIO DE LA PRESIDENCIA,estatal,Orden,46336,46337,"Orden PRE/1366/2010, de 20 de mayo, por la que se modifica el Reglamento de la Circulación Aérea Operativa, aprobado por el Real Decreto 1489/1994, de 1 de julio."
2010-05-28,130,1,BOE-A-2010-8506,COMUNIDAD AUTÓNOMA DE CANTABRIA,autonómico,Ley,46338,46348,"Ley 1/2010, de 27 de abril, por la que se modifica la Ley 6/2002, de 10 de diciembre, de Régimen Jurídico del Gobierno y de la Administración de la Comunidad Autónoma de Cantabria y la Ley 11/2006, de 17 de julio, de Organización y Funcionamiento del Servicio Jurídico."
2010-05-28,130,1,BOE-A-2010-8507,COMUNIDAD FORAL DE NAVARRA,autonómico,Ley,46349,46353,"Ley Foral 8/2010, de 20 de abril, por la que se regula en Navarra la venta directa de productos ligados a la explotación agraria y ganadera."
2010-05-29,131,1,BOE-A-2010-8550,JEFATURA DEL ESTADO,estatal,Real Decreto-ley,46507,46509,"Real Decreto-ley 9/2010, de 28 de mayo, por el que se autoriza a la Administración General del Estado al otorgamiento de avales a determinadas operaciones de financiación en el marco del Mecanismo Europeo de Estabilización Financiera de los Estados miembros de la Zona del Euro."
2010-05-29,131,1,BOE-A-2010-8551,MINISTERIO DE ECONOMÍA Y HACIENDA,estatal,Real Decreto,46510,46531,"Real Decreto 712/2010, de 28 de mayo, de régimen jurídico de los servicios de pago y de las entidades de pago."
2010-05-29,131,1,BOE-A-2010-8552,MINISTERIO DE ECONOMÍA Y HACIENDA,estatal,Resolución,46532,46537,"Resolución de 27 de mayo de 2010, de la Presidencia del Comisionado para el Mercado de Tabacos, por la que se publican los precios de venta al público de determinadas labores de tabaco en Expendedurías de Tabaco y Timbre del Área del Monopolio."
2010-05-29,131,1,BOE-A-2010-8553,"MINISTERIO DE MEDIO AMBIENTE, Y MEDIO RURAL Y MARINO",estatal,Real Decreto,46538,46547,"Real Decreto 714/2010, de 28 de mayo, por el que se establecen las bases reguladoras de las subvenciones estatales destinadas al sector del lúpulo."
2010-05-29,131,1,BOE-A-2010-8554,MINISTERIO DE LA PRESIDENCIA,estatal,Corrección,46548,46548,"Corrección de errores del Real Decreto 495/2010, de 30 de abril, por el que se establece la estructura básica de los departamentos ministeriales."
2010-05-29,131,1,BOE-A-2010-8555,COMUNIDAD AUTÓNOMA DE CANTABRIA,autonómico,Ley,46549,46562,"Ley 2/2010, de 4 de mayo, para la modificación de la Ley 1/2002, de 26 de febrero, del Comercio de Cantabria y de otras normas complementarias para su adaptación a la Directiva 2006/123/CE, del Parlamento Europeo y del Consejo, de 12 de diciembre de 2006, relativa a los Servicios en el Mercado Interior."
2010-05-29,131,1,BOE-A-2010-8556,COMUNITAT VALENCIANA,autonómico,Ley,46563,46598,"Ley 3/2010, de 5 de mayo, de administración electrónica de la Comunitat Valenciana."
2010-05-31,132,1,BOE-A-2010-8616,MINISTERIO DE ASUNTOS EXTERIORES Y DE COOPERACIÓN,estatal,Tratado o acuerdo internacional,46889,46892,"Protocolo que modifica el Convenio entre el Reino de España y el Gran Ducado de Luxemburgo para evitar la doble imposición en materia de impuestos sobre la renta y sobre el patrimonio y para prevenir el fraude y la evasión fiscal, hecho en Bruselas el 10 de noviembre de 2009."
2010-05-31,132,1,BOE-A-2010-8617,COMUNIDAD FORAL DE NAVARRA,autonómico,Ley,46893,46906,"Ley Foral 9/2010, de 28 de abril, de ayuda a las víctimas del terrorismo."
2010-05-31,132,1,BOE-A-2010-8618,COMUNIDAD FORAL DE NAVARRA,autonómico,Ley,46907,46954,"Ley Foral 10/2010, de 10 de mayo, del Derecho a la Vivienda en Navarra."
2010-06-01,133,1,BOE-A-2010-8695,JEFATURA DEL ESTADO,estatal,Otras,47282,47284,"Cuarta Acta de corrección de errores del Tratado de Lisboa por el que se modifican el Tratado de la Unión Europea y el Tratado Constitutivo de la Comunidad Europea, hecho en Lisboa el 13 de diciembre de 2007."
2010-06-01,133,1,BOE-A-2010-8696,CORTES GENERALES,estatal,Resolución,47285,47285,"Resolución de 27 de mayo de 2010, del Congreso de los Diputados, por la que se ordena la publicación del Acuerdo de convalidación del Real Decreto-ley 8/2010, de 20 de mayo, por el que se adoptan medidas extraordinarias para la reducción del déficit público."
2010-06-01,133,1,BOE-A-2010-8697,MINISTERIO DE ASUNTOS EXTERIORES Y DE COOPERACIÓN,estatal,Tratado o acuerdo internacional,47286,47330,"Aplicación provisional de la Carta de asistencia entre el Reino de España y la UNAMID (operación híbrida de la Unión Africana y Naciones Unidas en Darfur), hecha el 26 de noviembre y 12 de diciembre de 2008."
2010-06-01,133,1,BOE-A-2010-8698,MINISTERIO DE DEFENSA,estatal,Real Decreto,47331,47348,"Real Decreto 711/2010, de 28 de mayo, por el que se aprueba el Reglamento de especialidades fundamentales de las Fuerzas Armadas."
2010-06-01,133,1,BOE-A-2010-8699,MINISTERIO DE ECONOMÍA Y HACIENDA,estatal,Resolución,47349,47352,"Resolución de 31 de mayo de 2010, de la Presidencia del Comisionado para el Mercado de Tabacos, por la que se publican los precios de venta al público de determinadas labores de tabaco en Expendedurías de Tabaco y Timbre de la Península e Illes Balears."
2010-06-01,133,1,BOE-A-2010-8700,MINISTERIO DE TRABAJO E INMIGRACIÓN,estatal,Orden,47353,47465,"Orden TIN/1402/2010, de 28 de mayo, por la que se dictan las normas para la elaboración de los Presupuestos de la Seguridad Social para el ejercicio 2011."
2010-06-02,134,1,BOE-A-2010-8781,MINISTERIO DE ASUNTOS EXTERIORES Y DE COOPERACIÓN,estatal,Tratado o acuerdo internacional,47680,47683,"Aplicación provisional del Canje de Notas constitutivo de Acuerdo entre el Reino de España y la República Tunecina relativo a la supresión recíproca de visados en pasaportes de servicio y especiales, hecho en Túnez y Madrid el 24 de marzo y 16 de abril de 2010."
2010-06-02,134,1,BOE-A-2010-8782,MINISTERIO DE ECONOMÍA Y HACIENDA,estatal,Resolución,47684,47686,"Resolución de 31 de mayo de 2010, de la Secretaría de Estado de Hacienda y Presupuestos, por la que se corrigen errores en la de 25 de mayo de 2010, por la que se dictan instrucciones en relación con las nóminas de los funcionarios incluidos en el ámbito de aplicación de la Ley 30/1984, de 2 de agosto, en los términos de la Disposición Final Cuarta de la Ley 7/2007, de 12 de abril, del Estatuto Básico del Empleado Público, y se actualizan con efectos de 1 de junio de 2010 las cuantías de las retribuciones del personal a que se refieren los correspondientes artículos de la Ley de Presupuestos Generales del Estado para dicho ejercicio."
2010-06-02,134,1,BOE-A-2010-8783,MINISTERIO DE FOMENTO,estatal,Real Decreto,47687,47690,"Real Decreto 629/2010, de 14 de mayo, por el que se modifica el Real Decreto 389/1998, de 13 de marzo, por el que se regula la investigación de accidentes e incidentes de aviación civil, con el fin de modificar la composición de la Comisión de Investigación de Accidentes e Incidentes de Aviación Civil."
2010-06-02,134,1,BOE-A-2010-8784,"MINISTERIO DE INDUSTRIA, TURISMO Y COMERCIO",estatal,Real Decreto,47691,47693,"Real Decreto 691/2010, de 20 de mayo, por el que se regula la Televisión Digital Terrestre en alta definición."
2010-06-02,134,1,BOE-A-2010-8785,"MINISTERIO DE INDUSTRIA, TURISMO Y COMERCIO",estatal,Resolución,47694,47697,"Resolución de 19 de mayo de 2010, de la Presidencia de la Entidad Pública Empresarial Red.es, por la que se crea el registro electrónico de la entidad pública empresarial Red.es."
2010-06-02,134,1,BOE-A-2010-8786,MINISTERIO DE LA PRESIDENCIA,estatal,Corrección,47698,47698,"Corrección de errores del Real Decreto 437/2010, de 9 de abril, por el que se desarrolla la regulación del proceso de titulización del déficit del sistema eléctrico."
2010-06-03,135,1,BOE-A-2010-8821,MINISTERIO DE ECONOMÍA Y HACIENDA,estatal,Real Decreto,47973,47978,"Real Decreto 628/2010, de 14 de mayo, por el que se modifican el Real Decreto 2606/1996, de 20 de diciembre, sobre fondos de garantía de depósitos en entidades de crédito y el Real Decreto 948/2001, de 3 de agosto, sobre sistemas de indemnización de los inversores."
2010-06-03,135,1,BOE-A-2010-8822,MINISTERIO DE ECONOMÍA Y HACIENDA,estatal,Resolución,47979,47979,"Resolución de 2 de junio de 2010, de la Presidencia del Comisionado para el Mercado de Tabacos, por la que se publican los precios de venta al público de determinadas labores de tabaco en Expendedurías de Tabaco y Timbre de la Península e Illes Balears."
2010-06-03,135,1,BOE-A-2010-8823,MINISTERIO DE EDUCACIÓN,estatal,Orden,47980,47985,"Orden EDU/1439/2010, de 25 de mayo, por la que se crea la Comisión de Coordinación de Bibliotecas del Ministerio de Educación y de los Organismos y Entidades vinculadas al mismo."
2010-06-03,135,1,BOE-A-2010-8824,MINISTERIO DE LA PRESIDENCIA,estatal,Real Decreto,47986,47995,"Real Decreto 692/2010, de 20 de mayo, por el que se establecen las normas mínimas para la protección de los pollos destinados a la producción de carne y se modifica el Real Decreto 1047/1994, de 20 de mayo, relativo a las normas mínimas para la protección de terneros."
2010-06-03,135,1,BOE-A-2010-8825,MINISTERIO DE LA PRESIDENCIA,estatal,Real Decreto,47996,47997,"Real Decreto 693/2010, de 20 de mayo, por el que se modifica el Real Decreto 1314/1984, de 20 de junio, por el que se regula la estructura y competencias de la Tesoreria General de la Seguridad Social."
2010-06-03,135,1,BOE-A-2010-8826,MINISTERIO DE SANIDAD Y POLÍTICA SOCIAL,estatal,Corrección,47998,47998,"Corrección de errores del Real Decreto 639/2010, de 14 de mayo, por el que se modifica el Real Decreto 1079/2002, de 18 de octubre, por el que se regulan los contenidos máximos de nicotina, alquitrán, y monóxido de carbono de los cigarrillos, el etiquetado de los productos del tabaco, así como las medidas relativas a ingredientes y denominaciones de los productos del tabaco."
2010-06-03,135,1,BOE-A-2010-8827,AGENCIA ESPAÑOLA DE PROTECCIÓN DE DATOS,estatal,Resolución,47999,48003,"Resolución de 24 de mayo de 2010, de la Agencia Española de Protección de Datos, por la que se regula el Registro Electrónico de la Agencia Española de Protección de Datos."
2010-06-04,136,1,BOE-A-2010-8902,TRIBUNAL CONSTITUCIONAL,estatal,Resolución judicial,48271,48271,"Recurso de inconstitucionalidad nº 630-2010, en relación con el último párrafo del artículo 10 de la Ley 13/2004, de 27 de diciembre, de caza de la Comunitat Valenciana."
2010-06-04,136,1,BOE-A-2010-8903,TRIBUNAL CONSTITUCIONAL,estatal,Resolución judicial,48272,48272,"Recurso de inconstitucionalidad nº 3443-2010, en relación con la Ley Orgánica 1/2010, de 19 de febrero, de modificación de la leyes orgánicas del Tribunal Constitucional y del Poder Judicial."
2010-06-04,136,1,BOE-A-2010-8904,TRIBUNAL CONSTITUCIONAL,estatal,Resolución judicial,48273,48273,"Cuestión de inconstitucionalidad nº 776-2010, en relación con el artículo 92.8 del Código Civil, en la redacción dada al mismo por la Ley 15/2005, de 8 de julio."
2010-06-04,136,1,BOE-A-2010-8905,TRIBUNAL CONSTITUCIONAL,estatal,Resolución judicial,48274,48274,"Cuestión de inconstitucionalidad nº 1882-2010, en relación con el apartado segundo de la disposición adicional trigésima cuarta de la Ley 55/1999, de 29 de diciembre, de Medidas Fiscales, Administrativas y del Orden Social, en la redacción dada por la disposición final segunda de la Ley 25/2006, de 17 de julio."
2010-06-04,136,1,BOE-A-2010-8906,TRIBUNAL CONSTITUCIONAL,estatal,Resolución judicial,48275,48275,"Cuestión de inconstitucionalidad nº 1992-2010, en relación con los artículos 32.4 y 33.3 de la Ley 2/2003, de 11 de marzo, de Administración Local de la Comunidad de Madrid."
2010-06-04,136,1,BOE-A-2010-8907,TRIBUNAL CONSTITUCIONAL,estatal,Resolución judicial,48276,48276,"Cuestión de inconstitucionalidad nº 2948-2010, en relación con los artículos 81 del Texto Articulado de la Ley de Tráfico, aprobado por el Real Decreto Legislativo 339/1990, de 2 de marzo, y 132 de la Ley 30/1992, de 26 de noviembre, de Régimen Jurídico de las Administraciones Públicas y Procedimiento Administrativo Común."
2010-06-04,136,1,BOE-A-2010-8908,TRIBUNAL CONSTITUCIONAL,estatal,Resolución judicial,48277,48277,"Cuestión de inconstitucionalidad nº 3215-2010, en relación con los artículos 81 del Texto Articulado de la Ley de Tráfico, aprobado por el Real Decreto Legislativo 339/1990, de 2 de marzo, y 132 de la Ley 30/1992, de 26 de noviembre, de Régimen Jurídico de las Administraciones Públicas y Procedimiento Administrativo Común."
2010-06-04,136,1,BOE-A-2010-8909,MINISTERIO DE ASUNTOS EXTERIORES Y DE COOPERACIÓN,estatal,Tratado o acuerdo internacional,48278,48282,"Acuerdo entre el Reino de España y la República Francesa sobre la selección, puesta en marcha y financiación de dos proyectos de autopistas del mar entre España y Francia en la Fachada Atlántica-La Mancha-Mar del Norte, hecho en Madrid el 28 de abril y 10 de noviembre de 2009."
2010-06-04,136,1,BOE-A-2010-8910,MINISTERIO DE TRABAJO E INMIGRACIÓN,estatal,Orden,48283,48302,"Orden TIN/1448/2010, de 2 de junio, por la que se desarrolla el Real Decreto 404/2010, de 31 de marzo, por el que se regula el establecimiento de un sistema de reducción de las cotizaciones por contingencias profesionales a las empresas que hayan contribuido especialmente a la disminución y prevención de la siniestralidad laboral."
2010-06-05,137,1,BOE-A-2010-8952,MINISTERIO DE ECONOMÍA Y HACIENDA,estatal,Resolución,48462,48465,"Resolución de 4 de junio de 2010, de la Presidencia del Comisionado para el Mercado de Tabacos, por la que se publican los precios de venta al público de determinadas labores de tabaco en Expendedurías de Tabaco y Timbre de la Península e Illes Balears."
2010-06-05,137,1,BOE-A-2010-8953,MINISTERIO DE ECONOMÍA Y HACIENDA,estatal,Corrección,48466,48466,"Corrección de erratas de la Resolución de 2 de junio de 2010, del Comisionado para el Mercado de Tabacos, por la que se publican los precios de venta al público, de determinadas labores de tabaco en Expendedurías de Tabaco y Timbre de la Península e Illes Balears."
2010-06-05,137,1,BOE-A-2010-8954,MINISTERIO DE EDUCACIÓN,estatal,Real Decreto,48467,48479,"Real Decreto 630/2010, de 14 de mayo, por el que se regula el contenido básico de las enseñanzas artísticas superiores de Grado en Arte Dramático establecidas en la Ley Orgánica 2/2006, de 3 de mayo, de Educación."
2010-06-05,137,1,BOE-A-2010-8955,MINISTERIO DE EDUCACIÓN,estatal,Real Decreto,48480,48500,"Real Decreto 631/2010, de 14 de mayo, por el que se regula el contenido básico de las enseñanzas artísticas superiores de Grado en Música establecidas en la Ley Orgánica 2/2006, de 3 de mayo, de Educación."
2010-06-05,137,1,BOE-A-2010-8956,MINISTERIO DE EDUCACIÓN,estatal,Real Decreto,48501,48516,"Real Decreto 632/2010, de 14 de mayo, por el que se regula el contenido básico de las enseñanzas artísticas superiores de Grado en Danza establecidas en la Ley Orgánica 2/2006, de 3 de mayo, de Educación."
2010-06-05,137,1,BOE-A-2010-8957,MINISTERIO DE EDUCACIÓN,estatal,Real Decreto,48517,48533,"Real Decreto 633/2010, de 14 de mayo, por el que se regula el contenido básico de las enseñanzas artísticas superiores de Grado de Diseño establecidas en la Ley Orgánica 2/2006, de 3 de mayo, de Educación."
2010-06-05,137,1,BOE-A-2010-8958,MINISTERIO DE EDUCACIÓN,estatal,Real Decreto,48534,48547,"Real Decreto 634/2010, de 14 de mayo, por el que se regula el contenido básico de las enseñanzas artísticas superiores de Grado en Artes Plásticas en las especialidades de Cerámica y Vidrio establecidas en la Ley Orgánica 2/2006, de 3 de mayo, de Educación."
2010-06-05,137,1,BOE-A-2010-8959,MINISTERIO DE EDUCACIÓN,estatal,Real Decreto,48548,48564,"Real Decreto 635/2010, de 14 de mayo, por el que se regula el contenido básico de las enseñanzas artísticas superiores de Grado en Conservación y Restauración de Bienes Culturales establecidas en la Ley Orgánica 2/2006, de 3 de mayo, de Educación."
2010-06-05,137,1,BOE-A-2010-8960,MINISTERIO DE TRABAJO E INMIGRACIÓN,estatal,Orden,48565,48568,"Orden TIN/1459/2010, de 28 de mayo, por la que se crea la Sede Electrónica de la Secretaría de Estado de la Seguridad Social."
2010-06-07,138,1,BOE-A-2010-9024,MINISTERIO DE JUSTICIA,estatal,Orden,48697,48698,"Orden JUS/1463/2010, de 27 de mayo, por la que se publica el Acuerdo del Consejo de Ministros de 7 de mayo de 2010, por el que se fija el módulo para la distribución del crédito que figura en los Presupuestos Generales del Estado para el año 2010, destinado a subvencionar los gastos de funcionamiento de los juzgados de paz."
2010-06-07,138,1,BOE-A-2010-9025,MINISTERIO DE ECONOMÍA Y HACIENDA,estatal,Orden,48699,48700,"Orden EHA/1464/2010, de 28 de mayo, por la que se modifica la Orden ECO/2652/2002, de 24 de octubre, por la que se desarrollan las obligaciones de comunicación de operaciones en relación con determinados países al Servicio Ejecutivo de la Comisión de Prevención del Blanqueo de Capitales e Infracciones Monetarias."
2010-06-07,138,1,BOE-A-2010-9026,MINISTERIO DE EDUCACIÓN,estatal,Orden,48701,48704,"Orden EDU/1465/2010, de 4 de junio, por la que se crea el distintivo de calidad SELLO ESCUELA 2.0."
2010-06-07,138,1,BOE-A-2010-9027,MINISTERIO DE SANIDAD Y POLÍTICA SOCIAL,estatal,Orden,48705,48706,"Orden SAS/1466/2010, de 28 de mayo, que actualiza el Anexo VI del Real Decreto 1030/2006, de 15 de septiembre, por el que se establece la cartera de servicios comunes del Sistema Nacional de Salud y el procedimiento para su actualización."
2010-06-07,138,1,BOE-A-2010-9028,MINISTERIO DE SANIDAD Y POLÍTICA SOCIAL,estatal,Corrección,48707,48707,"Corrección de errores de la Orden SAS/1166/2010, de 30 de abril, por la que se modifica el anexo III del Real Decreto 1599/1997, de 17 de octubre, sobre productos cosméticos."
2010-06-07,138,1,BOE-A-2010-9029,UNIVERSIDADES,estatal,Resolución,48708,48708,"Resolución de 25 de mayo de 2010, de la Secretaría General de Universidades, por la que se publica el Acuerdo de 25 de mayo de 2010, de la Conferencia General de Política Universitaria, por el que se fijan los límites de precios públicos por estudios conducentes a la obtención de títulos universitarios oficiales para el curso 2010-2011."
2010-06-08,139,1,BOE-A-2010-9101,MINISTERIO DE ECONOMÍA Y HACIENDA,estatal,Real Decreto,48898,48910,"Real Decreto 749/2010, de 7 de junio, por el que se modifica el Reglamento de la Ley 35/2003, de 4 de noviembre, de Instituciones de Inversión Colectiva, aprobado por el Real Decreto 1309/2005, de 4 de noviembre, y otros reglamentos en el ámbito tributario."
2010-06-08,139,1,BOE-A-2010-9102,MINISTERIO DE TRABAJO E INMIGRACIÓN,estatal,Orden,48911,48913,"Orden TIN/1483/2010, de 2 de junio, por la que se determinan las condiciones para la materialización de los fondos depositados en la cuenta especial del Fondo de Prevención y Rehabilitación."
2010-06-08,139,1,BOE-A-2010-9103,"MINISTERIO DE INDUSTRIA, TURISMO Y COMERCIO",estatal,Resolución,48914,48915,"Resolución de 1 de junio de 2010, de la Secretaría de Estado de Energía, por la que se aprueba el cambio de unidad de contratación en las Reglas de funcionamiento del mercado diario e intradiario de producción de energía eléctrica y en el procedimiento de operación P.O.-9 pasando a ser EUR/MWh."
2010-06-08,139,1,BOE-A-2010-9104,MINISTERIO DE LA PRESIDENCIA,estatal,Real Decreto,48916,48917,"Real Decreto 717/2010, de 28 de mayo, por el que se modifican el Real Decreto 363/1995, de 10 de marzo, por el que se aprueba el Reglamento sobre clasificación, envasado y etiquetado de sustancias peligrosas y el Real Decreto 255/2003, de 28 de febrero, por el que se aprueba el Reglamento sobre clasificación, envasado y etiquetado de preparados peligrosos."
2010-06-08,139,1,BOE-A-2010-9105,MINISTERIO DE LA PRESIDENCIA,estatal,Real Decreto,48918,48942,"Real Decreto 718/2010, de 28 de mayo, por el que se modifican el Real Decreto 795/1989, de 23 de junio, por el que se regula la organización y funcionamiento del Instituto de Astrofísica de Canarias; el Estatuto del Instituto Español de Oceanografía, aprobado por Real Decreto 1950/2000, de 1 de diciembre; el Estatuto del Instituto Nacional de Investigación y Tecnología Agraria y Alimentaria, aprobado por Real Decreto 1951/2000, de 1 de diciembre; el Estatuto del Centro de Investigaciones Energéticas, Medioambientales y Tecnológicas, aprobado por Real Decreto 1952/2000, de 1 de diciembre; el Estatuto del Instituto Geológico y Minero de España, aprobado por Real Decreto 1953/2000, de 1 de diciembre; y el Estatuto de la Agencia Estatal Consejo Superior de Investigaciones Científicas, aprobado por el Real Decreto 1730/2007, de 21 de diciembre."
2010-06-08,139,1,BOE-A-2010-9106,COMUNIDAD AUTÓNOMA DE CATALUÑA,autonómico,Ley,48943,48944,"Ley 9/2010, de 7 de mayo, de modificación de la Ley 5/1994, de 4 de mayo, de regulación de los servicios de prevención y extinción de incendios y de salvamentos de Cataluña."
2010-06-08,139,1,BOE-A-2010-9107,COMUNIDAD AUTÓNOMA DE CATALUÑA,autonómico,Ley,48945,48966,"Ley 10/2010, de 7 de mayo, de acogida de las personas inmigradas y de las regresadas a Cataluña."
2010-06-08,139,1,BOE-A-2010-9108,COMUNIDAD AUTÓNOMA DE LA RIOJA,autonómico,Ley,48967,48997,"Ley 5/2010, de 14 de mayo, de coordinación de Policías Locales de La Rioja."
2010-06-09,140,1,BOE-A-2010-9156,MINISTERIO DE ECONOMÍA Y HACIENDA,estatal,Resolución,49118,49120,"Resolución de 8 de junio de 2010, de la Presidencia del Comisionado para el Mercado de Tabacos, por la que se publican los precios de venta al público de determinadas labores de tabaco en Expendedurías de Tabaco y Timbre del Área del Monopolio."
2010-06-09,140,1,BOE-A-2010-9157,MINISTERIO DE EDUCACIÓN,estatal,Resolución,49121,49121,"Resolución de 31 de mayo de 2010, de la Secretaría de Estado de Educación y Formación Profesional, por la que se corrigen errores en la de 29 de abril de 2010, por la que se establecen las instrucciones para el cálculo de la nota media que debe figurar en las credenciales de convalidación y homologación de estudios y títulos extranjeros con el bachiller español."
2010-06-09,140,1,BOE-A-2010-9158,COMUNIDAD AUTÓNOMA DEL PRINCIPADO DE ASTURIAS,autonómico,Ley,49122,49123,"Ley 3/2010, de 26 de marzo, de tercera modificación de la Ley del Principado de Asturias 2/2000, de 23 de junio, de Cajas de Ahorro."
2010-06-09,140,1,BOE-A-2010-9159,COMUNITAT VALENCIANA,autonómico,Ley,49124,49125,"Ley 4/2010, de 14 de mayo, por la que se Establece la Aplicación al Municipo de Torrent del Régimen de Organización de los Municipios de Gran Población."
2010-06-10,141,1,BOE-A-2010-9186,MINISTERIO DE ECONOMÍA Y HACIENDA,estatal,Orden,49228,49233,"Orden EHA/1490/2010, de 28 de mayo, por la que se regula el funcionamiento del Registro Oficial de Licitadores y Empresas Clasificadas del Estado."
2010-06-10,141,1,BOE-A-2010-9187,MINISTERIO DE ECONOMÍA Y HACIENDA,estatal,Resolución,49234,49234,"Resolución de 9 de junio de 2010, de la Presidencia del Comisionado para el Mercado de Tabacos, por la que se publican los precios de venta al público de determinadas labores de tabaco en Expendedurías de Tabaco y Timbre de la Península e Illes Balears."
2010-06-10,141,1,BOE-A-2010-9188,MINISTERIO DE LA PRESIDENCIA,estatal,Orden,49235,49235,"Orden PRE/1491/2010, de 8 de junio, por la que se modifica la Orden del Ministerio de Relaciones con las Cortes y de la Secretaría del Gobierno de 18 de enero de 1993, sobre zonas prohibidas y restringidas al vuelo."
2010-06-10,141,1,BOE-A-2010-9189,TRIBUNAL SUPREMO,estatal,Corrección,49236,49236,"Corrección de errores de la Providencia de 6 de mayo de 2010, dictada por la Sala Tercera del Tribunal Supremo, por la que se admite a trámite la cuestión de ilegalidad planteada por el Juzgado de lo Contencioso-Administrativo nº 29 de Madrid, sobre el artículo 34.4 del Real Decreto 889/2006, de 21 de julio, por el que se regula el control metrológico del Estado sobre instrumentos de medida."
2010-06-11,142,1,BOE-A-2010-9232,MINISTERIO DE ASUNTOS EXTERIORES Y DE COOPERACIÓN,estatal,Tratado o acuerdo internacional,49428,49428,"Entrada en vigor del Canje de Notas, de 27 de noviembre de 2008 y 9 de marzo de 2009, constitutivo de Acuerdo entre el Reino de España y la República de Serbia sobre el reconocimiento recíproco y el canje de los permisos de conducción nacionales."
2010-06-11,142,1,BOE-A-2010-9233,MINISTERIO DE ASUNTOS EXTERIORES Y DE COOPERACIÓN,estatal,Tratado o acuerdo internacional,49429,49432,"Protocolo establecido sobre la base del artículo K.3 del Tratado de la Unión Europea, sobre la definición del concepto de blanqueo de capitales y sobre la inclusión de información sobre matrículas de vehículos en la lista de datos del Convenio relativo a la utilización de la tecnología de la información a efectos aduaneros, hecho en Bruselas el 12 de marzo de 1999."
2010-06-11,142,1,BOE-A-2010-9234,MINISTERIO DE ASUNTOS EXTERIORES Y DE COOPERACIÓN,estatal,Corrección,49433,49433,"Corrección de errores del Acuerdo entre el Reino de España y Nueva Zelanda relativo al programa de vacaciones y actividades laborales esporádicas, hecho en Wellington el 23 de junio de 2009."
2010-06-11,142,1,BOE-A-2010-9235,MINISTERIO DE FOMENTO,estatal,Resolución,49434,49436,"Resolución de 14 de mayo de 2010, del Centro de Estudios y Experimentación de Obras Públicas, por la que se crea la Sede Electrónica en el Centro de Estudios y Experimentación de Obras Públicas."
2010-06-11,142,1,BOE-A-2010-9236,"MINISTERIO DE INDUSTRIA, TURISMO Y COMERCIO",estatal,Orden,49437,49440,"Orden ITC/1506/2010, de 8 de junio, por la que se modifica la Orden ITC/1660/2009, de 22 de junio, por la que se establece la metodología de cálculo de la tarifa de último recurso de gas natural."
2010-06-11,142,1,BOE-A-2010-9237,MINISTERIO DE LA PRESIDENCIA,estatal,Real Decreto,49441,49828,"Real Decreto 752/2010, de 4 de junio, por el que se aprueba el primer programa de desarrollo rural sostenible para el período 2010-2014 en aplicación de la Ley 45/2007, de 13 de diciembre, para el desarrollo sostenible del medio rural."
2010-06-11,142,1,BOE-A-2010-9238,MINISTERIO DE CIENCIA E INNOVACIÓN,estatal,Orden,49829,49831,"Orden CIN/1507/2010, de 27 de mayo, por la que se regula la Comisión Asesora de Política Científica."
2010-06-12,143,1,BOE-A-2010-9266,PRESIDENCIA DEL GOBIERNO,estatal,Real Decreto,49955,49956,"Real Decreto 763/2010, de 11 de junio, por el que se modifica el Real Decreto 639/2009, de 17 de abril, que establece las Comisiones Delegadas del Gobierno."
2010-06-12,143,1,BOE-A-2010-9267,MINISTERIO DE ECONOMÍA Y HACIENDA,estatal,Real Decreto,49957,50005,"Real Decreto 764/2010, de 11 de junio, por el que se desarrolla la Ley 26/2006, de 17 de julio, de mediación de seguros y reaseguros privados en materia de información estadístico-contable y del negocio, y de competencia profesional."
2010-06-12,143,1,BOE-A-2010-9268,MINISTERIO DE ECONOMÍA Y HACIENDA,estatal,Resolución,50006,50008,"Resolución de 11 de junio de 2010, de la Presidencia del Comisionado para el Mercado de Tabacos, por la que se publican los precios de venta al público de determinadas labores de tabaco en Expendedurías de Tabaco y Timbre de la Península e Illes Balears."
2010-06-12,143,1,BOE-A-2010-9269,MINISTERIO DE EDUCACIÓN,estatal,Real Decreto,50009,50073,"Real Decreto 686/2010, de 20 de mayo, por el que se establece el título de Técnico Superior en Desarrollo de Aplicaciones Web y se fijan sus enseñanzas mínimas."
2010-06-12,143,1,BOE-A-2010-9270,MINISTERIO DE EDUCACIÓN,estatal,Real Decreto,50074,50135,"Real Decreto 687/2010, de 20 de mayo, por el que se establece el título de Técnico Superior en Dirección de Cocina y se fijan sus enseñanzas mínimas."
2010-06-12,143,1,BOE-A-2010-9271,MINISTERIO DE EDUCACIÓN,estatal,Real Decreto,50136,50201,"Real Decreto 688/2010, de 20 de mayo, por el que se establece el título de Técnico Superior en Dirección de Servicios de Restauración y se fijan sus enseñanzas mínimas."
2010-06-12,143,1,BOE-A-2010-9272,MINISTERIO DE EDUCACIÓN,estatal,Real Decreto,50202,50268,"Real Decreto 689/2010, de 20 de mayo, por el que se establece el título de Técnico Superior en Diseño y Producción de Calzado y Complementos y se fijan sus enseñanzas mínimas."
2010-06-12,143,1,BOE-A-2010-9273,MINISTERIO DE EDUCACIÓN,estatal,Real Decreto,50269,50338,"Real Decreto 690/2010, de 20 de mayo, por el que se establece el título de Técnico Superior en Proyectos de Edificación y se fijan sus enseñanzas mínimas."
2010-06-12,143,1,BOE-A-2010-9274,MINISTERIO DE TRABAJO E INMIGRACIÓN,estatal,Real Decreto,50339,50369,"Real Decreto 713/2010, de 28 de mayo, sobre registro y depósito de convenios y acuerdos colectivos de trabajo."
2010-06-12,143,1,BOE-A-2010-9275,"MINISTERIO DE INDUSTRIA, TURISMO Y COMERCIO",estatal,Orden,50370,50376,"Orden ITC/1515/2010, de 8 de junio, por la que se crea el Registro Electrónico en el Ministerio de Industria, Turismo y Comercio."
2010-06-12,143,1,BOE-A-2010-9276,MINISTERIO DE LA PRESIDENCIA,estatal,Orden,50377,50388,"Orden PRE/1516/2010, de 8 de junio, por la que se publica el Acuerdo de la Comisión Delegada del Gobierno para Asuntos Económicos, por el que se desarrolla el apartado tres del artículo 54 de la Ley 26/2009, de 23 de diciembre, de Presupuestos Generales del Estado para 2010, en relación con la determinación del procedimiento para la concesión de avales del Estado a operaciones de financiación concertadas por empresas fabricantes de vehículos automóviles para la realización de inversiones productivas así como de procesos de mejora de la competitividad en el contexto de actuaciones singulares."
2010-06-12,143,1,BOE-A-2010-9277,MINISTERIO DE SANIDAD Y POLÍTICA SOCIAL,estatal,Corrección,50389,50389,"Corrección de errores de la Orden SAS/1144/2010, de 3 de mayo, por la que se modifica el Anexo I del Real Decreto 1345/2007, de 11 de octubre, por el que se regula el procedimiento de autorización, registro y condiciones de dispensación de los medicamentos de uso humano fabricados industrialmente, en lo que se refiere a los medicamentos de terapia avanzada."
2010-06-14,144,1,BOE-A-2010-9348,"MINISTERIO DE INDUSTRIA, TURISMO Y COMERCIO",estatal,Resolución,50642,50643,"Resolución de 4 de junio de 2010, de la Dirección General de Política Energética y Minas, por la que se publican los nuevos precios de venta, antes de impuestos, de los gases licuados del petróleo por canalización."
2010-06-14,144,1,BOE-A-2010-9349,COMUNIDAD AUTÓNOMA DE CANARIAS,autonómico,Ley,50644,50646,"Ley 2/2010, de 20 de mayo, de enajenación gratuita, a favor del Ayuntamiento de la Villa y Puerto de Tazacorte, de las antiguas instalaciones frigoríficas para la construcción de un edificio destinado a usos culturales y a albergar un museo interactivo del mar, en dicho término municipal, en la isla de La Palma."
2010-06-14,144,1,BOE-A-2010-9350,COMUNIDAD AUTÓNOMA DE CANARIAS,autonómico,Ley,50647,50648,"Ley 3/2010, de 20 de mayo, por la que se regula el tipo de gravamen aplicable a las entregas de vehículos híbridos eléctricos y de vehículos eléctricos."
2010-06-14,144,1,BOE-A-2010-9351,COMUNIDAD AUTÓNOMA DE CANARIAS,autonómico,Otras,50649,50649,"Rectificación de la corrección de errores de la Ley 1/2010, de 26 de febrero, Canaria de Igualdad entre Mujeres y Hombres."
2010-06-14,144,1,BOE-A-2010-9352,COMUNIDAD DE CASTILLA Y LEÓN,autonómico,Ley,50650,50652,"Ley 4/2010, de 28 de mayo, por la que se modifica el Texto Refundido de la Ley de Cajas de Ahorro de Castilla y León, aprobado por el Decreto Legislativo 1/2005, de 21 de julio."
2010-06-14,144,1,BOE-A-2010-9353,COMUNIDAD DE CASTILLA Y LEÓN,autonómico,Ley,50653,50656,"Ley 5/2010, de 28 de mayo, de modificación de la Ley 4/2000, de 27 de junio, de declaración del Parque Natural de Fuentes Carrionas y Fuente Cobre-Montaña Palentina (Palencia)."
2010-06-15,145,1,BOE-A-2010-9415,CORTES GENERALES,estatal,Resolución,50889,50889,"Resolución de 10 de junio de 2010, por la que se ordena la publicación del Acuerdo de Convalidación del Real Decreto-ley 9/2010, de 28 de mayo, por el que se autoriza a la Administración General del Estado al otorgamiento de avales a determinadas operaciones de financiación en el marco del Mecanismo Europeo de Estabilización Financiera de los Estados miembros de la Zona del Euro."
2010-06-15,145,1,BOE-A-2010-9416,MINISTERIO DE ASUNTOS EXTERIORES Y DE COOPERACIÓN,estatal,Tratado o acuerdo internacional,50890,50898,"Aplicación provisional del Acuerdo de Sede entre el Reino de España y el Secretariado de la Unión por el Mediterráneo, hecho en Madrid el 4 de mayo de 2010."
2010-06-15,145,1,BOE-A-2010-9417,"MINISTERIO DE INDUSTRIA, TURISMO Y COMERCIO",estatal,Orden,50899,50913,"Orden ITC/1559/2010, de 11 de junio, por la que se regulan diferentes aspectos de la normativa de los sistemas eléctricos insulares y extrapeninsulares."
2010-06-15,145,1,BOE-A-2010-9418,MINISTERIO DE LA PRESIDENCIA,estatal,Corrección,50914,50914,"Corrección de errores de Orden PRE/1516/2010, de 8 de junio, por la que se publica el Acuerdo de la Comisión Delegada del Gobierno para Asuntos Económicos, por el que se desarrolla el apartado tres del artículo 54 de la Ley 26/2009, de 23 de diciembre, de Presupuestos Generales del Estado para 2010, en relación con la determinación del procedimiento para la concesión de avales del Estado a operaciones de financiación concertadas por empresas fabricantes de vehículos automóviles para la realización de inversiones productivas así como de procesos de mejora de la competitividad en el contexto de actuaciones singulares."
2010-06-15,145,1,BOE-A-2010-9419,COMUNIDAD AUTÓNOMA DE CATALUÑA,autonómico,Ley,50915,50933,"Ley 11/2010, de 19 de mayo, de la Agencia Catalana de Inspección de Trabajo."
2010-06-15,145,1,BOE-A-2010-9420,COMUNIDAD AUTÓNOMA DE CATALUÑA,autonómico,Ley,50934,50943,"Ley 12/2010, de 19 de mayo, del Consejo de Gobiernos Locales."
2010-06-15,145,1,BOE-A-2010-9421,COMUNIDAD AUTÓNOMA DE CATALUÑA,autonómico,Ley,50944,51006,"Ley 13/2010, de 21 de mayo, del Plan estadístico de Cataluña 2011-2014."
2010-06-15,145,1,BOE-A-2010-9422,COMUNIDAD AUTÓNOMA DE CANTABRIA,autonómico,Ley,51007,51013,"Ley 3/2010, de 20 de mayo, por la que se modifica la Ley 1/2001, de 16 de marzo, de Colegios Profesionales de Cantabria, para su adaptación a la Ley sobre el libre acceso a las actividades de servicios y su ejercicio."
2010-06-15,145,1,BOE-A-2010-9423,COMUNIDAD AUTÓNOMA DE LAS ILLES BALEARS,autonómico,Ley,51014,51018,"Ley 1/2010, de 17 de mayo, de modificación de la Ley 3/2002, de 17 de mayo, de estadística de las Illes Balears."
2010-06-16,146,1,BOE-A-2010-9507,MINISTERIO DE JUSTICIA,estatal,Corrección,51374,51374,"Corrección de erratas de la Orden JUS/1291/2010, de 13 de mayo, por la que se aprueban las normas para la preparación y remisión de muestras objeto de análisis por el Instituto Nacional de Toxicología y Ciencias Forenses."
2010-06-16,146,1,BOE-A-2010-9508,"MINISTERIO DE INDUSTRIA, TURISMO Y COMERCIO",estatal,Resolución,51375,51376,"Resolución de 14 de junio de 2010, de la Secretaría de Estado de Energía, por la que se publican los valores del coste de la materia prima y del coste base de la materia prima del gas natural para el segundo trimestre 2010, a los efectos del cálculo del complemento de eficiencia y los valores retributivos de las instalaciones de cogeneración y otras en el real decreto 661/2007, de 25 de mayo, por el que se regula la actividad de producción de energía eléctrica en régimen especial."
2010-06-17,147,1,BOE-A-2010-9542,JEFATURA DEL ESTADO,estatal,Real Decreto-ley,51662,51699,"Real Decreto-ley 10/2010, de 16 de junio, de medidas urgentes para la reforma del mercado de trabajo."
2010-06-17,147,1,BOE-A-2010-9543,MINISTERIO DE ECONOMÍA Y HACIENDA,estatal,Orden,51700,51701,"Orden EHA/1590/2010, de 2 de junio, por la que se modifican los precios de venta al público de monedas de colección."
2010-06-17,147,1,BOE-A-2010-9544,"MINISTERIO DE MEDIO AMBIENTE, Y MEDIO RURAL Y MARINO",estatal,Corrección,51702,51702,"Corrección de errores del Real Decreto 487/2010, de 23 de abril, por el que se establecen las modalidades de aplicación de la ayuda al suministro de leche y productos lácteos a los alumnos de centros escolares."
2010-06-17,147,1,BOE-A-2010-9545,MINISTERIO DE LA PRESIDENCIA,estatal,Real Decreto,51703,51713,"Real Decreto 751/2010, de 4 de junio, por el que se aprueba el Reglamento de organización y funcionamiento interno del Consejo de la Guardia Civil."
2010-06-18,148,1,BOE-A-2010-9638,JEFATURA DEL ESTADO,estatal,Otras,52061,52089,"Instrumento de Ratificación del Tratado de la OMPI sobre Derecho de Autor, hecho en Ginebra el 20 de diciembre de 1996."
2010-06-18,148,1,BOE-A-2010-9639,JEFATURA DEL ESTADO,estatal,Otras,52090,52109,"Instrumento de Ratificación del Tratado de la OMPI sobre interpretación o ejecución y fonogramas, hecho en Ginebra el 20 de diciembre de 1996."
2010-06-18,148,1,BOE-A-2010-9640,JEFATURA DEL ESTADO,estatal,Corrección,52110,52110,"Corrección de errores del Real Decreto-ley 10/2010, de 16 de junio, de medidas urgentes para la reforma del mercado de trabajo."
2010-06-18,148,1,BOE-A-2010-9641,MINISTERIO DE ECONOMÍA Y HACIENDA,estatal,Orden,52111,52121,"Orden EHA/1608/2010, de 14 de junio, sobre transparencia de las condiciones y requisitos de información aplicables a los servicios de pago."
2010-06-18,148,1,BOE-A-2010-9642,MINISTERIO DE LA PRESIDENCIA,estatal,Real Decreto,52122,52523,"Real Decreto 715/2010, de 28 de mayo, por el que se complementa el Catálogo Nacional de Cualificaciones Profesionales, mediante el establecimiento de diez cualificaciones profesionales correspondientes a la Familia Profesional Agraria."
2010-06-18,148,1,BOE-A-2010-9643,MINISTERIO DE LA PRESIDENCIA,estatal,Real Decreto,52524,52630,"Real Decreto 716/2010, de 28 de mayo, por el que se complementa el Catálogo Nacional de Cualificaciones Profesionales, mediante el establecimiento de tres cualificaciones profesionales correspondientes a la Familia Profesional Energía y Agua."
2010-06-19,149,1,BOE-A-2010-9708,JEFATURA DEL ESTADO,estatal,Otras,52926,52933,"Instrumento de Adhesión de España al Acuerdo modificatorio del Protocolo de Privilegios e Inmunidades de la Organización Internacional de Telecomunicaciones móviles por satélites (IMSO), hecho en Londres el 25 de septiembre de 1998."
2010-06-19,149,1,BOE-A-2010-9709,JEFATURA DEL ESTADO,estatal,Otras,52934,52940,"Instrumento de Ratificación del Protocolo Adicional al Convenio de Cooperación Judicial en materia penal entre el Reino de España y la República de Colombia, hecho en Madrid el 12 de julio de 2005."
2010-06-19,149,1,BOE-A-2010-9710,MINISTERIO DE JUSTICIA,estatal,Real Decreto,52941,52943,"Real Decreto 748/2010, de 4 de junio, por el que se modifica el Reglamento de ingreso, provisión de puestos de trabajo y promoción profesional del personal funcionario al servicio de la Administración de Justicia, aprobado por Real Decreto 1451/2005, de 7 de diciembre."
2010-06-19,149,1,BOE-A-2010-9711,MINISTERIO DE ECONOMÍA Y HACIENDA,estatal,Resolución,52944,52945,"Resolución de 31 de mayo de 2010, conjunta de la Intervención General de la Administración del Estado y de la Dirección General del Tesoro y Política Financiera, por la que se desarrolla el apartado sexto de la Orden PRE/3662/2003, de 29 de diciembre, que regula un nuevo procedimiento de recaudación de los ingresos no tributarios recaudados por las Delegaciones de Economía y Hacienda y de ingresos en efectivo en la Caja General de Depósitos y sus sucursales, determinándose los supuestos en los que las Delegaciones de Economía y Hacienda expedirán los documentos de ingreso 069."
2010-06-19,149,1,BOE-A-2010-9712,MINISTERIO DE ECONOMÍA Y HACIENDA,estatal,Resolución,52946,52951,"Resolución de 18 de junio de 2010, de la Presidencia del Comisionado para el Mercado de Tabacos, por la que se publican los precios de venta al público de determinadas labores de tabaco en Expendedurías de Tabaco y Timbre del Área del Monopolio."
2010-06-19,149,1,BOE-A-2010-9713,MINISTERIO DE FOMENTO,estatal,Real Decreto,52952,52960,"Real Decreto 685/2010, de 20 de mayo, por el que se regula el otorgamiento de permiso temporal de navegación para determinadas embarcaciones de recreo."
2010-06-19,149,1,BOE-A-2010-9714,MINISTERIO DE TRABAJO E INMIGRACIÓN,estatal,Real Decreto,52961,52963,"Real Decreto 793/2010, de 16 de junio, por el que se regula la concesión de una subvención directa a la Comunidad Autónoma de Canarias para el traslado y acogida de menores extranjeros no acompañados."
2010-06-19,149,1,BOE-A-2010-9715,MINISTERIO DE TRABAJO E INMIGRACIÓN,estatal,Resolución,52964,52968,"Resolución de 9 de junio de 2010, de la Secretaría de Estado de la Seguridad Social, por la que se establecen los criterios y prioridades a aplicar por las mutuas de accidentes de trabajo y enfermedades profesionales de la Seguridad Social en la planificación de sus actividades preventivas para el año 2010, en desarrollo de lo dispuesto en la Orden TAS/3623/2006, de 28 de noviembre, por la que se regulan las actividades preventivas en el ámbito de la Seguridad Social y la financiación de la Fundación para la Prevención de Riesgos Laborales."
2010-06-19,149,1,BOE-A-2010-9716,"MINISTERIO DE INDUSTRIA, TURISMO Y COMERCIO",estatal,Corrección,52969,52969,"Corrección de errores del Real Decreto 560/2010, de 7 de mayo, por el que se modifican diversas normas reglamentarias en materia de seguridad industrial para adecuarlas a la Ley 17/2009, de 23 de noviembre, sobre el libre acceso a las actividades de servicios y su ejercicio, y a la Ley 25/2009, de 22 de diciembre, de modificación de diversas leyes para su adaptación a la Ley sobre el libre acceso a las actividades de servicios y su ejercicio."
2010-06-19,149,1,BOE-A-2010-9717,MINISTERIO DE LA PRESIDENCIA,estatal,Corrección,52970,52970,"Corrección de errores del Real Decreto 638/2010, de 14 de mayo, por el que se modifica y desarrolla la estructura orgánica básica del Ministerio de Fomento."
2010-06-19,149,1,BOE-A-2010-9718,MINISTERIO DE LA PRESIDENCIA,estatal,Orden,52971,52972,"Orden PRE/1619/2010, de 14 de junio, por la que se publica el Acuerdo de la Comisión Delegada del Gobierno para Asuntos Económicos de 13 de mayo de 2010, por el que se modifica el umbral de renta familiar que da acceso al abono social."
2010-06-19,149,1,BOE-A-2010-9719,COMUNITAT VALENCIANA,autonómico,Ley,52973,52974,"Ley 5/2010, de 28 de mayo, por la que se establece la aplicación al municipio de Gandia del régimen de organización de los municipios de gran población."
2010-06-19,149,1,BOE-A-2010-9720,COMUNITAT VALENCIANA,autonómico,Ley,52975,52979,"Ley 6/2010, de 28 de mayo, de modificación del Texto Refundido de la Ley de Consejos Escolares de la Comunitat Valenciana, aprobado por Decreto Legislativo de 16 de enero de 1989, del Consell."
2010-06-19,149,1,BOE-A-2010-9721,COMUNIDAD AUTÓNOMA DE LAS ILLES BALEARS,autonómico,Decreto,52980,53044,"Decreto 64/2010, de 14 de mayo, de aprobación de los Estatutos de la Universidad de las Illes Balears."
2010-06-21,150,1,BOE-A-2010-9770,MINISTERIO DE ASUNTOS EXTERIORES Y DE COOPERACIÓN,estatal,Tratado o acuerdo internacional,53383,53386,"Canje de Notas constitutivo de Acuerdo entre el Reino de España y la República del Paraguay sobre participación en las elecciones municipales de los nacionales de cada país residentes en el territorio del otro, hecho en Madrid y Asunción el 13 de mayo de 2009."
2010-06-21,150,1,BOE-A-2010-9771,MINISTERIO DE ECONOMÍA Y HACIENDA,estatal,Resolución,53387,53387,"Resolución de 14 de junio de 2010, del Departamento de Recaudación de la Agencia Estatal de Administración Tributaria, por la que se modifica el plazo de ingreso en periodo voluntario de los recibos del Impuesto sobre Actividades Económicas del ejercicio 2010 relativos a las cuotas nacionales y provinciales y se establece el lugar de pago de dichas cuotas."
2010-06-21,150,1,BOE-A-2010-9772,COMUNIDAD AUTÓNOMA DE CANARIAS,autonómico,Ley,53388,53406,"Ley 4/2010, de 4 de junio, del Catálogo Canario de Especies Protegidas."
2010-06-22,151,1,BOE-A-2010-9885,MINISTERIO DE ASUNTOS EXTERIORES Y DE COOPERACIÓN,estatal,Resolución,54368,54468,"Resolución de 14 de junio de 2010, de la Secretaría General Técnica, sobre aplicación del articulo 32 del Decreto 801/1972, relativo a la ordenación de la actividad de la Administración del Estado en materia de Tratados Internacionales."
2010-06-22,151,1,BOE-A-2010-9886,MINISTERIO DE LA PRESIDENCIA,estatal,Orden,54469,54472,"Orden PRE/1645/2010, de 18 de junio, por la que se publica el Acuerdo de Consejo de Ministros de 23 de abril de 2010, por el que se aprueban los programas y políticas públicas que serán objeto de evaluación por la Agencia Estatal de Evaluación de Políticas Públicas y Calidad de los Servicios en 2010."
2010-06-22,151,1,BOE-A-2010-9887,COMUNIDAD AUTÓNOMA DE ANDALUCÍA,autonómico,Ley,54473,54522,"Ley 3/2010, de 21 de mayo, por la que se modifican diversas leyes para la transposición en Andalucía de la Directiva 2006/123/CE, de 12 de diciembre de 2006, del Parlamento Europeo y del Consejo, relativa a los servicios en el Mercado Interior."
2010-06-22,151,1,BOE-A-2010-9888,COMUNIDAD AUTÓNOMA DE ARAGÓN,autonómico,Ley,54523,54533,"Ley 2/2010, de 26 de mayo, de igualdad en las relaciones familiares ante la ruptura de convivencia de los padres."
2010-06-23,152,1,BOE-A-2010-9953,JEFATURA DEL ESTADO,estatal,Ley Orgánica,54811,54883,"Ley Orgánica 5/2010, de 22 de junio, por la que se modifica la Ley Orgánica 10/1995, de 23 de noviembre, del Código Penal."
2010-06-23,152,1,BOE-A-2010-9954,JEFATURA DEL ESTADO,estatal,Otras,54884,54892,"Instrumento de Adhesión de España a la Convención sobre el comercio de tránsito de los Estados sin litoral, hecho en Nueva York el 8 de julio de 1965."
2010-06-23,152,1,BOE-A-2010-9955,MINISTERIO DE ASUNTOS EXTERIORES Y DE COOPERACIÓN,estatal,Tratado o acuerdo internacional,54893,54893,"Enmienda al Anejo III del Convenio de Rotterdam, para la aplicación del procedimiento de consentimiento fundamentado previo aplicable a ciertos plaguicidas y productos químicos peligrosos objeto de comercio internacional, hecho en Rotterdam el 10 de septiembre de 1998 (publicado en el ""Boletín Oficial del Estado"" nº 73, de 25 de marzo de 2004), adoptadas en Roma el 31 de octubre de 2008."
2010-06-23,152,1,BOE-A-2010-9956,MINISTERIO DE ASUNTOS EXTERIORES Y DE COOPERACIÓN,estatal,Tratado o acuerdo internacional,54894,54894,"Canje de Notas Verbales entre el Reino de España y la República de Armenia relativo a la no aplicación en las relaciones entre los dos países del convenio para evitar la doble imposición entre España y la URSS, firmado en Madrid el 1 de marzo de 1985, hecho en Madrid el 6 de junio de 2006 y 10 de octubre de 2007."
2010-06-23,152,1,BOE-A-2010-9957,MINISTERIO DE ASUNTOS EXTERIORES Y DE COOPERACIÓN,estatal,Tratado o acuerdo internacional,54895,54895,"Canje de Notas Verbales entre el Reino de España y la República de Azerbaiyán relativo a la no aplicación en las relaciones entre los dos países del convenio para evitar la doble imposición entre España y la URSS, firmado en Madrid el 1 de marzo de 1985, hecho en Madrid el 21 y 28 de enero de 2008."
2010-06-23,152,1,BOE-A-2010-9958,MINISTERIO DE ASUNTOS EXTERIORES Y DE COOPERACIÓN,estatal,Tratado o acuerdo internacional,54896,54896,"Canje de Notas Verbales entre el Reino de España y la República de Georgia relativo a la no aplicación en las relaciones entre los dos países del convenio para evitar la doble imposición entre España y la URSS, firmado en Madrid el 1 de marzo de 1985, hecho en Madrid el 24 de enero y 10 de octubre de 2007."
2010-06-23,152,1,BOE-A-2010-9959,MINISTERIO DE ASUNTOS EXTERIORES Y DE COOPERACIÓN,estatal,Tratado o acuerdo internacional,54897,54897,"Canje de Notas Verbales entre el Reino de España y la República de Kazajstán relativo a la no aplicación en las relaciones entre los dos países del convenio para evitar la doble imposición entre España y la URSS, firmado en Madrid el 1 de marzo de 1985, hecho en Madrid el 3 junio y 8 de julio de 2008."
2010-06-23,152,1,BOE-A-2010-9960,MINISTERIO DE ASUNTOS EXTERIORES Y DE COOPERACIÓN,estatal,Tratado o acuerdo internacional,54898,54898,"Canje de Notas Verbales entre el Reino de España y la República de Moldavia relativo a la no aplicación en las relaciones entre los dos países del convenio para evitar la doble imposición entre España y la URSS, firmado en Madrid el 1 de marzo de 1985, hecho en Madrid el 16 de noviembre de 2006 y 1 de octubre de 2007."
2010-06-23,152,1,BOE-A-2010-9961,MINISTERIO DE ECONOMÍA Y HACIENDA,estatal,Orden,54899,54905,"Orden EHA/1665/2010, de 11 de junio, por la que se desarrollan los artículos 71 y 76 del Real Decreto 217/2008, de 15 de febrero, sobre el régimen jurídico de las empresas de servicios de inversión y de las demás entidades que prestan servicios de inversión, en materia de tarifas y contratos-tipo."
2010-06-23,152,1,BOE-A-2010-9962,MINISTERIO DE EDUCACIÓN,estatal,Corrección,54906,54908,"Corrección de erratas del Real Decreto 689/2010, de 20 de mayo, por el que se establece el título de Técnico Superior en Diseño y Producción de Calzado y Complementos y se fijan sus enseñanzas mínimas."
2010-06-24,153,1,BOE-A-2010-9992,MINISTERIO DE ASUNTOS EXTERIORES Y DE COOPERACIÓN,estatal,Tratado o acuerdo internacional,55011,55021,"Enmiendas al Convenio Constitutivo de la Organización Internacional de Telecomunicaciones móviles por satélite (IMSO) aprobadas en la vigésima asamblea, hecho en Londres el 3 de octubre de 2008. Aplicación Provisional."
2010-06-24,153,1,BOE-A-2010-9993,MINISTERIO DE ASUNTOS EXTERIORES Y DE COOPERACIÓN,estatal,Tratado o acuerdo internacional,55022,55025,"Aplicación Provisional del Canje de Notas constitutivo de Acuerdo por el que se enmienda el Acuerdo entre el Reino de España y la República de Estonia para la representación en la expedición de visados Schengen, de 11 de febrero de 2009, hecho en Madrid el 25 de marzo y 14 de mayo de 2010."
2010-06-24,153,1,BOE-A-2010-9994,"MINISTERIO DE INDUSTRIA, TURISMO Y COMERCIO",estatal,Real Decreto,55026,55319,"Real Decreto 750/2010, de 4 de junio, por el que se regulan los procedimientos de homologación de vehículos de motor y sus remolques, máquinas autopropulsadas o remolcadas, vehículos agrícolas, así como de sistemas, partes y piezas de dichos vehículos."
2010-06-24,153,1,BOE-A-2010-9995,TRIBUNAL SUPREMO,estatal,Resolución judicial,55320,55320,"Sentencia de 23 de abril de 2010, de la Sala Tercera del Tribunal Supremo, por la que se declara la nulidad del artículo 4.5.d) del Real Decreto 315/2006, de 17 de marzo, por el que se crea el Consejo para la Sostenibilidad, Innovación y Calidad de Edificación."
2010-06-24,153,1,BOE-A-2010-9996,TRIBUNAL SUPREMO,estatal,Resolución judicial,55321,55321,"Sentencia de 30 de abril de 2010, de la Sala Tercera del Tribunal Supremo, por la que se establece la siguiente doctrina: ""En el supuesto de las adjudicaciones y transmisiones originadas por la disolución del matrimonio, y previsto en el artículo 45.I.B) 3 del Real Decreto Legislativo 1/1993, por el cual se aprueba el Texto Refundido de la Ley del Impuesto sobre Transmisiones Patrimoniales y Actos Jurídicos Documentados, la exención de tributos únicamente es aplicable a las disoluciones en que haya efectiva comunidad de bienes (sociedad conyugal); por tanto esta exención no es aplicable a los supuestos en que rija un régimen económico matrimonial de separación de bienes""."
2010-06-24,153,1,BOE-A-2010-9997,TRIBUNAL SUPREMO,estatal,Resolución judicial,55322,55322,"Sentencia de 25 de mayo de 2010, de la Sala Tercera del Tribunal Supremo, por la que se declara la nulidad de los artículos 3.1 y 5 del Real Decreto 324/2008, de 29 de febrero, por el que se establecen las condiciones y el procedimiento de funcionamiento y participación en las emisiones primarias de energía eléctrica."
2010-06-25,154,1,BOE-A-2010-10100,CORTES GENERALES,estatal,Resolución,55733,55733,"Resolución de 22 de junio de 2010, del Congreso de los Diputados, por la que se ordena la publicación del Acuerdo de convalidación del Real Decreto-ley 10/2010, de 16 de junio, de medidas urgentes para la reforma del mercado de trabajo."
2010-06-25,154,1,BOE-A-2010-10101,MINISTERIO DE ASUNTOS EXTERIORES Y DE COOPERACIÓN,estatal,Tratado o acuerdo internacional,55734,55779,"Acuerdo de colaboración y cooperación por el que se establece una colaboración entre las Comunidades Europeas y sus Estados miembros, por una parte, y la República de Tayikistán, por otra, hecho en Luxemburgo el 11 de octubre de 2004."
2010-06-25,154,1,BOE-A-2010-10102,MINISTERIO DE LA PRESIDENCIA,estatal,Real Decreto,55780,55809,"Real Decreto 794/2010, de 16 de junio, por el que se regulan las subvenciones y ayudas en el ámbito de la cooperación internacional."
2010-06-25,154,1,BOE-A-2010-10103,MINISTERIO DE LA PRESIDENCIA,estatal,Real Decreto,55810,55840,"Real Decreto 795/2010, de 16 de junio, por el que se regula la comercialización y manipulación de gases fluorados y equipos basados en los mismos, así como la certificación de los profesionales que los utilizan."
2010-06-25,154,1,BOE-A-2010-10104,MINISTERIO DE POLÍTICA TERRITORIAL,estatal,Real Decreto,55841,55844,"Real Decreto 753/2010, de 4 de junio, de ampliación de los medios patrimoniales adscritos a los servicios traspasados a la Comunidad Autónoma de Galicia por diversos reales decretos de traspasos de funciones y servicios."
2010-06-26,155,1,BOE-A-2010-10146,JEFATURA DEL ESTADO,estatal,Otras,56174,56215,"Instrumento de Ratificación por parte de España del Convenio relativo al blanqueo, seguimiento, embargo y comiso de los productos del delito y a la financiación del terrorismo, hecho en Varsovia el 16 de mayo de 2005."
2010-06-26,155,1,BOE-A-2010-10147,MINISTERIO DE ECONOMÍA Y HACIENDA,estatal,Resolución,56216,56227,"Resolución de 25 de junio de 2010, de la Presidencia del Comisionado para el Mercado de Tabacos, por la que se publican los precios de venta al público de determinadas labores de tabaco en Expendedurías de Tabaco y Timbre del Área del Monopolio."
2010-06-26,155,1,BOE-A-2010-10148,MINISTERIO DEL INTERIOR,estatal,Real Decreto,56228,56233,"Real Decreto 820/2010, de 25 de junio, por el que se regula la concesión de una subvención directa a favor de Cruz Roja Española para el desarrollo de los Talleres de Seguridad Vial (TASEVAL) dirigidos a penados a trabajos en beneficio de la comunidad en delitos contra la seguridad del tráfico, durante el ejercicio 2010."
2010-06-26,155,1,BOE-A-2010-10149,MINISTERIO DE EDUCACIÓN,estatal,Resolución,56234,56240,"Resolución de 10 de junio de 2010, de la Secretaría General de Universidades, por la que se publica el Acuerdo de Consejo de Ministros de 4 de junio de 2010, por el que se establece el carácter oficial de determinados títulos universitarios de Doctor y su inscripción en el Registro de Universidades, Centros y Títulos."
2010-06-26,155,1,BOE-A-2010-10150,MINISTERIO DE EDUCACIÓN,estatal,Resolución,56241,56243,"Resolución de 10 de junio de 2010, de la Secretaría General de Universidades, por la que se publica el Acuerdo de Consejo de Ministros de 4 de junio de 2010, por el que se establece el carácter oficial de determinados títulos de Grado y su inscripción en el Registro de Universidades, Centros y Títulos."
2010-06-26,155,1,BOE-A-2010-10151,MINISTERIO DE EDUCACIÓN,estatal,Resolución,56244,56245,"Resolución de 10 de junio de 2010, de la Secretaría General de Universidades, por la que se publica el Acuerdo de Consejo de Ministros de 4 de junio de 2010, por el que se establece el carácter oficial de determinados títulos de Grado de las Universidades de la Iglesia Católica y su inscripción en el Registro de Universidades, Centros y Títulos."
2010-06-26,155,1,BOE-A-2010-10152,"MINISTERIO DE MEDIO AMBIENTE, Y MEDIO RURAL Y MARINO",estatal,Orden,56246,56252,"Orden ARM/1703/2010, de 24 de junio, por la que se desarrolla el artículo 6 de la Ley 3/2010, de 10 de marzo, por la que se aprueban medidas urgentes para paliar los daños producidos por los incendios forestales y otras catástrofes naturales ocurridos en varias comunidades autónomas."
2010-06-26,155,1,BOE-A-2010-10153,MINISTERIO DE LA PRESIDENCIA,estatal,Real Decreto,56253,56258,"Real Decreto 825/2010, de 25 de junio, de desarrollo parcial de la Ley Orgánica 2/2010, de 3 de marzo, de salud sexual y reproductiva y de la interrupción voluntaria del embarazo."
2010-06-26,155,1,BOE-A-2010-10154,MINISTERIO DE SANIDAD Y POLÍTICA SOCIAL,estatal,Real Decreto,56259,56264,"Real Decreto 831/2010, de 25 de junio, de garantía de la calidad asistencial de la prestación a la interrupción voluntaria del embarazo."
2010-06-28,156,1,BOE-A-2010-10209,MINISTERIO DE POLÍTICA TERRITORIAL,estatal,Real Decreto,56357,56361,"Real Decreto 754/2010, de 4 de junio, sobre modificación y ampliación de los medios patrimoniales adscritos a los servicios traspasados por la Administración del Estado a la Comunidad Autónoma de Extremadura por el Real Decreto 333/1999, de 26 de febrero, en materia de agricultura, Fondo Español de Garantía Agraria."
2010-06-28,156,1,BOE-A-2010-10210,MINISTERIO DE POLÍTICA TERRITORIAL,estatal,Real Decreto,56362,56365,"Real Decreto 755/2010, de 4 de junio, sobre ampliación de los medios patrimoniales adscritos a los servicios traspasados por la Administración del Estado a la Comunidad Autónoma de Extremadura por el Real Decreto 1080/1985, de 5 de junio, en materia de reforma y desarrollo agrario."
2010-06-28,156,1,BOE-A-2010-10211,MINISTERIO DE SANIDAD Y POLÍTICA SOCIAL,estatal,Real Decreto,56366,56369,"Real Decreto 796/2010, de 16 de junio, por el que se regula la concesión directa de una subvención a la Fundación Eguía-Careaga."
2010-06-28,156,1,BOE-A-2010-10212,TRIBUNAL DE CUENTAS,estatal,Resolución judicial,56370,56371,"Resolución de 23 de junio de 2010, de la Secretaría General del Tribunal de Cuentas, por la que se amplía el ámbito de funcionamiento del Registro Telemático del Tribunal de Cuentas para la recepción de las cuentas de las Entidades Estatales de Derecho Público."
2010-06-28,156,1,BOE-A-2010-10213,COMUNIDAD AUTÓNOMA DE CATALUÑA,autonómico,Ley,56372,56433,"Ley 14/2010, de 27 de mayo, de los derechos y las oportunidades en la infancia y la adolescencia."
2010-06-28,156,1,BOE-A-2010-10214,COMUNIDAD AUTÓNOMA DE CATALUÑA,autonómico,Ley,56434,56461,"Ley 15/2010, de 28 de mayo, de declaración del Parque Natural del Montgrí, les Illes Medes i el Baix Ter, de dos reservas naturales parciales y de una reserva natural integral."
2010-06-28,156,1,BOE-A-2010-10215,COMUNIDAD AUTÓNOMA DE CATALUÑA,autonómico,Ley,56462,56467,"Ley 16/2010, de 3 de junio, de modificación de la Ley 21/2000, de 29 de diciembre, sobre los derechos de información concerniente a la salud y la autonomía del paciente, y la documentación clínica."
2010-06-28,156,1,BOE-A-2010-10216,COMUNIDAD AUTÓNOMA DE CATALUÑA,autonómico,Ley,56468,56474,"Ley 17/2010, de 3 de junio, de la lengua de signos catalana."
2010-06-28,156,1,BOE-A-2010-10217,COMUNIDAD AUTÓNOMA DE CATALUÑA,autonómico,Decreto-ley,56475,56486,"Decreto Ley 3/2010, de 29 de mayo, de medidas urgentes de contención del gasto y en materia fiscal para la reducción del déficit público."
2010-06-28,156,1,BOE-A-2010-10218,COMUNITAT VALENCIANA,autonómico,Ley,56487,56488,"Ley 7/2010, de 8 de junio, por la que se establece la aplicación al municipio de Orihuela del régimen de organización de los municipios de gran población."
2010-06-28,156,1,BOE-A-2010-10219,COMUNIDAD FORAL DE NAVARRA,autonómico,Ley,56489,56489,"Ley Foral 11/2010, de 2 de junio, de Cuentas Generales de Navarra de 2008."
2010-06-28,156,1,BOE-A-2010-10220,COMUNIDAD FORAL DE NAVARRA,autonómico,Ley,56490,56496,"Ley Foral 12/2010, de 11 de junio, por la que se adaptan a la Comunidad Foral de Navarra las medidas extraordinarias para la reducción del déficit público."
2010-06-28,156,1,BOE-A-2010-10221,COMUNIDAD DE CASTILLA Y LEÓN,autonómico,Ley,56497,56544,"Ley 6/2010, de 28 de mayo, de declaración de Proyecto Regional del ""Complejo de Ocio y Aventura Meseta-Ski""."
2010-06-29,157,1,BOE-A-2010-10313,JEFATURA DEL ESTADO,estatal,Ley,56972,56981,"Ley 11/2010, de 28 de junio, de reforma del sistema de apoyo financiero a la internacionalización de la empresa española."
2010-06-29,157,1,BOE-A-2010-10314,MINISTERIO DE ECONOMÍA Y HACIENDA,estatal,Orden,56982,56986,"Orden EHA/1717/2010, de 11 de junio, de regulación y control de la publicidad de servicios y productos de inversión."
2010-06-29,157,1,BOE-A-2010-10315,MINISTERIO DE ECONOMÍA Y HACIENDA,estatal,Orden,56987,56991,"Orden EHA/1718/2010, de 11 de junio, de regulación y control de la publicidad de los servicios y productos bancarios."
2010-06-29,157,1,BOE-A-2010-10316,MINISTERIO DE EDUCACIÓN,estatal,Orden,56992,56996,"Orden EDU/1719/2010, de 21 de junio, por la que se establece la adscripción de los títulos declarados equivalentes a los títulos de Técnico Superior de Formación Profesional, de Técnico Superior de Artes Plásticas y Diseño o de Técnico Deportivo Superior a las ramas de conocimiento y se adapta para ellos la fórmula para el cálculo de la nota de admisión a la enseñanzas universitarias oficiales de Grado."
2010-06-29,157,1,BOE-A-2010-10317,"MINISTERIO DE INDUSTRIA, TURISMO Y COMERCIO",estatal,Real Decreto,56997,56998,"Real Decreto 821/2010, de 25 de junio, por el que se prorroga el Plan MOTO-E de apoyo a la renovación del parque de vehículos de dos ruedas y a tal efecto se modifica el Real Decreto 1081/2009, de 3 de julio, por el que se regula la concesión directa de subvenciones para la adquisición de ciclomotores y motocicletas, Plan MOTO-E de apoyo a la renovación del parque de vehículos de dos ruedas."
2010-06-29,157,1,BOE-A-2010-10318,"MINISTERIO DE INDUSTRIA, TURISMO Y COMERCIO",estatal,Resolución,56999,57001,"Resolución de 25 de junio de 2010, de la Dirección General de Política Energética y Minas, por la que se hace pública la tarifa de último recurso de gas natural."
2010-06-29,157,1,BOE-A-2010-10319,MINISTERIO DE POLÍTICA TERRITORIAL,estatal,Real Decreto,57002,57005,"Real Decreto 826/2010, de 25 de junio, sobre ampliación de funciones y servicios traspasados a la Comunidad Autónoma de Canarias en materia de agricultura, Fondo Español de Garantía Agraria: funciones relativas al Régimen Específico de Abastecimiento de las Islas Canarias."
2010-06-29,157,1,BOE-A-2010-10320,MINISTERIO DE POLÍTICA TERRITORIAL,estatal,Real Decreto,57006,57010,"Real Decreto 827/2010, de 25 de junio, sobre ampliación de los medios económicos adscritos a los servicios traspasados a la Comunidad Autónoma de Canarias por el Real Decreto 447/1994, de 11 de marzo, en materia de gestión de la formación profesional para el empleo."
2010-06-29,157,1,BOE-A-2010-10321,MINISTERIO DE POLÍTICA TERRITORIAL,estatal,Real Decreto,57011,57014,"Real Decreto 828/2010, de 25 de junio, de traspaso a la Comunidad Autónoma de Canarias de los medios adscritos a la gestión de las prestaciones sanitarias del Seguro Escolar."
2010-06-30,158,1,BOE-A-2010-10388,MINISTERIO DE ASUNTOS EXTERIORES Y DE COOPERACIÓN,estatal,Tratado o acuerdo internacional,57319,57319,"Modificación del texto español de las Enmiendas de 2004 al Convenio Internacional para la Seguridad de la Vida Humana en el Mar, 1974 Enmendado (Capítulos II-1, III, V, VII y XII) (publicado en el ""Boletín Oficial del Estado"" de 16 ,17 y 18 de junio de 1980) adoptadas el 9 de diciembre de 2004 mediante Resolución MSC 170(79), publicadas en el ""Boletín Oficial del Estado"" n.º 34, de 8 de febrero de 2007."
2010-06-30,158,1,BOE-A-2010-10389,MINISTERIO DE ASUNTOS EXTERIORES Y DE COOPERACIÓN,estatal,Corrección,57320,57320,"Corrección de errores de la aplicación provisional de la Carta de asistencia entre el Reino de España y la UNAMID (operación híbrida de la Unión Africana y Naciones Unidas en Darfur), hecha el 26 de noviembre y 12 de diciembre de 2008."
2010-06-30,158,1,BOE-A-2010-10390,"MINISTERIO DE INDUSTRIA, TURISMO Y COMERCIO",estatal,Orden,57321,57333,"Orden ITC/1732/2010, de 28 de junio, por la que se revisan los peajes de acceso a partir de 1 de julio de 2010 las tarifas y primas de determinadas instalaciones de régimen especial."
2010-06-30,158,1,BOE-A-2010-10391,"MINISTERIO DE INDUSTRIA, TURISMO Y COMERCIO",estatal,Resolución,57334,57334,"Resolución de 7 de junio de 2010, de la Dirección General de Política Energética y Minas, por la que se hacen públicos los nuevos precios máximos de venta, antes de impuestos, de los gases licuados del petróleo envasados, en envases de capacidad igual o superior a 8 kg., excluidos los envases de mezcla para usos de los gases licuados del petróleo como carburante."
2010-06-30,158,1,BOE-A-2010-10392,"MINISTERIO DE INDUSTRIA, TURISMO Y COMERCIO",estatal,Resolución,57335,57338,"Resolución de 28 de junio de 2010, de la Dirección General de Política Energética y Minas, por la que se establece el coste de producción de energía eléctrica y las tarifas de último recurso a aplicar en el tercer trimestre de 2010."
2010-06-30,158,1,BOE-A-2010-10393,COMUNIDAD AUTÓNOMA DE CATALUÑA,autonómico,Resolución,57339,57339,"Resolución de 10 de mayo de 2010, del Departamento de Interior, Relaciones Institucionales y Participación, de corrección de errores de la Resolución IRP/77/2010, de 19 de enero, por la que se establecen medidas de regulación de la circulación y del transporte de mercancías por las carreteras de Cataluña para el 2010."
2010-07-01,159,1,BOE-A-2010-10421,JEFATURA DEL ESTADO,estatal,Ley,57586,57625,"Ley 12/2010, de 30 de junio, por la que se modifica la Ley 19/1988, de 12 de julio, de Auditoría de Cuentas, la Ley 24/1988, de 28 de julio, del Mercado de Valores y el texto refundido de la Ley de Sociedades Anónimas aprobado por el Real Decreto Legislativo 1564/1989, de 22 de diciembre, para su adaptación a la normativa comunitaria."
2010-07-01,159,1,BOE-A-2010-10422,MINISTERIO DE ECONOMÍA Y HACIENDA,estatal,Corrección,57626,57626,"Corrección de errores del Real Decreto 764/2010, de 11 de junio, por el que se desarrolla la Ley 26/2006, de 17 de julio, de mediación de seguros y reaseguros privados en materia de información estadístico-contable y del negocio, y de competencia profesional."
2010-07-01,159,1,BOE-A-2010-10423,"MINISTERIO DE MEDIO AMBIENTE, Y MEDIO RURAL Y MARINO",estatal,Corrección,57627,57627,"Corrección de errores del Real Decreto 714/2010, de 28 de mayo, por el que se establecen las bases reguladoras de las subvenciones estatales destinadas al sector del lúpulo."
2010-07-01,159,1,BOE-A-2010-10424,MINISTERIO DE LA PRESIDENCIA,estatal,Orden,57628,57649,"Orden PRE/1744/2010, de 30 de junio, por la que se regula el procedimiento de reconocimiento, control y seguimiento de las situaciones de incapacidad temporal, riesgo durante el embarazo y riesgo durante la lactancia natural en el Régimen Especial de la Seguridad Social de los Funcionarios Civiles del Estado."
2010-07-02,160,1,BOE-A-2010-10489,MINISTERIO DE JUSTICIA,estatal,Resolución,58002,58004,"Resolución de 23 de junio de 2010, de la Mutualidad General Judicial, por la que se crea la Sede Electrónica de Organismo."
2010-07-02,160,1,BOE-A-2010-10490,MINISTERIO DE DEFENSA,estatal,Orden,58005,58010,"Orden DEF/1766/2010, de 24 de junio, por la que se crea la Sede Electrónica Central del Ministerio de Defensa."
2010-07-02,160,1,BOE-A-2010-10491,MINISTERIO DE CULTURA,estatal,Orden,58011,58014,"Orden CUL/1767/2010, de 30 de junio, por la que se modifica la Orden CUL/2834/2009, de 19 de octubre, por la que se dictan normas de aplicación del Real Decreto 2062/2008, de 12 de diciembre, por el que se desarrolla la Ley 55/2007, de 28 de diciembre, del Cine, en las materias de reconocimiento del coste de una película e inversión del productor, establecimiento de las bases reguladoras de las ayudas estatales y estructura del Registro Administrativo de Empresas Cinematográficas y Audiovisuales."
2010-07-02,160,1,BOE-A-2010-10492,COMUNIDAD AUTÓNOMA DE CANARIAS,autonómico,Corrección,58015,58015,"Corrección de errores de la Ley 14/2009, de 30 de diciembre, por la que se modifica la Ley 7/1995, de 6 de abril, de ordenación del turismo en Canarias."
2010-07-03,161,1,BOE-A-2010-10540,MINISTERIO DE ECONOMÍA Y HACIENDA,estatal,Resolución,58447,58451,"Resolución de 2 de julio de 2010, de la Presidencia del Comisionado para el Mercado de Tabacos, por la que se publican los precios de venta al público de determinadas labores de tabaco en Expendedurías de Tabaco y Timbre del Área del Monopolio."
2010-07-03,161,1,BOE-A-2010-10541,MINISTERIO DE FOMENTO,estatal,Real Decreto,58452,58453,"Real Decreto 765/2010, de 11 de junio, por el que se modifica el Real Decreto 1217/2002, de 22 de noviembre, por el que se determinan la composición y funciones de la Comisión Nacional de Salvamento Marítimo."
2010-07-03,161,1,BOE-A-2010-10542,MINISTERIO DE EDUCACIÓN,estatal,Real Decreto,58454,58468,"Real Decreto 861/2010, de 2 de julio, por el que se modifica el Real Decreto 1393/2007, de 29 de octubre, por el que se establece la ordenación de las enseñanzas universitarias oficiales."
2010-07-03,161,1,BOE-A-2010-10543,"MINISTERIO DE MEDIO AMBIENTE, Y MEDIO RURAL Y MARINO",estatal,Real Decreto,58469,58471,"Real Decreto 863/2010, de 2 de julio, por el que se modifica el Real Decreto 202/2010, de 1 de marzo, por el que se establecen las bases reguladoras para la concesión de ayudas a las agrupaciones de productores de plantas vivas y productos de la floricultura para mejorar la producción, la comercialización y la formación del sector."
2010-07-03,161,1,BOE-A-2010-10544,MINISTERIO DE LA PRESIDENCIA,estatal,Real Decreto Legislativo,58472,58594,"Real Decreto Legislativo 1/2010, de 2 de julio, por el que se aprueba el texto refundido de la Ley de Sociedades de Capital."
2010-07-03,161,1,BOE-A-2010-10545,MINISTERIO DE LA PRESIDENCIA,estatal,Real Decreto,58595,58596,"Real Decreto 869/2010, de 2 de julio, por el que se modifica el Real Decreto 495/2010, de 30 de abril, por el que se aprueba la estructura orgánica básica de los departamentos ministeriales."
2010-07-03,161,1,BOE-A-2010-10546,MINISTERIO DE SANIDAD Y POLÍTICA SOCIAL,estatal,Orden,58597,58600,"Orden SAS/1775/2010, de 25 de junio, por la que se crea y regula la Comisión Calificadora de Documentos Administrativos del Instituto de Mayores y Servicios Sociales."
2010-07-05,162,1,BOE-A-2010-10601,JEFATURA DEL ESTADO,estatal,Otras,58830,58846,"Instrumento de Ratificación del Protocolo sobre evaluación ambiental estratégica al Convenio sobre la evaluación del impacto en el medio ambiente en un contexto transfronterizo, hecho en Kiev el 21 de mayo de 2003."
2010-07-05,162,1,BOE-A-2010-10602,COMUNIDAD AUTÓNOMA DE LAS ILLES BALEARS,autonómico,Ley,58847,58859,"Ley 2/2010, de 7 de junio, del Consejo Audiovisual de las Illes Balears."
2010-07-05,162,1,BOE-A-2010-10603,COMUNIDAD AUTÓNOMA DE LAS ILLES BALEARS,autonómico,Ley,58860,58861,"Ley 3/2010, de 7 de junio, de constatación de censos y alodios y de extinción de los inactivos."
2010-07-06,163,1,BOE-A-2010-10706,JEFATURA DEL ESTADO,estatal,Ley,59586,59627,"Ley 13/2010, de 5 de julio, por la que se modifica la Ley 1/2005, de 9 de marzo, por la que se regula el régimen del comercio de derechos de emisión de gases de efecto invernadero, para perfeccionar y ampliar el régimen general de comercio de derechos de emisión e incluir la aviación en el mismo."
2010-07-06,163,1,BOE-A-2010-10707,JEFATURA DEL ESTADO,estatal,Ley,59628,59652,"Ley 14/2010, de 5 de julio, sobre las infraestructuras y los servicios de información geográfica en España."
2010-07-06,163,1,BOE-A-2010-10708,JEFATURA DEL ESTADO,estatal,Ley,59653,59660,"Ley 15/2010, de 5 de julio, de modificación de la Ley 3/2004, de 29 de diciembre, por la que se establecen medidas de lucha contra la morosidad en las operaciones comerciales."
2010-07-06,163,1,BOE-A-2010-10709,MINISTERIO DE ASUNTOS EXTERIORES Y DE COOPERACIÓN,estatal,Tratado o acuerdo internacional,59661,59661,"Entrada en vigor del Acuerdo entre el Gobierno del Reino de España y el Gobierno de la República de Belarús sobre las condiciones de la mejora de la salud de menores nacionales de la República de Belarús en el Reino de España, hecho en Minsk el 1 de junio de 2009."
2010-07-06,163,1,BOE-A-2010-10710,MINISTERIO DE ECONOMÍA Y HACIENDA,estatal,Orden,59662,59699,"Orden EHA/1803/2010, de 5 de julio, por la que se establecen obligaciones en cuanto a la remisión por medios electrónicos de la documentación estadístico-contable de las entidades aseguradoras y de las entidades gestoras de fondos de pensiones y por la que se modifica la Orden EHA/1928/2009, de 10 de julio, por la que se aprueban los modelos de la documentación estadística-contable anual, trimestral y consolidada a remitir por las entidades aseguradoras, y por la que se modifica la Orden EHA/339/2007, de 16 de febrero, por la que se desarrollan determinados preceptos de la normativa reguladora de los seguros privados."
2010-07-06,163,1,BOE-A-2010-10711,"MINISTERIO DE INDUSTRIA, TURISMO Y COMERCIO",estatal,Resolución,59700,59705,"Resolución de 23 de junio de 2010, de la Oficina Española de Patentes y Marcas, por la que se crea el Registro Electrónico de la Oficina Española de Patentes y Marcas."
2010-07-06,163,1,BOE-A-2010-10712,TRIBUNAL SUPREMO,estatal,Resolución judicial,59706,59707,"Sentencia de 9 de marzo de 2010, de la Sala Tercera del Tribunal Supremo, por la que se declara la nulidad de pleno derecho de diversas determinaciones del Plan Nacional de Asignación de derechos de emisión de gases de efecto invernadero, 2008-2012, que fue aprobado por Real Decreto 1370/2006, de 24 de noviembre."
2010-07-06,163,1,BOE-A-2010-10713,TRIBUNAL SUPREMO,estatal,Resolución judicial,59708,59708,"Sentencia de 25 de mayo de 2010, de la Sala Tercera del Tribunal Supremo, por la que se declara la nulidad de los artículos 3.1 y 5 del Real Decreto 324/2008, de 29 de febrero, por el que se establecen las condiciones y el procedimiento de funcionamiento y participación en las emisiones primarias de energía eléctrica."
2010-07-06,163,1,BOE-A-2010-10714,COMUNIDAD AUTÓNOMA DE LAS ILLES BALEARS,autonómico,Ley,59709,59726,"Ley 4/2010, de 16 de junio, de medidas urgentes para el impulso de la inversión en las Illes Balears."
2010-07-06,163,1,BOE-A-2010-10715,COMUNIDAD AUTÓNOMA DE LAS ILLES BALEARS,autonómico,Ley,59727,59743,"Ley 5/2010, de 16 de junio, reguladora del Consejo Consultivo de las Illes Balears."
2010-07-06,163,1,BOE-A-2010-10716,COMUNIDAD AUTÓNOMA DE LAS ILLES BALEARS,autonómico,Ley,59744,59762,"Ley 6/2010, de 17 de junio, por la que se adoptan medidas urgentes para la reducción del déficit público."
2010-07-07,164,1,BOE-A-2010-10790,MINISTERIO DE ECONOMÍA Y HACIENDA,estatal,Orden,59910,59911,"Orden EHA/1813/2010, de 23 de junio, por la que se modifica la Orden de 2 de junio de 1994, por la que se desarrolla la estructura de la Agencia Estatal de Administración Tributaria."
2010-07-07,164,1,BOE-A-2010-10791,MINISTERIO DE LA PRESIDENCIA,estatal,Orden,59912,59913,"Orden PRE/1814/2010, de 2 de julio, por la que se modifica la Orden PRE/3581/2007, de 10 de diciembre, por la que se establecen los departamentos de la Agencia Estatal de Administración Tributaria y se les atribuyen funciones y competencias."
2010-07-08,165,1,BOE-A-2010-10819,TRIBUNAL CONSTITUCIONAL,estatal,Resolución judicial,59973,59973,"Recurso de inconstitucionalidad n.º 4138-2010, en relación con la Ley Orgánica 1/2010, de 19 de febrero, de modificación de las leyes orgánicas del Tribunal Constitucional y del Poder Judicial."
2010-07-08,165,1,BOE-A-2010-10820,TRIBUNAL CONSTITUCIONAL,estatal,Resolución judicial,59974,59974,"Recurso de inconstitucionalidad n.º 4223-2010, en relación con la Ley Orgánica 1/2010, de 19 de febrero, de modificación de las leyes orgánicas del Tribunal Constitucional y del Poder Judicial."
2010-07-08,165,1,BOE-A-2010-10821,TRIBUNAL CONSTITUCIONAL,estatal,Resolución judicial,59975,59975,"Recurso de inconstitucionalidad n.º 4224-2010, en relación con la Ley Orgánica 1/2010, de 19 de febrero, de modificación de las leyes orgánicas del Tribunal Constitucional y del Poder Judicial."
2010-07-08,165,1,BOE-A-2010-10822,TRIBUNAL CONSTITUCIONAL,estatal,Resolución judicial,59976,59976,"Recurso de inconstitucionalidad n.º 4523-2010, en relación con diversos preceptos de la Ley Orgánica 2/2010, de 3 de marzo, de salud sexual y reproductiva y de la interrupción voluntaria del embarazo."
2010-07-08,165,1,BOE-A-2010-10823,TRIBUNAL CONSTITUCIONAL,estatal,Resolución judicial,59977,59977,"Recurso de inconstitucionalidad n.º 4541-2010, en relación con diversos preceptos de la Ley Orgánica 2/2010, de 3 de marzo, de salud sexual y reproductiva y de la interrupción voluntaria del embarazo."
2010-07-08,165,1,BOE-A-2010-10824,MINISTERIO DEL INTERIOR,estatal,Resolución,59978,59982,"Resolución de 23 de junio de 2010, de la Dirección General de Tráfico, por la que se crea y regula el Registro Electrónico en la Jefatura Central de Tráfico."
2010-07-08,165,1,BOE-A-2010-10825,MINISTERIO DE TRABAJO E INMIGRACIÓN,estatal,Orden,59983,59984,"Orden TIN/1827/2010, de 6 de julio, por la que se desarrolla, en relación con los acuerdos colectivos de empresa sobre jubilación parcial, lo dispuesto en la disposición transitoria segunda del Real Decreto-ley 8/2010, de 20 de mayo, por el que se adoptan medidas extraordinarias para la reducción del déficit público."
2010-07-08,165,1,BOE-A-2010-10826,"MINISTERIO DE INDUSTRIA, TURISMO Y COMERCIO",estatal,Corrección,59985,59985,"Corrección de errores de la Resolución de 28 de junio de 2010, de la Dirección General de Política Energética y Minas, por la que se establece el coste de producción de energía eléctrica y las tarifas de último recurso a aplicar en el tercer trimestre de 2010."
2010-07-08,165,1,BOE-A-2010-10827,MINISTERIO DE LA PRESIDENCIA,estatal,Real Decreto,59986,60013,"Real Decreto 824/2010, de 25 de junio, por el que se regulan los laboratorios farmacéuticos, los fabricantes de principios activos de uso farmacéutico y el comercio exterior de medicamentos y medicamentos en investigación."
2010-07-08,165,1,BOE-A-2010-10828,COMUNIDAD AUTÓNOMA DE CATALUÑA,autonómico,Ley,60014,60036,"Ley 18/2010, de 7 de junio, de la Sindicatura de Cuentas."
2010-07-08,165,1,BOE-A-2010-10829,COMUNIDAD AUTÓNOMA DE CATALUÑA,autonómico,Ley,60037,60066,"Ley 19/2010, de 7 de junio, de regulación del impuesto sobre sucesiones y donaciones."
2010-07-09,166,1,BOE-A-2010-10885,TRIBUNAL CONSTITUCIONAL,estatal,Resolución judicial,60284,60284,"Recurso de inconstitucionalidad n.º 1065-2010, en relación con diversos preceptos de la Ley 10/2009, de 30 de diciembre, de modificación del Decreto Legislativo 1/2005, de 10 de marzo, por el que se aprueba el texto refundido de las Leyes 7/1985, de 17 de julio y 4/1996, de 31 de mayo, de Cajas de Ahorros de Galicia."
2010-07-09,166,1,BOE-A-2010-10886,MINISTERIO DE ECONOMÍA Y HACIENDA,estatal,Corrección,60285,60285,"Corrección de errores de la Orden EHA/1665/2010, de 11 de junio, por la que se desarrollan los artículos 71 y 76 del Real Decreto 217/2008, de 15 de febrero, sobre el régimen jurídico de las empresas de servicios de inversión y de las demás entidades que prestan servicios de inversión, en materia de tarifas y contratos-tipo."
2010-07-09,166,1,BOE-A-2010-10887,MINISTERIO DE ECONOMÍA Y HACIENDA,estatal,Resolución,60286,60291,"Resolución de 1 de julio de 2010, del Departamento de Aduanas e Impuestos Especiales de la Agencia Estatal de Administración Tributaria, por la que se aprueba el modelo 522 ""Parte trimestral de productos a que se refiere el artículo 108 ter del Reglamento de los Impuestos Especiales"" y se establecen el plazo y el procedimiento para su presentación."
2010-07-09,166,1,BOE-A-2010-10888,MINISTERIO DE FOMENTO,estatal,Orden,60292,60318,"Orden FOM/1841/2010, de 5 de julio, por la que se desarrollan los requisitos para la certificación de los proveedores civiles de formación de controladores de tránsito aéreo."
2010-07-09,166,1,BOE-A-2010-10889,MINISTERIO DE SANIDAD Y POLÍTICA SOCIAL,estatal,Real Decreto,60319,60327,"Real Decreto 829/2010, de 25 de junio, por el que se regula la concesión directa de subvenciones a las comunidades autónomas y al Instituto Nacional de Gestión Sanitaria para la implementación de las estrategias del Sistema Nacional de Salud en cuidados paliativos, seguridad de pacientes, prevención de la violencia de género y atención al parto normal en el año 2010."
2010-07-10,167,1,BOE-A-2010-10953,MINISTERIO DE JUSTICIA,estatal,Real Decreto,60598,60654,"Real Decreto 819/2010, de 25 de junio, por el que se crean y constituyen 132 juzgados, se constituyen 2 juzgados y se crean 16 plazas de Magistrado en Tribunales Superiores de Justicia y Audiencias Provinciales correspondientes a la programación del año 2010 y 50 plazas de adscripción territorial."
2010-07-10,167,1,BOE-A-2010-10954,MINISTERIO DE ECONOMÍA Y HACIENDA,estatal,Real Decreto,60655,60658,"Real Decreto 897/2010, de 9 de julio, por el que se modifica el Reglamento del Impuesto sobre Sociedades, aprobado por el Real Decreto 1777/2004, de 30 de julio, en materia de las obligaciones de documentación de las operaciones vinculadas."
2010-07-10,167,1,BOE-A-2010-10955,MINISTERIO DE EDUCACIÓN,estatal,Resolución,60659,60665,"Resolución de 6 de julio de 2010, de la Secretaría General de Universidades, por la que se modifican los Anexos I y IV de la Orden EDU/1161/2010, de 4 de mayo, por la que se establece el procedimiento para el acceso a la Universidad española por parte de los estudiantes procedentes de sistemas educativos a los que es de aplicación el artículo 38.5 de la Ley Orgánica 2/2006, de 3 de mayo, de Educación."
2010-07-10,167,1,BOE-A-2010-10956,"MINISTERIO DE MEDIO AMBIENTE, Y MEDIO RURAL Y MARINO",estatal,Real Decreto,60666,60668,"Real Decreto 901/2010, de 9 de julio, por el que se modifica el Real Decreto 1589/2009, de 16 de octubre, por el que se establecen las bases reguladoras para la concesión de subvenciones para la implantación de sistemas de aseguramiento para la mejora integral de la calidad de la leche cruda producida y recogida en las explotaciones, y su certificación externa."
2010-07-10,167,1,BOE-A-2010-10957,"MINISTERIO DE MEDIO AMBIENTE, Y MEDIO RURAL Y MARINO",estatal,Real Decreto,60669,60671,"Real Decreto 902/2010, de 9 de julio, por el que se regula la concesión directa de ayudas para paliar los daños en producciones agrícolas y ganaderas debidos al temporal de lluvias e inundaciones acaecidos entre los días 9 y 16 de junio de 2010 en el norte peninsular."
2010-07-12,168,1,BOE-A-2010-10984,MINISTERIO DE SANIDAD Y POLÍTICA SOCIAL,estatal,Resolución,60877,61007,"Resolución de 29 de junio de 2010, de la Secretaría General de Política Social y Consumo, por la que se publica el Acuerdo del Consejo Territorial del Sistema para la Autonomía y Atención a la Dependencia sobre modificación del baremo de valoración de la situación de dependencia establecido en el Real Decreto 504/2007, de 20 de abril."
2010-07-12,168,1,BOE-A-2010-10985,COMUNIDAD AUTÓNOMA DE CANARIAS,autonómico,Ley,61008,61020,"Ley 5/2010, de 21 de junio, canaria de fomento a la participación ciudadana."
2010-07-13,169,1,BOE-A-2010-11086,JEFATURA DEL ESTADO,estatal,Real Decreto-ley,61427,61457,"Real Decreto-ley 11/2010, de 9 de julio, de órganos de gobierno y otros aspectos del régimen jurídico de las Cajas de Ahorros."
2010-07-13,169,1,BOE-A-2010-11087,MINISTERIO DE ASUNTOS EXTERIORES Y DE COOPERACIÓN,estatal,Resolución,61458,61458,"Resolución de 8 de julio de 2010, de la Secretaría General Técnica, por la que se publica la entrada en vigor del Acuerdo entre el Reino de España y la República Francesa sobre la selección, puesta en marcha y financiación de dos proyectos de autopistas del mar entre España y Francia en la Fachada Atlántica-La Mancha-Mar del Norte, hecho en Madrid el 28 de abril y 10 de noviembre de 2009."
2010-07-13,169,1,BOE-A-2010-11088,MINISTERIO DE FOMENTO,estatal,Orden,61459,61459,"Orden FOM/1876/2010, de 8 de julio, por la que se determinan para el año 2009 los costes tipo aplicables a los costes subvencionables regulados en el Real Decreto 170/2009, de 13 de febrero, sobre compensación al transporte marítimo y aéreo de mercancías incluidas en el anexo I del Tratado Constitutivo de la Comunidad Europea, con origen o destino en las Islas Canarias."
2010-07-13,169,1,BOE-A-2010-11089,MINISTERIO DE FOMENTO,estatal,Orden,61460,61460,"Orden FOM/1877/2010, de 8 de julio, por la que se determinan para el año 2009 los costes tipo aplicables a los costes subvencionables regulados en el Real Decreto 362/2009, de 20 de marzo, sobre compensación al transporte marítimo y aéreo de mercancías no incluidas en el anexo I del Tratado Constitutivo de la Comunidad Europea, con origen o destino en las Islas Canarias."
2010-07-13,169,1,BOE-A-2010-11090,MINISTERIO DE EDUCACIÓN,estatal,Real Decreto,61461,61462,"Real Decreto 898/2010, de 9 de julio, por el que se modifica el Real Decreto 85/2007, de 26 de enero, por el que se fijan los aspectos básicos del currículo de las enseñanzas profesionales de danza reguladas por la Ley Orgánica 2/2006, de 3 de mayo, de Educación."
2010-07-13,169,1,BOE-A-2010-11091,MINISTERIO DE EDUCACIÓN,estatal,Real Decreto,61463,61464,"Real Decreto 899/2010, de 9 de julio, por el que determinados documentos oficiales se declaran equivalentes a las titulaciones a que se refiere el artículo 96.1 de la Ley Orgánica 2/2006, de 3 de mayo, de Educación, para impartir las enseñanzas elementales y profesionales de danza establecidas en dicha Ley."
2010-07-13,169,1,BOE-A-2010-11092,MINISTERIO DE EDUCACIÓN,estatal,Real Decreto,61465,61467,"Real Decreto 900/2010, de 9 de julio, por el que el título de Profesor de Música, regulado al amparo del Decreto 2618/1966, de 10 de septiembre, y el diploma de Cantante de Ópera, expedido al amparo del Decreto 313/1970, de 29 de enero, se declaran equivalentes a las titulaciones a que se refiere el artículo 96.1 de la Ley Orgánica 2/2006, de 3 de mayo, de Educación, para impartir las enseñanzas elementales y profesionales de música establecidas en dicha Ley."
2010-07-13,169,1,BOE-A-2010-11093,"MINISTERIO DE INDUSTRIA, TURISMO Y COMERCIO",estatal,Orden,61468,61473,"Orden ITC/1878/2010, de 5 de julio, por la que se regula la prestación de los servicios de comunicaciones móviles en aeronaves en vuelo."
2010-07-13,169,1,BOE-A-2010-11094,MINISTERIO DE LA PRESIDENCIA,estatal,Corrección,61474,61474,"Corrección de errores del Real Decreto 170/2010, de 19 de febrero, por el que se aprueba el Reglamento de centros de reconocimiento destinados a verificar las aptitudes psicofísicas de los conductores."
2010-07-13,169,1,BOE-A-2010-11095,BANCO DE ESPAÑA,estatal,Instrucción o circular,61475,61490,"Circular 3/2010, de 29 de junio, del Banco de España, a entidades de crédito, de modificación de la Circular 4/2004, de 22 de diciembre, sobre normas de información financiera pública y reservada, y modelos de estados financieros."
2010-07-14,170,1,BOE-A-2010-11151,JEFATURA DEL ESTADO,estatal,Otras,61810,61827,"Instrumento de Ratificación del Protocolo de 2005 relativo al Convenio para la represión de los actos ilícitos contra la seguridad de la navegación marítima, hecho en Londres el 14 de octubre de 2005."
2010-07-14,170,1,BOE-A-2010-11152,MINISTERIO DE ECONOMÍA Y HACIENDA,estatal,Orden,61828,61830,"Orden EHA/1888/2010, de 5 de julio, por la que se acuerda la emisión, acuñación y puesta en circulación de monedas de colección de la VIII serie iberoamericana ""Encuentro de dos mundos""."
2010-07-14,170,1,BOE-A-2010-11153,MINISTERIO DE LA PRESIDENCIA,estatal,Real Decreto,61831,61859,"Real Decreto 865/2010, de 2 de julio, sobre sustratos de cultivo."
2010-07-14,170,1,BOE-A-2010-11154,MINISTERIO DE LA PRESIDENCIA,estatal,Real Decreto,61860,61869,"Real Decreto 866/2010, de 2 de julio, por el que se regula la tramitación de las reformas de vehículos."
2010-07-14,170,1,BOE-A-2010-11155,MINISTERIO DE LA PRESIDENCIA,estatal,Real Decreto,61870,61873,"Real Decreto 867/2010, de 2 de julio, por el que se modifica el Real Decreto 432/2000, de 31 de marzo, por el que se regula el cómputo en el Régimen de Clases Pasivas del Estado de los períodos reconocidos como cotizados a la Seguridad Social en favor de los sacerdotes y religiosos o religiosas de la Iglesia Católica, secularizados."
2010-07-14,170,1,BOE-A-2010-11156,MINISTERIO DE LA PRESIDENCIA,estatal,Real Decreto,61874,61876,"Real Decreto 868/2010, de 2 de julio, por el que se crea el Observatorio del Empleo Público."
2010-07-14,170,1,BOE-A-2010-11157,MINISTERIO DE SANIDAD Y POLÍTICA SOCIAL,estatal,Real Decreto,61877,61889,"Real Decreto 830/2010, de 25 de junio, por el que se establece la normativa reguladora de la capacitación para realizar tratamientos con biocidas."
2010-07-15,171,1,BOE-A-2010-11177,JEFATURA DEL ESTADO,estatal,Otras,61914,61919,"Instrumento de Ratificación del Protocolo de 2005 relativo al Protocolo para la represión de actos ilícitos contra la seguridad de las plataformas fijas emplazadas en la plataforma continental, hecho en Londres el 14 de octubre de 2005."
2010-07-15,171,1,BOE-A-2010-11178,JEFATURA DEL ESTADO,estatal,Corrección,61920,61920,"Corrección de errores del Instrumento de Ratificación de la Convención sobre municiones en racimo, hecho en Dublín el 30 de mayo de 2008."
2010-07-15,171,1,BOE-A-2010-11179,MINISTERIO DE JUSTICIA,estatal,Corrección,61921,61921,"Corrección de erratas del Real Decreto 819/2010, de 25 de junio, por el que se crean y constituyen 132 juzgados, se constituyen 2 juzgados y se crean 16 plazas de Magistrado en Tribunales Superiores de Justicia y Audiencias Provinciales correspondientes a la programación del año 2010 y 50 plazas de juez de adscripción territorial."
2010-07-15,171,1,BOE-A-2010-11180,"MINISTERIO DE INDUSTRIA, TURISMO Y COMERCIO",estatal,Real Decreto,61922,61923,"Real Decreto 862/2010, de 2 de julio, por el que se modifica el Real Decreto 1226/2006, de 27 de octubre, en el que se regulan las actividades y el funcionamiento del fondo para inversiones en el exterior y el fondo para operaciones de inversión en el exterior de la pequeña y mediana empresa."
2010-07-15,171,1,BOE-A-2010-11181,"MINISTERIO DE INDUSTRIA, TURISMO Y COMERCIO",estatal,Orden,61924,61935,"Orden ITC/1890/2010, de 13 de julio, por la que se regulan determinados aspectos relacionados con el acceso de terceros y las retribuciones reguladas en el sistema del gas natural."
2010-07-15,171,1,BOE-A-2010-11182,"MINISTERIO DE MEDIO AMBIENTE, Y MEDIO RURAL Y MARINO",estatal,Real Decreto,61936,61942,"Real Decreto 822/2010, de 25 de junio, por el que se aprueba el Reglamento de desarrollo de la Ley 10/2009, de 20 de octubre, de creación de órganos consultivos del Estado en el ámbito agroalimentario y de determinación de las bases de representación de las organizaciones profesionales agrarias."
2010-07-15,171,1,BOE-A-2010-11183,"MINISTERIO DE MEDIO AMBIENTE, Y MEDIO RURAL Y MARINO",estatal,Real Decreto,61943,61953,"Real Decreto 823/2010, de 25 de junio, por el que se establecen los baremos de indemnización por el sacrificio obligatorio de los animales objeto de los Programas nacionales de control de Salmonella en manadas de aves reproductoras y ponedoras del género Gallus gallus y de manadas de pavos reproductores."
2010-07-15,171,1,BOE-A-2010-11184,MINISTERIO DE LA PRESIDENCIA,estatal,Real Decreto,61954,61967,"Real Decreto 903/2010, de 9 de julio, de evaluación y gestión de riesgos de inundación."
2010-07-15,171,1,BOE-A-2010-11185,TRIBUNAL SUPREMO,estatal,Resolución judicial,61968,61968,"Sentencia de 14 de mayo de 2010, de la Sala Tercera del Tribunal Supremo, por la que se declara la nulidad únicamente del apartado e) de la instrucción primera.1, del Acuerdo del Consejo de Ministros, de 16 de febrero de 2007, que aprueba las Instrucciones por las que se determinan el procedimiento para autorizar la entrada, residencia y trabajo en España de extranjeros en cuya actividad profesional concurran razones de interés económico, social o laboral, o relativas a la realización de trabajos de investigación y desarrollo, o docentes, que requieran alta cualificación, o de actuaciones artísticas de especial interés cultural."
2010-07-15,171,1,BOE-A-2010-11186,COMISIÓN NACIONAL DEL MERCADO DE VALORES,estatal,Resolución,61969,61973,"Resolución de 7 de julio de 2010, del Consejo de la Comisión Nacional del Mercado de Valores, por la que se modifica el Reglamento de Régimen Interior de la Comisión Nacional del Mercado de Valores."
2010-07-15,171,1,BOE-A-2010-11187,COMUNIDAD AUTÓNOMA DE EXTREMADURA,autonómico,Ley,61974,62084,"Ley 5/2010, de 23 de junio, de prevención y calidad ambiental de la Comunidad Autónoma de Extremadura."
2010-07-15,171,1,BOE-A-2010-11188,COMUNIDAD AUTÓNOMA DE EXTREMADURA,autonómico,Ley,62085,62096,"Ley 6/2010, de 23 de junio, de medidas urgentes y complementarias para la reducción del déficit público en la Comunidad Autónoma de Extremadura."
2010-07-16,172,1,BOE-A-2010-11348,MINISTERIO DE DEFENSA,estatal,Resolución,62723,62724,"Resolución 4B0/38162/2010, de 8 de julio, del Instituto Social de las Fuerzas Armadas, por la que se crea y regula la Sede Electrónica del ISFAS."
2010-07-16,172,1,BOE-A-2010-11349,"MINISTERIO DE INDUSTRIA, TURISMO Y COMERCIO",estatal,Orden,62725,62741,"Orden ITC/1922/2010, de 12 de julio, por la que se regula el control metrológico del Estado sobre los instrumentos de pesaje de funcionamiento automático de los tipos seleccionadoras ponderales, instrumentos gravimétricos de llenado, totalizadores continuos y discontinuos y básculas puente de ferrocarril, en las fases de verificación después de reparación o modificación y de verificación periódica."
2010-07-16,172,1,BOE-A-2010-11350,COMUNIDAD AUTÓNOMA DE ARAGÓN,autonómico,Ley,62742,62756,"Ley 3/2010, de 7 de junio, por la que se modifica parcialmente la Ley 6/2003, de 27 de febrero, del Turismo de Aragón."
2010-07-17,173,1,BOE-A-2010-11410,JEFATURA DEL ESTADO,estatal,Ley,63004,63009,"Ley 16/2010, de 16 de julio, del régimen de cesión de tributos del Estado a la Comunidad Autónoma de Cataluña y de fijación del alcance y condiciones de dicha cesión."
2010-07-17,173,1,BOE-A-2010-11411,JEFATURA DEL ESTADO,estatal,Ley,63010,63015,"Ley 17/2010, de 16 de julio, del régimen de cesión de tributos del Estado a la Comunidad Autónoma de Galicia y de fijación del alcance y condiciones de dicha cesión."
2010-07-17,173,1,BOE-A-2010-11412,JEFATURA DEL ESTADO,estatal,Ley,63016,63021,"Ley 18/2010, de 16 de julio, del régimen de cesión de tributos del Estado a la Comunidad Autónoma de Andalucía y de fijación del alcance y condiciones de dicha cesión."
2010-07-17,173,1,BOE-A-2010-11413,JEFATURA DEL ESTADO,estatal,Ley,63022,63027,"Ley 19/2010, de 16 de julio, del régimen de cesión de tributos del Estado a la Comunidad Autónoma del Principado de Asturias y de fijación del alcance y condiciones de dicha cesión."
2010-07-17,173,1,BOE-A-2010-11414,JEFATURA DEL ESTADO,estatal,Ley,63028,63033,"Ley 20/2010, de 16 de julio, del régimen de cesión de tributos del Estado a la Comunidad Autónoma de Cantabria y de fijación del alcance y condiciones de dicha cesión."
2010-07-17,173,1,BOE-A-2010-11415,JEFATURA DEL ESTADO,estatal,Ley,63034,63039,"Ley 21/2010, de 16 de julio, del régimen de cesión de tributos del Estado a la Comunidad Autónoma de La Rioja y de fijación del alcance y condiciones de dicha cesión."
2010-07-17,173,1,BOE-A-2010-11416,JEFATURA DEL ESTADO,estatal,Ley,63040,63045,"Ley 22/2010, de 16 de julio, del régimen de cesión de tributos del Estado a la Comunidad Autónoma de la Región de Murcia y de fijación del alcance y condiciones de dicha cesión."
2010-07-17,173,1,BOE-A-2010-11417,JEFATURA DEL ESTADO,estatal,Ley,63046,63051,"Ley 23/2010, de 16 de julio, del régimen de cesión de tributos del Estado a la Comunitat Valenciana y de fijación del alcance y condiciones de dicha cesión."
2010-07-17,173,1,BOE-A-2010-11418,JEFATURA DEL ESTADO,estatal,Ley,63052,63057,"Ley 24/2010, de 16 de julio, del régimen de cesión de tributos del Estado a la Comunidad Autónoma de Aragón y de fijación del alcance y condiciones de dicha cesión."
2010-07-17,173,1,BOE-A-2010-11419,JEFATURA DEL ESTADO,estatal,Ley,63058,63063,"Ley 25/2010, de 16 de julio, del régimen de cesión de tributos del Estado a la Comunidad Autónoma de Castilla-La Mancha y de fijación del alcance y condiciones de dicha cesión."
2010-07-17,173,1,BOE-A-2010-11420,JEFATURA DEL ESTADO,estatal,Ley,63064,63068,"Ley 26/2010, de 16 de julio, del régimen de cesión de tributos del Estado a la Comunidad Autónoma de Canarias y de fijación del alcance y condiciones de dicha cesión."
2010-07-17,173,1,BOE-A-2010-11421,JEFATURA DEL ESTADO,estatal,Ley,63069,63074,"Ley 27/2010, de 16 de julio, del régimen de cesión de tributos del Estado a la Comunidad Autónoma de Extremadura y de fijación del alcance y condiciones de dicha cesión."
2010-07-17,173,1,BOE-A-2010-11422,JEFATURA DEL ESTADO,estatal,Ley,63075,63079,"Ley 28/2010, de 16 de julio, del régimen de cesión de tributos del Estado a la Comunidad Autónoma de las Illes Balears y de fijación del alcance y condiciones de dicha cesión."
2010-07-17,173,1,BOE-A-2010-11423,JEFATURA DEL ESTADO,estatal,Ley,63080,63085,"Ley 29/2010, de 16 de julio, del régimen de cesión de tributos del Estado a la Comunidad de Madrid y de fijación del alcance y condiciones de dicha cesión."
2010-07-17,173,1,BOE-A-2010-11424,JEFATURA DEL ESTADO,estatal,Ley,63086,63090,"Ley 30/2010, de 16 de julio, del régimen de cesión de tributos del Estado a la Comunidad de Castilla y León y de fijación del alcance y condiciones de dicha cesión."
2010-07-17,173,1,BOE-A-2010-11425,JEFATURA DEL ESTADO,estatal,Corrección,63091,63091,"Corrección de errores del Real Decreto-ley 11/2010, de 9 de julio, de órganos de gobierno y otros aspectos del régimen jurídico de las Cajas de Ahorros."
2010-07-17,173,1,BOE-A-2010-11426,MINISTERIO DE EDUCACIÓN,estatal,Real Decreto,63092,63100,"Real Decreto 860/2010, de 2 de julio, por el que se regulan las condiciones de formación inicial del profesorado de los centros privados para ejercer la docencia en las enseñanzas de educación secundaria obligatoria o de bachillerato."
2010-07-17,173,1,BOE-A-2010-11427,"MINISTERIO DE INDUSTRIA, TURISMO Y COMERCIO",estatal,Resolución,63101,63102,"Resolución de 5 de julio de 2010, de la Dirección General de Política Energética y Minas, por la que se publican los nuevos precios de venta, antes de impuestos, de los gases licuados del petróleo por canalización."
2010-07-17,173,1,BOE-A-2010-11428,MINISTERIO DE LA PRESIDENCIA,estatal,Real Decreto,63103,63105,"Real Decreto 921/2010, de 16 de julio, por el que se modifica el Estatuto del Real Patronato sobre Discapacidad aprobado por el Real Decreto 946/2001, de 3 de agosto, para regular el Centro de Normalización Lingüística de la Lengua de Signos Española."
2010-07-19,174,1,BOE-A-2010-11482,MINISTERIO DE ASUNTOS EXTERIORES Y DE COOPERACIÓN,estatal,Tratado o acuerdo internacional,63244,63245,"Acuerdo entre el Reino de España y la República del Senegal sobre supresión recíproca de visados en pasaportes diplomáticos, hecho ""ad referendum"" en Madrid el 16 de diciembre de 2009."
2010-07-19,174,1,BOE-A-2010-11483,MINISTERIO DE ASUNTOS EXTERIORES Y DE COOPERACIÓN,estatal,Corrección,63246,63246,"Corrección de errores de la Enmienda al Anejo III del Convenio de Rotterdam para la aplicación del procedimiento de consentimiento fundamentado previo aplicable a ciertos plaguicidas y productos químicos peligrosos objeto de comercio internacional hecho en Rotterdam el 10 de septiembre de 1998, adoptada en Roma el 31 de octubre de 2008."
2010-07-19,174,1,BOE-A-2010-11484,MINISTERIO DE ASUNTOS EXTERIORES Y DE COOPERACIÓN,estatal,Orden,63247,63247,"Orden AEC/1943/2010, de 18 de junio, por la que se crea una Oficina Consular Honoraria de España en Elvas (Portugal) y se suprime el Viceconsulado Honorario de España en Moura (Portugal)."
2010-07-19,174,1,BOE-A-2010-11485,MINISTERIO DE ECONOMÍA Y HACIENDA,estatal,Orden,63248,63250,"Orden EHA/1944/2010, de 15 de julio, por la que se acuerda la emisión, acuñación y puesta en circulación de monedas de colección ""Campeones del Mundo Sudáfrica 2010"""
2010-07-19,174,1,BOE-A-2010-11486,COMUNIDAD AUTÓNOMA DE GALICIA,autonómico,Ley,63251,63293,"Ley 2/2010, de 25 de marzo, de medidas urgentes de modificación de la Ley 9/2002, de 30 de diciembre, de ordenación urbanística y protección del medio rural de Galicia."
2010-07-19,174,1,BOE-A-2010-11487,COMUNIDAD AUTÓNOMA DE GALICIA,autonómico,Ley,63294,63313,"Ley 3/2010, de 23 de junio, por la que se modifica la Ley 9/2009, de 23 de diciembre, de presupuestos generales de la Comunidad Autónoma de Galicia para el año 2010."
2010-07-19,174,1,BOE-A-2010-11488,COMUNIDAD AUTÓNOMA DE GALICIA,autonómico,Ley,63314,63318,"Ley 4/2010, de 23 de junio, de fomento del sector naval de Galicia."
2010-07-19,174,1,BOE-A-2010-11489,COMUNIDAD AUTÓNOMA DE GALICIA,autonómico,Ley,63319,63325,"Ley 5/2010, de 23 de junio, por la que se establece y regula una red de apoyo a la mujer embarazada."
2010-07-19,174,1,BOE-A-2010-11490,COMUNIDAD AUTÓNOMA DE ANDALUCÍA,autonómico,Ley,63326,63394,"Ley 4/2010, de 8 de junio, de aguas de la Comunidad Autónoma de Andalucía."
2010-07-19,174,1,BOE-A-2010-11491,COMUNIDAD AUTÓNOMA DE ANDALUCÍA,autonómico,Ley,63395,63451,"Ley 5/2010, de 11 de junio, de autonomía local de Andalucía."
2010-07-19,174,1,BOE-A-2010-11492,COMUNIDAD AUTÓNOMA DE ANDALUCÍA,autonómico,Ley,63452,63494,"Ley 6/2010, de 11 de junio, reguladora de la participación de las entidades locales en los tributos de la Comunidad Autónoma de Andalucía."
2010-07-20,175,1,BOE-A-2010-11588,MINISTERIO DE ASUNTOS EXTERIORES Y DE COOPERACIÓN,estatal,Tratado o acuerdo internacional,63826,63829,"Enmienda del Anexo II del Convenio Constitutivo de una Agencia Espacial Europea, hecho en Paris el 30 de mayo de 1975 (publicado en el ""Boletín Oficial del Estado"" de 13 de enero de 1981), hecha en Barcelona el 10 de junio de 2009."
2010-07-20,175,1,BOE-A-2010-11589,MINISTERIO DE ECONOMÍA Y HACIENDA,estatal,Resolución,63830,63832,"Resolución de 19 de julio de 2010, de la Presidencia del Comisionado para el Mercado de Tabacos, por la que se publican los precios de venta al público de determinadas labores de tabaco en Expendedurías de Tabaco y Timbre del Área del Monopolio."
2010-07-20,175,1,BOE-A-2010-11590,MINISTERIO DE LA PRESIDENCIA,estatal,Real Decreto,63833,63840,"Real Decreto 904/2010, de 9 de julio, por el que se desarrollan medidas fiscales y de Seguridad Social para atender los compromisos derivados de la organización y celebración de la 33ª edición de la Copa del América en la ciudad de Valencia."
2010-07-20,175,1,BOE-A-2010-11591,MINISTERIO DE LA PRESIDENCIA,estatal,Corrección,63841,63841,"Corrección de errores de la Orden PRE/1744/2010, de 30 de junio, por la que se regula el procedimiento, control y seguimiento de las situaciones de incapacidad temporal, riesgo durante el embarazo y riesgo durante la lactancia natural en el Régimen Especial de la Seguridad Social de los Funcionarios Civiles del Estado."
2010-07-21,176,1,BOE-A-2010-11641,MINISTERIO DE ECONOMÍA Y HACIENDA,estatal,Corrección,63972,63972,"Corrección de erratas de la Resolución de 19 de julio de 2010, de la Presidencia del Comisionado para el Mercado de Tabacos, por la que se publican los precios de venta al público de determinadas labores de tabaco en Expendedurías de Tabaco y Timbre del Área del Monopolio."
2010-07-21,176,1,BOE-A-2010-11642,MINISTERIO DE EDUCACIÓN,estatal,Orden,63973,63983,"Orden EDU/1965/2010, de 14 de julio, por la que se regulan los requisitos que han de cumplir los centros que impartan el primer ciclo de la educación infantil y diferentes aspectos relacionados con la admisión de alumnos, la participación, la organización y el funcionamiento de dichos centros en las ciudades de Ceuta y Melilla."
2010-07-22,177,1,BOE-A-2010-11658,MINISTERIO DE EDUCACIÓN,estatal,Orden,64043,64045,"Orden EDU/1970/2010, de 14 de julio, por la que se establece la equivalencia de los empleos militares de Cabo, Cabo Primero y Cabo Mayor de la Escala de Cabos y Guardias del Cuerpo de la Guardia Civil, al título de Técnico Superior correspondiente a la Formación Profesional del sistema educativo."
2010-07-23,178,1,BOE-A-2010-11722,TRIBUNAL CONSTITUCIONAL,estatal,Resolución judicial,64201,64201,"Cuestión de inconstitucionalidad n.º 4383-2010, en relación con el artículo 57.2 del Código Penal en la redacción dada al mismo por la Ley Orgánica 15/2003, de 25 de noviembre."
2010-07-23,178,1,BOE-A-2010-11723,TRIBUNAL CONSTITUCIONAL,estatal,Resolución judicial,64202,64202,"Conflicto positivo de competencia n.º 4602-2010, en relación con la Resolución de 1 de febrero de 2010, del Servicio Público de Empleo Estatal, por la que se aprueba la convocatoria para la concesión, con cargo al ejercicio presupuestario de 2010, de subvenciones públicas para la ejecución de planes de formación mediante convenios, de ámbito estatal, dirigidos prioritariamente a los trabajadores ocupados."
2010-07-23,178,1,BOE-A-2010-11724,TRIBUNAL CONSTITUCIONAL,estatal,Resolución judicial,64203,64203,"Conflicto positivo de competencia n.º 5045-2010, en relación con la Orden ITC/404/2010, de 22 de febrero, por la que se establecen las bases reguladoras para la concesión de ayudas públicas a la implantación y desarrollo de la responsabilidad social en las pequeñas y medianas empresas: iniciativa ""RSE-PYME"" y Resolución del 22 de marzo, de la Secretaria General de Industria, por la que se efectúa, para el año 2010, la convocatoria de ayudas."
2010-07-23,178,1,BOE-A-2010-11725,TRIBUNAL CONSTITUCIONAL,estatal,Resolución judicial,64204,64204,"Conflicto positivo de competencia n.º 5344-2010, en relación con el Real Decreto 199/2010, de 26 de febrero, por el que se regula el ejercicio de la venta ambulante o no sedentaria."
2010-07-23,178,1,BOE-A-2010-11726,"MINISTERIO DE MEDIO AMBIENTE, Y MEDIO RURAL Y MARINO",estatal,Real Decreto,64205,64210,"Real Decreto 864/2010, de 2 de julio, por el que se establecen las bases reguladoras para la concesión de las subvenciones para la repoblación de la explotación en caso de vaciado sanitario en el marco de los programas nacionales de lucha, control o erradicación de la tuberculosis bovina, brucelosis bovina, brucelosis ovina y caprina, lengua azul y encefalopatías espongiformes transmisibles."
2010-07-23,178,1,BOE-A-2010-11727,"MINISTERIO DE MEDIO AMBIENTE, Y MEDIO RURAL Y MARINO",estatal,Real Decreto,64211,64222,"Real Decreto 920/2010, de 16 de julio, por el que se establece el programa nacional de control de los nematodos del quiste de la patata."
2010-07-23,178,1,BOE-A-2010-11728,COMUNIDAD AUTÓNOMA DE CATALUÑA,autonómico,Otras,64223,64223,"Correción de errores de la Ley 10/2010, de 7 de mayo, de acogida de las personas inmigradas y de las regresadas a Cataluña."
2010-07-23,178,1,BOE-A-2010-11729,COMUNITAT VALENCIANA,autonómico,Ley,64224,64288,"Ley 8/2010, de 23 de junio, de régimen local de la Comunitat Valenciana."
2010-07-23,178,1,BOE-A-2010-11730,COMUNIDAD AUTÓNOMA DE CASTILLA-LA MANCHA,autonómico,Ley,64289,64290,"Ley 1/2010, de 11 de marzo, de regulación de la tasa para la concesión de la etiqueta ecológica en Castilla-La Mancha."
2010-07-23,178,1,BOE-A-2010-11731,COMUNIDAD AUTÓNOMA DE CASTILLA-LA MANCHA,autonómico,Ley,64291,64318,"Ley 2/2010, de 13 de mayo, de comercio de Castilla-La Mancha."
2010-07-23,178,1,BOE-A-2010-11732,COMUNIDAD AUTÓNOMA DE CASTILLA-LA MANCHA,autonómico,Ley,64319,64320,"Ley 3/2010, de 13 de mayo, de modificación de la Ley 4/1997, de 10 de julio, de Cajas de Ahorro de Castilla-La Mancha."
2010-07-23,178,1,BOE-A-2010-11733,COMUNIDAD AUTÓNOMA DE CASTILLA-LA MANCHA,autonómico,Ley,64321,64323,"Ley 4/2010, de 10 de junio, de creación de la Empresa Pública de Gestión de Infraestructuras Aeroportuarias de Castilla-La Mancha."
2010-07-23,178,1,BOE-A-2010-11734,COMUNIDAD AUTÓNOMA DE EXTREMADURA,autonómico,Corrección,64324,64324,"Corrección de errores de la Ley 6/2010, de 23 de junio, de medidas urgentes y complementarias para la reducción del déficit público en la Comunidad Autónoma de Extremadura."
2010-07-24,179,1,BOE-A-2010-11821,"MINISTERIO DE INDUSTRIA, TURISMO Y COMERCIO",estatal,Real Decreto,64788,64797,"Real Decreto 937/2010, de 23 de julio, por el que se regula el Fondo Financiero del Estado para la Modernización de las Infraestructuras Turísticas."
2010-07-24,179,1,BOE-A-2010-11822,"MINISTERIO DE INDUSTRIA, TURISMO Y COMERCIO",estatal,Orden,64798,64804,"Orden ITC/1992/2010, de 14 de julio, por la que se determinan las condiciones técnicas que deben cumplir las láminas de material plástico destinadas a ser adheridas a los vidrios de seguridad y materiales para acristalamiento de los vehículos en servicio."
2010-07-24,179,1,BOE-A-2010-11823,MINISTERIO DE CULTURA,estatal,Orden,64805,64810,"Orden CUL/1993/2010, de 21 de julio, por la que se aprueba el Estatuto de la Compañía Nacional de Danza, como centro de creación artística del Instituto Nacional de las Artes Escénicas y de la Música del Ministerio de Cultura."
2010-07-26,180,1,BOE-A-2010-11885,MINISTERIO DEL INTERIOR,estatal,Orden,65070,65071,"Orden INT/1997/2010, de 9 de julio, por la que se modifica la Orden de 16 de enero de 2001, por la que se regula la composición y funciones de determinados órganos colegiados del Ministerio del Interior."
2010-07-26,180,1,BOE-A-2010-11886,MINISTERIO DE EDUCACIÓN,estatal,Orden,65072,65098,"Orden EDU/1998/2010, de 13 de julio, por la que se establece el currículo del ciclo formativo de Grado Medio correspondiente al título de Técnico en Elaboración de Productos Alimenticios."
2010-07-26,180,1,BOE-A-2010-11887,MINISTERIO DE EDUCACIÓN,estatal,Orden,65099,65127,"Orden EDU/1999/2010, de 13 de julio, por la que se establece el currículo del ciclo formativo de Grado Medio correspondiente al título de Técnico en Gestión Administrativa."
2010-07-26,180,1,BOE-A-2010-11888,MINISTERIO DE EDUCACIÓN,estatal,Orden,65128,65159,"Orden EDU/2000/2010, de 13 de julio, por la que se establece el currículo del ciclo formativo de Grado Superior correspondiente al título de Técnico Superior en Desarrollo de Aplicaciones Multiplataforma."
2010-07-26,180,1,BOE-A-2010-11889,MINISTERIO DE EDUCACIÓN,estatal,Orden,65160,65196,"Orden EDU/2001/2010, de 13 de julio, por la que se establece el currículo del ciclo formativo de Grado Superior correspondiente al título de Técnico Superior en Procesos y Calidad en la Industria Alimentaria."
2010-07-27,181,1,BOE-A-2010-12004,PRESIDENCIA DEL GOBIERNO,estatal,Real Decreto,65529,65530,"Real Decreto 929/2010, de 23 de julio, por el que se modifica el Real Decreto 542/2009, de 7 de abril, por el que se reestructuran los departamentos ministeriales."
2010-07-27,181,1,BOE-A-2010-12005,CORTES GENERALES,estatal,Otras,65531,65533,Reforma del Reglamento del Senado sobre el uso de las lenguas oficiales en las Comunidades Autónomas en la actividad de la cámara.
2010-07-27,181,1,BOE-A-2010-12006,MINISTERIO DE EDUCACIÓN,estatal,Orden,65534,65540,"Orden EDU/2026/2010, de 19 de julio, por la que se establecen los requisitos y convocatoria para el reconocimiento de centros de prácticas y profesores tutores de los estudiantes del Máster Universitario en Formación del Profesorado de Educación Secundaria Obligatoria y Bachillerato, Formación Profesional y enseñanzas de Idiomas, para las ciudades de Ceuta y Melilla."
2010-07-27,181,1,BOE-A-2010-12007,MINISTERIO DE LA PRESIDENCIA,estatal,Real Decreto,65541,65543,"Real Decreto 940/2010, de 23 de julio, por el que se modifica el Real Decreto 495/2010, de 30 de abril, por el que se aprueba la estructura orgánica básica de los departamentos ministeriales."
2010-07-27,181,1,BOE-A-2010-12008,MINISTERIO DE LA PRESIDENCIA,estatal,Real Decreto,65544,65548,"Real Decreto 941/2010, de 23 de julio, por el que se modifica el Estatuto de la Agencia Española de Cooperación Internacional para el Desarrollo aprobado por el Real Decreto 1403/2007, de 26 de octubre."
2010-07-28,182,1,BOE-A-2010-12133,JEFATURA DEL ESTADO,estatal,Ley Orgánica,65770,65771,"Ley Orgánica 6/2010, de 27 de julio, complementaria de la Ley 31/2010, de 27 de julio, sobre simplificación del intercambio de información e inteligencia entre los servicios de seguridad de los Estados miembros de la Unión Europea, por la que se modifica la Ley Orgánica 6/1985, de 1 de julio, del Poder Judicial."
2010-07-28,182,1,BOE-A-2010-12134,JEFATURA DEL ESTADO,estatal,Ley,65772,65779,"Ley 31/2010, de 27 de julio, sobre simplificación del intercambio de información e inteligencia entre los servicios de seguridad de los Estados miembros de la Unión Europea."
2010-07-28,182,1,BOE-A-2010-12135,JEFATURA DEL ESTADO,estatal,Otras,65780,65812,Instrumento de Ratificación del Convenio penal sobre la corrupción (Convenio número 173 del Consejo de Europa) hecho en Estrasburgo el 27 de enero de 1999.
2010-07-28,182,1,BOE-A-2010-12136,CORTES GENERALES,estatal,Resolución,65813,65813,"Resolución de 21 de julio de 2010, del Congreso de los Diputados, por la que se ordena la publicación del Acuerdo de convalidación del Real Decreto-ley 11/2010, de 9 de julio, de órganos de gobierno y otros aspectos del régimen jurídico de las Cajas de Ahorros."
2010-07-28,182,1,BOE-A-2010-12137,MINISTERIO DE JUSTICIA,estatal,Real Decreto,65814,65832,"Real Decreto 859/2010, de 2 de julio, por el que se determina el número máximo de fiscales decanos de secciones especializadas."
2010-07-28,182,1,BOE-A-2010-12138,"MINISTERIO DE INDUSTRIA, TURISMO Y COMERCIO",estatal,Orden,65833,65838,"Orden ITC/2036/2010, de 22 de julio, por la que se regula el procedimiento para la designación de organismos notificados para equipos de telecomunicación, de acuerdo con lo establecido en el Real Decreto 1890/2000, de 20 de noviembre, por el que se aprueba el reglamento que establece el procedimiento para la evaluación de la conformidad de los equipos de telecomunicaciones."
2010-07-28,182,1,BOE-A-2010-12139,MINISTERIO DE LA PRESIDENCIA,estatal,Orden,65839,65841,"Orden PRE/2037/2010, de 26 de julio, por la que se crea el Comité de Seguimiento del proceso de titulización del déficit del sistema eléctrico."
2010-07-28,182,1,BOE-A-2010-12140,COMUNIDAD AUTÓNOMA DE CANTABRIA,autonómico,Ley,65842,65856,"Ley 4/2010, de 6 de julio, de educación en el tiempo libre."
2010-07-28,182,1,BOE-A-2010-12141,COMUNIDAD AUTÓNOMA DE CANTABRIA,autonómico,Ley,65857,65875,"Ley 5/2010, de 6 de julio, de modificación parcial de la Ley 5/2009, de 28 de diciembre, de presupuestos generales de la Comunidad Autónoma de Cantabria para el año 2010."
2010-07-29,183,1,BOE-A-2010-12168,MINISTERIO DE ASUNTOS EXTERIORES Y DE COOPERACIÓN,estatal,Tratado o acuerdo internacional,66055,66057,"Canje de Notas de fechas 17 de marzo y 16 de junio de 2010, constitutivo de Acuerdo entre el Reino de España y los Estados Unidos Mexicanos sobre la creación de una Subcomisión para Asuntos de Defensa en el marco de la Comision Binacional Mexico-España."
2010-07-29,183,1,BOE-A-2010-12169,MINISTERIO DE ASUNTOS EXTERIORES Y DE COOPERACIÓN,estatal,Corrección,66058,66060,"Corrección de errores del Instrumento de Aceptación de la Enmienda al artículo 38 de los Estatutos de la Organización Mundial del Turismo, adoptada en la III Asamblea General de la Organización, celebrada en Torremolinos el 25 de septiembre de 1979 por Resolución 61(III)."
2010-07-29,183,1,BOE-A-2010-12170,MINISTERIO DE ECONOMÍA Y HACIENDA,estatal,Orden,66061,66084,"Orden EHA/2043/2010, de 22 de julio, por la que se regula el procedimiento de remisión de las cuentas anuales y demás información que las entidades del sector público empresarial y fundacional del Estado han de rendir al Tribunal de Cuentas, y de la información de carácter anual y trimestral a remitir a la Intervención General de la Administración del Estado."
2010-07-29,183,1,BOE-A-2010-12171,MINISTERIO DEL INTERIOR,estatal,Orden,66085,66086,"Orden INT/2044/2010, de 28 de julio, por la que se modifica el apartado tercero de la Orden de 16 de enero de 2001, por la que se regula la composición y funciones de determinados Órganos Colegiados del Ministerio del Interior."
2010-07-29,183,1,BOE-A-2010-12172,"MINISTERIO DE INDUSTRIA, TURISMO Y COMERCIO",estatal,Orden,66087,66091,"Orden ITC/2045/2010, de 22 de julio, por la que se regula el procedimiento para la designación de organismos notificados para equipos de telecomunicación, de acuerdo con lo establecido en el Real Decreto 1580/2006, de 22 de diciembre, por el que se regula la compatibilidad electromagnética de los equipos eléctricos y electrónicos."
2010-07-29,183,1,BOE-A-2010-12173,MINISTERIO DE LA PRESIDENCIA,estatal,Orden,66092,66096,"Orden PRE/2046/2010, de 21 de julio, por la que se incluyen las sustancias activas flocumafén, tolilfluanida y acroleína, en el anexo I del Real Decreto 1054/2002, de 11 de octubre, por el que se regula el proceso de evaluación para el registro, autorización y comercialización de biocidas."
2010-07-29,183,1,BOE-A-2010-12174,MINISTERIO DE LA PRESIDENCIA,estatal,Orden,66097,66104,"Orden PRE/2047/2010, de 21 de julio, por la que se incluyen las sustancias activas nitrógeno, tetraborato de disodio, ácido bórico, octaborato tetrahidratado de disodio, óxido bórico y fosfuro de aluminio generador de fosfina, en el anexo I del Real Decreto 1054/2002, de 11 de octubre, por el que se regula el proceso de evaluación para el registro, autorización y comercialización de biocidas."
2010-07-29,183,1,BOE-A-2010-12175,MINISTERIO DE SANIDAD Y POLÍTICA SOCIAL,estatal,Corrección,66105,66105,"Corrección de erratas de la Resolución de 29 de junio de 2010, de la Secretaría General de Política Social y Consumo, por la que se publica el Acuerdo del Consejo Territorial del Sistema para la Autonomía y Atención a la Dependencia sobre modificación del baremo de valoración de la situación de dependencia establecido en el Real Decreto 504/2007, de 20 de abril."
2010-07-29,183,1,BOE-A-2010-12176,COMUNIDAD AUTÓNOMA DEL PAÍS VASCO,autonómico,Ley,66106,66106,"Ley 2/2010, de 22 de abril, relativa a la declaración del 25 de octubre como Día del País Vasco-Euskadiko Eguna."
2010-07-29,183,1,BOE-A-2010-12177,COMUNIDAD AUTÓNOMA DEL PAÍS VASCO,autonómico,Ley,66107,66113,"Ley 3/2010, de 24 de junio, de modificación de la Ley por la que se aprueban los Presupuestos Generales de la Comunidad Autónoma de Euskadi para el ejercicio 2010."
2010-07-30,184,1,BOE-A-2010-12210,MINISTERIO DE SANIDAD Y POLÍTICA SOCIAL,estatal,Orden,66216,66218,"Orden SAS/2061/2010, de 23 de julio, por la que se modifica el anexo III del Real Decreto 1599/1997, de 17 de octubre, sobre productos cosméticos."
2010-07-30,184,1,BOE-A-2010-12211,MINISTERIO DE SANIDAD Y POLÍTICA SOCIAL,estatal,Orden,66219,66221,"Orden SAS/2062/2010, de 23 de julio, por la que se modifican los anexos II y III del Real Decreto 1599/1997, de 17 de octubre, sobre productos cosméticos."
2010-07-30,184,1,BOE-A-2010-12212,MINISTERIO DE SANIDAD Y POLÍTICA SOCIAL,estatal,Orden,66222,66224,"Orden SAS/2063/2010, de 23 de julio, por la que se modifican los anexos III y VI del Real Decreto 1599/1997, de 17 de octubre, sobre productos cosméticos."
2010-07-30,184,1,BOE-A-2010-12213,TRIBUNAL SUPREMO,estatal,Resolución judicial,66225,66225,"Sentencia de 4 de mayo de 2010, de la Sala Tercera del Tribunal Supremo, por la que se declara la nulidad del artículo 2.7 del Real Decreto 314/2006, de 17 de marzo, por el que se aprueba el Código Técnico de la Edificación, así como la definición del párrafo segundo de uso administrativo y la definición completa de uso pública concurrencia, contenidas en el documento SI del mencionado Código."
2010-07-30,184,1,BOE-A-2010-12214,TRIBUNAL DE CUENTAS,estatal,Resolución judicial,66226,66228,"Resolución de 26 de julio de 2010, de la Presidencia del Tribunal de Cuentas, por la que se publica el Acuerdo del Pleno del Tribunal de Cuentas de 20 de julio de 2010, por el que se aprueba la modificación de la Instrucción que regula el formato de la Cuenta General de las Entidades Locales en soporte informático y el procedimiento telemático para la rendición de cuentas."
2010-07-30,184,1,BOE-A-2010-12215,COMUNIDAD AUTÓNOMA DE CANARIAS,autonómico,Ley,66229,66231,"Ley 6/2010, de 8 de julio, por la que se extinguen las Cámaras Agrarias de la Comunidad Autónoma de Canarias."
2010-07-30,184,1,BOE-A-2010-12216,COMUNIDAD AUTÓNOMA DE CANARIAS,autonómico,Ley,66232,66235,"Ley 7/2010, de 15 de julio, por la que se modifica la Ley 13/2009, de 28 de diciembre, de presupuestos generales de la Comunidad Autónoma de Canarias para 2010."
2010-07-30,184,1,BOE-A-2010-12217,COMUNIDAD DE MADRID,autonómico,Ley,66236,66238,"Ley 1/2010, de 24 de febrero, de creación del Colegio Profesional de Educadoras y Educadores Sociales de la Comunidad de Madrid."
2010-07-31,185,1,BOE-A-2010-12269,MINISTERIO DE EDUCACIÓN,estatal,Orden,66483,66487,"Orden EDU/2075/2010, de 29 de julio, por la que se establecen los requisitos para la verificación de los títulos universitarios oficiales que habiliten para el ejercicio de la profesión de Arquitecto."
2010-07-31,185,1,BOE-A-2010-12270,MINISTERIO DE TRABAJO E INMIGRACIÓN,estatal,Orden,66488,66489,"Orden TIN/2076/2010, de 27 de julio, por la que se determina el ejercicio de funciones en materia de actas de liquidación y de imposición de sanciones por infracciones de Seguridad Social en el ámbito de las direcciones provinciales de la Tesorería General de la Seguridad Social."
2010-07-31,185,1,BOE-A-2010-12271,"MINISTERIO DE INDUSTRIA, TURISMO Y COMERCIO",estatal,Corrección,66490,66490,"Corrección de errores de la Orden ITC/1890/2010, de 13 de julio, por la que se regulan determinados aspectos relacionados con el acceso de terceros y las retribuciones reguladas en el sistema del gas natural."
2010-07-31,185,1,BOE-A-2010-12272,"MINISTERIO DE INDUSTRIA, TURISMO Y COMERCIO",estatal,Resolución,66491,66492,"Resolución de 27 de julio de 2010, de la Dirección General de Política Energética y Minas, por la que se fijan los precios de los combustibles definitivos del primer semestre de 2010 a aplicar en el cálculo de la prima de funcionamiento de cada grupo generador, los costes de logística para el Fuel Oil BIA 0,73% del segundo semestre de 2010 y los precios de los combustibles provisionales del segundo semestre de 2010 a aplicar para efectuar el despacho de los costes variables de generación en los sistemas eléctricos insulares y extrapeninsulares."
2010-07-31,185,1,BOE-A-2010-12273,"MINISTERIO DE MEDIO AMBIENTE, Y MEDIO RURAL Y MARINO",estatal,Orden,66493,66511,"Orden ARM/2077/2010, de 27 de julio, para el control de acceso de buques de terceros países, operaciones de transito, transbordo, importación y exportación de productos de la pesca para prevenir, desalentar y eliminar la pesca ilegal, no declarada y no reglamentada."
2010-07-31,185,1,BOE-A-2010-12274,MINISTERIO DE SANIDAD Y POLÍTICA SOCIAL,estatal,Corrección,66512,66512,"Corrección de errores de la Resolución de 29 de junio de 2010, de la Secretaría General de Política Social y Consumo, por la que se publica el Acuerdo del Consejo Territorial del Sistema para la Autonomía y Atención a la Dependencia sobre modificación del baremo de valoración de la situación de dependencia establecido en el Real Decreto 504/2007, de 20 de abril."
2010-07-31,185,1,BOE-A-2010-12275,MINISTERIO DE VIVIENDA,estatal,Orden,66513,66520,"Orden VIV/2078/2010, de 21 de julio, por la que se establecen las condiciones, los requisitos y el procedimiento aplicables a la concesión de las subvenciones excepcionales en materia de vivienda, para reparar los daños causados por los incendios forestales y otras catástrofes naturales ocurridos en varias Comunidades Autónomas, al amparo de la Ley 3/2010, de 10 de marzo."
2010-07-31,185,1,BOE-A-2010-12276,COMUNIDAD AUTÓNOMA DEL PAÍS VASCO,autonómico,Resolución,66521,66523,"Resolución de 23 de julio de 2010, de la Dirección de Tráfico del Departamento de Interior, por la que se modifica la Resolución de 14 de diciembre de 2009, de medidas especiales de regulación de tráfico durante el año 2010 en la Comunidad Autónoma del País Vasco, por la incorporación al Catálogo y a la Red de Carreteras de Gipuzkoa del Segundo Cinturón de Donostia-San Sebastián."
2010-08-02,186,1,BOE-A-2010-12326,MINISTERIO DE ASUNTOS EXTERIORES Y DE COOPERACIÓN,estatal,Tratado o acuerdo internacional,66693,66697,"Memorando de Entendimiento entre la Agencia Española de Cooperación Internacional para el Desarrollo y la Oficina Internacional del Trabajo de la Organización Internacional del Trabajo para la financiación de un Programa de Expertos asociados en la OIT para jóvenes españoles, hecho en Madrid el 23 de febrero de 2010."
2010-08-02,186,1,BOE-A-2010-12327,MINISTERIO DE ECONOMÍA Y HACIENDA,estatal,Resolución,66698,66707,"Resolución de 22 de julio de 2010, de la Secretaría de Estado de Hacienda y Presupuestos, por la que se desarrolla el Real Decreto 1676/2009, de 13 de noviembre, por el que se regula el Consejo para la Defensa del Contribuyente y se determina su sede electrónica."
2010-08-02,186,1,BOE-A-2010-12328,MINISTERIO DE EDUCACIÓN,estatal,Orden,66708,66710,"Orden EDU/2095/2010, de 28 de julio, por la que se establece la estructura de las pruebas para la obtención del título de bachiller para personas mayores de veinte años en el ámbito de gestión del Ministerio de Educación."
2010-08-03,187,1,BOE-A-2010-12419,TRIBUNAL CONSTITUCIONAL,estatal,Resolución judicial,67032,67032,"Recurso de inconstitucionalidad n.º 2725-2010, en relación con la Ley de la Comunidad Autónoma de Aragón 9/2009, de 22 de diciembre, reguladora de concejos abiertos."
2010-08-03,187,1,BOE-A-2010-12420,TRIBUNAL CONSTITUCIONAL,estatal,Resolución judicial,67033,67033,"Cuestión de inconstitucionalidad n.º 1490-2010, en relación con el artículo 73.3, párrafo tercero, de la Ley 7/1985, de 2 de abril, reguladora de las bases del régimen local."
2010-08-03,187,1,BOE-A-2010-12421,MINISTERIO DE ASUNTOS EXTERIORES Y DE COOPERACIÓN,estatal,Otras,67034,67631,"Actas Finales de la Conferencia Mundial de Radiocomunicaciones (CMR-07), hecho en Ginebra el 16 de noviembre de 2007."
2010-08-03,187,1,BOE-A-2010-12422,MINISTERIO DE ECONOMÍA Y HACIENDA,estatal,Corrección,67632,67633,"Corrección de errores de la Orden EHA/1037/2010, de 13 de abril, por la que se aprueba el Plan General de Contabilidad Pública."
2010-08-03,187,1,BOE-A-2010-12423,COMUNITAT VALENCIANA,autonómico,Ley,67634,67639,"Ley 9/2010, de 7 de julio, de designación de Senadores o Senadoras en representación de la Comunitat Valenciana."
2010-08-04,188,1,BOE-A-2010-12484,MINISTERIO DE ASUNTOS EXTERIORES Y DE COOPERACIÓN,estatal,Otras,67887,67887,Sucesión con respecto a la República de Montenegro en los tratados bilaterales concluidos entre el Reino de España y la Antigua Yugoslavia o la Unión Estatal de Serbia y Montenegro.
2010-08-04,188,1,BOE-A-2010-12485,MINISTERIO DE ASUNTOS EXTERIORES Y DE COOPERACIÓN,estatal,Tratado o acuerdo internacional,67888,67889,"Acuerdo entre la Agencia Española de Cooperación Internacional para el Desarrollo y la Organización de las Naciones Unidas para la Educación, la Ciencia y la Cultura sobre la provisión de Expertos asociados, hecho en Madrid el 26 de abril de 2010."
2010-08-04,188,1,BOE-A-2010-12486,MINISTERIO DE TRABAJO E INMIGRACIÓN,estatal,Orden,67890,67891,"Orden TIN/2124/2010, de 28 de julio, por la que se modifica la Orden TAS/4054/2005, de 27 de diciembre, por la que se desarrollan los criterios técnicos para la liquidación de capitales coste de pensiones y otras prestaciones periódicas de la Seguridad Social."
2010-08-04,188,1,BOE-A-2010-12487,MINISTERIO DE LA PRESIDENCIA,estatal,Orden,67892,67898,"Orden PRE/2125/2010, de 30 de julio, por la que se incluyen las sustancias activas fluoruro de sulfurilo, cumatetralilo, fenpropimorf, bromadiolona, alfacloralosa y clorofacinona en el anexo I del Real Decreto 1054/2002, de 11 de octubre, por el que se regula el proceso de evaluación para el registro, autorización y comercialización de biocidas."
2010-08-04,188,1,BOE-A-2010-12488,BANCO DE ESPAÑA,estatal,Instrucción o circular,67899,67905,"Circular 4/2010, de 30 de julio, del Banco de España, a entidades de crédito, sobre agentes de las entidades de crédito y acuerdos celebrados para la prestación habitual de servicios financieros."
2010-08-04,188,1,BOE-A-2010-12489,COMUNIDAD FORAL DE NAVARRA,autonómico,Ley,67906,67909,"Ley Foral 13/2010, de 17 de junio, del Plan Extraordinario del Plan de Inversiones Locales del periodo 2009-2012."
2010-08-05,189,1,BOE-A-2010-12532,JEFATURA DEL ESTADO,estatal,Otras,68164,68167,"Instrumento de Ratificación del Protocolo Facultativo a la Convención sobre la seguridad del personal de las Naciones Unidas y el personal asociado, hecho en Nueva York el 8 de diciembre de 2005."
2010-08-05,189,1,BOE-A-2010-12533,MINISTERIO DE FOMENTO,estatal,Real Decreto,68168,68178,"Real Decreto 918/2010, de 16 de julio, por el que se modifica el Real Decreto 810/2007, de 22 de junio, por el que se aprueba el Reglamento sobre seguridad en la circulación de la Red Ferroviaria de Interés General."
2010-08-05,189,1,BOE-A-2010-12534,MINISTERIO DE FOMENTO,estatal,Real Decreto,68179,68182,"Real Decreto 919/2010, de 16 de julio, por el que se modifica el Reglamento de la Ley de Ordenación de los Transportes Terrestres para adaptarlo a la Ley 25/2009, de 22 de diciembre, de modificación de diversas leyes para su adaptación a la Ley sobre libre acceso a las actividades de servicios y su ejercicio."
2010-08-05,189,1,BOE-A-2010-12535,MINISTERIO DE LA PRESIDENCIA,estatal,Real Decreto,68183,68186,"Real Decreto 942/2010, de 23 de julio, de reestructuración de diversas Áreas funcionales integradas en las Delegaciones del Gobierno."
2010-08-05,189,1,BOE-A-2010-12536,MINISTERIO DE LA PRESIDENCIA,estatal,Real Decreto,68187,68189,"Real Decreto 943/2010, de 23 de julio, por el que se modifica el Real Decreto 106/2008, de 1 de febrero, sobre pilas y acumuladores y la gestión ambiental de sus residuos."
2010-08-05,189,1,BOE-A-2010-12537,MINISTERIO DE SANIDAD Y POLÍTICA SOCIAL,estatal,Real Decreto,68190,68192,"Real Decreto 944/2010, de 23 de julio, por el que se modifica el Real Decreto 1599/1997, de 17 de octubre, sobre productos cosméticos para adaptarlo al Reglamento (CE) n.º 1272/2008, del Parlamento Europeo y del Consejo, de 16 de diciembre de 2008, sobre clasificación, etiquetado y envasado de sustancias y mezclas."
2010-08-05,189,1,BOE-A-2010-12538,COMUNIDAD FORAL DE NAVARRA,autonómico,Ley,68193,68194,"Ley Foral 14/2010, de 1 de julio, por la que se modifica la Ley Foral 10/1990, de 23 de noviembre, de Salud."
2010-08-06,190,1,BOE-A-2010-12616,JEFATURA DEL ESTADO,estatal,Ley,68526,68551,"Ley 32/2010, de 5 de agosto, por la que se establece un sistema específico de protección por cese de actividad de los trabajadores autónomos."
2010-08-06,190,1,BOE-A-2010-12617,MINISTERIO DE ASUNTOS EXTERIORES Y DE COOPERACIÓN,estatal,Tratado o acuerdo internacional,68552,68554,"Acuerdo entre el Gobierno del Reino de España y el Gobierno de la República Socialista de Vietnam sobre supresión recíproca de visados en pasaportes diplomáticos, hecho ""ad referéndum"" en Madrid el 15 de diciembre de 2009."
2010-08-06,190,1,BOE-A-2010-12618,MINISTERIO DE ECONOMÍA Y HACIENDA,estatal,Real Decreto,68555,68559,"Real Decreto 1000/2010, de 5 de agosto, sobre visado colegial obligatorio."
2010-08-06,190,1,BOE-A-2010-12619,MINISTERIO DE ECONOMÍA Y HACIENDA,estatal,Orden,68560,68563,"Orden EHA/2151/2010, de 29 de julio, por la que se regulan la Mesa Única de Contratación y la Junta de Contratación de los Servicios Centrales en el Ministerio de Economía y Hacienda."
2010-08-06,190,1,BOE-A-2010-12620,MINISTERIO DE FOMENTO,estatal,Real Decreto,68564,68573,"Real Decreto 1001/2010, de 5 de agosto, por el que se establecen normas de seguridad aeronáutica en relación con los tiempos de actividad y los requisitos de descanso de los controladores civiles de tránsito aéreo."
2010-08-06,190,1,BOE-A-2010-12621,MINISTERIO DE EDUCACIÓN,estatal,Real Decreto,68574,68609,"Real Decreto 1002/2010, de 5 de agosto, sobre expedición de títulos universitarios oficiales."
2010-08-06,190,1,BOE-A-2010-12622,"MINISTERIO DE INDUSTRIA, TURISMO Y COMERCIO",estatal,Real Decreto,68610,68615,"Real Decreto 1003/2010, de 5 de agosto, por el que se regula la liquidación de la prima equivalente a las instalaciones de producción de energía eléctrica de tecnología fotovoltaica en régimen especial."
2010-08-06,190,1,BOE-A-2010-12623,"MINISTERIO DE INDUSTRIA, TURISMO Y COMERCIO",estatal,Resolución,68616,68618,"Resolución de 30 de julio de 2010, de la Dirección General de Política Energética y Minas, por la que se modifica la Resolución de 25 de julio de 2006, por la que se regulan las condiciones de asignación y el procedimiento de aplicación de la interrumpibilidad en el sistema gasista."
2010-08-06,190,1,BOE-A-2010-12624,"MINISTERIO DE MEDIO AMBIENTE, Y MEDIO RURAL Y MARINO",estatal,Orden,68619,68620,"Orden ARM/2152/2010, de 29 de julio, por la que se modifican los anexos II y III del Reglamento de protección de obtenciones vegetales, aprobado por el Real Decreto 1261/2005, de 21 de octubre."
2010-08-06,190,1,BOE-A-2010-12625,MINISTERIO DE LA PRESIDENCIA,estatal,Real Decreto,68621,68628,"Real Decreto 1004/2010, de 5 de agosto, por el que se desarrolla la Ley 8/2009, de 28 de agosto, de financiación de la Corporación de Radio y Televisión Española."
2010-08-06,190,1,BOE-A-2010-12626,MINISTERIO DE LA PRESIDENCIA,estatal,Real Decreto,68629,68634,"Real Decreto 1006/2010, de 5 de agosto, por el que se regula el procedimiento de concesión de ayudas a las personas afectadas por la talidomida en España durante el periodo 1960-1965."
2010-08-06,190,1,BOE-A-2010-12627,TRIBUNAL SUPREMO,estatal,Resolución judicial,68635,68635,"Sentencia de 14 de mayo de 2010, de la Sala Tercera del Tribunal Supremo, por la que se establece la siguiente doctrina: ""Forma parte de la base imponible del Impuesto sobre Construcciones, Instalaciones y Obras, regulado en el Texto Refundido de la Ley Reguladora de las Haciendas Locales, aprobado por Real Decreto Legislativo 2/2004, de 5 de marzo, en el supuesto de instalación de parques eólicos el coste de todos los elementos necesarios para la captación de la energía que figuren en el proyecto para el que se solicita la licencia de obras y carezcan de singularidad o identidad propia respecto de la construcción realizada""."
2010-08-06,190,1,BOE-A-2010-12628,BANCO DE ESPAÑA,estatal,Corrección,68636,68636,"Corrección de errores de la Circular 4/2010, de 30 de julio, del Banco de España, a entidades de crédito, sobre agentes de las entidades de crédito y acuerdos celbrados para la prestación habitual de servicios financieros."
2010-08-06,190,1,BOE-A-2010-12629,COMUNITAT VALENCIANA,autonómico,Ley,68637,68754,"Ley 10/2010, de 9 de julio, de ordenación y gestión de la Función Pública Valenciana."
2010-08-07,191,1,BOE-A-2010-12703,JEFATURA DEL ESTADO,estatal,Ley,68986,69113,"Ley 33/2010, de 5 de agosto, de modificación de la Ley 48/2003, de 26 de noviembre, de régimen económico y de prestación de servicios en los puertos de interés general."
2010-08-07,191,1,BOE-A-2010-12704,PRESIDENCIA DEL GOBIERNO,estatal,Real Decreto,69114,69115,"Real Decreto 999/2010, de 5 de agosto, por el que se modifica el Real Decreto 434/1988, de 6 de mayo, sobre reestructuración de la Casa de Su Majestad el Rey."
2010-08-07,191,1,BOE-A-2010-12705,MINISTERIO DE FOMENTO,estatal,Real Decreto,69116,69146,"Real Decreto 931/2010, de 23 de julio, por el que se regula el procedimiento de certificación de proveedores civiles de servicios de navegación aérea y su control normativo."
2010-08-07,191,1,BOE-A-2010-12706,MINISTERIO DE EDUCACIÓN,estatal,Orden,69147,69166,"Orden EDU/2157/2010, de 30 de julio, por la que se regula el currículo mixto de las enseñanzas acogidas al Acuerdo entre el Gobierno de España y el Gobierno de Francia relativo a la doble titulación de Bachiller y de Baccalauréat en centros docentes españoles, así como los requisitos para su obtención."
2010-08-07,191,1,BOE-A-2010-12707,MINISTERIO DE SANIDAD Y POLÍTICA SOCIAL,estatal,Orden,69167,69170,"Orden SAS/2158/2010, de 28 de julio, por la que se modifica la Orden de 27 de junio de 1989, por la que se establecen las normas reguladoras de las pruebas selectivas para el acceso a plazas de formación sanitaria especializada."
2010-08-07,191,1,BOE-A-2010-12708,TRIBUNAL SUPREMO,estatal,Resolución judicial,69171,69171,"Sentencia de 9 de marzo de 2010, de la Sala Tercera del Tribunal Supremo, por la que se anula el punto Segundo (Denominación del Título), apartado 3 del Acuerdo del Consejo de Ministros de 14 de diciembre de 2007, así como varios apartados de la Orden ECI/3855/2007, de 27 de diciembre, por la que se establecen los requisitos para la verificación de los títulos Universitarios Oficiales que habiliten para el ejercicio de la profesión de Arquitecto Técnico."
2010-08-07,191,1,BOE-A-2010-12709,COMUNIDAD AUTÓNOMA DE CATALUÑA,autonómico,Ley,69172,69196,"Ley 20/2010, de 7 de julio, del cine."
2010-08-07,191,1,BOE-A-2010-12710,COMUNIDAD AUTÓNOMA DE CATALUÑA,autonómico,Ley,69197,69201,"Ley 21/2010, de 7 de julio, de acceso a la asistencia sanitaria de cobertura pública a cargo del Servicio Catalán de la Salud."
2010-08-09,192,1,BOE-A-2010-12765,JEFATURA DEL ESTADO,estatal,Ley,69400,69433,"Ley 34/2010, de 5 de agosto, de modificación de las Leyes 30/2007, de 30 de octubre, de Contratos del Sector Público, 31/2007, de 30 de octubre, sobre procedimientos de contratación en los sectores del agua, la energía, los transportes y los servicios postales, y 29/1998, de 13 de julio, reguladora de la Jurisdicción Contencioso-Administrativa para adaptación a la normativa comunitaria de las dos primeras."
2010-08-09,192,1,BOE-A-2010-12766,MINISTERIO DE ASUNTOS EXTERIORES Y DE COOPERACIÓN,estatal,Orden,69434,69443,"Orden AEC/2172/2010, de 13 de julio, por la que se regulan la constitución, elección y funcionamiento de los Consejos de Residentes Españoles en el Exterior."
2010-08-09,192,1,BOE-A-2010-12767,"MINISTERIO DE MEDIO AMBIENTE, Y MEDIO RURAL Y MARINO",estatal,Orden,69444,69450,"Orden ARM/2173/2010, de 30 de julio, por la que se crea y regula la Comisión de Coordinación de Bibliotecas del Ministerio de Medio Ambiente, y Medio Rural y Marino y de los organismos y entidades vinculadas al mismo."
2010-08-09,192,1,BOE-A-2010-12768,COMUNIDAD AUTÓNOMA DE EXTREMADURA,autonómico,Ley,69451,69463,"Ley 7/2010, de 19 de julio, de modificación de la Ley 3/2002, de 9 de mayo, de Comercio de la Comunidad Autónoma de Extremadura."
2010-08-09,192,1,BOE-A-2010-12769,COMUNIDAD AUTÓNOMA DE EXTREMADURA,autonómico,Ley,69464,69473,"Ley 8/2010, de 19 de julio, de Actividades Feriales de la Comunidad Autónoma de Extremadura."
2010-08-10,193,1,BOE-A-2010-12890,MINISTERIO DE ECONOMÍA Y HACIENDA,estatal,Resolución,69938,69941,"Resolución de 30 de julio de 2010, de la Presidencia del Comisionado para el Mercado de Tabacos, por la que se publican los precios de venta al público de determinadas labores de tabaco en Expendedurías de Tabaco y Timbre del Área del Monopolio."
2010-08-10,193,1,BOE-A-2010-12891,COMUNIDAD AUTÓNOMA DE ANDALUCÍA,autonómico,Ley,69942,69952,"Ley 7/2010, de 14 de julio, para la Dehesa."
2010-08-10,193,1,BOE-A-2010-12892,COMUNIDAD AUTÓNOMA DE ANDALUCÍA,autonómico,Ley,69953,69959,"Ley 8/2010, de 14 de julio, de medidas tributarias de reactivación económica de la Comunidad Autónoma de Andalucía."
2010-08-11,194,1,BOE-A-2010-12970,MINISTERIO DE FOMENTO,estatal,Orden,71007,71153,"Orden FOM/2189/2010, de 7 de julio, por la que se sustituye el anexo del Real Decreto 279/2007, de 23 de febrero, por el que se determinan los requisitos exigibles para la realización de las operaciones de transporte aéreo comercial por helicópteros civiles."
2010-08-11,194,1,BOE-A-2010-12971,MINISTERIO DE EDUCACIÓN,estatal,Corrección,71154,71156,"Corrección de erratas del Real Decreto 687/2010, de 20 de mayo, por el que se establece el título de Técnico Superior en Dirección de Cocina y se fijan sus enseñanzas mínimas."
2010-08-11,194,1,BOE-A-2010-12972,"MINISTERIO DE INDUSTRIA, TURISMO Y COMERCIO",estatal,Corrección,71157,71158,"Corrección de errores de la Orden ITC/1559/2010, de 11 de junio, por la que se regulan diferentes aspectos de la normativa de los sistemas eléctricos insulares y extrapeninsulares."
2010-08-11,194,1,BOE-A-2010-12973,"MINISTERIO DE INDUSTRIA, TURISMO Y COMERCIO",estatal,Corrección,71159,71159,"Corrección de errores de la Orden ITC/1732/2010, de 28 de junio, por la que se revisan los peajes de acceso a partir de 1 de julio de 2010 las tarifas y primas de determinadas instalaciones de régimen especial."
2010-08-11,194,1,BOE-A-2010-12974,"MINISTERIO DE INDUSTRIA, TURISMO Y COMERCIO",estatal,Corrección,71160,71160,"Corrección de errores de la Resolución de 27 de julio de 2010, de la Dirección General de Política Energética y Minas, por la que se fijan los precios de los combustibles definitivos del primer semestre de 2010 a aplicar en el cálculo de la prima de funcionamiento de cada grupo generador, los costes de logística para el Fuel Oil BIA 0,73% del segundo semestre de 2010 y los precios de los combustibles provisionales del segundo semestre de 2010 a aplicar para efectuar el despacho de los costes variables de generación en los sistemas eléctricos insulares y extrapeninsulares."
2010-08-11,194,1,BOE-A-2010-12975,COMUNITAT VALENCIANA,autonómico,Ley,71161,71167,"Ley 11/2010, de 16 de julio, reguladora del Estatuto de las Personas Cooperantes Valencianas."
2010-08-11,194,1,BOE-A-2010-12976,COMUNITAT VALENCIANA,autonómico,Ley,71168,71181,"Ley 12/2010, de 21 de julio, de medidas urgentes para agilizar el ejercicio de actividades productivas y la creación del empleo."
2010-08-12,195,1,BOE-A-2010-13040,TRIBUNAL CONSTITUCIONAL,estatal,Resolución judicial,71526,71526,"Recursos de inconstitucionalidad n.º 803-2010 y 2977-2010, acumulados, en relación con diversos preceptos de la Ley 2/2010, de 31 de marzo, de la Generalitat, de medidas de protección y revitalización del conjunto histórico de la ciudad de Valencia."
2010-08-12,195,1,BOE-A-2010-13041,TRIBUNAL CONSTITUCIONAL,estatal,Resolución judicial,71527,71527,"Recurso de inconstitucionalidad n.º 1017-2010, en relación con diversos preceptos de la Ley del Parlamento de Cataluña 5/2009, de 28 de abril, de los recursos contra la calificación negativa de los títulos o las cláusulas concretas en materia de derecho catalán que deban inscribirse en un registro de la propiedad, mercantil o de bienes muebles de Cataluña."
2010-08-12,195,1,BOE-A-2010-13042,COMUNIDAD AUTÓNOMA DE ARAGÓN,autonómico,Ley,71528,71555,"Ley 4/2010, de 22 de junio, por la que se modifica la Ley 9/1998, de 22 de diciembre, de Cooperativas de Aragón."
2010-08-12,195,1,BOE-A-2010-13043,COMUNIDAD AUTÓNOMA DE ARAGÓN,autonómico,Ley,71556,71571,"Ley 5/2010, de 24 de junio, por el que se adoptan medidas extraordinarias en el sector público de la Comunidad Autónoma de Aragón para la reducción del déficit público."
2010-08-13,196,1,BOE-A-2010-13114,MINISTERIO DE FOMENTO,estatal,Orden,71942,71948,"Orden FOM/2226/2010, de 26 de julio, por la que se regulan el ámbito de actuación y las funciones de la Subdirección General de Inspección de Servicios y Obras del Ministerio de Fomento."
2010-08-13,196,1,BOE-A-2010-13115,COMUNIDAD AUTÓNOMA DE CATALUÑA,autonómico,Ley,71949,72020,"Ley 22/2010, de 20 de julio, del Código de consumo de Cataluña."
2010-08-14,197,1,BOE-A-2010-13130,COMUNIDAD AUTÓNOMA DE CATALUÑA,autonómico,Ley,72090,72092,"Ley 23/2010, de 22 de julio, de modificación de la Ley 1/1995 y de la Ley 23/1983 para fijar el ámbito de planificación territorial de El Penedès."
2010-08-14,197,1,BOE-A-2010-13131,COMUNIDAD AUTÓNOMA DE CATALUÑA,autonómico,Ley,72093,72094,"Ley 24/2010, de 22 de julio, de aprobación de la escala autonómica del Impuesto sobre la Renta de las Personas Físicas."
2010-08-16,198,1,BOE-A-2010-13161,"MINISTERIO DE INDUSTRIA, TURISMO Y COMERCIO",estatal,Resolución,72354,72355,"Resolución de 4 de agosto de 2010, de la Dirección General de Política Energética y Minas, por la que se publican los nuevos precios de venta, antes de impuestos, de los gases licuados del petróleo por canalización."
2010-08-16,198,1,BOE-A-2010-13162,COMISIÓN NACIONAL DEL MERCADO DE VALORES,estatal,Instrucción o circular,72356,72373,"Circular 1/2010, de 28 de julio, de la Comisión Nacional del Mercado de Valores, de información reservada de las entidades que prestan servicios de inversión."
2010-08-17,199,1,BOE-A-2010-13203,COMUNIDAD AUTÓNOMA DE CANARIAS,autonómico,Ley,72708,72726,"Ley 8/2010, de 15 de julio, de los Juegos y Apuestas."
2010-08-18,200,1,BOE-A-2010-13217,COMUNIDAD AUTÓNOMA DE CANARIAS,autonómico,Ley,72769,72772,"Ley 9/2010, de 15 de julio, de reconocimiento de la universidad privada ""Universidad Europea de Canarias"", con sede en la Villa de La Orotava, Tenerife."
2010-08-19,201,1,BOE-A-2010-13242,COMUNIDAD AUTÓNOMA DE LAS ILLES BALEARS,autonómico,Ley,72821,72858,"Ley 7/2010, de 21 de julio, del sector público instrumental de la Comunidad Autónoma de las Illes Balears."
2010-08-20,202,1,BOE-A-2010-13271,MINISTERIO DE TRABAJO E INMIGRACIÓN,estatal,Resolución,73181,73189,"Resolución de 29 de julio de 2010, del Servicio Público de Empleo Estatal, por la que se regula la inscripción y en su caso acreditación de centros y entidades de formación que imparten formación de oferta para el empleo en el ámbito de gestión del Servicio Público de Empleo Estatal."
2010-08-20,202,1,BOE-A-2010-13272,COMUNIDAD AUTÓNOMA DE LAS ILLES BALEARS,autonómico,Ley,73190,73204,"Ley 8/2010, de 27 de julio, de medidas para la revalorización integral de la Playa de Palma."
2010-08-21,203,1,BOE-A-2010-13312,COMUNIDAD AUTÓNOMA DE CATALUÑA,autonómico,Ley,73429,73525,"Ley 25/2010, de 29 de julio, del libro segundo del Código civil de Cataluña, relativo a la persona y la familia."
2010-08-21,203,1,BOE-A-2010-13313,COMUNIDAD AUTÓNOMA DE CATALUÑA,autonómico,Ley,73526,73569,"Ley 26/2010, de 3 de agosto, de régimen jurídico y de procedimiento de las administraciones públicas de Cataluña."
2010-08-23,204,1,BOE-A-2010-13336,JEFATURA DEL ESTADO,estatal,Real Decreto-ley,73735,73737,"Real Decreto-ley 12/2010, de 20 de agosto, por el que se prorroga el programa temporal de protección por desempleo e inserción, regulado en la Ley 14/2009, de 11 de noviembre."
2010-08-23,204,1,BOE-A-2010-13337,COMUNIDAD AUTÓNOMA DE CATALUÑA,autonómico,Ley,73738,73740,"Ley 27/2010, de 3 de agosto, de modificación de la Ley 2/2009, de 12 de febrero, del Consejo de Garantías Estatutarias."
2010-08-24,205,1,BOE-A-2010-13358,COMUNIDAD AUTÓNOMA DE CATALUÑA,autonómico,Ley,73974,73975,"Ley 28/2010, de 3 de agosto, de modificación del artículo 6 del texto refundido de la Ley de protección de los animales, aprobado por el Decreto legislativo 2/2008."
2010-08-25,206,1,BOE-A-2010-13404,COMUNIDAD AUTÓNOMA DE LAS ILLES BALEARS,autonómico,Ley,74049,74053,"Ley 9/2010, de 27 de julio, de declaración de interés autonómico de la construcción del campo de golf de Son Bosc en Muro."
2010-08-26,207,1,BOE-A-2010-13428,PRESIDENCIA DEL GOBIERNO,estatal,Real Decreto,74277,74277,"Real Decreto 1086/2010, de 25 de agosto, por el que se declara luto oficial con motivo del fallecimiento de dos guardias civiles del contingente español en la Fuerza Internacional de Asistencia para la Seguridad en Afganistán."
2010-08-26,207,1,BOE-A-2010-13429,"MINISTERIO DE INDUSTRIA, TURISMO Y COMERCIO",estatal,Corrección,74278,74280,"Corrección de errores del Real Decreto 560/2010, de 7 de mayo, por el que se modifican diversas normas reglamentarias en materia de seguridad industrial para adecuarlas a la Ley 17/2009, de 23 de noviembre, sobre el libre acceso a las actividades de servicios y su ejercicio, y a la ley 25/2009, de 22 de diciembre, de modificación de diversas leyes para su adaptación a la Ley sobre el libre acceso a las actividades de servicios y su ejercicio."
2010-08-26,207,1,BOE-A-2010-13430,MINISTERIO DE LA PRESIDENCIA,estatal,Real Decreto,74281,74291,"Real Decreto 1005/2010, de 5 de agosto, por el que se aprueba el Estatuto del Organismo Autónomo Parque de Maquinaria."
2010-08-26,207,1,BOE-A-2010-13431,MINISTERIO DE IGUALDAD,estatal,Orden,74292,74295,"Orden IGD/2263/2010, de 19 de agosto, por la que se crea la Sede Electrónica del Ministerio de Igualdad."
2010-08-26,207,1,BOE-A-2010-13432,COMUNIDAD AUTÓNOMA DE LAS ILLES BALEARS,autonómico,Ley,74296,74311,"Ley 10/2010, de 27 de julio, de medidas urgentes relativas a determinadas infraestructuras y equipamientos de interés general en materia de ordenación territorial, urbanismo y de impulso a la inversión."
2010-08-27,208,1,BOE-A-2010-13463,MINISTERIO DE ECONOMÍA Y HACIENDA,estatal,Orden,74533,74535,"Orden EHA/2264/2010, de 20 de julio, por la que se dictan normas e instrucciones técnicas para la formación del censo electoral de residentes en España que sean nacionales de países con Acuerdos para las elecciones municipales."
2010-08-27,208,1,BOE-A-2010-13464,MINISTERIO DE IGUALDAD,estatal,Orden,74536,74542,"Orden IGD/2265/2010, de 19 de agosto, por la que se crea el Registro Electrónico del Ministerio de Igualdad."
2010-08-27,208,1,BOE-A-2010-13465,COMUNIDAD AUTÓNOMA DE ANDALUCÍA,autonómico,Ley,74543,74610,"Ley 9/2010, de 30 de julio, de Aguas para Andalucía."
2010-08-28,209,1,BOE-A-2010-13488,"MINISTERIO DE INDUSTRIA, TURISMO Y COMERCIO",estatal,Real Decreto,74781,74785,"Real Decreto 938/2010, de 23 de julio, por el que se regula la concesión directa de una subvención a la Asociación Saborea España."
2010-08-28,209,1,BOE-A-2010-13489,"MINISTERIO DE INDUSTRIA, TURISMO Y COMERCIO",estatal,Real Decreto,74786,74790,"Real Decreto 939/2010, de 23 de julio, por el que se regula la concesión directa de una subvención al Consorcio Urbanístico para la Mejora y el Embellecimiento de la Playa de Palma."
2010-08-28,209,1,BOE-A-2010-13490,COMUNIDAD AUTÓNOMA DE CANTABRIA,autonómico,Ley,74791,74797,"Ley 6/2010, de 30 de julio, de Medidas urgentes en materia de Ordenación del Territorio y Urbanismo."
2010-08-30,210,1,BOE-A-2010-13539,MINISTERIO DE LA PRESIDENCIA,estatal,Corrección,74916,74918,"Corrección de errores del Real Decreto Legislativo 1/2010, de 2 de julio, por el que se aprueba el texto refundido de la Ley de Sociedades de Capital."
2010-08-30,210,1,BOE-A-2010-13540,MINISTERIO DE SANIDAD Y POLÍTICA SOCIAL,estatal,Corrección,74919,74919,"Corrección de errores del Real Decreto 830/2010, de 25 de junio, por el que se establece la normativa reguladora de la capacitación para realizar tratamientos con biocidas."
2010-08-30,210,1,BOE-A-2010-13541,MINISTERIO DE SANIDAD Y POLÍTICA SOCIAL,estatal,Orden,74920,74934,"Orden SAS/2287/2010, de 19 de agosto, por la que se regulan los requisitos y el procedimiento para la acreditación de los centros, servicios y entidades privadas, concertadas o no, que actúen en el ámbito de la autonomía personal y la atención a personas en situación de dependencia en las ciudades de Ceuta y de Melilla."
2010-08-31,211,1,BOE-A-2010-13561,MINISTERIO DE EDUCACIÓN,estatal,Real Decreto,75071,75185,"Real Decreto 932/2010, de 23 de julio, por el que se establece el título de Técnico Deportivo en buceo deportivo con escafandra autónoma y se fijan sus enseñanzas mínimas y los requisitos de acceso."
2010-08-31,211,1,BOE-A-2010-13562,MINISTERIO DE EDUCACIÓN,estatal,Real Decreto,75186,75367,"Real Decreto 933/2010, de 23 de julio, por el que se establecen los títulos de Técnico Deportivo en las disciplinas hípicas de salto, doma y concurso completo y Técnico Deportivo en las disciplinas hípicas de resistencia, orientación y turismo ecuestre, y se fijan sus enseñanzas mínimas y los requisitos de acceso."
2010-08-31,211,1,BOE-A-2010-13563,MINISTERIO DE EDUCACIÓN,estatal,Real Decreto,75368,75462,"Real Decreto 934/2010, de 23 de julio, por el que se establece el título de Técnico Deportivo Superior en hípica y se fijan sus enseñanzas mínimas y los requisitos de acceso."
2010-08-31,211,1,BOE-A-2010-13564,MINISTERIO DE EDUCACIÓN,estatal,Real Decreto,75463,75623,"Real Decreto 935/2010, de 23 de julio, por el que se establecen los títulos de Técnico Deportivo en vela con aparejo fijo y Técnico Deportivo en vela con aparejo libre, y se fijan sus enseñanzas mínimas y los requisitos de acceso."
2010-08-31,211,1,BOE-A-2010-13565,MINISTERIO DE EDUCACIÓN,estatal,Real Decreto,75624,75753,"Real Decreto 936/2010, de 23 de julio, por el que se establecen los títulos de Técnico Deportivo Superior en vela con aparejo fijo y Técnico Deportivo Superior en vela con aparejo libre, y se fijan sus enseñanzas mínimas y los requisitos de acceso."
2010-08-31,211,1,BOE-A-2010-13566,MINISTERIO DE LA PRESIDENCIA,estatal,Corrección,75754,75754,"Corrección de errores del Real Decreto 716/2009, de 24 de abril, por el que se desarrollan determinados aspectos de la Ley 2/1981, de 25 de marzo, de regulación del mercado hipotecario y otras normas del sistema hipotecario y financiero."
2010-08-31,211,1,BOE-A-2010-13567,MINISTERIO DE LA PRESIDENCIA,estatal,Corrección,75755,75755,"Corrección de errores del Real Decreto 795/2010, de 16 de junio, por el que se regula la comercialización y manipulación de gases fluorados y equipos basados en los mismos, así como la certificación de los profesionales que los utilizan."
2010-09-02,213,1,BOE-A-2010-13624,MINISTERIO DE ECONOMÍA Y HACIENDA,estatal,Orden,76053,76056,"Orden EHA/2314/2010, de 30 de julio, por la que se acuerda la emisión, acuñación y puesta en circulación de monedas de 2 euro conmemorativas de la Alhambra, Generalife y Albaicín de Granada."
2010-09-03,214,1,BOE-A-2010-13665,MINISTERIO DE EDUCACIÓN,estatal,Corrección,76206,76206,"Corrección de errores del Real Decreto 336/2010, de 19 de marzo, por el que se establecen especialidades de los Cuerpos de Catedráticos y de Profesores de Escuelas Oficiales de Idiomas a los que se refiere la Ley Orgánica 2/2006, de 3 de mayo, de Educación."
2010-09-04,215,1,BOE-A-2010-13703,MINISTERIO DE ECONOMÍA Y HACIENDA,estatal,Resolución,76428,76435,"Resolución de 3 de septiembre de 2010, de la Presidencia del Comisionado para el Mercado de Tabacos, por la que se publican los precios de venta al público de determinadas labores de tabaco en Expendedurías de Tabaco y Timbre del Área del Monopolio."
2010-09-04,215,1,BOE-A-2010-13704,"MINISTERIO DE INDUSTRIA, TURISMO Y COMERCIO",estatal,Real Decreto,76436,76445,"Real Decreto 1088/2010, de 3 de septiembre, por el que se modifica el Real Decreto 61/2006, de 31 de enero, en lo relativo a las especificaciones técnicas de gasolinas, gasóleos, utilización de biocarburantes y contenido de azufre de los combustibles para uso marítimo."
2010-09-04,215,1,BOE-A-2010-13705,"MINISTERIO DE MEDIO AMBIENTE, Y MEDIO RURAL Y MARINO",estatal,Real Decreto,76446,76447,"Real Decreto 1089/2010, de 3 de septiembre, por el que se modifica la normativa reguladora en materia de explotaciones porcinas extensivas."
2010-09-07,217,1,BOE-A-2010-13842,MINISTERIO DE ASUNTOS EXTERIORES Y DE COOPERACIÓN,estatal,Tratado o acuerdo internacional,76846,76846,"Entrada en vigor del Convenio entre los Estados Unidos de América y el Reino de España sobre incremento de la cooperación para impedir y combatir la delincuencia grave, hecho en Washington el 23 de junio de 2009."
2010-09-07,217,1,BOE-A-2010-13843,COMUNIDAD AUTÓNOMA DE CATALUÑA,autonómico,Ley,76847,76869,"Ley 29/2010, de 3 de agosto, del uso de los medios electrónicos en el sector público de Cataluña."
2010-09-08,218,1,BOE-A-2010-13880,MINISTERIO DE ASUNTOS EXTERIORES Y DE COOPERACIÓN,estatal,Tratado o acuerdo internacional,77003,77003,"Entrada en vigor del Acuerdo de Sede entre el Reino de España y la Agencia Comunitaria de Control de Pesca, hecho en Madrid el 19 de julio de 2008."
2010-09-08,218,1,BOE-A-2010-13881,MINISTERIO DE LA PRESIDENCIA,estatal,Real Decreto,77004,77009,"Real Decreto 1072/2010, de 20 de agosto, por el que se desarrolla el régimen jurídico de la Empresa de Transformación Agraria, Sociedad Anónima, y de sus filiales."
2010-09-08,218,1,BOE-A-2010-13882,MINISTERIO DE LA PRESIDENCIA,estatal,Real Decreto,77010,77010,"Real Decreto 1073/2010, de 20 de agosto, por el que se aprueba la segregación de la Delegación en Asturias del Colegio Nacional de Doctores y Licenciados en Ciencias Políticas y Sociología."
2010-09-08,218,1,BOE-A-2010-13883,COMUNIDAD AUTÓNOMA DE CATALUÑA,autonómico,Decreto Legislativo,77011,77125,"Decreto Legislativo 1/2010, de 3 de agosto, por el que se aprueba el texto refundido de la Ley de urbanismo."
2010-09-08,218,1,BOE-A-2010-13884,COMUNIDAD AUTÓNOMA DE CATALUÑA,autonómico,Decreto Legislativo,77126,77162,"Decreto Legislativo 2/2010, de 3 de agosto, por el que se aprueba el texto articulado de las tasas aplicables por Puertos de la Generalidad."
2010-09-08,218,1,BOE-A-2010-13885,COMUNIDAD AUTÓNOMA DE CANTABRIA,autonómico,Ley,77163,77164,"Ley 7/2010, de 16 de agosto, de modificación parcial del artículo 13 de la Ley 5/2009, de 28 de diciembre, de Presupuestos Generales de la Comunidad Autónoma de Cantabria para el año 2010."
2010-09-10,220,1,BOE-A-2010-13945,MINISTERIO DE ASUNTOS EXTERIORES Y DE COOPERACIÓN,estatal,Tratado o acuerdo internacional,77420,77420,"Declaración de aceptación por España de la adhesión de la República de Croacia al Convenio sobre la obtención de pruebas en el extranjero en materia civil o mercantil (publicado en el ""Boletín Oficial del Estado"" n.º 203, de 25 de agosto de 1987), hecho en La Haya el 18 de marzo de 1970."
2010-09-10,220,1,BOE-A-2010-13946,MINISTERIO DE LA PRESIDENCIA,estatal,Orden,77421,77427,"Orden PRE/2356/2010, de 3 de septiembre, por la que se modifica el Anexo IV del Reglamento General de Conductores, aprobado por el Real Decreto 818/2009, de 8 de mayo."
2010-09-11,221,1,BOE-A-2010-13994,MINISTERIO DE DEFENSA,estatal,Real Decreto,77597,77601,"Real Decreto 1053/2010, de 5 de agosto, de desconcentración de facultades en materia de contratos, acuerdos técnicos y otros negocios jurídicos onerosos, en el ámbito del Ministerio de Defensa."
2010-09-11,221,1,BOE-A-2010-13995,MINISTERIO DE EDUCACIÓN,estatal,Real Decreto,77602,77607,"Real Decreto 1126/2010, de 10 de septiembre, por el que se modifica el Real Decreto 1631/2009, de 30 de octubre, por el que se establece el título de Técnico en Gestión Administrativa y se fijan sus enseñanzas mínimas."
2010-09-11,221,1,BOE-A-2010-13996,"MINISTERIO DE INDUSTRIA, TURISMO Y COMERCIO",estatal,Orden,77608,77617,"Orden ITC/2373/2010, de 9 de septiembre, por la que se aprueban los modelos de impresos de las autoliquidaciones de las aportaciones y pagos a cuenta previstos en la Ley 8/2009, de 28 de agosto, de financiación de la Corporación RTVE."
2010-09-13,222,1,BOE-A-2010-14041,MINISTERIO DEL INTERIOR,estatal,Orden,77742,77743,"Orden INT/2379/2010, de 7 de septiembre, por la que se modifica la Orden INT/574/2003, de 13 de marzo, por la que se regula la especialidad de tráfico de la Guardia Civil."
2010-09-14,223,1,BOE-A-2010-14095,MINISTERIO DE LA PRESIDENCIA,estatal,Orden,77982,77988,"Orden PRE/2382/2010, de 13 de septiembre, por la que se incluyen las sustancias activas bensulfurón, 5-nitroguayacolato de sodio, o-nitrofenolato de sodio, p-nitrofenolato de sodio y tebufenpirad en el Anexo I del Real Decreto 2163/1994, de 4 de noviembre, por el que se implanta el sistema armonizado comunitario de autorización para comercializar y utilizar productos fitosanitarios."
2010-09-14,223,1,BOE-A-2010-14096,MINISTERIO DE LA PRESIDENCIA,estatal,Orden,77989,77998,"Orden PRE/2383/2010, de 13 de septiembre, por la que se incluyen las sustancias activas clormecuat, compuestos de cobre, propaquizafop, quizalofop-P, teflubenzurón, zeta-cipermetrina y tetraconazol y por la que se amplía el uso de la sustancia activa clormecuat en el Anexo I del Real Decreto 2163/1994, de 4 de noviembre, por el que se implanta el sistema armonizado comunitario de autorización para comercializar y utilizar productos fitosanitarios."
2010-09-15,224,1,BOE-A-2010-14137,CORTES GENERALES,estatal,Resolución,78444,78444,"Resolución de 9 de septiembre de 2010, del Congreso de los Diputados, por la que se ordena la publicación del Acuerdo de convalidación del Real Decreto-ley 12/2010, de 20 de agosto, por el que se prorroga el programa temporal por desempleo e inserción, regulado en la Ley 14/2009, de 11 de noviembre."
2010-09-15,224,1,BOE-A-2010-14138,MINISTERIO DE LA PRESIDENCIA,estatal,Real Decreto,78445,78446,"Real Decreto 1090/2010, de 3 de septiembre, por el que se modifica el Real Decreto 1054/2002, de 11 de octubre, por el que se regula el proceso de evaluación para el registro, autorización y comercialización de biocidas."
2010-09-15,224,1,BOE-A-2010-14139,MINISTERIO DE LA PRESIDENCIA,estatal,Real Decreto,78447,78448,"Real Decreto 1092/2010, de 3 de septiembre, por el que se modifica el Estatuto de la Entidad Pública Empresarial de Suelo (SEPES), aprobado por Real Decreto 1525/1999, de 1 de octubre."
2010-09-16,225,1,BOE-A-2010-14193,JEFATURA DEL ESTADO,estatal,Otras,78719,78721,"Instrumento de Ratificación del Protocolo Adicional Complementario del Convenio entre los Estados Parte en el Tratado del Atlántico Norte y los otros Estados participantes en la Asociación para la paz, relativo al Estatuto de sus Fuerzas, hecho en Bruselas el 19 de diciembre de 1997."
2010-09-16,225,1,BOE-A-2010-14194,JEFATURA DEL ESTADO,estatal,Corrección,78722,78726,"Corrección de errores del Instrumento de Ratificación del Protocolo de 2005 relativo al Protocolo para la represión de actos ilícitos contra la seguridad de las plataformas fijas emplazadas en la plataforma continental, hecho en Londres el 14 de octubre de 2005."
2010-09-16,225,1,BOE-A-2010-14195,MINISTERIO DE ECONOMÍA Y HACIENDA,estatal,Resolución,78727,78735,"Resolución de 8 de septiembre de 2010, del Departamento de Aduanas e Impuestos Especiales de la Agencia Estatal de Administración Tributaria, por la que se modifica la de 15 de diciembre de 2009, en la que se recoge las instrucciones para la formalización del Documento Único Administrativo (DUA)."
2010-09-16,225,1,BOE-A-2010-14196,MINISTERIO DE TRABAJO E INMIGRACIÓN,estatal,Resolución,78736,78739,"Resolución de 12 de julio de 2010, del Instituto Social de la Marina y del Servicio Público de Empleo Estatal, por la que se regula la tramitación electrónica automatizada de diversos procedimientos en materia de protección por desempleo del Régimen Especial de los Trabajadores del Mar."
2010-09-16,225,1,BOE-A-2010-14197,MINISTERIO DE LA PRESIDENCIA,estatal,Corrección,78740,78740,"Corrección de errores del Real Decreto 752/2010, de 4 de junio, por el que se aprueba el primer programa de desarrollo rural sostenible para el período 2010-2014 en aplicación de la Ley 45/2007, de 13 de diciembre, para el desarrollo sostenible del medio rural."
2010-09-16,225,1,BOE-A-2010-14198,MINISTERIO DE LA PRESIDENCIA,estatal,Corrección,78741,78741,"Corrección de errores del Real Decreto 865/2010, de 2 de julio, sobre sustratos de cultivo."
2010-09-16,225,1,BOE-A-2010-14199,MINISTERIO DE SANIDAD Y POLÍTICA SOCIAL,estatal,Real Decreto,78742,78767,"Real Decreto 1093/2010, de 3 de septiembre, por el que se aprueba el conjunto mínimo de datos de los informes clínicos en el Sistema Nacional de Salud."
2010-09-17,226,1,BOE-A-2010-14221,JEFATURA DEL ESTADO,estatal,Otras,78847,78896,"Instrumento de Ratificación del Convenio sobre la Ciberdelincuencia, hecho en Budapest el 23 de noviembre de 2001."
2010-09-17,226,1,BOE-A-2010-14222,JEFATURA DEL ESTADO,estatal,Corrección,78897,78913,"Corrección de errores del Instrumento de Ratificación del Protocolo de 2005 relativo al Convenio para la represión de los actos ilícitos contra la seguridad de la navegación marítima, hecho en Londres el 14 de octubre de 2005."
2010-09-17,226,1,BOE-A-2010-14223,MINISTERIO DE FOMENTO,estatal,Corrección,78914,78914,"Corrección de errores del Real Decreto 931/2010, de 23 de julio, por el que se regula el procedimiento de certificación de proveedores civiles de servicios de navegación aérea y su control normativo."
2010-09-17,226,1,BOE-A-2010-14224,MINISTERIO DE FOMENTO,estatal,Corrección,78915,78915,"Corrección de errores del Real Decreto 1001/2010, de 5 de agosto, por el que se establecen normas de seguridad aeronáutica en relación con los tiempos de actividad y los requisitos de descanso de los controladores de tránsito aéreo."
2010-09-17,226,1,BOE-A-2010-14225,MINISTERIO DE TRABAJO E INMIGRACIÓN,estatal,Orden,78916,78925,"Orden TIN/2408/2010, de 15 de septiembre, por la que se fijan para el ejercicio 2010 las bases normalizadas de cotización a la Seguridad Social, por contingencias comunes, en el Régimen Especial de la Seguridad Social para la Minería del Carbón."
2010-09-17,226,1,BOE-A-2010-14226,JUNTA ELECTORAL CENTRAL,estatal,Instrucción o circular,78926,78927,"Instrucción 1/2010, de 9 de septiembre, de la Junta Electoral Central, sobre aplicación del artículo 44.2 de la Ley Orgánica del Régimen Electoral General en lo relativo a la constitución de coaliciones electorales."
2010-09-18,227,1,BOE-A-2010-14301,JEFATURA DEL ESTADO,estatal,Ley,79278,79326,"Ley 35/2010, de 17 de septiembre, de medidas urgentes para la reforma del mercado de trabajo."
2010-09-18,227,1,BOE-A-2010-14302,MINISTERIO DE ASUNTOS EXTERIORES Y DE COOPERACIÓN,estatal,Tratado o acuerdo internacional,79327,79332,"Aplicación provisional del Acuerdo entre el Reino de España y la Universidad de las Naciones Unidas relativo al establecimiento, funcionamiento y ubicación del Instituto Internacional de la Universidad de las Naciones Unidas para la Alianza de Civilizaciones, hecho en Madrid y Tokio el 28 de junio de 2010."
2010-09-18,227,1,BOE-A-2010-14303,MINISTERIO DE ASUNTOS EXTERIORES Y DE COOPERACIÓN,estatal,Tratado o acuerdo internacional,79333,79340,"Aplicación provisional del Acuerdo entre el Reino de España y la Universidad de las Naciones Unidas relativo al Instituto Internacional de la Universidad de las Naciones Unidas para la Alianza de Civilizaciones, hecho en Madrid y Tokio el 28 de junio de 2010."
2010-09-18,227,1,BOE-A-2010-14304,MINISTERIO DE EDUCACIÓN,estatal,Real Decreto,79341,79346,"Real Decreto 1160/2010, de 17 de septiembre, por el que se regula el Instituto de España."
2010-09-18,227,1,BOE-A-2010-14305,MINISTERIO DE EDUCACIÓN,estatal,Corrección,79347,79347,"Corrección de errores del Real Decreto 860/2010, de 2 de julio, por el que se regulan las condiciones de formación inicial del profesorado de los centros privados para ejercer la docencia en las enseñanzas de educación secundaria obligatoria o de bachillerato."
2010-09-18,227,1,BOE-A-2010-14306,"MINISTERIO DE INDUSTRIA, TURISMO Y COMERCIO",estatal,Resolución,79348,79349,"Resolución de 6 de septiembre de 2010, de la Dirección General de Política Energética y Minas, por la que se publican los nuevos precios de venta, antes de impuestos, de los gases licuados del petróleo por canalización."
2010-09-18,227,1,BOE-A-2010-14307,"MINISTERIO DE MEDIO AMBIENTE, Y MEDIO RURAL Y MARINO",estatal,Real Decreto,79350,79351,"Real Decreto 1161/2010, de 17 de septiembre, por el que se modifica el Real Decreto 907/2007, de 6 de julio, por el que se aprueba el Reglamento de la Planificación Hidrológica."
2010-09-18,227,1,BOE-A-2010-14308,MINISTERIO DE LA PRESIDENCIA,estatal,Real Decreto,79352,79356,"Real Decreto 1162/2010, de 17 de septiembre, por el que se modifica el Real Decreto 1039/2009, 29 de junio, por el que se desarrolla la estructura orgánica básica del Ministerio de la Presidencia y se modifica el Real Decreto 438/2008, de 14 de abril, por el que se aprobó la estructura orgánica básica de los departamentos ministeriales."
2010-09-20,228,1,BOE-A-2010-14380,JEFATURA DEL ESTADO,estatal,Otras,79619,79624,"Instrumento de Ratificación del Protocolo Adicional al Convenio para la protección de las personas con respecto al tratamiento automatizado de datos de carácter personal, a las Autoridades de control y a los flujos transfronterizos de datos, hecho en Estrasburgo el 8 de noviembre de 2001."
2010-09-21,229,1,BOE-A-2010-14479,MINISTERIO DEL INTERIOR,estatal,Real Decreto,79960,79966,"Real Decreto 1087/2010, de 3 de septiembre, por el que se aprueba el Reglamento que regula las Juntas Locales de Seguridad."
2010-09-21,229,1,BOE-A-2010-14480,MINISTERIO DE LA PRESIDENCIA,estatal,Corrección,79967,79967,"Corrección de errores del Real Decreto 1162/2010, de 17 de septiembre, por el que se modifica el Real Decreto 1039/2009, de 29 de junio, por el que se desarrolla la estructura orgánica básica del Ministerio de la Presidencia y se modifica el Real Decreto 438/2008, de 14 de abril, por el que se aprobó la estructura orgánica básica de los departamentos ministeriales."
2010-09-21,229,1,BOE-A-2010-14481,MINISTERIO DE LA PRESIDENCIA,estatal,Orden,79968,79974,"Orden PRE/2439/2010, de 16 de septiembre, por la que se incluyen las sustancias activas fosfuro de magnesio generador de fosfina, warfarina de sodio, fosfuro de aluminio generador de fosfina para un uso adicional del mismo, brodifacum y warfarina, en el Anexo I del Real Decreto 1054/2002, de 11 de octubre, por el que se regula el proceso de evaluación para el registro, autorización y comercialización de biocidas."
2010-09-22,230,1,BOE-A-2010-14521,TRIBUNAL CONSTITUCIONAL,estatal,Resolución judicial,80124,80124,"Cuestión de inconstitucionalidad n.º 3510-2010, en relación con el párrafo primero del apartado segundo de la disposición adicional trigésima cuarta de la Ley 55/1999, de 29 de diciembre, de Medidas Fiscales, Administrativas y del Orden Social, en la redacción dada por la disposición final segunda de la Ley 25/2006, de 17 de julio."
2010-09-22,230,1,BOE-A-2010-14522,TRIBUNAL CONSTITUCIONAL,estatal,Resolución judicial,80125,80125,"Cuestión de inconstitucionalidad n.º 4059-2010, en relación con el apartado segundo de la disposición adicional trigésima cuarta de la Ley 55/1999, de 29 de diciembre, de Medidas Fiscales, Administrativas y del Orden Social, en la redacción dada por la disposición final segunda de la Ley 25/2006, de 17 de julio."
2010-09-22,230,1,BOE-A-2010-14523,TRIBUNAL CONSTITUCIONAL,estatal,Resolución judicial,80126,80126,"Cuestión de inconstitucionalidad n.º 4108-2010, en relación con el apartado segundo de la disposición adicional trigésima cuarta de la Ley 55/1999, de 29 de diciembre, de Medidas Fiscales, Administrativas y del Orden Social, en la redacción dada por la disposición final segunda de la Ley 25/2006, de 17 de julio."
2010-09-22,230,1,BOE-A-2010-14524,TRIBUNAL CONSTITUCIONAL,estatal,Resolución judicial,80127,80127,"Cuestión de inconstitucionalidad n.º 4109-2010, en relación con el apartado segundo de la disposición adicional trigésima cuarta de la Ley 55/1999, de 29 de diciembre, de Medidas Fiscales, Administrativas y del Orden Social, en la redacción dada por la disposición final segunda de la Ley 25/2006, de 17 de julio."
2010-09-22,230,1,BOE-A-2010-14525,TRIBUNAL CONSTITUCIONAL,estatal,Resolución judicial,80128,80128,"Cuestión de inconstitucionalidad n.º 4110-2010, en relación con el apartado segundo de la disposición adicional trigésima cuarta de la Ley 55/1999, de 29 de diciembre, de Medidas Fiscales, Administrativas y del Orden Social, en la redacción dada por la disposición final segunda de la Ley 25/2006, de 17 de julio."
2010-09-22,230,1,BOE-A-2010-14526,TRIBUNAL CONSTITUCIONAL,estatal,Resolución judicial,80129,80129,"Cuestión de inconstitucionalidad n.º 4111-2010, en relación con el apartado segundo de la disposición adicional trigésima cuarta de la Ley 55/1999, de 29 de diciembre, de Medidas Fiscales, Administrativas y del Orden Social, en la redacción dada por la disposición final segunda de la Ley 25/2006, de 17 de julio."
2010-09-22,230,1,BOE-A-2010-14527,TRIBUNAL CONSTITUCIONAL,estatal,Resolución judicial,80130,80130,"Cuestión de inconstitucionalidad n.º 4112-2010, en relación con el apartado segundo de la disposición adicional trigésima cuarta de la Ley 55/1999, de 29 de diciembre, de Medidas Fiscales, Administrativas y del Orden Social, en la redacción dada por la disposición final segunda de la Ley 25/2006, de 17 de julio."
2010-09-22,230,1,BOE-A-2010-14528,TRIBUNAL CONSTITUCIONAL,estatal,Resolución judicial,80131,80131,"Cuestión de inconstitucionalidad n.º 4977-2010, en relación con el apartado segundo de la disposición adicional trigésima cuarta de la Ley 55/1999, de 29 de diciembre, de Medidas Fiscales, Administrativas y del Orden Social, en la redacción dada por la disposición final segunda de la Ley 25/2006, de 17 de julio."
2010-09-22,230,1,BOE-A-2010-14529,TRIBUNAL CONSTITUCIONAL,estatal,Resolución judicial,80132,80132,"Cuestión de inconstitucionalidad n.º 4978-2010, en relación con el apartado segundo de la disposición adicional trigésima cuarta de la Ley 55/1999, de 29 de diciembre, de Medidas Fiscales, Administrativas y del Orden Social, en la redacción dada por la disposición final segunda de la Ley 25/2006, de 17 de julio."
2010-09-22,230,1,BOE-A-2010-14530,TRIBUNAL CONSTITUCIONAL,estatal,Resolución judicial,80133,80133,"Cuestión de inconstitucionalidad n.º 4980-2010, en relación con el apartado segundo de la disposición adicional trigésima cuarta de la Ley 55/1999, de 29 de diciembre, de Medidas Fiscales, Administrativas y del Orden Social, en la redacción dada por la disposición final segunda de la Ley 25/2006, de 17 de julio."
2010-09-22,230,1,BOE-A-2010-14531,TRIBUNAL CONSTITUCIONAL,estatal,Resolución judicial,80134,80134,"Cuestión de inconstitucionalidad n.º 4981-2010, en relación con el apartado segundo de la disposición adicional trigésima cuarta de la Ley 55/1999, de 29 de diciembre, de Medidas Fiscales, Administrativas y del Orden Social, en la redacción dada por la disposición final segunda de la Ley 25/2006, de 17 de julio."
2010-09-22,230,1,BOE-A-2010-14532,TRIBUNAL CONSTITUCIONAL,estatal,Resolución judicial,80135,80135,"Cuestión de inconstitucionalidad n.º 4982-2010, en relación con el apartado segundo de la disposición adicional trigésima cuarta de la Ley 55/1999, de 29 de diciembre, de Medidas Fiscales, Administrativas y del Orden Social, en la redacción dada por la disposición final segunda de la Ley 25/2006, de 17 de julio."
2010-09-22,230,1,BOE-A-2010-14533,TRIBUNAL CONSTITUCIONAL,estatal,Resolución judicial,80136,80136,"Cuestión de inconstitucionalidad n.º 4983-2010, en relación con el apartado segundo de la disposición adicional trigésima cuarta de la Ley 55/1999, de 29 de diciembre, de Medidas Fiscales, Administrativas y del Orden Social, en la redacción dada por la disposición final segunda de la Ley 25/2006, de 17 de julio."
2010-09-22,230,1,BOE-A-2010-14534,TRIBUNAL CONSTITUCIONAL,estatal,Resolución judicial,80137,80137,"Cuestión de inconstitucionalidad n.º 4984-2010, en relación con el apartado segundo de la disposición adicional trigésima cuarta de la Ley 55/1999, de 29 de diciembre, de Medidas Fiscales, Administrativas y del Orden Social, en la redacción dada por la disposición final segunda de la Ley 25/2006, de 17 de julio."
2010-09-22,230,1,BOE-A-2010-14535,MINISTERIO DE TRABAJO E INMIGRACIÓN,estatal,Orden,80138,80139,"Orden TIN/2445/2010, de 16 de septiembre, por la que se modifica la Orden de 24 de septiembre de 1970, por la que se dictan normas para la aplicación y desarrollo del Régimen Especial de la Seguridad Social de los Trabajadores por Cuenta Propia o Autónomos."
2010-09-22,230,1,BOE-A-2010-14536,"MINISTERIO DE INDUSTRIA, TURISMO Y COMERCIO",estatal,Instrucción o circular,80140,80141,"Circular 3/2010, de 17 de junio, de la Comisión Nacional de Energía, por la que se modifica la Circular 3/2008, de 6 de noviembre, por la que se desarrolla la disposición adicional segunda del Real Decreto 222/2008, de 15 de febrero, en lo relativo a la liquidación de las actividades reguladas del Real Decreto 2017/1997, de 26 de diciembre."
2010-09-23,231,1,BOE-A-2010-14560,MINISTERIO DE ASUNTOS EXTERIORES Y DE COOPERACIÓN,estatal,Resolución,80559,80559,"Resolución de 14 de septiembre de 2010, de la Secretaría General Técnica, sobre la adhesión de Perú al Convenio suprimiendo la exigencia de legalización de los documentos públicos extranjeros, hecho en La Haya el 5 de octubre de 1961 (publicado en el ""Boletín Oficial del Estado"" n.º 229, de 25 de septiembre de 1978)."
2010-09-23,231,1,BOE-A-2010-14561,COMUNIDAD AUTÓNOMA DE CATALUÑA,autonómico,Ley,80560,80575,"Ley 30/2010, de 3 de agosto, de veguerías."
2010-09-23,231,1,BOE-A-2010-14562,COMUNIDAD AUTÓNOMA DE CATALUÑA,autonómico,Ley,80576,80605,"Ley 31/2010, de 3 de agosto, del Área Metropolitana de Barcelona."
2010-09-24,232,1,BOE-A-2010-14621,MINISTERIO DE ECONOMÍA Y HACIENDA,estatal,Real Decreto,81005,81140,"Real Decreto 1159/2010, de 17 de septiembre, por el que se aprueban las Normas para la Formulación de Cuentas Anuales Consolidadas y se modifica el Plan General de Contabilidad aprobado por Real Decreto 1514/2007, de 16 de noviembre y el Plan General de Contabilidad de Pequeñas y Medianas Empresas aprobado por Real Decreto 1515/2007, de 16 de noviembre."
2010-09-24,232,1,BOE-A-2010-14622,MINISTERIO DE FOMENTO,estatal,Resolución,81141,81144,"Resolución de 15 de julio de 2010, de Puertos del Estado, por la que se crea y regula el Registro Electrónico del Organismo."
2010-09-24,232,1,BOE-A-2010-14623,MINISTERIO DE FOMENTO,estatal,Resolución,81145,81147,"Resolución de 15 de julio de 2010, de Puertos del Estado, por la que se crea la Sede Electrónica del Organismo."
2010-09-24,232,1,BOE-A-2010-14624,MINISTERIO DE EDUCACIÓN,estatal,Real Decreto,81148,81155,"Real Decreto 1071/2010, de 20 de agosto, por el que se reconoce a la Real Academia de Gastronomía como corporación de derecho público y se aprueban sus estatutos."
2010-09-24,232,1,BOE-A-2010-14625,MINISTERIO DE LA PRESIDENCIA,estatal,Real Decreto,81156,81184,"Real Decreto 1133/2010, de 10 de septiembre, por el que se regula la provisión del servicio de información de vuelo de aeródromos (AFIS)."
2010-09-24,232,1,BOE-A-2010-14626,MINISTERIO DE LA PRESIDENCIA,estatal,Orden,81185,81188,"Orden PRE/2462/2010, de 23 de septiembre, por la que se crea la Comisión Mixta para las servidumbres acústicas y el Plan de Acción del Aeropuerto de Barcelona."
2010-09-24,232,1,BOE-A-2010-14627,MINISTERIO DE LA PRESIDENCIA,estatal,Orden,81189,81192,"Orden PRE/2463/2010, de 23 de septiembre, por la que se crea la Comisión Mixta para las servidumbres acústicas y el Plan de Acción del Aeropuerto de Madrid/Barajas."
2010-09-24,232,1,BOE-A-2010-14628,COMUNIDAD AUTÓNOMA DEL PRINCIPADO DE ASTURIAS,autonómico,Ley,81193,81274,"Ley 4/2010, de 29 de junio, de Cooperativas."
2010-09-24,232,1,BOE-A-2010-14629,COMUNIDAD AUTÓNOMA DEL PRINCIPADO DE ASTURIAS,autonómico,Ley,81275,81300,"Ley 5/2010, de 9 de julio, de medidas urgentes de contención del gasto y en materia tributaria para la reducción del déficit público."
2010-09-25,233,1,BOE-A-2010-14654,MINISTERIO DE ECONOMÍA Y HACIENDA,estatal,Resolución,81441,81442,"Resolución de 24 de septiembre de 2010, de la Presidencia del Comisionado para el Mercado de Tabacos, por la que se publican los precios de venta al público de determinadas labores de tabaco en Expendedurías de Tabaco y Timbre del Área del Monopolio."
2010-09-25,233,1,BOE-A-2010-14655,MINISTERIO DE TRABAJO E INMIGRACIÓN,estatal,Resolución,81443,81443,"Resolución de 20 de septiembre de 2010, de la Secretaría de Estado de la Seguridad Social, por la que se establecen plazos especiales para el ingreso de las diferencias resultantes de la aplicación de la Orden TIN/2408/2010, de 15 de septiembre, por la que se fijan para el ejercicio 2010 las bases normalizadas de cotización a la Seguridad Social, por contingencias comunes, en el Régimen Especial de la Seguridad Social para la Minería del Carbón."
2010-09-25,233,1,BOE-A-2010-14656,"MINISTERIO DE INDUSTRIA, TURISMO Y COMERCIO",estatal,Real Decreto,81444,81446,"Real Decreto 1202/2010, de 24 de septiembre, por el que se establecen los plazos de revisión de los peajes de acceso a las redes de transporte y distribución de energía eléctrica."
2010-09-25,233,1,BOE-A-2010-14657,MINISTERIO DE LA PRESIDENCIA,estatal,Real Decreto,81447,81463,"Real Decreto 1132/2010, de 10 de septiembre, por el que se modifica el Real Decreto 109/1995, de 27 de enero, sobre medicamentos veterinarios."
2010-09-25,233,1,BOE-A-2010-14658,MINISTERIO DE LA PRESIDENCIA,estatal,Real Decreto,81464,81481,"Real Decreto 1203/2010, de 24 de septiembre, por el que se desarrolla la estructura orgánica básica del Ministerio de Justicia y se modifica el Real Decreto 869/2010, de 2 de julio, por el que se modifica el Real Decreto 495/2010, de 30 de abril, por el que se aprueba la estructura orgánica básica de los departamentos ministeriales."
2010-09-25,233,1,BOE-A-2010-14659,MINISTERIO DE LA PRESIDENCIA,estatal,Real Decreto,81482,81482,"Real Decreto 1204/2010, de 24 de septiembre, por el que se modifica el Reglamento del Centro para el Desarrollo Tecnológico e Industrial, aprobado por Real Decreto 1406/1986, de 6 de junio."
2010-09-25,233,1,BOE-A-2010-14660,MINISTERIO DE SANIDAD Y POLÍTICA SOCIAL,estatal,Real Decreto,81483,81500,"Real Decreto 1205/2010, de 24 de septiembre, por el que se fijan las bases para la inclusión de los alimentos dietéticos para usos médicos especiales en la prestación con productos dietéticos del Sistema Nacional de Salud y para el establecimiento de sus importes máximos de financiación."
2010-09-27,234,1,BOE-A-2010-14715,MINISTERIO DE ASUNTOS EXTERIORES Y DE COOPERACIÓN,estatal,Tratado o acuerdo internacional,81627,81631,"Acuerdo de Asociación Estratégica entre el Reino de España y la República de Kazajstán, hecho en Astaná el 2 de julio de 2009."
2010-09-28,235,1,BOE-A-2010-14841,MINISTERIO DE ASUNTOS EXTERIORES Y DE COOPERACIÓN,estatal,Tratado o acuerdo internacional,82234,82240,Canje de Notas de fecha 11 de enero de 2010 constitutivo de Acuerdo entre España y Ucrania sobre reconocimiento recíproco y el canje de los permisos de conducción nacionales.
2010-09-28,235,1,BOE-A-2010-14842,MINISTERIO DE EDUCACIÓN,estatal,Orden,82241,82246,"Orden EDU/2503/2010, de 16 de septiembre, por la que se regulan los criterios y el procedimiento para la suscripción de convenios de colaboración con instituciones titulares de centros extranjeros previstos en el Real Decreto 1027/1993, de 25 de junio, por el que se regula la acción educativa en el exterior."
2010-09-28,235,1,BOE-A-2010-14843,MINISTERIO DE TRABAJO E INMIGRACIÓN,estatal,Orden,82247,82277,"Orden TIN/2504/2010, de 20 de septiembre, por la que se desarrolla el Real Decreto 39/1997, de 17 de enero, por el que se aprueba el Reglamento de los Servicios de Prevención, en lo referido a la acreditación de entidades especializadas como servicios de prevención, memoria de actividades preventivas y autorización para realizar la actividad de auditoría del sistema de prevención de las empresas."
2010-09-28,235,1,BOE-A-2010-14844,"MINISTERIO DE INDUSTRIA, TURISMO Y COMERCIO",estatal,Orden,82278,82284,"Orden ITC/2505/2010, de 22 de septiembre, por la que se regula el reconocimiento de la cualificación profesional para el ejercicio en España de la actividad de agente de la propiedad industrial a ciudadanos de la Unión Europea."
2010-09-28,235,1,BOE-A-2010-14845,MINISTERIO DE LA PRESIDENCIA,estatal,Orden,82285,82286,"Orden PRE/2506/2010, de 23 de septiembre, por la que se habilita el aeropuerto de Castellón, como puesto fronterizo."
2010-09-28,235,1,BOE-A-2010-14846,MINISTERIO DE LA PRESIDENCIA,estatal,Orden,82287,82296,"Orden PRE/2507/2010, de 23 de septiembre, por la que se aprueba el Reglamento de Normalización Militar de Materiales."
2010-09-28,235,1,BOE-A-2010-14847,COMUNIDAD DE CASTILLA Y LEÓN,autonómico,Ley,82297,82313,"Ley 7/2010, de 30 de agosto, por la que se regula la renta garantizada de ciudadanía de Castilla y León."
2010-09-28,235,1,BOE-A-2010-14848,COMUNIDAD DE CASTILLA Y LEÓN,autonómico,Ley,82314,82347,"Ley 8/2010, de 30 de agosto, de ordenación del sistema de salud de Castilla y León."
2010-09-28,235,1,BOE-A-2010-14849,COMUNIDAD DE CASTILLA Y LEÓN,autonómico,Ley,82348,82388,"Ley 9/2010, de 30 de agosto, del derecho a la vivienda de la Comunidad de Castilla y León."
2010-09-29,236,1,BOE-A-2010-14896,MINISTERIO DE ECONOMÍA Y HACIENDA,estatal,Orden,82847,82848,"Orden EHA/2515/2010, de 24 de septiembre, por la que se modifica la Orden EHA/3929/2006, de 21 de diciembre, por la que se establece el procedimiento para la devolución parcial del Impuesto sobre Hidrocarburos y de las cuotas correspondientes a la aplicación del tipo autonómico del Impuesto sobre las Ventas Minoristas de Determinados Hidrocarburos por consumo de gasóleo profesional, se aprueba determinado Código de Actividad y del Establecimiento, y se actualiza la referencia a un código de la nomenclatura combinada contenida en la Ley 38/1992, de 28 de diciembre, de Impuestos Especiales."
2010-09-30,237,1,BOE-A-2010-14941,"MINISTERIO DE INDUSTRIA, TURISMO Y COMERCIO",estatal,Resolución,83153,83153,"Resolución de 6 de septiembre de 2010, de la Dirección General de Política Energética y Minas, por la que se publican los nuevos precios máximos de venta, antes de impuestos, de los gases licuados del petróleo envasados, en envases de capacidad igual o superior a 8 kg., excluidos los envases de mezcla para usos de los gases licuados del petróleo como carburante."
2010-09-30,237,1,BOE-A-2010-14942,"MINISTERIO DE INDUSTRIA, TURISMO Y COMERCIO",estatal,Resolución,83154,83156,"Resolución de 23 de septiembre de 2010, de la Dirección General de Política Energética y Minas, por la que se publica la tarifa de último recurso de gas natural."
2010-09-30,237,1,BOE-A-2010-14943,"MINISTERIO DE INDUSTRIA, TURISMO Y COMERCIO",estatal,Resolución,83157,83159,"Resolución de 28 de septiembre de 2010, de la Secretaría de Estado de Energía, por la que se publican los valores del coste de la materia prima y del coste base de la materia prima del gas natural para el tercer trimestre de 2010, a los efectos del cálculo del complemento de eficiencia y los valores retributivos de las instalaciones de cogeneración y otras en el Real Decreto 661/2007, de 25 de mayo, por el que se regula la actividad de producción de energía eléctrica en régimen especial."
2010-09-30,237,1,BOE-A-2010-14944,"MINISTERIO DE INDUSTRIA, TURISMO Y COMERCIO",estatal,Resolución,83160,83163,"Resolución de 29 de septiembre de 2010, de la Dirección General de Política Energética y Minas, por la que se establece el coste de producción de energía eléctrica y las tarifas de último recurso a aplicar en el cuarto trimestre de 2010."
2010-09-30,237,1,BOE-A-2010-14945,MINISTERIO DE POLÍTICA TERRITORIAL,estatal,Real Decreto,83164,83167,"Real Decreto 1163/2010, de 17 de septiembre, sobre ampliación de bienes patrimoniales adscritos a los servicios traspasados por la Administración del Estado a la Comunidad Autónoma de Cantabria por el Real Decreto 817/2007, de 22 de junio, en materia de provisión de medios personales, materiales y económicos para el funcionamiento de la Administración de Justicia."
2010-09-30,237,1,BOE-A-2010-14946,MINISTERIO DE POLÍTICA TERRITORIAL,estatal,Real Decreto,83168,83171,"Real Decreto 1164/2010, de 17 de septiembre, sobre ampliación de bienes patrimoniales adscritos a los servicios traspasados por la Administración del Estado a la Comunidad Autónoma de Cantabria por el Real Decreto 1585/2006, de 22 de diciembre, en materia de conservación de la naturaleza (Reserva Natural de las Marismas de Santoña)."
2010-09-30,237,1,BOE-A-2010-14947,COMISIÓN NACIONAL DEL MERCADO DE VALORES,estatal,Instrucción o circular,83172,83175,"Circular 2/2010, de 28 de julio, de la Comisión Nacional del Mercado de Valores, sobre valores y otros instrumentos de naturaleza financiera codificables y procedimientos de codificación."
2010-10-01,238,1,BOE-A-2010-15026,MINISTERIO DE ASUNTOS EXTERIORES Y DE COOPERACIÓN,estatal,Tratado o acuerdo internacional,83691,83691,"Entrada en vigor del Acuerdo entre el Gobierno del Reino de España y el Gobierno de la República de Kazajstán sobre supresión recíproca de visados en pasaportes diplomáticos, hecho en Madrid el 30 de octubre de 2009."
2010-10-01,238,1,BOE-A-2010-15027,MINISTERIO DE LA PRESIDENCIA,estatal,Corrección,83692,83692,"Corrección de errores del Real Decreto 862/2009, de 14 de mayo, por el que se aprueban las normas técnicas de diseño y operación de aeródromos de uso público y se regula la certificación de los aeropuertos de competencia del Estado."
2010-10-01,238,1,BOE-A-2010-15028,COMUNIDAD DE MADRID,autonómico,Ley,83693,83697,"Ley 2/2010, de 15 de junio, de Autoridad del Profesor."
2010-10-01,238,1,BOE-A-2010-15029,COMUNIDAD DE MADRID,autonómico,Ley,83698,83706,"Ley 3/2010, de 22 de junio, de Instalaciones Aeronáuticas de la Comunidad de Madrid."
2010-10-01,238,1,BOE-A-2010-15030,COMUNIDAD DE MADRID,autonómico,Ley,83707,83727,"Ley 4/2010, de 29 de junio, de medidas urgentes, por la que se modifica la Ley 9/2009, de 23 de diciembre, de Presupuestos Generales de la Comunidad de Madrid para 2010, para su adecuación al Real Decreto-ley 8/2010, de 20 de mayo, por el que se adoptan medidas extraordinarias para la reducción del déficit público."
2010-10-02,239,1,BOE-A-2010-15118,JEFATURA DEL ESTADO,estatal,Otras,83973,83977,"Instrumento de Ratificación del Acuerdo de Seguridad entre la República Francesa, la República Italiana, la República Portuguesa y el Reino de España para la protección de la información clasificada de EUROFOR, hecho en Roma el 11 de octubre de 2007."
2010-10-02,239,1,BOE-A-2010-15119,MINISTERIO DE ECONOMÍA Y HACIENDA,estatal,Resolución,83978,83980,"Resolución de 1 de octubre de 2010, de la Presidencia del Comisionado para el Mercado de Tabacos, por la que se publican los precios de venta al público de determinadas labores de tabaco en Expendedurías de Tabaco y Timbre del Área del Monopolio."
2010-10-02,239,1,BOE-A-2010-15120,MINISTERIO DE TRABAJO E INMIGRACIÓN,estatal,Orden,83981,83982,"Orden TIN/2553/2010, de 28 de septiembre, por la que se modifica la Orden TIN/3644/2009, de 29 de diciembre, por la que se regulan la composición y funciones de la Comisión Ministerial de Administración Electrónica del Ministerio de Trabajo e Inmigración."
2010-10-02,239,1,BOE-A-2010-15121,"MINISTERIO DE INDUSTRIA, TURISMO Y COMERCIO",estatal,Real Decreto,83983,83993,"Real Decreto 1221/2010, de 1 de octubre, por el que se modifica el Real Decreto 134/2010, de 12 de febrero, por el que se establece el procedimiento de resolución de restricciones por garantía de suministro y se modifica el Real Decreto 2019/1997, de 26 de diciembre, por el que se organiza y regula el mercado de producción de energía eléctrica."
2010-10-02,239,1,BOE-A-2010-15122,"MINISTERIO DE MEDIO AMBIENTE, Y MEDIO RURAL Y MARINO",estatal,Real Decreto,83994,83995,"Real Decreto 1130/2010, de 10 de septiembre, por el que se modifica el Real Decreto 58/2005, de 21 de enero, por el que se adoptan medidas de protección contra la introducción y difusión en el territorio nacional y de la Comunidad Europea de organismos nocivos para los vegetales o productos vegetales, así como para la exportación y tránsito hacia países terceros."
2010-10-02,239,1,BOE-A-2010-15123,"MINISTERIO DE MEDIO AMBIENTE, Y MEDIO RURAL Y MARINO",estatal,Real Decreto,83996,83999,"Real Decreto 1131/2010, de 10 de septiembre, por el que se establecen los criterios para el establecimiento de las zonas remotas a efectos de eliminación de ciertos subproductos animales no destinados a consumo humano generados en las explotaciones ganaderas."
2010-10-02,239,1,BOE-A-2010-15124,MINISTERIO DE LA PRESIDENCIA,estatal,Real Decreto,84000,84007,"Real Decreto 1227/2010, de 1 de octubre, por el que se modifica el Real Decreto 1130/2008, por el que se desarrolla la estructura orgánica básica del Ministerio de Medio Ambiente, y Medio Rural y Marino."
2010-10-02,239,1,BOE-A-2010-15125,MINISTERIO DE SANIDAD Y POLÍTICA SOCIAL,estatal,Orden,84008,84010,"Orden SAS/2554/2010, de 24 de septiembre, por la que se crea la Comisión Calificadora de Documentos Administrativos del Instituto Nacional de Gestión Sanitaria."
2010-10-02,239,1,BOE-A-2010-15126,COMUNIDAD AUTÓNOMA DE CATALUÑA,autonómico,Decreto-ley,84011,84025,"Decreto-ley 4/2010, de 3 de agosto, de medidas de racionalización y simplificación de la estructura del sector público de la Generalidad de Cataluña."
2010-10-02,239,1,BOE-A-2010-15127,COMUNIDAD AUTÓNOMA DE CATALUÑA,autonómico,Decreto-ley,84026,84035,"Decreto-ley 5/2010, de 3 de agosto, de modificación del texto refundido de la Ley de Cajas de Ahorros de Cataluña, aprobado por el Decreto Legislativo 1/2008, de 11 de marzo."
2010-10-04,240,1,BOE-A-2010-15166,MINISTERIO DE ASUNTOS EXTERIORES Y DE COOPERACIÓN,estatal,Tratado o acuerdo internacional,84131,84131,"Acuerdo Multilateral M-214 en virtud de la Sección 1.5.1 del Acuerdo Europeo sobre Transporte Internacional de mercancías peligrosas por carretera (ADR), (publicado en el ""Boletín Oficial del Estado"" n.º 182, de 29-07-2009), relativo al sistema de frenado antibloqueo para remolque, hecho en Madrid el 15 de febrero de 2010."
2010-10-04,240,1,BOE-A-2010-15167,MINISTERIO DE LA PRESIDENCIA,estatal,Real Decreto,84132,84159,"Real Decreto 1226/2010, de 1 de octubre, por el que se desarrolla la estructura orgánica básica del Ministerio de Industria, Turismo y Comercio."
2010-10-05,241,1,BOE-A-2010-15239,MINISTERIO DE ASUNTOS EXTERIORES Y DE COOPERACIÓN,estatal,Tratado o acuerdo internacional,84481,84515,"Enmiendas a los Anexos 2 y 3 y a la Tabla 1 del Acuerdo sobre la Conservación de las Aves Acuáticas Migratorias Afro-euroasiáticas (AEWA), publicado en el ""Boletín Oficial del Estado"" n.º 296 de 11 de diciembre de 2001, adoptadas el 19 de septiembre de 2008, mediante Resolución 4.11."
2010-10-05,241,1,BOE-A-2010-15240,MINISTERIO DE FOMENTO,estatal,Orden,84516,84524,"Orden FOM/2574/2010, de 16 de septiembre, por la que se crea y regula el Registro Electrónico del Ministerio de Fomento."
2010-10-05,241,1,BOE-A-2010-15241,MINISTERIO DE FOMENTO,estatal,Orden,84525,84527,"Orden FOM/2575/2010, de 1 de octubre, por la que se determina el personal al servicio del Ministerio de Fomento que pasa a prestar servicios en la Comisión Nacional del Sector Postal y la fecha de inicio del ejercicio efectivo de las funciones de la misma."
2010-10-05,241,1,BOE-A-2010-15242,MINISTERIO DE FOMENTO,estatal,Resolución,84528,84529,"Resolución de 2 de junio de 2010, del Administrador de Infraestructuras Ferroviarias, por la que se crea la Sede Electrónica del Administrador de Infraestructuras Ferroviarias."
2010-10-05,241,1,BOE-A-2010-15243,COMUNIDAD AUTÓNOMA DE CATALUÑA,autonómico,Decreto,84530,84530,"Decreto 132/2010, de 4 de octubre, de convocatoria de elecciones al Parlamento de Cataluña y de su disolución."
2010-10-06,242,1,BOE-A-2010-15286,MINISTERIO DE ASUNTOS EXTERIORES Y DE COOPERACIÓN,estatal,Tratado o acuerdo internacional,84698,84698,"Entrada en vigor del Protocolo entre el Gobierno del Reino de España y el Gobierno de la República de Belarús por el que se introducen enmiendas en el Acuerdo entre el Gobierno del Reino de España y el Gobierno de la República de Belarús sobre las condiciones de la mejora de la salud de menores nacionales de la República de Belarús en el Reino de España, de 1 de junio de 2009, hecho en Minsk el 24 de septiembre de 2009."
2010-10-06,242,1,BOE-A-2010-15287,"MINISTERIO DE INDUSTRIA, TURISMO Y COMERCIO",estatal,Orden,84699,84704,"Orden ITC/2590/2010, de 30 de septiembre, por la que se modifican los anejos y apéndices del Real Decreto 237/2000, de 18 de febrero, por el que se establecen las especificaciones técnicas que deben cumplir los vehículos especiales para el transporte terrestre de productos alimentarios a temperatura regulada y los procedimientos para el control de conformidad con las especificaciones."
2010-10-06,242,1,BOE-A-2010-15288,"MINISTERIO DE INDUSTRIA, TURISMO Y COMERCIO",estatal,Corrección,84705,84705,"Corrección de erratas de la Orden ITC/69/2010, de 18 de enero, por la que se desarrolla lo establecido en el artículo 10.7 del Real Decreto 425/2005, de 15 de abril, por el que se establecen los requisitos técnicos y las normas de actuación que deben cumplir los centros técnicos para la instalación, verificación, control e inspección de tacógrafos digitales."
2010-10-07,243,1,BOE-A-2010-15316,MINISTERIO DE ASUNTOS EXTERIORES Y DE COOPERACIÓN,estatal,Tratado o acuerdo internacional,84802,84802,"Entrada en vigor del Canje de Notas constitutivo de Acuerdo por el que se enmienda el Acuerdo entre el Reino de España y la República de Estonia para la representación en la expedición de visados Schengen, de 11 de febrero de 2009, hecho en Madrid el 25 de marzo y 14 de mayo de 2010."
2010-10-07,243,1,BOE-A-2010-15317,MINISTERIO DE JUSTICIA,estatal,Instrucción o circular,84803,84805,"Instrucción de 5 de octubre de 2010, de la Dirección General de los Registros y del Notariado, sobre régimen registral de la filiación de los nacidos mediante gestación por sustitución."
2010-10-07,243,1,BOE-A-2010-15318,MINISTERIO DEL INTERIOR,estatal,Orden,84806,84813,"Orden INT/2595/2010, de 29 de septiembre, por la que se crea y regula el Registro Electrónico en el Ministerio del Interior."
2010-10-08,244,1,BOE-A-2010-15352,MINISTERIO DE ASUNTOS EXTERIORES Y DE COOPERACIÓN,estatal,Tratado o acuerdo internacional,84989,84994,"Modificaciones al Reglamento del Tratado de cooperación en materia de patentes (PCT) (publicado en el ""Boletín Oficial del Estado"" de 7 de noviembre de 1989) adoptadas en la 38ª Sesión (22º extraordinaria ) de la Asamblea de la Unión Internacional de Cooperación en Materia de Patentes el 29 de septiembre de 2008."
2010-10-08,244,1,BOE-A-2010-15353,MINISTERIO DE ASUNTOS EXTERIORES Y DE COOPERACIÓN,estatal,Tratado o acuerdo internacional,84995,85004,"Modificaciones al Reglamento del Tratado de cooperación en materia de patentes (PCT) (publicado en el ""Boletín Oficial del Estado"" de 7 de noviembre de 1989) adoptadas en la 36ª Sesión (16ª ordinaria) de la Asamblea de la Unión Internacional de Cooperación en Materia de Patentes el 12 de noviembre de 2007."
2010-10-08,244,1,BOE-A-2010-15354,MINISTERIO DE ASUNTOS EXTERIORES Y DE COOPERACIÓN,estatal,Otras,85005,85005,"Tabla modificada de Tasas anexa al Reglamento del Tratado de cooperación en materia de patentes (PCT) (publicado en el ""Boletín Oficial del Estado"" de 7 de noviembre de 1989) adoptadas en la 37ª Sesión (21ª extraordinaria) de la Asamblea de la Unión Internacional de Cooperación en Materia de Patentes el 15 de mayo de 2008."
2010-10-08,244,1,BOE-A-2010-15355,MINISTERIO DE EDUCACIÓN,estatal,Real Decreto,85006,85077,"Real Decreto 1127/2010, de 10 de septiembre, por el que se establece el título de Técnico Superior en Sistemas Electrotécnicos y Automatizados y se fijan sus enseñanzas mínimas."
2010-10-08,244,1,BOE-A-2010-15356,MINISTERIO DE EDUCACIÓN,estatal,Real Decreto,85078,85138,"Real Decreto 1128/2010, de 10 de septiembre, por el que se establece el título de Técnico en Carpintería y Mueble y se fijan sus enseñanzas mínimas."
2010-10-08,244,1,BOE-A-2010-15357,MINISTERIO DE EDUCACIÓN,estatal,Real Decreto,85139,85204,"Real Decreto 1129/2010, de 10 de septiembre, por el que se establece el título de Técnico en Jardinería y Floristería y se fijan sus enseñanzas mínimas."
2010-10-08,244,1,BOE-A-2010-15358,MINISTERIO DE EDUCACIÓN,estatal,Corrección,85205,85205,"Corrección de errores del Real Decreto 932/2010, de 23 de julio, por el que se establece el título de Técnico Deportivo en buceo deportivo con escafandra autónoma y se fijan sus enseñanzas mínimas y los requisitos de acceso."
2010-10-08,244,1,BOE-A-2010-15359,MINISTERIO DE EDUCACIÓN,estatal,Corrección,85206,85206,"Corrección de errores del Real Decreto 933/2010, de 23 de julio, por el que se establecen los títulos de Técnico Deportivo en las disciplinas hípicas de salto, doma y concurso completo y Técnico Deportivo en las disciplinas hípicas de resistencia, orientación y turismo ecuestre, y se fijan sus enseñanzas mínimas y los requisitos de acceso."
2010-10-08,244,1,BOE-A-2010-15360,MINISTERIO DE EDUCACIÓN,estatal,Corrección,85207,85207,"Corrección de errores del Real Decreto 934/2010, de 23 de julio, por el que se establece el título de Técnico Deportivo Superior en hípica, y se fijan sus enseñanzas mínimas y los requisitos de acceso."
2010-10-08,244,1,BOE-A-2010-15361,MINISTERIO DE LA PRESIDENCIA,estatal,Orden,85208,85209,"Orden PRE/2599/2010, de 4 de octubre, por la que se desarrolla el Reglamento de Explosivos, aprobado por el Real Decreto 230/1998, de 16 de febrero, en cuanto a los requisitos que deben reunir los directores de fábricas de explosivos."
2010-10-09,245,1,BOE-A-2010-15435,MINISTERIO DE EDUCACIÓN,estatal,Corrección,85679,85679,"Corrección de errores del Real Decreto 935/2010, de 23 de julio, por el que se establecen los títulos de Técnico Deportivo en vela con aparejo fijo y Técnico Deportivo en vela con aparejo libre, y se fijan sus enseñanzas mínimas y los requisitos de acceso."
2010-10-09,245,1,BOE-A-2010-15436,MINISTERIO DE EDUCACIÓN,estatal,Corrección,85680,85680,"Corrección de errores del Real Decreto 936/2010, de 23 de julio, por el que se establecen los títulos de Técnico Deportivo Superior en vela con aparejo fijo y Técnico Deportivo Superior en vela con aparejo libre, y se fijan sus enseñanzas mínimas y los requisitos de acceso."
2010-10-09,245,1,BOE-A-2010-15437,"MINISTERIO DE INDUSTRIA, TURISMO Y COMERCIO",estatal,Resolución,85681,85683,"Resolución de 28 de septiembre de 2010, de la Dirección General de Política Energética y Minas, por la que se revisan los periodos de punta, valle y llano, los valores del factor de estacionalidad Festh para cada uno de los bloques definidos, y las horas anuales de funcionamiento estándar de los grupos, utilizados para el cálculo del valor de la garantía de potencia horaria por MW reconocida a cada una de las instalaciones de generación del régimen ordinario de los sistemas eléctricos insulares y extrapeninsulares."
2010-10-09,245,1,BOE-A-2010-15438,"MINISTERIO DE INDUSTRIA, TURISMO Y COMERCIO",estatal,Corrección,85684,85684,"Corrección de errores de la Resolución de 29 de septiembre de 2010, de la Dirección General de Política Energética y Minas, por la que se establece el coste de producción de energía eléctrica y las tarifas de último recurso a aplicar en el cuarto trimestre de 2010."
2010-10-09,245,1,BOE-A-2010-15439,"MINISTERIO DE MEDIO AMBIENTE, Y MEDIO RURAL Y MARINO",estatal,Real Decreto,85685,85690,"Real Decreto 1256/2010, de 8 de octubre, por el que se modifica el Real Decreto 929/1995, de 9 de junio, por el que se aprueba el Reglamento técnico de control y certificación de plantas de vivero de frutales."
2010-10-09,245,1,BOE-A-2010-15440,"MINISTERIO DE MEDIO AMBIENTE, Y MEDIO RURAL Y MARINO",estatal,Real Decreto,85691,85695,"Real Decreto 1257/2010, de 8 de octubre, por el que se regula la concesión directa de subvenciones para la contratación de seguridad privada a bordo en los buques atuneros congeladores que actualmente operan en el Océano Índico."
2010-10-09,245,1,BOE-A-2010-15441,MINISTERIO DE LA PRESIDENCIA,estatal,Real Decreto,85696,85720,"Real Decreto 1258/2010, de 8 de octubre, por el que se desarrolla la estructura orgánica básica del Ministerio de Sanidad y Política Social."
2010-10-09,245,1,BOE-A-2010-15442,MINISTERIO DE LA PRESIDENCIA,estatal,Real Decreto,85721,85722,"Real Decreto 1259/2010, de 8 de octubre, por el que se modifican el Real Decreto 1134/2008, de 4 de julio, por el que se desarrolla la estructura orgánica básica del Ministerio de Vivienda, y el Real Decreto 1636/2006, de 29 de diciembre, por el que se crea el Museo Nacional de Arquitectura y Urbanismo."
2010-10-11,246,1,BOE-A-2010-15511,TRIBUNAL CONSTITUCIONAL,estatal,Resolución judicial,85872,85872,"Recurso de inconstitucionalidad n.º 5985-2010, en relación con el Real Decreto-ley 13/2009, de 26 de octubre, por el que se crea el Fondo Estatal para el Empleo y la Sostenibilidad Local."
2010-10-11,246,1,BOE-A-2010-15512,TRIBUNAL CONSTITUCIONAL,estatal,Resolución judicial,85873,85873,"Recurso de inconstitucionalidad n.º 6352-2010, en relación con el artículo 9, apartados 2, 4 y 5 de la Ley de Cataluña 10/2010, de 7 de mayo, de acogida de las personas inmigradas y de las regresadas a Cataluña."
2010-10-11,246,1,BOE-A-2010-15513,TRIBUNAL CONSTITUCIONAL,estatal,Resolución judicial,85874,85874,"Cuestión de inconstitucionalidad n.º 6322-2010, en relación con el artículo 31.b) de la Ley de Cantabria 1/2002, de 26 de febrero, del Comercio."
2010-10-11,246,1,BOE-A-2010-15514,TRIBUNAL CONSTITUCIONAL,estatal,Resolución judicial,85875,85875,"Cuestión de inconstitucionalidad n.º 6323-2010, en relación con el artículo 31.b) de la Ley de Cantabria 1/2002, de 26 de febrero, del Comercio."
2010-10-11,246,1,BOE-A-2010-15515,TRIBUNAL CONSTITUCIONAL,estatal,Resolución judicial,85876,85876,"Conflicto en defensa de la autonomía local n.º 5738-2010, en relación con la Ley 3/2010, de 10 de marzo, del Parlamento de La Rioja, por la que se aprueba la alteración de los términos municipales de Torremontalbo y de Uruñuela."
2010-10-11,246,1,BOE-A-2010-15516,TRIBUNAL CONSTITUCIONAL,estatal,Resolución judicial,85877,85877,"Conflicto positivo de competencia n.º 6152-2010, en relación con diversos preceptos del Real Decreto 405/2010, de 31 de marzo, por el que se regula el uso del logotipo ""Letra Q"" en el etiquetado de la leche y los productos lácteos."
2010-10-11,246,1,BOE-A-2010-15517,TRIBUNAL CONSTITUCIONAL,estatal,Resolución judicial,85878,85878,"Conflicto en defensa de la autonomía local n.º 6385-2010, en relación con la Ley de Castilla y León 1/2010, de 2 de marzo, de declaración del Parque Natural de Laguna Negra y Circos Glaciares de Urbión (Soria)."
2010-10-11,246,1,BOE-A-2010-15518,MINISTERIO DE ASUNTOS EXTERIORES Y DE COOPERACIÓN,estatal,Tratado o acuerdo internacional,85879,85879,"Canje de Notas Verbales entre el Reino de España y la República de Uzbekistán relativo a la no aplicación en las relaciones entre los dos países del convenio para evitar la doble imposición entre España y la URSS, firmado en Madrid el 1 de marzo de 1985, hecho en Madrid el 7 de junio y 21 de julio de 2010."
2010-10-11,246,1,BOE-A-2010-15519,"MINISTERIO DE MEDIO AMBIENTE, Y MEDIO RURAL Y MARINO",estatal,Orden,85880,85883,"Orden ARM/2616/2010, de 5 de octubre, por la que se establece la composición y funcionamiento del Comité de Participación en el marco del Consejo Interministerial de Organismos Modificados Genéticamente."
2010-10-11,246,1,BOE-A-2010-15520,BANCO DE ESPAÑA,estatal,Instrucción o circular,85884,85893,"Circular 5/2010, de 28 de septiembre, del Banco de España, a entidades de crédito, sobre información que debe remitir el adquirente potencial en la notificación a la que se refiere el artículo 57.1 de la Ley 26/1988, de 29 de julio, sobre disciplina e intervención de las entidades de crédito."
2010-10-11,246,1,BOE-A-2010-15521,BANCO DE ESPAÑA,estatal,Instrucción o circular,85894,85900,"Circular 6/2010, de 28 de septiembre, del Banco de España, a entidades de crédito y entidades de pago, sobre publicidad de los servicios y productos bancarios."
2010-10-12,247,1,BOE-A-2010-15599,MINISTERIO DE ASUNTOS EXTERIORES Y DE COOPERACIÓN,estatal,Orden,86189,86193,"Orden AEC/2629/2010, de 7 de octubre, por la que se crea y regula el Registro Electrónico del Ministerio de Asuntos Exteriores y de Cooperación."
2010-10-12,247,1,BOE-A-2010-15600,MINISTERIO DE ASUNTOS EXTERIORES Y DE COOPERACIÓN,estatal,Orden,86194,86197,"Orden AEC/2630/2010, de 7 de octubre, por la que se crea la Sede Electrónica del Ministerio de Asuntos Exteriores y de Cooperación."
2010-10-12,247,1,BOE-A-2010-15601,MINISTERIO DE ECONOMÍA Y HACIENDA,estatal,Orden,86198,86205,"Orden EHA/2631/2010, de 5 de octubre, por la que se modifica la Orden EHA/3947/2006, de 21 de diciembre, por la que se aprueban los modelos, plazos, requisitos y condiciones para la presentación e ingreso de la declaración-liquidación y de la declaración resumen anual de operaciones del Impuesto Especial sobre el Carbón y se modifica la Orden de 15 de junio de 1995, en relación con las entidades de depósito que prestan servicio de colaboración en la gestión recaudatoria."
2010-10-12,247,1,BOE-A-2010-15602,"MINISTERIO DE INDUSTRIA, TURISMO Y COMERCIO",estatal,Orden,86206,86227,"Orden ITC/2632/2010, de 5 de octubre, por la que se actualiza el Anexo III y se modifican varios apartados y apéndices de los Anexos V y VI del Real Decreto 551/2006, de 5 de mayo, por el que se regulan las operaciones de transporte de mercancías peligrosas por carretera en territorio español."
2010-10-12,247,1,BOE-A-2010-15603,MINISTERIO DE LA PRESIDENCIA,estatal,Real Decreto,86228,86241,"Real Decreto 1091/2010, de 3 de septiembre, por el que se modifica el Real Decreto 1345/2007, de 11 de octubre, por el que se regula el procedimiento de autorización, registro y condiciones de dispensación de los medicamentos de uso humano fabricados industrialmente, y el Real Decreto 1246/2008, de 18 de julio, por el que se regula el procedimiento de autorización, registro y farmacovigilancia de los medicamentos veterinarios fabricados industrialmente."
2010-10-13,248,1,BOE-A-2010-15620,MINISTERIO DE ASUNTOS EXTERIORES Y DE COOPERACIÓN,estatal,Tratado o acuerdo internacional,86325,86325,"Entrada en vigor del Convenio de Seguridad Social entre España y Japón, hecho en Tokio el 12 de noviembre de 2008."
2010-10-13,248,1,BOE-A-2010-15621,MINISTERIO DE ECONOMÍA Y HACIENDA,estatal,Orden,86326,86328,"Orden EHA/2633/2010, de 4 de octubre, por la que se acuerda la emisión, acuñación y puesta en circulación de monedas de colección de 20 euro ""Campeones del Mundo""."
2010-10-13,248,1,BOE-A-2010-15622,COMUNIDAD AUTÓNOMA DE CASTILLA-LA MANCHA,autonómico,Ley,86329,86352,"Ley 5/2010, de 24 de junio, sobre derechos y deberes en materia de salud de Castilla-La Mancha."
2010-10-13,248,1,BOE-A-2010-15623,COMUNIDAD AUTÓNOMA DE CASTILLA-LA MANCHA,autonómico,Ley,86353,86358,"Ley 6/2010, de 24 de junio, de creación de las categorías de personal estatutario de inspección y evaluación de servicios sanitarios y prestaciones."
2010-10-13,248,1,BOE-A-2010-15624,COMUNIDAD AUTÓNOMA DE CASTILLA-LA MANCHA,autonómico,Ley,86359,86415,"Ley 7/2010, de 20 de julio, de Educación de Castilla-La Mancha."
2010-10-13,248,1,BOE-A-2010-15625,COMUNIDAD AUTÓNOMA DE CASTILLA-LA MANCHA,autonómico,Ley,86416,86418,"Ley 8/2010, de 20 de julio, de medidas excepcionales de apoyo al sector empresarial de Castilla-La Mancha."
2010-10-14,249,1,BOE-A-2010-15658,JEFATURA DEL ESTADO,estatal,Corrección,86765,86765,"Corrección de errores del Instrumento de Ratificación del Convenio sobre la Ciberdelincuencia, hecho en Budapest el 23 de noviembre de 2001."
2010-10-14,249,1,BOE-A-2010-15659,MINISTERIO DE ASUNTOS EXTERIORES Y DE COOPERACIÓN,estatal,Tratado o acuerdo internacional,86766,86766,"Acuerdo Multilateral M-198 en virtud de la Sección 1.5.1 del Acuerdo Europeo sobre Transporte Internacional de mercancías peligrosas por carretera (ADR), (publicado en el ""Boletín Oficial del Estado"" n.º 182, de 29 de julio de 2009), relativo al número de remolques en una unidad de transportes por carretera, hecho en Madrid el 9 de febrero de 2010."
2010-10-15,250,1,BOE-A-2010-15719,MINISTERIO DE ASUNTOS EXTERIORES Y DE COOPERACIÓN,estatal,Resolución,87159,87228,"Resolución de 5 de octubre de 2010, de la Secretaría General Técnica, sobre aplicación del artículo 32 del Decreto 801/1972, relativo a la ordenación de la actividad de la Administración del Estado en materia de Tratados Internacionales."
2010-10-15,250,1,BOE-A-2010-15720,MINISTERIO DE ASUNTOS EXTERIORES Y DE COOPERACIÓN,estatal,Orden,87229,87230,"Orden AEC/2656/2010, de 1 de octubre, por la que se modifica la competencia territorial de las Oficinas Técnicas de Cooperación de la Agencia Española de Cooperación Internacional para el Desarrollo en las Misiones Diplomáticas Permanentes de España en la República Socialista de Vietnam y en la República Federal Democrática de Etiopía."
2010-10-15,250,1,BOE-A-2010-15721,MINISTERIO DE FOMENTO,estatal,Resolución,87231,87233,"Resolución de 4 de octubre de 2010, de la Dirección de la Agencia Estatal de Seguridad Aérea, por la que se establece el canje de las licencias, habilitaciones y anotaciones en vigor expedidas con arreglo al Real Decreto 3/1998, de 9 de enero, sobre el título profesional aeronáutico civil y licencia de controlador de tránsito aéreo."
2010-10-15,250,1,BOE-A-2010-15722,MINISTERIO DE TRABAJO E INMIGRACIÓN,estatal,Resolución,87234,87236,"Resolución de 7 de octubre de 2010, de la Dirección General de Trabajo, por la que se publica la relación de fiestas laborales para el año 2011."
2010-10-15,250,1,BOE-A-2010-15723,MINISTERIO DE CULTURA,estatal,Orden,87237,87242,"Orden CUL/2657/2010, de 7 de octubre, por la que se incluyen nuevos procedimientos administrativos en el Registro Electrónico del Ministerio de Cultura."
2010-10-16,251,1,BOE-A-2010-15785,MINISTERIO DE ECONOMÍA Y HACIENDA,estatal,Real Decreto,87610,87627,"Real Decreto 1282/2010, de 15 de octubre, por el que se regulan los mercados secundarios oficiales de futuros, opciones y otros instrumentos financieros derivados."
2010-10-16,251,1,BOE-A-2010-15786,MINISTERIO DE EDUCACIÓN,estatal,Real Decreto,87628,87634,"Real Decreto 1220/2010, de 1 de octubre, por el que se crea el Observatorio Universitario de Becas, Ayudas al Estudio y Rendimiento Académico."
2010-10-16,251,1,BOE-A-2010-15787,MINISTERIO DE LA PRESIDENCIA,estatal,Real Decreto,87635,87638,"Real Decreto 1285/2010, de 15 de octubre, por el que se modifica el Real Decreto 880/1990, de 29 de junio, por el que se aprueban las normas de seguridad de los juguetes, en relación con las sustancias o mezclas utilizadas en su fabricación."
2010-10-16,251,1,BOE-A-2010-15788,COMUNIDAD AUTÓNOMA DE GALICIA,autonómico,Ley,87639,87640,"Ley 6/2010, de 29 de septiembre, por la que se incluye una disposición transitoria sexta en la Ley 10/2009, de 30 de diciembre, de modificación del Decreto legislativo 1/2005, de 10 de marzo, por el que se aprueba el texto refundido de las leyes 7/1985, de 17 de julio, y 4/1996, de 31 de mayo, de cajas de ahorros de Galicia."
2010-10-16,251,1,BOE-A-2010-15789,COMUNIDAD AUTÓNOMA DE LA RIOJA,autonómico,Ley,87641,87644,"Ley 6/2010, de 13 de septiembre, por la que se modifica la Ley 5/2009, de 15 de diciembre, de Presupuestos Generales de la Comunidad Autónoma de La Rioja para el año 2010."
2010-10-16,251,1,BOE-A-2010-15790,COMUNIDAD AUTÓNOMA DE LA RIOJA,autonómico,Ley,87645,87663,"Ley 7/2010, de 29 de septiembre, por la que se aprueban varios convenios de colaboración con otras Comunidades Autónomas para el establecimiento de programas de actuación conjunta en diversas materias."
2010-10-18,252,1,BOE-A-2010-15848,"MINISTERIO DE INDUSTRIA, TURISMO Y COMERCIO",estatal,Resolución,87819,87820,"Resolución de 7 de octubre de 2010, de la Dirección General de Política Energética y Minas, por la que se publican los nuevos precios de venta, antes de impuestos, de los gases licuados del petróleo por canalización."
2010-10-20,254,1,BOE-A-2010-15989,TRIBUNAL CONSTITUCIONAL,estatal,Resolución judicial,88226,88226,"Recurso de inconstitucionalidad n.º 6851-2010, en relación con diversos preceptos de la Ley 25/2009, de 22 de diciembre, de modificación de diversas leyes para su adaptación a la Ley sobre el libre acceso a las actividades de servicios y su ejercicio."
2010-10-20,254,1,BOE-A-2010-15990,TRIBUNAL CONSTITUCIONAL,estatal,Resolución judicial,88227,88227,"Recurso de inconstitucionalidad n.º 6883-2010, en relación con diversos preceptos de la Ley 25/2009, de 22 de diciembre, de modificación de diversas leyes para su adaptación a la Ley sobre el libre acceso a las actividades de servicios y su ejercicio."
2010-10-20,254,1,BOE-A-2010-15991,TRIBUNAL CONSTITUCIONAL,estatal,Resolución judicial,88228,88228,"Cuestión de inconstitucionalidad n.º 1819-2010, en relación con el artículo 68 de la Ley de las Cortes de Aragón 5/2005, de 14 de junio, de Ordenación del Sistema Universitario de Aragón."
2010-10-20,254,1,BOE-A-2010-15992,TRIBUNAL CONSTITUCIONAL,estatal,Resolución judicial,88229,88229,"Cuestión de inconstitucionalidad n.º 5657-2010, en relación con la disposición adicional tercera de la Ley 2/2006, de 14 de junio, de Derecho Civil de Galicia."
2010-10-20,254,1,BOE-A-2010-15993,TRIBUNAL CONSTITUCIONAL,estatal,Resolución judicial,88230,88230,"Cuestión de inconstitucionalidad n.º 5658-2010, en relación con la disposición adicional tercera de la Ley 2/2006, de 14 de junio, de Derecho Civil de Galicia."
2010-10-20,254,1,BOE-A-2010-15994,TRIBUNAL CONSTITUCIONAL,estatal,Resolución judicial,88231,88231,"Cuestión de inconstitucionalidad n.º 6391-2010, en relación con la disposición adicional tercera c) de la Ley 40/2007, de 4 de diciembre, de medidas en materia de Seguridad Social."
2010-10-21,255,1,BOE-A-2010-16023,PRESIDENCIA DEL GOBIERNO,estatal,Real Decreto,88340,88344,"Real Decreto 1313/2010, de 20 de octubre, por el que se reestructuran los departamentos ministeriales."
2010-10-21,255,1,BOE-A-2010-16024,MINISTERIO DE FOMENTO,estatal,Corrección,88345,88345,"Corrección de errores en la Orden FOM/2226/2010, de 26 de julio, por la que se regulan el ámbito de actuación y las funciones de la Subdirección General de Inspección de Servicios y Obras del Ministerio de Fomento."
2010-10-21,255,1,BOE-A-2010-16025,MINISTERIO DE SANIDAD Y POLÍTICA SOCIAL,estatal,Orden,88346,88347,"Orden SAS/2712/2010, de 13 de octubre, por la que se incluye la sustancia Ketamina en el Anexo I del Real Decreto 2829/1977, de 6 de octubre, por el que se regula la fabricación, distribución, prescripción y dispensación de sustancias y preparados psicotrópicos."
2010-10-22,256,1,BOE-A-2010-16083,MINISTERIO DE ASUNTOS EXTERIORES Y DE COOPERACIÓN,estatal,Orden,88500,88500,"Orden AEC/2718/2010, de 15 de septiembre, por la que se suprime el Viceconsulado Honorario de España en San Felipe (Chile)."
2010-10-22,256,1,BOE-A-2010-16084,MINISTERIO DE TRABAJO E INMIGRACIÓN,estatal,Corrección,88501,88501,"Corrección de errores de la Orden TIN/2504/2010, de 20 de septiembre, por la que se desarrolla el Real Decreto 39/1997, de 17 de enero, por el que se aprueba el Reglamento de los Servicios de Prevención, en lo referido a la acreditación de entidades especializadas como servicios de prevención, memoria de actividades preventivas y autorización para realizar la actividad de auditoría del sistema de prevención de las empresas."
2010-10-22,256,1,BOE-A-2010-16085,MINISTERIO DE LA PRESIDENCIA,estatal,Real Decreto,88502,88628,"Real Decreto 1222/2010, de 1 de octubre, por el que se complementa el Catálogo Nacional de Cualificaciones Profesionales, mediante el establecimiento de cinco cualificaciones profesionales correspondientes a la Familia Profesional Marítimo-Pesquera, y se actualizan determinadas cualificaciones profesionales de las establecidas por el Real Decreto 295/2004, de 20 de febrero."
2010-10-22,256,1,BOE-A-2010-16086,MINISTERIO DE LA PRESIDENCIA,estatal,Real Decreto,88629,88692,"Real Decreto 1223/2010, de 1 de octubre, por el que se complementa el Catálogo Nacional de Cualificaciones Profesionales, mediante el establecimiento de tres cualificaciones profesionales correspondientes a la Familia Profesional Seguridad y Medio Ambiente."
2010-10-22,256,1,BOE-A-2010-16087,MINISTERIO DE LA PRESIDENCIA,estatal,Real Decreto,88693,88863,"Real Decreto 1224/2010, de 1 de octubre, por el que se complementa el Catálogo Nacional de Cualificaciones Profesionales, mediante el establecimiento de cinco cualificaciones profesionales correspondientes a la Familia Profesional Textil, Confección y Piel."
2010-10-22,256,1,BOE-A-2010-16088,MINISTERIO DE LA PRESIDENCIA,estatal,Real Decreto,88864,88978,"Real Decreto 1225/2010, de 1 de octubre, por el que se complementa el Catálogo Nacional de Cualificaciones Profesionales, mediante el establecimiento de cinco cualificaciones profesionales correspondientes a la Familia Profesional Transporte y Mantenimiento de Vehículos."
2010-10-22,256,1,BOE-A-2010-16089,MINISTERIO DE LA PRESIDENCIA,estatal,Resolución,88979,88980,"Resolución de 21 de octubre de 2010, de la Subsecretaría, por la que se modifica el anexo del Acuerdo del Consejo de Ministros de 21 de diciembre de 2001, por el que se dispone la numeración de las órdenes ministeriales que se publican en el ""Boletín Oficial del Estado""."
2010-10-22,256,1,BOE-A-2010-16090,COMUNIDAD AUTÓNOMA DE CASTILLA-LA MANCHA,autonómico,Ley,88981,89000,"Ley 4/2009, de 15 de octubre, de Cámaras Oficiales de Comercio e Industria de Castilla-La Mancha."
2010-10-22,256,1,BOE-A-2010-16091,COMUNIDAD AUTÓNOMA DE CASTILLA-LA MANCHA,autonómico,Ley,89001,89060,"Ley 5/2009, de 17 de diciembre, de Presupuestos Generales de la Junta de Comunidades de Castilla-La Mancha para el año 2010."
2010-10-22,256,1,BOE-A-2010-16092,COMUNIDAD AUTÓNOMA DE CASTILLA-LA MANCHA,autonómico,Ley,89061,89070,"Ley 6/2009, de 17 de diciembre, por la que se crea la Agencia del Agua de Castilla-La Mancha."
2010-10-22,256,1,BOE-A-2010-16093,COMUNIDAD AUTÓNOMA DE CASTILLA-LA MANCHA,autonómico,Ley,89071,89082,"Ley 7/2009, de 17 de diciembre, de modificación de diversas leyes para su adaptación a la Directiva 2006/123/CE, de 12 de diciembre, del Parlamento Europeo y del Consejo, relativa a los Servicios en el Mercado Interior."
2010-10-22,256,1,BOE-A-2010-16094,COMUNIDAD AUTÓNOMA DE EXTREMADURA,autonómico,Corrección,89083,89083,"Corrección de errores de la Ley 7/2010, de 19 de julio, de modificación de la Ley 3/2002, de 9 de mayo, de Comercio de la Comunidad Autónoma de Extremadura."
2010-10-23,257,1,BOE-A-2010-16131,JEFATURA DEL ESTADO,estatal,Ley,89439,89454,"Ley 36/2010, de 22 de octubre, del Fondo para la Promoción del Desarrollo."
2010-10-23,257,1,BOE-A-2010-16132,PRESIDENCIA DEL GOBIERNO,estatal,Real Decreto,89455,89459,"Real Decreto 1331/2010, de 22 de octubre, por el que se establecen las Comisiones Delegadas del Gobierno."
2010-10-23,257,1,BOE-A-2010-16133,MINISTERIO DE LA PRESIDENCIA,estatal,Real Decreto,89460,89503,"Real Decreto 1286/2010, de 15 de octubre, por el que se aprueba el Estatuto del organismo autónomo Instituto de Vivienda, Infraestructura y Equipamiento de la Defensa."
2010-10-23,257,1,BOE-A-2010-16134,MINISTERIO DE LA PRESIDENCIA,estatal,Real Decreto,89504,89524,"Real Decreto 1287/2010, de 15 de octubre, por el que se desarrolla la estructura orgánica básica del Ministerio de Defensa."
2010-10-23,257,1,BOE-A-2010-16135,MINISTERIO DE LA PRESIDENCIA,estatal,Corrección,89525,89525,"Corrección de errores del Real Decreto 636/2010, de 14 de mayo, por el que se regula el funcionamiento y se establece la estructura orgánica básica del Museo del Ejército."
2010-10-23,257,1,BOE-A-2010-16136,COMUNIDAD AUTÓNOMA DE CATALUÑA,autonómico,Ley,89526,89538,"Ley 32/2010, de 1 de octubre, de la Autoridad Catalana de Protección de Datos."
2010-10-23,257,1,BOE-A-2010-16137,COMUNIDAD AUTÓNOMA DE CATALUÑA,autonómico,Ley,89539,89559,"Ley 33/2010, de 1 de octubre, de políticas de juventud."
2010-10-23,257,1,BOE-A-2010-16138,COMUNIDAD AUTÓNOMA DE CATALUÑA,autonómico,Ley,89560,89572,"Ley 34/2010, de 1 de octubre, de regulación de las fiestas tradicionales con toros."
2010-10-23,257,1,BOE-A-2010-16139,COMUNIDAD AUTÓNOMA DE CATALUÑA,autonómico,Decreto Legislativo,89573,89598,"Decreto Legislativo 3/2010, de 5 de octubre, para la adecuación de normas con rango de ley a la Directiva 2006/123/CE, del Parlamento y del Consejo, de 12 de diciembre de 2006, relativa a los servicios en el mercado interior."
2010-10-23,257,1,BOE-A-2010-16140,COMUNIDAD AUTÓNOMA DE CASTILLA-LA MANCHA,autonómico,Ley,89599,89609,"Ley 9/2010, de 20 de julio, de modificación de la Ley 5/2009, de 17 de diciembre, de Presupuestos Generales de la Junta de Comunidades de Castilla-La Mancha para el año 2010, para su adaptación al Real Decreto-Ley 8/2010, de 20 de mayo, por el que se adoptan medidas extraordinarias para la reducción del déficit público."
2010-10-25,258,1,BOE-A-2010-16220,MINISTERIO DE ASUNTOS EXTERIORES Y DE COOPERACIÓN,estatal,Tratado o acuerdo internacional,89909,89913,"Aplicación provisional del Intercambio de Cartas, constitutivo de Acuerdo entre el Reino de España y la Secretaría de la Convención Marco de Naciones Unidas para el Cambio Climático para organizar el taller que tendrá lugar en Madrid del 20 al 22 de abril de 2010, hecho en Bonn y Madrid el 12 y 13 de abril de 2010."
2010-10-25,258,1,BOE-A-2010-16221,MINISTERIO DE ASUNTOS EXTERIORES Y DE COOPERACIÓN,estatal,Corrección,89914,89914,Corrección de errores de las Modificaciones al Reglamento del Tratado de cooperación en materia de patentes (PCT) adoptadas en la 36ª Sesión (16ª sesión ordinaria) de la Asamblea de la Unión Internacional de Cooperación en Materia de Patentes el 12 de noviembre de 2007.
2010-10-25,258,1,BOE-A-2010-16222,MINISTERIO DE CULTURA,estatal,Resolución,89915,89917,"Resolución de 22 de septiembre de 2010, de la Biblioteca Nacional de España, por la que se crea el Registro Electrónico de la Biblioteca Nacional de España."
2010-10-26,259,1,BOE-A-2010-16296,JEFATURA DEL ESTADO,estatal,Otras,90195,90202,"Instrumento de Ratificación del Convenio de extradición entre el Reino de España y los Emiratos Árabes Unidos, hecho en Madrid el 24 de noviembre de 2009."
2010-10-26,259,1,BOE-A-2010-16297,MINISTERIO DE ASUNTOS EXTERIORES Y DE COOPERACIÓN,estatal,Corrección,90203,90203,"Corrección de errores de la entrada en vigor del Convenio de Seguridad Social entre España y Japón, hecho en Tokio el 12 de noviembre de 2008."
2010-10-26,259,1,BOE-A-2010-16298,"MINISTERIO DE INDUSTRIA, TURISMO Y COMERCIO",estatal,Resolución,90204,90211,"Resolución de 22 de octubre de 2010, de la Secretaría de Estado de Energía, por la que se fijan las cantidades de carbón, el volumen máximo de producción y los precios de retribución de la energía, para el año 2010 a aplicar en el proceso de resolución de restricciones por garantía de suministro."
2010-10-26,259,1,BOE-A-2010-16299,TRIBUNAL SUPREMO,estatal,Resolución judicial,90212,90212,"Sentencia de 15 de julio de 2010, de la Sala Tercera del Tribunal Supremo, por la que se anula la frase del artículo 38.1. a) ""... o administrativa, o tratándose de servicios financieros, no se haya planteado una reclamación en los términos previstos en el Reglamento de los Comisionados para la defensa del cliente de los servicios financieros aprobado por Real Decreto 303/2004, de 20 de febrero"" del Real Decreto 1720/2007, de 21 de diciembre, por el que se aprueba el Reglamento de desarrollo de la Ley Orgánica 15/1999, de 13 de diciembre, sobre Protección de Datos de Carácter Personal."
2010-10-26,259,1,BOE-A-2010-16300,TRIBUNAL SUPREMO,estatal,Resolución judicial,90213,90213,"Sentencia de 15 de julio de 2010, de la Sala Tercera del Tribunal Supremo, por la que se declara nulo el art. 18 del Real Decreto 1720/2007, de 21 de diciembre, por el que se aprueba el Reglamento de desarrollo de la Ley Orgánica 15/1999, de 13 de diciembre, sobre Protección de Datos de Carácter Personal."
2010-10-26,259,1,BOE-A-2010-16301,TRIBUNAL SUPREMO,estatal,Resolución judicial,90214,90214,"Sentencia de 15 de julio de 2010, de la Sala Tercera del Tribunal Supremo, por la que se declaran nulos los artículos 11, 18, 38.2, y 123.2 de la disposición reglamentaria, así como la frase del artículo 38.1.a) que dice así: ""... y al respecto de la cual no se haya entablado reclamación judicial, arbitral o administrativa, o tratándose de servicios financieros, no se haya planteado una reclamación en los términos previstos en el reglamento de los Comisionados para la defensa del cliente de servicios financieros, aprobado por Real Decreto 303/2004, de 20 de febrero"" del Real Decreto 1720/2007, de 21 de diciembre, por el que se aprueba el Reglamento de desarrollo de la Ley Orgánica 15/1999, de 13 de diciembre, de Protección de Datos de Carácter Personal."
2010-10-26,259,1,BOE-A-2010-16302,TRIBUNAL SUPREMO,estatal,Resolución judicial,90215,90215,"Sentencia de 20 de julio de 2010, de la Sala Tercera del Tribunal Supremo, por la que se anula la expresión ""Sin determinar"" que figura en relación con el Tipo de Área Acústica, f), dedicado a los ""Sectores del territorio afectados a sistemas generales de infraestructuras de transporte, u otros equipamientos públicos que los reclamen"", dentro de la Tabla A, que establece los ""Objetivos de calidad acústica para ruido aplicables a áreas urbanizadas existentes"", del Anexo II del Reglamento, dedicado a los denominados ""Objetivos de calidad acústica"", del Real Decreto 1367/2007, de 19 de octubre."
2010-10-27,260,1,BOE-A-2010-16392,JEFATURA DEL ESTADO,estatal,Otras,90528,90533,"Instrumento de Ratificación del Convenio entre el Reino de España y los Emiratos Árabes Unidos relativo al traslado de personas condenadas, hecho en Madrid el 24 de noviembre de 2009."
2010-10-27,260,1,BOE-A-2010-16393,MINISTERIO DE ECONOMÍA Y HACIENDA,estatal,Resolución,90534,90537,"Resolución de 20 de octubre de 2010, de la Intervención General de la Administración del Estado, por la que se modifican la Resolución de 28 de noviembre de 2005, por la que se regulan los procedimientos para la tramitación de los documentos contables en soporte fichero y la Resolución de 22 de septiembre de 2008, por la que se aprueban los documentos contables específicos del Subsistema de Proyectos de Gasto."
2010-10-27,260,1,BOE-A-2010-16394,MINISTERIO DE EDUCACIÓN,estatal,Corrección,90538,90538,"Corrección de errores de la Orden EDU/2503/2010, de 16 de septiembre, por la que se regulan los criterios y el procedimiento para la suscripción de convenios de colaboración con instituciones titulares de centros extranjeros previstos en el Real Decreto 1027/1993, de 25 de junio, por el que se regula la acción educativa en el exterior."
2010-10-27,260,1,BOE-A-2010-16395,"MINISTERIO DE MEDIO AMBIENTE, Y MEDIO RURAL Y MARINO",estatal,Real Decreto,90539,90542,"Real Decreto 1255/2010, de 8 de octubre, por el que se modifica el Real Decreto 949/2009, de 5 de junio, por el que se establecen las bases reguladoras de las subvenciones estatales para fomentar la aplicación de los procesos técnicos del Plan de Biodigestión de Purines."
2010-10-28,261,1,BOE-A-2010-16435,JEFATURA DEL ESTADO,estatal,Ley Orgánica,90712,90720,"Ley Orgánica 7/2010, de 27 de octubre, de reforma de la Ley Orgánica 13/1982, de 10 de agosto, de reintegración y amejoramiento del Régimen Foral de Navarra."
2010-10-28,261,1,BOE-A-2010-16436,JEFATURA DEL ESTADO,estatal,Otras,90721,90729,"Instrumento de Ratificación del Convenio entre el Reino de España y los Emiratos Árabes Unidos sobre la asistencia judicial mutua en materia penal, hecho en Madrid el 24 de noviembre de 2009."
2010-10-28,261,1,BOE-A-2010-16437,MINISTERIO DE ASUNTOS EXTERIORES Y DE COOPERACIÓN,estatal,Orden,90730,90730,"Orden AEC/2756/2010, de 13 de octubre, por la que se suprime el Viceconsulado Honorario de España en Villa María (Argentina)."
2010-10-28,261,1,BOE-A-2010-16438,MINISTERIO DE ASUNTOS EXTERIORES Y DE COOPERACIÓN,estatal,Orden,90731,90732,"Orden AEC/2757/2010, de 15 de octubre, por la que se modifica la Orden AEC/59/2006, de 19 de enero, por la que se crea la Oficina Consular, con categoría de Consulado General, en San Petersburgo y la Orden de 25 de abril de 1997, por la que se crea una Oficina Consular, con categoría de Consulado General, en Moscú."
2010-10-28,261,1,BOE-A-2010-16439,"MINISTERIO DE INDUSTRIA, TURISMO Y COMERCIO",estatal,Real Decreto,90733,90736,"Real Decreto 1283/2010, de 15 de octubre, por el que se regula la concesión de una subvención directa a la entidad ACC1Ó para actuaciones de reindustrialización en Terres de l´Ebre."
2010-10-28,261,1,BOE-A-2010-16440,"MINISTERIO DE INDUSTRIA, TURISMO Y COMERCIO",estatal,Real Decreto,90737,90739,"Real Decreto 1284/2010, de 15 de octubre, por el que se modifica el Real Decreto 889/2006, de 21 de julio, por el que se regula el control metrológico del Estado sobre instrumentos de medida."
2010-10-28,261,1,BOE-A-2010-16441,"MINISTERIO DE INDUSTRIA, TURISMO Y COMERCIO",estatal,Resolución,90740,90892,"Resolución de 27 de octubre de 2010, de la Secretaría de Estado de Energía, por la que se aprueban los procedimientos de operación del sistema P.O. 3.10, P.O. 14.5, P.O. 3.1, P.O. 3.2, P.O. 9 y P.O. 14.4 para su adaptación a la nueva normativa eléctrica."
2010-10-29,262,1,BOE-A-2010-16491,MINISTERIO DE ECONOMÍA Y HACIENDA,estatal,Orden,91069,91074,"Orden EHA/2770/2010, de 26 de octubre, por la que se aprueba el modelo 521 ""Relación Trimestral de Primeras Materias Entregadas"" y se establecen el plazo y el procedimiento para su presentación."
2010-10-29,262,1,BOE-A-2010-16492,MINISTERIO DE VIVIENDA,estatal,Real Decreto,91075,91078,"Real Decreto 1260/2010, de 8 de octubre, por el que se modifica el Real Decreto 1472/2007, de 2 de noviembre, por el que se regula la renta básica de emancipación de los jóvenes."
2010-10-29,262,1,BOE-A-2010-16493,COMISIÓN NACIONAL DEL MERCADO DE VALORES,estatal,Instrucción o circular,91079,91084,"Circular 3/2010, de 14 de octubre, de la Comisión Nacional del Mercado de Valores, sobre procedimientos administrativos de autorización de las entidades de capital-riesgo y de sus sociedades gestoras, de autorización de las modificaciones de sus reglamentos y estatutos y de comunicación de los cambios de consejeros y directivos."
2010-10-30,263,1,BOE-A-2010-16549,MINISTERIO DE ECONOMÍA Y HACIENDA,estatal,Resolución,91248,91255,"Resolución de 29 de octubre de 2010, de la Presidencia del Comisionado para el Mercado de Tabacos, por la que se publican los precios de venta al público de determinadas labores de tabaco en Expendedurías de Tabaco y Timbre del Área del Monopolio."
2010-10-30,263,1,BOE-A-2010-16550,MINISTERIO DE FOMENTO,estatal,Orden,91256,91261,"Orden FOM/2776/2010, de 18 de octubre, por la que se dictan normas sobre la colaboración del servicio de correos en las elecciones al Parlamento de Cataluña."
2010-10-30,263,1,BOE-A-2010-16551,MINISTERIO DE EDUCACIÓN,estatal,Real Decreto,91262,91281,"Real Decreto 1364/2010, de 29 de octubre, por el que se regula el concurso de traslados de ámbito estatal entre personal funcionario de los cuerpos docentes contemplados en la Ley Orgánica 2/2006, de 3 de mayo, de Educación y otros procedimientos de provisión de plazas a cubrir por los mismos."
2010-10-30,263,1,BOE-A-2010-16552,MINISTERIO DE TRABAJO E INMIGRACIÓN,estatal,Orden,91282,91295,"Orden TIN/2777/2010, de 29 de octubre, por la que se modifica la Orden TAS/1562/2005, de 25 de mayo, por la que se establecen normas para la aplicación y desarrollo del Reglamento General de Recaudación de la Seguridad Social, aprobado por el Real Decreto 1415/2004, de 11 de junio."
2010-10-30,263,1,BOE-A-2010-16553,MINISTERIO DE POLÍTICA TERRITORIAL Y ADMINISTRACIÓN PÚBLICA,estatal,Real Decreto,91296,91299,"Real Decreto 1365/2010, de 29 de octubre, sobre ampliación de los medios económicos adscritos a los servicios traspasados por el Real Decreto 467/2003, de 25 de abril, sobre traspaso a la Comunidad Autónoma de Andalucía de la gestión realizada por el Instituto Nacional de Empleo, en el ámbito del trabajo, el empleo y la formación."
2010-11-01,264,1,BOE-A-2010-16627,MINISTERIO DE ASUNTOS EXTERIORES Y DE COOPERACIÓN,estatal,Tratado o acuerdo internacional,91531,91533,"Acuerdo en materia de acceso a la universidad entre el Reino de España y el Principado de Andorra, hecho en Madrid el 4 de mayo de 2010."
2010-11-02,265,1,BOE-A-2010-16743,TRIBUNAL CONSTITUCIONAL,estatal,Resolución judicial,91962,91962,"Acuerdo de 29 de octubre de 2010, de la Presidencia del Tribunal Constitucional, por el que se habilitan, con carácter extraordinario, determinadas fechas y horarios para la presentación en el Registro General del Tribunal del recurso de amparo electoral."
2010-11-02,265,1,BOE-A-2010-16744,MINISTERIO DE ASUNTOS EXTERIORES Y DE COOPERACIÓN,estatal,Tratado o acuerdo internacional,91963,91968,"Acuerdo Administrativo para la aplicación del Convenio de Seguridad Social entre España y Japón, hecho en Tokio el 30 de julio de 2010."
2010-11-02,265,1,BOE-A-2010-16745,MINISTERIO DE ECONOMÍA Y HACIENDA,estatal,Orden,91969,91971,"Orden EHA/2817/2010, de 26 de octubre, por la que se regulan las operaciones de cierre del ejercicio 2010 relativas a la contabilidad de gastos públicos."
2010-11-03,266,1,BOE-A-2010-16822,TRIBUNAL SUPREMO,estatal,Resolución judicial,92174,92175,"Sentencia de 1 de junio de 2010, de la Sala Tercera del Tribunal Supremo, por la que se anulan varias expresiones de los artículos 2, 3, 4, 9 y 18 y disposición final tercera del Real Decreto 240/2007, de 16 de febrero, sobre entrada, libre circulación y residencia en España de ciudadanos de los Estados miembros de la U.E. y de otros Estados parte en el Acuerdo sobre el Espacio Económico Europeo."
2010-11-03,266,1,BOE-A-2010-16823,COMUNIDAD AUTÓNOMA DE EXTREMADURA,autonómico,Ley,92176,92208,"Ley 9/2010, de 18 de octubre, de modificación de la Ley 15/2001, de 14 de diciembre, del Suelo y Ordenación Territorial de Extremadura."
2010-11-04,267,1,BOE-A-2010-16869,MINISTERIO DE POLÍTICA TERRITORIAL Y ADMINISTRACIÓN PÚBLICA,estatal,Real Decreto,92374,92385,"Real Decreto 1366/2010, de 29 de octubre, por el que se aprueba la estructura orgánica básica de los departamentos ministeriales."
2010-11-05,268,1,BOE-A-2010-16973,JEFATURA DEL ESTADO,estatal,Ley Orgánica,92893,92895,"Ley Orgánica 8/2010, de 4 de noviembre, de reforma de la Ley Orgánica 5/1985, de 19 de junio, del Régimen Electoral General, y de la Ley Orgánica 2/1979, de 3 de octubre, del Tribunal Constitucional."
2010-11-05,268,1,BOE-A-2010-16974,MINISTERIO DE ASUNTOS EXTERIORES Y DE COOPERACIÓN,estatal,Tratado o acuerdo internacional,92896,92912,"Convenio entre el Reino de España y Bosnia y Herzegovina para evitar la doble imposición y prevenir la evasión fiscal en materia de impuestos sobre la renta y sobre el patrimonio, hecho en Sarajevo el 5 de febrero de 2008."
2010-11-05,268,1,BOE-A-2010-16975,COMISIÓN NACIONAL DEL MERCADO DE VALORES,estatal,Instrucción o circular,92913,92928,"Circular 4/2010, de 14 de octubre, de la Comisión Nacional del Mercado de Valores, por la que se modifica la Circular 2/2009, de 25 de marzo, sobre normas contables, cuentas anuales, estados financieros públicos y estados reservados de información estadística de los Fondos de Titulización."
2010-11-05,268,1,BOE-A-2010-16976,COMUNIDAD AUTÓNOMA DE LA RIOJA,autonómico,Ley,92929,92930,"Ley 8/2010, de 15 de octubre, de medidas tributarias."
2010-11-06,269,1,BOE-A-2010-17037,MINISTERIO DE FOMENTO,estatal,Real Decreto,93210,93236,"Real Decreto 1434/2010, de 5 de noviembre, sobre interoperabilidad del sistema ferroviario de la Red Ferroviaria de interés general."
2010-11-06,269,1,BOE-A-2010-17038,MINISTERIO DE FOMENTO,estatal,Real Decreto,93237,93263,"Real Decreto 1435/2010, de 5 de noviembre, por el que se regula el abanderamiento y matriculación de las embarcaciones de recreo en las listas sexta y séptima del registro de matrícula de buques."
2010-11-06,269,1,BOE-A-2010-17039,MINISTERIO DE TRABAJO E INMIGRACIÓN,estatal,Resolución,93264,93266,"Resolución de 5 de noviembre de 2010, de la Dirección General de Ordenación de la Seguridad Social, por la que se dictan instrucciones a las mutuas de accidentes de trabajo y enfermedades profesionales de la Seguridad Social en relación con la aplicación del artículo 32 de la Ley 31/1995, de 8 de noviembre, de Prevención de Riesgos Laborales, en la redacción dada por la disposición final sexta de la Ley 32/2010, de 5 agosto."
2010-11-06,269,1,BOE-A-2010-17040,MINISTERIO DE LA PRESIDENCIA,estatal,Real Decreto,93267,93268,"Real Decreto 1437/2010, de 5 de noviembre, por el que se declara de aplicación para los miembros del Cuerpo de la Guardia Civil el Real Decreto 96/2009, de 6 de febrero, que aprueba las Reales Ordenanzas para las Fuerzas Armadas."
2010-11-06,269,1,BOE-A-2010-17041,MINISTERIO DE LA PRESIDENCIA,estatal,Real Decreto,93269,93271,"Real Decreto 1438/2010, de 5 de noviembre, sobre misiones de carácter militar que pueden encomendarse a la Guardia Civil."
2010-11-06,269,1,BOE-A-2010-17042,MINISTERIO DE LA PRESIDENCIA,estatal,Orden,93272,93278,"Orden PRE/2851/2010, de 4 de noviembre, por la que se modifica el anexo I del Real Decreto 2163/1994, de 4 de noviembre, por el que se implanta el sistema armonizado comunitario de autorización para comercializar y utilizar productos fitosanitarios, a fin de incluir las sustancias activas ciflufenamida y malatión, suprimir la tolifluanida como sustancia activa, modificar las disposiciones específicas de las sustancias activas clotianidina, tiametoxam, fipronil e imidacloprid y ampliar el uso de la sustancia activa penconazol."
2010-11-06,269,1,BOE-A-2010-17043,MINISTERIO DE POLÍTICA TERRITORIAL Y ADMINISTRACIÓN PÚBLICA,estatal,Real Decreto,93279,93303,"Real Decreto 1443/2010, de 5 de noviembre, por el que se desarrolla la estructura orgánica básica del Ministerio de Medio Ambiente, y Medio Rural y Marino."
2010-11-08,270,1,BOE-A-2010-17153,JEFATURA DEL ESTADO,estatal,Otras,93575,93615,"Instrumento de Ratificación del Convenio de Asistencia Administrativa Mutua en Materia Fiscal, hecho en Estrasburgo el 25 de enero de 1988."
2010-11-09,271,1,BOE-A-2010-17234,JEFATURA DEL ESTADO,estatal,Otras,93871,93879,"Instrumento de Ratificación del Convenio relativo a la expedición de certificados de nacionalidad, hecho en Lisboa el 14 de septiembre de 1999."
2010-11-09,271,1,BOE-A-2010-17235,MINISTERIO DE JUSTICIA,estatal,Orden,93880,93882,"Orden JUS/2871/2010, de 2 de noviembre, por la que se determinan los requisitos y condiciones para tramitar por vía telemática las solicitudes de los certificados de antecedentes penales."
2010-11-09,271,1,BOE-A-2010-17236,MINISTERIO DE FOMENTO,estatal,Orden,93883,93957,"Orden FOM/2872/2010, de 5 de noviembre, por la que se determinan las condiciones para la obtención de los títulos habilitantes que permiten el ejercicio de las funciones del personal ferroviario relacionadas con la seguridad en la circulación, así como el régimen de los centros homologados de formación y de los de reconocimiento médico de dicho personal."
2010-11-09,271,1,BOE-A-2010-17237,MINISTERIO DE EDUCACIÓN,estatal,Orden,93958,93981,"Orden EDU/2873/2010, de 2 de noviembre, por la que se establece el currículo del ciclo formativo de Grado Medio correspondiente al título de Técnico en Carpintería y Mueble."
2010-11-09,271,1,BOE-A-2010-17238,MINISTERIO DE EDUCACIÓN,estatal,Orden,93982,94017,"Orden EDU/2874/2010, de 2 de noviembre, por la que se establece el currículo del ciclo formativo de Grado Medio correspondiente al título de Técnico en Electromecánica de Vehículos Automóviles."
2010-11-09,271,1,BOE-A-2010-17239,MINISTERIO DE EDUCACIÓN,estatal,Orden,94018,94053,"Orden EDU/2875/2010, de 2 de noviembre, por la que se establece el currículo del ciclo formativo de Grado Medio correspondiente al título de Técnico en Fabricación de Productos Cerámicos."
2010-11-09,271,1,BOE-A-2010-17240,MINISTERIO DE LA PRESIDENCIA,estatal,Real Decreto,94054,94059,"Real Decreto 1436/2010, de 5 de noviembre, por el que se modifican diversos reales decretos para su adaptación a la Directiva 2008/112/CE del Parlamento Europeo y del Consejo, que modifica varias directivas para adaptarlas al Reglamento (CE) n.º 1272/2008, sobre clasificación, etiquetado y envasado de sustancias y mezclas."
2010-11-10,272,1,BOE-A-2010-17303,MINISTERIO DE EDUCACIÓN,estatal,Orden,94231,94262,"Orden EDU/2882/2010, de 2 de noviembre, por la que se establece el currículo del ciclo formativo de Grado Medio correspondiente al título de Técnico en Jardinería y Floristería."
2010-11-10,272,1,BOE-A-2010-17304,MINISTERIO DE EDUCACIÓN,estatal,Orden,94263,94292,"Orden EDU/2883/2010, de 2 de noviembre, por la que se establece el currículo del ciclo formativo de Grado Superior correspondiente al título de Técnico Superior en Dirección de Cocina."
2010-11-10,272,1,BOE-A-2010-17305,MINISTERIO DE EDUCACIÓN,estatal,Orden,94293,94328,"Orden EDU/2884/2010, de 2 de noviembre, por la que se establece el currículo del ciclo formativo de Grado Superior correspondiente al título de Técnico Superior en Dirección de Servicios en Restauración."
2010-11-10,272,1,BOE-A-2010-17306,MINISTERIO DE EDUCACIÓN,estatal,Orden,94329,94359,"Orden EDU/2885/2010, de 2 de noviembre, por la que se establece el currículo del ciclo formativo de Grado Superior correspondiente al título de Técnico Superior en Diseño y Producción de Calzado y Complementos."
2010-11-11,273,1,BOE-A-2010-17328,JEFATURA DEL ESTADO,estatal,Corrección,94470,94470,"Corrección de erratas de la Ley Orgánica 7/2010, de 27 de octubre, de reforma de la Ley Orgánica 13/1982, de 10 de agosto, de reintegración y amejoramiento del Régimen Foral de Navarra."
2010-11-11,273,1,BOE-A-2010-17329,MINISTERIO DE EDUCACIÓN,estatal,Orden,94471,94500,"Orden EDU/2887/2010, de 2 de noviembre, por la que se establece el currículo del ciclo formativo de Grado Superior correspondiente al título de Técnico Superior en Desarrollo de Aplicaciones Web."
2010-11-11,273,1,BOE-A-2010-17330,MINISTERIO DE EDUCACIÓN,estatal,Orden,94501,94530,"Orden EDU/2888/2010, de 2 de noviembre, por la que se establece el currículo del ciclo formativo de Grado Superior correspondiente al título de Técnico Superior en Diseño en Fabricación Mecánica."
2010-11-11,273,1,BOE-A-2010-17331,MINISTERIO DE EDUCACIÓN,estatal,Orden,94531,94564,"Orden EDU/2889/2010, de 2 de noviembre, por la que se establece el currículo del ciclo formativo de Grado Superior correspondiente al título de Técnico Superior en Proyectos de Edificación."
2010-11-11,273,1,BOE-A-2010-17332,MINISTERIO DE EDUCACIÓN,estatal,Orden,94565,94603,"Orden EDU/2890/2010, de 2 de noviembre, por la que se establece el currículo del ciclo formativo de Grado Superior correspondiente al título de Técnico Superior en Sistemas Electrotécnicos y Automatizados."
2010-11-11,273,1,BOE-A-2010-17333,"MINISTERIO DE SANIDAD, POLÍTICA SOCIAL E IGUALDAD",estatal,Orden,94604,94605,"Orden SPI/2891/2010, de 3 de noviembre, por la que se aprueba la cuarta edición de la Real Farmacopea Española."
2010-11-12,274,1,BOE-A-2010-17392,JEFATURA DEL ESTADO,estatal,Otras,94858,94879,"Instrumento de Ratificación del Convenio del Consejo de Europa para la protección de los niños contra la explotación y el abuso sexual, hecho en Lanzarote el 25 de octubre de 2007."
2010-11-12,274,1,BOE-A-2010-17393,MINISTERIO DE ECONOMÍA Y HACIENDA,estatal,Resolución,94880,94886,"Resolución de 2 de noviembre de 2010, de la Presidencia de la Agencia Estatal de Administración Tributaria, por la que se modifican la Resolución de 21 de septiembre de 2004, por la que se establece la estructura y organización territorial de la Agencia Tributaria, y la Resolución de 21 de marzo de 2006, por la que se establece el ámbito territorial de las Administraciones de la Agencia Tributaria."
2010-11-13,275,1,BOE-A-2010-17435,MINISTERIO DE FOMENTO,estatal,Corrección,95180,95180,"Corrección de errores de la Orden FOM/2575/2010, de 1 de octubre, por la que se determina el personal al servicio del Ministerio de Fomento que pasa a prestar servicios en la Comisión Nacional del Sector Postal y la fecha de inicio del ejercicio efectivo de las funciones de la misma."
2010-11-13,275,1,BOE-A-2010-17436,"MINISTERIO DE INDUSTRIA, TURISMO Y COMERCIO",estatal,Resolución,95181,95182,"Resolución de 5 de noviembre de 2010, de la Dirección General de Política Energética y Minas, por la que se publican los nuevos precios de venta, antes de impuestos, de los gases licuados del petróleo por canalización."
2010-11-15,276,1,BOE-A-2010-17457,TRIBUNAL CONSTITUCIONAL,estatal,Resolución judicial,95230,95230,"Recurso de Inconstitucionalidad n.º 7456-2010, en relación con el artículo 130.4 en conexión con el artículo 130.1.b) de la Ley 10/2010, de 9 de julio, de la Generalitat, de Ordenación y Gestión de la Función Pública Valenciana."
2010-11-15,276,1,BOE-A-2010-17458,MINISTERIO DE ASUNTOS EXTERIORES Y DE COOPERACIÓN,estatal,Tratado o acuerdo internacional,95231,95278,"Enmiendas de 2008 al Anexo del Protocolo de 1997 que enmienda el Convenio Internacional para prevenir la contaminación por los buques, 1973, modificado por el Protocolo de 1978 (Anexo VI revisado del Convenio MARPOL) (publicado en el ""Boletín Oficial del Estado"" n.º 251 de 18 de octubre de 2004), adoptadas el 10 de octubre de 2008 mediante Resolución MEPC 176(58)."
2010-11-16,277,1,BOE-A-2010-17568,JEFATURA DEL ESTADO,estatal,Ley,95592,95594,"Ley 37/2010, de 15 de noviembre, por la que se crea la Oficina Presupuestaria de las Cortes Generales."
2010-11-16,277,1,BOE-A-2010-17569,TRIBUNAL CONSTITUCIONAL,estatal,Resolución judicial,95595,95595,"Recurso de inconstitucionalidad n.º 7418-2010, en relación con el artículo 128.1 de la Ley 22/2010, de 20 de julio, del Código de Consumo de Cataluña."
2010-11-16,277,1,BOE-A-2010-17570,TRIBUNAL CONSTITUCIONAL,estatal,Resolución judicial,95596,95596,"Recurso de inconstitucionalidad n.º 7454-2010, en relación con diversos preceptos de la Ley 20/2010, de 7 de julio, del cine de Cataluña."
2010-11-16,277,1,BOE-A-2010-17571,TRIBUNAL CONSTITUCIONAL,estatal,Resolución judicial,95597,95597,"Recurso de inconstitucionalidad n.º 7611-2010, en relación con diversos preceptos de la Ley 22/2010, de 20 de julio, del Código de Consumo de Cataluña."
2010-11-16,277,1,BOE-A-2010-17572,TRIBUNAL CONSTITUCIONAL,estatal,Resolución judicial,95598,95598,"Cuestión de inconstitucionalidad n.º 7128-2010, en relación con los artículos 32.4 y 33.3 de la Ley 2/2003, de 11 de marzo, de Administración Local de la Comunidad de Madrid."
2010-11-16,277,1,BOE-A-2010-17573,MINISTERIO DE ASUNTOS EXTERIORES Y DE COOPERACIÓN,estatal,Tratado o acuerdo internacional,95599,95603,"Enmiendas de 2008 al Código Internacional de gestión de la seguridad operaciones del buque y la prevención de la contaminación (Código Internacional de Gestión de la Seguridad) (Código IGS) (publicado en el ""Boletín Oficial del Estado"" n.º 122 de 22 de mayo de 1998 ), adoptadas el 4 de diciembre de 2008 mediante Resolución MSC 273(85)."
2010-11-16,277,1,BOE-A-2010-17574,MINISTERIO DE ASUNTOS EXTERIORES Y DE COOPERACIÓN,estatal,Tratado o acuerdo internacional,95604,95605,"Enmiendas de 2008 al Protocolo de 1988 relativo al Convenio Internacional sobre líneas de carga, 1966 enmendado, (publicado en el ""Boletín Oficial del Estado"" n.º 233 de 29 de septiembre de 1999), adoptadas el 4 de diciembre de 2008 mediante Resolución MSC 270(85)."
2010-11-16,277,1,BOE-A-2010-17575,MINISTERIO DE ECONOMÍA Y HACIENDA,estatal,Real Decreto,95606,95612,"Real Decreto 1363/2010, de 29 de octubre, por el que se regulan supuestos de notificaciones y comunicaciones administrativas obligatorias por medios electrónicos en el ámbito de la Agencia Estatal de Administración Tributaria."
2010-11-16,277,1,BOE-A-2010-17576,"MINISTERIO DE INDUSTRIA, TURISMO Y COMERCIO",estatal,Corrección,95613,95613,"Corrección de errores de la Orden ITC/360/2010, de 12 de febrero, por la que se regula el control metrológico del Estado sobre los sistemas de medida de líquidos distintos del agua denominados surtidores o dispensadores destinados al suministro a vehículos automóviles de sustancias no destinadas a su uso como combustible."
2010-11-16,277,1,BOE-A-2010-17577,"MINISTERIO DE INDUSTRIA, TURISMO Y COMERCIO",estatal,Resolución,95614,95619,"Resolución de 11 de noviembre de 2010, de la Dirección General de Política Energética y Minas, por la que se aprueba el Plan de Actuación Invernal para la operación del sistema gasista."
2010-11-16,277,1,BOE-A-2010-17578,MINISTERIO DE POLÍTICA TERRITORIAL Y ADMINISTRACIÓN PÚBLICA,estatal,Real Decreto,95620,95653,"Real Decreto 1441/2010, de 5 de noviembre, sobre traspaso de funciones y servicios a la Comunidad Autónoma del País Vasco en materia de ejecución de la legislación laboral en el ámbito del trabajo, el empleo y la formación profesional para el empleo, que realiza el Servicio Público de Empleo Estatal."
2010-11-16,277,1,BOE-A-2010-17579,MINISTERIO DE POLÍTICA TERRITORIAL Y ADMINISTRACIÓN PÚBLICA,estatal,Real Decreto,95654,95663,"Real Decreto 1442/2010, de 5 de noviembre, sobre traspaso a la Comunidad Autónoma del País Vasco de las funciones y servicios del Instituto Social de la Marina, en materia educativa, de empleo y formación profesional para el empleo."
2010-11-16,277,1,BOE-A-2010-17580,TRIBUNAL SUPREMO,estatal,Resolución judicial,95664,95664,"Sentencia de 28 de septiembre de 2010, de la Sala Tercera del Tribunal Supremo, por la que anula, por no ser conformes a derecho, la excepción a la regla general de la reserva funcionarial dispuesta en Disposición Adicional Tercera del citado Real Decreto 1130/2008, de 4 de julio, para la Dirección General del Medio Natural y Política Forestal, la Dirección General de Desarrollo Sostenible del Medio Rural, la Dirección General del Agua y la Dirección General de Sostenibilidad de la Costa y del Mar."
2010-11-16,277,1,BOE-A-2010-17581,TRIBUNAL SUPREMO,estatal,Resolución judicial,95665,95665,"Sentencia de 30 de septiembre de 2010, de la Sala Tercera del Tribunal Supremo, por la que se establece la siguiente doctrina: ""El artículo 2 del Real Decreto 1086/1989 de 28 de agosto, sobre retribuciones del profesorado universitario es plenamente aplicable a los profesores titulares de Escuelas Universitarias, aunque impartan o hayan impartido docencia en los tres primeros cursos de la Enseñanza Universitaria o en cursos superiores de la misma""."
2010-11-16,277,1,BOE-A-2010-17582,COMUNIDAD AUTÓNOMA DE GALICIA,autonómico,Ley,95666,95669,"Ley 7/2010, de 15 de octubre, por la que se suprime el organismo autónomo Servicio Gallego de Promoción de la Igualdad del Hombre y la Mujer y se modifican determinados artículos de la Ley 2/2007, de 28 de marzo, del trabajo en igualdad de las mujeres de Galicia."
2010-11-16,277,1,BOE-A-2010-17583,COMUNIDAD FORAL DE NAVARRA,autonómico,Ley,95670,95686,"Ley Foral 15/2010, de 25 de octubre, de modificación de la Ley Foral 8/2007, de 23 de marzo, de las Policías de Navarra."
2010-11-17,278,1,BOE-A-2010-17664,MINISTERIO DEL INTERIOR,estatal,Orden,96001,96003,"Orden INT/2944/2010, de 10 de noviembre, por la que se determinan las condiciones para la Asociación de Municipios con la finalidad de prestar servicios de Policía Local, de conformidad con lo previsto en la disposición adicional quinta de la Ley Orgánica 2/1986, de 13 de marzo, de Fuerzas y Cuerpos de Seguridad."
2010-11-18,279,1,BOE-A-2010-17706,MINISTERIO DE ASUNTOS EXTERIORES Y DE COOPERACIÓN,estatal,Tratado o acuerdo internacional,96218,96386,"Enmiendas de 2008 al Código Marítimo Internacional de Mercancías Peligrosas (Código IMDG) (publicado en el ""Boletín Oficial del Estado"" n.º 304, de 21 de diciembre de 2005), adoptadas el 16 de mayo de 2008 mediante Resolución MSC.262(84)."
2010-11-18,279,1,BOE-A-2010-17707,MINISTERIO DE EDUCACIÓN,estatal,Orden,96387,96393,"Orden EDU/2949/2010, de 16 de noviembre, por la que se crea el Foro para la Inclusión Educativa del Alumnado con Discapacidad y se establecen sus competencias, estructura y régimen de funcionamiento."
2010-11-18,279,1,BOE-A-2010-17708,MINISTERIO DE TRABAJO E INMIGRACIÓN,estatal,Corrección,96394,96394,"Corrección de errores de la Orden TIN/2504/2010, de 20 de septiembre, por la que se desarrolla el Real Decreto 39/1997, de 17 de enero, por el que se aprueba el Reglamento de los Servicios de Prevención, en lo referido a la acreditación de entidades especializadas como servicios de prevención, memoria de actividades preventivas y autorización para realizar la actividad de auditoría del sistema de prevención de las empresas."
2010-11-18,279,1,BOE-A-2010-17709,MINISTERIO DE LA PRESIDENCIA,estatal,Real Decreto,96395,96398,"Real Decreto 1439/2010, de 5 de noviembre, por el que se modifica el Reglamento sobre protección sanitaria contra radiaciones ionizantes, aprobado por Real Decreto 783/2001, de 6 de julio."
2010-11-18,279,1,BOE-A-2010-17710,COMUNIDAD AUTÓNOMA DE CATALUÑA,autonómico,Ley,96399,96412,"Ley 35/2010, de 1 de octubre, del occitano, aranés en Arán."
2010-11-19,280,1,BOE-A-2010-17758,MINISTERIO DE ASUNTOS EXTERIORES Y DE COOPERACIÓN,estatal,Tratado o acuerdo internacional,96496,96506,"Enmiendas de 2009 al Anexo del Convenio para facilitar el tráfico marítimo internacional, 1965,en su forma enmendada, hecho en Londres el 9 de abril de 1965 (publicado en el ""Boletín Oficial del Estado"" n.º 231 de 26 de septiembre de 1973), aprobadas por el Comité de facilitación en su 35º periodo de sesiones mediante Resolución FAL 10 (35)."
2010-11-19,280,1,BOE-A-2010-17759,"MINISTERIO DE SANIDAD, POLÍTICA SOCIAL E IGUALDAD",estatal,Orden,96507,96510,"Orden SPI/2957/2010, de 16 de noviembre, por la que se modifica el Anexo del Real Decreto 2002/1995, de 7 de diciembre, por el que se aprueba la lista positiva de aditivos edulcorantes autorizados para su uso en la elaboración de productos alimenticios, así como sus condiciones de utilización."
2010-11-19,280,1,BOE-A-2010-17760,"MINISTERIO DE SANIDAD, POLÍTICA SOCIAL E IGUALDAD",estatal,Orden,96511,96531,"Orden SPI/2958/2010, de 16 de noviembre, por la que se establece el procedimiento para la inclusión de los alimentos dietéticos para usos médicos especiales en la oferta de productos dietéticos del Sistema Nacional de Salud y para la aplicación de los importes máximos de financiación."
2010-11-20,281,1,BOE-A-2010-17808,MINISTERIO DEL INTERIOR,estatal,Real Decreto,96764,96789,"Real Decreto 1564/2010, de 19 de noviembre, por el que se aprueba la Directriz básica de planificación de protección civil ante el riesgo radiológico."
2010-11-22,282,1,BOE-A-2010-17860,CONSEJO GENERAL DEL PODER JUDICIAL,estatal,Resolución judicial,96977,96992,"Acuerdo de 28 de octubre de 2010, del Pleno del Consejo General del Poder Judicial, por el que se aprueba el Reglamento 3/2010, sobre reutilización de sentencias y otras resoluciones judiciales."
2010-11-22,282,1,BOE-A-2010-17861,MINISTERIO DE LA PRESIDENCIA,estatal,Real Decreto,96993,97022,"Real Decreto 1440/2010, de 5 de noviembre, por el que se aprueba el Estatuto del Consejo de Seguridad Nuclear."
2010-11-23,283,1,BOE-A-2010-17974,CORTES GENERALES,estatal,Otras,97419,97420,"Acuerdo de 16 de noviembre de 2010, de la Mesa del Senado, por el que se crea la Sede Electrónica del Senado."
2010-11-23,283,1,BOE-A-2010-17975,MINISTERIO DE ASUNTOS EXTERIORES Y DE COOPERACIÓN,estatal,Tratado o acuerdo internacional,97421,97427,"Acuerdo entre el Reino de España y el Principado de Andorra para el intercambio de información en materia fiscal, hecho en Madrid el 14 de enero de 2010."
2010-11-23,283,1,BOE-A-2010-17976,"MINISTERIO DE INDUSTRIA, TURISMO Y COMERCIO",estatal,Real Decreto,97428,97446,"Real Decreto 1565/2010, de 19 de noviembre, por el que se regulan y modifican determinados aspectos relativos a la actividad de producción de energía eléctrica en régimen especial."
2010-11-23,283,1,BOE-A-2010-17977,MINISTERIO DE LA PRESIDENCIA,estatal,Corrección,97447,97447,"Corrección de errores del Real Decreto 367/2010, de 26 de marzo, de modificación de diversos reglamentos del área de medio ambiente para su adaptación a la Ley 17/2009, de 23 de noviembre, sobre el libre acceso a las actividades de servicios y su ejercicio, y a la Ley 25/2009, de 22 de diciembre, de modificación de diversas leyes para su adaptación a la Ley de libre acceso a actividades de servicios y su ejercicio."
2010-11-23,283,1,BOE-A-2010-17978,COMUNIDAD AUTÓNOMA DE ARAGÓN,autonómico,Ley,97448,97449,"Ley 6/2010, de 22 de octubre, por la que se autoriza la realización de operaciones de endeudamiento por importe máximo de doscientos cincuenta y ocho millones ochocientos cuarenta mil euros."
2010-11-23,283,1,BOE-A-2010-17979,COMUNIDAD DE MADRID,autonómico,Ley,97450,97454,"Ley 5/2010, de 12 de julio, de medidas fiscales para el fomento de la actividad económica."
2010-11-23,283,1,BOE-A-2010-17980,COMUNIDAD DE CASTILLA Y LEÓN,autonómico,Ley,97455,97490,"Ley 10/2010, de 27 de septiembre, de salud pública y seguridad alimentaria de Castilla y León."
2010-11-23,283,1,BOE-A-2010-17981,COMUNIDAD DE CASTILLA Y LEÓN,autonómico,Ley,97491,97493,"Ley 11/2010, de 11 de octubre, de creación del Colegio Profesional de Terapeutas Ocupacionales de Castilla y León."
2010-11-23,283,1,BOE-A-2010-17982,COMUNIDAD DE CASTILLA Y LEÓN,autonómico,Ley,97494,97505,"Ley 12/2010, de 28 de octubre, por la que se modifica la Ley 3/2003, de 28 de marzo, de Universidades de Castilla y León."
2010-11-24,284,1,BOE-A-2010-18065,MINISTERIO DE ASUNTOS EXTERIORES Y DE COOPERACIÓN,estatal,Otras,97762,97763,"Suplemento al Convenio sobre el apoyo logístico y el perfeccionamiento conjuntos del sistema de armas LEOPARD, de 30 de septiembre de 1969, en la versión de 15 de mayo de 1998."
2010-11-24,284,1,BOE-A-2010-18066,MINISTERIO DE ECONOMÍA Y HACIENDA,estatal,Corrección,97764,97764,"Corrección de errores de la Resolución de 2 de noviembre de 2010, de la Presidencia de la Agencia Estatal de Administración Tributaria, por la que se modifican la Resolución de 21 de septiembre de 2004, por la que se establece la estructura y organización territorial de la Agencia Tributaria, y la Resolución de 21 de marzo de 2006, por la que se establece el ámbito territorial de las Administraciones de la Agencia Tributaria."
2010-11-24,284,1,BOE-A-2010-18067,MINISTERIO DE TRABAJO E INMIGRACIÓN,estatal,Resolución,97765,98012,"Resolución de 28 de octubre de 2010, de la Intervención General de la Seguridad Social, por la que se aprueba la instrucción de contabilidad para las entidades que integran el sistema de la Seguridad Social."
2010-11-24,284,1,BOE-A-2010-18068,MINISTERIO DE LA PRESIDENCIA,estatal,Real Decreto,98013,98020,"Real Decreto 1525/2010, de 15 de noviembre, por el que se aprueba el pliego de cláusulas administrativas generales para la contratación de medios aéreos para la lucha contra los incendios forestales."
2010-11-24,284,1,BOE-A-2010-18069,MINISTERIO DE CULTURA,estatal,Real Decreto,98021,98024,"Real Decreto 1444/2010, de 5 de noviembre, por el que se regula la concesión de una subvención directa al Patronato del Festival Internacional de Teatro Clásico de Almagro."
2010-11-25,285,1,BOE-A-2010-18101,MINISTERIO DE DEFENSA,estatal,Resolución,98144,98144,"Resolución 301/38244/2010, de 3 de noviembre, de la Secretaría de Estado de Defensa, por la que se hace efectiva la supresión de determinados centros tecnológicos y se integran sus actividades, funciones y competencias en el Instituto Tecnológico ""La Marañosa""."
2010-11-25,285,1,BOE-A-2010-18102,MINISTERIO DEL INTERIOR,estatal,Orden,98145,98153,"Orden INT/3022/2010, de 23 de noviembre, por la que se regula el Tablón Edictal de Sanciones de Tráfico."
2010-11-25,285,1,BOE-A-2010-18103,MINISTERIO DE FOMENTO,estatal,Resolución,98154,98156,"Resolución de 5 de octubre de 2010, de la Dirección General de la Marina Mercante, por la que se publica el Acuerdo de Consejo de Ministros de 20 de agosto de 2010 por el que se aprueba el Plan Nacional de Servicios Especiales de Salvamento de la Vida Humana en la Mar y de la Lucha contra la Contaminación del Medio Marino para el periodo 2010/2018, que será objeto de revisión en el año 2013, con efecto a partir del 2014, en base al escenario presupuestario en esa fecha."
2010-11-25,285,1,BOE-A-2010-18104,"MINISTERIO DE MEDIO AMBIENTE, Y MEDIO RURAL Y MARINO",estatal,Orden,98157,98159,"Orden ARM/3023/2010, de 24 de noviembre, por la que se modifica la Orden ARM/3054/2008, de 27 de octubre, por la que se establecen medidas específicas de protección en relación con la lengua azul."
2010-11-26,286,1,BOE-A-2010-18167,MINISTERIO DE ASUNTOS EXTERIORES Y DE COOPERACIÓN,estatal,Orden,98344,98344,"Orden AEC/3039/2010, de 11 de noviembre, por la que se crea una Oficina Consular Honoraria de España en Al-Khobar (Arabia Saudí)."
2010-11-26,286,1,BOE-A-2010-18168,MINISTERIO DE FOMENTO,estatal,Resolución,98345,98347,"Resolución de 15 de octubre de 2010, de Aeropuertos Españoles y Navegación Aérea, por la que se crea la Sede Electrónica de la Entidad Pública Empresarial Aeropuertos Españoles y Navegación Aérea."
2010-11-27,287,1,BOE-A-2010-18199,MINISTERIO DE ECONOMÍA Y HACIENDA,estatal,Resolución,98511,98514,"Resolución de 26 de noviembre de 2010, de la Presidencia del Comisionado para el Mercado de Tabacos, por la que se publican los precios de venta al público de determinadas labores de tabaco en Expendedurías de Tabaco y Timbre del Área del Monopolio."
2010-11-29,288,1,BOE-A-2010-18258,"MINISTERIO DE SANIDAD, POLÍTICA SOCIAL E IGUALDAD",estatal,Orden,98641,98845,"Orden SPI/3052/2010, de 26 de noviembre, por la que se determinan los conjuntos de medicamentos, y sus precios de referencia, y por la que se regulan determinados aspectos del sistema de precios de referencia."
2010-11-30,289,1,BOE-A-2010-18367,MINISTERIO DE ECONOMÍA Y HACIENDA,estatal,Orden,99247,99279,"Orden EHA/3061/2010, de 22 de noviembre, por la que se modifican el modelo 347 de declaración anual de operaciones con terceras personas aprobado por Orden EHA/3012/2008, de 20 de octubre, el modelo 390 de declaración-resumen anual del Impuesto sobre el Valor Añadido aprobado por Orden EHA/3111/2009, de 5 de noviembre y el modelo 190 para la declaración del resumen anual de retenciones e ingresos a cuenta del Impuesto sobre la Renta de las Personas Físicas sobre rendimientos del trabajo y de actividades económicas, premios y determinadas ganancias patrimoniales e imputaciones de renta aprobado por Orden EHA/3127/2009, de 10 de noviembre."
2010-11-30,289,1,BOE-A-2010-18368,MINISTERIO DE ECONOMÍA Y HACIENDA,estatal,Orden,99280,99288,"Orden EHA/3062/2010, de 22 de noviembre, por la que se modifican las formas de presentación de las declaraciones informativas y resúmenes anuales de carácter tributario correspondientes a los modelos 038, 156, 159, 170, 171, 180, 181, 182, 183, 184, 187, 188, 189, 190, 192, 193, 194, 195, 196, 198, 199, 291, 296, 299, 340, 345, 346, 347, 349, 611 y 616 y por la que se modifica la Orden EHA/1658/2009, de 12 de junio, por la que se establece el procedimiento y las condiciones para la domiciliación del pago de determinadas deudas cuya gestión tiene atribuida la Agencia Estatal de Administración Tributaria."
2010-11-30,289,1,BOE-A-2010-18369,MINISTERIO DE ECONOMÍA Y HACIENDA,estatal,Orden,99289,99367,"Orden EHA/3063/2010, de 25 de noviembre, por la que se desarrollan para el año 2011 el método de estimación objetiva del Impuesto sobre la Renta de las Personas Físicas y el régimen especial simplificado del Impuesto sobre el Valor Añadido."
2010-11-30,289,1,BOE-A-2010-18370,MINISTERIO DE FOMENTO,estatal,Real Decreto,99368,99379,"Real Decreto 1593/2010, de 26 de noviembre, por el que se modifica el Real Decreto 210/2004, de 6 de febrero, por el que se establece un sistema de seguimiento y de información sobre el tráfico marítimo."
2010-11-30,289,1,BOE-A-2010-18371,MINISTERIO DE EDUCACIÓN,estatal,Real Decreto,99380,99383,"Real Decreto 1594/2010, de 26 de noviembre, por el que se aprueban las normas reguladoras de una subvención a conceder de forma directa a la Fundación Comillas para financiar el desarrollo del Centro Internacional de Estudios Superiores del Español."
2010-11-30,289,1,BOE-A-2010-18372,MINISTERIO DE TRABAJO E INMIGRACIÓN,estatal,Real Decreto,99384,99387,"Real Decreto 1596/2010, de 26 de noviembre, por el que se regula la concesión de una subvención directa a entidades españolas en el exterior, para la atención de necesidades derivadas de los daños sufridos en sus sedes como consecuencia de hechos catastróficos."
2010-11-30,289,1,BOE-A-2010-18373,"MINISTERIO DE MEDIO AMBIENTE, Y MEDIO RURAL Y MARINO",estatal,Real Decreto,99388,99395,"Real Decreto 1597/2010, de 26 de noviembre, por el que se modifica el Real Decreto 66/2010, de 29 de enero, sobre la aplicación en el año 2010 y 2011 de los pagos directos a la agricultura y a la ganadería."
2010-11-30,289,1,BOE-A-2010-18374,"MINISTERIO DE MEDIO AMBIENTE, Y MEDIO RURAL Y MARINO",estatal,Orden,99396,99401,"Orden ARM/3064/2010, de 26 de noviembre, por la que se regula la realización de estudios y se crea el Comité Asesor del Plan de Estudios."
2010-11-30,289,1,BOE-A-2010-18375,MINISTERIO DE CULTURA,estatal,Orden,99402,99408,"Orden CUL/3065/2010, de 23 de noviembre, por la que se aprueba el Estatuto del Ballet Nacional de España, como centro de creación artística del Instituto Nacional de las Artes Escénicas y de la Música."
2010-11-30,289,1,BOE-A-2010-18376,"MINISTERIO DE SANIDAD, POLÍTICA SOCIAL E IGUALDAD",estatal,Real Decreto,99409,99412,"Real Decreto 1602/2010, de 26 de noviembre, por el que se regula la concesión directa de subvenciones a favor de las Ciudades de Ceuta y de Melilla, para la realización de programas y actividades en materia social, personas mayores y personas en situación de dependencia."
2010-12-01,290,1,BOE-A-2010-18420,TRIBUNAL CONSTITUCIONAL,estatal,Resolución judicial,99498,99498,"Cuestiones de inconstitucionalidad n.º 1882, 4108, 4111, 4112, 4978 y 4982 de 2010, en relación con el apartado segundo de la disposición adicional trigésima cuarta de la Ley 55/1999, de 29 de diciembre, de Medidas Fiscales, Administrativas y del Orden Social."
2010-12-01,290,1,BOE-A-2010-18421,TRIBUNAL CONSTITUCIONAL,estatal,Resolución judicial,99499,99499,"Cuestiones de inconstitucionalidad n.º 3510, 4059, 4109, 4110, 4977, 4980, 4981, 4983 y 4984 de 2010, en relación con el párrafo primero del apartado segundo de la disposición adicional trigésima cuarta de la Ley 55/1999, de 29 de diciembre, de Medidas Fiscales, Administrativas y del Orden Social."
2010-12-01,290,1,BOE-A-2010-18422,"MINISTERIO DE SANIDAD, POLÍTICA SOCIAL E IGUALDAD",estatal,Real Decreto,99500,99501,"Real Decreto 1526/2010, de 15 de noviembre, por el que se modifica el Real Decreto 1791/2009, de 20 de noviembre, por el que se regula el régimen de funcionamiento, competencias y composición del Consejo de Participación de la Mujer."
2010-12-02,291,1,BOE-A-2010-18510,JEFATURA DEL ESTADO,estatal,Otras,99837,99868,"Instrumento de Ratificación del Convenio relativo a la competencia, la ley aplicable, el reconocimiento, la ejecución y la cooperación en materia de responsabilidad parental y de medidas de protección de los niños, hecho en La Haya el 19 de octubre de 1996."
2010-12-02,291,1,BOE-A-2010-18511,MINISTERIO DE TRABAJO E INMIGRACIÓN,estatal,Resolución,99869,99869,"Resolución de 24 de noviembre de 2010, de la Dirección General de Trabajo, por la que se corrige error en la de 7 de octubre de 2010, por la que se publica la relación de fiestas laborales para el año 2011."
2010-12-03,292,1,BOE-A-2010-18553,MINISTERIO DE ASUNTOS EXTERIORES Y DE COOPERACIÓN,estatal,Tratado o acuerdo internacional,100224,100225,"Convenio de suscripción de acciones de capital ordinario serie ""C"" entre España y la Corporación Andina de Fomento, hecho en Madrid el 17 de mayo de 2010."
2010-12-03,292,1,BOE-A-2010-18554,MINISTERIO DE FOMENTO,estatal,Corrección,100226,100226,"Corrección de errores de la Orden FOM/2575/2010, de 1 de octubre, por la que se determina el personal al servicio del Ministerio de Fomento que pasa a prestar servicios en la Comisión Nacional del Sector Postal y la fecha de inicio del ejercicio efectivo de las funciones de la misma."
2010-12-03,292,1,BOE-A-2010-18555,MINISTERIO DE EDUCACIÓN,estatal,Orden,100227,100533,"Orden EDU/3122/2010, de 23 de noviembre, por la que se regulan las enseñanzas complementarias de Lengua y Cultura españolas para alumnos españoles residentes en el exterior y se establece el currículo de las mismas."
2010-12-03,292,1,BOE-A-2010-18556,"MINISTERIO DE INDUSTRIA, TURISMO Y COMERCIO",estatal,Orden,100534,100557,"Orden ITC/3123/2010, de 26 de noviembre, por la que se regula el control metrológico del Estado de los instrumentos destinados a medir la velocidad de circulación de vehículos a motor."
2010-12-03,292,1,BOE-A-2010-18557,"MINISTERIO DE INDUSTRIA, TURISMO Y COMERCIO",estatal,Orden,100558,100592,"Orden ITC/3124/2010, de 26 de noviembre, por la que se actualizan los Anexos I y II del Real Decreto 2028/1986, de 6 de junio, sobre las normas para la aplicación de determinadas directivas de la CE, relativas a la homologación de tipo de vehículos automóviles, remolques, semirremolques, motocicletas, ciclomotores y vehículos agrícolas, así como de partes y piezas de dichos vehículos."
2010-12-03,292,1,BOE-A-2010-18558,COMUNIDAD AUTÓNOMA DE GALICIA,autonómico,Ley,100593,100596,"Ley 8/2010, de 29 de octubre, de medidas tributarias en el impuesto sobre transmisiones patrimoniales y actos jurídicos documentados para la reactivación del mercado de viviendas, su rehabilitación y financiación, y otras medidas tributarias."
2010-12-03,292,1,BOE-A-2010-18559,COMUNIDAD AUTÓNOMA DE GALICIA,autonómico,Ley,100597,100656,"Ley 9/2010, de 4 de noviembre, de aguas de Galicia."
2010-12-03,292,1,BOE-A-2010-18560,COMUNIDAD AUTÓNOMA DE EXTREMADURA,autonómico,Decreto,100657,100677,"Decreto 190/2010, de 1 de octubre, por el que se modifica el Decreto 65/2003, de 8 de mayo, por el que se aprueban los Estatutos de la Universidad de Extremadura."
2010-12-03,293,1,BOE-A-2010-18651,JEFATURA DEL ESTADO,estatal,Real Decreto-ley,101055,101078,"Real Decreto-ley 13/2010, de 3 de diciembre, de actuaciones en el ámbito fiscal, laboral y liberalizadoras para fomentar la inversión y la creación de empleo."
2010-12-04,294,1,BOE-A-2010-18652,PRESIDENCIA DEL GOBIERNO,estatal,Real Decreto,101079,101079,"Real Decreto 1611/2010, de 3 de diciembre, por el que se encomienda transitoriamente al Ministerio de Defensa las facultades de control de tránsito aéreo atribuidos a la entidad pública empresarial AENA."
2010-12-04,294,1,BOE-A-2010-18653,MINISTERIO DE ECONOMÍA Y HACIENDA,estatal,Resolución,101080,101082,"Resolución de 1 de diciembre de 2010, de la Secretaría de Estado de Economía, por la que se publica el Acuerdo del Consejo de Ministros por el que se establecen especificaciones para la aplicación de los Capítulos IV y V del Reglamento (UE) nº 961/2010 del Consejo, de 25 de octubre de 2010, relativo a medidas restrictivas contra Irán y por el que se deroga el Reglamento (CE) nº 423/2007."
2010-12-04,294,1,BOE-A-2010-18654,MINISTERIO DE CIENCIA E INNOVACIÓN,estatal,Real Decreto,101083,101091,"Real Decreto 1527/2010, de 15 de noviembre, por el que se regulan la Comisión de Garantías para la Donación y Utilización de Células y Tejidos Humanos y el Registro de Proyectos de Investigación."
2010-12-04,295,1,BOE-A-2010-18683,MINISTERIO DE LA PRESIDENCIA,estatal,Real Decreto,101222,101223,"Real Decreto 1673/2010, de 4 de diciembre, por el que se declara el estado de alarma para la normalización del servicio público esencial del transporte aéreo."
2010-12-06,296,1,BOE-A-2010-18684,MINISTERIO DE EDUCACIÓN,estatal,Orden,101224,101226,"Orden EDU/3140/2010, de 26 de noviembre, por la que se crea la Comisión de Estadística del Ministerio de Educación."
2010-12-06,296,1,BOE-A-2010-18685,"MINISTERIO DE SANIDAD, POLÍTICA SOCIAL E IGUALDAD",estatal,Corrección,101227,101227,"Corrección de errores de la Orden SPI/2958/2010, de 16 de noviembre, por la que se establece el procedimiento para la inclusión de los alimentos dietéticos para usos médicos especiales en la oferta de productos dietéticos del Sistema Nacional de Salud y para la aplicación de los importes máximos de financiación."
2010-12-06,296,1,BOE-A-2010-18686,BANCO DE ESPAÑA,estatal,Instrucción o circular,101228,101232,"Circular 7/2010, de 30 de noviembre, del Banco de España, a entidades de crédito, sobre desarrollo de determinados aspectos del mercado hipotecario."
2010-12-06,296,1,BOE-A-2010-18687,COMISIÓN NACIONAL DEL MERCADO DE VALORES,estatal,Instrucción o circular,101233,101243,"Circular 5/2010, de 18 de noviembre, de la Comisión Nacional del Mercado de Valores, sobre información que debe remitir el adquirente potencial en la notificación a la que se refiere el artículo 69.4 de la Ley 24/1988, de 28 de julio, del Mercado de Valores y el artículo 45.3 de la Ley 35/2003, de 4 de noviembre, de Instituciones de Inversión Colectiva, para la evaluación cautelar de las adquisiciones de participaciones significativas y de los incrementos de participaciones en empresas de servicios de inversión y en sociedades gestoras de instituciones de inversión colectiva."
2010-12-06,296,1,BOE-A-2010-18688,COMUNIDAD AUTÓNOMA DE ANDALUCÍA,autonómico,Ley,101244,101255,"Ley 10/2010, de 15 de noviembre, relativa a medidas para la asistencia y atención a las víctimas del terrorismo de la Comunidad Autónoma de Andalucía."
2010-12-07,297,1,BOE-A-2010-18845,TRIBUNAL CONSTITUCIONAL,estatal,Resolución judicial,101596,101596,"Recurso de inconstitucionalidad n.º 7686-2010, en relación con diversos preceptos del Decreto-ley de Andalucía 5/2010, de 27 de julio, por el que se aprueban medidas urgentes en materia de reordenación del sector público."
2010-12-07,297,1,BOE-A-2010-18846,TRIBUNAL CONSTITUCIONAL,estatal,Resolución judicial,101597,101597,"Recurso de inconstitucionalidad n.º 7722-2010, en relación con el artículo 1 de la Ley de Cataluña 28/2010, de 3 de agosto, de modificación del artículo 6 del Texto Refundido de la Ley de protección de los animales."
2010-12-08,298,1,BOE-A-2010-18914,MINISTERIO DE ECONOMÍA Y HACIENDA,estatal,Resolución,101840,101852,"Resolución de 7 de diciembre de 2010, de la Presidencia del Comisionado para el Mercado de Tabacos, por la que se publican los precios de venta al público de determinadas labores de tabaco en Expendedurías de Tabaco y Timbre del Área del Monopolio."
2010-12-08,298,1,BOE-A-2010-18915,"MINISTERIO DE INDUSTRIA, TURISMO Y COMERCIO",estatal,Real Decreto,101853,101859,"Real Decreto 1614/2010, de 7 de diciembre, por el que se regulan y modifican determinados aspectos relativos a la actividad de producción de energía eléctrica a partir de tecnologías solar termoeléctrica y eólica."
2010-12-09,299,1,BOE-A-2010-18998,MINISTERIO DE ASUNTOS EXTERIORES Y DE COOPERACIÓN,estatal,Orden,102154,102154,"Orden AEC/3175/2010, de 24 de noviembre, por la que se crea una Oficina Consular Honoraria de España en Yalta (Ucrania)."
2010-12-10,300,1,BOE-A-2010-19042,MINISTERIO DE ECONOMÍA Y HACIENDA,estatal,Resolución,102271,102276,"Resolución de 9 de diciembre de 2010, de la Presidencia del Comisionado para el Mercado de Tabacos, por la que se publican los precios de venta al público de determinadas labores de tabaco en Expendedurías de Tabaco y Timbre del Área del Monopolio."
2010-12-10,300,1,BOE-A-2010-19043,MINISTERIO DE ECONOMÍA Y HACIENDA,estatal,Resolución,102277,102277,"Resolución de 9 de diciembre de 2010, de la Presidencia del Comisionado para el Mercado de Tabacos, de corrección de errores de la de 7 de diciembre de 2010, por la que se publican los precios de venta al público, de determinadas labores de tabaco en Expendedurías de Tabaco y Timbre del Área del Monopolio."
2010-12-10,300,1,BOE-A-2010-19044,MINISTERIO DE TRABAJO E INMIGRACIÓN,estatal,Orden,102278,102281,"Orden TIN/3176/2010, de 3 de diciembre, por la que se regulan las operaciones de cierre del ejercicio 2010, para las entidades que integran el sistema de la Seguridad Social."
2010-12-10,300,1,BOE-A-2010-19045,MINISTERIO DE CULTURA,estatal,Real Decreto,102282,102286,"Real Decreto 1600/2010, de 26 de noviembre, por el que se regula la concesión de subvenciones directas del Ministerio de Cultura a diversas entidades e instituciones culturales."
2010-12-10,300,1,BOE-A-2010-19046,COMUNITAT VALENCIANA,autonómico,Ley,102287,102318,"Ley 13/2010, de 23 de noviembre, de Protección Civil y Gestión de Emergencias."
2010-12-10,300,1,BOE-A-2010-19047,COMUNIDAD AUTÓNOMA DE EXTREMADURA,autonómico,Ley,102319,102360,"Ley 10/2010, de 16 de noviembre, de la ciencia, la tecnología y la innovación de Extremadura."
2010-12-10,300,1,BOE-A-2010-19048,COMUNIDAD AUTÓNOMA DE EXTREMADURA,autonómico,Ley,102361,102389,"Ley 11/2010, de 16 de noviembre, de pesca y acuicultura de Extremadura."
2010-12-10,300,1,BOE-A-2010-19049,COMUNIDAD AUTÓNOMA DE EXTREMADURA,autonómico,Ley,102390,102409,"Ley 12/2010, de 16 de noviembre, de impulso al nacimiento y consolidación de empresas en la Comunidad Autónoma de Extremadura."
2010-12-11,301,1,BOE-A-2010-19099,MINISTERIO DE JUSTICIA,estatal,Orden,102642,102645,"Orden JUS/3185/2010, de 9 de diciembre, por la que se aprueban los Estatutos-tipo de las sociedades de responsabilidad limitada."
2010-12-11,301,1,BOE-A-2010-19100,MINISTERIO DE ECONOMÍA Y HACIENDA,estatal,Resolución,102646,102649,"Resolución de 10 de diciembre de 2010, de la Presidencia del Comisionado para el Mercado de Tabacos, por la que se publican los precios de venta al público de determinadas labores de tabaco en Expendedurías de Tabaco y Timbre del Área del Monopolio."
2010-12-11,301,1,BOE-A-2010-19101,MINISTERIO DE EDUCACIÓN,estatal,Orden,102650,102671,"Orden EDU/3186/2010, de 7 de diciembre, por la que se regulan los aspectos curriculares, los requisitos generales y los efectos de las actividades de formación deportiva, a los que se refiere la disposición transitoria primera del Real Decreto 1363/2007, de 24 de octubre."
2010-12-11,301,1,BOE-A-2010-19102,"MINISTERIO DE MEDIO AMBIENTE, Y MEDIO RURAL Y MARINO",estatal,Orden,102672,102673,"Orden ARM/3187/2010, de 3 de diciembre, por la que se modifica el Reglamento técnico de control y certificación de semillas de plantas hortícolas."
2010-12-11,301,1,BOE-A-2010-19103,MINISTERIO DE LA PRESIDENCIA,estatal,Real Decreto,102674,102680,"Real Decreto 1615/2010, de 7 de diciembre, por el que se aprueba la norma de calidad del trigo."
2010-12-11,301,1,BOE-A-2010-19104,MINISTERIO DE LA PRESIDENCIA,estatal,Real Decreto,102681,102682,"Real Decreto 1676/2010, de 10 de diciembre, por el que se crea la Comisión Interministerial para la Agenda Social."
2010-12-11,301,1,BOE-A-2010-19105,MINISTERIO DE LA PRESIDENCIA,estatal,Corrección,102683,102683,"Corrección de errores del Real Decreto 1287/2010, de 15 de octubre, por el que se desarrolla la estructura orgánica básica del Ministerio de Defensa."
2010-12-11,301,1,BOE-A-2010-19106,MINISTERIO DE POLÍTICA TERRITORIAL Y ADMINISTRACIÓN PÚBLICA,estatal,Resolución,102684,102685,"Resolución de 9 de diciembre de 2010, de la Secretaría Estado para la Función Pública, por la que se establece el calendario de días inhábiles en el ámbito de la Administración General del Estado para el año 2011, a efectos de cómputo de plazo."
2010-12-11,301,1,BOE-A-2010-19107,COMUNIDAD AUTÓNOMA DEL PAÍS VASCO,autonómico,Ley,102686,102769,"Ley 4/2010, de 21 de octubre, del Plan Vasco de Estadística 2010-2012."
2010-12-13,302,1,BOE-A-2010-19152,TRIBUNAL CONSTITUCIONAL,estatal,Resolución judicial,102982,102982,"Cuestión de inconstitucionalidad n.º 5755-2010, en relación con el artículo 92.8 del Código Civil, en la redacción dada por la Ley 15/2005, de 8 de julio."
2010-12-13,302,1,BOE-A-2010-19153,TRIBUNAL CONSTITUCIONAL,estatal,Resolución judicial,102983,102983,"Cuestión de inconstitucionalidad n.º 6817-2010, en relación con el artículo 92.8 del Código Civil."
2010-12-13,302,1,BOE-A-2010-19154,MINISTERIO DE POLÍTICA TERRITORIAL Y ADMINISTRACIÓN PÚBLICA,estatal,Resolución,102984,102997,"Resolución de 29 de noviembre de 2010, de la Mutualidad General de Funcionarios Civiles del Estado, por la que se actualizan los modelos de partes previstos en los Anexos de la Orden PRE/1744/2010, de 30 de junio, por la que se regula el procedimiento de reconocimiento, control y seguimiento de las situaciones de incapacidad temporal, riesgo durante el embarazo y riesgo durante la lactancia natural en el Régimen Especial de la Seguridad Social de los Funcionarios Civiles del Estado."
2010-12-13,302,1,BOE-A-2010-19155,TRIBUNAL SUPREMO,estatal,Resolución judicial,102998,102998,"Sentencia de 16 de junio de 2010, de la Sala Tercera del Tribunal Supremo, por la que se anula el inciso ""más representativas"" del artículo 5, letra c) del Real Decreto 1469/2008, de 5 de septiembre."
2010-12-14,303,1,BOE-A-2010-19211,MINISTERIO DE DEFENSA,estatal,Real Decreto,103422,103423,"Real Decreto 1674/2010, de 10 de diciembre, por el que se modifica la disposición adicional única del Real Decreto 970/2007, de 13 de julio, por el que se modifica el Reglamento general de recompensas militares, aprobado por el Real Decreto 1040/2003, de 1 de agosto."
2010-12-14,303,1,BOE-A-2010-19212,"MINISTERIO DE INDUSTRIA, TURISMO Y COMERCIO",estatal,Resolución,103424,103426,"Resolución de 9 de diciembre de 2010, de la Secretaría de Estado de Energía, por la que se publican los valores del coste de la materia prima y del coste base de la materia prima del gas natural para el cuarto trimestre de 2010, a los efectos del cálculo del complemento de eficiencia y los valores retributivos de las instalaciones de cogeneración y otras en el Real Decreto 661/2007, de 25 de mayo, por el que se regula la actividad de producción de energía eléctrica en régimen especial."
2010-12-14,303,1,BOE-A-2010-19213,MINISTERIO DE LA PRESIDENCIA,estatal,Corrección,103427,103427,"Corrección de errores del Real Decreto 1133/2010, de 10 de septiembre, por el que se regula la provisión del servicio de información de vuelo de aeródromos (AFIS)."
2010-12-14,303,1,BOE-A-2010-19214,COMUNIDAD AUTÓNOMA DE GALICIA,autonómico,Ley,103428,103429,"Ley 10/2010, de 11 de noviembre, de modificación de la Ley 2/2004, de 21 de abril, por la que se crea el Servicio de Guardacostas de Galicia."
2010-12-14,303,1,BOE-A-2010-19215,COMUNIDAD AUTÓNOMA DE EXTREMADURA,autonómico,Ley,103430,103440,"Ley 13/2010, de 24 de noviembre, del Consejo de la Juventud de Extremadura."
2010-12-15,304,1,BOE-A-2010-19281,MINISTERIO DE ECONOMÍA Y HACIENDA,estatal,Resolución,103635,103639,"Resolución de 14 de diciembre de 2010, de la Presidencia del Comisionado para el Mercado de Tabacos, por la que se publican los precios de venta al público de determinadas labores de tabaco en Expendedurías de Tabaco y Timbre del Área del Monopolio."
2010-12-15,304,1,BOE-A-2010-19282,MINISTERIO DEL INTERIOR,estatal,Orden,103640,103642,"Orden INT/3215/2010, de 3 de diciembre, por la que se regula la comunicación del conductor habitual y del arrendatario a largo plazo al Registro de Vehículos."
2010-12-16,305,1,BOE-A-2010-19331,MINISTERIO DE ASUNTOS EXTERIORES Y DE COOPERACIÓN,estatal,Tratado o acuerdo internacional,103844,103847,"Canje de Notas constitutivo de Acuerdo entre el Reino de España y la República de Islandia sobre participación en las elecciones municipales de los nacionales de cada país residentes en el territorio del otro, hecho en Madrid y París el 31 de marzo de 2009."
2010-12-16,305,1,BOE-A-2010-19332,MINISTERIO DE EDUCACIÓN,estatal,Resolución,103848,103853,"Resolución de 22 de noviembre de 2010, de la Secretaría General de Universidades, por la que se publica el Acuerdo de Consejo de Ministros de 12 de noviembre de 2010, por el que se establece el carácter oficial de determinados títulos universitarios de Doctor y su inscripción en el Registro de Universidades, Centros y Títulos."
2010-12-16,305,1,BOE-A-2010-19333,MINISTERIO DE EDUCACIÓN,estatal,Resolución,103854,103862,"Resolución de 22 de noviembre de 2010, de la Secretaría General de Universidades, por la que se publica el Acuerdo de Consejo de Ministros de 12 de noviembre de 2010, por el que se establece el carácter oficial de determinados títulos de Grado y su inscripción en el Registro de Universidades, Centros y Títulos."
2010-12-16,305,1,BOE-A-2010-19334,MINISTERIO DE EDUCACIÓN,estatal,Resolución,103863,103887,"Resolución de 22 de noviembre de 2010, de la Secretaría General de Universidades, por la que se publica el Acuerdo de Consejo de Ministros de 12 de noviembre de 2010, por el que se establece el carácter oficial de determinados títulos de Máster y su inscripción en el Registro de Universidades, Centros y Títulos."
2010-12-16,305,1,BOE-A-2010-19335,"MINISTERIO DE SANIDAD, POLÍTICA SOCIAL E IGUALDAD",estatal,Real Decreto,103888,103893,"Real Decreto 1601/2010, de 26 de noviembre, por el que se aprueban las materias básicas para la elaboración de la goma base del chicle o goma de mascar."
2010-12-17,306,1,BOE-A-2010-19387,MINISTERIO DE ASUNTOS EXTERIORES Y DE COOPERACIÓN,estatal,Otras,104034,104035,"Revisión de los límites de responsabilidad en virtud del artículo 24 del Convenio para la unificación de ciertas reglas para el Transporte Aéreo Internacional, hecho en Montreal el 28 de mayo de 1999."
2010-12-17,306,1,BOE-A-2010-19388,MINISTERIO DE ASUNTOS EXTERIORES Y DE COOPERACIÓN,estatal,Tratado o acuerdo internacional,104036,104039,"Canje de Notas constitutivo de Acuerdo entre el Reino de España y el Estado Plurinacional de Bolivia sobre participación en las elecciones municipales de los nacionales de cada país residentes en el territorio del otro, hecho en Madrid el 15 de septiembre de 2009."
2010-12-17,306,1,BOE-A-2010-19389,MINISTERIO DE ECONOMÍA Y HACIENDA,estatal,Real Decreto,104040,104060,"Real Decreto 1591/2010, de 26 de noviembre, por el que se aprueba la Clasificación Nacional de Ocupaciones 2011."
2010-12-17,306,1,BOE-A-2010-19390,MINISTERIO DE ECONOMÍA Y HACIENDA,estatal,Orden,104061,104073,"Orden EHA/3241/2010, de 13 de diciembre, por la que se aprueba la lista de información a remitir en supuestos de adquisición o incremento de participaciones significativas y por quienes pretendan desempeñar cargos de administración y dirección en entidades aseguradoras, reaseguradoras y en sociedades cuya actividad principal consista en tener participaciones en dichas entidades."
2010-12-17,306,1,BOE-A-2010-19391,MINISTERIO DE EDUCACIÓN,estatal,Orden,104074,104079,"Orden EDU/3242/2010, de 9 de diciembre, por la que se determina el contenido de la fase específica de la prueba de acceso a la universidad que podrán realizar quienes estén en posesión de un título de técnico superior de formación profesional, de técnico superior de artes plásticas y diseño o de técnico deportivo superior y equivalentes."
2010-12-17,306,1,BOE-A-2010-19392,MINISTERIO DE TRABAJO E INMIGRACIÓN,estatal,Corrección,104080,104080,"Corrección de errores del Real Decreto 713/2010, de 28 de mayo, sobre registro y depósito de convenios y acuerdos colectivos de trabajo."
2010-12-17,306,1,BOE-A-2010-19393,"MINISTERIO DE INDUSTRIA, TURISMO Y COMERCIO",estatal,Resolución,104081,104231,"Resolución de 15 de diciembre de 2010, de la Dirección General de Política Energética y Minas, por la que se aprueba el perfil de consumo y el método de cálculo a efectos de liquidación de energía, aplicables para aquellos consumidores tipo 4 y tipo 5 que no dispongan de registro horario de consumo, así como aquellos que han pasado de ser tipo 4 a tipo 3, según el Real Decreto 1110/2007, de 24 de agosto, por el que se aprueba el Reglamento unificado de puntos de medida del sistema eléctrico, para el año 2011."
2010-12-17,306,1,BOE-A-2010-19394,MINISTERIO DE POLÍTICA TERRITORIAL Y ADMINISTRACIÓN PÚBLICA,estatal,Real Decreto,104232,104233,"Real Decreto 1566/2010, de 19 de noviembre, por el que se modifica el Estatuto del Instituto para la Diversificación y Ahorro de la Energía, aprobado por Real Decreto 802/1986, de 11 de abril."
2010-12-17,306,1,BOE-A-2010-19395,MINISTERIO DE POLÍTICA TERRITORIAL Y ADMINISTRACIÓN PÚBLICA,estatal,Real Decreto,104234,104235,"Real Decreto 1567/2010, de 19 de noviembre, por el que se modifica el Estatuto de la Entidad Pública Empresaria RENFE-Operadora, aprobado por Real Decreto 2396/2004, de 30 de diciembre."
2010-12-18,307,1,BOE-A-2010-19453,CORTES GENERALES,estatal,Resolución,104324,104324,"Resolución de 16 de diciembre de 2010, del Congreso de los Diputados, por la que se ordena la publicación del acuerdo de autorización de la prórroga del estado de alarma declarado por el Real Decreto 1673/2010, de 4 de diciembre."
2010-12-18,307,1,BOE-A-2010-19454,MINISTERIO DE JUSTICIA,estatal,Real Decreto,104325,104328,"Real Decreto 1707/2010, de 17 de diciembre, por el que se establece la separación de juzgados de primera instancia y juzgados de instrucción en los partidos judiciales de Inca, Manacor (Illes Balears), Arrecife (Las Palmas) y Arona (Santa Cruz de Tenerife)."
2010-12-18,307,1,BOE-A-2010-19455,MINISTERIO DE DEFENSA,estatal,Resolución,104329,104329,"Resolución 4B0/38257/2010, de 9 de diciembre, del Instituto Social de las Fuerzas Armadas, por la que se actualiza el Anexo 1 de la Resolución 4B0/38276/2009, de 16 de diciembre, por la que se aprueba la Cartera de Servicios de Asistencia Sanitaria del ISFAS."
2010-12-18,307,1,BOE-A-2010-19456,MINISTERIO DE ECONOMÍA Y HACIENDA,estatal,Real Decreto,104330,104331,"Real Decreto 1709/2010, de 17 de diciembre, por el que se modifica el Real Decreto 163/2008, de 8 de febrero, por el que se delimita la zona de promoción económica del Principado de Asturias."
2010-12-18,307,1,BOE-A-2010-19457,MINISTERIO DE ECONOMÍA Y HACIENDA,estatal,Real Decreto,104332,104333,"Real Decreto 1710/2010, de 17 de diciembre, por el que se modifica el Real Decreto 165/2008, de 8 de febrero, por el que se delimita la zona de promoción económica de la Comunidad Autónoma de la Región de Murcia."
2010-12-18,307,1,BOE-A-2010-19458,MINISTERIO DE ECONOMÍA Y HACIENDA,estatal,Real Decreto,104334,104335,"Real Decreto 1711/2010, de 17 de diciembre, por el que se modifica el Real Decreto 172/2008, de 8 de febrero, por el que se delimita la zona de promoción económica de la Ciudad de Ceuta."
2010-12-18,307,1,BOE-A-2010-19459,MINISTERIO DE ECONOMÍA Y HACIENDA,estatal,Real Decreto,104336,104337,"Real Decreto 1712/2010, de 17 de diciembre, por el que se modifica el Real Decreto 173/2008, de 8 de febrero, por el que se delimita la zona de promoción económica de la Ciudad de Melilla."
2010-12-18,307,1,BOE-A-2010-19460,MINISTERIO DE ECONOMÍA Y HACIENDA,estatal,Resolución,104338,104342,"Resolución de 17 de diciembre de 2010, de la Presidencia del Comisionado para el Mercado de Tabacos, por la que se publican los precios de venta al público de determinadas labores de tabaco en Expendedurías de Tabaco y Timbre del Área del Monopolio."
2010-12-18,307,1,BOE-A-2010-19461,MINISTERIO DE FOMENTO,estatal,Real Decreto,104343,104353,"Real Decreto 1713/2010, de 17 de diciembre, por el que se modifica el Real Decreto 2066/2008, de 12 de diciembre, por el que se regula el Plan Estatal de Vivienda y Rehabilitación 2009-2012."
2010-12-18,307,1,BOE-A-2010-19462,MINISTERIO DE LA PRESIDENCIA,estatal,Real Decreto,104354,104355,"Real Decreto 1717/2010, de 17 de diciembre, por el que se prorroga el estado de alarma declarado por el Real Decreto 1673/2010, de 4 de diciembre."
2010-12-20,308,1,BOE-A-2010-19484,"MINISTERIO DE INDUSTRIA, TURISMO Y COMERCIO",estatal,Resolución,104407,104408,"Resolución de 7 de diciembre de 2010, de la Dirección General de Política Energética y Minas, por la que se publican los nuevos precios de venta, antes de impuestos, de los gases licuados del petróleo por canalización."
2010-12-20,308,1,BOE-A-2010-19485,COMUNIDAD AUTÓNOMA DE CATALUÑA,autonómico,Otras,104409,104472,"Acuerdo GOV/203/2010, de 9 de noviembre, por el que se aprueba la modificación de los Estatutos de la Universidad Pompeu Fabra y se dispone la publicación de su texto íntegro."
2010-12-20,308,1,BOE-A-2010-19486,COMUNIDAD AUTÓNOMA DE LAS ILLES BALEARS,autonómico,Ley,104473,104494,"Ley 11/2010, de 2 de noviembre, de ordenación del transporte marítimo de las Illes Balears."
2010-12-20,308,1,BOE-A-2010-19487,COMUNIDAD AUTÓNOMA DE LAS ILLES BALEARS,autonómico,Ley,104495,104522,"Ley 12/2010, de 12 de noviembre, de modificación de diversas leyes para la transposición en las Illes Balears de la Directiva 2006/123/CE, de 12 de diciembre, del Parlamento Europeo y del Consejo, relativa a los servicios en el mercado interior."
2010-12-21,309,1,BOE-A-2010-19575,JEFATURA DEL ESTADO,estatal,Ley,104943,104944,"Ley 38/2010, de 20 de diciembre, de modificación de la Ley 8/1994, por la que se regula la Comisión Mixta para la Unión Europea, para reforzar las funciones asignadas a dicha Comisión Mixta."
2010-12-21,309,1,BOE-A-2010-19576,CORTES GENERALES,estatal,Resolución,104945,104945,"Resolución de 14 de diciembre de 2010, del Congreso de los Diputados, por la que se ordena la publicación del Acuerdo de convalidación del Real Decreto-ley 13/2010, de 3 de diciembre, de actuaciones en el ámbito fiscal, laboral y liberalizadoras, para fomentar la inversión y la creación de empleo."
2010-12-22,310,1,BOE-A-2010-19643,TRIBUNAL CONSTITUCIONAL,estatal,Resolución judicial,105300,105300,"Recurso de inconstitucionalidad n.º 8260-2010, en relación con diversos preceptos de la Ley 1/2010, de 11 de febrero, de modificación de diversas leyes de Galicia para su adaptación a la Directiva 2006/123/CE del Parlamento Europeo y del Consejo, de 12 de diciembre de 2006, relativa a los servicios en el mercado interior."
2010-12-22,310,1,BOE-A-2010-19644,TRIBUNAL CONSTITUCIONAL,estatal,Resolución judicial,105301,105301,"Recurso de inconstitucionalidad n.º 8506-2010, en relación con el artículo 3.2 de la Ley 2/2010, de 26 de febrero, de creación del Colegio Profesional de Logopedas de Extremadura."
2010-12-22,310,1,BOE-A-2010-19645,TRIBUNAL CONSTITUCIONAL,estatal,Resolución judicial,105302,105302,"Recurso de Inconstitucionalidad n.º 8507-2010, en relación con el artículo 3.3 de la Ley 3/2010, de 26 de febrero, de creación del Colegio Profesional de Higienistas Dentales de Extremadura."
2010-12-22,310,1,BOE-A-2010-19646,MINISTERIO DE ECONOMÍA Y HACIENDA,estatal,Orden,105303,105309,"Orden EHA/3302/2010, de 16 de diciembre, por la que se modifican los diseños físicos y lógicos del modelo 193, aprobado por Orden de 18 de noviembre de 1999, del modelo 187, aprobado por Orden de 15 de diciembre de 1999, del modelo 291, aprobado por Orden EHA/3202/2008, de 31 de octubre, del modelo 196, aprobado por Orden EHA/3300/2008, de 7 de noviembre y del modelo 171, aprobado por Orden EHA/98/2010, de 25 de enero."
2010-12-22,310,1,BOE-A-2010-19647,MINISTERIO DE FOMENTO,estatal,Real Decreto,105310,105310,"Real Decreto 1592/2010, de 26 de noviembre, por el que se modifica parcialmente el Estatuto General del Colegio Oficial Nacional de Prácticos de Puerto, aprobado por el Real Decreto 797/2005, de 1 de julio."
2010-12-22,310,1,BOE-A-2010-19648,MINISTERIO DE LA PRESIDENCIA,estatal,Real Decreto,105311,105312,"Real Decreto 1616/2010, de 7 de diciembre, por el que se modifica el Real Decreto 95/2006, de 3 de febrero, por el que se crea la Comisión para la conmemoración del II Centenario de la Constitución de 1812."
2010-12-22,310,1,BOE-A-2010-19649,MINISTERIO DE POLÍTICA TERRITORIAL Y ADMINISTRACIÓN PÚBLICA,estatal,Real Decreto,105313,105317,"Real Decreto 1598/2010, de 26 de noviembre, de traspaso a la Generalitat de Cataluña de las funciones de la Administración General del Estado correspondientes a los servicios ferroviarios regionales de transporte de viajeros sobre la red de ancho ibérico de la red ferroviaria de interés general."
2010-12-22,310,1,BOE-A-2010-19650,MINISTERIO DE POLÍTICA TERRITORIAL Y ADMINISTRACIÓN PÚBLICA,estatal,Real Decreto,105318,105321,"Real Decreto 1599/2010, de 26 de noviembre, sobre ampliación de medios patrimoniales adscritos a los servicios traspasados a la Generalitat de Cataluña por los Reales Decretos 1950/1980, de 31 de julio, y 1555/1994, de 8 de julio, en materia de Conservación de la Naturaleza."
2010-12-23,311,1,BOE-A-2010-19702,JEFATURA DEL ESTADO,estatal,Ley Orgánica,105742,105743,"Ley Orgánica 9/2010, de 22 de diciembre, por la que se autoriza la ratificación por España del Protocolo por el que se modifica el Protocolo sobre las disposiciones transitorias, anejo al Tratado de la Unión Europea, al Tratado de Funcionamiento de la Unión Europea y al Tratado constitutivo de la Comunidad Europea de la Energía Atómica, firmado en Bruselas el 23 de junio de 2010."
2010-12-23,311,1,BOE-A-2010-19703,JEFATURA DEL ESTADO,estatal,Ley,105744,106192,"Ley 39/2010, de 22 de diciembre, de Presupuestos Generales del Estado para el año 2011."
2010-12-23,311,1,BOE-A-2010-19704,TRIBUNAL CONSTITUCIONAL,estatal,Resolución judicial,106193,106193,"Cuestión de inconstitucionalidad n.º 7532-2010, en relación artículo 23 de la Ley 52/2003, de 10 de diciembre, de disposiciones específicas en materia de Seguridad Social, que da nueva redacción al apartado 1.b) del artículo 3 del texto refundido de la Ley de Procedimiento Laboral."
2010-12-23,311,1,BOE-A-2010-19705,TRIBUNAL CONSTITUCIONAL,estatal,Resolución judicial,106194,106194,"Cuestión de inconstitucionalidad n.º 8100-2010, en relación artículo 23 de la Ley 52/2003, de 10 de diciembre, de disposiciones específicas en materia de Seguridad Social, que da nueva redacción al apartado 1.b) del artículo 3 del texto refundido de la Ley de Procedimiento Laboral."
2010-12-23,311,1,BOE-A-2010-19706,MINISTERIO DE ECONOMÍA Y HACIENDA,estatal,Real Decreto,106195,106199,"Real Decreto 1612/2010, de 7 de diciembre, por el que se declaran oficiales las cifras de población resultantes de la revisión del padrón municipal referidas al 1 de enero de 2010."
2010-12-23,311,1,BOE-A-2010-19707,MINISTERIO DE ECONOMÍA Y HACIENDA,estatal,Orden,106200,106243,"Orden EHA/3316/2010, de 17 de diciembre, por la que se aprueban los modelos de autoliquidación 210, 211 y 213 del Impuesto sobre la Renta de no Residentes, que deben utilizarse para declarar las rentas obtenidas sin mediación de establecimiento permanente, la retención practicada en la adquisición de bienes inmuebles a no residentes sin establecimiento permanente y el gravamen especial sobre bienes inmuebles de entidades no residentes, y se establecen las condiciones generales y el procedimiento para su presentación y otras normas referentes a la tributación de no residentes."
2010-12-23,311,1,BOE-A-2010-19708,MINISTERIO DE FOMENTO,estatal,Orden,106244,106256,"Orden FOM/3317/2010, de 17 de diciembre, por la que se aprueba la Instrucción sobre las medidas específicas para la mejora de la eficiencia en la ejecución de las obras públicas de infraestructuras ferroviarias, carreteras y aeropuertos del Ministerio de Fomento."
2010-12-24,312,1,BOE-A-2010-19757,JEFATURA DEL ESTADO,estatal,Real Decreto-ley,106386,106394,"Real Decreto-ley 14/2010, de 23 de diciembre, por el que se establecen medidas urgentes para la corrección del déficit tarifario del sector eléctrico."
2010-12-24,312,1,BOE-A-2010-19758,MINISTERIO DE ASUNTOS EXTERIORES Y DE COOPERACIÓN,estatal,Real Decreto,106395,106397,"Real Decreto 1734/2010, de 23 de diciembre, por el que se regula la concesión directa de subvención a la Fundación ONUART."
2010-12-24,312,1,BOE-A-2010-19759,MINISTERIO DE DEFENSA,estatal,Orden,106398,106399,"Orden DEF/3321/2010, de 17 de diciembre, por la que se modifica la Orden DEF/3537/2006, de 13 de noviembre, por la que se crea el Instituto Tecnológico ""La Marañosa""."
2010-12-24,312,1,BOE-A-2010-19760,MINISTERIO DE ECONOMÍA Y HACIENDA,estatal,Real Decreto,106400,106631,"Real Decreto 1708/2010, de 17 de diciembre, por el que se aprueba el Programa anual 2011 del Plan Estadístico Nacional 2009-2012."
2010-12-24,312,1,BOE-A-2010-19761,MINISTERIO DE FOMENTO,estatal,Orden,106632,106632,"Orden FOM/3322/2010, de 25 de noviembre, de corrección de errores de la Orden FOM/3619/2009, de 26 de noviembre, por la que se modifica la Orden FOM/3811/2004, de 4 de noviembre, por la que se adoptan los requisitos conjuntos de aviación para las licencias de la tripulación de vuelo relativos a las condiciones para el ejercicio de las funciones de los pilotos de los helicópteros civiles."
2010-12-24,312,1,BOE-A-2010-19762,"MINISTERIO DE INDUSTRIA, TURISMO Y COMERCIO",estatal,Real Decreto,106633,106635,"Real Decreto 1738/2010, de 23 de diciembre, por el que se fijan objetivos obligatorios de biocarburantes para los años 2011, 2012 y 2013."
2010-12-24,312,1,BOE-A-2010-19763,MINISTERIO DE POLÍTICA TERRITORIAL Y ADMINISTRACIÓN PÚBLICA,estatal,Real Decreto,106636,106639,"Real Decreto 1747/2010, de 23 de diciembre, por el que se regula la concesión de una subvención directa al Cabildo Insular de Gran Canaria para la construcción del Palacio de Deportes de Gran Canaria con motivo de la celebración del Mundobasket 2014."
2010-12-24,312,1,BOE-A-2010-19764,MINISTERIO DE POLÍTICA TERRITORIAL Y ADMINISTRACIÓN PÚBLICA,estatal,Corrección,106640,106641,"Corrección de erratas de la Resolución de 9 de diciembre de 2010, de la Secretaría de Estado para la Función Pública, por la que se establece el calendario de días inhábiles en el ámbito de la Administración General del Estado para el año 2011, a efectos de cómputo de plazo."
2010-12-24,312,1,BOE-A-2010-19765,MINISTERIO DE CULTURA,estatal,Real Decreto,106642,106648,"Real Decreto 1749/2010, de 23 de diciembre, por el que se regula la concesión de una subvención directa del Ministerio de Cultura al Consorcio Centro Federico García Lorca."
2010-12-24,312,1,BOE-A-2010-19766,MINISTERIO DE CIENCIA E INNOVACIÓN,estatal,Real Decreto,106649,106653,"Real Decreto 1750/2010, de 23 de diciembre, por el que se establecen las normas reguladoras de la subvención de concesión directa a la fundación privada ASCAMM para la ampliación de sus instalaciones."
2010-12-25,313,1,BOE-A-2010-19819,MINISTERIO DE EDUCACIÓN,estatal,Orden,106814,106844,"Orden EDU/3330/2010, de 16 de diciembre, por la que se regulan las enseñanzas de bachillerato para personas adultas en régimen nocturno, a distancia y a distancia virtual, en el ámbito de gestión del Ministerio de Educación."
2010-12-27,314,1,BOE-A-2010-19847,MINISTERIO DE ASUNTOS EXTERIORES Y DE COOPERACIÓN,estatal,Tratado o acuerdo internacional,106896,106908,"Acuerdo sobre Servicios Aéreos entre el Reino de España y la República de Singapur, hecho en Madrid el 14 de abril de 2010."
2010-12-27,314,1,BOE-A-2010-19848,MINISTERIO DE ECONOMÍA Y HACIENDA,estatal,Orden,106909,107189,"Orden EHA/3334/2010, de 16 de diciembre, por la que se aprueban los precios medios de venta aplicables en la gestión del Impuesto sobre Transmisiones Patrimoniales y Actos Jurídicos Documentados, Impuesto sobre Sucesiones y Donaciones e Impuesto Especial sobre Determinados Medios de Transporte."
2010-12-27,314,1,BOE-A-2010-19849,MINISTERIO DE FOMENTO,estatal,Resolución,107190,107192,"Resolución de 24 de noviembre de 2010, del Administrador de Infraestructuras Ferroviarias, por la que se crea el Registro Electrónico del Administrador de Infraestructuras Ferroviarias."
2010-12-27,314,1,BOE-A-2010-19850,COMUNIDAD AUTÓNOMA DE ANDALUCÍA,autonómico,Ley,107193,107216,"Ley 11/2010, de 3 de diciembre, de medidas fiscales para la reducción del déficit público y para la sostenibilidad."
2010-12-27,314,1,BOE-A-2010-19851,COMUNIDAD AUTÓNOMA DE EXTREMADURA,autonómico,Ley,107217,107268,"Ley 14/2010, de 9 de diciembre, de caza de Extremadura."
2010-12-27,314,1,BOE-A-2010-19852,COMUNIDAD AUTÓNOMA DE EXTREMADURA,autonómico,Ley,107269,107283,"Ley 15/2010, de 9 de diciembre, de responsabilidad social empresarial en Extremadura."
2010-12-28,315,1,BOE-A-2010-19953,MINISTERIO DE ASUNTOS EXTERIORES Y DE COOPERACIÓN,estatal,Tratado o acuerdo internacional,107612,107612,"Entrada en vigor del Canje de Notas de fechas 24 de marzo y 16 de abril de 2010, constitutivo de Acuerdo entre el Reino de España y la República Tunecina relativo a la supresión recíproca de visados en pasaportes de servicio y especiales, cuya aplicación provisional fue publicada en el Boletín Oficial del Estado n.º 134, de fecha 2 de junio de 2010."
2010-12-28,315,1,BOE-A-2010-19954,MINISTERIO DE JUSTICIA,estatal,Real Decreto,107613,107631,"Real Decreto 1735/2010, de 23 de diciembre, por el que se establece la plantilla orgánica del Ministerio Fiscal para el año 2010."
2010-12-28,315,1,BOE-A-2010-19955,MINISTERIO DE DEFENSA,estatal,Resolución,107632,107634,"Resolución 1A0/38263/2010, de 1 de diciembre, del Centro Nacional de Inteligencia, por la que se crea la Sede Electrónica del Centro Nacional Inteligencia."
2010-12-28,315,1,BOE-A-2010-19956,MINISTERIO DE ECONOMÍA Y HACIENDA,estatal,Orden,107635,107638,"Orden EHA/3345/2010, de 17 de diciembre, por la que se aprueba el modelo 513 ""Impuesto sobre la Electricidad. Declaración anual de actividad"" y se establece el plazo y el procedimiento para su presentación."
2010-12-28,315,1,BOE-A-2010-19957,MINISTERIO DE TRABAJO E INMIGRACIÓN,estatal,Real Decreto,107639,107641,"Real Decreto 1595/2010, de 26 de noviembre, por el que se regula la concesión de una subvención directa a la Agencia Europea de Seguridad y Salud en el Trabajo (OSHA), para financiar los gastos de uso y mantenimiento de su sede en Bilbao."
2010-12-28,315,1,BOE-A-2010-19958,MINISTERIO DE TRABAJO E INMIGRACIÓN,estatal,Real Decreto,107642,107653,"Real Decreto 1613/2010, de 7 de diciembre, por el que se crea y regula el Consejo de la representatividad de las asociaciones profesionales de trabajadores autónomos en el ámbito estatal y se establece la composición y régimen de funcionamiento y organización del Consejo del Trabajo Autónomo."
2010-12-28,315,1,BOE-A-2010-19959,COMUNIDAD FORAL DE NAVARRA,autonómico,Ley,107654,107658,"Ley Foral 16/2010, de 8 de noviembre, por la que se crea el registro de profesionales en relación con la interrupción voluntaria del embarazo."
2010-12-28,315,1,BOE-A-2010-19960,COMUNIDAD FORAL DE NAVARRA,autonómico,Ley,107659,107693,"Ley Foral 17/2010, de 8 de noviembre, de derechos y deberes de las personas en materia de salud en la Comunidad Foral de Navarra."
2010-12-28,315,1,BOE-A-2010-19961,COMUNIDAD FORAL DE NAVARRA,autonómico,Ley,107694,107699,"Ley Foral 18/2010, de 8 de noviembre, por la que se modifica la Ley Foral 15/2005, de 5 de diciembre, de promoción, atención y protección a la infancia y a la adolescencia."
2010-12-28,315,1,BOE-A-2010-19962,COMUNIDAD FORAL DE NAVARRA,autonómico,Ley,107700,107717,"Ley Foral 19/2010, de 23 de noviembre, por la que se aprueba el Plan de Estadística de Navarra 2011-2016 y se modifica la Ley Foral 11/1997, de 27 de junio, de Estadística de Navarra."
2010-12-29,316,1,BOE-A-2010-19999,MINISTERIO DE FOMENTO,estatal,Orden,108078,108079,"Orden FOM/3352/2010, de 22 de diciembre, por la que se determinan los aeropuertos gestionados por la entidad pública empresarial Aeropuertos Españoles y Navegación Aérea para la selección de nuevos proveedores civiles de servicios de control de tránsito aéreo de aeródromo."
2010-12-29,316,1,BOE-A-2010-20000,MINISTERIO DE EDUCACIÓN,estatal,Corrección,108080,108080,"Corrección de errores del Real Decreto 860/2010, de 2 de julio, por el que se regulan las condiciones de formación inicial del profesorado de los centros privados para ejercer la docencia en las enseñanzas de educación secundaria obligatoria o de bachillerato."
2010-12-29,316,1,BOE-A-2010-20001,"MINISTERIO DE INDUSTRIA, TURISMO Y COMERCIO",estatal,Corrección,108081,108081,"Corrección de errores del Real Decreto 1565/2010, de 19 de noviembre, por el que se regulan y modifican determinados aspectos relativos a la actividad de producción de energía eléctrica en régimen especial."
2010-12-29,316,1,BOE-A-2010-20002,"MINISTERIO DE INDUSTRIA, TURISMO Y COMERCIO",estatal,Orden,108082,108107,"Orden ITC/3353/2010, de 28 de diciembre, por la que se establecen los peajes de acceso a partir de 1 de enero de 2011 y las tarifas y primas de las instalaciones del régimen especial."
2010-12-29,316,1,BOE-A-2010-20003,"MINISTERIO DE INDUSTRIA, TURISMO Y COMERCIO",estatal,Orden,108108,108138,"Orden ITC/3354/2010, de 28 de diciembre, por la que se establecen los peajes y cánones asociados al acceso de terceros a las instalaciones gasistas y la retribución de las actividades reguladas."
2010-12-29,316,1,BOE-A-2010-20004,"MINISTERIO DE INDUSTRIA, TURISMO Y COMERCIO",estatal,Resolución,108139,108141,"Resolución de 28 de diciembre de 2010, de la Dirección General de Política Energética y Minas, por la que se hace pública la tarifa de último recurso de gas natural."
2010-12-29,316,1,BOE-A-2010-20005,"MINISTERIO DE INDUSTRIA, TURISMO Y COMERCIO",estatal,Resolución,108142,108145,"Resolución de 28 de diciembre de 2010, de la Dirección General de Política Energética y Minas, por la que se establece el coste de producción de energía eléctrica y las tarifas de último recurso a aplicar en el primer trimestre de 2011."
2010-12-29,316,1,BOE-A-2010-20006,MINISTERIO DE POLÍTICA TERRITORIAL Y ADMINISTRACIÓN PÚBLICA,estatal,Real Decreto,108146,108156,"Real Decreto 1740/2010, de 23 de diciembre, de ampliación de las funciones y servicios de la Administración del Estado traspasados a la Comunidad Autónoma de Cantabria, en materia de conservación de la naturaleza (Parque Nacional de los Picos de Europa)."
2010-12-29,316,1,BOE-A-2010-20007,MINISTERIO DE POLÍTICA TERRITORIAL Y ADMINISTRACIÓN PÚBLICA,estatal,Real Decreto,108157,108169,"Real Decreto 1741/2010, de 23 de diciembre, de ampliación de las funciones y servicios de la Administración del Estado traspasados a la Comunidad Autónoma del Principado de Asturias, en materia de conservación de la naturaleza (Parque Nacional de los Picos de Europa)."
2010-12-29,316,1,BOE-A-2010-20008,MINISTERIO DE POLÍTICA TERRITORIAL Y ADMINISTRACIÓN PÚBLICA,estatal,Real Decreto,108170,108181,"Real Decreto 1742/2010, de 23 de diciembre, de ampliación de las funciones y servicios de la Administración del Estado traspasados a la Comunidad de Castilla y León, en materia de conservación de la naturaleza (Parque Nacional de los Picos de Europa)."
2010-12-29,316,1,BOE-A-2010-20009,MINISTERIO DE POLÍTICA TERRITORIAL Y ADMINISTRACIÓN PÚBLICA,estatal,Real Decreto,108182,108185,"Real Decreto 1743/2010, de 23 de diciembre, sobre ampliación de los medios económicos adscritos a los servicios traspasados a la Comunidad Autónoma de Canarias por el Real Decreto 1550/2009, de 9 de octubre, en materia de conservación de la naturaleza (Parques Nacionales de Teide, Timanfaya, Caldera de Taburiente y Garajonay)."
2010-12-29,316,1,BOE-A-2010-20010,MINISTERIO DE POLÍTICA TERRITORIAL Y ADMINISTRACIÓN PÚBLICA,estatal,Real Decreto,108186,108189,"Real Decreto 1744/2010, de 23 de diciembre, sobre ampliación de los medios patrimoniales adscritos a los servicios traspasados por la Administración del Estado a la Comunidad Autónoma de Extremadura por el Real Decreto 1594/1984, de 8 de febrero, en materia de conservación de la naturaleza."
2010-12-29,316,1,BOE-A-2010-20011,MINISTERIO DE POLÍTICA TERRITORIAL Y ADMINISTRACIÓN PÚBLICA,estatal,Real Decreto,108190,108192,"Real Decreto 1745/2010, de 23 de diciembre, sobre ampliación de los medios patrimoniales traspasados a la Comunidad Autónoma de Extremadura por varios reales decretos de traspasos de funciones y servicios."
2010-12-29,316,1,BOE-A-2010-20012,MINISTERIO DE POLÍTICA TERRITORIAL Y ADMINISTRACIÓN PÚBLICA,estatal,Real Decreto,108193,108196,"Real Decreto 1746/2010, de 23 de diciembre, sobre ampliación de los medios económicos adscritos a los servicios traspasados a la Comunidad Autónoma de Extremadura por el Real Decreto 2024/1997, de 26 de diciembre, en materia de gestión de la formación profesional para el empleo."
2010-12-29,316,1,BOE-A-2010-20013,MINISTERIO DE CULTURA,estatal,Orden,108197,108202,"Orden CUL/3355/2010, de 21 de diciembre, por la que se aprueba el Estatuto de la Compañía Nacional de Teatro Clásico, como centro de creación artística del Instituto Nacional de las Artes Escénicas y de la Música."
2010-12-29,316,1,BOE-A-2010-20014,COMUNITAT VALENCIANA,autonómico,Ley,108203,108236,"Ley 14/2010, de 3 de diciembre, de espectáculos públicos, actividades recreativas y establecimientos públicos."
2010-12-29,316,1,BOE-A-2010-20015,COMUNITAT VALENCIANA,autonómico,Ley,108237,108240,"Ley 15/2010, de 3 de diciembre, de Autoridad del Profesorado."
2010-12-30,317,1,BOE-A-2010-20049,JEFATURA DEL ESTADO,estatal,Ley,108419,108463,"Ley 40/2010, de 29 de diciembre, de almacenamiento geológico de dióxido de carbono."
2010-12-30,317,1,BOE-A-2010-20050,JEFATURA DEL ESTADO,estatal,Ley,108464,108488,"Ley 41/2010, de 29 de diciembre, de protección del medio marino."
2010-12-30,317,1,BOE-A-2010-20051,MINISTERIO DE ASUNTOS EXTERIORES Y DE COOPERACIÓN,estatal,Resolución,108489,108494,"Resolución de 22 de diciembre de 2010, de la Secretaría General Técnica, sobre la Modificación al Anejo II, Normas para la concesión de autorizaciones para uso con fines terapéuticos, de la Convención Internacional contra el dopaje en el deporte, París 18 de noviembre de 2005 (publicada en el ""Boletín Oficial del Estado"" n.º 41, de 16 de febrero de 2007)."
2010-12-30,317,1,BOE-A-2010-20052,MINISTERIO DE ECONOMÍA Y HACIENDA,estatal,Real Decreto,108495,108521,"Real Decreto 1736/2010, de 23 de diciembre, por el que se modifica el Plan de Contabilidad de las entidades aseguradoras, aprobado por el Real Decreto 1317/2008, de 24 de julio."
2010-12-30,317,1,BOE-A-2010-20053,MINISTERIO DE ECONOMÍA Y HACIENDA,estatal,Orden,108522,108552,"Orden EHA/3362/2010, de 23 de diciembre, por la que se aprueban las normas de adaptación del Plan General de Contabilidad a las empresas concesionarias de infraestructuras públicas."
2010-12-30,317,1,BOE-A-2010-20054,MINISTERIO DE ECONOMÍA Y HACIENDA,estatal,Orden,108553,108663,"Orden EHA/3363/2010, de 23 de diciembre, por la que se modifica la Orden EHA/3482/2007, de 20 de noviembre, por la que aprueban determinados modelos, se refunden y actualizan diversas normas de gestión en relación con los Impuestos Especiales de Fabricación y con el Impuesto sobre las Ventas Minoristas de Determinados Hidrocarburos y se modifica la Orden EHA/1308/2005, de 11 de mayo, por la que se aprueba el modelo 380 de declaración-liquidación del Impuesto sobre el Valor Añadido en operaciones asimiladas a las importaciones, se determinan el lugar, forma y plazo de presentación, así como las condiciones generales y el procedimiento para su presentación por medios telemáticos."
2010-12-30,317,1,BOE-A-2010-20055,MINISTERIO DE FOMENTO,estatal,Real Decreto,108664,108702,"Real Decreto 1737/2010, de 23 de diciembre, por el que se aprueba el Reglamento por el que se regulan las inspecciones de buques extranjeros en puertos españoles."
2010-12-30,317,1,BOE-A-2010-20056,MINISTERIO DE TRABAJO E INMIGRACIÓN,estatal,Orden,108703,108731,"Orden TIN/3364/2010, de 28 de diciembre, por la que se regula la gestión colectiva de contrataciones en origen para 2011."
2010-12-30,317,1,BOE-A-2010-20057,"MINISTERIO DE INDUSTRIA, TURISMO Y COMERCIO",estatal,Orden,108732,108733,"Orden ITC/3365/2010, de 22 de diciembre, por la que se aprueban las cuotas de la Corporación de Reservas Estratégicas de Productos Petrolíferos correspondientes al ejercicio 2011."
2010-12-30,317,1,BOE-A-2010-20058,"MINISTERIO DE INDUSTRIA, TURISMO Y COMERCIO",estatal,Orden,108734,108738,"Orden ITC/3366/2010, de 29 de diciembre, por la que se establece la metodología de cálculo del coste unitario de los derechos de emisión de CO2 asignados a las centrales de generación eléctrica obligadas a participar en el proceso de resolución de restricciones por garantía de suministro a efectos de la liquidación provisional y definitiva de dichas centrales cuando son incluidas en el plan de funcionamiento semanal."
2010-12-30,317,1,BOE-A-2010-20059,"MINISTERIO DE MEDIO AMBIENTE, Y MEDIO RURAL Y MARINO",estatal,Orden,108739,108744,"Orden ARM/3367/2010, de 22 de diciembre, por la que se establece la organización de la Red Rural Nacional."
2010-12-30,317,1,BOE-A-2010-20060,"MINISTERIO DE MEDIO AMBIENTE, Y MEDIO RURAL Y MARINO",estatal,Orden,108745,108757,"Orden ARM/3368/2010, de 27 de diciembre, por la que se aprueba el Reglamento Técnico de Control y Certificación de semillas de cereales."
2010-12-30,317,1,BOE-A-2010-20061,"MINISTERIO DE MEDIO AMBIENTE, Y MEDIO RURAL Y MARINO",estatal,Orden,108758,108766,"Orden ARM/3369/2010, de 27 de diciembre, por la que se aprueba el Reglamento Técnico de Control y Certificación de semillas de maíz."
2010-12-30,317,1,BOE-A-2010-20062,"MINISTERIO DE MEDIO AMBIENTE, Y MEDIO RURAL Y MARINO",estatal,Orden,108767,108787,"Orden ARM/3370/2010, de 27 de diciembre, por la que se aprueba el Reglamento Técnico de Control y Certificación de semillas de plantas forrajeras."
2010-12-30,317,1,BOE-A-2010-20063,"MINISTERIO DE MEDIO AMBIENTE, Y MEDIO RURAL Y MARINO",estatal,Orden,108788,108800,"Orden ARM/3371/2010, de 27 de diciembre, por la que se aprueba el Reglamento Técnico de Control y Certificación de semillas de plantas oleaginosas."
2010-12-30,317,1,BOE-A-2010-20064,"MINISTERIO DE MEDIO AMBIENTE, Y MEDIO RURAL Y MARINO",estatal,Orden,108801,108810,"Orden ARM/3372/2010, de 27 de diciembre, por la que se aprueba el Reglamento Técnico de Control y Certificación de semillas de plantas textiles."
2010-12-30,317,1,BOE-A-2010-20065,"MINISTERIO DE MEDIO AMBIENTE, Y MEDIO RURAL Y MARINO",estatal,Orden,108811,108815,"Orden ARM/3373/2010, de 27 de diciembre, por la que se establecen medidas específicas de protección en relación con la lengua azul."
2010-12-30,317,1,BOE-A-2010-20066,"MINISTERIO DE MEDIO AMBIENTE, Y MEDIO RURAL Y MARINO",estatal,Orden,108816,108822,"Orden ARM/3374/2010, de 27 de diciembre, por la que se aprueba el Reglamento Técnico de Control y Certificación de semillas de sorgo."
2010-12-30,317,1,BOE-A-2010-20067,MINISTERIO DE LA PRESIDENCIA,estatal,Real Decreto,108823,108825,"Real Decreto 1716/2010, de 17 de diciembre, por el que se modifica el Real Decreto 308/1983, de 25 de enero, por el que se aprueba la Reglamentación Técnico-Sanitaria de Aceites Vegetales Comestibles."
2010-12-30,317,1,BOE-A-2010-20068,MINISTERIO DE LA PRESIDENCIA,estatal,Real Decreto,108826,108826,"Real Decreto 1739/2010, de 23 de diciembre, por el que se modifica el Real Decreto 187/2008, de 8 de febrero, por el que se establece el procedimiento de integración en la condición de personal estatutario del personal laboral de la Red Hospitalaria de la Defensa."
2010-12-30,317,1,BOE-A-2010-20069,MINISTERIO DE LA PRESIDENCIA,estatal,Resolución,108827,108832,"Resolución de 23 de diciembre de 2010, de la Presidencia del Consejo Superior de Deportes, por la que se aprueba la lista de sustancias y métodos prohibidos en el deporte."
2010-12-30,317,1,BOE-A-2010-20070,BANCO DE ESPAÑA,estatal,Instrucción o circular,108833,108851,"Circular 8/2010, de 22 de diciembre, del Banco de España, a entidades de crédito, de modificación de la Circular 4/2004, de 22 de diciembre, sobre normas de información financiera pública y reservada, y modelos de estados financieros."
2010-12-30,317,1,BOE-A-2010-20071,BANCO DE ESPAÑA,estatal,Instrucción o circular,108852,108874,"Circular 9/2010, de 22 de diciembre, del Banco de España, a entidades de crédito, de modificación de la Circular 3/2008, de 22 de mayo, a las entidades de crédito, sobre determinación y control de los recursos propios mínimos."
2010-12-30,317,1,BOE-A-2010-20072,COMUNIDAD DE CASTILLA Y LEÓN,autonómico,Ley,108875,108893,"Ley 13/2010, de 9 de diciembre, contra la violencia de género en Castilla y León."
2010-12-30,317,1,BOE-A-2010-20073,COMUNIDAD DE CASTILLA Y LEÓN,autonómico,Ley,108894,108938,"Ley 14/2010, de 9 de diciembre, de turismo de Castilla y León."
2010-12-30,317,1,BOE-A-2010-20074,COMUNIDAD DE CASTILLA Y LEÓN,autonómico,Ley,108939,108952,"Ley 15/2010, de 10 de diciembre, de prevención de la contaminación lumínica y del fomento del ahorro y eficiencia energéticos derivados de instalaciones de iluminación."
2010-12-31,318,1,BOE-A-2010-20138,JEFATURA DEL ESTADO,estatal,Ley,109188,109194,"Ley 42/2010, de 30 de diciembre, por la que se modifica la Ley 28/2005, de 26 de diciembre, de medidas sanitarias frente al tabaquismo y reguladora de la venta, el suministro, el consumo y la publicidad de los productos del tabaco."
2010-12-31,318,1,BOE-A-2010-20139,JEFATURA DEL ESTADO,estatal,Ley,109195,109236,"Ley 43/2010, de 30 de diciembre, del servicio postal universal, de los derechos de los ususarios y del mercado postal."
2010-12-31,318,1,BOE-A-2010-20140,JEFATURA DEL ESTADO,estatal,Ley,109237,109240,"Ley 44/2010, de 30 de diciembre, de aguas canarias."
2010-12-31,318,1,BOE-A-2010-20141,MINISTERIO DE ECONOMÍA Y HACIENDA,estatal,Real Decreto,109241,109249,"Real Decreto 1788/2010, de 30 de diciembre, por el que se modifican los Reglamentos de los Impuestos sobre la Renta de las Personas Físicas, sobre Sociedades y sobre la Renta de no Residentes en materia de rentas en especie, deducción por inversión en vivienda y pagos a cuenta."
2010-12-31,318,1,BOE-A-2010-20142,MINISTERIO DE ECONOMÍA Y HACIENDA,estatal,Real Decreto,109250,109257,"Real Decreto 1789/2010, de 30 de diciembre, por el que se modifica el Reglamento del Impuesto sobre el Valor Añadido y el Reglamento por el que se regulan las obligaciones de facturación, en relación con el cumplimiento de determinadas obligaciones formales."
2010-12-31,318,1,BOE-A-2010-20143,MINISTERIO DE ECONOMÍA Y HACIENDA,estatal,Real Decreto,109258,109272,"Real Decreto 1790/2010, de 30 de diciembre, sobre actualización de importes y determinación de pensiones de Clases Pasivas para el año 2011."
2010-12-31,318,1,BOE-A-2010-20144,MINISTERIO DE ECONOMÍA Y HACIENDA,estatal,Orden,109273,109274,"Orden EHA/3384/2010, de 17 de diciembre, por la que se fijan umbrales relativos a las estadísticas de intercambios de bienes entre Estados miembros de la Unión Europea para el año 2011."
2010-12-31,318,1,BOE-A-2010-20145,MINISTERIO DE ECONOMÍA Y HACIENDA,estatal,Orden,109275,109344,"Orden EHA/3385/2010, de 23 de diciembre, por la que se aprueba el modelo 500 de documento de acompañamiento y el modelo 501 de documento de acompañamiento de emergencia, y se dictan normas para su cumplimentación."
2010-12-31,318,1,BOE-A-2010-20146,MINISTERIO DE FOMENTO,estatal,Orden,109345,109352,"Orden FOM/3386/2010, de 20 de diciembre, por la que se establecen normas para la realización por las Juntas Arbitrales del Transporte de funciones de depósito y enajenación de mercancías."
2010-12-31,318,1,BOE-A-2010-20147,MINISTERIO DE EDUCACIÓN,estatal,Real Decreto,109353,109380,"Real Decreto 1791/2010, de 30 de diciembre, por el que se aprueba el Estatuto del Estudiante Universitario."
2010-12-31,318,1,BOE-A-2010-20148,MINISTERIO DE TRABAJO E INMIGRACIÓN,estatal,Real Decreto,109381,109386,"Real Decreto 1675/2010, de 10 de diciembre, por el que se modifica el Real Decreto 34/2008, de 18 de enero, por el que se regulan los certificados de profesionalidad y los reales decretos por los que se establecen certificados de profesionalidad dictados en su aplicación."
2010-12-31,318,1,BOE-A-2010-20149,MINISTERIO DE TRABAJO E INMIGRACIÓN,estatal,Real Decreto,109387,109400,"Real Decreto 1794/2010, de 30 de diciembre, sobre revalorización de las pensiones del sistema de la Seguridad Social y de otras prestaciones sociales públicas para el ejercicio 2011."
2010-12-31,318,1,BOE-A-2010-20150,MINISTERIO DE TRABAJO E INMIGRACIÓN,estatal,Real Decreto,109401,109403,"Real Decreto 1795/2010, de 30 de diciembre, por el que se fija el salario mínimo interprofesional para 2011."
2010-12-31,318,1,BOE-A-2010-20151,MINISTERIO DE TRABAJO E INMIGRACIÓN,estatal,Real Decreto,109404,109415,"Real Decreto 1796/2010, de 30 de diciembre, por el que se regulan las agencias de colocación."
2010-12-31,318,1,BOE-A-2010-20152,"MINISTERIO DE INDUSTRIA, TURISMO Y COMERCIO",estatal,Resolución,109416,109416,"Resolución de 7 de diciembre de 2010, de la Dirección General de Política Energética y Minas, por la que se publican los nuevos precios máximos de venta, antes de impuestos, de los gases licuados del petróleo envasados, en envases de capacidad igual o superior a 8 kg., excluidos los envases de mezcla para usos de los gases licuados del petróleo como carburante."
2010-12-31,318,1,BOE-A-2010-20153,MINISTERIO DE POLÍTICA TERRITORIAL Y ADMINISTRACIÓN PÚBLICA,estatal,Real Decreto,109417,109433,"Real Decreto 1800/2010, de 30 de diciembre, de traspaso de funciones y servicios de la Administración del Estado a la Comunidad Autónoma de La Rioja en materia de provisión de medios personales, materiales y económicos para el funcionamiento de la Administración de Justicia."
