fecha,diario,seccion,id,departamento,ambito,tipo,pag_ini,pag_fin,titulo
2020-01-01,1,1,BOE-A-2020-1,"MINISTERIO DE ASUNTOS EXTERIORES, UNIÓN EUROPEA Y COOPERACIÓN",estatal,Tratado o acuerdo internacional,1,9,"Acuerdo internacional administrativo entre el Ayuntamiento de Madrid (Reino de España) y la Organización Internacional para las Migraciones (OIM) para la financiación relativa al proyecto ""Gobernanza Migratoria Compartida (GMC): España y Marruecos"" año 2019, hecho en Madrid el 30 de octubre de 2019."
2020-01-01,1,1,BOE-A-2020-2,MINISTERIO PARA LA TRANSICIÓN ECOLÓGICA,estatal,Orden,10,51,"Orden TEC/1281/2019, de 19 de diciembre, por la que se aprueban las instrucciones técnicas complementarias al Reglamento unificado de puntos de medida del sistema eléctrico."
2020-01-03,3,1,BOE-A-2020-45,MINISTERIO DE DEFENSA,estatal,Orden,190,206,"Orden DEF/1282/2019, de 19 de diciembre, por la que se modifica la Orden DEF/1756/2016, de 28 de octubre, por la que se aprueban las normas de uniformidad de las Fuerzas Armadas."
2020-01-03,3,1,BOE-A-2020-46,"MINISTERIO DE LA PRESIDENCIA, RELACIONES CON LAS CORTES E IGUALDAD",estatal,Real Decreto,207,216,"Real Decreto 734/2019, de 20 de diciembre, por el que se modifican directrices básicas de planificación de protección civil y planes estatales de protección civil para la mejora de la atención a las personas con discapacidad y a otros colectivos en situación de especial vulnerabilidad ante emergencias."
2020-01-03,3,1,BOE-A-2020-47,"MINISTERIO DE LA PRESIDENCIA, RELACIONES CON LAS CORTES E IGUALDAD",estatal,Orden,217,224,"Orden PCI/1283/2019, de 27 de diciembre, por la que se publica el Acuerdo del Consejo de Ministros de 20 de diciembre de 2019, por el que se modifican directrices básicas de planificación de protección civil y planes estatales de protección civil para la mejora de la atención a las personas con discapacidad y a otros colectivos en situación de especial vulnerabilidad ante emergencias."
2020-01-04,4,1,BOE-A-2020-86,MINISTERIO DE HACIENDA,estatal,Resolución,365,377,"Resolución de 3 de enero de 2020, de la Presidencia del Comisionado para el Mercado de Tabacos, por la que se publican los precios de venta al público de determinadas labores de tabaco en Expendedurías de Tabaco y Timbre del Área del Monopolio."
2020-01-04,4,1,BOE-A-2020-87,"MINISTERIO DE TRABAJO, MIGRACIONES Y SEGURIDAD SOCIAL",estatal,Resolución,378,386,"Resolución de 20 de diciembre de 2019, de la Intervención General de la Seguridad Social, por la que se modifica la de 3 de julio de 2014, por la que se aprueba la instrucción de contabilidad para las entidades que integran el Sistema de la Seguridad Social."
2020-01-10,9,1,BOE-A-2020-341,MINISTERIO DE EDUCACIÓN Y FORMACIÓN PROFESIONAL,estatal,Real Decreto,2062,2139,"Real Decreto 699/2019, de 29 de noviembre, por el que se establece el título de Técnico Superior en Termalismo y bienestar y se fijan los aspectos básicos del currículo."
2020-01-10,9,1,BOE-A-2020-342,MINISTERIO DE EDUCACIÓN Y FORMACIÓN PROFESIONAL,estatal,Real Decreto,2140,2152,"Real Decreto 700/2019, de 29 de noviembre, por el que se modifica el Real Decreto 1850/2009, de 4 de diciembre, sobre expedición de títulos académicos y profesionales correspondientes a las enseñanzas establecidas por la Ley Orgánica 2/2006, de 3 de mayo, de Educación, para fijar el formato, el contenido y el soporte documental del Suplemento Europeo al Título de las Enseñanzas Artísticas."
2020-01-10,9,1,BOE-A-2020-343,MINISTERIO DE EDUCACIÓN Y FORMACIÓN PROFESIONAL,estatal,Real Decreto,2153,2273,"Real Decreto 701/2019, de 29 de noviembre, por el que se establecen los títulos de Técnico Deportivo Superior en Alta Montaña y Técnico Deportivo Superior en Escalada y se fijan sus currículos básicos y los requisitos de acceso."
2020-01-10,9,1,BOE-A-2020-344,MINISTERIO DE EDUCACIÓN Y FORMACIÓN PROFESIONAL,estatal,Real Decreto,2274,2470,"Real Decreto 702/2019, de 29 de noviembre, por el que se establecen los títulos de Técnico Deportivo en Barrancos, Técnico Deportivo en Escalada y Técnico Deportivo en Media Montaña y se fijan sus currículos básicos y los requisitos de acceso."
2020-01-10,9,1,BOE-A-2020-345,MINISTERIO DE POLÍTICA TERRITORIAL Y FUNCIÓN PÚBLICA,estatal,Orden,2471,2523,"Orden TFP/2/2020, de 8 de enero, por la que se determina la fecha a partir de la cual será efectiva la obligación de relacionarse a través de medios electrónicos con la Oficina de Conflictos de Intereses en los procedimientos previstos en la Ley 3/2015, de 30 de marzo, reguladora del ejercicio del alto cargo de la Administración General del Estado y su Reglamento de desarrollo, aprobado por Real Decreto 1208/2018, de 28 de septiembre; y por la que se aprueban los modelos de declaraciones, comunicaciones y documentos electrónicos."
2020-01-10,9,1,BOE-A-2020-346,MINISTERIO DE ECONOMÍA Y EMPRESA,estatal,Resolución,2524,2526,"Resolución de 9 de enero de 2020, de la Secretaría General del Tesoro y Financiación Internacional, por la que se actualiza el Anexo 1 incluido en la Resolución de 4 de julio de 2017, de la Secretaría General del Tesoro y Política Financiera, por la que se define el principio de prudencia financiera aplicable a las operaciones de endeudamiento y derivados de las comunidades autónomas y entidades locales."
2020-01-10,9,1,BOE-A-2020-347,COMUNIDAD FORAL DE NAVARRA,autonómico,Ley,2527,2528,"Ley Foral 24/2019, de 4 de noviembre, de concesión de un crédito extraordinario para el abono de las subvenciones a partidos y formaciones políticas para la financiación de los gastos de las elecciones al Parlamento Foral de Navarra celebradas el 26 de mayo de 2019."
2020-01-10,9,1,BOE-A-2020-348,COMUNIDAD FORAL DE NAVARRA,autonómico,Ley,2529,2530,"Ley Foral 25/2019, de 20 de noviembre, de concesión de un crédito extraordinario para atender las necesidades de financiación del proyecto pionero de transición energética 'Gares Energía' promovido por el Ayuntamiento de Puente la Reina/Gares."
2020-01-10,9,1,BOE-A-2020-349,COMUNIDAD FORAL DE NAVARRA,autonómico,Decreto-ley,2531,2540,"Decreto-ley Foral 4/2019, de 23 de octubre, por el que se aprueban medidas urgentes en materia de personal al servicio de las Administraciones Públicas de Navarra."
2020-01-11,10,1,BOE-A-2020-390,MINISTERIO DE HACIENDA,estatal,Resolución,2700,2705,"Resolución de 10 de enero de 2020, de la Presidencia del Comisionado para el Mercado de Tabacos, por la que se publican los precios de venta al público de determinadas labores de tabaco en Expendedurías de Tabaco y Timbre del Área del Monopolio."
2020-01-13,11,1,BOE-A-2020-410,PRESIDENCIA DEL GOBIERNO,estatal,Real Decreto,2870,2876,"Real Decreto 2/2020, de 12 de enero, por el que se reestructuran los departamentos ministeriales."
2020-01-13,11,1,BOE-A-2020-411,PRESIDENCIA DEL GOBIERNO,estatal,Real Decreto,2877,2877,"Real Decreto 3/2020, de 12 de enero, sobre las Vicepresidencias del Gobierno."
2020-01-14,12,1,BOE-A-2020-442,COMUNIDAD AUTÓNOMA DE CATALUÑA,autonómico,Ley,3107,3116,"Ley 9/2019, de 23 de diciembre, de modificación de la Ley 16/2017, del cambio climático, en cuanto al impuesto sobre las emisiones de dióxido de carbono de los vehículos de tracción mecánica."
2020-01-14,12,1,BOE-A-2020-443,COMUNIDAD AUTÓNOMA DE CATALUÑA,autonómico,Ley,3117,3233,"Ley 10/2019, de 23 de diciembre, de puertos y de transporte en aguas marítimas y continentales."
2020-01-14,12,1,BOE-A-2020-444,COMUNIDAD AUTÓNOMA DE CATALUÑA,autonómico,Decreto-ley,3234,3236,"Decreto-ley 15/2019, de 26 de noviembre, por el que se modifica el artículo 13 del Decreto-ley 4/2010, de 3 de agosto, de medidas de racionalización y simplificación de la estructura del sector público de la Generalidad de Cataluña."
2020-01-14,12,1,BOE-A-2020-445,COMUNIDAD AUTÓNOMA DE CATALUÑA,autonómico,Decreto-ley,3237,3259,"Decreto-ley 16/2019, de 26 de noviembre, de medidas urgentes para la emergencia climática y el impulso a las energías renovables."
2020-01-14,12,1,BOE-A-2020-446,COMUNITAT VALENCIANA,autonómico,Ley,3260,3262,"Ley 8/2019, de 29 de noviembre, de modificación de la Ley 9/2010, de 7 de julio, de designación de Senadores o Senadoras en representación de la Comunitat Valenciana."
2020-01-14,12,1,BOE-A-2020-447,COMUNIDAD FORAL DE NAVARRA,autonómico,Ley,3263,3265,"Ley Foral 26/2019, de 26 de noviembre, de concesión de un suplemento de crédito para la financiación de la Fundación CENER."
2020-01-14,12,1,BOE-A-2020-448,COMUNIDAD FORAL DE NAVARRA,autonómico,Ley,3266,3267,"Ley Foral 27/2019, de 9 de diciembre, de suplemento de crédito para subvencionar a las organizaciones Unión de Agricultores y Ganaderos de Navarra (UAGN) y Euskal Herriko Nekazarien Elkartasuna (EHNE) por la defensa de los intereses de agricultores y ganaderos."
2020-01-14,12,1,BOE-A-2020-449,COMUNIDAD FORAL DE NAVARRA,autonómico,Ley,3268,3269,"Ley Foral 28/2019, de 9 de diciembre, de concesión de un suplemento de crédito para la financiación de la Universidad Pública de Navarra."
2020-01-14,12,1,BOE-A-2020-450,COMUNIDAD FORAL DE NAVARRA,autonómico,Ley,3270,3319,"Ley Foral 29/2019, de 23 de diciembre, de modificación de diversos impuestos y otras medidas tributarias."
2020-01-14,12,1,BOE-A-2020-451,COMUNIDAD FORAL DE NAVARRA,autonómico,Ley,3320,3322,"Ley Foral 30/2019, de 23 de diciembre, de modificación parcial del Texto Refundido de la Ley Foral del Impuesto sobre la Renta de las Personas Físicas."
2020-01-14,12,1,BOE-A-2020-452,COMUNIDAD FORAL DE NAVARRA,autonómico,Ley,3323,3326,"Ley Foral 31/2019, de 23 de diciembre, de modificación parcial de la Ley Foral del Impuesto sobre el Patrimonio."
2020-01-14,12,1,BOE-A-2020-453,COMUNIDAD FORAL DE NAVARRA,autonómico,Ley,3327,3328,"Ley Foral 32/2019, de 23 de diciembre, por la que se deroga el apartado 5 del artículo 3 bis de la Ley Foral 19/1996, de 4 de noviembre, de incompatibilidades de los miembros del Gobierno de Navarra y de los altos cargos de la Administración de la Comunidad Foral de Navarra."
2020-01-15,13,1,BOE-A-2020-501,JEFATURA DEL ESTADO,estatal,Real Decreto-ley,3520,3534,"Real Decreto-ley 1/2020, de 14 de enero, por el que se establece la revalorización y mantenimiento de las pensiones y prestaciones públicas del sistema de Seguridad Social."
2020-01-15,13,1,BOE-A-2020-502,MINISTERIO DE POLÍTICA TERRITORIAL Y FUNCIÓN PÚBLICA,estatal,Real Decreto,3535,3537,"Real Decreto 10/2020, de 14 de enero, por el que se crean Subsecretarías en los departamentos ministeriales."
2020-01-15,13,1,BOE-A-2020-503,COMUNIDAD AUTÓNOMA DE CANTABRIA,autonómico,Ley,3538,3584,"Ley 4/2019, de 23 de diciembre, de Presupuestos Generales de la Comunidad Autónoma de Cantabria para el año 2020."
2020-01-15,13,1,BOE-A-2020-504,COMUNIDAD AUTÓNOMA DE CANTABRIA,autonómico,Ley,3585,3769,"Ley 5/2019, de 23 de diciembre, de Medidas Fiscales y Administrativas."
2020-01-16,14,1,BOE-A-2020-612,"MINISTERIO DE INDUSTRIA, COMERCIO Y TURISMO",estatal,Resolución,3969,3982,"Resolución de 9 de enero de 2020, de la Dirección General de Industria y de la Pequeña y Mediana Empresa, por la que se actualiza el listado de normas de la instrucción técnica complementaria ITC-BT-02 del Reglamento electrotécnico para baja tensión, aprobado por el Real Decreto 842/2002, de 2 de agosto."
2020-01-16,14,1,BOE-A-2020-613,"MINISTERIO DE LA PRESIDENCIA, RELACIONES CON LAS CORTES Y MEMORIA DEMOCRÁTICA",estatal,Resolución,3983,3984,"Resolución de 15 de enero de 2020, de la Subsecretaría, por la que se modifica el anexo del Acuerdo del Consejo de Ministros de 21 de diciembre de 2001, por el que se dispone la numeración de las órdenes ministeriales que se publican en el ""Boletín Oficial del Estado""."
2020-01-16,14,1,BOE-A-2020-614,COMISIÓN NACIONAL DE LOS MERCADOS Y LA COMPETENCIA,estatal,Instrucción o circular,3985,3993,"Circular 1/2020, de 9 de enero, de la Comisión Nacional de los Mercados y la Competencia, por la que se establece la metodología de retribución del gestor técnico del sistema gasista."
2020-01-16,14,1,BOE-A-2020-615,COMUNIDAD AUTÓNOMA DEL PAÍS VASCO,autonómico,Ley,3994,4087,"Ley 11/2019, de 20 de diciembre, de Cooperativas de Euskadi."
2020-01-16,14,1,BOE-A-2020-616,COMUNIDAD AUTÓNOMA DEL PAÍS VASCO,autonómico,Ley,4088,4089,"Ley 12/2019, de 20 de diciembre, de modificación de la Ley 2/2011, de 17 de marzo, de caza."
2020-01-16,14,1,BOE-A-2020-617,COMUNIDAD AUTÓNOMA DEL PAÍS VASCO,autonómico,Ley,4090,4211,"Ley 13/2019, de 27 de diciembre, por la que se aprueban los Presupuestos Generales de la Comunidad Autónoma de Euskadi para el ejercicio 2020."
2020-01-16,14,1,BOE-A-2020-618,COMUNIDAD AUTÓNOMA DE ARAGÓN,autonómico,Ley,4212,4269,"Ley 10/2019, de 30 de diciembre, de Presupuestos de la Comunidad Autónoma de Aragón para el ejercicio 2020."
2020-01-16,14,1,BOE-A-2020-619,COMUNIDAD AUTÓNOMA DE CANARIAS,autonómico,Ley,4270,4275,"Ley 18/2019, de 2 de diciembre, de medidas urgentes de ordenación del empleo público en las administraciones canarias."
2020-01-17,15,1,BOE-A-2020-678,"MINISTERIO DE LA PRESIDENCIA, RELACIONES CON LAS CORTES E IGUALDAD",estatal,Orden,4597,4630,"Orden PCI/8/2020, de 10 de enero, por la que se actualiza, de acuerdo con el Real Decreto 817/2014, de 26 de septiembre, una cualificación profesional de la Familia Profesional Madera, Mueble y Corcho, recogida en el Catálogo Nacional de Cualificaciones Profesionales, establecida por el Real Decreto 1136/2007, de 31 de agosto."
2020-01-17,15,1,BOE-A-2020-679,MINISTERIO DE ASUNTOS ECONÓMICOS Y TRANSFORMACIÓN DIGITAL,estatal,Orden,4631,4645,"Orden ETD/9/2020, de 16 de enero, por la que se dispone la creación de Deuda del Estado durante el año 2020 y enero de 2021."
2020-01-17,15,1,BOE-A-2020-680,TRIBUNAL DE CUENTAS,estatal,Resolución judicial,4646,4650,"Resolución de 15 de enero de 2020, de la Presidencia del Tribunal de Cuentas, por la que se publica el Acuerdo del Pleno de 19 de diciembre de 2019, por el que se aprueba la Instrucción sobre remisión de información relativa al ejercicio del control interno de las Entidades Locales."
2020-01-17,15,1,BOE-A-2020-681,TRIBUNAL DE CUENTAS,estatal,Resolución judicial,4651,4654,"Resolución de 15 de enero de 2020, de la Presidencia del Tribunal de Cuentas, por la que se publica el Acuerdo del Pleno de 19 de diciembre de 2019, por el que se modifica la Instrucción que regula la rendición telemática de la Cuenta General de las Entidades Locales y el formato de dicha cuenta, a partir de la correspondiente al ejercicio 2015, aprobada por Acuerdo del Pleno de 26 de noviembre de 2015."
2020-01-17,15,1,BOE-A-2020-682,COMISIÓN NACIONAL DE LOS MERCADOS Y LA COMPETENCIA,estatal,Instrucción o circular,4655,4685,"Circular 2/2020, de 9 de enero, de la Comisión Nacional de los Mercados y la Competencia, por la que se establecen las normas de balance de gas natural."
2020-01-18,16,1,BOE-A-2020-732,MINISTERIO DE HACIENDA,estatal,Resolución,5002,5003,"Resolución de 17 de enero de 2020, de la Presidencia del Comisionado para el Mercado de Tabacos, por la que se publican los precios de venta al público de determinadas labores de tabaco en Expendedurías de Tabaco y Timbre del Área del Monopolio."
2020-01-20,17,1,BOE-A-2020-789,"MINISTERIO DE LA PRESIDENCIA, RELACIONES CON LAS CORTES E IGUALDAD",estatal,Orden,5080,5095,"Orden PCI/18/2020, de 10 de enero, por la que se establece el Reglamento del Observatorio Profesional del Instituto Nacional de las Cualificaciones y se determinan las condiciones para el registro y reconocimiento de las entidades colaboradoras del Instituto Nacional de las Cualificaciones."
2020-01-20,17,1,BOE-A-2020-790,MINISTERIO PARA LA TRANSICIÓN ECOLÓGICA Y EL RETO DEMOGRÁFICO,estatal,Resolución,5096,5098,"Resolución de 14 de enero de 2020, de la Dirección General de Política Energética y Minas, por la que se publican los nuevos precios de venta, antes de impuestos, de los gases licuados del petróleo por canalización."
2020-01-20,17,1,BOE-A-2020-791,MINISTERIO PARA LA TRANSICIÓN ECOLÓGICA Y EL RETO DEMOGRÁFICO,estatal,Resolución,5099,5100,"Resolución de 14 de enero de 2020, de la Dirección General de Política Energética y Minas, por la que se publican los nuevos precios máximos de venta, antes de impuestos, de los gases licuados del petróleo envasados, en envases de carga igual o superior a 8 kg, e inferior a 20 kg, excluidos los envases de mezcla para usos de los gases licuados del petróleo como carburante."
2020-01-21,18,1,BOE-A-2020-848,MINISTERIO DE HACIENDA,estatal,Orden,5479,5519,"Orden HAC/20/2020, de 20 de enero, por la que se dictan las normas para la elaboración de los Presupuestos Generales del Estado para 2020."
2020-01-21,18,1,BOE-A-2020-849,MINISTERIO DEL INTERIOR,estatal,Resolución,5520,5582,"Resolución de 14 de enero de 2020, de la Dirección General de Tráfico, por la que se establecen medidas especiales de regulación del tráfico durante el año 2020."
2020-01-21,18,1,BOE-A-2020-850,COMUNIDAD AUTÓNOMA DE LAS ILLES BALEARS,autonómico,Ley,5583,5689,"Ley 19/2019, de 30 de diciembre, de Presupuestos Generales de la Comunidad Autónoma de las Illes Balears para el año 2020."
2020-01-21,18,1,BOE-A-2020-851,COMUNIDAD AUTÓNOMA DE LAS ILLES BALEARS,autonómico,Decreto,5690,5691,"Decreto 92/2019, de 13 de diciembre, por el que se fija el calendario de días inhábiles para el año 2020 a efectos del cómputo administrativo."
2020-01-22,19,1,BOE-A-2020-909,JEFATURA DEL ESTADO,estatal,Real Decreto-ley,6234,6277,"Real Decreto-ley 2/2020, de 21 de enero de 2020, por el que se aprueban medidas urgentes en materia de retribuciones en el ámbito del sector público."
2020-01-22,19,1,BOE-A-2020-910,"MINISTERIO DE ASUNTOS EXTERIORES, UNIÓN EUROPEA Y COOPERACIÓN",estatal,Corrección,6278,6278,"Corrección de errores a las Enmiendas al Acuerdo sobre transportes internacionales de mercancías perecederas y sobre vehículos especiales utilizados en esos transportes (ATP), adoptadas en Ginebra el 10 de octubre de 2014."
2020-01-22,19,1,BOE-A-2020-911,"MINISTERIO DE ASUNTOS EXTERIORES, UNIÓN EUROPEA Y COOPERACIÓN",estatal,Resolución,6279,6302,"Resolución de 17 de enero de 2020, de la Secretaría General Técnica, sobre aplicación del artículo 24.2 de la Ley 25/2014, de 27 de noviembre, de Tratados y otros Acuerdos Internacionales."
2020-01-23,20,1,BOE-A-2020-1009,MINISTERIO DE HACIENDA,estatal,Orden,6553,6556,"Orden HAC/46/2020, de 20 de enero, por la que se dictan instrucciones sobre procedimiento y documentación a remitir en desarrollo del Acuerdo del Consejo de Ministros de 27 de diciembre de 2019."
2020-01-23,20,1,BOE-A-2020-1010,COMUNITAT VALENCIANA,autonómico,Ley,6557,6698,"Ley 9/2019, de 23 de diciembre, de medidas fiscales, de gestión administrativa y financiera y de organización de la Generalitat."
2020-01-24,21,1,BOE-A-2020-1063,MINISTERIO PARA LA TRANSICIÓN ECOLÓGICA,estatal,Resolución,6947,6947,"Resolución de 10 de enero de 2020, de la Dirección General de Biodiversidad y Calidad Ambiental, por la que se publica el Programa Nacional de Control de la Contaminación Atmosférica."
2020-01-24,21,1,BOE-A-2020-1064,FONDO DE REESTRUCTURACIÓN ORDENADA BANCARIA,estatal,Resolución,6948,6949,"Resolución de 9 de enero de 2020, de la Presidencia del Fondo de Reestructuración Ordenada Bancaria, por la que se crea el sello electrónico cualificado de la entidad."
2020-01-24,21,1,BOE-A-2020-1065,FONDO DE REESTRUCTURACIÓN ORDENADA BANCARIA,estatal,Resolución,6950,6952,"Resolución de 9 de enero de 2020, de la Presidencia del Fondo de Reestructuración Ordenada Bancaria, por la que se crea y regula la sede electrónica y el registro electrónico de la entidad."
2020-01-24,21,1,BOE-A-2020-1066,COMISIÓN NACIONAL DE LOS MERCADOS Y LA COMPETENCIA,estatal,Instrucción o circular,6953,6980,"Circular 3/2020, de 15 de enero, de la Comisión Nacional de los Mercados y la Competencia, por la que se establece la metodología para el cálculo de los peajes de transporte y distribución de electricidad."
2020-01-24,21,1,BOE-A-2020-1067,COMUNIDAD AUTÓNOMA DE ANDALUCÍA,autonómico,Ley,6981,6982,"Ley 5/2019, de 19 de diciembre, de concesión de un crédito extraordinario para sufragar las subvenciones a adjudicar a las formaciones políticas por los gastos electorales causados por las elecciones al Parlamento de Andalucía celebradas el 2 de diciembre de 2018."
2020-01-24,21,1,BOE-A-2020-1068,COMUNIDAD AUTÓNOMA DE ANDALUCÍA,autonómico,Ley,6983,7218,"Ley 6/2019, de 19 de diciembre, del Presupuesto de la Comunidad Autónoma de Andalucía para el año 2020."
2020-01-25,22,1,BOE-A-2020-1128,MINISTERIO DE HACIENDA,estatal,Resolución,7712,7713,"Resolución de 24 de enero de 2020, de la Presidencia del Comisionado para el Mercado de Tabacos, por la que se publican los precios de venta al público de determinadas labores de tabaco en Expendedurías de Tabaco y Timbre de la Península e Illes Balears."
2020-01-27,23,1,BOE-A-2020-1158,"MINISTERIO DE ASUNTOS EXTERIORES, UNIÓN EUROPEA Y COOPERACIÓN",estatal,Tratado o acuerdo internacional,7823,7829,"Acuerdo administrativo entre el Ministerio del Interior del Reino de España y el Ministro del Interior de la República Francesa relativo al refuerzo de la cooperación en materia de formación entre la Gendarmería Nacional francesa y la Guardia Civil española, hecho en Madrid y París el 2 y el 9 de enero de 2020."
2020-01-27,23,1,BOE-A-2020-1159,MINISTERIO DE HACIENDA,estatal,Corrección,7830,7834,"Corrección de errores de la Orden HAC/1273/2019, de 16 de diciembre, por la que se aprueban los precios medios de venta aplicables en la gestión del Impuesto sobre Transmisiones Patrimoniales y Actos Jurídicos Documentados, Impuesto sobre Sucesiones y Donaciones e Impuesto Especial sobre Determinados Medios de Transporte."
2020-01-28,24,1,BOE-A-2020-1200,PRESIDENCIA DEL GOBIERNO,estatal,Real Decreto,8160,8170,"Real Decreto 136/2020, de 27 de enero, por el que se reestructura la Presidencia del Gobierno."
2020-01-28,24,1,BOE-A-2020-1201,MINISTERIO DE HACIENDA,estatal,Resolución,8171,8207,"Resolución de 21 de enero de 2020, de la Dirección General de la Agencia Estatal de Administración Tributaria, por la que se aprueban las directrices generales del Plan Anual de Control Tributario y Aduanero de 2020."
2020-01-28,24,1,BOE-A-2020-1202,"MINISTERIO DE TRANSPORTES, MOVILIDAD Y AGENDA URBANA",estatal,Corrección,8208,8208,"Corrección de errores del Real Decreto 733/2019, de 20 de diciembre, sobre un sistema de inspecciones para garantizar la seguridad en la explotación de buques de pasaje de transbordo rodado y naves de pasaje de gran velocidad en servicio regular, y por el que se modifica el Reglamento por el que se regulan las inspecciones de buques extranjeros en puertos españoles aprobado por el Real Decreto 1737/2010, de 23 de diciembre."
2020-01-28,24,1,BOE-A-2020-1203,COMUNIDAD AUTÓNOMA DEL PRINCIPADO DE ASTURIAS,autonómico,Ley,8209,8257,"Ley 8/2019, de 30 de diciembre, de Presupuestos Generales para 2020."
2020-01-28,24,1,BOE-A-2020-1204,COMUNITAT VALENCIANA,autonómico,Ley,8258,8385,"Ley 10/2019, de 27 de diciembre, de Presupuestos de la Generalitat para el ejercicio 2020."
2020-01-29,25,1,BOE-A-2020-1245,"MINISTERIO DE AGRICULTURA, PESCA Y ALIMENTACIÓN",estatal,Real Decreto,8647,8674,"Real Decreto 137/2020, de 28 de enero, por el que se modifican las bases reguladoras de la concesión de ayudas para el fomento de la integración de entidades asociativas agroalimentarias de carácter supraautonómico, establecidas en el Real Decreto 1010/2015, de 6 de noviembre; el Real Decreto 126/2016, de 1 de abril; y el Real Decreto 312/2016, de 29 de julio, en el marco del Programa Nacional de Desarrollo Rural 2014-2020."
2020-01-29,25,1,BOE-A-2020-1246,MINISTERIO DE POLÍTICA TERRITORIAL Y FUNCIÓN PÚBLICA,estatal,Real Decreto,8675,8694,"Real Decreto 139/2020, de 28 de enero, por el que se establece la estructura orgánica básica de los departamentos ministeriales."
2020-01-30,26,1,BOE-A-2020-1343,"MINISTERIO DE ASUNTOS EXTERIORES, UNIÓN EUROPEA Y COOPERACIÓN",estatal,Tratado o acuerdo internacional,9001,9003,"Acuerdo de enmienda al Acuerdo entre el Reino de España y la Organización Conjunta de Cooperación en Materia de Armamento (OCCAR), para el establecimiento de una oficina satélite del programa A-400M en territorio español, hecho en Madrid y Bonn el 14 de marzo de 2019 y el 27 de junio de 2018."
2020-01-30,26,1,BOE-A-2020-1344,MINISTERIO PARA LA TRANSICIÓN ECOLÓGICA Y EL RETO DEMOGRÁFICO,estatal,Orden,9004,9008,"Orden TED/72/2020, de 29 de enero, por la que se autoriza un trasvase desde los Embalses de Entrepeñas-Buendía, a través del Acueducto Tajo-Segura, de 16,2 hm³ para el mes de enero de 2020."
2020-01-30,26,1,BOE-A-2020-1345,MINISTERIO PARA LA TRANSICIÓN ECOLÓGICA Y EL RETO DEMOGRÁFICO,estatal,Resolución,9009,9010,"Resolución de 15 de enero de 2020, de la Dirección General de Política Energética y Minas, por la que se aprueban los precios de referencia para calcular el valor de la extracción de gas, petróleo y condensados correspondientes al año 2019."
2020-01-31,27,1,BOE-A-2020-1444,MINISTERIO DE HACIENDA,estatal,Resolución,9393,9394,"Resolución de 16 de enero de 2020, de la Presidencia de la Agencia Estatal de Administración Tributaria, por la que se modifica la de 26 de enero de 1998, por la que se regula la organización y funcionamiento de la Comisión de Seguridad y Control y se crean comisiones sectoriales de seguridad y control de la Agencia Estatal de Administración Tributaria."
2020-01-31,27,1,BOE-A-2020-1445,"MINISTERIO DE AGRICULTURA, PESCA Y ALIMENTACIÓN",estatal,Orden,9395,9397,"Orden APA/78/2020, de 23 de enero, por la que se modifican el anexo III del Reglamento de protección de obtenciones vegetales, aprobado mediante Real Decreto 1261/2005, de 21 de octubre, y el anexo XIV del Reglamento general del registro de variedades comerciales, aprobado mediante Real Decreto 170/2011, de 11 de febrero."
2020-01-31,27,1,BOE-A-2020-1446,"MINISTERIO DE LA PRESIDENCIA, RELACIONES CON LAS CORTES Y MEMORIA DEMOCRÁTICA",estatal,Orden,9398,9399,"Orden PCM/79/2020, de 29 de enero, por la que se modifica la Orden PCI/6/2019, de 11 de enero, por la que se aprueba el cuadro médico de exclusiones exigible para el ingreso en los centros docentes militares de formación."
2020-02-01,28,1,BOE-A-2020-1531,MINISTERIO DE HACIENDA,estatal,Resolución,9783,9783,"Resolución de 31 de enero de 2020, de la Presidencia del Comisionado para el Mercado de Tabacos, por la que se publican los precios de venta al público de determinadas labores de tabaco en Expendedurías de Tabaco y Timbre de la Península e Illes Balears."
2020-02-01,28,1,BOE-A-2020-1532,COMUNIDAD AUTÓNOMA DE CASTILLA-LA MANCHA,autonómico,Ley,9784,9785,"Ley 5/2019, de 23 de julio, por la que se modifica la Ley 11/2003, de 25 de septiembre, del Gobierno y del Consejo Consultivo de Castilla-La Mancha."
2020-02-01,28,1,BOE-A-2020-1533,COMUNIDAD AUTÓNOMA DE CASTILLA-LA MANCHA,autonómico,Ley,9786,9798,"Ley 6/2019, de 25 de noviembre, del Estatuto de las Mujeres Rurales de Castilla-La Mancha."
2020-02-01,28,1,BOE-A-2020-1534,COMUNIDAD AUTÓNOMA DE CASTILLA-LA MANCHA,autonómico,Ley,9799,9805,"Ley 7/2019, de 29 de noviembre, de Economía Circular de Castilla-La Mancha."
2020-02-03,29,1,BOE-A-2020-1566,COMUNIDAD AUTÓNOMA DE CANARIAS,autonómico,Ley,9892,10032,"Ley 19/2019, de 30 de diciembre, de Presupuestos Generales de la Comunidad Autónoma de Canarias para 2020."
2020-02-04,30,1,BOE-A-2020-1594,TRIBUNAL CONSTITUCIONAL,estatal,Resolución judicial,10193,10193,"Recurso de inconstitucionalidad n.º 315-2020, contra el artículo 2 de la Ley Foral 21/2019, de 4 de abril, de modificación y actualización de la Compilación del Derecho Civil Foral de Navarra o Fuero Nuevo."
2020-02-04,30,1,BOE-A-2020-1595,MINISTERIO DE ASUNTOS ECONÓMICOS Y TRANSFORMACIÓN DIGITAL,estatal,Orden,10194,10196,"Orden ETD/84/2020, de 28 de enero, por la que se acuerda la emisión, acuñación y puesta en circulación de monedas de colección ""UEFA EURO 2020™""."
2020-02-05,31,1,BOE-A-2020-1651,JEFATURA DEL ESTADO,estatal,Real Decreto-ley,10562,10813,"Real Decreto-ley 3/2020, de 4 de febrero, de medidas urgentes por el que se incorporan al ordenamiento jurídico español diversas directivas de la Unión Europea en el ámbito de la contratación pública en determinados sectores; de seguros privados; de planes y fondos de pensiones; del ámbito tributario y de litigios fiscales."
2020-02-05,31,1,BOE-A-2020-1652,MINISTERIO DE TRABAJO Y ECONOMÍA SOCIAL,estatal,Real Decreto,10814,10818,"Real Decreto 231/2020, de 4 de febrero, por el que se fija el salario mínimo interprofesional para 2020."
2020-02-05,31,1,BOE-A-2020-1653,BANCO DE ESPAÑA,estatal,Instrucción o circular,10819,10946,"Circular 1/2020, de 28 de enero, del Banco de España, por la que se modifica la Circular 1/2013, de 24 de mayo, del Banco de España, sobre la Central de Información de Riesgos."
2020-02-05,31,1,BOE-A-2020-1654,COMUNIDAD AUTÓNOMA DE CASTILLA-LA MANCHA,autonómico,Ley,10947,10967,"Ley 8/2019, de 13 de diciembre, de Participación de Castilla-La Mancha."
2020-02-05,31,1,BOE-A-2020-1655,COMUNIDAD AUTÓNOMA DE CASTILLA-LA MANCHA,autonómico,Ley,10968,10982,"Ley 9/2019, de 13 de diciembre, de Mecenazgo Cultural de Castilla-La Mancha."
2020-02-06,32,1,BOE-A-2020-1788,MINISTERIO DE UNIVERSIDADES,estatal,Real Decreto,11447,11450,"Real Decreto 233/2020, de 4 de febrero, por el que se modifica el Real Decreto 581/2017, de 9 de junio, por el que se incorpora al ordenamiento jurídico español la Directiva 2013/55/UE del Parlamento Europeo y del Consejo, de 20 de noviembre de 2013, por la que se modifica la Directiva 2005/36/CE relativa al reconocimiento de cualificaciones profesionales y el Reglamento (UE) n.º 1024/2012 relativo a la cooperación administrativa a través del Sistema de Información del Mercado Interior (Reglamento IMI)."
2020-02-07,33,1,BOE-A-2020-1843,CORTES GENERALES,estatal,Otras,11709,11709,Reforma del Reglamento del Congreso de los Diputados por la que se modifica el artículo 46.1.
2020-02-07,33,1,BOE-A-2020-1844,"MINISTERIO DE ASUNTOS EXTERIORES, UNIÓN EUROPEA Y COOPERACIÓN",estatal,Tratado o acuerdo internacional,11710,11712,"Convenio de Cooperación en los ámbitos de la educación, la cultura y la juventud entre el Reino de España y la República Federal Democrática de Etiopía, hecho en Addis Abeba el 30 de enero de 2007."
2020-02-07,33,1,BOE-A-2020-1845,"MINISTERIO DE ASUNTOS EXTERIORES, UNIÓN EUROPEA Y COOPERACIÓN",estatal,Resolución,11713,11713,"Resolución de 3 de febrero de 2020, de la Secretaría General Técnica, por la que se corrigen errores en la de 17 de enero de 2020, sobre aplicación del artículo 24.2 de la Ley 25/2014, de 27 de noviembre, de Tratados y otros Acuerdos Internacionales."
2020-02-07,33,1,BOE-A-2020-1846,"MINISTERIO DE TRANSPORTES, MOVILIDAD Y AGENDA URBANA",estatal,Resolución,11714,11820,"Resolución de 28 de enero de 2020, de la Secretaría General de Transporte, por la que se aprueba la actualización de la parte pública del Programa Nacional de Seguridad para la Aviación Civil."
2020-02-07,33,1,BOE-A-2020-1847,MINISTERIO DE ASUNTOS ECONÓMICOS Y TRANSFORMACIÓN DIGITAL,estatal,Resolución,11821,11823,"Resolución de 5 de febrero de 2020, de la Secretaría General del Tesoro y Financiación Internacional, por la que se actualiza el Anexo 1 incluido en la Resolución de 4 de julio de 2017, de la Secretaría General del Tesoro y Política Financiera, por la que se define el principio de prudencia financiera aplicable a las operaciones de endeudamiento y derivados de las comunidades autónomas y entidades locales."
2020-02-07,33,1,BOE-A-2020-1848,COMUNIDAD AUTÓNOMA DE GALICIA,autonómico,Ley,11824,12103,"Ley 6/2019, de 23 de diciembre, de Presupuestos Generales de la Comunidad Autónoma de Galicia para el año 2020."
2020-02-07,33,1,BOE-A-2020-1849,COMUNIDAD AUTÓNOMA DE GALICIA,autonómico,Ley,12104,12191,"Ley 7/2019, de 23 de diciembre, de medidas fiscales y administrativas."
2020-02-07,33,1,BOE-A-2020-1850,COMUNIDAD AUTÓNOMA DE GALICIA,autonómico,Ley,12192,12210,"Ley 8/2019, de 23 de diciembre, de regulación del aprovechamiento lúdico de las aguas termales de Galicia."
2020-02-08,34,1,BOE-A-2020-1894,CORTES GENERALES,estatal,Otras,12420,12421,Reforma del Reglamento del Senado por la que se modifica el artículo 49.2 y 3.
2020-02-08,34,1,BOE-A-2020-1895,MINISTERIO DE HACIENDA,estatal,Resolución,12422,12424,"Resolución de 7 de febrero de 2020, de la Presidencia del Comisionado para el Mercado de Tabacos, por la que se publican los precios de venta al público, de determinadas labores de tabaco en Expendedurías de Tabaco y Timbre del Área del Monopolio."
2020-02-10,35,1,BOE-A-2020-1912,"MINISTERIO DE AGRICULTURA, PESCA Y ALIMENTACIÓN",estatal,Orden,12466,12469,"Orden APA/101/2020, de 6 de febrero, por la que se modifica el Anexo del Real Decreto 930/2017, de 27 de octubre, por el que se regula el régimen de ayudas a la apicultura en el marco de los programas nacionales anuales, y se modifica el Real Decreto 209/2002, de 22 de febrero, por el que se establecen normas de ordenación de las explotaciones apícolas."
2020-02-11,36,1,BOE-A-2020-1934,CORTES GENERALES,estatal,Resolución,12649,12649,"Resolución de 4 de febrero de 2020, del Congreso de los Diputados, por la que se ordena la publicación del Acuerdo de convalidación del Real Decreto-ley 18/2019, de 27 de diciembre, por el que se adoptan determinadas medidas en materia tributaria, catastral y de seguridad social."
2020-02-11,36,1,BOE-A-2020-1935,CORTES GENERALES,estatal,Resolución,12650,12650,"Resolución de 4 de febrero de 2020, del Congreso de los Diputados, por la que se ordena la publicación del Acuerdo de convalidación del Real Decreto-ley 2/2020, de 21 de enero, por el que se aprueban medidas urgentes en materia de retribuciones en el ámbito del sector público."
2020-02-11,36,1,BOE-A-2020-1936,CORTES GENERALES,estatal,Resolución,12651,12651,"Resolución de 4 de febrero de 2020, del Congreso de los Diputados, por la que se ordena la publicación del Acuerdo de convalidación del Real Decreto-ley 1/2020, de 14 de enero, por el que se establece la revalorización y mantenimiento de las pensiones y prestaciones públicas del sistema de Seguridad Social."
2020-02-11,36,1,BOE-A-2020-1937,"MINISTERIO DE ASUNTOS EXTERIORES, UNIÓN EUROPEA Y COOPERACIÓN",estatal,Orden,12652,12652,"Orden AUC/102/2020, de 4 de febrero, por la que se suprime la Oficina Consular Honoraria de España en Beni Mellal (Reino de Marruecos)."
2020-02-11,36,1,BOE-A-2020-1938,COMUNIDAD AUTÓNOMA DE LA RIOJA,autonómico,Ley,12653,12931,"Ley 1/2020, de 30 de enero, de Presupuestos Generales de la Comunidad Autónoma de La Rioja para el año 2020."
2020-02-11,36,1,BOE-A-2020-1939,COMUNIDAD AUTÓNOMA DE LA RIOJA,autonómico,Ley,12932,12975,"Ley 2/2020, de 30 de enero, de Medidas Fiscales y Administrativas para el año 2020."
2020-02-12,37,1,BOE-A-2020-1995,"MINISTERIO DE TRANSPORTES, MOVILIDAD Y AGENDA URBANA",estatal,Orden,13212,13227,"Orden TMA/105/2020, de 31 de enero, por la que se establecen las normas para la concesión y mantenimiento de las licencias de explotación de servicios aéreos."
2020-02-12,37,1,BOE-A-2020-1996,MINISTERIO DE POLÍTICA TERRITORIAL Y FUNCIÓN PÚBLICA,estatal,Real Decreto,13228,13247,"Real Decreto 307/2020, de 11 de febrero, por el que se desarrolla la estructura orgánica básica del Ministerio de Política Territorial y Función Pública."
2020-02-12,37,1,BOE-A-2020-1997,COMUNIDAD AUTÓNOMA DE CASTILLA-LA MANCHA,autonómico,Ley,13248,13264,"Ley 11/2019, de 20 de diciembre, de Medidas Administrativas y Tributarias de Castilla-La Mancha."
2020-02-13,38,1,BOE-A-2020-2108,MINISTERIO DE HACIENDA,estatal,Resolución,13738,13742,"Resolución de 6 de febrero de 2020, de la Dirección General de Tributos, sobre la consideración como entidades en régimen de atribución de rentas a determinadas entidades constituidas en el extranjero."
2020-02-13,38,1,BOE-A-2020-2109,"MINISTERIO DE LA PRESIDENCIA, RELACIONES CON LAS CORTES Y MEMORIA DEMOCRÁTICA",estatal,Real Decreto,13743,13760,"Real Decreto 138/2020, de 28 de enero, por el que se establece la normativa básica en materia de actuaciones sanitarias en especies cinegéticas que actúan como reservorio de la tuberculosis (complejo Mycobacterium tuberculosis)."
2020-02-13,38,1,BOE-A-2020-2110,"MINISTERIO DE LA PRESIDENCIA, RELACIONES CON LAS CORTES Y MEMORIA DEMOCRÁTICA",estatal,Real Decreto,13761,13791,"Real Decreto 306/2020, de 11 de febrero, por el que se establecen normas básicas de ordenación de las granjas porcinas intensivas, y se modifica la normativa básica de ordenación de las explotaciones de ganado porcino extensivo."
2020-02-13,38,1,BOE-A-2020-2111,MINISTERIO DE ASUNTOS ECONÓMICOS Y TRANSFORMACIÓN DIGITAL,estatal,Real Decreto,13792,14005,"Real Decreto 308/2020, de 11 de febrero, por el que se aprueba el Programa anual 2020 del Plan Estadístico Nacional 2017-2020."
2020-02-13,38,1,BOE-A-2020-2112,"MINISTERIO DE INCLUSIÓN, SEGURIDAD SOCIAL Y MIGRACIONES",estatal,Orden,14006,14009,"Orden ISM/109/2020, de 10 de febrero, por la que se establecen, para el año 2020, las bases de cotización a la Seguridad Social de los trabajadores del Régimen Especial del Mar incluidos en los grupos segundo y tercero."
2020-02-13,38,1,BOE-A-2020-2113,COMUNIDAD AUTÓNOMA DE CASTILLA-LA MANCHA,autonómico,Ley,14010,14103,"Ley 10/2019, de 20 de diciembre, de Presupuestos Generales de la Junta de Comunidades de Castilla-La Mancha para 2020."
2020-02-14,39,1,BOE-A-2020-2162,"MINISTERIO DE ASUNTOS EXTERIORES, UNIÓN EUROPEA Y COOPERACIÓN",estatal,Orden,14284,14284,"Orden AUC/114/2020, de 31 de enero, por la que se crea la Oficina Consular Honoraria de España en El Nido (República de Filipinas)."
2020-02-14,39,1,BOE-A-2020-2163,"MINISTERIO DE LA PRESIDENCIA, RELACIONES CON LAS CORTES Y MEMORIA DEMOCRÁTICA",estatal,Real Decreto,14285,14294,"Real Decreto 232/2020, de 4 de febrero, por el que se modifica el Real Decreto 1034/1999, de 18 de junio, sobre compensación al transporte marítimo y aéreo de mercancías con origen o destino en las Illes Balears."
2020-02-14,39,1,BOE-A-2020-2164,COMUNIDAD FORAL DE NAVARRA,autonómico,Ley,14295,14295,"Ley Foral 1/2020, de 23 de enero, de Cuentas Generales de Navarra de 2018."
2020-02-14,39,1,BOE-A-2020-2165,COMUNIDAD FORAL DE NAVARRA,autonómico,Ley,14296,14298,"Ley Foral 2/2020, de 23 de enero, por la que se prolonga la vigencia y se modifica la Ley Foral 18/2016, de 13 de diciembre, reguladora del Plan de Inversiones Locales 2017-2019."
2020-02-15,40,1,BOE-A-2020-2252,"MINISTERIO DE ASUNTOS EXTERIORES, UNIÓN EUROPEA Y COOPERACIÓN",estatal,Tratado o acuerdo internacional,14773,14782,"Texto enmendado del Anexo I, Listas de sustancias y métodos prohibidos, de la Convención Internacional contra el dopaje en el deporte, hecha en París el 18 de noviembre de 2005, cuyas Enmiendas fueron aprobadas en París el 15 de noviembre de 2019."
2020-02-15,40,1,BOE-A-2020-2253,"MINISTERIO DE ASUNTOS EXTERIORES, UNIÓN EUROPEA Y COOPERACIÓN",estatal,Corrección,14783,14783,"Corrección de errores de Aplicación provisional del Acuerdo de enmienda al Acuerdo entre el Reino de España y la Organización Conjunta de Cooperación en Materia de Armamento (OCCAR) para el establecimiento de una oficina satélite del programa A-400M en territorio español, hecho en Bonn y Madrid el 27 de junio de 2018 y el 14 de marzo de 2019."
2020-02-15,40,1,BOE-A-2020-2254,MINISTERIO DE HACIENDA,estatal,Resolución,14784,14786,"Resolución de 14 de febrero de 2020, de la Presidencia del Comisionado para el Mercado de Tabacos, por la que se publican los precios de venta al público de determinadas labores de tabaco en Expendedurías de Tabaco y Timbre del Área del Monopolio."
2020-02-17,41,1,BOE-A-2020-2289,"MINISTERIO DE ASUNTOS EXTERIORES, UNIÓN EUROPEA Y COOPERACIÓN",estatal,Tratado o acuerdo internacional,14920,14945,"Convenio para el reconocimiento recíproco de punzones de prueba de armas de fuego portátiles y Reglamento con Anejos I y II, hechos en Bruselas el 1 de julio de 1969. Decisiones adoptadas por la Comisión Internacional Permanente para la prueba de armas de fuego portátiles en su XXXIV Sesión Plenaria, celebrada los días 8 de noviembre de 2017 (Decisiones XXXIV-17 a XXXIV-19), 16 de mayo de 2018 (Decisiones XXXIV-22 a XXXIV-25) y 17 y 18 de octubre de 2018 (Decisiones XXXIV-26 a XXXIV-42)."
2020-02-17,41,1,BOE-A-2020-2290,MINISTERIO DE HACIENDA,estatal,Corrección,14946,14946,"Corrección de errores de la Orden HAC/1257/2019, de 17 de diciembre, por la que se establece la relación de municipios a los que resultarán de aplicación los coeficientes de actualización de los valores catastrales que establezca la Ley de Presupuestos Generales del Estado para el año 2020."
2020-02-17,41,1,BOE-A-2020-2291,MINISTERIO PARA LA TRANSICIÓN ECOLÓGICA Y EL RETO DEMOGRÁFICO,estatal,Resolución,14947,14949,"Resolución de 11 de febrero de 2020, de la Dirección General de Política Energética y Minas, por la que se publican los nuevos precios de venta, antes de impuestos, de los gases licuados del petróleo por canalización."
2020-02-18,42,1,BOE-A-2020-2322,TRIBUNAL CONSTITUCIONAL,estatal,Resolución judicial,15124,15124,"Recurso de inconstitucionalidad n.º 440-2020, contra el artículo 19 de la Ley de la Comunidad Autónoma de Canarias 6/2019, de 9 de abril, de Calidad Agroalimentaria."
2020-02-18,42,1,BOE-A-2020-2323,TRIBUNAL CONSTITUCIONAL,estatal,Resolución judicial,15125,15125,"Cuestión de inconstitucionalidad n.º 7012-2019, en relación con el artículo único, Disposición Transitoria y Disposición Derogatoria de la Ley 9/2019, de 28 de marzo, de modificación de la Ley 4/1996, de 12 de julio, de Caza en la Comunidad Autónoma de Castilla y León por posible vulneración de los artículos 9.3, 24.1, 117.3, 118 de la CE."
2020-02-19,43,1,BOE-A-2020-2381,JEFATURA DEL ESTADO,estatal,Real Decreto-ley,15591,15597,"Real Decreto-ley 4/2020, de 18 de febrero, por el que se deroga el despido objetivo por faltas de asistencia al trabajo establecido en el artículo 52.d) del texto refundido de la Ley del Estatuto de los Trabajadores, aprobado por el Real Decreto Legislativo 2/2015, de 23 de octubre."
2020-02-19,43,1,BOE-A-2020-2382,PRESIDENCIA DEL GOBIERNO,estatal,Corrección,15598,15598,"Corrección de errores del Real Decreto 136/2020, de 27 de enero, por el que se reestructura la Presidencia del Gobierno."
2020-02-19,43,1,BOE-A-2020-2383,TRIBUNAL CONSTITUCIONAL,estatal,Resolución judicial,15599,15599,"Recurso de inconstitucionalidad n.º 4547-2019, contra la disposición adicional segunda de la Ley 21/2018, de 16 de octubre, de Mancomunidades de la Comunidad Valenciana."
2020-02-19,43,1,BOE-A-2020-2384,"MINISTERIO DE LA PRESIDENCIA, RELACIONES CON LAS CORTES Y MEMORIA DEMOCRÁTICA",estatal,Orden,15600,15644,"Orden PCM/139/2020, de 17 de febrero, por la que se determinan las características, el diseño y el contenido de la evaluación de Bachillerato para el acceso a la Universidad, y las fechas máximas de realización y de resolución de los procedimientos de revisión de las calificaciones obtenidas en el curso 2019-2020."
2020-02-19,43,1,BOE-A-2020-2385,MINISTERIO DE POLÍTICA TERRITORIAL Y FUNCIÓN PÚBLICA,estatal,Real Decreto,15645,15666,"Real Decreto 372/2020, de 18 de febrero, por el que se desarrolla la estructura orgánica básica del Ministerio de Defensa."
2020-02-19,43,1,BOE-A-2020-2386,MINISTERIO DE POLÍTICA TERRITORIAL Y FUNCIÓN PÚBLICA,estatal,Real Decreto,15667,15680,"Real Decreto 373/2020, de 18 de febrero, por el que se desarrolla la estructura orgánica básica del Ministerio de la Presidencia, Relaciones con las Cortes y Memoria Democrática."
2020-02-19,43,1,BOE-A-2020-2387,COMISIÓN NACIONAL DE LOS MERCADOS Y LA COMPETENCIA,estatal,Corrección,15681,15681,"Corrección de errores de la Circular 1/2020, de 9 de enero, de la Comisión Nacional de los Mercados y la Competencia, por la que se establece la metodología de retribución del gestor técnico del sistema gasista."
2020-02-19,43,1,BOE-A-2020-2388,COMISIÓN NACIONAL DE LOS MERCADOS Y LA COMPETENCIA,estatal,Corrección,15682,15682,"Corrección de errores de la Circular 3/2020, de 15 de enero, de la Comisión Nacional de los Mercados y la Competencia, por la que se establece la metodología para el cálculo de los peajes de transporte y distribución de electricidad."
2020-02-19,43,1,BOE-A-2020-2389,COMUNIDAD AUTÓNOMA DE LAS ILLES BALEARS,autonómico,Decreto-ley,15683,15701,"Decreto-ley 1/2020, de 17 de enero, contra el turismo de excesos para la mejora de la calidad en zonas turísticas."
2020-02-20,44,1,BOE-A-2020-2457,TRIBUNAL SUPREMO,estatal,Resolución judicial,15978,15978,"Sentencia de 3 de febrero de 2020, de la Sala Tercera, del Tribunal Supremo, que estima parcialmente el recurso interpuesto por Energonostrum, SA, contra la Orden ETU/257/2018, de 16 de marzo, por la que se establecen las obligaciones de aportación al Fondo Nacional de Eficiencia Energética para el año 2018."
2020-02-20,44,1,BOE-A-2020-2458,COMUNIDAD AUTÓNOMA DE EXTREMADURA,autonómico,Ley,15979,16021,"Ley 1/2020, de 31 de enero, de Presupuestos Generales de la Comunidad Autónoma de Extremadura para el año 2020."
2020-02-21,45,1,BOE-A-2020-2508,"MINISTERIO DE INDUSTRIA, COMERCIO Y TURISMO",estatal,Orden,16240,16252,"Orden ICT/149/2020, de 7 de febrero, por la que se modifica el anexo del Real Decreto 648/1994, de 15 de abril, por el que se declaran los patrones nacionales de medida de las unidades básicas del Sistema Internacional de Unidades; y la Orden ITC/2581/2006, de 28 de julio, por la que se definen los patrones nacionales de las unidades derivadas, del sistema internacional de unidades, de capacidad eléctrica, concentración de ozono en aire, flujo luminoso, impedancia en alta frecuencia, par de torsión, potencia en alta frecuencia, resistencia eléctrica, ruido electromagnético en alta frecuencia, tensión eléctrica, actividad (de un radionucleido), kerma (rayos X y γ), dosis absorbida, ángulo plano, densidad de sólidos, fuerza, presión, volumen, atenuación en alta frecuencia, humedad e intervalo de medida de alta tensión eléctrica (superior a 1000 V)."
2020-02-21,45,1,BOE-A-2020-2509,COMUNIDAD AUTÓNOMA DE CATALUÑA,autonómico,Decreto-ley,16253,16298,"Decreto-ley 17/2019, de 23 de diciembre, de medidas urgentes para mejorar el acceso a la vivienda."
2020-02-22,46,1,BOE-A-2020-2561,MINISTERIO DE HACIENDA,estatal,Resolución,16571,16575,"Resolución de 21 de febrero de 2020, de la Presidencia del Comisionado para el Mercado de Tabacos, por la que se publican los precios de venta al público de determinadas labores de tabaco en Expendedurías de Tabaco y Timbre del Área del Monopolio."
2020-02-22,46,1,BOE-A-2020-2562,MINISTERIO DE POLÍTICA TERRITORIAL Y FUNCIÓN PÚBLICA,estatal,Corrección,16576,16576,"Corrección de errores del Real Decreto 307/2020, de 11 de febrero, por el que se desarrolla la estructura orgánica básica del Ministerio de Política Territorial y Función Pública."
2020-02-24,47,1,BOE-A-2020-2573,"MINISTERIO DE INDUSTRIA, COMERCIO Y TURISMO",estatal,Orden,16593,16735,"Orden ICT/155/2020, de 7 de febrero, por la que se regula el control metrológico del Estado de determinados instrumentos de medida."
2020-02-25,48,1,BOE-A-2020-2612,"MINISTERIO DE AGRICULTURA, PESCA Y ALIMENTACIÓN",estatal,Orden,16865,16872,"Orden APA/161/2020, de 20 de febrero, por la que se modifican los anexos I, III y VI del Real Decreto 506/2013, de 28 de junio, sobre productos fertilizantes."
2020-02-25,48,1,BOE-A-2020-2613,MINISTERIO DE ASUNTOS ECONÓMICOS Y TRANSFORMACIÓN DIGITAL,estatal,Real Decreto,16873,16900,"Real Decreto 309/2020, de 11 de febrero, sobre el régimen jurídico de los establecimientos financieros de crédito y por el que se modifica el Reglamento del Registro Mercantil, aprobado por el Real Decreto 1784/1996, de 19 de julio, y el Real Decreto 84/2015, de 13 de febrero, por el que se desarrolla la Ley 10/2014, de 26 de junio, de ordenación, supervisión y solvencia de entidades de crédito."
2020-02-26,49,1,BOE-A-2020-2669,JEFATURA DEL ESTADO,estatal,Real Decreto-ley,17140,17154,"Real Decreto-ley 5/2020, de 25 de febrero, por el que se adoptan determinadas medidas urgentes en materia de agricultura y alimentación."
2020-02-26,49,1,BOE-A-2020-2670,PRESIDENCIA DEL GOBIERNO,estatal,Real Decreto,17155,17161,"Real Decreto 399/2020, de 25 de febrero, por el que se establecen las Comisiones Delegadas del Gobierno."
2020-02-26,49,1,BOE-A-2020-2671,COMUNIDAD AUTÓNOMA DE CATALUÑA,autonómico,Resolución,17162,17182,"Resolución INT/383/2020, de 13 de febrero, por la que se establecen las restricciones a la circulación durante el año 2020."
2020-02-27,50,1,BOE-A-2020-2738,MINISTERIO DE EDUCACIÓN Y FORMACIÓN PROFESIONAL,estatal,Real Decreto,17701,17789,"Real Decreto 402/2020, de 25 de febrero, por el que se establece el título de Técnico en Guía en el medio natural y de tiempo libre y se fijan los aspectos básicos del currículo."
2020-02-27,50,1,BOE-A-2020-2741,MINISTERIO PARA LA TRANSICIÓN ECOLÓGICA Y EL RETO DEMOGRÁFICO,estatal,Resolución,17838,17840,"Resolución de 20 de febrero de 2020, de la Dirección General de Política Energética y Minas, por la que se fija el poder calorífico inferior de la hulla, fuel oil, diésel oil y gasoil del primer y segundo semestre de 2018 a aplicar en la liquidación de dicho ejercicio."
2020-02-27,50,1,BOE-A-2020-2739,MINISTERIO DE POLÍTICA TERRITORIAL Y FUNCIÓN PÚBLICA,estatal,Real Decreto,17790,17823,"Real Decreto 403/2020, de 25 de febrero, por el que se desarrolla la estructura orgánica básica del Ministerio de Asuntos Económicos y Transformación Digital."
2020-02-27,50,1,BOE-A-2020-2740,MINISTERIO DE POLÍTICA TERRITORIAL Y FUNCIÓN PÚBLICA,estatal,Real Decreto,17824,17837,"Real Decreto 404/2020, de 25 de febrero, por el que se desarrolla la estructura orgánica básica del Ministerio de Ciencia e Innovación."
2020-02-28,51,1,BOE-A-2020-2837,"MINISTERIO DE LA PRESIDENCIA, RELACIONES CON LAS CORTES Y MEMORIA DEMOCRÁTICA",estatal,Real Decreto,18501,18516,"Real Decreto 371/2020, de 18 de febrero, por el que se aprueba el Reglamento de Extracciones Marítimas."
2020-02-28,51,1,BOE-A-2020-2838,MINISTERIO PARA LA TRANSICIÓN ECOLÓGICA Y EL RETO DEMOGRÁFICO,estatal,Orden,18517,20830,"Orden TED/171/2020, de 24 de febrero, por la que se actualizan los parámetros retributivos de las instalaciones tipo aplicables a determinadas instalaciones de producción de energía eléctrica a partir de fuentes de energía renovables, cogeneración y residuos, a efectos de su aplicación al periodo regulatorio que tiene su inicio el 1 de enero de 2020."
2020-02-28,51,1,BOE-A-2020-2839,MINISTERIO PARA LA TRANSICIÓN ECOLÓGICA Y EL RETO DEMOGRÁFICO,estatal,Orden,20831,20835,"Orden TED/172/2020, de 27 de febrero, por la que se autoriza un trasvase desde los Embalses de Entrepeñas-Buendía, a través del Acueducto Tajo-Segura, de 16,2 hm³ para el mes de febrero de 2020."
2020-02-28,51,1,BOE-A-2020-2840,COMUNIDAD AUTÓNOMA DE CATALUÑA,autonómico,Ley,20836,20837,"Ley 1/2020, de 17 de febrero, de modificación de la Ley 14/2017, de la renta garantizada de ciudadanía."
2020-02-28,51,1,BOE-A-2020-2841,COMUNIDAD AUTÓNOMA DE CATALUÑA,autonómico,Corrección,20838,20838,"Corrección de errores del Decreto-ley 17/2019, de 23 de diciembre, de medidas urgentes para mejorar el acceso a la vivienda."
2020-02-28,51,1,BOE-A-2020-2842,COMUNIDAD AUTÓNOMA DE LA RIOJA,autonómico,Ley,20839,20839,"Ley 3/2020, de 10 de febrero, por la que se modifica el nombre del municipio de Lumbreras."
2020-02-29,52,1,BOE-A-2020-2896,JEFATURA DEL ESTADO,estatal,Otras,21079,21221,"Instrumento de Ratificación del Acuerdo de colaboración y cooperación reforzadas entre la Unión Europea y sus Estados Miembros, por una parte, y la República de Kazajistán, por otra, hecho en Astaná, el 21 de diciembre de 2015."
2020-02-29,52,1,BOE-A-2020-2897,CORTES GENERALES,estatal,Resolución,21222,21222,"Resolución de 20 de febrero de 2020, del Congreso de los Diputados, por la que se ordena la publicación del Acuerdo de convalidación del Real Decreto-ley 3/2020, de 4 de febrero, de medidas urgentes por el que se incorporan al ordenamiento jurídico español diversas directivas de la Unión Europea en el ámbito de la contratación pública en determinados sectores; de seguros privados; de planes y fondos de pensiones; del ámbito tributario y de litigios fiscales."
2020-02-29,52,1,BOE-A-2020-2898,MINISTERIO DE HACIENDA,estatal,Orden,21223,21240,"Orden HAC/174/2020, de 4 de febrero, por la que se modifica la Orden EHA/769/2010, de 18 de marzo, por la que se aprueba el modelo 349 de declaración recapitulativa de operaciones intracomunitarias, así como los diseños físicos y lógicos y el lugar, forma y plazo de presentación, se establecen las condiciones generales y el procedimiento para su presentación telemática, y se modifica la Orden HAC/3625/2003, de 23 de diciembre."
2020-02-29,52,1,BOE-A-2020-2899,MINISTERIO DE HACIENDA,estatal,Orden,21241,21244,"Orden HAC/175/2020, de 4 de febrero, por la que se modifica la Orden EHA/3481/2008, de 1 de diciembre, por la que se aprueba el modelo 189 de declaración informativa anual acerca de valores, seguros y rentas, los diseños físicos y lógicos para la sustitución de las hojas interiores de dicho modelo por soportes directamente legibles por ordenador y se establecen las condiciones y el procedimiento para su presentación telemática."
2020-02-29,52,1,BOE-A-2020-2900,MINISTERIO DE HACIENDA,estatal,Orden,21245,21262,"Orden HAC/176/2020, de 20 de febrero, por la que se aprueba la relación de valores negociados en centros de negociación, con su valor de negociación medio correspondiente al cuarto trimestre de 2019, a efectos de la declaración del Impuesto sobre el Patrimonio del año 2019 y de la declaración informativa anual acerca de valores, seguros y rentas."
2020-02-29,52,1,BOE-A-2020-2901,MINISTERIO DE HACIENDA,estatal,Orden,21263,21273,"Orden HAC/177/2020, de 27 de febrero, por la que se aprueba el modelo 140, de solicitud del abono anticipado de la deducción por maternidad del Impuesto sobre la Renta de las Personas Físicas y se regula la comunicación de variaciones que afecten al derecho a su abono anticipado."
2020-02-29,52,1,BOE-A-2020-2902,MINISTERIO DE HACIENDA,estatal,Resolución,21274,21277,"Resolución de 28 de febrero de 2020, de la Presidencia del Comisionado para el Mercado de Tabacos, por la que se publican los precios de venta al público de determinadas labores de tabaco en Expendedurías de Tabaco y Timbre del Área del Monopolio."
2020-02-29,52,1,BOE-A-2020-2903,"MINISTERIO DE TRANSPORTES, MOVILIDAD Y AGENDA URBANA",estatal,Orden,21278,21284,"Orden TMA/178/2020, de 19 de febrero, por la que se modifica la Orden de 16 de diciembre de 1997, por la que se regulan los accesos a las carreteras del Estado, las vías de servicio y la construcción de instalaciones de servicio."
2020-03-02,53,1,BOE-A-2020-2947,MINISTERIO DE EDUCACIÓN Y FORMACIÓN PROFESIONAL,estatal,Resolución,21686,21702,"Resolución de 26 de febrero de 2020, de la Secretaría de Estado de Educación, por la que se regula el proceso de admisión de alumnos en centros docentes públicos y privados concertados que imparten el segundo ciclo de educación infantil, educación primaria, educación secundaria y bachillerato en las ciudades de Ceuta y Melilla para el curso 2020/2021."
2020-03-02,53,1,BOE-A-2020-2948,COMUNIDAD AUTÓNOMA DE CATALUÑA,autonómico,Corrección,21703,21703,"Corrección de errores de la Ley 16/2017, de 1 de agosto, del cambio climático."
2020-03-02,53,1,BOE-A-2020-2949,COMUNIDAD AUTÓNOMA DE CANARIAS,autonómico,Corrección,21704,21704,"Corrección de errores de la Ley 19/2019, de 30 de diciembre, de Presupuestos Generales de la Comunidad Autónoma de Canarias para 2020."
2020-03-04,55,1,BOE-A-2020-3075,"MINISTERIO DE INCLUSIÓN, SEGURIDAD SOCIAL Y MIGRACIONES",estatal,Resolución,22127,22128,"Resolución de 21 de febrero de 2020, de la Tesorería General de la Seguridad Social, por la que se modifica la de 16 de julio de 2004, sobre determinación de funciones en materia de gestión recaudatoria de la Seguridad Social."
2020-03-05,56,1,BOE-A-2020-3164,TRIBUNAL CONSTITUCIONAL,estatal,Resolución judicial,22455,22455,"Cuestión de inconstitucionalidad n.º 7194-2019, en relación con el artículo 40 de la Ley Foral 7/2006, de 20 de junio, de defensa de consumidores y usuarios por posible vulneración del art. 25.1 de la CE."
2020-03-05,56,1,BOE-A-2020-3165,TRIBUNAL CONSTITUCIONAL,estatal,Resolución judicial,22456,22456,"Cuestión de inconstitucionalidad n.º 168-2020, en relación con la Disposición transitoria primera, apartado 2, de la Ley 1/2018, de 22 de febrero, de Coordinación de los Policías Locales de la Comunidad de Madrid."
2020-03-05,56,1,BOE-A-2020-3166,TRIBUNAL CONSTITUCIONAL,estatal,Resolución judicial,22457,22457,"Recurso de inconstitucionalidad n.º 718-2020, contra los artículos 1, 2, 3, 4, 6 y 7; disposición adicional única; por conexión las disposiciones transitorias primera y segunda y disposición final primera del Real Decreto-ley 14/2019, de 31 de octubre, por el que se adoptan medidas urgentes por razones de seguridad pública en materia de administración digital, contratación del sector público y telecomunicaciones."
2020-03-05,56,1,BOE-A-2020-3167,TRIBUNAL CONSTITUCIONAL,estatal,Resolución judicial,22458,22458,"Recurso de inconstitucionalidad n.º 762-2020, contra los artículos 1, 2, 3, 4, 6 y 7; disposición adicional única; por conexión las disposiciones transitorias primera y segunda y disposición final primera del Real Decreto-ley 14/2019, de 31 de octubre, por el que se adoptan medidas urgentes por razones de seguridad pública en materia de administración digital, contratación del sector público y telecomunicaciones."
2020-03-05,56,1,BOE-A-2020-3168,MINISTERIO DE POLÍTICA TERRITORIAL Y FUNCIÓN PÚBLICA,estatal,Real Decreto,22459,22470,"Real Decreto 431/2020, de 3 de marzo, por el que se desarrolla la estructura orgánica básica del Ministerio de Universidades."
2020-03-05,56,1,BOE-A-2020-3169,MINISTERIO DE ASUNTOS ECONÓMICOS Y TRANSFORMACIÓN DIGITAL,estatal,Resolución,22471,22473,"Resolución de 4 de marzo de 2020, de la Secretaría General del Tesoro y Financiación Internacional, por la que se actualiza el Anexo 1 incluido en la Resolución de 4 de julio de 2017, de la Secretaría General del Tesoro y Política Financiera, por la que se define el principio de prudencia financiera aplicable a las operaciones de endeudamiento y derivados de las comunidades autónomas y entidades locales."
2020-03-05,56,1,BOE-A-2020-3170,TRIBUNAL SUPREMO,estatal,Resolución judicial,22474,22474,"Sentencia de 31 de enero de 2020, de la Sala Cuarta del Tribunal Supremo, en el recurso de casación para la unificación de doctrina n.º 4629/2017, interpuesto por el Ministerio Fiscal en defensa de la legalidad (art. 219.3 LRJS), por la que se fija doctrina jurisprudencial sobre determinados contratos de colaboración social celebrados antes del 27 de diciembre de 2013 y vigentes a 31 de diciembre de 2014 y su validez cualquiera que sea la actividad normal o permanente."
2020-03-05,56,1,BOE-A-2020-3171,JUNTA ELECTORAL CENTRAL,estatal,Resolución,22475,22476,"Resolución de 26 de febrero de 2020, de la Presidencia de la Junta Electoral Central, por la que se regula el Registro de la Junta Electoral Central y se crea la Sede Electrónica."
2020-03-05,56,1,BOE-A-2020-3172,COMUNIDAD FORAL DE NAVARRA,autonómico,Decreto,22477,22486,"Decreto Foral Legislativo 1/2020, de 19 de febrero, de Armonización Tributaria, por el que se modifican la Ley Foral 19/1992, de 30 de diciembre, del Impuesto sobre el Valor Añadido, y el Reglamento del Impuesto sobre el Valor Añadido, aprobado por el Decreto Foral 86/1993, de 8 de marzo."
2020-03-06,57,1,BOE-A-2020-3226,MINISTERIO DE JUSTICIA,estatal,Real Decreto,22726,22734,"Real Decreto 400/2020, de 25 de febrero, por el que se regula la concesión directa de subvenciones al Consejo General de la Abogacía Española y al Consejo General de los Procuradores de España, en materia de prestación de asistencia jurídica gratuita, y al Consejo General de Colegios Oficiales de Psicólogos para la asistencia psicológica a las víctimas de los delitos, para el ejercicio presupuestario 2020."
2020-03-06,57,1,BOE-A-2020-3227,"MINISTERIO DE INDUSTRIA, COMERCIO Y TURISMO",estatal,Corrección,22735,22735,"Corrección de erratas de la Orden ICT/149/2020, de 7 de febrero, por la que se modifica el anexo del Real Decreto 648/1994, de 15 de abril, por el que se declaran los patrones nacionales de medida de las unidades básicas del Sistema Internacional de Unidades; y la Orden ITC/2581/2006, de 28 de julio, por la que se definen los patrones nacionales de las unidades derivadas, del sistema internacional de unidades, de capacidad eléctrica, concentración de ozono en aire, flujo luminoso, impedancia en alta frecuencia, par de torsión, potencia en alta frecuencia, resistencia eléctrica, ruido electromagnético en alta frecuencia, tensión eléctrica, actividad (de un radionucleido), kerma (rayos X y γ), dosis absorbida, ángulo plano, densidad de sólidos, fuerza, presión, volumen, atenuación en alta frecuencia, humedad e intervalo de medida de alta tensión eléctrica (superior a 1000 V)."
2020-03-06,57,1,BOE-A-2020-3229,MINISTERIO PARA LA TRANSICIÓN ECOLÓGICA Y EL RETO DEMOGRÁFICO,estatal,Resolución,22759,22761,"Resolución de 26 de febrero de 2020, de la Dirección General de Política Energética y Minas, por la que se fijan los precios del producto e impuestos especiales aplicables a la hulla, fuel oil, diésel oil y gasoil a aplicar en la liquidación del segundo semestre de 2019."
2020-03-06,57,1,BOE-A-2020-3228,MINISTERIO DE POLÍTICA TERRITORIAL Y FUNCIÓN PÚBLICA,estatal,Real Decreto,22736,22758,"Real Decreto 430/2020, de 3 de marzo, por el que se desarrolla la estructura orgánica básica del Ministerio de Agricultura, Pesca y Alimentación, y por el que se modifica el Real Decreto 139/2020, de 28 de enero, por el que se establece la estructura orgánica básica de los departamentos ministeriales."
2020-03-06,57,1,BOE-A-2020-3230,COMUNIDAD AUTÓNOMA DE LAS ILLES BALEARS,autonómico,Decreto-ley,22762,22767,"Decreto-ley 2/2020, de 31 de enero, de medidas urgentes para el impulso y estímulo del Parque Balear de Innovación Tecnológica (ParcBit)."
2020-03-07,58,1,BOE-A-2020-3282,MINISTERIO DE HACIENDA,estatal,Resolución,22976,22978,"Resolución de 6 de marzo de 2020, de la Presidencia del Comisionado para el Mercado de Tabacos, por la que se publican los precios de venta al público de determinadas labores de tabaco en Expendedurías de Tabaco y Timbre del área de Península e Illes Balears."
2020-03-09,59,1,BOE-A-2020-3303,"MINISTERIO DE INDUSTRIA, COMERCIO Y TURISMO",estatal,Resolución,23308,23308,"Resolución de 26 de febrero de 2020, de la Subsecretaría, por la que se adaptan determinadas características de la sede electrónica del Ministerio de Industria, Comercio y Turismo."
2020-03-10,60,1,BOE-A-2020-3354,COMUNIDAD FORAL DE NAVARRA,autonómico,Ley,23647,23655,"Ley Foral 3/2020, de 27 de febrero, de por la que se establece la cuantía y reparto del Fondo de Participación de las Haciendas Locales en los tributos de Navarra por transferencias corrientes y otras ayudas para el año 2020."
2020-03-10,60,1,BOE-A-2020-3355,COMUNIDAD FORAL DE NAVARRA,autonómico,Ley,23656,23659,"Ley Foral 4/2020, de 27 de febrero, de Símbolos de Navarra."
2020-03-10,61,1,BOE-A-2020-3433,"MINISTERIO DE LA PRESIDENCIA, RELACIONES CON LAS CORTES Y MEMORIA DEMOCRÁTICA",estatal,Orden,24166,24168,"Orden PCM/205/2020, de 10 de marzo, por la que se publica el Acuerdo del Consejo de Ministros de 10 de marzo de 2020, por el que se establecen medidas excepcionales para limitar la propagación y el contagio por el COVID-19, mediante la prohibición de los vuelos directos entre la República italiana y los aeropuertos españoles."
2020-03-11,62,1,BOE-A-2020-3434,JEFATURA DEL ESTADO,estatal,Real Decreto-ley,24169,24177,"Real Decreto-ley 6/2020, de 10 de marzo, por el que se adoptan determinadas medidas urgentes en el ámbito económico y para la protección de la salud pública."
2020-03-11,62,1,BOE-A-2020-3435,"MINISTERIO DE AGRICULTURA, PESCA Y ALIMENTACIÓN",estatal,Real Decreto,24178,24192,"Real Decreto 450/2020, de 10 de marzo, por el que se modifica el Real Decreto 1338/2018, de 29 de octubre, por el que se regula el potencial de producción vitícola."
2020-03-11,62,1,BOE-A-2020-3436,"MINISTERIO DE AGRICULTURA, PESCA Y ALIMENTACIÓN",estatal,Orden,24193,24197,"Orden APA/206/2020, de 6 de marzo, por la que se modifica la Orden AAA/1424/2015, de 14 de julio, por la que se establecen medidas específicas de protección en relación con la lengua azul."
2020-03-11,62,1,BOE-A-2020-3437,"MINISTERIO DE LA PRESIDENCIA, RELACIONES CON LAS CORTES Y MEMORIA DEMOCRÁTICA",estatal,Orden,24198,24205,"Orden PCM/207/2020, de 9 de marzo, por la que se publica el Acuerdo del Consejo de Ministros de 25 de febrero de 2020, por el que se establecen obligaciones de servicio público al prestador del servicio postal universal en las elecciones que se convoquen durante 2020."
2020-03-11,62,1,BOE-A-2020-3438,MINISTERIO DE ASUNTOS ECONÓMICOS Y TRANSFORMACIÓN DIGITAL,estatal,Corrección,24206,24208,"Corrección de errores de la Resolución de 4 de marzo de 2020, de la Secretaría General del Tesoro y Financiación Internacional, por la que se actualiza el Anexo 1 incluido en la Resolución de 4 de julio de 2017, de la Secretaría General del Tesoro y Política Financiera, por la que se define el principio de prudencia financiera aplicable a las operaciones de endeudamiento y derivados de las comunidades autónomas y entidades locales."
2020-03-11,62,1,BOE-A-2020-3439,TRIBUNAL SUPREMO,estatal,Resolución judicial,24209,24209,"Sentencia de 18 de febrero de 2020, de la Sala Tercera del Tribunal Supremo, que estima parcialmente el recurso interpuesto por Asociación Empresarial Multisectorial, Cecot, contra la Orden ETU/1977/2016, de 23 de diciembre, por la que se establecen los peajes y cánones asociados al acceso de terceros a las instalaciones gasistas y la retribución de las actividades reguladas para el 2017."
2020-03-12,63,1,BOE-A-2020-3512,MINISTERIO DE POLÍTICA TERRITORIAL Y FUNCIÓN PÚBLICA,estatal,Real Decreto,24611,24625,"Real Decreto 452/2020, de 10 de marzo, por el que se desarrolla la estructura orgánica básica del Ministerio de Derechos Sociales y Agenda 2030, y se modifica el Real Decreto 139/2020, de 28 de enero, por el que se establece la estructura orgánica básica de los departamentos ministeriales."
2020-03-12,63,1,BOE-A-2020-3513,MINISTERIO DE POLÍTICA TERRITORIAL Y FUNCIÓN PÚBLICA,estatal,Real Decreto,24626,24647,"Real Decreto 453/2020, de 10 de marzo, por el que se desarrolla la estructura orgánica básica del Ministerio de Justicia, y se modifica el Reglamento del Servicio Jurídico del Estado, aprobado por el Real Decreto 997/2003, de 25 de julio."
2020-03-12,63,1,BOE-A-2020-3514,MINISTERIO DE POLÍTICA TERRITORIAL Y FUNCIÓN PÚBLICA,estatal,Real Decreto,24648,24667,"Real Decreto 454/2020, de 10 de marzo, por el que se desarrolla la estructura orgánica básica del Ministerio de Sanidad, y se modifica el Real Decreto 139/2020, de 28 de enero, por el que se establece la estructura orgánica básica de los departamentos ministeriales."
2020-03-12,63,1,BOE-A-2020-3515,MINISTERIO DE POLÍTICA TERRITORIAL Y FUNCIÓN PÚBLICA,estatal,Real Decreto,24668,24679,"Real Decreto 455/2020, de 10 de marzo, por el que se desarrolla la estructura orgánica básica del Ministerio de Igualdad."
2020-03-12,64,1,BOE-A-2020-3579,"MINISTERIO DE LA PRESIDENCIA, RELACIONES CON LAS CORTES Y MEMORIA DEMOCRÁTICA",estatal,Orden,24992,24995,"Orden PCM/216/2020, de 12 de marzo, por la que se publica el Acuerdo del Consejo de Ministros de 12 de marzo de 2020, por el que se establecen medidas excepcionales para limitar la propagación y el contagio por el COVID-19, mediante la prohibición de entrada de buques de pasaje procedentes de la República italiana y de cruceros de cualquier origen con destino a puertos españoles."
2020-03-13,65,1,BOE-A-2020-3580,JEFATURA DEL ESTADO,estatal,Real Decreto-ley,24996,25013,"Real Decreto-ley 7/2020, de 12 de marzo, por el que se adoptan medidas urgentes para responder al impacto económico del COVID-19."
2020-03-13,65,1,BOE-A-2020-3581,"MINISTERIO DE ASUNTOS EXTERIORES, UNIÓN EUROPEA Y COOPERACIÓN",estatal,Tratado o acuerdo internacional,25014,25018,"Canje de Cartas entre el Reino de España y el Organismo Internacional de Energía Atómica (OIEA) para la celebración de la primera reunión para Coordinar las Investigaciones sobre Técnicas Isotópicas para la Evaluación de las Fuentes de Agua en los Sistemas de Riego, en el marco del proyecto coordinado de investigación F33025, del 23 al 26 de junio de 2020, hecho en Viena el 17 de octubre de 2019 y el 25 de febrero de 2020."
2020-03-13,65,1,BOE-A-2020-3582,MINISTERIO DE POLÍTICA TERRITORIAL Y FUNCIÓN PÚBLICA,estatal,Corrección,25019,25019,"Corrección de errores del Real Decreto 403/2020, de 25 de febrero, por el que se desarrolla la estructura orgánica básica del Ministerio de Asuntos Económicos y Transformación Digital."
2020-03-14,66,1,BOE-A-2020-3636,"MINISTERIO DE ASUNTOS EXTERIORES, UNIÓN EUROPEA Y COOPERACIÓN",estatal,Tratado o acuerdo internacional,25152,25157,"Protocolo entre el Reino de España y la República de Albania relativo a la aplicación del Acuerdo entre la Comunidad Europea y la República de Albania sobre la readmisión de residentes ilegales, hecho en Tirana el 5 de abril de 2018."
2020-03-14,66,1,BOE-A-2020-3637,MINISTERIO DE HACIENDA,estatal,Resolución,25158,25160,"Resolución de 13 de marzo de 2020, de la Presidencia del Comisionado para el Mercado de Tabacos, por la que se publican los precios de venta al público de determinadas labores de tabaco en Expendedurías de Tabaco y Timbre del área del Monopolio."
2020-03-14,66,1,BOE-A-2020-3638,"MINISTERIO DE LA PRESIDENCIA, RELACIONES CON LAS CORTES Y MEMORIA DEMOCRÁTICA",estatal,Orden,25161,25166,"Orden PCM/218/2020, de 13 de marzo, por la que se publica el Acuerdo del Consejo de Seguridad Nacional por el que se crea y regula el Consejo Nacional de Seguridad Aeroespacial."
2020-03-14,66,1,BOE-A-2020-3639,"MINISTERIO DE LA PRESIDENCIA, RELACIONES CON LAS CORTES Y MEMORIA DEMOCRÁTICA",estatal,Orden,25167,25171,"Orden PCM/219/2020, de 13 de marzo, por la que se publica el Acuerdo del Consejo de Seguridad Nacional, por el que se crea y regula el Comité Especializado contra el Terrorismo."
2020-03-14,67,1,BOE-A-2020-3692,"MINISTERIO DE LA PRESIDENCIA, RELACIONES CON LAS CORTES Y MEMORIA DEMOCRÁTICA",estatal,Real Decreto,25390,25400,"Real Decreto 463/2020, de 14 de marzo, por el que se declara el estado de alarma para la gestión de la situación de crisis sanitaria ocasionada por el COVID-19."
2020-03-15,68,1,BOE-A-2020-3693,MINISTERIO DE DEFENSA,estatal,Instrucción o circular,25401,25403,"Instrucción de 15 de marzo de 2020, del Ministerio de Defensa, por la que se establecen medidas para la gestión de la situación de crisis sanitaria ocasionada por el COVID-19 en el ámbito del Ministerio de Defensa."
2020-03-15,68,1,BOE-A-2020-3694,MINISTERIO DEL INTERIOR,estatal,Orden,25404,25413,"Orden INT/226/2020, de 15 de marzo, por la que se establecen criterios de actuación para las Fuerzas y Cuerpos de Seguridad en relación con el Real Decreto 463/2020, de 14 de marzo, por el que se declara el estado de alarma para la gestión de la situación de crisis sanitaria ocasionada por el COVID-19."
2020-03-15,68,1,BOE-A-2020-3695,MINISTERIO DEL INTERIOR,estatal,Orden,25414,25414,"Orden INT/227/2020, de 15 de marzo, en relación con las medidas que se adoptan en el ámbito de Instituciones Penitenciarias al amparo del Real Decreto 463/2020, de 14 de marzo, por el que se declara el estado de alarma para la gestión de la situación de crisis sanitaria ocasionada por el COVID-19."
2020-03-15,68,1,BOE-A-2020-3696,MINISTERIO DEL INTERIOR,estatal,Orden,25415,25416,"Orden INT/228/2020, de 15 de marzo, por la que se establecen criterios de aplicación del Real Decreto 463/2020, de 14 de marzo, por el que se declara el estado de alarma para la gestión de la situación de crisis sanitaria ocasionada por el COVID-19, en el ámbito del Sistema Nacional de Protección Civil."
2020-03-15,68,1,BOE-A-2020-3697,"MINISTERIO DE TRANSPORTES, MOVILIDAD Y AGENDA URBANA",estatal,Orden,25417,25418,"Orden TMA/229/2020, de 15 de marzo, por la que dictan disposiciones respecto al acceso de los transportistas profesionales a determinados servicios necesarios para facilitar el transporte de mercancías en el territorio nacional."
2020-03-15,68,1,BOE-A-2020-3698,"MINISTERIO DE TRANSPORTES, MOVILIDAD Y AGENDA URBANA",estatal,Orden,25419,25420,"Orden TMA/230/2020, de 15 de marzo, por la que se concreta la actuación de las autoridades autonómicas y locales respecto de la fijación de servicios de transporte público de su titularidad."
2020-03-15,68,1,BOE-A-2020-3699,"MINISTERIO DE TRANSPORTES, MOVILIDAD Y AGENDA URBANA",estatal,Orden,25421,25422,"Orden TMA/231/2020, de 15 de marzo, por la que se determina la obligación de disponer mensajes obligatorios en los sistemas de venta de billetes online de todas las compañías marítimas, aéreas y de transporte terrestre, así como cualquier otra persona, física o jurídica, que intervenga en la comercialización de los billetes que habiliten para realizar un trayecto con origen y/o destino en el territorio español."
2020-03-15,68,1,BOE-A-2020-3700,MINISTERIO DE SANIDAD,estatal,Orden,25423,25427,"Orden SND/232/2020, de 15 de marzo, por la que se adoptan medidas en materia de recursos humanos y medios para la gestión de la situación de crisis sanitaria ocasionada por el COVID-19."
2020-03-15,68,1,BOE-A-2020-3701,MINISTERIO DE SANIDAD,estatal,Orden,25428,25430,"Orden SND/233/2020, de 15 de marzo, por la que se establecen determinadas obligaciones de información de acuerdo con lo previsto en el Real Decreto 463/2020, de 14 de marzo, por el que se declara el estado de alarma para la gestión de la situación de crisis sanitaria ocasionada por el COVID-19."
2020-03-15,68,1,BOE-A-2020-3702,MINISTERIO DE SANIDAD,estatal,Orden,25431,25434,"Orden SND/234/2020, de 15 de marzo, sobre adopción de disposiciones y medidas de contención y remisión de información al Ministerio de Sanidad ante la situación de crisis sanitaria ocasionada por el COVID-19."
2020-03-16,69,1,BOE-A-2020-3703,"MINISTERIO DE ASUNTOS EXTERIORES, UNIÓN EUROPEA Y COOPERACIÓN",estatal,Orden,25435,25435,"Orden AUC/235/2020, de 9 de marzo, por la que se crea la Oficina Consular Honoraria de España en Cartagena de Indias (Colombia)."
2020-03-16,69,1,BOE-A-2020-3704,MINISTERIO PARA LA TRANSICIÓN ECOLÓGICA Y EL RETO DEMOGRÁFICO,estatal,Resolución,25436,25438,"Resolución de 11 de marzo de 2020, de la Dirección General de Política Energética y Minas, por la que se hacen públicos los nuevos precios de venta, antes de impuestos, de los gases licuados del petróleo por canalización."
2020-03-16,69,1,BOE-A-2020-3705,COMUNIDAD AUTÓNOMA DE CATALUÑA,autonómico,Resolución,25439,25440,"Resolución INT/551/2020, de 26 de febrero, por la que se modifica la Resolución INT/383/2020, de 13 de febrero, por la que se establecen las restricciones a la circulación durante el año 2020."
2020-03-16,70,1,BOE-A-2020-3776,MINISTERIO DEL INTERIOR,estatal,Orden,25653,25654,"Orden INT/239/2020, de 16 de marzo, por la que se restablecen los controles en las fronteras interiores terrestres con motivo de la situación de crisis sanitaria ocasionada por el COVID-19."
2020-03-16,70,1,BOE-A-2020-3777,"MINISTERIO DE TRANSPORTES, MOVILIDAD Y AGENDA URBANA",estatal,Orden,25655,25656,"Orden TMA/240/2020, de 16 de marzo, por la que se dictan disposiciones respecto a la apertura de determinados establecimientos de restauración y otros comercios en los aeródromos de uso público para la prestación de servicios de apoyo a servicios esenciales."
2020-03-16,70,1,BOE-A-2020-3778,"MINISTERIO DE TRANSPORTES, MOVILIDAD Y AGENDA URBANA",estatal,Orden,25657,25658,"Orden TMA/241/2020, de 16 de marzo, por la que se establecen las medidas de transporte a aplicar a las conexiones entre la península y la Ciudad de Ceuta."
2020-03-16,70,1,BOE-A-2020-3779,"MINISTERIO DE TRANSPORTES, MOVILIDAD Y AGENDA URBANA",estatal,Orden,25659,25660,"Orden TMA/242/2020, de 16 de marzo, por la que se establecen las medidas de transporte a aplicar a las conexiones entre la península y la Ciudad de Melilla."
2020-03-17,71,1,BOE-A-2020-3780,TRIBUNAL CONSTITUCIONAL,estatal,Resolución judicial,25661,25661,"Cuestión interna de inconstitucionalidad n.º 1231-2020, en relación con el último párrafo del artículo 238 bis LECrim., en la redacción dada por la Ley 13/2009, de 3 de noviembre."
2020-03-17,71,1,BOE-A-2020-3781,MINISTERIO DE DEFENSA,estatal,Instrucción o circular,25662,25662,"Instrucción de 16 de marzo de 2020, del Ministerio de Defensa, por la que se establecen medidas para la gestión de la situación de la crisis sanitaria ocasionada por el COVID-19 en el ámbito del Ministerio de Defensa."
2020-03-17,71,1,BOE-A-2020-3782,COMUNIDAD AUTÓNOMA DE CATALUÑA,autonómico,Ley,25663,25712,"Ley 2/2020, de 5 de marzo, de la vitivinicultura."
2020-03-17,71,1,BOE-A-2020-3783,COMUNIDAD AUTÓNOMA DE CATALUÑA,autonómico,Decreto-ley,25713,25714,"Decreto-ley 1/2020, de 21 de enero, por el que se modifica el Decreto-ley 17/2019, de 23 de diciembre, de medidas urgentes para mejorar el acceso a la vivienda."
2020-03-17,71,1,BOE-A-2020-3784,COMUNIDAD AUTÓNOMA DE CATALUÑA,autonómico,Decreto-ley,25715,25720,"Decreto-ley 2/2020, de 21 de enero, de necesidades financieras del sector público en prórroga presupuestaria y de modificación del texto refundido de la legislación en materia de aguas de Cataluña, aprobado por el Decreto legislativo 3/2003, de 4 de noviembre."
2020-03-17,71,1,BOE-A-2020-3785,COMUNIDAD FORAL DE NAVARRA,autonómico,Ley,25721,25769,"Ley Foral 5/2020, de 4 de marzo, de Presupuestos Generales de Navarra para el año 2020."
2020-03-17,72,1,BOE-A-2020-3821,"MINISTERIO DE TRANSPORTES, MOVILIDAD Y AGENDA URBANA",estatal,Orden,25845,25846,"Orden TMA/245/2020, de 17 de marzo, por la que se disponen medidas para el mantenimiento de los tráficos ferroviarios."
2020-03-17,72,1,BOE-A-2020-3822,"MINISTERIO DE TRANSPORTES, MOVILIDAD Y AGENDA URBANA",estatal,Orden,25847,25849,"Orden TMA/246/2020, de 17 de marzo, por la que se establecen las medidas de transporte a aplicar a las conexiones entre la península y la Comunidad Autónoma de Canarias."
2020-03-17,72,1,BOE-A-2020-3823,"MINISTERIO DE TRANSPORTES, MOVILIDAD Y AGENDA URBANA",estatal,Orden,25850,25852,"Orden TMA/247/2020, de 17 de marzo, por la que se establecen las medidas de transporte a aplicar a las conexiones entre la península y la Comunidad Autónoma de Illes Balears."
2020-03-18,73,1,BOE-A-2020-3824,JEFATURA DEL ESTADO,estatal,Real Decreto-ley,25853,25898,"Real Decreto-ley 8/2020, de 17 de marzo, de medidas urgentes extraordinarias para hacer frente al impacto económico y social del COVID-19."
2020-03-18,73,1,BOE-A-2020-3825,MINISTERIO DEL INTERIOR,estatal,Orden,25899,25901,"Orden INT/248/2020, de 16 de marzo, por la que se establecen criterios de actuación para las Fuerzas y Cuerpos de Seguridad ante el restablecimiento temporal de controles fronterizos."
2020-03-18,73,1,BOE-A-2020-3826,MINISTERIO DEL INTERIOR,estatal,Corrección,25902,25902,"Corrección de errores de la Orden INT/239/2020, de 16 de marzo, por la que se restablecen los controles en las fronteras interiores terrestres con motivo de la situación de crisis sanitaria ocasionada por el COVID-19."
2020-03-18,73,1,BOE-A-2020-3827,MINISTERIO DE EDUCACIÓN Y FORMACIÓN PROFESIONAL,estatal,Orden,25903,25943,"Orden EFP/249/2020, de 11 de marzo, por la que se establece el currículo del ciclo formativo de grado superior correspondiente al título de Técnico Superior en Química y Salud Ambiental."
2020-03-18,73,1,BOE-A-2020-3828,"MINISTERIO DE LA PRESIDENCIA, RELACIONES CON LAS CORTES Y MEMORIA DEMOCRÁTICA",estatal,Real Decreto,25944,25945,"Real Decreto 465/2020, de 17 de marzo, por el que se modifica el Real Decreto 463/2020, de 14 de marzo, por el que se declara el estado de alarma para la gestión de la situación de crisis sanitaria ocasionada por el COVID-19."
2020-03-18,73,1,BOE-A-2020-3829,COMUNIDAD AUTÓNOMA DE LA RIOJA,autonómico,Corrección,25946,25946,"Corrección de errores de la Ley 1/2020, de 30 de enero, de Presupuestos Generales de la Comunidad Autónoma de La Rioja para el año 2020."
2020-03-19,74,1,BOE-A-2020-3861,MINISTERIO DE HACIENDA,estatal,Orden,26083,26157,"Orden HAC/253/2020, de 3 de marzo, por la que se aprueban los modelos de declaración del Impuesto sobre la Renta de las Personas Físicas y del Impuesto sobre el Patrimonio, ejercicio 2019, se determinan el lugar, forma y plazos de presentación de los mismos, se establecen los procedimientos de obtención, modificación, confirmación y presentación del borrador de declaración del Impuesto sobre la Renta de las Personas Físicas, y se determinan las condiciones generales y el procedimiento para la presentación de ambos por medios telemáticos o telefónicos."
2020-03-19,74,1,BOE-A-2020-3862,MINISTERIO DE HACIENDA,estatal,Resolución,26158,26170,"Resolución de 11 de marzo de 2020, de la Dirección General de la Agencia Estatal de Administración Tributaria, sobre asistencia a los obligados tributarios y ciudadanos en su identificación telemática ante las entidades colaboradoras, con ocasión del pago de deudas con tarjetas de crédito y de débito, mediante el sistema de firma no avanzada con clave de acceso en un registro previo (sistema Cl@VE PIN)."
2020-03-19,74,1,BOE-A-2020-3863,"MINISTERIO DE TRANSPORTES, MOVILIDAD Y AGENDA URBANA",estatal,Orden,26171,26173,"Orden TMA/254/2020, de 18 de marzo, por la que se dictan instrucciones en materia de transporte por carretera y aéreo."
2020-03-19,74,1,BOE-A-2020-3864,MINISTERIO DE EDUCACIÓN Y FORMACIÓN PROFESIONAL,estatal,Orden,26174,26177,"Orden EFP/255/2020, de 11 de marzo, por la que se regulan las pruebas de la evaluación final de Educación Secundaria Obligatoria, para el curso 2019/2020, y se modifica la Orden ECD/65/2018, de 29 de enero, por la que se regulan las pruebas de la evaluación final de Educación Secundaria Obligatoria, para el curso 2017/2018."
2020-03-19,74,1,BOE-A-2020-3865,MINISTERIO PARA LA TRANSICIÓN ECOLÓGICA Y EL RETO DEMOGRÁFICO,estatal,Resolución,26178,26178,"Resolución de 10 de marzo de 2020, de la Dirección General de Política Energética y Minas, por la que se publican los anexos modificados de la Orden ITC/2308/2007, de 25 de julio, por la que se determina la forma de remisión de información al Ministerio de Industria, Turismo y Comercio sobre las actividades de suministro de productos petrolíferos."
2020-03-19,74,1,BOE-A-2020-3866,"MINISTERIO DE INCLUSIÓN, SEGURIDAD SOCIAL Y MIGRACIONES",estatal,Resolución,26179,26180,"Resolución de 16 de marzo de 2020, del Instituto Social de la Marina, por la que se adoptan determinadas medidas, con motivo del COVID-19, en relación con las prestaciones y servicios específicos para el sector marítimo-pesquero."
2020-03-19,74,1,BOE-A-2020-3867,TRIBUNAL SUPREMO,estatal,Resolución judicial,26181,26182,"Sentencia de 25 de febrero de 2020, de la Sala Tercera, Sección Tercera, del Tribunal Supremo, que estima parcialmente el recurso contencioso-administrativo 1/177/2018, interpuesto por Caja Rural de Navarra, Sociedad Cooperativa de Crédito, contra la Orden ETU/615/2017, de 27 de junio, que determina el procedimiento de asignación del régimen retributivo específico, los parámetros retributivos correspondientes y demás aspectos que serán de aplicación para el cupo de 3.000 MW de potencia instalada, convocado al amparo del Real Decreto 650/2017, de 16 de junio."
2020-03-19,75,1,BOE-A-2020-3892,MINISTERIO DE SANIDAD,estatal,Orden,26298,26299,"Orden SND/257/2020, de 19 de marzo, por la que se declara la suspensión de apertura al público de establecimientos de alojamiento turístico, de acuerdo con el artículo 10.6 del Real Decreto 463/2020, de 14 de marzo, por el que se declara el estado de alarma para la gestión de la situación de crisis sanitaria ocasionada por el COVID-19."
2020-03-20,76,1,BOE-A-2020-3893,PRESIDENCIA DEL GOBIERNO,estatal,Real Decreto,26300,26301,"Real Decreto 464/2020, de 17 de marzo, por el que se modifica el Real Decreto 399/2020, de 25 de febrero, por el que se establecen las Comisiones Delegadas del Gobierno."
2020-03-20,76,1,BOE-A-2020-3894,"MINISTERIO DE TRANSPORTES, MOVILIDAD Y AGENDA URBANA",estatal,Orden,26302,26304,"Orden TMA/258/2020, de 19 de marzo, por la que se dictan disposiciones respecto de los títulos administrativos y las actividades inspectoras de la administración marítima, al amparo del Real Decreto 463/2020, de 14 de marzo, por el que se declara el estado de alarma para la gestión de la situación de crisis sanitaria ocasionada por el COVID-19."
2020-03-20,76,1,BOE-A-2020-3895,"MINISTERIO DE TRANSPORTES, MOVILIDAD Y AGENDA URBANA",estatal,Orden,26305,26306,"Orden TMA/259/2020, de 19 de marzo, por la que se dictan instrucciones sobre transporte por carretera."
2020-03-20,76,1,BOE-A-2020-3896,MINISTERIO DE SANIDAD,estatal,Orden,26307,26308,"Orden SND/260/2020, de 19 de marzo, por la que se suspende la activación del servicio de gestión de la demanda de interrumpibilidad por criterios económicos ante la situación de crisis sanitaria ocasionada por el COVID-19."
2020-03-20,76,1,BOE-A-2020-3897,MINISTERIO DE SANIDAD,estatal,Orden,26309,26310,"Orden SND/261/2020, de 19 de marzo, para la coordinación de la actividad profesional de los miembros de los cuerpos de funcionarios regulados en el libro VI de la Ley Orgánica 6/1985, de 1 de julio, del Poder Judicial durante la vigencia del estado de alarma declarado por Real Decreto 463/2020, de 14 de marzo."
2020-03-20,76,1,BOE-A-2020-3898,MINISTERIO DE SANIDAD,estatal,Instrucción o circular,26311,26312,"Instrucción de 19 de marzo de 2020, del Ministerio de Sanidad, por la que se establecen criterios interpretativos para la gestión de la situación de crisis sanitaria ocasionada por el COVID-19."
2020-03-20,76,1,BOE-A-2020-3899,COMUNIDAD AUTÓNOMA DE LA REGIÓN DE MURCIA,autonómico,Ley,26313,26314,"Ley 8/2019, de 25 de julio, de ampliación del plazo de justificación de las ayudas percibidas para la reparación de viviendas afectadas por el terremoto de Lorca de 2011, mediante la presentación de la cuenta justificativa regulada por la Ley 8/2018, de 23 de julio, de ayudas de Lorca."
2020-03-20,77,1,BOE-A-2020-3945,"MINISTERIO DE INDUSTRIA, COMERCIO Y TURISMO",estatal,Resolución,26479,26480,"Resolución de 20 de marzo de 2020, de la Secretaría General de Industria y de la Pequeña y Mediana Empresa, sobre especificaciones alternativas a las mascarillas EPI con marcado CE europeo."
2020-03-21,78,1,BOE-A-2020-3946,MINISTERIO DEL INTERIOR,estatal,Orden,26481,26484,"Orden INT/262/2020, de 20 de marzo, por la que se desarrolla el Real Decreto 463/2020, de 14 de marzo, por el que se declara el estado de alarma para la gestión de la situación de crisis sanitaria ocasionada por el COVID-19, en materia de tráfico y circulación de vehículos a motor."
2020-03-21,78,1,BOE-A-2020-3947,"MINISTERIO DE TRANSPORTES, MOVILIDAD Y AGENDA URBANA",estatal,Orden,26485,26488,"Orden TMA/263/2020, de 20 de marzo, por la que se regula la adquisición y distribución de mascarillas por parte del Ministerio de Transportes, Movilidad y Agenda Urbana."
2020-03-21,78,1,BOE-A-2020-3948,"MINISTERIO DE TRANSPORTES, MOVILIDAD Y AGENDA URBANA",estatal,Orden,26489,26489,"Orden TMA/264/2020, de 20 de marzo, por la que se modifica la Orden TMA/259/2020, de 19 de marzo, por la que se dictan instrucciones sobre transporte por carretera."
2020-03-21,78,1,BOE-A-2020-3949,"MINISTERIO DE TRANSPORTES, MOVILIDAD Y AGENDA URBANA",estatal,Resolución,26490,26492,"Resolución de 20 de marzo de 2020, de la Dirección General de Aviación Civil, por la que se establecen las condiciones para la prestación y se adjudica de forma directa el servicio de transporte aéreo en las rutas aéreas Palma de Mallorca-Menorca y Palma de Mallorca-Ibiza durante el estado de alarma declarado con motivo del COVID-19."
2020-03-21,78,1,BOE-A-2020-3950,"MINISTERIO DE LA PRESIDENCIA, RELACIONES CON LAS CORTES Y MEMORIA DEMOCRÁTICA",estatal,Resolución,26493,26498,"Resolución de 13 de marzo de 2020, de la Subsecretaría, por la que se publica la Resolución de 10 de marzo de 2020, conjunta de la Secretaría de Estado de Educación y la Secretaría General de Universidades, por la que se establecen las adaptaciones de la evaluación de Bachillerato para el acceso a la Universidad a las necesidades y situación de los centros españoles situados en el exterior del territorio nacional, los programas educativos en el exterior, los programas internacionales, el alumnado procedente de sistemas educativos extranjeros y las enseñanzas a distancia, en el curso 2019-2020."
2020-03-21,78,1,BOE-A-2020-3951,MINISTERIO DE SANIDAD,estatal,Orden,26499,26502,"Orden SND/265/2020, de 19 de marzo, de adopción de medidas relativas a las residencias de personas mayores y centros socio-sanitarios, ante la situación de crisis sanitaria ocasionada por el COVID-19."
2020-03-21,78,1,BOE-A-2020-3952,MINISTERIO DE SANIDAD,estatal,Orden,26503,26504,"Orden SND/266/2020, de 19 de marzo, por la que se establecen determinadas medidas para asegurar el acceso a la prestación farmacéutica del Sistema Nacional de Salud al colectivo de los Regímenes Especiales de la Seguridad Social."
2020-03-21,78,1,BOE-A-2020-3953,MINISTERIO DE SANIDAD,estatal,Orden,26505,26510,"Orden SND/267/2020, de 20 de marzo, por la que se modifica la Orden SND/234/2020, de 15 de marzo, sobre adopción de disposiciones y medidas de contención y remisión de información al Ministerio de Sanidad ante la situación de crisis sanitaria ocasionada por el COVID-19."
2020-03-21,78,1,BOE-A-2020-3954,MINISTERIO DE SANIDAD,estatal,Instrucción o circular,26511,26511,"Instrucción de 19 de marzo de 2020, del Ministerio de Sanidad, por la que se establecen criterios interpretativos para la atención de animales domésticos en la gestión de la situación de crisis sanitaria ocasionada por el COVID-19."
2020-03-21,78,1,BOE-A-2020-3955,COMUNIDAD AUTÓNOMA DE CATALUÑA,autonómico,Ley,26512,26523,"Ley 3/2020, de 11 de marzo, de prevención de las pérdidas y el despilfarro alimentarios."
2020-03-22,79,1,BOE-A-2020-3972,MINISTERIO DEL INTERIOR,estatal,Orden,26605,26606,"Orden INT/270/2020, de 21 de marzo, por la que se establecen criterios para la aplicación de una restricción temporal de viajes no imprescindibles desde terceros países a la Unión Europea y países asociados Schengen por razones de orden público y salud pública con motivo de la crisis sanitaria ocasionada por el COVID-19."
2020-03-22,79,1,BOE-A-2020-3973,MINISTERIO DE SANIDAD,estatal,Orden,26607,26610,"Orden SND/271/2020, de 19 de marzo, por la que se establecen instrucciones sobre gestión de residuos en la situación de crisis sanitaria ocasionada por el COVID-19."
2020-03-22,79,1,BOE-A-2020-3974,MINISTERIO DE SANIDAD,estatal,Orden,26611,26612,"Orden SND/272/2020, de 21 de marzo, por la que se establecen medidas excepcionales para expedir la licencia de enterramiento y el destino final de los cadáveres ante la situación de crisis sanitaria ocasionada por el COVID-19."
2020-03-24,81,1,BOE-A-2020-4006,MINISTERIO DE HACIENDA,estatal,Resolución,26747,26749,"Resolución de 20 de marzo de 2020, de la Intervención General de la Administración del Estado, sobre medidas a adoptar en el ámbito de la comprobación material de la inversión, durante el período de duración del estado de alarma declarado como consecuencia de la situación de crisis sanitaria ocasionada por el COVID-19."
2020-03-24,81,1,BOE-A-2020-4007,MINISTERIO DE HACIENDA,estatal,Resolución,26750,26752,"Resolución de 23 de marzo de 2020, de la Intervención General de la Administración del Estado, por la que se publica el Acuerdo del Consejo de Ministros de 17 de marzo de 2020, por el que se adoptan medidas urgentes y excepcionales en el ámbito del control de la gestión económico-financiera efectuado por la Intervención General de la Administración del Estado como consecuencia del COVID-19."
2020-03-24,81,1,BOE-A-2020-4008,"MINISTERIO DE TRANSPORTES, MOVILIDAD Y AGENDA URBANA",estatal,Orden,26753,26754,"Orden TMA/273/2020, de 23 de marzo, por la que se dictan instrucciones sobre reducción de los servicios de transporte de viajeros."
2020-03-24,81,1,BOE-A-2020-4009,MINISTERIO DE SANIDAD,estatal,Orden,26755,26757,"Orden SND/274/2020, de 22 de marzo, por la que se adoptan medidas en relación con los servicios de abastecimiento de agua de consumo humano y de saneamiento de aguas residuales."
2020-03-24,81,1,BOE-A-2020-4010,MINISTERIO DE SANIDAD,estatal,Orden,26758,26761,"Orden SND/275/2020, de 23 de marzo, por la que se establecen medidas complementarias de carácter organizativo, así como de suministro de información en el ámbito de los centros de servicios sociales de carácter residencial en relación con la gestión de la crisis sanitaria ocasionada por el COVID-19."
2020-03-24,81,1,BOE-A-2020-4011,MINISTERIO DE SANIDAD,estatal,Orden,26762,26773,"Orden SND/276/2020, de 23 de marzo, por la que se establecen obligaciones de suministro de información, abastecimiento y fabricación de determinados medicamentos en la situación de crisis sanitaria ocasionada por el COVID-19."
2020-03-24,81,1,BOE-A-2020-4012,MINISTERIO DE SANIDAD,estatal,Instrucción o circular,26774,26775,"Instrucción de 23 de marzo de 2020, del Ministerio de Sanidad, por la que se establecen criterios interpretativos para la gestión de la situación de crisis sanitaria ocasionada por el COVID-19."
2020-03-25,82,1,BOE-A-2020-4025,JEFATURA DEL ESTADO,estatal,Corrección,26832,26832,"Corrección de errores del Real Decreto-ley 7/2020, de 12 de marzo, por el que se adoptan medidas urgentes para responder al impacto económico del COVID-19."
2020-03-25,82,1,BOE-A-2020-4026,JEFATURA DEL ESTADO,estatal,Corrección,26833,26833,"Corrección de errores del Real Decreto-ley 8/2020, de 17 de marzo, de medidas urgentes extraordinarias para hacer frente al impacto económico y social del COVID-19."
2020-03-25,82,1,BOE-A-2020-4027,"MINISTERIO DE TRANSPORTES, MOVILIDAD Y AGENDA URBANA",estatal,Orden,26834,26848,"Orden TMA/277/2020, de 23 de marzo, por la que se declaran servicios esenciales a determinados alojamientos turísticos y se adoptan disposiciones complementarias."
2020-03-25,82,1,BOE-A-2020-4028,"MINISTERIO DE TRANSPORTES, MOVILIDAD Y AGENDA URBANA",estatal,Orden,26849,26851,"Orden TMA/278/2020, de 24 de marzo, por la que se establecen ciertas condiciones a los servicios de movilidad, en orden a la protección de personas, bienes y lugares."
2020-03-25,82,1,BOE-A-2020-4029,"MINISTERIO DE TRANSPORTES, MOVILIDAD Y AGENDA URBANA",estatal,Orden,26852,26853,"Orden TMA/279/2020,de 24 de marzo, por la que se establecen medidas en materia de transporte de animales."
2020-03-25,82,1,BOE-A-2020-4030,"MINISTERIO DE LA PRESIDENCIA, RELACIONES CON LAS CORTES Y MEMORIA DEMOCRÁTICA",estatal,Orden,26854,26855,"Orden PCM/280/2020, de 24 de marzo, por la que se publica el Acuerdo del Consejo de Ministros de 24 de marzo de 2020, por el que se modifica el Acuerdo del Consejo de Ministros de 10 de marzo de 2020, por el que se establecen medidas excepcionales para limitar la propagación y el contagio por el COVID-19, mediante la prohibición de los vuelos directos entre la República Italiana y los Aeropuertos Españoles."
2020-03-25,82,1,BOE-A-2020-4031,MINISTERIO DE DERECHOS SOCIALES Y AGENDA 2030,estatal,Resolución,26856,26857,"Resolución de 23 de marzo de 2020, de la Secretaría de Estado de Derechos Sociales, por la que se publica el Acuerdo del Consejo Territorial de Servicios Sociales y del Sistema para la Autonomía y Atención a la Dependencia, que modifica parcialmente el Acuerdo de 27 de noviembre de 2008, sobre criterios comunes de acreditación para garantizar la calidad de los centros y servicios del Sistema para la Autonomía y Atención a la Dependencia."
2020-03-26,83,1,BOE-A-2020-4064,MINISTERIO DEL INTERIOR,estatal,Orden,26923,26924,"Orden INT/283/2020, de 25 de marzo, por la que se prorrogan los controles en las fronteras interiores terrestres restablecidos con motivo de la situación de crisis sanitaria ocasionada por el COVID-19."
2020-03-26,83,1,BOE-A-2020-4065,MINISTERIO DEL INTERIOR,estatal,Orden,26925,26927,"Orden INT/284/2020, de 25 de marzo, por la que se modifica la Orden INT/262/2020, de 20 de marzo, por la que se desarrolla el Real Decreto 463/2020, de 14 de marzo, por el que se declara el estado de alarma para la gestión de la situación de crisis sanitaria ocasionada por el COVID-19, en materia de tráfico y circulación de vehículos a motor."
2020-03-26,83,1,BOE-A-2020-4066,"MINISTERIO DE TRANSPORTES, MOVILIDAD Y AGENDA URBANA",estatal,Orden,26928,26934,"Orden TMA/285/2020, de 25 de marzo, por la que se adoptan medidas extraordinarias de flexibilidad en los ámbitos de la aviación civil no regulados por la normativa de la Unión Europea en relación con la situación creada por la crisis global del coronavirus COVID-19."
2020-03-26,83,1,BOE-A-2020-4067,"MINISTERIO DE TRANSPORTES, MOVILIDAD Y AGENDA URBANA",estatal,Orden,26935,26936,"Orden TMA/286/2020, de 25 de marzo, por la que se prorroga la prohibición de entrada de buques de pasaje procedentes de la República Italiana y de cruceros de cualquier origen con destino a puertos españoles para limitar la propagación y el contagio por el COVID-19."
2020-03-26,83,1,BOE-A-2020-4068,"MINISTERIO DE TRANSPORTES, MOVILIDAD Y AGENDA URBANA",estatal,Resolución,26937,26943,"Resolución de 18 de marzo de 2020, de la Dirección de la Agencia Estatal de Seguridad Aérea, por la que se emite exención, de conformidad con lo establecido en el artículo 71 del Reglamento (UE) 2018/1139, para la extensión de los periodos de validez de las licencias, habilitaciones, certificados de tripulaciones de vuelo, instructores, examinadores, poseedores de licencias de mantenimiento de aeronaves y controladores de tránsito aéreo, así como un método alternativo de cumplimiento de conformidad con lo establecido en Aro.Gen.120 del Reglamento (UE) 965/2012, para la reducción de la antelación mínima requerida en la publicación de los cuadrantes de actividades de las tripulaciones, en relación con la situación creada por la crisis global del coronavirus COVID-19."
2020-03-26,83,1,BOE-A-2020-4069,MINISTERIO PARA LA TRANSICIÓN ECOLÓGICA Y EL RETO DEMOGRÁFICO,estatal,Orden,26944,26968,"Orden TED/287/2020, de 23 de marzo, por la que se establecen las obligaciones de aportación al Fondo Nacional de Eficiencia Energética en el año 2020."
2020-03-26,83,1,BOE-A-2020-4070,MINISTERIO DE ASUNTOS ECONÓMICOS Y TRANSFORMACIÓN DIGITAL,estatal,Resolución,26969,26974,"Resolución de 25 de marzo de 2020, de la Secretaría de Estado de Economía y Apoyo a la Empresa, por la que se publica el Acuerdo del Consejo de Ministros de 24 de marzo de 2020, por el que se aprueban las características del primer tramo de la línea de avales del ICO para empresas y autónomos, para paliar los efectos económicos del COVID-19."
2020-03-26,83,1,BOE-A-2020-4071,MINISTERIO DE ASUNTOS ECONÓMICOS Y TRANSFORMACIÓN DIGITAL,estatal,Resolución,26975,26982,"Resolución de 25 de marzo de 2020, de la Secretaría de Estado de Economía y Apoyo a la Empresa, por la que se publica el Acuerdo del Consejo de Ministros de 24 de marzo de 2020, por el que se autoriza bajo condición la adquisición de Bolsas y Mercados Españoles, SA, por SIX Group AG."
2020-03-26,84,1,BOE-A-2020-4126,MINISTERIO DE SANIDAD,estatal,Orden,27490,27491,"Orden SND/290/2020, de 26 de marzo, por la que se prorroga la Resolución INT/718/2020, de 12 de marzo de 2020, de la Generalitat de Cataluña, por la que se acuerda restringir la salida de las personas de los municipios de Igualada, Vilanova del Camí, Santa Margarida de Montbui y Òdena."
2020-03-27,85,1,BOE-A-2020-4127,MINISTERIO DE DEFENSA,estatal,Orden,27492,27493,"Orden DEF/291/2020, de 26 de marzo, por la que se establece la competencia para determinar las asignaturas de los currículos de la enseñanza de formación susceptibles de ser impartidos a distancia y se habilita a los Jefes de Estado Mayor de los Ejércitos y la Armada y al Subsecretario de Defensa, en el ámbito de sus competencias, a establecer, con criterios objetivos, el nivel mínimo a alcanzar en los diversos cursos académicos de formación para la verificación de los conocimientos alcanzados por los alumnos."
2020-03-27,85,1,BOE-A-2020-4128,"MINISTERIO DE TRANSPORTES, MOVILIDAD Y AGENDA URBANA",estatal,Orden,27494,27497,"Orden TMA/292/2020, de 26 de marzo, por la que se regula una segunda adquisición y distribución de mascarillas por parte del Ministerio de Transportes, Movilidad y Agenda Urbana."
2020-03-27,85,1,BOE-A-2020-4129,"MINISTERIO DE TRANSPORTES, MOVILIDAD Y AGENDA URBANA",estatal,Resolución,27498,27499,"Resolución de 26 de marzo de 2020, de la Dirección General de Transporte Terrestre, por la que se exceptúa temporalmente el cumplimiento de las normas de tiempos de conducción y descanso en los transportes de mercancías."
2020-03-27,85,1,BOE-A-2020-4130,MINISTERIO DE SANIDAD,estatal,Orden,27500,27501,"Orden SND/293/2020, de 25 de marzo, por la que se establecen condiciones a la dispensación y administración de medicamentos en el ámbito del Sistema Nacional de Salud, ante la situación de crisis sanitaria ocasionada por el COVID-19."
2020-03-28,86,1,BOE-A-2020-4152,JEFATURA DEL ESTADO,estatal,Real Decreto-ley,27548,27556,"Real Decreto-ley 9/2020, de 27 de marzo, por el que se adoptan medidas complementarias, en el ámbito laboral, para paliar los efectos derivados del COVID-19."
2020-03-28,86,1,BOE-A-2020-4153,CORTES GENERALES,estatal,Resolución,27557,27557,"Resolución de 25 de marzo de 2020, del Congreso de los Diputados, por la que se ordena la publicación del Acuerdo de autorización de la prórroga del estado de alarma declarado por el Real Decreto 463/2020, de 14 de marzo."
2020-03-28,86,1,BOE-A-2020-4154,MINISTERIO DE HACIENDA,estatal,Resolución,27558,27559,"Resolución de 27 de marzo de 2020, de la Presidencia del Comisionado para el Mercado de Tabacos, por la que se publican los precios de venta al público de determinadas labores de tabaco en Expendedurías de Tabaco y Timbre del área de Península e Illes Balears."
2020-03-28,86,1,BOE-A-2020-4155,"MINISTERIO DE LA PRESIDENCIA, RELACIONES CON LAS CORTES Y MEMORIA DEMOCRÁTICA",estatal,Real Decreto,27560,27561,"Real Decreto 476/2020, de 27 de marzo, por el que se prorroga el estado de alarma declarado por el Real Decreto 463/2020, de 14 de marzo, por el que se declara el estado de alarma para la gestión de la situación de crisis sanitaria ocasionada por el COVID-19."
2020-03-28,86,1,BOE-A-2020-4156,MINISTERIO DE SANIDAD,estatal,Orden,27562,27565,"Orden SND/295/2020, de 26 de marzo, por la que se adoptan medidas en materia de recursos humanos en el ámbito de los servicios sociales ante la situación de crisis ocasionada por el COVID-19."
2020-03-28,86,1,BOE-A-2020-4157,MINISTERIO DE SANIDAD,estatal,Orden,27566,27567,"Orden SND/296/2020, de 27 de marzo, por la que se establecen medidas excepcionales para el traslado de cadáveres ante la situación de crisis sanitaria ocasionada por el COVID-19."
2020-03-29,87,1,BOE-A-2020-4166,JEFATURA DEL ESTADO,estatal,Real Decreto-ley,27629,27636,"Real Decreto-ley 10/2020, de 29 de marzo, por el que se regula un permiso retribuido recuperable para las personas trabajadoras por cuenta ajena que no presten servicios esenciales, con el fin de reducir la movilidad de la población en el contexto de la lucha contra el COVID-19."
2020-03-30,88,1,BOE-A-2020-4167,CORTES GENERALES,estatal,Resolución,27637,27637,"Resolución de 25 de marzo de 2020, del Congreso de los Diputados, por la que se ordena la publicación del Acuerdo de convalidación del Real Decreto-ley 8/2020, de 17 de marzo, de medidas urgentes extraordinarias para hacer frente al impacto económico y social del COVID-19."
2020-03-30,88,1,BOE-A-2020-4168,CORTES GENERALES,estatal,Resolución,27638,27638,"Resolución de 25 de marzo de 2020, del Congreso de los Diputados, por la que se ordena la publicación del Acuerdo de convalidación del Real Decreto-ley 4/2020, de 18 de febrero, por el que se deroga el despido objetivo por faltas de asistencia al trabajo establecido en el artículo 52.d) del texto refundido de la Ley del Estatuto de los Trabajadores, aprobado por el Real Decreto Legislativo 2/2015, de 23 de octubre."
2020-03-30,88,1,BOE-A-2020-4169,CORTES GENERALES,estatal,Resolución,27639,27639,"Resolución de 25 de marzo de 2020, del Congreso de los Diputados, por la que se ordena la publicación del Acuerdo de convalidación del Real Decreto-ley 5/2020, de 25 de febrero, por el que se adoptan determinadas medidas urgentes en materia de agricultura y alimentación."
2020-03-30,88,1,BOE-A-2020-4170,CORTES GENERALES,estatal,Resolución,27640,27640,"Resolución de 25 de marzo de 2020, del Congreso de los Diputados, por la que se ordena la publicación del Acuerdo de convalidación del Real Decreto-ley 6/2020, de 10 de marzo, por el que se adoptan determinadas medidas urgentes en el ámbito económico y para la protección de la salud pública."
2020-03-30,88,1,BOE-A-2020-4171,CORTES GENERALES,estatal,Resolución,27641,27641,"Resolución de 25 de marzo de 2020, del Congreso de los Diputados, por la que se ordena la publicación del Acuerdo de convalidación del Real Decreto-ley 7/2020, de 12 de marzo, por el que se adoptan medidas urgentes para responder al impacto económico del COVID-19."
2020-03-30,88,1,BOE-A-2020-4172,MINISTERIO PARA LA TRANSICIÓN ECOLÓGICA Y EL RETO DEMOGRÁFICO,estatal,Resolución,27642,27644,"Resolución de 25 de marzo de 2020, de la Secretaría de Estado de Energía, para la aplicación de la Orden TEC/1259/2019, de 20 de diciembre, por la que se establecen la retribución de la actividad de almacenamiento subterráneo básico y los peajes y cánones asociados al acceso de terceros a las instalaciones gasistas para el año 2020."
2020-03-30,88,1,BOE-A-2020-4173,MINISTERIO DE SANIDAD,estatal,Orden,27645,27647,"Orden SND/298/2020, de 29 de marzo, por la que se establecen medidas excepcionales en relación con los velatorios y ceremonias fúnebres para limitar la propagación y el contagio por el COVID-19."
2020-03-30,88,1,BOE-A-2020-4174,MINISTERIO DE SANIDAD,estatal,Orden,27648,27650,"Orden SND/299/2020, de 27 de marzo, por la que se modifica la Orden SND/232/2020, de 15 de marzo, por la que se adoptan medidas en materia de recursos humanos y medios para la gestión de la situación de crisis sanitaria ocasionada por el COVID-19."
2020-03-30,89,1,BOE-A-2020-4194,"MINISTERIO DE TRANSPORTES, MOVILIDAD Y AGENDA URBANA",estatal,Orden,27834,27845,"Orden TMA/305/2020, de 30 de marzo, por la que se modifica el anexo de la Orden TMA/277/2020, de 23 de marzo, por la que se declaran servicios esenciales a determinados alojamientos turísticos y se adoptan disposiciones complementarias."
2020-03-30,89,1,BOE-A-2020-4195,"MINISTERIO DE TRANSPORTES, MOVILIDAD Y AGENDA URBANA",estatal,Orden,27846,27847,"Orden TMA/306/2020, de 30 de marzo, por la que se dictan instrucciones sobre reducción de servicios de transporte de viajeros durante la vigencia del Real Decreto-ley 10/2020."
2020-03-30,89,1,BOE-A-2020-4196,MINISTERIO DE SANIDAD,estatal,Orden,27848,27850,"Orden SND/307/2020, 30 de marzo, por la que se establecen los criterios interpretativos para la aplicación del Real Decreto-ley 10/2020, de 29 de marzo, y el modelo de declaración responsable para facilitar los trayectos necesarios entre el lugar de residencia y de trabajo."
2020-03-31,90,1,BOE-A-2020-4197,JEFATURA DEL ESTADO,estatal,Otras,27851,27853,"Instrumento de ratificación del Protocolo al Tratado del Atlántico Norte sobre la adhesión de la República de Macedonia del Norte, hecho en Bruselas el 6 de febrero de 2019."
2020-03-31,90,1,BOE-A-2020-4198,"MINISTERIO DE TRANSPORTES, MOVILIDAD Y AGENDA URBANA",estatal,Resolución,27854,27856,"Resolución de 27 de marzo de 2020, de la Dirección General de Aviación Civil, por la que se establecen las condiciones para la prestación, y se adjudica de forma directa, el servicio de transporte aéreo en determinadas rutas aéreas del Archipiélago Canario durante el estado de alarma declarado con motivo del COVID-19."
2020-03-31,90,1,BOE-A-2020-4199,"MINISTERIO DE TRANSPORTES, MOVILIDAD Y AGENDA URBANA",estatal,Resolución,27857,27859,"Resolución de 27 de marzo 2020, de la Dirección General de Aviación Civil, por la que se modifica la duración, y se prorroga la adjudicación, del servicio de transporte aéreo en las rutas aéreas Palma de Mallorca-Menorca y Palma de Mallorca-Ibiza durante el estado de alarma declarado con motivo del COVID-19."
2020-04-01,91,1,BOE-A-2020-4208,JEFATURA DEL ESTADO,estatal,Real Decreto-ley,27885,27972,"Real Decreto-ley 11/2020, de 31 de marzo, por el que se adoptan medidas urgentes complementarias en el ámbito social y económico para hacer frente al COVID-19."
2020-04-01,91,1,BOE-A-2020-4209,JEFATURA DEL ESTADO,estatal,Real Decreto-ley,27973,27980,"Real Decreto-ley 12/2020, de 31 de marzo, de medidas urgentes en materia de protección y asistencia a las víctimas de violencia de género."
2020-04-01,91,1,BOE-A-2020-4210,"MINISTERIO DE TRANSPORTES, MOVILIDAD Y AGENDA URBANA",estatal,Orden,27981,27983,"Orden TMA/309/2020, de 31 de marzo, por la que se modifica la Orden TMA/258/2020, de 19 de marzo, por la que se dictan disposiciones respecto de los títulos administrativos y las actividades inspectoras de la administración marítima, al amparo del Real Decreto 463/2020, de 14 de marzo, por el que se declara el estado de alarma para la gestión de la situación de crisis sanitaria ocasionada por el COVID-19."
2020-04-01,91,1,BOE-A-2020-4211,MINISTERIO DE SANIDAD,estatal,Orden,27984,27987,"Orden SND/310/2020, de 31 de marzo, por la que se establecen como servicios esenciales determinados centros, servicios y establecimientos sanitarios."
2020-04-02,92,1,BOE-A-2020-4231,"MINISTERIO DE TRANSPORTES, MOVILIDAD Y AGENDA URBANA",estatal,Orden,28058,28061,"Orden TMA/311/2020, de 1 de abril, por la que se disponen medidas para la gestión del mantenimiento de los vehículos ferroviarios en la situación de crisis sanitaria ocasionada por el COVID-19."
2020-04-03,93,1,BOE-A-2020-4259,MINISTERIO DEL INTERIOR,estatal,Orden,28183,28185,"Orden INT/316/2020, de 2 de abril, por la que se adoptan medidas en materia de armas, ejercicios de tiro de personal de seguridad privada, artículos pirotécnicos y cartuchería, y explosivos, en aplicación del Real Decreto 463/2020, de 14 de marzo, por el que se declara el estado de alarma para la gestión de la situación de crisis sanitaria ocasionada por el COVID-19."
2020-04-03,93,1,BOE-A-2020-4260,MINISTERIO DEL INTERIOR,estatal,Orden,28186,28188,"Orden INT/317/2020, de 2 de abril, por la que se desarrolla el Real Decreto 463/2020, de 14 de marzo, por el que se declara el estado de alarma para la gestión de la situación de crisis sanitaria ocasionada por el COVID-19, en materia de matriculación y cambio de titularidad de determinados vehículos."
2020-04-03,93,1,BOE-A-2020-4261,"MINISTERIO DE TRANSPORTES, MOVILIDAD Y AGENDA URBANA",estatal,Orden,28189,28190,"Orden TMA/318/2020, de 2 de abril, por la que se disponen medidas excepcionales en la aplicación de la Orden FOM/2872/2010, de 5 de noviembre, en relación con las habilitaciones de maquinistas, durante la situación de crisis sanitaria ocasionada por el COVID-19."
2020-04-03,93,1,BOE-A-2020-4262,"MINISTERIO DE TRANSPORTES, MOVILIDAD Y AGENDA URBANA",estatal,Resolución,28191,28195,"Resolución de 2 de abril de 2020, de la Dirección General de Transporte Terrestre, por la que se dictan instrucciones para la distribución de las mascarillas en el ámbito del transporte terrestre."
2020-04-03,93,1,BOE-A-2020-4263,"MINISTERIO DE AGRICULTURA, PESCA Y ALIMENTACIÓN",estatal,Real Decreto,28196,28203,"Real Decreto 427/2020, de 3 de marzo, por el que se establecen los requisitos y el procedimiento para el reconocimiento de las lonjas de productos agropecuarios como ""Lonjas de referencia"", y de sus asociaciones, y se crea el Registro nacional de lonjas de referencia y sus asociaciones."
2020-04-03,93,1,BOE-A-2020-4264,"MINISTERIO DE AGRICULTURA, PESCA Y ALIMENTACIÓN",estatal,Real Decreto,28204,28215,"Real Decreto 428/2020, de 3 de marzo, por el que se modifica el Real Decreto 929/1995, de 9 de junio, por el que se aprueba el Reglamento técnico de control y certificación de plantas de vivero de frutales, en lo que respecta al color de la etiqueta de materiales de multiplicación y plantones de frutales y al contenido del documento del proveedor."
2020-04-03,93,1,BOE-A-2020-4265,MINISTERIO DE SANIDAD,estatal,Orden,28216,28219,"Orden SND/319/2020, de 1 de abril, por la que se modifica la Orden SND/232/2020, de 15 de marzo, por la que se adoptan medidas en materia de recursos humanos y medios para la gestión de la situación de crisis sanitaria ocasionada por el COVID-19."
2020-04-03,93,1,BOE-A-2020-4266,COMISIÓN NACIONAL DE LOS MERCADOS Y LA COMPETENCIA,estatal,Instrucción o circular,28220,28236,"Circular 4/2020, de 31 de marzo, de la Comisión Nacional de los Mercados y la Competencia, por la que se establece la metodología de retribución de la distribución de gas natural."
2020-04-04,94,1,BOE-A-2020-4292,MINISTERIO PARA LA TRANSICIÓN ECOLÓGICA Y EL RETO DEMOGRÁFICO,estatal,Orden,28307,28313,"Orden TED/320/2020, de 3 de abril, por la que se desarrollan determinados aspectos del derecho a percepción del bono social por parte de trabajadores autónomos que hayan cesado su actividad o hayan visto reducida su facturación como consecuencia del COVID-19 y se modifica el modelo de solicitud del bono social para trabajadores autónomos que hayan visto afectada su actividad como consecuencia del COVID-19, establecido en el Anexo IV del Real Decreto-ley 11/2020, de 31 de marzo, por el que se adoptan medidas urgentes complementarias en el ámbito social y económico para hacer frente al COVID-19."
2020-04-04,94,1,BOE-A-2020-4293,MINISTERIO DE ASUNTOS ECONÓMICOS Y TRANSFORMACIÓN DIGITAL,estatal,Resolución,28314,28316,"Resolución de 3 de abril de 2020, de la Secretaría General del Tesoro y Financiación Internacional, por la que se actualiza el Anexo 1 incluido en la Resolución de 4 de julio de 2017, de la Secretaría General del Tesoro y Política Financiera, por la que se define el principio de prudencia financiera aplicable a las operaciones de endeudamiento y derivados de las comunidades autónomas y entidades locales."
2020-04-04,94,1,BOE-A-2020-4294,MINISTERIO DE SANIDAD,estatal,Orden,28317,28319,"Orden SND/321/2020, de 3 de abril, por la que se establecen medidas especiales para el uso de bioetanol en la fabricación de soluciones y geles hidroalcohólicos para la desinfección de manos con ocasión de las crisis sanitaria ocasionada por el COVID-19."
2020-04-04,95,1,BOE-A-2020-4300,MINISTERIO DE SANIDAD,estatal,Orden,28338,28343,"Orden SND/322/2020, de 3 de abril, por la que se modifican la Orden SND/275/2020, de 23 de marzo y la Orden SND/295/2020, de 26 de marzo, y se establecen nuevas medidas para atender necesidades urgentes de carácter social o sanitario en el ámbito de la situación de la crisis sanitaria ocasionada por el COVID-19."
2020-04-06,96,1,BOE-A-2020-4301,MINISTERIO DE HACIENDA,estatal,Resolución,28344,28351,"Resolución de 2 de abril de 2020, de la Intervención General de la Administración del Estado, por la que se establecen las instrucciones a las que habrán de ajustarse el contenido, estructura y formato del informe resumen, así como la solicitud del informe previo a la resolución de discrepancias y la remisión de información contable e informes de auditoría de cuentas anuales de las entidades del sector público local."
2020-04-06,96,1,BOE-A-2020-4302,MINISTERIO DE SANIDAD,estatal,Orden,28352,28353,"Orden SND/323/2020, de 5 de abril, por la que se dejan sin efectos las restricciones previstas en la Orden SND/290/2020, de 26 de marzo, por la que se prorroga la Resolución INT/718/2020, de 12 de marzo de 2020, de la Generalitat de Cataluña, por la que se acuerda restringir la salida de las personas de los municipios de Igualada, Vilanova del Camí, Santa Margarida de Montbui y Òdena."
2020-04-07,97,1,BOE-A-2020-4320,"MINISTERIO DE TRANSPORTES, MOVILIDAD Y AGENDA URBANA",estatal,Orden,28411,28412,"Orden TMA/324/2020, de 6 de abril, por la que se dictan instrucciones sobre la utilización de las tarjetas de tacógrafo de conductor y empresa."
2020-04-07,97,1,BOE-A-2020-4321,MINISTERIO DE SANIDAD,estatal,Orden,28413,28414,"Orden SND/325/2020, de 6 de abril, por la que se establecen criterios interpretativos y se prorroga la validez de los certificados de verificaciones y mantenimientos preventivos establecidos en la regulación de seguridad industrial y metrológica."
2020-04-07,97,1,BOE-A-2020-4322,MINISTERIO DE SANIDAD,estatal,Orden,28415,28417,"Orden SND/326/2020, de 6 de abril, por la que se establecen medidas especiales para el otorgamiento de licencias previas de funcionamiento de instalaciones y para la puesta en funcionamiento de determinados productos sanitarios sin marcado CE con ocasión de la crisis sanitaria ocasionada por el COVID-19."
2020-04-08,98,1,BOE-A-2020-4332,JEFATURA DEL ESTADO,estatal,Real Decreto-ley,28524,28542,"Real Decreto-ley 13/2020, de 7 de abril, por el que se adoptan determinadas medidas urgentes en materia de empleo agrario."
2020-04-08,98,1,BOE-A-2020-4333,"MINISTERIO DE TRANSPORTES, MOVILIDAD Y AGENDA URBANA",estatal,Resolución,28543,28545,"Resolución de 2 de abril de 2020, de la Dirección de la Agencia Estatal de Seguridad Aérea, por la que se emite exención, de conformidad con lo establecido en el artículo 71 del Reglamento (UE) 2018/1139, para la emisión de los certificados de revisión de aeronavegabilidad, así como para la finalización de la formación de tipo y OJT necesarios para la inclusión de una habilitación de tipo en una licencia de técnico de mantenimiento de aeronaves, en relación con la situación creada por la crisis global del coronavirus COVID-19."
2020-04-09,99,1,BOE-A-2020-4377,JEFATURA DEL ESTADO,estatal,Corrección,28728,28728,"Corrección de errores del Real Decreto-ley 11/2020, de 31 de marzo, por el que se adoptan medidas urgentes complementarias en el ámbito social y económico para hacer frente al COVID-19."
2020-04-09,99,1,BOE-A-2020-4378,MINISTERIO DE HACIENDA,estatal,Orden,28729,28761,"Orden HAC/329/2020, de 6 de abril, por la que se reducen para el período impositivo 2019 los índices de rendimiento neto aplicables en el método de estimación objetiva del Impuesto sobre la Renta de las Personas Físicas para las actividades agrícolas y ganaderas afectadas por diversas circunstancias excepcionales."
2020-04-09,99,1,BOE-A-2020-4379,"MINISTERIO DE TRANSPORTES, MOVILIDAD Y AGENDA URBANA",estatal,Orden,28762,28763,"Orden TMA/330/2020, de 8 de abril, por la que se prorroga la prohibición de entrada de buques de pasaje procedentes de la República Italiana y de cruceros de cualquier origen con destino a puertos españoles para limitar la propagación y el contagio por el COVID-19."
2020-04-09,99,1,BOE-A-2020-4380,"MINISTERIO DE INCLUSIÓN, SEGURIDAD SOCIAL Y MIGRACIONES",estatal,Resolución,28764,28766,"Resolución de 6 de abril de 2020, de la Tesorería General de la Seguridad Social, por la que se modifican cuantías en materia de aplazamientos en el pago de deudas con la Seguridad Social, fijadas en la Resolución de 16 de julio de 2004, sobre determinación de funciones en materia de gestión recaudatoria de la Seguridad Social; y en el Reglamento General de Recaudación de la Seguridad Social, aprobado por el Real Decreto 1415/2004, de 11 de junio."
2020-04-09,99,1,BOE-A-2020-4381,COMUNIDAD FORAL DE NAVARRA,autonómico,Decreto-ley,28767,28775,"Decreto-ley Foral 1/2020, de 18 de marzo, por el que se aprueban medidas urgentes para responder al impacto generado por la crisis sanitaria del coronavirus (COVID-19)."
2020-04-09,99,1,BOE-A-2020-4382,COMUNIDAD FORAL DE NAVARRA,autonómico,Decreto-ley,28776,28787,"Decreto-ley Foral 2/2020, de 25 de marzo, por el que se aprueban medidas urgentes para responder al impacto generado por la crisis sanitaria del coronavirus (COVID-19)."
2020-04-10,100,1,BOE-A-2020-4397,"MINISTERIO DE ASUNTOS EXTERIORES, UNIÓN EUROPEA Y COOPERACIÓN",estatal,Tratado o acuerdo internacional,28821,28824,"Acuerdo Multilateral M317 en virtud de la sección 1.5. del Acuerdo europeo sobre transporte internacional de mercancías peligrosas por carretera (ADR), relativo al transporte de desechos médicos sólidos o clínicos, Categoría A, hecho en Madrid el 23 de marzo de 2020."
2020-04-10,100,1,BOE-A-2020-4398,"MINISTERIO DE ASUNTOS EXTERIORES, UNIÓN EUROPEA Y COOPERACIÓN",estatal,Tratado o acuerdo internacional,28825,28825,"Acuerdo Multilateral M324 en virtud de la sección 1.5.1 del Acuerdo europeo sobre transporte internacional de mercancías peligrosas por carretera (ADR) relativo a los certificados de formación de los conductores de conformidad con el punto 8.2.2.8.2 del ADR y los certificados de consejeros de seguridad de conformidad con el punto 1.8.3.7 del ADR, hecho en Madrid el 23 de marzo de 2020."
2020-04-10,100,1,BOE-A-2020-4399,"MINISTERIO DE ASUNTOS EXTERIORES, UNIÓN EUROPEA Y COOPERACIÓN",estatal,Tratado o acuerdo internacional,28826,28826,"Acuerdo Multilateral M325 en virtud de la sección 1.5.1 del Acuerdo europeo sobre transporte internacional de mercancías peligrosas por carretera (ADR), relativo a inspecciones periódicas o intermedias de cisternas de conformidad con los apartados 6.8.2.4.2, 6.8.2.4.3, 6.8.3.4.6, 6.8.3.4.12, 6.9.5.2 y 6.10.4 del ADR, y los certificados de aprobación para vehículos de conformidad con el apartado 9.1.3.4 del ADR, hecho en Madrid el 23 de marzo de 2020."
2020-04-10,100,1,BOE-A-2020-4400,"MINISTERIO DE ASUNTOS EXTERIORES, UNIÓN EUROPEA Y COOPERACIÓN",estatal,Tratado o acuerdo internacional,28827,28827,"Acuerdo Multilateral RID 1/2020 en virtud de la Sección 1.5.1 del Reglamento del Transporte Internacional de Mercancías Peligrosas por Ferrocarril (RID), relativo a los certificados de consejeros de seguridad de conformidad con el punto 1.8.3.7 del RID, hecho en Madrid el 25 de marzo de 2020."
2020-04-10,100,1,BOE-A-2020-4401,"MINISTERIO DE ASUNTOS EXTERIORES, UNIÓN EUROPEA Y COOPERACIÓN",estatal,Tratado o acuerdo internacional,28828,28828,"Acuerdo Multilateral RID 2/2020 en virtud de la Sección 1.5.1 del Reglamento del Transporte Internacional de Mercancías Peligrosas por Ferrocarril (RID), relativo a inspecciones periódicas o intermedias de cisternas de conformidad con los apartados 6.8.2.4.2, 6.8.2.4.3, 6.8.3.4.6, 6.8.3.4.12, 6.9.5.2 y 6.10.4 del RID, hecho en Madrid el 25 de marzo de 2020."
2020-04-10,100,1,BOE-A-2020-4402,COMUNIDAD AUTÓNOMA DEL PRINCIPADO DE ASTURIAS,autonómico,Corrección,28829,28829,"Corrección de errores de la Ley 8/2019, de 30 de diciembre, de Presupuestos Generales para 2020."
2020-04-11,101,1,BOE-A-2020-4406,CORTES GENERALES,estatal,Resolución,28840,28840,"Resolución de 9 de abril de 2020, del Congreso de los Diputados, por la que se ordena la publicación del Acuerdo de autorización de la prórroga del estado de alarma declarado por el Real Decreto 463/2020, de 14 de marzo."
2020-04-11,101,1,BOE-A-2020-4407,"MINISTERIO DE ASUNTOS EXTERIORES, UNIÓN EUROPEA Y COOPERACIÓN",estatal,Tratado o acuerdo internacional,28841,28842,"Acuerdo Especial Multilateral RID 3/2020 en virtud de la Sección 1.5.1 del Reglamento del Transporte Internacional de Mercancías Peligrosas por Ferrocarril (RID), relativo a la inspección periódica y ensayo de recipientes a presión para el transporte de gases de la Clase 2, hecho en Madrid el 2 de abril de 2020."
2020-04-11,101,1,BOE-A-2020-4408,"MINISTERIO DE ASUNTOS EXTERIORES, UNIÓN EUROPEA Y COOPERACIÓN",estatal,Tratado o acuerdo internacional,28843,28843,"Acuerdo Especial Multilateral RID 4/2020 en virtud de la Sección 1.5.1 del Reglamento del Transporte Internacional de Mercancías Peligrosas por Ferrocarril (RID), sobre inspecciones periódicas o intermedias de cisternas portátiles y contenedores de gas de elementos múltiples (CGEM) certificados ""UN"" de acuerdo con los apartados 6.7.2.19.2, 6.7.3.15.2, 6.7.4.14.2 y 6.7.5.12.2 del RID, hecho en Madrid el 2 de abril de 2020."
2020-04-11,101,1,BOE-A-2020-4409,"MINISTERIO DE ASUNTOS EXTERIORES, UNIÓN EUROPEA Y COOPERACIÓN",estatal,Tratado o acuerdo internacional,28844,28845,"Acuerdo Multilateral M326 en virtud de la sección 1.5.1 del Acuerdo europeo sobre transporte internacional de mercancías peligrosas por carretera (ADR), relativo a la inspección periódica y ensayo de recipientes a presión del transporte de gases de la Clase 2, hecho en Madrid el 2 de abril de 2020."
2020-04-11,101,1,BOE-A-2020-4410,"MINISTERIO DE ASUNTOS EXTERIORES, UNIÓN EUROPEA Y COOPERACIÓN",estatal,Tratado o acuerdo internacional,28846,28846,"Acuerdo Multilateral M327 bajo la sección 1.5.1 del Acuerdo europeo sobre transporte internacional de mercancías peligrosas por carretera (ADR), sobre inspecciones periódicas o intermedias de cisternas portátiles y contenedores de gas de elementos múltiples (CGEM) certificados ""UN"" de acuerdo con los apartados 6.7.2.19.2, 6.7.3.15.2, 6.7.4.14.2 y 6.7.5.12.2 del ADR, hecho en Madrid el 2 de abril de 2020."
2020-04-11,101,1,BOE-A-2020-4411,MINISTERIO DEL INTERIOR,estatal,Orden,28847,28848,"Orden INT/335/2020, de 10 de abril, por la que se prorrogan los controles en las fronteras interiores terrestres restablecidos con motivo de la situación de crisis sanitaria ocasionada por el COVID-19."
2020-04-11,101,1,BOE-A-2020-4412,"MINISTERIO DE TRANSPORTES, MOVILIDAD Y AGENDA URBANA",estatal,Orden,28849,28857,"Orden TMA/336/2020, de 9 de abril, por la que se incorpora, sustituye y modifican sendos programas de ayuda del Plan Estatal de Vivienda 2018-2021, en cumplimiento de lo dispuesto en los artículos 10, 11 y 12 del Real Decreto-ley 11/2020, de 31 de marzo, por el que se adoptan medidas urgentes complementarias en el ámbito social y económico para hacer frente al COVID-19."
2020-04-11,101,1,BOE-A-2020-4413,"MINISTERIO DE LA PRESIDENCIA, RELACIONES CON LAS CORTES Y MEMORIA DEMOCRÁTICA",estatal,Real Decreto,28858,28861,"Real Decreto 487/2020, de 10 de abril, por el que se prorroga el estado de alarma declarado por el Real Decreto 463/2020, de 14 de marzo, por el que se declara el estado de alarma para la gestión de la situación de crisis sanitaria ocasionada por el COVID-19."
2020-04-11,101,1,BOE-A-2020-4414,MINISTERIO DE ASUNTOS ECONÓMICOS Y TRANSFORMACIÓN DIGITAL,estatal,Resolución,28862,28864,"Resolución de 10 de abril de 2020, de la Secretaría de Estado de Economía y Apoyo a la Empresa, por la que se publica el Acuerdo del Consejo de Ministros de 10 de abril de 2020, por el que se instruye al Instituto de Crédito Oficial a poner en marcha el segundo tramo de la línea de avales aprobada por el Real Decreto-ley 8/2020, de 17 de marzo, y se establece que sus beneficiarios sean las pequeñas y medianas empresas y autónomos afectados por las consecuencias económicas del COVID-19."
2020-04-11,101,1,BOE-A-2020-4415,MINISTERIO DE SANIDAD,estatal,Orden,28865,28870,"Orden SND/337/2020, de 9 de abril, por la que se establecen las medidas necesarias para garantizar el cumplimiento de los servicios esenciales para la distribución al por menor de carburantes y combustibles en estaciones de servicio y postes marítimos, como consecuencia de la declaración del estado de alarma por el Real Decreto 463/2020, de 14 de marzo, para la gestión de la crisis sanitaria ocasionada por el COVID-19."
2020-04-11,101,1,BOE-A-2020-4416,MINISTERIO DE SANIDAD,estatal,Resolución,28871,28872,"Resolución de 9 de abril de 2020, de la Agencia Española de Medicamentos y Productos Sanitarios, por la que se actualiza el Anexo de la Orden SND/321/2020, de 3 de abril, por la que se establecen medidas especiales para el uso de bioetanol en la fabricación de soluciones y geles hidroalcohólicos para la desinfección de manos con ocasión de las crisis sanitaria ocasionada por el COVID-19."
2020-04-12,102,1,BOE-A-2020-4423,MINISTERIO DE SANIDAD,estatal,Orden,28906,28907,"Orden SND/339/2020, de 12 de abril, por la que se dejan sin efecto las restricciones previstas en la Resolución de 13 de marzo de 2020, del Vicepresidente Segundo y Consejero de Sanidad y Servicios Sociales de la Junta de Extremadura por la que se acuerdan medidas preventivas en materia de salud pública en relación con el municipio del Arroyo de la Luz."
2020-04-12,102,1,BOE-A-2020-4424,MINISTERIO DE SANIDAD,estatal,Orden,28908,28909,"Orden SND/340/2020, de 12 de abril, por la que se suspenden determinadas actividades relacionadas con obras de intervención en edificios existentes en las que exista riesgo de contagio por el COVID-19 para personas no relacionadas con dicha actividad."
2020-04-13,103,1,BOE-A-2020-4425,CORTES GENERALES,estatal,Resolución,28910,28910,"Resolución de 9 de abril de 2020, del Congreso de los Diputados, por la que se ordena la publicación del Acuerdo de convalidación del Real Decreto-ley 9/2020, de 27 de marzo, por el que se adoptan medidas complementarias, en el ámbito laboral, para paliar los efectos derivados del COVID-19."
2020-04-13,103,1,BOE-A-2020-4426,CORTES GENERALES,estatal,Resolución,28911,28911,"Resolución de 9 de abril de 2020, del Congreso de los Diputados, por la que se ordena la publicación del Acuerdo de convalidación del Real Decreto-ley 10/2020, de 29 de marzo, por el que se regula un permiso retribuido recuperable para las personas trabajadoras por cuenta ajena que no presten servicios esenciales, con el fin de reducir la movilidad de la población en el contexto de la lucha contra el COVID-19."
2020-04-13,103,1,BOE-A-2020-4427,CORTES GENERALES,estatal,Resolución,28912,28912,"Resolución de 9 de abril de 2020, del Congreso de los Diputados, por la que se ordena la publicación del Acuerdo de convalidación del Real Decreto-ley 11/2020, de 31 de marzo, por el que se adoptan medidas urgentes complementarias en el ámbito social y económico para hacer frente al COVID-19."
2020-04-14,104,1,BOE-A-2020-4441,"MINISTERIO DE INDUSTRIA, COMERCIO Y TURISMO",estatal,Orden,28953,28955,"Orden ICT/343/2020, de 6 de abril, por la que se aprueban las primas aplicables a la línea de circulante de la Compañía Española de Seguros de Crédito a la Exportación, SA, en el contexto de los efectos del COVID-19."
2020-04-14,104,1,BOE-A-2020-4442,MINISTERIO DE SANIDAD,estatal,Orden,28956,28958,"Orden SND/344/2020, de 13 de abril, por la que se establecen medidas excepcionales para el refuerzo del Sistema Nacional de Salud y la contención de la crisis sanitaria ocasionada por el COVID-19."
2020-04-15,105,1,BOE-A-2020-4448,JEFATURA DEL ESTADO,estatal,Real Decreto-ley,28966,28970,"Real Decreto-ley 14/2020, de 14 de abril, por el que se extiende el plazo para la presentación e ingreso de determinadas declaraciones y autoliquidaciones tributarias."
2020-04-15,105,1,BOE-A-2020-4449,MINISTERIO DE POLÍTICA TERRITORIAL Y FUNCIÓN PÚBLICA,estatal,Resolución,28971,28973,"Resolución de 13 de abril de 2020, de la Mutualidad General de Funcionarios Civiles del Estado, por la que se garantiza durante el estado de alarma la continuidad del abono del subsidio por incapacidad temporal, riesgo durante el embarazo y riesgo durante la lactancia natural de los mutualistas."
2020-04-16,106,1,BOE-A-2020-4468,"MINISTERIO DE TRANSPORTES, MOVILIDAD Y AGENDA URBANA",estatal,Resolución,29014,29015,"Resolución de 8 de abril de 2020, de la Dirección General de Aviación Civil, por la que se modifica la duración y se prorroga la adjudicación del servicio de transporte aéreo en las rutas aéreas Palma de Mallorca-Menorca y Palma de Mallorca-Ibiza durante el estado de alarma declarado con motivo del COVID-19."
2020-04-16,106,1,BOE-A-2020-4469,"MINISTERIO DE TRANSPORTES, MOVILIDAD Y AGENDA URBANA",estatal,Resolución,29016,29019,"Resolución de 10 de abril de 2020, de la Dirección General de Aviación Civil, por la que se establecen las condiciones para la prestación, y la adjudicación de forma directa, del servicio de transporte aéreo en determinadas rutas aéreas del Archipiélago Canario durante el estado de alarma declarado con motivo del COVID-19."
2020-04-16,106,1,BOE-A-2020-4470,"MINISTERIO DE TRANSPORTES, MOVILIDAD Y AGENDA URBANA",estatal,Resolución,29020,29022,"Resolución de 14 de abril de 2020, de la Dirección General de Transporte Terrestre, complementaria de la Resolución de 2 de abril de 2020, por la que se dictan instrucciones para la distribución de las mascarillas en el ámbito del transporte terrestre."
2020-04-16,106,1,BOE-A-2020-4471,MINISTERIO DE SANIDAD,estatal,Orden,29023,29024,"Orden SND/346/2020, de 15 de abril, por la que se acuerda el inicio de plazos para realizar las evaluaciones y la fecha final de residencia o de año formativo de los profesionales sanitarios de formación sanitaria especializada."
2020-04-16,106,1,BOE-A-2020-4472,MINISTERIO DE SANIDAD,estatal,Orden,29025,29026,"Orden SND/347/2020, de 15 de abril, por la que se modifica la Orden SND/266/2020, de 19 de marzo, por la que se establecen determinadas medidas para asegurar el acceso a la prestación farmacéutica del Sistema Nacional de Salud al colectivo de los Regímenes Especiales de la Seguridad Social."
2020-04-16,106,1,BOE-A-2020-4473,COMUNIDAD AUTÓNOMA DE CASTILLA-LA MANCHA,autonómico,Ley,29027,29036,"Ley 1/2020, de 3 de febrero, del Tercer Sector Social de Castilla-La Mancha."
2020-04-16,106,1,BOE-A-2020-4474,COMUNIDAD AUTÓNOMA DE CASTILLA-LA MANCHA,autonómico,Ley,29037,29117,"Ley 2/2020, de 7 de febrero, de Evaluación Ambiental de Castilla-La Mancha."
2020-04-17,107,1,BOE-A-2020-4488,MINISTERIO DE HACIENDA,estatal,Resolución,29178,29192,"Resolución de 13 de abril de 2020, de la Intervención General de la Administración del Estado, por la que se modifica la de 1 de julio de 2011, por la que se aprueba la adaptación del Plan General de Contabilidad Pública a las entidades que integran el sistema de la Seguridad Social."
2020-04-17,107,1,BOE-A-2020-4489,"MINISTERIO DE AGRICULTURA, PESCA Y ALIMENTACIÓN",estatal,Orden,29193,29194,"Orden APA/349/2020, de 15 de abril, por la que se prorrogan las autorizaciones de los proyectos relativos al uso de animales con fines científicos concedidas en virtud del Real Decreto 53/2013, de 1 de febrero, por el que se establecen las normas básicas aplicables para la protección de los animales utilizados en experimentación y otros fines científicos, incluyendo la docencia."
2020-04-17,107,1,BOE-A-2020-4490,"MINISTERIO DE LA PRESIDENCIA, RELACIONES CON LAS CORTES Y MEMORIA DEMOCRÁTICA",estatal,Resolución,29195,29195,"Resolución de 15 de abril de 2020, de la Subsecretaría, por la que se modifica la dirección de acceso a la sede electrónica del Ministerio de la Presidencia, Relaciones con las Cortes y Memoria Democrática."
2020-04-17,107,1,BOE-A-2020-4491,MINISTERIO DE POLÍTICA TERRITORIAL Y FUNCIÓN PÚBLICA,estatal,Orden,29196,29197,"Orden TFP/350/2020, de 16 de abril, por la que se modifica la Orden TFP/2/2020, de 8 de enero, por la que se determina la fecha a partir de la cual será efectiva la obligación de relacionarse a través de medios electrónicos con la Oficina de Conflictos de Intereses en los procedimientos previstos en la Ley 3/2015, de 30 de marzo, reguladora del ejercicio del alto cargo de la Administración General del Estado y su Reglamento de desarrollo, aprobado por Real Decreto 1208/2018, de 28 de septiembre; y por la que se aprueban los modelos de declaraciones, comunicaciones y documentos electrónicos."
2020-04-17,107,1,BOE-A-2020-4492,MINISTERIO DE SANIDAD,estatal,Orden,29198,29199,"Orden SND/351/2020, de 16 de abril, por la que se autoriza a las Unidades NBQ de las Fuerzas Armadas y a la Unidad Militar de Emergencias a utilizar biocidas autorizados por el Ministerio de Sanidad en las labores de desinfección para hacer frente a la crisis sanitaria ocasionada por el COVID-19."
2020-04-17,107,1,BOE-A-2020-4493,MINISTERIO DE SANIDAD,estatal,Orden,29200,29204,"Orden SND/352/2020, de 16 de abril, por la que se modifica la Orden SND/234/2020, de 15 de marzo, sobre adopción de disposiciones y medidas de contención y remisión de información al Ministerio de Sanidad ante la situación de crisis sanitaria ocasionada por el COVID-19."
2020-04-17,107,1,BOE-A-2020-4494,MINISTERIO DE SANIDAD,estatal,Corrección,29205,29205,"Corrección de errores de la Orden SND/346/2020, de 15 de abril, por la que se acuerda el inicio de plazos para realizar las evaluaciones y la fecha final de residencia o de año formativo de los profesionales sanitarios de formación sanitaria especializada."
2020-04-18,108,1,BOE-A-2020-4516,MINISTERIO PARA LA TRANSICIÓN ECOLÓGICA Y EL RETO DEMOGRÁFICO,estatal,Resolución,29291,29292,"Resolución de 14 de abril de 2020, del Instituto para la Diversificación y Ahorro de la Energía, E.P.E., M.P., por la que se publica la Resolución de 6 de abril de 2020, del Consejo de Administración, por la que se amplía el presupuesto del Real Decreto 263/2019, de 12 de abril, por el que se regula el Programa de ayudas para actuaciones de eficiencia energética en PYME y gran empresa del sector industrial."
2020-04-18,108,1,BOE-A-2020-4517,MINISTERIO DE SANIDAD,estatal,Orden,29293,29304,"Orden SND/353/2020, de 17 de abril, por la que se actualiza el anexo I de la Orden SND/276/2020, de 23 de marzo, por la que se establecen obligaciones de suministro de información, abastecimiento y fabricación de determinados medicamentos en la situación de crisis sanitaria ocasionada por el COVID-19."
2020-04-19,109,1,BOE-A-2020-4525,MINISTERIO DE SANIDAD,estatal,Orden,29330,29334,"Orden SND/354/2020, de 19 de abril, por la que se establecen medidas excepcionales para garantizar el acceso de la población a los productos de uso recomendados como medidas higiénicas para la prevención de contagios por el COVID-19."
2020-04-20,110,1,BOE-A-2020-4526,MINISTERIO PARA LA TRANSICIÓN ECOLÓGICA Y EL RETO DEMOGRÁFICO,estatal,Resolución,29335,29337,"Resolución de 9 de abril de 2020, de la Dirección General de Política Energética y Minas, por la que se publican los nuevos precios de venta, antes de impuestos, de los gases licuados del petróleo por canalización."
2020-04-21,111,1,BOE-A-2020-4538,MINISTERIO DE HACIENDA,estatal,Resolución,29390,29391,"Resolución de 15 de abril de 2020, de la Dirección General de la Agencia Estatal de Administración Tributaria, por la que se modifica la de 11 de marzo de 2020, sobre asistencia a los obligados tributarios y ciudadanos en su identificación telemática ante las entidades colaboradoras, con ocasión del pago de deudas con tarjetas de crédito y de débito, mediante el sistema de firma no avanzada con clave de acceso en un registro previo (sistema Cl@VE PIN)."
2020-04-21,111,1,BOE-A-2020-4539,MINISTERIO DEL INTERIOR,estatal,Orden,29392,29394,"Orden INT/356/2020, de 20 de abril, por la que se prorrogan los criterios para la aplicación de una restricción temporal de viajes no imprescindibles desde terceros países a la Unión Europea y países asociados Schengen por razones de orden público y salud pública con motivo de la crisis sanitaria ocasionada por el COVID-19."
2020-04-21,111,1,BOE-A-2020-4540,COMUNIDAD FORAL DE NAVARRA,autonómico,Ley,29395,29403,"Ley Foral 6/2020, de 6 de abril, por la que se aprueban medidas urgentes para responder al impacto generado por la crisis sanitaria del coronavirus (COVID-19)"
2020-04-21,111,1,BOE-A-2020-4541,COMUNIDAD FORAL DE NAVARRA,autonómico,Ley,29404,29415,"Ley Foral 7/2020, de 6 de abril, por la que se aprueban medidas urgentes para responder al impacto generado por la crisis sanitaria del coronavirus (COVID-19)."
2020-04-21,111,1,BOE-A-2020-4542,COMUNIDAD FORAL DE NAVARRA,autonómico,Ley,29416,29418,"Ley Foral 8/2020, de 8 de abril, por la que se concede un suplemento de crédito para cubrir las necesidades derivadas de la adopción de medidas de carácter extraordinario y urgente por motivos de salud pública motivadas por el COVID-19."
2020-04-21,111,1,BOE-A-2020-4543,COMUNIDAD FORAL DE NAVARRA,autonómico,Ley,29419,29420,"Ley Foral 9/2020, de 8 de abril, por la que se concede un crédito extraordinario para cubrir las necesidades derivadas de la adopción de medidas de carácter extraordinario y urgente por motivos de salud pública motivadas por el COVID-19."
2020-04-21,111,1,BOE-A-2020-4544,COMUNIDAD FORAL DE NAVARRA,autonómico,Ley,29421,29422,"Ley Foral 10/2020, de 8 de abril, por la que se modifica la Ley Foral 5/2020, de 4 de marzo, de Presupuestos Generales de Navarra para el año 2020."
2020-04-22,112,1,BOE-A-2020-4554,JEFATURA DEL ESTADO,estatal,Real Decreto-ley,29473,29531,"Real Decreto-ley 15/2020, de 21 de abril, de medidas urgentes complementarias para apoyar la economía y el empleo."
2020-04-22,112,1,BOE-A-2020-4555,"MINISTERIO DE AGRICULTURA, PESCA Y ALIMENTACIÓN",estatal,Real Decreto,29532,29541,"Real Decreto 491/2020, de 21 de abril, por el que se modifica el Real Decreto 23/2016, de 22 de enero, por el que se establece el programa nacional de control y erradicación de Trioza erytreae, y el programa nacional de prevención de Diaphorina citri y Candidatus Liberibacter spp."
2020-04-22,112,1,BOE-A-2020-4556,COMUNIDAD AUTÓNOMA DE EXTREMADURA,autonómico,Decreto-ley,29542,29544,"Decreto-ley 1/2020, de 18 de marzo, por el que se establecen medidas liberalizadoras de los horarios de apertura de las actividades comerciales habilitadas por el Real Decreto 463/2020, de 14 de marzo, por el que se declara el estado de alarma para la gestión de la situación de crisis sanitaria ocasionado por el COVID-19."
2020-04-22,112,1,BOE-A-2020-4557,COMUNIDAD AUTÓNOMA DE EXTREMADURA,autonómico,Decreto-ley,29545,29548,"Decreto-ley 2/2020, de 25 de marzo, de medidas urgentes de carácter tributario para paliar los efectos del COVID-19 en la Comunidad Autónoma de Extremadura."
2020-04-22,112,1,BOE-A-2020-4558,COMUNIDAD AUTÓNOMA DE EXTREMADURA,autonómico,Decreto-ley,29549,29558,"Decreto-ley 3/2020, de 25 de marzo, por el que se aprueban medidas urgentes y extraordinarias en el ámbito administrativo para responder al impacto de la crisis ocasionada por el COVID-19."
2020-04-22,112,1,BOE-A-2020-4559,COMUNIDAD AUTÓNOMA DE EXTREMADURA,autonómico,Decreto-ley,29559,29562,"Decreto-ley 4/2020, de 1 de abril, por el que se adoptan medidas urgentes y extraordinarias en el ámbito de la contratación pública para responder al impacto de la crisis ocasionada por el COVID-19."
2020-04-22,112,1,BOE-A-2020-4560,COMUNIDAD AUTÓNOMA DE EXTREMADURA,autonómico,Decreto-ley,29563,29569,"Decreto-ley 5/2020, de 3 de abril, por el que se aprueban medidas urgentes y extraordinarias en materia de política social y sanitaria."
2020-04-23,113,1,BOE-A-2020-4573,"MINISTERIO DE TRANSPORTES, MOVILIDAD Y AGENDA URBANA",estatal,Orden,29608,29611,"Orden TMA/360/2020, de 22 de abril, por la que se establecen exenciones en determinados ámbitos de la normativa nacional de aviación civil en relación con la situación creada por la crisis global del coronavirus COVID-19."
2020-04-23,113,1,BOE-A-2020-4574,"MINISTERIO DE TRANSPORTES, MOVILIDAD Y AGENDA URBANA",estatal,Resolución,29612,29616,"Resolución de 7 de abril de 2020, de la Secretaría de Estado de Transportes, Movilidad y Agenda Urbana, por la que se publica el Acuerdo del Consejo de Ministros de 31 de marzo de 2020, por el que se revisan y modifican los tipos de interés efectivos anuales vigentes para los préstamos cualificados o convenidos concedidos en el marco del Programa 1996 del Plan de Vivienda 1996-1999, Plan de Vivienda 1998-2001, Plan de Vivienda 2002-2005 y Plan de Vivienda 2005-2008."
2020-04-23,113,1,BOE-A-2020-4575,MINISTERIO DE EDUCACIÓN Y FORMACIÓN PROFESIONAL,estatal,Orden,29617,29621,"Orden EFP/361/2020, de 21 de abril, por la que se adoptan medidas excepcionales en materia de flexibilización de las enseñanzas de Formación Profesional del Sistema Educativo y de las enseñanzas de Régimen Especial."
2020-04-23,113,1,BOE-A-2020-4576,"MINISTERIO DE LA PRESIDENCIA, RELACIONES CON LAS CORTES Y MEMORIA DEMOCRÁTICA",estatal,Orden,29622,29624,"Orden PCM/362/2020, de 22 de abril, por la que se modifica la Orden PCM/139/2020, de 17 de febrero, por la que se determinan las características, el diseño y el contenido de la evaluación de Bachillerato para el acceso a la Universidad, y las fechas máximas de realización y de resolución de los procedimientos de revisión de las calificaciones obtenidas en el curso 2019-2020."
2020-04-23,113,1,BOE-A-2020-4577,MINISTERIO DE SANIDAD,estatal,Resolución,29625,29626,"Resolución de 22 de abril de 2020, de la Dirección General de Cartera Común de Servicios del Sistema Nacional de Salud y Farmacia, por la que se publica el Acuerdo de la Comisión Interministerial de Precios de los Medicamentos de 21 de abril de 2020, por el que se establecen importes máximos de venta al público en aplicación de lo previsto en la Orden SND/354/2020, de 19 de abril, por la que se establecen medidas excepcionales para garantizar el acceso de la población a los productos de uso recomendados como medidas higiénicas para la prevención de contagios por el COVID-19."
2020-04-23,113,1,BOE-A-2020-4578,"MINISTERIO DE INCLUSIÓN, SEGURIDAD SOCIAL Y MIGRACIONES",estatal,Resolución,29627,29628,"Resolución de 21 de abril de 2020, del Instituto Social de la Marina, por la que se actualizan determinadas medidas, con motivo del COVID-19, en relación con las prestaciones y servicios específicos para el sector marítimo-pesquero."
2020-04-23,113,1,BOE-A-2020-4579,BANCO DE ESPAÑA,estatal,Resolución,29629,29629,"Resolución de 21 de abril de 2020, de la Comisión Ejecutiva del Banco de España, por la que se deroga la de 15 de febrero de 2012, sobre cambios temporales en los criterios de admisibilidad de los activos de garantía en las operaciones de política monetaria del Banco de España."
2020-04-24,114,1,BOE-A-2020-4608,CORTES GENERALES,estatal,Resolución,29901,29901,"Resolución de 22 de abril de 2020, del Congreso de los Diputados, por la que se ordena la publicación del Acuerdo de convalidación del Real Decreto-ley 13/2020, de 7 de abril, por el que se adoptan determinadas medidas urgentes en materia de empleo agrario."
2020-04-24,114,1,BOE-A-2020-4609,MINISTERIO DE EDUCACIÓN Y FORMACIÓN PROFESIONAL,estatal,Orden,29902,29918,"Orden EFP/365/2020, de 22 de abril, por la que se establecen el marco y las directrices de actuación para el tercer trimestre del curso 2019-2020 y el inicio del curso 2020-2021, ante la situación de crisis ocasionada por el COVID-19."
2020-04-24,114,1,BOE-A-2020-4610,MINISTERIO DE POLÍTICA TERRITORIAL Y FUNCIÓN PÚBLICA,estatal,Resolución,29919,29919,"Resolución de 22 de abril de 2020, de la Mutualidad General de Funcionarios Civiles del Estado, por la que se modifica la de 13 de abril de 2020, por la que se garantiza durante el estado de alarma la continuidad del abono del subsidio por incapacidad temporal, riesgo durante el embarazo y riesgo durante la lactancia natural de los mutualistas."
2020-04-24,114,1,BOE-A-2020-4611,MINISTERIO DE SANIDAD,estatal,Resolución,29920,30011,"Resolución de 5 de marzo de 2020, de la Dirección General de Salud Pública, Calidad e Innovación, por la que se modifica el anexo I de la Orden del Ministerio de Sanidad y Consumo, de 20 de enero de 1994, por la que se fijan modalidades de control sanitario de productos de comercio exterior destinados a uso y consumo humano y los recintos aduaneros habilitados para su realización."
2020-04-25,115,1,BOE-A-2020-4648,CORTES GENERALES,estatal,Resolución,30276,30277,"Resolución de 22 de abril de 2020, del Congreso de los Diputados, por la que se ordena la publicación del Acuerdo de autorización de la prórroga del estado de alarma declarado por el Real Decreto 463/2020, de 14 de marzo."
2020-04-25,115,1,BOE-A-2020-4649,MINISTERIO DEL INTERIOR,estatal,Orden,30278,30279,"Orden INT/368/2020, de 24 de abril, por la que se prorrogan los controles en las fronteras interiores terrestres restablecidos con motivo de la situación de crisis sanitaria ocasionada por el COVID-19."
2020-04-25,115,1,BOE-A-2020-4650,MINISTERIO DEL INTERIOR,estatal,Orden,30280,30281,"Orden INT/369/2020, de 24 de abril, por la que se adoptan medidas excepcionales en materia de formación permanente de los vigilantes de seguridad y vigencia de las tarjetas de identidad profesional del personal de seguridad privada."
2020-04-25,115,1,BOE-A-2020-4651,"MINISTERIO DE INDUSTRIA, COMERCIO Y TURISMO",estatal,Resolución,30282,30286,"Resolución de 23 de abril de 2020, de la Secretaría General de Industria y de la Pequeña y Mediana Empresa, referente a los equipos de protección individual en el contexto de la crisis sanitaria ocasionada por el COVID-19."
2020-04-25,115,1,BOE-A-2020-4652,"MINISTERIO DE LA PRESIDENCIA, RELACIONES CON LAS CORTES Y MEMORIA DEMOCRÁTICA",estatal,Real Decreto,30287,30294,"Real Decreto 492/2020, de 24 de abril, por el que se prorroga el estado de alarma declarado por el Real Decreto 463/2020, de 14 de marzo, por el que se declara el estado de alarma para la gestión de la situación de crisis sanitaria ocasionada por el COVID-19."
2020-04-25,116,1,BOE-A-2020-4665,MINISTERIO DE SANIDAD,estatal,Orden,30361,30364,"Orden SND/370/2020, de 25 de abril, sobre las condiciones en las que deben desarrollarse los desplazamientos por parte de la población infantil durante la situación de crisis sanitaria ocasionada por el COVID-19."
2020-04-27,117,1,BOE-A-2020-4666,"MINISTERIO DE AGRICULTURA, PESCA Y ALIMENTACIÓN",estatal,Real Decreto,30365,30391,"Real Decreto 448/2020, de 10 de marzo, sobre caracterización y registro de la maquinaria agrícola."
2020-04-27,117,1,BOE-A-2020-4667,"MINISTERIO DE LA PRESIDENCIA, RELACIONES CON LAS CORTES Y MEMORIA DEMOCRÁTICA",estatal,Real Decreto,30392,30403,"Real Decreto 451/2020, de 10 de marzo, sobre control y recuperación de las fuentes radiactivas huérfanas."
2020-04-27,117,1,BOE-A-2020-4668,MINISTERIO PARA LA TRANSICIÓN ECOLÓGICA Y EL RETO DEMOGRÁFICO,estatal,Real Decreto,30404,30405,"Real Decreto 483/2020, de 7 de abril, por el que se modifica el Real Decreto 735/2019, de 20 de diciembre, por el que se regula la concesión directa de una subvención a la Comunidad Autónoma de Canarias para la financiación del funcionamiento de plantas potabilizadoras de agua situadas en su territorio."
2020-04-28,118,1,BOE-A-2020-4689,MINISTERIO DE SANIDAD,estatal,Resolución,30510,30511,"Resolución de 24 de abril de 2020, de la Secretaría General de Sanidad, por la que se modifica el Anexo de la Orden SND/310/2020, de 31 de marzo, por la que se establecen como servicios esenciales determinados centros, servicios y establecimientos sanitarios."
2020-04-28,118,1,BOE-A-2020-4690,"MINISTERIO DE INCLUSIÓN, SEGURIDAD SOCIAL Y MIGRACIONES",estatal,Orden,30512,30513,"Orden ISM/371/2020, de 24 de abril, por la que se desarrolla el artículo 34 del Real Decreto-ley 11/2020, de 31 de marzo, por el que se adoptan medidas urgentes complementarias en el ámbito social y económico para hacer frente al COVID-19."
2020-04-28,118,1,BOE-A-2020-4691,COMUNIDAD AUTÓNOMA DE EXTREMADURA,autonómico,Decreto-ley,30514,30519,"Decreto-ley 6/2020, de 17 de abril, de medidas extraordinarias y urgentes para la tramitación de las bases reguladoras y normativa específica de subvenciones, la ejecución de determinadas prestaciones de contratos administrativos y la selección de personal temporal mediante bolsas de trabajo, como consecuencia de la crisis ocasionada por el COVID-19."
2020-04-29,119,1,BOE-A-2020-4705,JEFATURA DEL ESTADO,estatal,Real Decreto-ley,30623,30645,"Real Decreto-ley 16/2020, de 28 de abril, de medidas procesales y organizativas para hacer frente al COVID-19 en el ámbito de la Administración de Justicia."
2020-04-29,119,1,BOE-A-2020-4706,"MINISTERIO DE TRANSPORTES, MOVILIDAD Y AGENDA URBANA",estatal,Orden,30646,30648,"Orden TMA/374/2020, de 28 de abril, por la que se establece la documentación con la que podrán acreditar su condición los tripulantes de los buques para facilitar su circulación, a fin de asegurar la prestación de los servicios de transporte marítimo, con motivo de la situación de crisis sanitaria ocasionada por el COVID-19."
2020-04-29,119,1,BOE-A-2020-4707,"MINISTERIO DE INDUSTRIA, COMERCIO Y TURISMO",estatal,Real Decreto,30649,30653,"Real Decreto 493/2020, de 28 de abril, por el que se modifica el Real Decreto 2032/2009, de 30 de diciembre, por el que se establecen las unidades legales de medida."
2020-04-29,119,1,BOE-A-2020-4708,"MINISTERIO DE LA PRESIDENCIA, RELACIONES CON LAS CORTES Y MEMORIA DEMOCRÁTICA",estatal,Real Decreto,30654,30659,"Real Decreto 494/2020, de 28 de abril, por el que se modifica el Real Decreto 679/2014, de 1 de agosto, por el que se aprueba el Reglamento de control del comercio exterior de material de defensa, de otro material y de productos y tecnologías de doble uso."
2020-04-30,120,1,BOE-A-2020-4733,MINISTERIO DE ASUNTOS ECONÓMICOS Y TRANSFORMACIÓN DIGITAL,estatal,Resolución,30759,30760,"Resolución de 29 de abril de 2020, de la Secretaría General de Administración Digital, por la que se acuerda la continuación de los procedimientos administrativos de autorización de nuevos sistemas de identificación y firma electrónica mediante clave concertada y cualquier otro sistema que las Administraciones consideren válido a que se refieren los artículos 9.2 c) y 10.2 c) de la Ley 39/2015, de 1 de octubre, del Procedimiento Administrativo Común de las Administraciones Públicas, en aplicación de la disposición adicional tercera del Real Decreto 463/2020, de 14 de marzo, por el que se declara el estado de alarma para la gestión de la situación de crisis sanitaria ocasionada por el COVID-19."
2020-04-30,120,1,BOE-A-2020-4734,COMUNIDAD FORAL DE NAVARRA,autonómico,Ley,30761,30762,"Ley Foral 11/2020, de 22 de abril, por la que se concede un crédito extraordinario por importe de 409.637 euros en la partida de nueva creación 900003-91600-4300-231500 ""Fundación Navarra para la Gestión de Servicios Sociales Públicos-Gizain Fundazioa""."
2020-05-01,121,1,BOE-A-2020-4757,CORTES GENERALES,estatal,Resolución,30832,30832,"Resolución de 29 de abril de 2020, del Congreso de los Diputados, por la que se ordena la publicación del Acuerdo de convalidación del Real Decreto-ley 14/2020, de 14 de abril, por el que se extiende el plazo para la presentación e ingreso de determinadas declaraciones y autoliquidaciones tributarias."
2020-05-01,121,1,BOE-A-2020-4758,CORTES GENERALES,estatal,Resolución,30833,30833,"Resolución de 29 de abril de 2020, del Congreso de los Diputados, por la que se ordena la publicación del Acuerdo de convalidación del Real Decreto-ley 12/2020, de 31 de marzo, de medidas urgentes en materia de protección y asistencia a las víctimas de violencia de género."
2020-05-01,121,1,BOE-A-2020-4759,"MINISTERIO DE TRANSPORTES, MOVILIDAD Y AGENDA URBANA",estatal,Orden,30834,30845,"Orden TMA/378/2020, de 30 de abril, por la que se definen los criterios y requisitos de los arrendatarios de vivienda habitual que pueden acceder a las ayudas transitorias de financiación establecidas en el artículo 9 del Real Decreto-ley 11/2020, de 31 de marzo, por el que se adoptan medidas urgentes complementarias en el ámbito social y económico para hacer frente al COVID-19."
2020-05-01,121,1,BOE-A-2020-4760,"MINISTERIO DE TRANSPORTES, MOVILIDAD Y AGENDA URBANA",estatal,Orden,30846,30847,"Orden TMA/379/2020, de 30 de abril, por la que se establecen criterios de aplicación del Real Decreto 463/2020, de 14 de marzo, por el que se declara el estado de alarma, en las actividades formativas de personal ferroviario, durante la situación de crisis sanitaria ocasionada por el COVID-19."
2020-05-01,121,1,BOE-A-2020-4761,MINISTERIO DE POLÍTICA TERRITORIAL Y FUNCIÓN PÚBLICA,estatal,Real Decreto,30848,30862,"Real Decreto 495/2020, de 28 de abril, por el que se desarrolla la estructura orgánica básica del Ministerio de Consumo y se modifica el Real Decreto 139/2020, de 28 de enero, por el que se establece la estructura orgánica básica de los departamentos ministeriales."
2020-05-01,121,1,BOE-A-2020-4762,MINISTERIO DE POLÍTICA TERRITORIAL Y FUNCIÓN PÚBLICA,estatal,Real Decreto,30863,30867,"Real Decreto 496/2020, de 28 de abril, por el que se modifican el Real Decreto 1314/1984, de 20 de junio, por el que se regula la estructura y competencias de la Tesorería General de la Seguridad Social, y el Real Decreto 2583/1996, de 13 de diciembre, de estructura orgánica y funciones del Instituto Nacional de la Seguridad Social y de modificación parcial de la Tesorería General de la Seguridad Social."
2020-05-01,121,1,BOE-A-2020-4763,MINISTERIO DE POLÍTICA TERRITORIAL Y FUNCIÓN PÚBLICA,estatal,Real Decreto,30868,30888,"Real Decreto 497/2020, de 28 de abril, por el que se desarrolla la estructura orgánica básica del Ministerio de Inclusión, Seguridad Social y Migraciones."
2020-05-01,121,1,BOE-A-2020-4764,MINISTERIO DE POLÍTICA TERRITORIAL Y FUNCIÓN PÚBLICA,estatal,Real Decreto,30889,30904,"Real Decreto 498/2020, de 28 de abril, por el que se desarrolla la estructura orgánica básica del Ministerio de Educación y Formación Profesional."
2020-05-01,121,1,BOE-A-2020-4765,MINISTERIO DE POLÍTICA TERRITORIAL Y FUNCIÓN PÚBLICA,estatal,Real Decreto,30905,30922,"Real Decreto 499/2020, de 28 de abril, por el que se desarrolla la estructura orgánica básica del Ministerio de Trabajo y Economía Social, y se modifica el Real Decreto 1052/2015, de 20 de noviembre, por el que se establece la estructura de las Consejerías de Empleo y Seguridad Social en el exterior y se regula su organización, funciones y provisión de puestos de trabajo."
2020-05-01,121,1,BOE-A-2020-4766,MINISTERIO DE POLÍTICA TERRITORIAL Y FUNCIÓN PÚBLICA,estatal,Resolución,30923,30924,"Resolución de 29 de abril de 2020, de la Mutualidad General de Funcionarios Civiles del Estado, por la que se modifican los Anexos II y III de la Orden APU/2245/2005, de 30 de junio, por la que se regulan las prestaciones complementarias de la asistencia sanitaria en MUFACE y se establece el procedimiento de financiación de bombas portátiles de infusión subcutánea continua de insulina."
2020-05-01,121,1,BOE-A-2020-4767,MINISTERIO DE SANIDAD,estatal,Orden,30925,30929,"Orden SND/380/2020, de 30 de abril, sobre las condiciones en las que se puede realizar actividad física no profesional al aire libre durante la situación de crisis sanitaria ocasionada por el COVID-19."
2020-05-01,121,1,BOE-A-2020-4768,MINISTERIO DE SANIDAD,estatal,Orden,30930,30931,"Orden SND/381/2020, de 30 de abril, por la que se permite la realización de actividades no profesionales de cuidado y recolección de producciones agrícolas."
2020-05-02,122,1,BOE-A-2020-4783,MINISTERIO DE HACIENDA,estatal,Resolución,31006,31009,"Resolución de 30 de abril de 2020, de la Presidencia del Comisionado para el Mercado de Tabacos, por la que se publican los precios de venta al público de determinadas labores de tabaco en Expendedurías de Tabaco y Timbre del área del Monopolio."
2020-05-02,122,1,BOE-A-2020-4784,"MINISTERIO DE LA PRESIDENCIA, RELACIONES CON LAS CORTES Y MEMORIA DEMOCRÁTICA",estatal,Resolución,31010,31054,"Resolución de 29 de abril de 2020, de la Subsecretaría, por la que se publica la Resolución de 17 de febrero de 2020, de la Presidencia del Instituto Nacional de Estadística y de la Dirección General de Cooperación Autonómica y Local, por la que se dictan instrucciones técnicas a los Ayuntamientos sobre la gestión del Padrón municipal."
2020-05-03,123,1,BOE-A-2020-4789,"MINISTERIO DE TRANSPORTES, MOVILIDAD Y AGENDA URBANA",estatal,Orden,31098,31100,"Orden TMA/384/2020, de 3 de mayo, por la que se dictan instrucciones sobre la utilización de mascarillas en los distintos medios de transporte y se fijan requisitos para garantizar una movilidad segura de conformidad con el plan para la transición hacia una nueva normalidad."
2020-05-03,123,1,BOE-A-2020-4790,MINISTERIO DE SANIDAD,estatal,Orden,31101,31102,"Orden SND/385/2020, de 2 de mayo, por la que se modifica la Orden SND/340/2020, de 12 de abril, por la que se suspenden determinadas actividades relacionadas con obras de intervención en edificios existentes en las que exista riesgo de contagio por el COVID-19 para personas no relacionadas con dicha actividad."
2020-05-03,123,1,BOE-A-2020-4791,MINISTERIO DE SANIDAD,estatal,Orden,31103,31112,"Orden SND/386/2020, de 3 de mayo, por la que se flexibilizan determinadas restricciones sociales y se determinan las condiciones de desarrollo de la actividad de comercio minorista y de prestación de servicios, así como de las actividades de hostelería y restauración en los territorios menos afectados por la crisis sanitaria ocasionada por el COVID-19."
2020-05-03,123,1,BOE-A-2020-4792,MINISTERIO DE SANIDAD,estatal,Orden,31113,31117,"Orden SND/387/2020, de 3 de mayo, por la que se regula el proceso de cogobernanza con las comunidades autónomas y ciudades de Ceuta y Melilla para la transición a una nueva normalidad."
2020-05-03,123,1,BOE-A-2020-4793,MINISTERIO DE SANIDAD,estatal,Orden,31118,31127,"Orden SND/388/2020, de 3 de mayo, por la que se establecen las condiciones para la apertura al público de determinados comercios y servicios, y la apertura de archivos, así como para la práctica del deporte profesional y federado."
2020-05-04,124,1,BOE-A-2020-4794,COMUNIDAD FORAL DE NAVARRA,autonómico,Decreto-ley,31128,31142,"Decreto-ley Foral 3/2020, de 15 de abril, por el que se aprueban medidas urgentes para responder al impacto generado por la crisis sanitaria del coronavirus (COVID-19)."
2020-05-05,125,1,BOE-A-2020-4813,MINISTERIO DE HACIENDA,estatal,Corrección,31175,31177,"Corrección de errores de la Orden HAC/329/2020, de 6 de abril, por la que se reducen para el período impositivo 2019 los índices de rendimiento neto aplicables en el método de estimación objetiva del Impuesto sobre la Renta de las Personas Físicas para las actividades agrícolas y ganaderas afectadas por diversas circunstancias excepcionales."
2020-05-05,125,1,BOE-A-2020-4814,MINISTERIO DE POLÍTICA TERRITORIAL Y FUNCIÓN PÚBLICA,estatal,Real Decreto,31178,31210,"Real Decreto 500/2020, de 28 de abril, por el que se desarrolla la estructura orgánica básica del Ministerio para la Transición Ecológica y el Reto Demográfico, y se modifica el Real Decreto 139/2020, de 28 de enero, por el que se establece la estructura orgánica básica de los departamentos ministeriales."
2020-05-05,125,1,BOE-A-2020-4815,MINISTERIO DE SANIDAD,estatal,Resolución,31211,31212,"Resolución de 2 de mayo de 2020, de la Dirección General de Cartera Común de Servicios del Sistema Nacional de Salud y Farmacia, por la que se publican los Acuerdos de la Comisión Interministerial de Precios de los Medicamentos, de 28 de abril de 2020, por los que se determinan importes máximos de venta al público en aplicación de lo previsto en la Orden SND/354/2020, de 19 de abril, por la que se establecen medidas excepcionales para garantizar el acceso de la población a los productos de uso recomendados como medidas higiénicas para la prevención de contagios por el COVID-19."
2020-05-06,126,1,BOE-A-2020-4832,JEFATURA DEL ESTADO,estatal,Real Decreto-ley,31291,31319,"Real Decreto-ley 17/2020, de 5 de mayo, por el que se aprueban medidas de apoyo al sector cultural y de carácter tributario para hacer frente al impacto económico y social del COVID-2019."
2020-05-06,126,1,BOE-A-2020-4833,"MINISTERIO DE INDUSTRIA, COMERCIO Y TURISMO",estatal,Corrección,31320,31324,"Corrección de errores de la Orden ICT/155/2020, de 7 de febrero, por la que se regula el control metrológico del Estado de determinados instrumentos de medida."
2020-05-06,126,1,BOE-A-2020-4834,"MINISTERIO DE AGRICULTURA, PESCA Y ALIMENTACIÓN",estatal,Real Decreto,31325,31339,"Real Decreto 507/2020, de 5 de mayo, por el que se establecen las bases reguladoras de las subvenciones destinadas a la obtención de avales de la Sociedad Anónima Estatal de Caución Agraria S.M.E. (SAECA) por titulares de explotaciones agrarias, afectadas por la sequía y otras situaciones excepcionales, que garanticen préstamos para financiar sus explotaciones, y se convocan dichas subvenciones para el ejercicio 2020."
2020-05-06,126,1,BOE-A-2020-4835,"MINISTERIO DE AGRICULTURA, PESCA Y ALIMENTACIÓN",estatal,Real Decreto,31340,31346,"Real Decreto 508/2020, de 5 de mayo, por el que se establecen las bases reguladoras para la concesión de las subvenciones estatales destinadas en el ejercicio 2020 a las explotaciones ovinas y caprinas con dificultades de comercialización de corderos y cabritos, durante los meses de marzo y abril, como consecuencia de las limitaciones impuestas por el Real Decreto 463/2020, de 14 de marzo, por el que se declara el estado de alarma para la gestión de la situación de crisis sanitaria ocasionada por el COVID-19, y sus prórrogas."
2020-05-06,126,1,BOE-A-2020-4836,"MINISTERIO DE LA PRESIDENCIA, RELACIONES CON LAS CORTES Y MEMORIA DEMOCRÁTICA",estatal,Orden,31347,31358,"Orden PCM/390/2020, de 5 de mayo, por la que se modifica el anexo III del Real Decreto 219/2013, de 22 de marzo, sobre restricciones a la utilización de determinadas sustancias peligrosas en aparatos eléctricos y electrónicos."
2020-05-06,126,1,BOE-A-2020-4837,MINISTERIO DE CULTURA Y DEPORTE,estatal,Resolución,31359,31373,"Resolución de 4 de mayo de 2020, de la Presidencia del Consejo Superior de Deportes, por la que se aprueba y publica el Protocolo básico de actuación para la vuelta a los entrenamientos y el reinicio de las competiciones federadas y profesionales."
2020-05-07,127,1,BOE-A-2020-4859,"MINISTERIO DE LA PRESIDENCIA, RELACIONES CON LAS CORTES Y MEMORIA DEMOCRÁTICA",estatal,Real Decreto Legislativo,31518,31706,"Real Decreto Legislativo 1/2020, de 5 de mayo, por el que se aprueba el texto refundido de la Ley Concursal."
2020-05-07,127,1,BOE-A-2020-4860,MINISTERIO DE POLÍTICA TERRITORIAL Y FUNCIÓN PÚBLICA,estatal,Real Decreto,31707,31721,"Real Decreto 509/2020, de 5 de mayo, por el que se desarrolla la estructura orgánica básica del Ministerio de Cultura y Deporte."
2020-05-08,128,1,BOE-A-2020-4872,TRIBUNAL CONSTITUCIONAL,estatal,Resolución judicial,31790,31790,"Recurso de inconstitucionalidad n.º 1813-2020, contra disposición final segunda del Real Decreto-ley 8/2020, de 17 de marzo, de medidas urgentes extraordinarias para hacer frente al impacto económico y social del COVID-19."
2020-05-08,128,1,BOE-A-2020-4873,TRIBUNAL CONSTITUCIONAL,estatal,Resolución judicial,31791,31791,"Recurso de inconstitucionalidad n.º 1998-2020, contra diversos preceptos del Decreto-ley 2/2020, de 9 de marzo, de mejora y simplificación de la regulación para el fomento de la actividad productiva de Andalucía."
2020-05-08,128,1,BOE-A-2020-4874,TRIBUNAL CONSTITUCIONAL,estatal,Resolución judicial,31792,31792,"Recurso de inconstitucionalidad n.º 2035-2020, contra la disposición final segunda del Real Decreto-ley 8/2020, de 17 de marzo, de medidas urgentes extraordinarias para hacer frente al impacto económico y social del COVID-19."
2020-05-08,128,1,BOE-A-2020-4875,TRIBUNAL CONSTITUCIONAL,estatal,Resolución judicial,31793,31793,"Recurso de inconstitucionalidad n.º 2054-2020, contra los artículos 7, 9, 10 y 11 del Real Decreto 463/2020, de 14 de marzo, por el que se declara el estado de alarma para la gestión de la situación de crisis ocasionada por el COVID-19; el Real Decreto 465/2020, de 17 de marzo; el Real Decreto 476/2020, de 27 de marzo; el Real Decreto 487/2020, de 10 de abril; el Real Decreto 492/2020, de 24 de abril; y la Orden SND/298/2020, de 29 de marzo, por la que se establecen medidas excepcionales en relación con los velatorios y ceremonias fúnebres para limitar la propagación y el contagio por el COVID-19."
2020-05-08,128,1,BOE-A-2020-4876,TRIBUNAL CONSTITUCIONAL,estatal,Resolución judicial,31794,31794,"Cuestión de inconstitucionalidad n.º 1478-2020, respecto del artículo 153.1 LOREG, en relación con los artículos 53 y 50.4 LOREG y artículos 34 y 39 de la Ley 14/1966, de 18 de marzo, de Prensa e Imprenta, por posible vulneración de los artículos 9.3 y 25.1 CE."
2020-05-08,128,1,BOE-A-2020-4877,TRIBUNAL CONSTITUCIONAL,estatal,Resolución judicial,31795,31795,"Cuestión de inconstitucionalidad n.º 1772-2020, en relación con el artículo 3.4 de la Ley 3/1998, de 27 de febrero, del Parlamento Vasco, General de Protección del Medio Ambiente del País Vasco, por posible vulneración del art. 149.1.6 C.E."
2020-05-08,128,1,BOE-A-2020-4878,"MINISTERIO DE ASUNTOS EXTERIORES, UNIÓN EUROPEA Y COOPERACIÓN",estatal,Tratado o acuerdo internacional,31796,31798,"Aplicación provisional del Intercambio de Notas Verbales entre el Reino de España y la República Popular China por el que se establece el Consulado de España en Chengdu, hecho en Pekín el 28 de febrero y el 24 de abril de 2020."
2020-05-08,128,1,BOE-A-2020-4879,MINISTERIO DE ASUNTOS ECONÓMICOS Y TRANSFORMACIÓN DIGITAL,estatal,Resolución,31799,31801,"Resolución de 7 de mayo de 2020, de la Secretaría General del Tesoro y Financiación Internacional, por la que se actualiza el Anexo 1 incluido en la Resolución de 4 de julio de 2017, de la Secretaría General del Tesoro y Política Financiera, por la que se define el principio de prudencia financiera aplicable a las operaciones de endeudamiento y derivados de las comunidades autónomas y entidades locales."
2020-05-09,129,1,BOE-A-2020-4896,CORTES GENERALES,estatal,Resolución,31867,31868,"Resolución de 6 de mayo de 2020, del Congreso de los Diputados, por la que se ordena la publicación del Acuerdo de autorización de la prórroga del estado de alarma declarado por el Real Decreto 463/2020, de 14 de marzo."
2020-05-09,129,1,BOE-A-2020-4897,MINISTERIO DE JUSTICIA,estatal,Orden,31869,31879,"Orden JUS/394/2020, de 8 de mayo, por la que se aprueba el Esquema de Seguridad Laboral y el Plan de Desescalada para la Administración de Justicia ante el COVID-19."
2020-05-09,129,1,BOE-A-2020-4898,MINISTERIO DE HACIENDA,estatal,Resolución,31880,31882,"Resolución de 8 de mayo de 2020, de la Presidencia del Comisionado para el Mercado de Tabacos, por la que se publican los precios de venta al público de determinadas labores de tabaco en Expendedurías de Tabaco y Timbre del área del Monopolio."
2020-05-09,129,1,BOE-A-2020-4899,MINISTERIO DEL INTERIOR,estatal,Orden,31883,31884,"Orden INT/395/2020, de 8 de mayo, por la que se amplía el plazo de rendición de cuentas de las asociaciones de utilidad pública de ámbito estatal debido a la crisis sanitaria provocada por el COVID-19."
2020-05-09,129,1,BOE-A-2020-4900,MINISTERIO DEL INTERIOR,estatal,Orden,31885,31886,"Orden INT/396/2020, de 8 de mayo, por la que se prorrogan los controles en las fronteras interiores terrestres con motivo de la situación de crisis sanitaria ocasionada por el COVID-19."
2020-05-09,129,1,BOE-A-2020-4901,"MINISTERIO DE INDUSTRIA, COMERCIO Y TURISMO",estatal,Orden,31887,31951,"Orden ICT/397/2020, de 30 de abril, por la que se actualizan los anexos I y II del Real Decreto 2028/1986, de 6 de junio, sobre las normas para la aplicación de determinadas directivas de la CEE, relativas a la homologación de tipo de vehículos automóviles, remolques, semirremolques, motocicletas, ciclomotores y vehículos agrícolas, así como de partes y piezas de dichos vehículos."
2020-05-09,129,1,BOE-A-2020-4902,"MINISTERIO DE LA PRESIDENCIA, RELACIONES CON LAS CORTES Y MEMORIA DEMOCRÁTICA",estatal,Real Decreto,31952,31960,"Real Decreto 514/2020, de 8 de mayo, por el que se prorroga el estado de alarma declarado por el Real Decreto 463/2020, de 14 de marzo, por el que se declara el estado de alarma para la gestión de la situación de crisis sanitaria ocasionada por el COVID-19."
2020-05-09,129,1,BOE-A-2020-4903,MINISTERIO DE ASUNTOS ECONÓMICOS Y TRANSFORMACIÓN DIGITAL,estatal,Resolución,31961,31969,"Resolución de 6 de mayo de 2020, de la Secretaría de Estado de Economía y Apoyo a la Empresa, por la que se publica el Acuerdo del Consejo de Ministros de 5 de mayo de 2020, por el que se establecen los términos y condiciones del tercer tramo de la línea de avales a préstamos concedidos a empresas y autónomos, a los pagarés incorporados al Mercado Alternativo de Renta Fija (MARF) y a los reavales concedidos por la Compañía Española de Reafianzamiento, SME, Sociedad Anónima (CERSA), y se autorizan límites para adquirir compromisos de gasto con cargo a ejercicios futuros en aplicación de lo dispuesto en el artículo 47 de la Ley 47/2003, de 26 de noviembre, General Presupuestaria."
2020-05-09,130,1,BOE-A-2020-4911,MINISTERIO DE SANIDAD,estatal,Orden,31998,32026,"Orden SND/399/2020, de 9 de mayo, para la flexibilización de determinadas restricciones de ámbito nacional, establecidas tras la declaración del estado de alarma en aplicación de la fase 1 del Plan para la transición hacia una nueva normalidad."
2020-05-10,131,1,BOE-A-2020-4912,"MINISTERIO DE TRANSPORTES, MOVILIDAD Y AGENDA URBANA",estatal,Orden,32027,32036,"Orden TMA/400/2020, de 9 de mayo, por la que se establecen las condiciones a aplicar en la fase I de la desescalada en materia de movilidad y se fijan otros requisitos para garantizar una movilidad segura."
2020-05-11,132,1,BOE-A-2020-4913,"MINISTERIO DE TRANSPORTES, MOVILIDAD Y AGENDA URBANA",estatal,Real Decreto,32037,32042,"Real Decreto 401/2020, de 25 de febrero, por el que se regula la Comisión Española de Geodesia y Geofísica."
2020-05-11,132,1,BOE-A-2020-4914,"MINISTERIO DE AGRICULTURA, PESCA Y ALIMENTACIÓN",estatal,Real Decreto,32043,32050,"Real Decreto 449/2020, de 10 de marzo, por el que se modifica el Real Decreto 36/2014, de 24 de enero, por el que se regulan los títulos profesionales del sector pesquero, con el fin de modernizar sus requisitos y efectos."
2020-05-11,132,1,BOE-A-2020-4915,"MINISTERIO DE LA PRESIDENCIA, RELACIONES CON LAS CORTES Y MEMORIA DEMOCRÁTICA",estatal,Real Decreto,32051,32074,"Real Decreto 429/2020, de 3 de marzo, por el que se aprueba el Reglamento sobre acceso a los recursos fitogenéticos para la agricultura y la alimentación y a los cultivados para utilización con otros fines, y se modifican diversos reales decretos en materia de productos vegetales."
2020-05-12,133,1,BOE-A-2020-4929,MINISTERIO DEL INTERIOR,estatal,Orden,32118,32120,"Orden INT/401/2020, de 11 de mayo, por la que se restablecen temporalmente los controles en las fronteras interiores aéreas y marítimas, con motivo de la situación de crisis sanitaria ocasionada por el COVID-19."
2020-05-12,133,1,BOE-A-2020-4930,"MINISTERIO DE TRANSPORTES, MOVILIDAD Y AGENDA URBANA",estatal,Resolución,32121,32126,"Resolución de 5 de mayo de 2020, de la Dirección de la Agencia Estatal de Seguridad Aérea, por la que se emite exención, de conformidad con lo establecido en el artículo 71 del Reglamento (UE) 2018/1139, para la extensión de la validez y otros períodos de tiempo, relativos a las licencias, habilitaciones, atribuciones, anotaciones y certificados de pilotos, instructores, examinadores y TCP para la reducción del impacto negativo sobre la aviación comercial y general, ocasionado por la crisis global del coronavirus COVID-19."
2020-05-12,133,1,BOE-A-2020-4931,MINISTERIO DE SANIDAD,estatal,Orden,32127,32128,"Orden SND/402/2020, de 10 de mayo, por la que se establecen medidas especiales para garantizar el abastecimiento de antisépticos para la piel sana que contengan digluconato de clorhexidina en la situación de crisis sanitaria ocasionada por el COVID-19."
2020-05-12,133,1,BOE-A-2020-4932,MINISTERIO DE SANIDAD,estatal,Orden,32129,32131,"Orden SND/403/2020, de 11 mayo, sobre las condiciones de cuarentena a las que deben someterse las personas procedentes de otros países a su llegada a España, durante la situación de crisis sanitaria ocasionada por el COVID-19."
2020-05-12,133,1,BOE-A-2020-4933,MINISTERIO DE SANIDAD,estatal,Orden,32132,32140,"Orden SND/404/2020, de 11 de mayo, de medidas de vigilancia epidemiológica de la infección por SARS-CoV-2 durante la fase de transición hacia una nueva normalidad."
2020-05-13,134,1,BOE-A-2020-4959,JEFATURA DEL ESTADO,estatal,Real Decreto-ley,32257,32267,"Real Decreto-ley 18/2020, de 12 de mayo, de medidas sociales en defensa del empleo."
2020-05-13,134,1,BOE-A-2020-4960,MINISTERIO DEL INTERIOR,estatal,Orden,32268,32269,"Orden INT/407/2020, de 12 de mayo, por la que se adoptan medidas para flexibilizar las restricciones establecidas en el ámbito de Instituciones Penitenciarias al amparo del Real Decreto 463/2020, de 14 de marzo, por el que se declara el estado de alarma para la gestión de la situación de crisis sanitaria ocasionada por el COVID-19."
2020-05-13,134,1,BOE-A-2020-4961,"MINISTERIO DE TRANSPORTES, MOVILIDAD Y AGENDA URBANA",estatal,Real Decreto,32270,32279,"Real Decreto 515/2020, de 12 de mayo, por el que se regula el procedimiento de certificación de proveedores civiles de servicios y funciones de gestión del tránsito aéreo y de navegación aérea y su control normativo."
2020-05-13,134,1,BOE-A-2020-4962,MINISTERIO DE EDUCACIÓN Y FORMACIÓN PROFESIONAL,estatal,Real Decreto,32280,32309,"Real Decreto 478/2020, de 7 de abril, por el que se establece el Curso de especialización en ciberseguridad en entornos de las tecnologías de operación y se fijan los aspectos básicos del currículo."
2020-05-13,134,1,BOE-A-2020-4963,MINISTERIO DE EDUCACIÓN Y FORMACIÓN PROFESIONAL,estatal,Real Decreto,32310,32341,"Real Decreto 479/2020, de 7 de abril, por el que se establece el Curso de especialización en ciberseguridad en entornos de las tecnologías de la información y se fijan los aspectos básicos del currículo."
2020-05-13,134,1,BOE-A-2020-4964,MINISTERIO DE EDUCACIÓN Y FORMACIÓN PROFESIONAL,estatal,Real Decreto,32342,32373,"Real Decreto 480/2020, de 7 de abril, por el que se establece el Curso de especialización en digitalización del mantenimiento industrial y se fijan los aspectos básicos del currículo."
2020-05-13,134,1,BOE-A-2020-4965,MINISTERIO DE EDUCACIÓN Y FORMACIÓN PROFESIONAL,estatal,Real Decreto,32374,32404,"Real Decreto 481/2020, de 7 de abril, por el que se establece el Curso de especialización en fabricación inteligente y se fijan los aspectos básicos del currículo, y se modifican el Real Decreto 93/2019, de 1 de marzo, y el Real Decreto 94/2019, de 1 de marzo, por los que se establecen dos cursos de especialización y los aspectos básicos del currículo."
2020-05-13,134,1,BOE-A-2020-4966,MINISTERIO DE EDUCACIÓN Y FORMACIÓN PROFESIONAL,estatal,Real Decreto,32405,32445,"Real Decreto 482/2020, de 7 de abril, por el que se establece el Curso de especialización en panadería y bollería artesanales y se fijan los aspectos básicos del currículo, y se modifica el Real Decreto 651/2017, de 23 de junio, por el que se establece el Título de Técnico Superior en Acondicionamiento Físico y se fijan los aspectos básicos del currículo."
2020-05-13,134,1,BOE-A-2020-4967,MINISTERIO DE EDUCACIÓN Y FORMACIÓN PROFESIONAL,estatal,Resolución,32446,32449,"Resolución de 11 de mayo de 2020, de la Secretaría de Estado de Educación, por la que se modifica el calendario del proceso de admisión de alumnos en centros docentes públicos y privados concertados que imparten el segundo ciclo de educación infantil, educación primaria, educación secundaria y bachillerato en las Ciudades de Ceuta y Melilla, para el curso 2020/2021, y se amplían instrucciones."
2020-05-13,134,1,BOE-A-2020-4968,MINISTERIO DE UNIVERSIDADES,estatal,Resolución,32450,32455,"Resolución de 8 de mayo de 2020, de la Secretaría General de Universidades, por la que se publica el Acuerdo de Consejo de Ministros de 21 de abril de 2020, por el que se establece el carácter oficial de determinados títulos de Máster y su inscripción en el Registro de Universidades, Centros y Títulos."
2020-05-13,134,1,BOE-A-2020-4969,MINISTERIO DE UNIVERSIDADES,estatal,Resolución,32456,32458,"Resolución de 8 de mayo de 2020, de la Secretaría General de Universidades, por la que se publica el Acuerdo de Consejo de Ministros de 21 de abril de 2020, por el que se establece el carácter oficial de determinados títulos de Doctor y su inscripción en el Registro de Universidades, Centros y Títulos."
2020-05-13,134,1,BOE-A-2020-4970,MINISTERIO DE UNIVERSIDADES,estatal,Resolución,32459,32461,"Resolución de 8 de mayo de 2020, de la Secretaría General de Universidades, por la que se publica el Acuerdo del Consejo de Ministros de 21 de abril de 2020, por el que se establece el carácter oficial de determinados títulos de Grado y su inscripción en el Registro de Universidades, Centros y Títulos."
2020-05-14,135,1,BOE-A-2020-5019,"MINISTERIO DE TRANSPORTES, MOVILIDAD Y AGENDA URBANA",estatal,Resolución,32926,32928,"Resolución de 8 de mayo de 2020, de la Dirección de la Agencia Estatal de Seguridad Aérea, por la que se emite exención, de conformidad con lo establecido en el artículo 71 del Reglamento (UE) 2018/1139, para la extensión de los periodos de validez de las verificaciones de línea y de los entrenamientos periódicos de gestión de recursos de cabina de las tripulaciones de vuelo de los operadores de transporte aéreo comercial, en relación con la situación creada por la crisis global del coronavirus COVID-19."
2020-05-14,135,1,BOE-A-2020-5020,COMUNIDAD AUTÓNOMA DE LAS ILLES BALEARS,autonómico,Decreto-ley,32929,32971,"Decreto-ley 3/2020, de 28 de febrero, de medidas urgentes en materia de vivienda."
2020-05-14,135,1,BOE-A-2020-5021,COMUNIDAD AUTÓNOMA DE LAS ILLES BALEARS,autonómico,Decreto-ley,32972,32980,"Decreto-ley 4/2020, de 20 de marzo, por el que se establecen medidas urgentes en materia de contratación, convenios, conciertos educativos y subvenciones, servicios sociales, medio ambiente, procedimientos administrativos y presupuestos para hacer frente al impacto económico y social del COVID-19."
2020-05-14,135,1,BOE-A-2020-5022,COMUNIDAD AUTÓNOMA DE LAS ILLES BALEARS,autonómico,Decreto-ley,32981,32987,"Decreto-ley 5/2020, de 27 de marzo, por el que se establecen medidas urgentes en materias tributaria y administrativa para hacer frente al impacto económico y social del COVID-19."
2020-05-15,136,1,BOE-A-2020-5051,CORTES GENERALES,estatal,Resolución,33173,33173,"Resolución de 13 de mayo de 2020, del Congreso de los Diputados, por la que se ordena la publicación del Acuerdo de convalidación del Real Decreto-ley 15/2020, de 21 de abril, de medidas urgentes complementarias para apoyar la economía y el empleo."
2020-05-15,136,1,BOE-A-2020-5052,CORTES GENERALES,estatal,Resolución,33174,33174,"Resolución de 13 de mayo de 2020, del Congreso de los Diputados, por la que se ordena la publicación del Acuerdo de convalidación del Real Decreto-ley 16/2020, de 28 de abril, de medidas procesales y organizativas para hacer frente al COVID-19 en el ámbito de la Administración de Justicia."
2020-05-15,136,1,BOE-A-2020-5053,MINISTERIO DEL INTERIOR,estatal,Orden,33175,33177,"Orden INT/409/2020, de 14 de mayo, por la que se prorrogan los criterios para la aplicación de una restricción temporal de viajes no imprescindibles desde terceros países a la Unión Europea y países asociados Schengen por razones de orden público y salud pública con motivo de la crisis sanitaria ocasionada por el COVID-19."
2020-05-15,136,1,BOE-A-2020-5054,"MINISTERIO DE TRANSPORTES, MOVILIDAD Y AGENDA URBANA",estatal,Orden,33178,33182,"Orden TMA/410/2020, de 14 de mayo, por la que se limita la entrada en España a las aeronaves y buques de pasaje a través de los puntos de entrada designados con capacidad de atención a emergencias de salud pública de importancia internacional."
2020-05-15,136,1,BOE-A-2020-5055,"MINISTERIO DE INDUSTRIA, COMERCIO Y TURISMO",estatal,Corrección,33183,33186,"Corrección de erratas de la Orden ICT/397/2020, de 30 de abril, por la que se actualizan los anexos I y II del Real Decreto 2028/1986, de 6 de junio, sobre las normas para la aplicación de determinadas directivas de la CEE, relativas a la homologación de tipo de vehículos automóviles, remolques, semirremolques, motocicletas, ciclomotores y vehículos agrícolas, así como de partes y piezas de dichos vehículos."
2020-05-16,137,1,BOE-A-2020-5081,MINISTERIO DE SANIDAD,estatal,Orden,33289,33290,"Orden SND/413/2020, de 15 de mayo, por la que se establecen medidas especiales para la inspección técnica de vehículos."
2020-05-16,138,1,BOE-A-2020-5088,MINISTERIO DE SANIDAD,estatal,Orden,33312,33344,"Orden SND/414/2020, de 16 de mayo, para la flexibilización de determinadas restricciones de ámbito nacional establecidas tras la declaración del estado de alarma en aplicación de la fase 2 del Plan para la transición hacia una nueva normalidad."
2020-05-17,139,1,BOE-A-2020-5089,"MINISTERIO DE TRANSPORTES, MOVILIDAD Y AGENDA URBANA",estatal,Orden,33345,33346,"Orden TMA/415/2020, de 17 de mayo, por la que se amplía la relación de puntos de entrada designados con capacidad de atención a emergencias de salud pública de importancia internacional."
2020-05-18,140,1,BOE-A-2020-5090,MINISTERIO PARA LA TRANSICIÓN ECOLÓGICA Y EL RETO DEMOGRÁFICO,estatal,Resolución,33347,33349,"Resolución de 12 de mayo de 2020, de la Dirección General de Política Energética y Minas, por la que se hacen públicos los nuevos precios de venta, antes de impuestos, de los gases licuados del petróleo por canalización."
2020-05-19,141,1,BOE-A-2020-5124,MINISTERIO DE DEFENSA,estatal,Orden,33491,33495,"Orden DEF/418/2020, de 14 de mayo, por la que se modifica la Orden DEF/1097/2012, de 24 de mayo, por la que se determinan las titulaciones requeridas para ingresar en los centros docentes militares de formación para acceso a las diferentes escalas de oficiales y suboficiales de las Fuerzas Armadas."
2020-05-19,141,1,BOE-A-2020-5125,"MINISTERIO DE TRANSPORTES, MOVILIDAD Y AGENDA URBANA",estatal,Orden,33496,33503,"Orden TMA/419/2020, de 18 de mayo, por la que se actualizan las medidas en materia de ordenación general de la navegación marítima adoptadas durante el estado de alarma para la gestión de la crisis sanitaria ocasionada por el COVID-19 al proceso de desescalada."
2020-05-20,142,1,BOE-A-2020-5138,JEFATURA DEL ESTADO,estatal,Corrección,33567,33567,"Corrección de errores del Real Decreto-ley 17/2020, de 5 de mayo, por el que se aprueban medidas de apoyo al sector cultural y de carácter tributario para hacer frente al impacto económico y social del COVID-2019."
2020-05-20,142,1,BOE-A-2020-5139,MINISTERIO DE DEFENSA,estatal,Orden,33568,33591,"Orden DEF/420/2020, de 14 de mayo, por la que se aprueban las normas por las que han de regirse los procesos de selección para el ingreso en los centros docentes militares de formación para la incorporación o adscripción a las escalas de oficiales y a las escalas técnicas de los Cuerpos de Ingenieros Politécnicos del Ejército de Tierra y de los Cuerpos de Ingenieros de la Armada y del Ejército del Aire."
2020-05-20,142,1,BOE-A-2020-5140,MINISTERIO DE ASUNTOS ECONÓMICOS Y TRANSFORMACIÓN DIGITAL,estatal,Resolución,33592,33595,"Resolución de 19 de mayo de 2020, de la Secretaría de Estado de Economía y Apoyo a la Empresa, por la que se publica el Acuerdo del Consejo de Ministros de 19 de mayo de 2020, por el que se instruye al Instituto de Crédito Oficial a poner en marcha el cuarto tramo de la línea de avales aprobada por el Real Decreto-ley 8/2020, de 17 de marzo, y se establece que sus beneficiarios sean las pequeñas y medianas empresas y autónomos afectados por las consecuencias económicas del COVID-19."
2020-05-20,142,1,BOE-A-2020-5141,MINISTERIO DE SANIDAD,estatal,Orden,33596,33599,"Orden SND/421/2020, de 18 de mayo, por la que se adoptan medidas relativas a la prórroga de las autorizaciones de estancia y residencia y/o trabajo y a otras situaciones de los extranjeros en España, en aplicación del Real Decreto 463/2020, de 14 de marzo, por el que se declara el estado de alarma para la gestión de la situación de crisis sanitaria ocasionada por el COVID-19."
2020-05-20,142,1,BOE-A-2020-5142,MINISTERIO DE SANIDAD,estatal,Orden,33600,33602,"Orden SND/422/2020, de 19 de mayo, por la que se regulan las condiciones para el uso obligatorio de mascarilla durante la situación de crisis sanitaria ocasionada por el COVID-19."
2020-05-21,143,1,BOE-A-2020-5190,MINISTERIO DE DEFENSA,estatal,Real Decreto,33781,33793,"Real Decreto 521/2020, de 19 de mayo, por el que se establece la organización básica de las Fuerzas Armadas."
2020-05-21,143,1,BOE-A-2020-5191,MINISTERIO DE DEFENSA,estatal,Resolución,33794,33795,"Resolución 420/38123/2020, de 19 de mayo, de la Subsecretaría, por la que se modifica el anexo de la Orden DEF/91/2008, de 22 de enero, por la que se desarrolla la organización y funcionamiento de las Delegaciones de Defensa."
2020-05-21,143,1,BOE-A-2020-5192,"MINISTERIO DE TRANSPORTES, MOVILIDAD Y AGENDA URBANA",estatal,Orden,33796,33799,"Orden TMA/424/2020, de 20 de mayo, por la que se modifican la Orden TMA/384/2020, de 3 de mayo, por la que se dictan instrucciones sobre la utilización de mascarillas en los distintos medios de transporte y se fijan requisitos para garantizar una movilidad segura de conformidad con el plan para la transición hacia una nueva normalidad; y la Orden TMA/419/2020, de 18 de mayo, por la que se actualizan las medidas en materia de ordenación general de la navegación marítima adoptadas durante el estado de alarma para la gestión de la crisis sanitaria ocasionada por el COVID-19 al proceso de desescalada."
2020-05-21,143,1,BOE-A-2020-5193,MINISTERIO DE CULTURA Y DEPORTE,estatal,Real Decreto,33800,33821,"Real Decreto 524/2020, de 19 de mayo, por el que se regula la concesión directa de subvenciones del Ministerio de Cultura y Deporte y sus organismos públicos a diversas entidades e instituciones culturales."
2020-05-22,144,1,BOE-A-2020-5217,CORTES GENERALES,estatal,Resolución,33926,33926,"Resolución de 20 de mayo de 2020, del Congreso de los Diputados, por la que se ordena la publicación del Acuerdo de convalidación del Real Decreto-ley 17/2020, de 5 de mayo, por el que se aprueban medidas de apoyo al sector cultural y de carácter tributario para hacer frente al impacto económico y social del COVID-2019."
2020-05-22,144,1,BOE-A-2020-5218,MINISTERIO DE SANIDAD,estatal,Orden,33927,33932,"Orden SND/427/2020, de 21 de mayo, por la que se flexibilizan ciertas restricciones derivadas de la emergencia sanitaria provocada por el COVID-19 a pequeños municipios y a entes locales de ámbito territorial inferior."
2020-05-23,145,1,BOE-A-2020-5240,CORTES GENERALES,estatal,Resolución,33992,33994,"Resolución de 20 de mayo de 2020, del Congreso de los Diputados, por la que se ordena la publicación del Acuerdo de autorización de la prórroga del estado de alarma declarado por el Real Decreto 463/2020, de 14 de marzo."
2020-05-23,145,1,BOE-A-2020-5241,MINISTERIO DE JUSTICIA,estatal,Orden,33995,33997,"Orden JUS/430/2020, de 22 de mayo, por la que se activa la Fase 2 del Plan de Desescalada para la Administración de Justicia ante el COVID-19."
2020-05-23,145,1,BOE-A-2020-5242,MINISTERIO DE HACIENDA,estatal,Resolución,33998,34000,"Resolución de 22 de mayo de 2020, de la Presidencia del Comisionado para el Mercado de Tabacos, por la que se publican los precios de venta al público de determinadas labores de tabaco en Expendedurías de Tabaco y Timbre del área del Monopolio."
2020-05-23,145,1,BOE-A-2020-5243,"MINISTERIO DE LA PRESIDENCIA, RELACIONES CON LAS CORTES Y MEMORIA DEMOCRÁTICA",estatal,Real Decreto,34001,34011,"Real Decreto 537/2020, de 22 de mayo, por el que se prorroga el estado de alarma declarado por el Real Decreto 463/2020, de 14 de marzo, por el que se declara el estado de alarma para la gestión de la situación de crisis sanitaria ocasionada por el COVID-19."
2020-05-23,145,1,BOE-A-2020-5244,COMUNIDAD AUTÓNOMA DE CATALUÑA,autonómico,Decreto-ley,34012,34015,"Decreto-ley 3/2020, de 11 de febrero, sobre el incremento retributivo para el año 2020 para el personal del sector público de la Generalidad de Cataluña."
2020-05-23,145,1,BOE-A-2020-5245,COMUNIDAD AUTÓNOMA DE CATALUÑA,autonómico,Decreto-ley,34016,34020,"Decreto-ley 4/2020, de 10 de marzo, por el que se establece un régimen transitorio para la concesión de las indemnizaciones y ayudas para mujeres víctimas de violencia machista, previstas en el Decreto 80/2015, de 26 de mayo."
2020-05-23,145,1,BOE-A-2020-5246,COMUNIDAD AUTÓNOMA DE CATALUÑA,autonómico,Decreto-ley,34021,34022,"Decreto-ley 5/2020, de 12 de marzo, de modificación de la Ley 29/2010, del 3 de agosto, del uso de los medios electrónicos en el sector público de Cataluña."
2020-05-23,145,1,BOE-A-2020-5247,COMUNIDAD AUTÓNOMA DE CATALUÑA,autonómico,Decreto-ley,34023,34027,"Decreto-ley 6/2020, de 12 de marzo, de medidas urgentes en materia asistencial, presupuestaria, financiera, fiscal y de contratación pública, con el fin de paliar los efectos de la pandemia generada por el coronavirus SARS-CoV-2."
2020-05-23,145,1,BOE-A-2020-5248,COMUNIDAD AUTÓNOMA DE CATALUÑA,autonómico,Decreto-ley,34028,34035,"Decreto-ley 7/2020, de 17 de marzo, de medidas urgentes en materia de contratación pública, de salud y gestión de residuos sanitarios, de transparencia, de transporte público y en materia tributaria y económica."
2020-05-23,145,1,BOE-A-2020-5249,COMUNIDAD AUTÓNOMA DE EXTREMADURA,autonómico,Decreto-ley,34036,34047,"Decreto-ley 7/2020, de 24 de abril, por el que se aprueban medidas urgentes en materia de educación, para paliar los efectos de la emergencia sanitaria provocada por el COVID-19."
2020-05-23,145,1,BOE-A-2020-5250,COMUNIDAD AUTÓNOMA DE EXTREMADURA,autonómico,Decreto-ley,34048,34121,"Decreto-ley 8/2020, de 24 de abril, por el que se adoptan medidas urgentes y extraordinarias para el mantenimiento y recuperación del empleo frente a la crisis ocasionada por el COVID-19."
2020-05-23,146,1,BOE-A-2020-5264,MINISTERIO DE SANIDAD,estatal,Orden,34258,34260,"Orden SND/439/2020, de 23 de mayo, por la que se prorrogan los controles en las fronteras interiores terrestres, aéreas y marítimas con motivo de la situación de crisis sanitaria ocasionada por el COVID-19."
2020-05-23,146,1,BOE-A-2020-5265,MINISTERIO DE SANIDAD,estatal,Orden,34261,34272,"Orden SND/440/2020, de 23 de mayo, por la que se modifican diversas órdenes para una mejor gestión de la crisis sanitaria ocasionada por el COVID-19 en aplicación del Plan para la transición hacia una nueva normalidad."
2020-05-23,146,1,BOE-A-2020-5266,MINISTERIO DE SANIDAD,estatal,Orden,34273,34274,"Orden SND/441/2020, de 23 de mayo, por la que se prorroga la Orden TMA/410/2020, de 14 de mayo, por la que se limita la entrada en España a las aeronaves y buques de pasaje a través de los puntos de entrada designados con capacidad de atención a emergencias de salud pública de importancia internacional."
2020-05-24,147,1,BOE-A-2020-5267,MINISTERIO DE SANIDAD,estatal,Orden,34275,34278,"Orden SND/442/2020, de 23 de mayo, por la que se modifica la Orden SND/399/2020, de 9 de mayo, para la flexibilización de determinadas restricciones de ámbito nacional, establecidas tras la declaración del estado de alarma en aplicación de la fase 1 del Plan para la transición hacia una nueva normalidad y la Orden SND/414/2020, de 16 de mayo, para la flexibilización de determinadas restricciones de ámbito nacional establecidas tras la declaración del estado de alarma en aplicación de la fase 2 del Plan para la transición hacia una nueva normalidad."
2020-05-25,148,1,BOE-A-2020-5268,COMUNIDAD AUTÓNOMA DE CATALUÑA,autonómico,Decreto-ley,34279,34287,"Decreto-ley 8/2020, de 24 de marzo, de modificación parcial del Decreto-ley 7/2020, de 17 de marzo, de medidas urgentes en materia de contratación pública, de salud y gestión de residuos sanitarios, de transparencia, de transporte público y en materia tributaria y económica, y de adopción de otras medidas complementarias."
2020-05-25,148,1,BOE-A-2020-5269,COMUNIDAD AUTÓNOMA DE CATALUÑA,autonómico,Decreto-ley,34288,34296,"Decreto-ley 9/2020, de 24 de marzo, por el que se regula la participación institucional, el diálogo social permanente y la concertación social de las organizaciones sindicales y empresariales más representativas en Cataluña."
2020-05-25,148,1,BOE-A-2020-5270,COMUNIDAD AUTÓNOMA DE CATALUÑA,autonómico,Decreto-ley,34297,34304,"Decreto-ley 10/2020, de 27 de marzo, por el que se establecen nuevas medidas extraordinarias para hacer frente al impacto sanitario, económico y social del COVID-19."
2020-05-26,149,1,BOE-A-2020-5285,"MINISTERIO DE TRANSPORTES, MOVILIDAD Y AGENDA URBANA",estatal,Orden,34374,34375,"Orden TMA/444/2020, de 25 de mayo, por la que se amplía la relación de puntos de entrada designados con capacidad de atención a emergencias de salud pública de importancia internacional."
2020-05-26,149,1,BOE-A-2020-5286,COMUNIDAD AUTÓNOMA DE CATALUÑA,autonómico,Corrección,34376,34387,"Corrección de errores del Decreto-ley 9/2020, de 24 de marzo, por el que se regula la participación institucional, el diálogo social permanente y la concertación social de las organizaciones sindicales y empresariales más representativas en Cataluña."
2020-05-26,149,1,BOE-A-2020-5287,COMUNITAT VALENCIANA,autonómico,Corrección,34388,34388,"Corrección de errores de la Ley 17/2018, de 11 de julio, de modificación de la Ley 21/2017, de 28 de diciembre, de medidas fiscales, de gestión administrativa y financiera, y de organización de la Generalitat."
2020-05-26,149,1,BOE-A-2020-5288,COMUNITAT VALENCIANA,autonómico,Corrección,34389,34389,"Corrección de errores de la Ley 9/2019, de 23 de diciembre, de medidas fiscales, de gestión administrativa y financiera, y de organización de la Generalitat."
2020-05-26,149,1,BOE-A-2020-5289,COMUNITAT VALENCIANA,autonómico,Corrección,34390,34402,"Corrección de errores de la Ley 9/2019, de 23 de diciembre, de medidas fiscales, de gestión administrativa y financiera, y de organización de la Generalitat."
2020-05-27,150,1,BOE-A-2020-5315,JEFATURA DEL ESTADO,estatal,Real Decreto-ley,34486,34517,"Real Decreto-ley 19/2020, de 26 de mayo, por el que se adoptan medidas complementarias en materia agraria, científica, económica, de empleo y Seguridad Social y tributarias para paliar los efectos del COVID-19."
2020-05-27,150,1,BOE-A-2020-5316,PRESIDENCIA DEL GOBIERNO,estatal,Real Decreto,34518,34518,"Real Decreto 538/2020, de 26 de mayo, por el que se declara luto oficial por los fallecidos como consecuencia de la pandemia COVID-19."
2020-05-27,150,1,BOE-A-2020-5317,"MINISTERIO DE TRANSPORTES, MOVILIDAD Y AGENDA URBANA",estatal,Resolución,34519,34520,"Resolución de 16 de mayo de 2020, de la Dirección General de Aviación Civil, por la que se pone fin a la adjudicación directa del servicio de transporte aéreo en las rutas aéreas Palma de Mallorca-Menorca y Palma de Mallorca-Ibiza durante el estado de alarma declarado con motivo del COVID-19."
2020-05-27,150,1,BOE-A-2020-5318,"MINISTERIO DE TRANSPORTES, MOVILIDAD Y AGENDA URBANA",estatal,Resolución,34521,34522,"Resolución de 22 de mayo de 2020, de la Dirección General de Aviación Civil, por la que se pone fin a la adjudicación directa del servicio de transporte aéreo en determinadas rutas aéreas del Archipiélago Canario durante el estado de alarma declarado con motivo del COVID-19."
2020-05-27,150,1,BOE-A-2020-5319,"MINISTERIO DE AGRICULTURA, PESCA Y ALIMENTACIÓN",estatal,Real Decreto,34523,34542,"Real Decreto 539/2020, de 26 de mayo, por el que se establecen las bases reguladoras de las subvenciones a explotaciones agrícolas y ganaderas por daños causados en la producción previstas en el artículo 3 del Real Decreto-ley 11/2019, de 20 de septiembre, por el que se adoptan medidas urgentes para paliar los daños causados por temporales y otras situaciones catastróficas, y se convocan dichas subvenciones para el ejercicio 2020."
2020-05-27,150,1,BOE-A-2020-5320,"MINISTERIO DE AGRICULTURA, PESCA Y ALIMENTACIÓN",estatal,Real Decreto,34543,34563,"Real Decreto 540/2020, de 26 de mayo, por el que se establecen las bases reguladoras de las subvenciones a explotaciones agrícolas y ganaderas por daños en elementos afectos a la explotación previstas en el artículo 4 del Real Decreto-ley 11/2019, de 20 de septiembre, por el que se adoptan medidas urgentes para paliar los daños causados por temporales y otras situaciones catastróficas, y se convocan dichas subvenciones para el ejercicio 2020."
2020-05-27,150,1,BOE-A-2020-5321,"MINISTERIO DE AGRICULTURA, PESCA Y ALIMENTACIÓN",estatal,Real Decreto,34564,34628,"Real Decreto 541/2020, de 26 de mayo, por el que se modifican diversos reales decretos en materia de control y certificación de plantas de vivero y otros materiales de reproducción."
2020-05-27,150,1,BOE-A-2020-5322,"MINISTERIO DE LA PRESIDENCIA, RELACIONES CON LAS CORTES Y MEMORIA DEMOCRÁTICA",estatal,Real Decreto,34629,34638,"Real Decreto 543/2020, de 26 de mayo, por el que se aprueba la provisión de plazas de las Fuerzas Armadas y de la Escala de Oficiales de la Guardia Civil para el año 2020."
2020-05-27,150,1,BOE-A-2020-5323,MINISTERIO DE SANIDAD,estatal,Orden,34639,34642,"Orden SND/445/2020, de 26 de mayo, por la que se modifica la Orden SND/271/2020, de 19 de marzo, por la que se establecen instrucciones sobre gestión de residuos en la situación de crisis sanitaria ocasionada por el COVID-19 y la Orden SND/414/2020, de 16 de mayo, para la flexibilización de determinadas restricciones de ámbito nacional establecidas tras la declaración del estado de alarma en aplicación de la fase 2 del Plan para la transición hacia una nueva normalidad."
2020-05-27,150,1,BOE-A-2020-5324,MINISTERIO DE CIENCIA E INNOVACIÓN,estatal,Real Decreto,34643,34648,"Real Decreto 545/2020, de 26 de mayo, por el que se regula la concesión directa de subvenciones a la Real Academia Española y a la Comisión Permanente de la Asociación de Academias de la Lengua Española, para la financiación de gastos de funcionamiento de su actividad."
2020-05-28,151,1,BOE-A-2020-5369,"MINISTERIO DE LA PRESIDENCIA, RELACIONES CON LAS CORTES Y MEMORIA DEMOCRÁTICA",estatal,Otras,35178,35178,"Corrección de errata del Real Decreto 543/2020, de 26 de mayo, por el que se aprueba la provisión de plazas de las Fuerzas Armadas y de la Escala de Oficiales de la Guardia Civil para el año 2020."
2020-05-28,151,1,BOE-A-2020-5370,MINISTERIO DE POLÍTICA TERRITORIAL Y FUNCIÓN PÚBLICA,estatal,Real Decreto,35179,35182,"Real Decreto 544/2020, de 26 de mayo, por el que se regula la concesión directa de una subvención a la Federación Española de Municipios y Provincias para la financiación de los gastos de funcionamiento de su actividad."
2020-05-28,151,1,BOE-A-2020-5371,COMUNIDAD AUTÓNOMA DE EXTREMADURA,autonómico,Corrección,35183,35194,"Corrección de errores del Decreto-ley 8/2020, de 24 de abril, por el que se adoptan medidas urgentes y extraordinarias para el mantenimiento y recuperación del empleo frente a la crisis ocasionada por el COVID-19."
2020-05-29,152,1,BOE-A-2020-5412,"MINISTERIO DE TRANSPORTES, MOVILIDAD Y AGENDA URBANA",estatal,Orden,35310,35311,"Orden TMA/454/2020, de 28 de mayo, por la que se amplía la relación de puntos de entrada designados con capacidad de atención a emergencias de salud pública de importancia internacional."
2020-05-29,152,1,BOE-A-2020-5413,"MINISTERIO DE AGRICULTURA, PESCA Y ALIMENTACIÓN",estatal,Orden,35312,35343,"Orden APA/455/2020, de 26 de mayo, por la que se modifican diversas órdenes ministeriales en materia de control y certificación de semillas y otros materiales de reproducción."
2020-05-29,152,1,BOE-A-2020-5414,MINISTERIO PARA LA TRANSICIÓN ECOLÓGICA Y EL RETO DEMOGRÁFICO,estatal,Orden,35344,35353,"Orden TED/456/2020, de 27 de mayo, por la que se aprueban cuotas extraordinarias a abonar a la Corporación de Reservas Estratégicas de Productos Petrolíferos como consecuencia de los efectos de la crisis ocasionada por el COVID-19."
2020-05-30,153,1,BOE-A-2020-5466,CORTES GENERALES,estatal,Resolución,35826,35826,"Resolución de 27 de mayo de 2020, del Congreso de los Diputados, por la que se ordena la publicación del Acuerdo de convalidación del Real Decreto-ley 18/2020, de 12 de mayo, de medidas sociales en defensa del empleo."
2020-05-30,153,1,BOE-A-2020-5467,MINISTERIO DE HACIENDA,estatal,Resolución,35827,35828,"Resolución de 29 de mayo de 2020, de la Presidencia del Comisionado para el Mercado de Tabacos, por la que se publican los precios de venta al público de determinadas labores de tabaco en Expendedurías de Tabaco y Timbre del área del Monopolio."
2020-05-30,153,1,BOE-A-2020-5468,MINISTERIO DE SANIDAD,estatal,Orden,35829,35831,"Orden SND/457/2020, de 29 de mayo, por la que se adoptan exenciones en el ámbito de las licencias de pilotos de aeronaves ultraligeras con motivo de la situación de crisis sanitaria ocasionada por el COVID-19."
2020-05-30,153,1,BOE-A-2020-5469,MINISTERIO DE SANIDAD,estatal,Orden,35832,35859,"Orden SND/458/2020, de 30 de mayo, para la flexibilización de determinadas restricciones de ámbito nacional establecidas tras la declaración del estado de alarma en aplicación de la fase 3 del Plan para la transición hacia una nueva normalidad."
2020-06-01,154,1,BOE-A-2020-5493,JEFATURA DEL ESTADO,estatal,Real Decreto-ley,36022,36065,"Real Decreto-ley 20/2020, de 29 de mayo, por el que se establece el ingreso mínimo vital."
2020-06-01,154,1,BOE-A-2020-5494,"MINISTERIO DE TRANSPORTES, MOVILIDAD Y AGENDA URBANA",estatal,Resolución,36066,36067,"Resolución de 8 de mayo de 2020, de Puertos del Estado, por la que se modifica el Anexo I de la Orden FOM/1194/2011, de 29 de abril, por la que se regula el procedimiento integrado de escala de buques en los puertos de interés general."
2020-06-02,155,1,BOE-A-2020-5567,MINISTERIO DE SANIDAD,estatal,Orden,36274,36281,"Orden SND/487/2020, de 1 de junio, por la que se establecen las condiciones a aplicar en las fases 2 y 3 del Plan para la Transición hacia una Nueva Normalidad en materia de servicios aéreos y marítimos."
2020-06-02,155,1,BOE-A-2020-5568,COMUNIDAD AUTÓNOMA DE CATALUÑA,autonómico,Ley,36282,36350,"Ley 4/2020, de 29 de abril, de presupuestos de la Generalidad de Cataluña para 2020."
2020-06-02,155,1,BOE-A-2020-5569,COMUNIDAD AUTÓNOMA DE CATALUÑA,autonómico,Ley,36351,36516,"Ley 5/2020, de 29 de abril, de medidas fiscales, financieras, administrativas y del sector público y de creación del impuesto sobre las instalaciones que inciden en el medio ambiente."
2020-06-03,156,1,BOE-A-2020-5604,"MINISTERIO DE LA PRESIDENCIA, RELACIONES CON LAS CORTES Y MEMORIA DEMOCRÁTICA",estatal,Real Decreto,36696,36699,"Real Decreto 551/2020, de 2 de junio, por el que se modifica el Reglamento General de la Seguridad Social de las Fuerzas Armadas, aprobado por el Real Decreto 1726/2007, de 21 de diciembre."
2020-06-03,156,1,BOE-A-2020-5605,MINISTERIO DE UNIVERSIDADES,estatal,Resolución,36700,36701,"Resolución de 29 de mayo de 2020, de la Secretaría General de Universidades, por la que se publica el Acuerdo de 27 de mayo de 2020, de la Conferencia General de Política Universitaria por el que se fijan los límites máximos de los precios públicos por estudios conducentes a la obtención de los títulos universitarios oficiales para el curso 2020-2021."
2020-06-04,157,1,BOE-A-2020-5644,"MINISTERIO DE ASUNTOS EXTERIORES, UNIÓN EUROPEA Y COOPERACIÓN",estatal,Corrección,36970,36970,"Corrección de errores a las Enmiendas al Acuerdo sobre transportes internacionales de mercancías perecederas y sobre vehículos especiales utilizados en esos transportes (ATP), adoptadas en Ginebra el 7 de octubre de 2016."
2020-06-04,157,1,BOE-A-2020-5645,MINISTERIO PARA LA TRANSICIÓN ECOLÓGICA,estatal,Corrección,36971,36971,"Corrección de erratas de la Resolución de 11 de diciembre de 2019, de la Secretaría de Estado de Energía, por la que se aprueban determinados procedimientos de operación para su adaptación al Real Decreto 244/2019, de 5 de abril, por el que se regulan las condiciones administrativas, técnicas y económicas del autoconsumo de energía eléctrica."
2020-06-04,157,1,BOE-A-2020-5646,MINISTERIO DE ASUNTOS ECONÓMICOS Y TRANSFORMACIÓN DIGITAL,estatal,Resolución,36972,36974,"Resolución de 2 de junio de 2020, de la Secretaría General del Tesoro y Financiación Internacional, por la que se actualiza el Anexo 1 incluido en la Resolución de 4 de julio de 2017, de la Secretaría General del Tesoro y Política Financiera, por la que se define el principio de prudencia financiera aplicable a las operaciones de endeudamiento y derivados de las comunidades autónomas y entidades locales."
2020-06-04,157,1,BOE-A-2020-5647,MINISTERIO DE SANIDAD,estatal,Orden,36975,36976,"Orden SND/493/2020, de 3 de junio, por la que se modifica la Orden TMA/279/2020, de 24 de marzo, por la que se establecen medidas en materia de transporte de animales."
2020-06-04,157,1,BOE-A-2020-5648,COMUNIDAD AUTÓNOMA DE CATALUÑA,autonómico,Decreto-ley,36977,36989,"Decreto-ley 11/2020, de 7 de abril, por el que se adoptan medidas económicas, sociales y administrativas para paliar los efectos de la pandemia generada por la COVID-19 y otras complementarias."
2020-06-04,157,1,BOE-A-2020-5649,COMUNIDAD AUTÓNOMA DE CATALUÑA,autonómico,Decreto-ley,36990,36999,"Decreto-ley 12/2020, de 10 de abril, por el que se adoptan medidas presupuestarias, en relación con el Sistema sanitario integral de utilización pública de Cataluña, en el ámbito tributario y en la estructura de la Administración de la Generalidad, para paliar los efectos de la pandemia generada por la COVID-19."
2020-06-04,157,1,BOE-A-2020-5650,COMUNIDAD AUTÓNOMA DE CATALUÑA,autonómico,Decreto-ley,37000,37006,"Decreto-ley 13/2020, de 21 de abril, por el que se adoptan medidas urgentes de carácter estructural y organizativo, así como medidas en el ámbito de las entidades del sector público de la Administración de la Generalidad."
2020-06-04,157,1,BOE-A-2020-5651,COMUNIDAD AUTÓNOMA DE CATALUÑA,autonómico,Decreto-ley,37007,37014,"Decreto-ley 14/2020, de 28 de abril, por el que se adoptan medidas en relación al Sistema sanitario integral de utilización pública de Cataluña, en el ámbito tributario y social, para paliar los efectos de la pandemia generada por la COVID-19 y de adopción de otras medidas urgentes con el mismo objetivo."
2020-06-05,158,1,BOE-A-2020-5705,MINISTERIO DE ASUNTOS ECONÓMICOS Y TRANSFORMACIÓN DIGITAL,estatal,Orden,37582,37584,"Orden ETD/496/2020, de 29 de mayo, por la que se acuerda la emisión, acuñación y puesta en circulación de monedas de colección ""Centenario de La Legión Española""."
2020-06-05,158,1,BOE-A-2020-5706,MINISTERIO DE ASUNTOS ECONÓMICOS Y TRANSFORMACIÓN DIGITAL,estatal,Orden,37585,37587,"Orden ETD/497/2020, de 29 de mayo, por la que se acuerda la emisión, acuñación y puesta en circulación de monedas de colección de la II Serie de ""V Centenario de la Vuelta al Mundo""."
2020-06-05,158,1,BOE-A-2020-5707,MINISTERIO DE ASUNTOS ECONÓMICOS Y TRANSFORMACIÓN DIGITAL,estatal,Orden,37588,37591,"Orden ETD/498/2020, de 29 de mayo, por la que se acuerda la emisión, acuñación y puesta en circulación de monedas de colección de la Serie Europa."
2020-06-05,158,1,BOE-A-2020-5708,MINISTERIO DE ASUNTOS ECONÓMICOS Y TRANSFORMACIÓN DIGITAL,estatal,Orden,37592,37594,"Orden ETD/499/2020, de 29 de mayo, por la que se acuerda la emisión, acuñación y puesta en circulación de monedas de colección de la XII Serie Iberoamericana ""Encuentro de Dos Mundos""."
2020-06-05,158,1,BOE-A-2020-5709,MINISTERIO DE IGUALDAD,estatal,Real Decreto,37595,37602,"Real Decreto 546/2020, de 26 de mayo, por el que se regula la concesión directa de una subvención a la Federación Española de Municipios y Provincias para la gestión del Servicio Telefónico de Atención y Protección para víctimas de la violencia de género."
2020-06-05,158,1,BOE-A-2020-5710,COMUNIDAD AUTÓNOMA DE EXTREMADURA,autonómico,Ley,37603,37623,"Ley 2/2020, de 4 de marzo, de apoyo, asistencia y reconocimiento a las víctimas de terrorismo de la Comunidad Autónoma de Extremadura."
2020-06-06,159,1,BOE-A-2020-5763,CORTES GENERALES,estatal,Resolución,38017,38019,"Resolución de 3 de junio de 2020, del Congreso de los Diputados, por la que se ordena la publicación del Acuerdo de autorización de la prórroga del estado de alarma declarado por el Real Decreto 463/2020, de 14 de marzo."
2020-06-06,159,1,BOE-A-2020-5764,MINISTERIO DE JUSTICIA,estatal,Orden,38020,38022,"Orden JUS/504/2020, de 5 de junio, por la que se activa la Fase 3 del Plan de Desescalada para la Administración de Justicia ante el COVID-19."
2020-06-06,159,1,BOE-A-2020-5765,MINISTERIO DE HACIENDA,estatal,Resolución,38023,38024,"Resolución de 5 de junio de 2020, de la Presidencia del Comisionado para el Mercado de Tabacos, por la que se publican los precios de venta al público de determinadas labores de tabaco en Expendedurías de Tabaco y Timbre del área de Península y Baleares."
2020-06-06,159,1,BOE-A-2020-5766,"MINISTERIO DE TRANSPORTES, MOVILIDAD Y AGENDA URBANA",estatal,Orden,38025,38026,"Orden TMA/505/2020, de 5 de junio, por la que se amplía la relación de puntos de entrada designados con capacidad de atención a emergencias de salud pública de importancia internacional."
2020-06-06,159,1,BOE-A-2020-5767,"MINISTERIO DE LA PRESIDENCIA, RELACIONES CON LAS CORTES Y MEMORIA DEMOCRÁTICA",estatal,Real Decreto,38027,38036,"Real Decreto 555/2020, de 5 de junio, por el que se prorroga el estado de alarma declarado por el Real Decreto 463/2020, de 14 de marzo, por el que se declara el estado de alarma para la gestión de la situación de crisis sanitaria ocasionada por el COVID-19."
2020-06-06,160,1,BOE-A-2020-5795,MINISTERIO DE SANIDAD,estatal,Orden,38119,38125,"Orden SND/507/2020, de 6 de junio, por la que se modifican diversas órdenes con el fin de flexibilizar determinadas restricciones de ámbito nacional y establecer las unidades territoriales que progresan a las fases 2 y 3 del Plan para la transición hacia una nueva normalidad."
2020-06-08,161,1,BOE-A-2020-5796,"MINISTERIO DE ASUNTOS EXTERIORES, UNIÓN EUROPEA Y COOPERACIÓN",estatal,Otras,38126,38127,"Prórroga de la aplicación de las disposiciones del Acuerdo de Asociación entre los Estados de África, del Caribe y del Pacífico, por una parte, y la Comunidad Europea y sus Estados Miembros, por otra, hecho en Cotonú el 23 de junio de 2000 (Acuerdo de asociación ACP-UE). Decisión n.º 3/2019 del Comité de Embajadores ACP-UE de 17 de diciembre de 2019 de adopción de medidas transitorias de conformidad con el artículo 95, apartado 4, del Acuerdo de Asociación ACP-UE (2020/2)."
2020-06-09,162,1,BOE-A-2020-5834,"MINISTERIO DE ASUNTOS EXTERIORES, UNIÓN EUROPEA Y COOPERACIÓN",estatal,Resolución,38317,38391,"Resolución de 4 de junio de 2020, de la Secretaría General Técnica, sobre aplicación del artículo 24.2 de la Ley 25/2014, de 27 de noviembre, de Tratados y otros Acuerdos Internacionales."
2020-06-09,162,1,BOE-A-2020-5835,"MINISTERIO DE AGRICULTURA, PESCA Y ALIMENTACIÓN",estatal,Orden,38392,38396,"Orden APA/508/2020, de 5 de junio, por la que, como consecuencia de la aplicación del estado de alarma declarado por el Real Decreto 463/2020, de 14 de marzo, se adecúan ciertas condiciones y plazos previstos en el Real Decreto 169/2018, de 23 de marzo, por el que se establecen las bases reguladoras para la concesión de subvenciones a la ejecución de proyectos de innovación de interés general por grupos operativos de la Asociación Europea para la Innovación en materia de productividad y sostenibilidad agrícolas."
2020-06-10,163,1,BOE-A-2020-5895,JEFATURA DEL ESTADO,estatal,Real Decreto-ley,38723,38752,"Real Decreto-ley 21/2020, de 9 de junio, de medidas urgentes de prevención, contención y coordinación para hacer frente a la crisis sanitaria ocasionada por el COVID-19."
2020-06-10,163,1,BOE-A-2020-5896,MINISTERIO DE DEFENSA,estatal,Real Decreto,38753,38755,"Real Decreto 556/2020, de 9 de junio, por el que se modifica el Real Decreto 35/2010, de 15 de enero, por el que se aprueba el Reglamento de ingreso y promoción y de ordenación de la enseñanza de formación en las Fuerzas Armadas."
2020-06-10,163,1,BOE-A-2020-5897,"MINISTERIO DE TRANSPORTES, MOVILIDAD Y AGENDA URBANA",estatal,Resolución,38756,38757,"Resolución de 8 de junio de 2020, de la Dirección General de Aviación Civil, por la que se adecúan los niveles de servicio del transporte aéreo sometido a obligaciones de servicio público, para adaptarlo a la evolución de la demanda en el proceso de desescalada de la crisis sanitaria ocasionada por el COVID-19."
2020-06-10,163,1,BOE-A-2020-5898,"MINISTERIO DE AGRICULTURA, PESCA Y ALIMENTACIÓN",estatal,Real Decreto,38758,38777,"Real Decreto 557/2020, de 9 de junio, por el que se adoptan medidas extraordinarias en el sector del vino para hacer frente a la crisis causada por la pandemia de COVID-19, y por el que se fija una norma de comercialización en el sector del vino y se modifica la regulación sobre declaraciones obligatorias en el sector vitivinícola y el programa de apoyo al sector del vino."
2020-06-10,163,1,BOE-A-2020-5899,"MINISTERIO DE AGRICULTURA, PESCA Y ALIMENTACIÓN",estatal,Real Decreto,38778,38800,"Real Decreto 558/2020, de 9 de junio, por el que se modifican distintos reales decretos que establecen normativa básica de desarrollo de reglamentos de la Unión Europea en materia de frutas y hortalizas y vitivinicultura."
2020-06-10,163,1,BOE-A-2020-5900,"MINISTERIO DE LA PRESIDENCIA, RELACIONES CON LAS CORTES Y MEMORIA DEMOCRÁTICA",estatal,Orden,38801,38859,"Orden PCM/509/2020, de 3 de junio, por la que se regulan las especialidades en la Guardia Civil."
2020-06-10,163,1,BOE-A-2020-5901,COMUNIDAD AUTÓNOMA DE CATALUÑA,autonómico,Corrección,38860,38876,"Corrección de errores de la Ley 5/2020, de 29 de abril, de medidas fiscales, financieras, administrativas y del sector público y de creación del impuesto sobre las instalaciones que inciden en el medio ambiente."
2020-06-11,164,1,BOE-A-2020-5971,"MINISTERIO DE TRANSPORTES, MOVILIDAD Y AGENDA URBANA",estatal,Orden,39111,39113,"Orden TMA/512/2020, de 5 de junio, por la que se modifica el apartado quinto del anexo I del Decreto 1675/1972, de 26 de junio, por el que se aprueban las tarifas a aplicar por el uso de la red de ayudas a la navegación aérea (Eurocontrol) y se modifica el tipo de interés por mora en el pago de dichas tarifas."
2020-06-11,164,1,BOE-A-2020-5972,"MINISTERIO DE AGRICULTURA, PESCA Y ALIMENTACIÓN",estatal,Orden,39114,39116,"Orden APA/513/2020, de 8 de junio, por la que se modifican los Anexos I y II del Real Decreto 389/2011, de 18 de marzo, por el que se establecen los baremos de indemnización por el sacrificio de animales en el marco de los programas nacionales de lucha, control o erradicación de la tuberculosis bovina, brucelosis bovina, brucelosis ovina y caprina, lengua azul y encefalopatías espongiformes transmisibles."
2020-06-12,165,1,BOE-A-2020-6022,CORTES GENERALES,estatal,Resolución,39564,39564,"Resolución de 10 de junio de 2020, del Congreso de los Diputados, por la que se ordena la publicación del Acuerdo de convalidación del Real Decreto-ley 19/2020, de 26 de mayo, por el que se adoptan medidas complementarias en materia agraria, científica, económica, de empleo y Seguridad Social y tributarias para paliar los efectos del COVID-19."
2020-06-12,165,1,BOE-A-2020-6023,CORTES GENERALES,estatal,Resolución,39565,39565,"Resolución de 10 de junio de 2020, del Congreso de los Diputados, por la que se ordena la publicación del Acuerdo de convalidación del Real Decreto-ley 20/2020, de 29 de mayo, por el que se establece el ingreso mínimo vital."
2020-06-12,165,1,BOE-A-2020-6024,MINISTERIO DE SANIDAD,estatal,Orden,39566,39571,"Orden SND/518/2020, de 11 de junio, por la que se regula la autorización de un programa piloto de apertura de corredores turísticos seguros en la Comunidad Autónoma de Illes Balears mediante el levantamiento parcial de los controles temporales en las fronteras interiores establecidos con motivo de la situación de crisis sanitaria ocasionada por el COVID-19."
2020-06-12,165,1,BOE-A-2020-6025,MINISTERIO DE SANIDAD,estatal,Resolución,39572,39574,"Resolución de 2 de junio de 2020, de la Dirección General de Cartera Común de Servicios del Sistema Nacional de Salud y Farmacia, por la que se publica el Acuerdo del Consejo de Ministros de 3 de marzo de 2020, por el que se establece el régimen económico de los medicamentos huérfanos, al amparo de la previsión del artículo 3.3 del texto refundido de la Ley de garantías y uso racional de medicamentos y productos sanitarios, aprobado por Real Decreto Legislativo 1/2015, de 24 de julio."
2020-06-13,166,1,BOE-A-2020-6087,MINISTERIO DE HACIENDA,estatal,Resolución,39944,39945,"Resolución de 12 de junio de 2020, de la Presidencia del Comisionado para el Mercado de Tabacos, por la que se publican los precios de venta al público de determinadas labores de tabaco en Expendedurías de Tabaco y Timbre del área del Monopolio."
2020-06-13,166,1,BOE-A-2020-6088,MINISTERIO DE SANIDAD,estatal,Orden,39946,39951,"Orden SND/520/2020, de 12 de junio, por la que se modifican diversas órdenes para la flexibilización de determinadas restricciones de ámbito nacional establecidas tras la declaración del estado de alarma y se establecen las unidades territoriales que progresan a la fase 3 del Plan para la transición hacia una nueva normalidad."
2020-06-15,167,1,BOE-A-2020-6106,MINISTERIO PARA LA TRANSICIÓN ECOLÓGICA Y EL RETO DEMOGRÁFICO,estatal,Resolución,40006,40008,"Resolución de 4 de junio de 2020, de la Dirección General de Política Energética y Minas, por la que se hacen públicos los nuevos precios de venta, antes de impuestos, de los gases licuados del petróleo por canalización."
2020-06-15,167,1,BOE-A-2020-6107,MINISTERIO DE SANIDAD,estatal,Orden,40009,40012,"Orden SND/521/2020, de 13 de junio, por la que se prorrogan los criterios para la aplicación de una restricción temporal de viajes no imprescindibles desde terceros países a la Unión Europea y países asociados Schengen por razones de orden público y salud pública con motivo de la crisis sanitaria ocasionada por el COVID-19."
2020-06-16,168,1,BOE-A-2020-6185,"MINISTERIO DE TRANSPORTES, MOVILIDAD Y AGENDA URBANA",estatal,Resolución,40293,40295,"Resolución de 27 de mayo de 2020, de la Dirección General de Aviación Civil, por la que se actualiza el Anexo III de la Orden PRE/2059/2011, de 18 de julio, por la que se regula la valoración de la formación teórica y práctica y la experiencia como piloto adquiridas al servicio de las Fuerzas Armadas españolas o de la Guardia Civil para la obtención de los títulos y licencias requeridos a los pilotos de helicópteros civiles."
2020-06-16,168,1,BOE-A-2020-6186,BANCO DE ESPAÑA,estatal,Instrucción o circular,40296,40317,"Circular 2/2020, de 11 de junio, del Banco de España, por la que se modifica la Circular 4/2017, de 27 de noviembre, a entidades de crédito, sobre normas de información financiera pública y reservada, y modelos de estados financieros."
2020-06-16,168,1,BOE-A-2020-6187,BANCO DE ESPAÑA,estatal,Instrucción o circular,40318,40324,"Circular 3/2020, de 11 de junio, del Banco de España, por la que se modifica la Circular 4/2017, de 27 de noviembre, a entidades de crédito, sobre normas de información financiera pública y reservada, y modelos de estados financieros."
2020-06-16,168,1,BOE-A-2020-6188,COMUNITAT VALENCIANA,autonómico,Decreto-ley,40325,40328,"Decreto-ley 5/2020, de 29 de mayo, de medidas urgentes en el ámbito de los servicios sociales y de apoyo al tercer sector de acción social por la Covid-19."
2020-06-17,169,1,BOE-A-2020-6232,JEFATURA DEL ESTADO,estatal,Real Decreto-ley,40624,40633,"Real Decreto-ley 22/2020, de 16 de junio, por el que se regula la creación del Fondo COVID-19 y se establecen las reglas relativas a su distribución y libramiento."
2020-06-17,169,1,BOE-A-2020-6233,"MINISTERIO DE AGRICULTURA, PESCA Y ALIMENTACIÓN",estatal,Real Decreto,40634,40637,"Real Decreto 568/2020, de 16 de junio, por el que se designa a la autoridad notificante, y se determinan otras obligaciones, en cumplimiento del Reglamento (UE) 2019/1009 del Parlamento Europeo y del Consejo, de 5 de junio de 2019, por el que se establecen disposiciones relativas a la puesta a disposición en el mercado de los productos fertilizantes UE y se modifican los Reglamentos (CE) n.º 1069/2009 y (CE) n.º 1107/2009 y se deroga el Reglamento (CE) n.º 2003/2003."
2020-06-17,169,1,BOE-A-2020-6234,"MINISTERIO DE LA PRESIDENCIA, RELACIONES CON LAS CORTES Y MEMORIA DEMOCRÁTICA",estatal,Orden,40638,40641,"Orden PCM/531/2020, de 16 de junio, por la que se publica el Acuerdo del Consejo de Ministros de 16 de junio de 2020, por el que se establecen los puertos y aeropuertos españoles designados como ""Puntos de Entrada con capacidad de atención a Emergencias de Salud Pública de Importancia Internacional"", según lo establecido en el Reglamento Sanitario Internacional (RSI-2005), para hacer frente a la crisis sanitaria ocasionada por el COVID-19."
2020-06-17,169,1,BOE-A-2020-6235,MINISTERIO PARA LA TRANSICIÓN ECOLÓGICA Y EL RETO DEMOGRÁFICO,estatal,Real Decreto,40642,40676,"Real Decreto 569/2020, de 16 de junio, por el que se regula el programa de incentivos a la movilidad eficiente y sostenible (Programa MOVES II) y se acuerda la concesión directa de las ayudas de este programa a las comunidades autónomas y a las ciudades de Ceuta y Melilla."
2020-06-17,169,1,BOE-A-2020-6236,MINISTERIO DE ASUNTOS ECONÓMICOS Y TRANSFORMACIÓN DIGITAL,estatal,Resolución,40677,40683,"Resolución de 16 de junio de 2020, de la Secretaría de Estado de Economía y Apoyo a la Empresa, por la que se publica el Acuerdo del Consejo de Ministros de 16 de junio de 2020, por el que se establecen los términos y condiciones del quinto tramo de la línea de avales a préstamos concedidos a empresas y autónomos, a préstamos concedidos a pymes y autónomos del sector turístico y actividades conexas, y financiación concedida a empresas y autónomos para la adquisición de vehículos de motor de transporte por carretera de uso profesional, y se autorizan límites para adquirir compromisos de gasto con cargo a ejercicios futuros, en aplicación de lo dispuesto en el artículo 47 de la Ley 47/2003, de 26 de noviembre, General Presupuestaria."
2020-06-17,169,1,BOE-A-2020-6237,MINISTERIO DE DERECHOS SOCIALES Y AGENDA 2030,estatal,Real Decreto,40684,40689,"Real Decreto 571/2020, de 16 de junio, por el que se aprueban las normas especiales reguladoras de la subvención que se otorgará en régimen de concesión directa al Consejo de la Juventud de España para garantizar su funcionamiento en 2020."
2020-06-18,170,1,BOE-A-2020-6307,"MINISTERIO DE INDUSTRIA, COMERCIO Y TURISMO",estatal,Orden,41562,41563,"Orden ICT/534/2020, de 16 de junio, por la que se amplía el anexo de la Orden SND/518/2020, de 11 de junio, por la que se regula la autorización de un programa piloto de apertura de corredores turísticos seguros en la Comunidad Autónoma de Illes Balears mediante el levantamiento parcial de los controles temporales en las fronteras interiores establecidos con motivo de la situación de crisis sanitaria ocasionada por el COVID-19."
2020-06-18,170,1,BOE-A-2020-6308,"MINISTERIO DE AGRICULTURA, PESCA Y ALIMENTACIÓN",estatal,Corrección,41564,41564,"Corrección de errores del Real Decreto 557/2020, de 9 de junio, por el que se adoptan medidas extraordinarias en el sector del vino para hacer frente a la crisis causada por la pandemia de COVID-19, y por el que se fija una norma de comercialización en el sector del vino y se modifica la regulación sobre declaraciones obligatorias en el sector vitivinícola y el programa de apoyo al sector del vino."
2020-06-18,170,1,BOE-A-2020-6309,MINISTERIO DE ASUNTOS ECONÓMICOS Y TRANSFORMACIÓN DIGITAL,estatal,Corrección,41565,41569,"Corrección de erratas de la Resolución de 16 de junio de 2020, de la Secretaría de Estado de Economía y Apoyo a la Empresa, por la que se publica el Acuerdo del Consejo de Ministros de 16 de junio de 2020, por el que se establecen los términos y condiciones del quinto tramo de la línea de avales a préstamos concedidos a empresas y autónomos, a préstamos concedidos a pymes y autónomos del sector turístico y actividades conexas, y financiación concedida a empresas y autónomos para la adquisición de vehículos de motor de transporte por carretera de uso profesional, y se autorizan límites para adquirir compromisos de gasto con cargo a ejercicios futuros, en aplicación de lo dispuesto en el artículo 47 de la Ley 47/2003, de 26 de noviembre, General Presupuestaria."
2020-06-18,170,1,BOE-A-2020-6310,MINISTERIO DE SANIDAD,estatal,Orden,41570,41573,"Orden SND/535/2020, de 17 de junio, por la que se modifica la Orden SND/414/2020, de 16 de mayo, para la flexibilización de determinadas restricciones de ámbito nacional establecidas tras la declaración del estado de alarma en aplicación de la fase 2 del Plan para la transición hacia una nueva normalidad, y la Orden SND/458/2020, de 30 de mayo, para la flexibilización de determinadas restricciones de ámbito nacional establecidas tras la declaración del estado de alarma en aplicación de la fase 3 del Plan para la transición hacia una nueva normalidad."
2020-06-19,171,1,BOE-A-2020-6422,MINISTERIO PARA LA TRANSICIÓN ECOLÓGICA Y EL RETO DEMOGRÁFICO,estatal,Real Decreto,42222,42243,"Real Decreto 553/2020, de 2 de junio, por el que se regula el traslado de residuos en el interior del territorio del Estado."
2020-06-19,171,1,BOE-A-2020-6423,MINISTERIO DE ASUNTOS ECONÓMICOS Y TRANSFORMACIÓN DIGITAL,estatal,Resolución,42244,42246,"Resolución de 12 de junio de 2020, de la Subsecretaría, por la que se establece el pago voluntario por vía telemática de la tasa por inscripción en el registro administrativo de distribuidores de seguros y reaseguros."
2020-06-19,171,1,BOE-A-2020-6424,COMUNIDAD AUTÓNOMA DE CATALUÑA,autonómico,Corrección,42247,42252,"Corrección de errores de la Ley 5/2020, de 29 de abril, de medidas fiscales, financieras, administrativas y del sector público y de creación del impuesto sobre las instalaciones que inciden en el medio ambiente."
2020-06-19,171,1,BOE-A-2020-6425,COMUNIDAD AUTÓNOMA DE CATALUÑA,autonómico,Decreto-ley,42253,42254,"Decreto-ley 15/2020, de 5 de mayo, por el que se autoriza al Consejo Catalán del Deporte para prestar garantía, durante el ejercicio 2020, hasta una cuantía máxima global de 8.000.000 de euros, a favor del Instituto Catalán de Finanzas, para el otorgamiento de préstamos para facilitar la liquidez de las entidades deportivas inscritas en el Registro de Entidades Deportivas, afectadas por la situación derivada de la COVID-19."
2020-06-19,171,1,BOE-A-2020-6426,COMUNIDAD AUTÓNOMA DE CATALUÑA,autonómico,Decreto-ley,42255,42276,"Decreto-ley 16/2020, de 5 de mayo, de medidas urgentes complementarias en materia de transparencia, ayudas de carácter social, contratación y movilidad para hacer frente a la COVID-19."
2020-06-19,171,1,BOE-A-2020-6427,COMUNIDAD AUTÓNOMA DE CATALUÑA,autonómico,Decreto-ley,42277,42279,"Decreto-ley 17/2020, de 12 de mayo, de medidas complementarias en relación con el Sistema sanitario integral de utilización pública de Cataluña para hacer frente a la COVID-19."
2020-06-19,171,1,BOE-A-2020-6428,COMUNIDAD AUTÓNOMA DE CATALUÑA,autonómico,Decreto-ley,42280,42285,"Decreto-ley 19/2020, de 19 de mayo, de medidas complementarias en materia social y sanitaria para paliar los efectos de la pandemia generada por COVID-19."
2020-06-20,172,1,BOE-A-2020-6471,MINISTERIO DE HACIENDA,estatal,Resolución,42485,42487,"Resolución de 19 de junio de 2020, de la Presidencia del Comisionado para el Mercado de Tabacos, por la que se publican los precios de venta al público de determinadas labores de tabaco en Expendedurías de Tabaco y Timbre del área del Monopolio."
2020-06-20,172,1,BOE-A-2020-6472,"MINISTERIO DE LA PRESIDENCIA, RELACIONES CON LAS CORTES Y MEMORIA DEMOCRÁTICA",estatal,Real Decreto,42488,42519,"Real Decreto 542/2020, de 26 de mayo, por el que se modifican y derogan diferentes disposiciones en materia de calidad y seguridad industrial."
2020-06-20,172,1,BOE-A-2020-6473,"MINISTERIO DE LA PRESIDENCIA, RELACIONES CON LAS CORTES Y MEMORIA DEMOCRÁTICA",estatal,Real Decreto,42520,42533,"Real Decreto 552/2020, de 2 de junio, sobre compensación al transporte marítimo y aéreo de mercancías incluidas en el Anexo I del Tratado de Funcionamiento de la Unión Europea, con origen o destino en las Islas Canarias."
2020-06-20,172,1,BOE-A-2020-6474,MINISTERIO DE SANIDAD,estatal,Resolución,42534,42536,"Resolución de 19 de junio de 2020, de la Agencia Española de Medicamentos y Productos Sanitarios, por la que se establece el listado de los medicamentos considerados esenciales en la gestión de la crisis sanitaria ocasionada por el COVID-19, en virtud de lo dispuesto en el artículo 19.1 del Real Decreto-ley 21/2020, de 9 de junio, de medidas urgentes de prevención, contención y coordinación para hacer frente a la crisis sanitaria ocasionada por el COVID-19."
2020-06-22,173,1,BOE-A-2020-6508,MINISTERIO DEL INTERIOR,estatal,Orden,42758,42759,"Orden INT/550/2020, de 21 de junio, por la que se prorrogan los controles en las fronteras interiores con Portugal temporalmente restablecidos con motivo de la situación de crisis sanitaria ocasionada por el COVID-19."
2020-06-22,173,1,BOE-A-2020-6509,MINISTERIO DEL INTERIOR,estatal,Orden,42760,42763,"Orden INT/551/2020, de 21 de junio, por la que se prorrogan los criterios para la aplicación de una restricción temporal de viajes no imprescindibles desde terceros países a la Unión Europea y países asociados Schengen por razones de orden público y salud pública con motivo de la crisis sanitaria ocasionada por el COVID-19."
2020-06-22,173,1,BOE-A-2020-6510,MINISTERIO DE EDUCACIÓN Y FORMACIÓN PROFESIONAL,estatal,Real Decreto,42764,42876,"Real Decreto 522/2020, de 19 de mayo, por el que se establece una cualificación profesional de la familia profesional Química, que se incluye en el Catálogo Nacional de Cualificaciones Profesionales, y se modifica el Real Decreto 295/2004, de 20 de febrero, y el Real Decreto 1087/2005, de 16 de septiembre."
2020-06-22,173,1,BOE-A-2020-6511,MINISTERIO DE EDUCACIÓN Y FORMACIÓN PROFESIONAL,estatal,Orden,42877,42902,"Orden EFP/552/2020, de 16 de junio, por la que se actualiza, de acuerdo con el Real Decreto 817/2014, de 26 de septiembre, una cualificación profesional de la Familia Profesional Seguridad y Medio Ambiente, recogida en el Catálogo Nacional de Cualificaciones Profesionales, establecida por el Real Decreto 295/2004, de 20 de febrero."
2020-06-22,173,1,BOE-A-2020-6512,MINISTERIO DE EDUCACIÓN Y FORMACIÓN PROFESIONAL,estatal,Orden,42903,43005,"Orden EFP/553/2020, de 16 de junio, por la que se actualizan, de acuerdo con el Real Decreto 817/2014, de 26 de septiembre, determinadas cualificaciones profesionales de la Familia Profesional Artes Gráficas, recogidas en el Catálogo Nacional de Cualificaciones Profesionales, establecidas por el Real Decreto 1955/2009, de 18 de diciembre."
2020-06-22,173,1,BOE-A-2020-6513,"MINISTERIO DE LA PRESIDENCIA, RELACIONES CON LAS CORTES Y MEMORIA DEMOCRÁTICA",estatal,Real Decreto,43006,43008,"Real Decreto 523/2020, de 19 de mayo, por el que se modifica el Real Decreto 1049/2003, de 1 de agosto, por el que se aprueba la Norma de calidad relativa a la miel."
2020-06-22,173,1,BOE-A-2020-6514,MINISTERIO DE ASUNTOS ECONÓMICOS Y TRANSFORMACIÓN DIGITAL,estatal,Orden,43009,43016,"Orden ETD/554/2020, de 15 de junio, por la que se aprueban los modelos de información estadística, contable y a efectos de supervisión de los fondos de pensiones y sus entidades gestoras."
2020-06-24,175,1,BOE-A-2020-6621,JEFATURA DEL ESTADO,estatal,Real Decreto-ley,43879,43927,"Real Decreto-ley 23/2020, de 23 de junio, por el que se aprueban medidas en materia de energía y en otros ámbitos para la reactivación económica."
2020-06-24,175,1,BOE-A-2020-6622,"MINISTERIO DE LA PRESIDENCIA, RELACIONES CON LAS CORTES Y MEMORIA DEMOCRÁTICA",estatal,Real Decreto,43928,43936,"Real Decreto 586/2020, de 23 de junio, relativo a la información obligatoria en caso de emergencia nuclear o radiológica."
2020-06-25,176,1,BOE-A-2020-6696,TRIBUNAL CONSTITUCIONAL,estatal,Resolución judicial,44226,44226,"Conflicto positivo de competencia n.º 6116-2019, en relación con el Acuerdo Gov/90/2019, de 25 de junio, del Gobierno de la Generalidad de Cataluña, por el que se aprueba el Plan estratégico de acción exterior y de relaciones con la Unión Europea 2019-2022."
2020-06-26,177,1,BOE-A-2020-6742,TRIBUNAL CONSTITUCIONAL,estatal,Resolución judicial,44413,44413,"Cuestión de inconstitucionalidad n.º 1344-2020, en relación con el artículo 238 bis, último párrafo, de la Ley de Enjuiciamiento Criminal, en la redacción dada por la Ley 13/2009, de 3 de noviembre, por posible vulneración de los arts. 24.1 y 117.3 CE."
2020-06-26,177,1,BOE-A-2020-6743,MINISTERIO DE HACIENDA,estatal,Orden,44414,44604,"Orden HAC/565/2020, de 12 de junio, por la que se aprueban los modelos de declaración del Impuesto sobre Sociedades y del Impuesto sobre la Renta de no Residentes correspondiente a establecimientos permanentes y a entidades en régimen de atribución de rentas constituidas en el extranjero con presencia en territorio español, para los períodos impositivos iniciados entre el 1 de enero y el 31 de diciembre de 2019, se dictan instrucciones relativas al procedimiento de declaración e ingreso y se establecen las condiciones generales y el procedimiento para su presentación electrónica."
2020-06-26,177,1,BOE-A-2020-6744,MINISTERIO DE HACIENDA,estatal,Orden,44605,44608,"Orden HAC/566/2020, de 12 de junio, por la que se modifica la Orden HAC/998/2019, de 23 de septiembre, por la que se regula el cumplimiento de la obligación de llevanza de la contabilidad de los productos objeto de los Impuestos Especiales de Fabricación."
2020-06-26,177,1,BOE-A-2020-6745,"MINISTERIO DE TRANSPORTES, MOVILIDAD Y AGENDA URBANA",estatal,Real Decreto,44609,44640,"Real Decreto 550/2020, de 2 de junio, por el que se determinan las condiciones de seguridad de las actividades de buceo."
2020-06-27,178,1,BOE-A-2020-6838,JEFATURA DEL ESTADO,estatal,Real Decreto-ley,45244,45273,"Real Decreto-ley 24/2020, de 26 de junio, de medidas sociales de reactivación del empleo y protección del trabajo autónomo y de competitividad del sector industrial."
2020-06-27,178,1,BOE-A-2020-6839,MINISTERIO DE HACIENDA,estatal,Resolución,45274,45275,"Resolución de 26 de junio de 2020, de la Presidencia del Comisionado para el Mercado de Tabacos, por la que se publican los precios de venta al público de determinadas labores de tabaco en Expendedurías de Tabaco y Timbre del área de Península y Baleares."
2020-06-27,178,1,BOE-A-2020-6840,MINISTERIO DE IGUALDAD,estatal,Orden,45276,45280,"Orden IGD/577/2020, de 24 de junio, por la que se crea el Consejo de Participación de las Personas lesbianas, gais, trans, bisexuales e intersexuales (LGTBI) y se regula su funcionamiento."
2020-06-30,180,1,BOE-A-2020-6901,CORTES GENERALES,estatal,Resolución,45470,45470,"Resolución de 25 de junio de 2020, del Congreso de los Diputados, por la que se ordena la publicación del Acuerdo de convalidación del Real Decreto-ley 21/2020, de 9 de junio, de medidas urgentes de prevención, contención y coordinación para hacer frente a la crisis sanitaria ocasionada por el COVID-19."
2020-06-30,180,1,BOE-A-2020-6902,MINISTERIO DEL INTERIOR,estatal,Orden,45471,45474,"Orden INT/578/2020, de 29 de junio, por la que se modifican los criterios para la aplicación de una restricción temporal de viajes no imprescindibles desde terceros países a la Unión Europea y países asociados Schengen por razones de orden público y salud pública con motivo de la crisis sanitaria ocasionada por el COVID-19."
2020-06-30,180,1,BOE-A-2020-6903,"MINISTERIO DE AGRICULTURA, PESCA Y ALIMENTACIÓN",estatal,Orden,45475,45480,"Orden APA/579/2020, de 29 de junio, por la que se modifica la Orden APA/514/2019, de 26 de abril, por la que se fijan normas para la aplicación de las exenciones a la obligación de desembarque y para la mejora en la selectividad de los artes."
2020-06-30,180,1,BOE-A-2020-6904,MINISTERIO PARA LA TRANSICIÓN ECOLÓGICA Y EL RETO DEMOGRÁFICO,estatal,Resolución,45481,45483,"Resolución de 23 de junio de 2020, de la Dirección General de Política Energética y Minas, por la que se publica la tarifa de último recurso de gas natural."
2020-07-01,181,1,BOE-A-2020-6924,"MINISTERIO DE ASUNTOS EXTERIORES, UNIÓN EUROPEA Y COOPERACIÓN",estatal,Real Decreto,45616,45623,"Real Decreto 566/2020, de 16 de junio, por el que se regula la concesión directa de subvenciones en materia de cooperación y promoción cultural por la Agencia Española de Cooperación Internacional para el Desarrollo."
2020-07-01,181,1,BOE-A-2020-6925,MINISTERIO DEL INTERIOR,estatal,Real Decreto,45624,45632,"Real Decreto 613/2020, de 30 de junio, por el que se establecen las distinciones de funcionaria o funcionario honorario y miembro honorario de la Policía Nacional."
2020-07-01,181,1,BOE-A-2020-6926,"MINISTERIO DE AGRICULTURA, PESCA Y ALIMENTACIÓN",estatal,Real Decreto,45633,45638,"Real Decreto 617/2020, de 30 de junio, por el que se modifica el Real Decreto 1363/2018, de 2 de noviembre, para la aplicación de las medidas del programa de apoyo 2019-2023 al sector vitivinícola español."
2020-07-01,181,1,BOE-A-2020-6927,MINISTERIO DE SANIDAD,estatal,Resolución,45639,45644,"Resolución de 29 de junio de 2020, de la Dirección General de Salud Pública, Calidad e Innovación, relativa a los controles sanitarios a realizar en los puntos de entrada de España."
2020-07-01,181,1,BOE-A-2020-6928,COMUNIDAD FORAL DE NAVARRA,autonómico,Decreto-ley,45645,45661,"Decreto-ley Foral 4/2020, de 29 de abril, por el que se aprueban medidas urgentes para responder al impacto generado por la crisis sanitaria del coronavirus (COVID-19)."
2020-07-01,181,1,BOE-A-2020-6929,COMUNIDAD FORAL DE NAVARRA,autonómico,Decreto-ley,45662,45670,"Decreto-ley Foral 5/2020, de 20 de mayo, por el que se aprueban medidas urgentes para responder al impacto generado por la crisis sanitaria del coronavirus (COVID-19)."
2020-07-02,182,1,BOE-A-2020-7044,"MINISTERIO DE LA PRESIDENCIA, RELACIONES CON LAS CORTES Y MEMORIA DEMOCRÁTICA",estatal,Real Decreto,46127,46145,"Real Decreto 618/2020, de 30 de junio, por el que se establecen mejoras en las condiciones de trabajo en el sector pesquero."
2020-07-02,182,1,BOE-A-2020-7045,"MINISTERIO DE LA PRESIDENCIA, RELACIONES CON LAS CORTES Y MEMORIA DEMOCRÁTICA",estatal,Resolución,46146,46148,"Resolución de 30 de junio de 2020, de la Subsecretaría, por la que se publica la Resolución de 25 de junio de 2020, conjunta de la Secretaría de Estado de Educación y la Secretaría General de Universidades, por la que, a consecuencia de la crisis sanitaria ocasionada por el COVID-19, se establecen nuevas adaptaciones de la evaluación de Bachillerato para el acceso a la Universidad a las necesidades y situación de los centros españoles situados en el exterior del territorio nacional, los programas educativos en el exterior, los programas internacionales, el alumnado procedente de sistemas educativos extranjeros y las enseñanzas a distancia, en el curso 2019-2020."
2020-07-03,183,1,BOE-A-2020-7140,MINISTERIO DEL INTERIOR,estatal,Orden,46710,46712,"Orden INT/595/2020, de 2 de julio, por la que se modifican los criterios para la aplicación de una restricción temporal de viajes no imprescindibles desde terceros países a la Unión Europea y países asociados Schengen por razones de orden público y salud pública con motivo de la crisis sanitaria ocasionada por el COVID-19."
2020-07-04,184,1,BOE-A-2020-7274,MINISTERIO DE HACIENDA,estatal,Resolución,47500,47501,"Resolución de 3 de julio de 2020, de la Presidencia del Comisionado para el Mercado de Tabacos, por la que se publican los precios de venta al público de determinadas labores de tabaco en Expendedurías de Tabaco y Timbre del área del Monopolio."
2020-07-04,184,1,BOE-A-2020-7275,"MINISTERIO DE TRANSPORTES, MOVILIDAD Y AGENDA URBANA",estatal,Resolución,47502,47503,"Resolución de 18 de junio de 2020, de la Entidad pública Empresarial ENAIRE, por la que se modifica la de 15 de octubre de 2010, de Aeropuertos Españoles y Navegación Aérea, por la que se crea la sede electrónica de la Entidad Pública Empresarial Aeropuertos Españoles y Navegación Aérea; y se deroga parcialmente la Resolución de 2 de diciembre de 2015."
2020-07-04,184,1,BOE-A-2020-7276,"MINISTERIO DE LA PRESIDENCIA, RELACIONES CON LAS CORTES Y MEMORIA DEMOCRÁTICA",estatal,Resolución,47504,47517,"Resolución de 2 de julio de 2020, de la Subsecretaría, por la que se publica la Instrucción conjunta de la Dirección General de Migraciones y de la Dirección General de la Policía, por la que se determina el procedimiento para la expedición del documento de residencia previsto en el artículo 18.4 del Acuerdo de Retirada del Reino Unido de Gran Bretaña e Irlanda del Norte de la Unión Europea y de la Comunidad Europea de la Energía Atómica."
2020-07-04,184,1,BOE-A-2020-7277,MINISTERIO PARA LA TRANSICIÓN ECOLÓGICA Y EL RETO DEMOGRÁFICO,estatal,Real Decreto,47518,47530,"Real Decreto 570/2020, de 16 de junio, por el que se regula el procedimiento administrativo para la autorización previa de importación en el territorio nacional de especies alóctonas con el fin de preservar la biodiversidad autóctona española."
2020-07-04,184,1,BOE-A-2020-7278,MINISTERIO PARA LA TRANSICIÓN ECOLÓGICA Y EL RETO DEMOGRÁFICO,estatal,Real Decreto,47531,47538,"Real Decreto 587/2020, de 23 de junio, por el que se regula la concesión directa de dos subvenciones a la Universidad Politécnica de Madrid y al Servicio de Salud del Principado de Asturias en materia de seguridad minera."
2020-07-04,184,1,BOE-A-2020-7279,MINISTERIO DE ASUNTOS ECONÓMICOS Y TRANSFORMACIÓN DIGITAL,estatal,Resolución,47539,47541,"Resolución de 3 de julio de 2020, de la Secretaría General del Tesoro y Financiación Internacional, por la que se actualiza el Anexo 1 incluido en la Resolución de 4 de julio de 2017 de la Secretaría General del Tesoro y Política Financiera, por la que se define el principio de prudencia financiera aplicable a las operaciones de endeudamiento y derivados de las comunidades autónomas y entidades locales."
2020-07-06,185,1,BOE-A-2020-7311,JEFATURA DEL ESTADO,estatal,Real Decreto-ley,47684,47742,"Real Decreto-ley 25/2020, de 3 de julio, de medidas urgentes para apoyar la reactivación económica y el empleo."
2020-07-06,185,1,BOE-A-2020-7312,"MINISTERIO DE ASUNTOS EXTERIORES, UNIÓN EUROPEA Y COOPERACIÓN",estatal,Tratado o acuerdo internacional,47743,47744,"Modificación del Acuerdo entre el Ministerio de Trabajo, Migraciones y Seguridad Social del Reino de España y la Organización Internacional para las Migraciones (OIM), para la realización de proyectos en las áreas temáticas de reasentamiento, retorno voluntario asistido y reintegración, reubicación e integración, hecho en Madrid el 20 de agosto de 2019."
2020-07-06,185,1,BOE-A-2020-7313,"MINISTERIO DE ASUNTOS EXTERIORES, UNIÓN EUROPEA Y COOPERACIÓN",estatal,Tratado o acuerdo internacional,47745,47751,"Canje de Notas constitutivo de Acuerdo entre el Reino de España y la República de Costa Rica sobre el reconocimiento recíproco y el canje de los permisos de conducción nacionales, hecho en Madrid el 26 de septiembre y el 24 de octubre de 2018."
2020-07-06,185,1,BOE-A-2020-7314,MINISTERIO DE EDUCACIÓN Y FORMACIÓN PROFESIONAL,estatal,Real Decreto,47752,47888,"Real Decreto 567/2020, de 16 de junio, por el que se establecen determinadas cualificaciones profesionales de la familia profesional Actividades Físicas y Deportivas, que se incluyen en el Catálogo Nacional de Cualificaciones Profesionales, y se modifica el Real Decreto 1087/2005, de 16 de septiembre."
2020-07-07,186,1,BOE-A-2020-7379,MINISTERIO DE HACIENDA,estatal,Resolución,48234,48236,"Resolución de 1 de julio de 2020, del Departamento de Recaudación de la Agencia Estatal de Administración Tributaria, por la que se habilitan trámites y actuaciones a través del canal telefónico, mediante el sistema de firma no avanzada con clave de acceso en un registro previo (sistema cl@ve pin)."
2020-07-07,186,1,BOE-A-2020-7380,MINISTERIO DE CULTURA Y DEPORTE,estatal,Orden,48237,48238,"Orden CUD/614/2020, de 3 de julio, por la que se habilita el mes de agosto a los efectos de presentación de candidaturas o celebración de votaciones en los procesos electorales en las federaciones deportivas españolas a celebrar en 2020."
2020-07-07,186,1,BOE-A-2020-7381,TRIBUNAL SUPREMO,estatal,Resolución judicial,48239,48239,"Sentencia de 6 de marzo de 2020, de la Sala Tercera, Sección Tercera, del Tribunal Supremo, que estima el recurso contencioso-administrativo número 1/91/2018 interpuesto por Uber BV, contra el Real Decreto 1076/2017, de 29 de diciembre, por el que se establecen normas complementarias al Reglamento de la Ley de Ordenación de los Transportes Terrestres, aprobado por Real Decreto 1211/1990, de 28 de septiembre, en relación con la explotación de las autorizaciones de arrendamiento de vehículos con conductor."
2020-07-07,186,1,BOE-A-2020-7382,COMUNIDAD AUTÓNOMA DE CATALUÑA,autonómico,Ley,48240,48249,"Ley 6/2020, de 18 de junio, de protección, conservación y puesta en valor de los olivos y olivares monumentales."
2020-07-07,186,1,BOE-A-2020-7383,COMUNIDAD AUTÓNOMA DE CATALUÑA,autonómico,Decreto-ley,48250,48253,"Decreto-ley 18/2020, de 12 de mayo, de medidas urgentes en materia de urbanismo, fianzas y ambiental."
2020-07-07,186,1,BOE-A-2020-7384,COMUNIDAD AUTÓNOMA DE CATALUÑA,autonómico,Decreto-ley,48254,48257,"Decreto-ley 20/2020, de 26 de mayo, por el que se adoptan varias medidas en materia de deportes como consecuencia del estado de alarma decretado por razón del COVID-19."
2020-07-08,187,1,BOE-A-2020-7432,JEFATURA DEL ESTADO,estatal,Real Decreto-ley,48573,48624,"Real Decreto-ley 26/2020, de 7 de julio, de medidas de reactivación económica para hacer frente al impacto del COVID-19 en los ámbitos de transportes y vivienda."
2020-07-08,187,1,BOE-A-2020-7433,TRIBUNAL CONSTITUCIONAL,estatal,Resolución judicial,48625,48625,"Recurso de inconstitucionalidad n.º 2295-2020, contra disposiciones adicional sexta y séptima, disposición transitoria segunda y disposición final primera del Real Decreto-ley 15/2020, de 21 de abril, de medidas urgentes complementarias para apoyar la economía y el empleo."
2020-07-08,187,1,BOE-A-2020-7434,TRIBUNAL CONSTITUCIONAL,estatal,Resolución judicial,48626,48626,"Recurso de inconstitucionalidad n.º 2313-2020, contra disposición final cuarta (apartado cinco) de la Ley 10/2019, de 20 de diciembre, de Presupuestos Generales de la Junta de Comunidades de Castilla-La Mancha para 2020."
2020-07-08,187,1,BOE-A-2020-7435,TRIBUNAL CONSTITUCIONAL,estatal,Resolución judicial,48627,48627,"Cuestión de inconstitucionalidad n.º 1514-2020, en relación con el artículo 40.4, apartados a) y c), de la Ley 7/2007, de 9 de julio, de Gestión Integrada de la Calidad Ambiental, de la Comunidad Autónoma de Andalucía, por posible vulneración del art. 149.1.23.ª de la CE."
2020-07-08,187,1,BOE-A-2020-7436,"MINISTERIO DE LA PRESIDENCIA, RELACIONES CON LAS CORTES Y MEMORIA DEMOCRÁTICA",estatal,Resolución,48628,48630,"Resolución de 7 de julio de 2020, de la Subsecretaría, por la que se publica la Resolución de 5 de julio de 2020, conjunta de la Secretaría de Estado de Educación y la Secretaría General de Universidades, por la que se prevé la adaptación de las condiciones de realización de las pruebas para la evaluación de Bachillerato para el acceso a la Universidad a las necesidades y situación de los centros españoles situados en el exterior del territorio nacional, los programas educativos en el exterior, los programas internacionales, el alumnado procedente de sistemas educativos extranjeros y las enseñanzas a distancia, en el curso 2019-2020, derivadas tanto de la situación sanitaria ocasionada por la pandemia producida por el COVID-19, como de las medidas adoptadas para contenerla por las autoridades de sus respectivos países."
2020-07-08,187,1,BOE-A-2020-7438,MINISTERIO PARA LA TRANSICIÓN ECOLÓGICA Y EL RETO DEMOGRÁFICO,estatal,Real Decreto,48659,48721,"Real Decreto 646/2020, de 7 de julio, por el que se regula la eliminación de residuos mediante depósito en vertedero."
2020-07-08,187,1,BOE-A-2020-7439,MINISTERIO PARA LA TRANSICIÓN ECOLÓGICA Y EL RETO DEMOGRÁFICO,estatal,Real Decreto,48722,48757,"Real Decreto 647/2020, de 7 de julio, por el que se regulan aspectos necesarios para la implementación de los códigos de red de conexión de determinadas instalaciones eléctricas."
2020-07-08,187,1,BOE-A-2020-7437,MINISTERIO DE POLÍTICA TERRITORIAL Y FUNCIÓN PÚBLICA,estatal,Real Decreto,48631,48658,"Real Decreto 644/2020, de 7 de julio, por el que se desarrolla la estructura orgánica básica del Ministerio de Asuntos Exteriores, Unión Europea y Cooperación, y se modifica el Real Decreto 139/2020, de 28 de enero, por el que se establece la estructura orgánica básica de los departamentos ministeriales."
2020-07-08,187,1,BOE-A-2020-7440,COMUNIDAD AUTÓNOMA DE EXTREMADURA,autonómico,Decreto-ley,48758,48775,"Decreto-ley 9/2020, de 8 de mayo, por el que se aprueba una subvención para refuerzo del sistema de garantías de Extremadura, se establecen ayudas financieras a autónomos y empresas, y se adoptan medidas en materia de espectáculos públicos y actividades recreativas y de patrimonio histórico y cultural, para afrontar los efectos negativos del COVID-19."
2020-07-08,187,1,BOE-A-2020-7441,COMUNIDAD AUTÓNOMA DE EXTREMADURA,autonómico,Decreto-ley,48776,48789,"Decreto-ley 10/2020, de 22 de mayo, de medidas urgentes para la reactivación económica en materia de edificación y ordenación del territorio destinadas a dinamizar el tejido económico y social de Extremadura, para afrontar los efectos negativos de la COVID-19."
2020-07-08,187,1,BOE-A-2020-7442,COMUNIDAD AUTÓNOMA DE EXTREMADURA,autonómico,Decreto-ley,48790,48805,"Decreto-ley 11/2020, de 29 de mayo, de medidas urgentes complementarias en materia tributaria para responder al impacto económico del COVID-19 en la Comunidad Autónoma de Extremadura y otras medidas adicionales."
2020-07-09,188,1,BOE-A-2020-7506,"MINISTERIO DE ASUNTOS EXTERIORES, UNIÓN EUROPEA Y COOPERACIÓN",estatal,Tratado o acuerdo internacional,48958,48963,"Protocolo entre el Reino de España y la República de la India hecho en Nueva Delhi el 26 de octubre de 2012, que modifica el Convenio y el Protocolo entre el Reino de España y la República de la India para evitar la doble imposición y prevenir la evasión fiscal en materia de impuestos sobre la renta y sobre el patrimonio, firmados en Nueva Delhi el 8 de febrero de 1993."
2020-07-09,188,1,BOE-A-2020-7507,MINISTERIO DE HACIENDA,estatal,Orden,48964,48967,"Orden HAC/626/2020, de 6 de julio, por la que se modifica la Orden HAC/1271/2019, de 9 de diciembre, por la que se aprueban las normas de desarrollo de lo dispuesto en el artículo 26 del Reglamento de los Impuestos Especiales, aprobado por Real Decreto 1165/1995, de 7 de julio, sobre marcas fiscales previstas para bebidas derivadas."
2020-07-09,188,1,BOE-A-2020-7509,MINISTERIO PARA LA TRANSICIÓN ECOLÓGICA Y EL RETO DEMOGRÁFICO,estatal,Orden,49003,49006,"Orden TED/627/2020, de 3 de julio, por la que se establecen orientaciones de política energética a la Comisión Nacional de los Mercados y la Competencia."
2020-07-09,188,1,BOE-A-2020-7508,MINISTERIO DE POLÍTICA TERRITORIAL Y FUNCIÓN PÚBLICA,estatal,Real Decreto,48968,49002,"Real Decreto 645/2020, de 7 de julio, por el que se desarrolla la estructura orgánica básica del Ministerio de Transportes, Movilidad y Agenda Urbana."
2020-07-09,188,1,BOE-A-2020-7510,TRIBUNAL SUPREMO,estatal,Resolución judicial,49007,49007,"Sentencia de 10 de marzo de 2020, de la Sala Tercera del Tribunal Supremo, que estima parcialmente el recurso contencioso-administrativo 1/213/2018, interpuesto por la Comisión Nacional de los Mercados y la Competencia contra el Real Decreto 1076/2017, de 29 de diciembre, por el que se establecen normas complementarias al Reglamento de la Ley de Ordenación de los Transportes Terrestres, aprobado por Real Decreto 1211/1990, de 28 de septiembre, en relación con la explotación de las autorizaciones de arrendamiento de vehículos con conductor."
2020-07-10,189,1,BOE-A-2020-7596,CONSEJO GENERAL DEL PODER JUDICIAL,estatal,Resolución judicial,49387,49387,"Acuerdo de 25 de junio de 2020, del Pleno del Consejo General del Poder Judicial, por el que se declara la nulidad de pleno derecho del artículo 82.2 del Reglamento 1/2000, de 26 de julio, de los Órganos de Gobierno de los Tribunales, respecto del inciso ""será de aplicación lo dispuesto en el artículo 340 de la Ley Orgánica del Poder Judicial""."
2020-07-10,189,1,BOE-A-2020-7597,"MINISTERIO DE ASUNTOS EXTERIORES, UNIÓN EUROPEA Y COOPERACIÓN",estatal,Tratado o acuerdo internacional,49388,49400,"Convenio entre el Reino de España, el Banco Interamericano de Desarrollo y la Corporación Interamericana de Inversiones, para la modificación y reformulación del Fondo General de Cooperación de España en aplicación del Acuerdo Marco entre el Reino de España, el Banco Interamericano de Desarrollo y la Corporación Interamericana de Inversiones, hecho en Buenos Aires el 30 de noviembre de 2018."
2020-07-10,189,1,BOE-A-2020-7598,TRIBUNAL SUPREMO,estatal,Resolución judicial,49401,49401,"Sentencia de 27 de febrero de 2020, de la Sala Tercera del Tribunal Supremo, que estima parcialmente el recurso contencioso-administrativo 1/546/2017, interpuesto por la Generalitat de Cataluña, contra el Real Decreto 617/2017, de 16 de junio, por el que se regula la concesión directa de ayudas para la adquisición de vehículos de energías alternativas, y para la implantación de puntos de recarga de vehículos eléctricos en 2017 (Plan Movea 2017)."
2020-07-11,190,1,BOE-A-2020-7722,MINISTERIO DE HACIENDA,estatal,Resolución,50355,50358,"Resolución de 10 de julio de 2020, de la Presidencia del Comisionado para el Mercado de Tabacos, por la que se publican los precios de venta al público de determinadas labores de tabaco en Expendedurías de Tabaco y Timbre del área del Monopolio."
2020-07-11,190,1,BOE-A-2020-7723,MINISTERIO DE CIENCIA E INNOVACIÓN,estatal,Orden,50359,50361,"Orden CIN/636/2020, de 6 de julio, por la que se crea una oficina de asistencia en materia de registros del Ministerio de Ciencia e Innovación."
2020-07-14,192,1,BOE-A-2020-7794,MINISTERIO DE POLÍTICA TERRITORIAL Y FUNCIÓN PÚBLICA,estatal,Resolución,50726,50738,"Resolución de 8 de julio de 2020, de la Secretaría de Estado de Política Territorial y Función Pública, por la que se establecen nuevos modelos de títulos administrativos y hojas de servicio en formato electrónico del personal incluido en el ámbito del Registro Central de Personal."
2020-07-14,192,1,BOE-A-2020-7795,TRIBUNAL SUPREMO,estatal,Resolución judicial,50739,50739,"Sentencia de 10 de marzo de 2020, de la Sala Tercera, Sección Tercera, del Tribunal Supremo, que estima parcialmente el recurso contencioso-administrativo 1/279/2018, interpuesto por el Consejo General de Colegios Oficiales de Ingenieros Industriales y el Colegio Nacional de Ingenieros procedentes del Instituto Católico de Artes e Industrias (I.C.A.I.), contra el Real Decreto 132/2018, de 16 de marzo, por el que se aprueban los Estatutos Generales de los Colegios Oficiales de Ingenieros Técnicos Industriales y Peritos Industriales de España y de su Consejo General."
2020-07-14,192,1,BOE-A-2020-7796,COMISIÓN NACIONAL DE LOS MERCADOS Y LA COMPETENCIA,estatal,Instrucción o circular,50740,50770,"Circular 5/2020, de 9 de julio, de la Comisión Nacional de los Mercados y la Competencia, por la que se regula la gestión del mecanismo de fomento del uso de biocarburantes y otros combustibles renovables con fines de transporte y se modifica la Circular 2/2017, de 8 de febrero, por la que se regulan los procedimientos de constitución, gestión y reparto del fondo de pagos compensatorios del mecanismo de fomento del uso de biocarburantes y otros combustibles renovables con fines de transporte."
2020-07-15,193,1,BOE-A-2020-7861,"MINISTERIO DE ASUNTOS EXTERIORES, UNIÓN EUROPEA Y COOPERACIÓN",estatal,Orden,51241,51241,"Orden AUC/640/2020, de 26 de junio, por la que se reorganiza la Red de Consulados Honorarios de España en Canadá."
2020-07-15,193,1,BOE-A-2020-7862,MINISTERIO DE JUSTICIA,estatal,Real Decreto,51242,51247,"Real Decreto 663/2020, de 14 de julio, por el que se extiende la jurisdicción del Juzgado de Violencia sobre la Mujer de Algeciras a los Partidos Judiciales de La Línea de La Concepción y de San Roque."
2020-07-15,193,1,BOE-A-2020-7863,MINISTERIO DE HACIENDA,estatal,Orden,51248,51289,"Orden HAC/641/2020, de 14 de julio, por la que se dictan las normas para la elaboración de los Presupuestos Generales del Estado para 2021."
2020-07-15,193,1,BOE-A-2020-7864,MINISTERIO DE TRABAJO Y ECONOMÍA SOCIAL,estatal,Real Decreto,51290,51301,"Real Decreto 664/2020, de 14 de julio, por el que se regula la concesión directa de determinadas subvenciones en el ámbito del empleo y de la formación profesional para el empleo, para el ejercicio presupuestario 2020."
2020-07-15,193,1,BOE-A-2020-7865,MINISTERIO DE POLÍTICA TERRITORIAL Y FUNCIÓN PÚBLICA,estatal,Real Decreto,51302,51305,"Real Decreto 665/2020, de 14 de julio, de traspaso de funciones y servicios de la Administración del Estado a la Comunidad Autónoma del País Vasco en materia de ejecución de la legislación laboral: ayudas previas a la jubilación ordinaria a trabajadores afectados por expedientes de despido colectivo."
2020-07-15,193,1,BOE-A-2020-7866,MINISTERIO DE POLÍTICA TERRITORIAL Y FUNCIÓN PÚBLICA,estatal,Real Decreto,51306,51309,"Real Decreto 666/2020, de 14 de julio, de traspaso de funciones y servicios de la Administración del Estado a la Comunidad Autónoma del País Vasco en materia de ejecución de la legislación del Estado sobre productos farmacéuticos."
2020-07-15,193,1,BOE-A-2020-7867,MINISTERIO DE POLÍTICA TERRITORIAL Y FUNCIÓN PÚBLICA,estatal,Real Decreto,51310,51313,"Real Decreto 667/2020, de 14 de julio, de traspaso a la Comunidad Autónoma del País Vasco de los medios adscritos a la gestión de las prestaciones sanitarias del seguro escolar."
2020-07-15,193,1,BOE-A-2020-7868,MINISTERIO DE CIENCIA E INNOVACIÓN,estatal,Real Decreto,51314,51321,"Real Decreto 668/2020, de 14 de julio, por el que se regula la concesión directa de diversas subvenciones al Instituto de España, a las Reales Academias y a otras entidades."
2020-07-15,193,1,BOE-A-2020-7869,BANCO DE ESPAÑA,estatal,Instrucción o circular,51322,51341,"Circular 4/2020, de 26 de junio, del Banco de España, sobre publicidad de los productos y servicios bancarios."
2020-07-16,194,1,BOE-A-2020-7937,JEFATURA DEL ESTADO,estatal,Ley,51989,51995,"Ley 1/2020, de 15 de julio, por la que se deroga el despido objetivo por faltas de asistencia al trabajo establecido en el artículo 52.d) del texto refundido de la Ley del Estatuto de los Trabajadores, aprobado por el Real Decreto Legislativo 2/2015, de 23 de octubre."
2020-07-16,194,1,BOE-A-2020-7938,JEFATURA DEL ESTADO,estatal,Corrección,51996,51996,"Corrección de errores del Real Decreto-ley 24/2020, de 26 de junio, de medidas sociales de reactivación del empleo y protección del trabajo autónomo y de competitividad del sector industrial."
2020-07-16,194,1,BOE-A-2020-7939,"MINISTERIO DE ASUNTOS EXTERIORES, UNIÓN EUROPEA Y COOPERACIÓN",estatal,Tratado o acuerdo internacional,51997,51998,"Enmienda a los artículos 21 y 22 del Convenio para la unificación de ciertas reglas para el Transporte Aéreo Internacional, hecho en Montreal el 28 de mayo de 1999."
2020-07-16,194,1,BOE-A-2020-7940,MINISTERIO DE POLÍTICA TERRITORIAL Y FUNCIÓN PÚBLICA,estatal,Resolución,51999,51999,"Resolución de 14 de julio de 2020, de la Secretaría de Estado de Política Territorial y Función Pública, por la que se corrigen errores en la de 8 de julio de 2020, por la que se establecen nuevos modelos de títulos administrativos y hojas de servicio en formato electrónico del personal incluido en el ámbito del Registro Central de Personal."
2020-07-16,194,1,BOE-A-2020-7941,TRIBUNAL SUPREMO,estatal,Resolución judicial,52000,52000,"Sentencia de 29 de mayo de 2020, de la Sala Tercera del Tribunal Supremo, que estima parcialmente el recurso contencioso-administrativo número 1/54/2018, interpuesto por la Asociación Empresarial Multisectorial CECOT contra la Orden ETU/1283/2017, de 22 de diciembre, por la que se establecen los peajes y cánones asociados al acceso de terceros a las instalaciones gasistas y la retribución de las actividades reguladas para el año 2018."
2020-07-16,194,1,BOE-A-2020-7942,COMUNIDAD AUTÓNOMA DE CATALUÑA,autonómico,Ley,52001,52012,"Ley 7/2020, de 2 de julio, de la Agencia de la Naturaleza de Cataluña."
2020-07-17,195,1,BOE-A-2020-8005,"MINISTERIO DE ASUNTOS EXTERIORES, UNIÓN EUROPEA Y COOPERACIÓN",estatal,Tratado o acuerdo internacional,52406,52423,"Acuerdo Administrativo Internacional entre el Organismo de Obras Públicas y Socorro de las Naciones Unidas para los Refugiados de Palestina en el Cercano Oriente (UNRWA) y el Ministerio de Asuntos Exteriores, Unión Europea y Cooperación del Reino de España, hecho en Jerusalén el 6 de abril de 2020."
2020-07-17,195,1,BOE-A-2020-8006,"MINISTERIO DE TRANSPORTES, MOVILIDAD Y AGENDA URBANA",estatal,Resolución,52424,52465,"Resolución de 9 de julio de 2020, de la Dirección de la Agencia Estatal de Seguridad Aérea, por la que se publican las Directrices operativas para la gestión de pasajeros aéreos y personal de aviación con relación a la pandemia COVID-19."
2020-07-17,195,1,BOE-A-2020-8007,TRIBUNAL SUPREMO,estatal,Resolución judicial,52466,52466,"Sentencia de 29 de junio de 2020, de la Sala Tercera del Tribunal Supremo, que declara estimar parcialmente el recurso contencioso-administrativo 113/2019, contra el Real Decreto 46/2019, de 8 de febrero, por el que se regula la pesquería de atún rojo en el Atlántico Oriental y el Mediterráneo."
2020-07-17,195,1,BOE-A-2020-8008,COMUNIDAD AUTÓNOMA DE LAS ILLES BALEARS,autonómico,Ley,52467,52468,"Ley 1/2020, de 3 de junio, de modificación del artículo 51 de la Ley 23/2006, de 20 de diciembre, de capitalidad de Palma."
2020-07-17,195,1,BOE-A-2020-8009,COMUNIDAD AUTÓNOMA DE LAS ILLES BALEARS,autonómico,Decreto-ley,52469,52479,"Decreto-ley 6/2020, de 1 de abril, por el que se establecen medidas sociales urgentes para paliar los efectos de la situación creada por el COVID-19 y de fomento de la investigación sanitaria."
2020-07-17,195,1,BOE-A-2020-8010,COMUNIDAD AUTÓNOMA DE LAS ILLES BALEARS,autonómico,Decreto-ley,52480,52486,"Decreto-ley 7/2020, de 8 de mayo, por el que se establecen medidas urgentes en el ámbito de la educación, para hacer frente a los efectos de la emergencia sanitaria ocasionada por el COVID-19."
2020-07-17,195,1,BOE-A-2020-8011,COMUNIDAD AUTÓNOMA DE LAS ILLES BALEARS,autonómico,Decreto-ley,52487,52575,"Decreto-ley 8/2020, de 13 de mayo, de medidas urgentes y extraordinarias para el impulso de la actividad económica y la simplificación administrativa en el ámbito de las administraciones públicas de las Illes Balears para paliar los efectos de la crisis ocasionada por la COVID-19."
2020-07-17,195,1,BOE-A-2020-8012,COMUNIDAD AUTÓNOMA DE LAS ILLES BALEARS,autonómico,Decreto-ley,52576,52588,"Decreto-ley 9/2020, de 25 de mayo, de medidas urgentes de protección del territorio de las Illes Balears."
2020-07-17,195,1,BOE-A-2020-8013,COMUNIDAD AUTÓNOMA DE LAS ILLES BALEARS,autonómico,Decreto-ley,52589,52624,"Decreto-ley 10/2020, de 12 de junio, de prestaciones sociales de carácter económico de las Illes Balears."
2020-07-18,196,1,BOE-A-2020-8093,CORTES GENERALES,estatal,Resolución,53497,53497,"Resolución de 15 de julio 2020, del Congreso de los Diputados, por la que se ordena la publicación del Acuerdo de convalidación del Real Decreto-ley 22/2020, de 16 de junio, por el que se regula la creación del Fondo COVID-19 y se establecen las reglas relativas a su distribución y libramiento."
2020-07-18,196,1,BOE-A-2020-8094,CORTES GENERALES,estatal,Resolución,53498,53498,"Resolución de 15 de julio 2020, del Congreso de los Diputados, por la que se ordena la publicación del Acuerdo de convalidación del Real Decreto-ley 23/2020, de 23 de junio, por el que se aprueban medidas en materia de energía y en otros ámbitos para la reactivación económica."
2020-07-18,196,1,BOE-A-2020-8095,CORTES GENERALES,estatal,Resolución,53499,53499,"Resolución de 15 de julio 2020, del Congreso de los Diputados, por la que se ordena la publicación del Acuerdo de convalidación del Real Decreto-ley 24/2020, de 26 de junio, de medidas sociales de reactivación del empleo y protección del trabajo autónomo y de competitividad del sector industrial."
2020-07-18,196,1,BOE-A-2020-8096,CORTES GENERALES,estatal,Resolución,53500,53500,"Resolución de 15 de julio 2020, del Congreso de los Diputados, por la que se ordena la publicación del Acuerdo de convalidación del Real Decreto-ley 25/2020, de 3 de julio, de medidas urgentes para apoyar la reactivación económica y el empleo."
2020-07-18,196,1,BOE-A-2020-8097,"MINISTERIO DE ASUNTOS EXTERIORES, UNIÓN EUROPEA Y COOPERACIÓN",estatal,Corrección,53501,53501,"Corrección de errores del Protocolo entre el Reino de España y la República de la India hecho en Nueva Delhi el 26 de octubre de 2012, que modifica el Convenio y el Protocolo entre el Reino de España y la República de la India para evitar la doble imposición y prevenir la evasión fiscal en materia de impuestos sobre la renta y sobre el patrimonio, firmados en Nueva Delhi el 8 de febrero de 1993."
2020-07-18,196,1,BOE-A-2020-8098,MINISTERIO DE HACIENDA,estatal,Resolución,53502,53504,"Resolución de 17 de julio de 2020, de la Presidencia del Comisionado para el Mercado de Tabacos, por la que se publican los precios de venta al público de determinadas labores de tabaco en Expendedurías de Tabaco y Timbre del área del Monopolio."
2020-07-18,196,1,BOE-A-2020-8099,MINISTERIO DEL INTERIOR,estatal,Orden,53505,53507,"Orden INT/657/2020, de 17 de julio, por la que se modifican los criterios para la aplicación de una restricción temporal de viajes no imprescindibles desde terceros países a la Unión Europea y países asociados Schengen por razones de orden público y salud pública con motivo de la crisis sanitaria ocasionada por la COVID-19."
2020-07-18,196,1,BOE-A-2020-8100,"MINISTERIO DE TRANSPORTES, MOVILIDAD Y AGENDA URBANA",estatal,Resolución,53508,53508,"Resolución de 15 de julio de 2020, de la Subsecretaría, por la que se modifican las direcciones electrónicas de la sede electrónica y del portal del Ministerio de Transportes, Movilidad y Agenda Urbana."
2020-07-18,196,1,BOE-A-2020-8101,MINISTERIO DE CIENCIA E INNOVACIÓN,estatal,Orden,53509,53512,"Orden CIN/658/2020, de 13 de julio, por la que se crea la Red de e-Ciencia (REC)."
2020-07-20,197,1,BOE-A-2020-8150,MINISTERIO DE EDUCACIÓN Y FORMACIÓN PROFESIONAL,estatal,Real Decreto,53856,53876,"Real Decreto 614/2020, de 30 de junio, por el que se establece una cualificación profesional de la familia profesional Comercio y Marketing, que se incluye en el Catálogo Nacional de Cualificaciones Profesionales."
2020-07-20,197,1,BOE-A-2020-8151,MINISTERIO DE EDUCACIÓN Y FORMACIÓN PROFESIONAL,estatal,Real Decreto,53877,53927,"Real Decreto 615/2020, de 30 de junio, por el que se actualiza una cualificación profesional de la familia profesional Imagen Personal, establecida por el Real Decreto 1087/2005, de 16 de septiembre, y se modifican parcialmente determinadas cualificaciones profesionales de la misma familia profesional."
2020-07-20,197,1,BOE-A-2020-8152,MINISTERIO DE EDUCACIÓN Y FORMACIÓN PROFESIONAL,estatal,Real Decreto,53928,53971,"Real Decreto 616/2020, de 30 de junio, por el que se actualiza una cualificación profesional de la familia profesional Informática y Comunicaciones, establecida por el Real Decreto 1087/2005, de 16 de septiembre, y se modifican parcialmente determinadas cualificaciones profesionales de la misma familia profesional."
2020-07-20,197,1,BOE-A-2020-8153,MINISTERIO PARA LA TRANSICIÓN ECOLÓGICA Y EL RETO DEMOGRÁFICO,estatal,Resolución,53972,53974,"Resolución de 8 de julio de 2020, de la Dirección General de Política Energética y Minas, por la que se publican los nuevos precios de venta, antes de impuestos, de los gases licuados del petróleo por canalización."
2020-07-20,197,1,BOE-A-2020-8154,MINISTERIO PARA LA TRANSICIÓN ECOLÓGICA Y EL RETO DEMOGRÁFICO,estatal,Resolución,53975,53977,"Resolución de 8 de julio de 2020, de la Dirección General de Política Energética y Minas, por la que se publican los nuevos precios máximos de venta, antes de impuestos, de los gases licuados del petróleo envasados, en envases de carga igual o superior a 8 kg., e inferior a 20 kg., excluidos los envases de mezcla para usos de los gases licuados del petróleo como carburante."
2020-07-20,197,1,BOE-A-2020-8155,COMUNIDAD AUTÓNOMA DE CANARIAS,autonómico,Ley,53978,53984,"Ley 1/2020, de 20 de marzo, de medidas urgentes, por la que se regula la ayuda para la adquisición de medicamentos financiados por el Sistema Nacional de Salud a las personas que ostenten la condición de pensionistas de la Seguridad Social y sus beneficiarios cuya renta anual sea inferior a 18.000 euros."
2020-07-20,197,1,BOE-A-2020-8156,COMUNIDAD AUTÓNOMA DE CANARIAS,autonómico,Corrección,53985,53985,"Corrección de errores de la Ley 19/2019, de 30 de diciembre, de Presupuestos Generales de la Comunidad Autónoma de Canarias para 2020."
2020-07-21,198,1,BOE-A-2020-8228,TRIBUNAL CONSTITUCIONAL,estatal,Resolución judicial,54495,54495,"Recurso de inconstitucionalidad n.º 2577-2020, contra el Decreto-ley del Gobierno de la Generalitat de Cataluña 17/2019, de 23 de diciembre, de medidas urgentes para mejorar el acceso a la vivienda, el Decreto-ley del Gobierno de la Generalitat de Cataluña 1/2020, de 21 de enero, por el que se modifica el anterior, y el acuerdo del Parlamento de Cataluña, de 4 de marzo de 2020, de convalidación de este último."
2020-07-21,198,1,BOE-A-2020-8229,"MINISTERIO DE AGRICULTURA, PESCA Y ALIMENTACIÓN",estatal,Orden,54496,54500,"Orden APA/660/2020, de 16 de julio, por la que se establecen los requisitos sanitarios para la importación de animales de especies para las que no exista normativa armonizada de la Unión Europea."
2020-07-22,199,1,BOE-A-2020-8292,"MINISTERIO DE ASUNTOS EXTERIORES, UNIÓN EUROPEA Y COOPERACIÓN",estatal,Tratado o acuerdo internacional,54846,54875,"Acuerdo Euromediterráneo de Aviación entre la Unión Europea y sus Estados Miembros, por una parte, y el Reino Hachemí de Jordania, por otra, hecho en Bruselas, el 15 de diciembre de 2010."
2020-07-22,199,1,BOE-A-2020-8293,"MINISTERIO DE ASUNTOS EXTERIORES, UNIÓN EUROPEA Y COOPERACIÓN",estatal,Tratado o acuerdo internacional,54876,54877,"Protocolo por el que se modifica el Acuerdo Euromediterráneo de Aviación entre la Unión Europea y sus Estados Miembros, por una parte, y el Reino Hachemí de Jordania, por otra, para tener en cuenta la adhesión a la Unión Europea de la República de Croacia, hecho en Bruselas el 3 de mayo de 2016."
2020-07-22,199,1,BOE-A-2020-8294,MINISTERIO DE HACIENDA,estatal,Orden,54878,54882,"Orden HAC/667/2020, de 17 de julio, por la que se determina la cuantía de la distribución definitiva entre las Comunidades Autónomas y Ciudades de Ceuta y Melilla de los recursos previstos en la letra a) del apartado 2 del artículo 2 del Real Decreto-ley 22/2020, de 16 de junio, por el que se regula la creación del Fondo COVID-19 y se establecen las reglas relativas a su distribución y libramiento."
2020-07-22,199,1,BOE-A-2020-8295,MINISTERIO DE HACIENDA,estatal,Resolución,54883,54887,"Resolución de 17 de julio de 2020, de la Dirección General de la Agencia Estatal de Administración Tributaria, por la que se aprueba el modelo de solicitud de admisión a los procesos selectivos y la liquidación de la tasa de derechos de examen."
2020-07-22,199,1,BOE-A-2020-8296,"MINISTERIO DE AGRICULTURA, PESCA Y ALIMENTACIÓN",estatal,Real Decreto,54888,54897,"Real Decreto 687/2020, de 21 de julio, por el que se establecen las bases reguladoras para la concesión de las subvenciones estatales destinadas al sector porcino ibérico en el año 2020."
2020-07-22,199,1,BOE-A-2020-8297,"MINISTERIO DE LA PRESIDENCIA, RELACIONES CON LAS CORTES Y MEMORIA DEMOCRÁTICA",estatal,Real Decreto,54898,54914,"Real Decreto 688/2020, de 21 de julio, por el que se establecen los umbrales de renta y patrimonio familiar y las cuantías de las becas y ayudas al estudio para el curso 2020-2021 y se modifica parcialmente el Real Decreto 1721/2007, de 21 de diciembre, por el que se establece el régimen de las becas y ayudas al estudio personalizadas."
2020-07-22,199,1,BOE-A-2020-8299,MINISTERIO PARA LA TRANSICIÓN ECOLÓGICA Y EL RETO DEMOGRÁFICO,estatal,Real Decreto,54960,54963,"Real Decreto 692/2020, de 21 de julio, para la adaptación de la gestión del canon de ocupación y aprovechamiento del dominio público marítimo-terrestre regulado en el artículo 84 de la Ley 22/1988, de 28 de julio, de Costas, a las medidas excepcionales adoptadas por las autoridades sanitarias para hacer frente a la emergencia provocada por el COVID-19."
2020-07-22,199,1,BOE-A-2020-8300,MINISTERIO PARA LA TRANSICIÓN ECOLÓGICA Y EL RETO DEMOGRÁFICO,estatal,Orden,54964,55139,"Orden TED/668/2020, de 17 de julio, por la que se establecen los parámetros retributivos para el periodo comprendido entre el 1 de octubre de 2018 y el 30 de junio de 2019 como consecuencia de la disposición adicional octava del Real Decreto-ley 15/2018, de 5 de octubre, y por la que se revisan los valores de la retribución a la operación correspondientes al primer semestre natural del año 2019."
2020-07-22,199,1,BOE-A-2020-8298,MINISTERIO DE POLÍTICA TERRITORIAL Y FUNCIÓN PÚBLICA,estatal,Real Decreto,54915,54959,"Real Decreto 689/2020, de 21 de julio, por el que se desarrolla la estructura orgánica básica del Ministerio de Hacienda y se modifica el Real Decreto 139/2020, de 28 de enero, por el que se establece la estructura orgánica básica de los departamentos ministeriales."
2020-07-22,199,1,BOE-A-2020-8301,MINISTERIO DE ASUNTOS ECONÓMICOS Y TRANSFORMACIÓN DIGITAL,estatal,Orden,55140,55143,"Orden ETD/669/2020, de 8 de julio, por la que se crea y regula el Consejo Asesor de Asuntos Económicos."
2020-07-22,199,1,BOE-A-2020-8302,MINISTERIO DE ASUNTOS ECONÓMICOS Y TRANSFORMACIÓN DIGITAL,estatal,Orden,55144,55147,"Orden ETD/670/2020, de 8 de julio, por la que se crea y regula el Consejo Asesor de Inteligencia Artificial."
2020-07-22,199,1,BOE-A-2020-8303,COMUNIDAD AUTÓNOMA DE EXTREMADURA,autonómico,Decreto-ley,55148,55169,"Decreto-ley 12/2020, de 19 de junio, de medidas extraordinarias y urgentes para la reactivación de la actividad económica y social en la Comunidad Autónoma de Extremadura en el proceso hacia la ""Nueva Normalidad""."
2020-07-23,200,1,BOE-A-2020-8373,"MINISTERIO DE ASUNTOS EXTERIORES, UNIÓN EUROPEA Y COOPERACIÓN",estatal,Tratado o acuerdo internacional,56236,56237,"Entrada en vigor del Acuerdo sobre una zona de aviación común entre la Unión Europea y sus Estados Miembros, por una parte, y la República de Moldavia, por otra, hecho en Bruselas el 26 de junio de 2012."
2020-07-23,200,1,BOE-A-2020-8374,"MINISTERIO DE ASUNTOS EXTERIORES, UNIÓN EUROPEA Y COOPERACIÓN",estatal,Tratado o acuerdo internacional,56238,56238,"Entrada en vigor del Protocolo por el que se modifica el Acuerdo sobre una zona de aviación común entre la Unión Europea y sus Estados Miembros, por una parte, y la República de Moldavia, por otra, para tener en cuenta la adhesión a la Unión Europea de la República de Croacia, hecho en Bruselas el 22 de julio de 2015."
2020-07-23,200,1,BOE-A-2020-8375,"MINISTERIO DE TRANSPORTES, MOVILIDAD Y AGENDA URBANA",estatal,Orden,56239,56241,"Orden TMA/675/2020, de 20 de julio, por la que se modifican temporalmente las obligaciones de servicio público establecidas en el Acuerdo del Consejo de Ministros de 13 de marzo de 2009, por el que se declaran obligaciones de servicio público en la ruta Almería-Sevilla."
2020-07-23,200,1,BOE-A-2020-8376,"MINISTERIO DE TRANSPORTES, MOVILIDAD Y AGENDA URBANA",estatal,Orden,56242,56245,"Orden TMA/676/2020, de 20 de julio, por la que se modifican temporalmente las obligaciones de servicio público establecidas en el Acuerdo del Consejo de Ministros de 2 de junio de 2006, por el que se declaran obligaciones de servicio público en rutas aéreas entre las islas Canarias."
2020-07-23,200,1,BOE-A-2020-8377,"MINISTERIO DE TRANSPORTES, MOVILIDAD Y AGENDA URBANA",estatal,Orden,56246,56248,"Orden TMA/677/2020, de 20 de julio, por la que se modifican temporalmente las obligaciones de servicio público establecidas en el Acuerdo del Consejo de Ministros de 23 de febrero de 2018, por el que se declaran obligaciones de servicio público en las rutas aéreas Badajoz-Madrid y Badajoz-Barcelona."
2020-07-24,201,1,BOE-A-2020-8447,"MINISTERIO DE ASUNTOS EXTERIORES, UNIÓN EUROPEA Y COOPERACIÓN",estatal,Tratado o acuerdo internacional,56704,56705,"Entrada en vigor del Acuerdo Euromediterráneo de Aviación entre la Unión Europea y sus Estados miembros, por una parte, y el Gobierno del Estado de Israel, por otra, hecho en Luxemburgo el 10 de junio de 2013."
2020-07-24,201,1,BOE-A-2020-8448,"MINISTERIO DE ASUNTOS EXTERIORES, UNIÓN EUROPEA Y COOPERACIÓN",estatal,Tratado o acuerdo internacional,56706,56706,"Entrada en vigor del Protocolo por el que se modifica el Acuerdo Euromediterráneo de Aviación entre la Unión Europea y sus Estados miembros, por una parte, y el Gobierno del Estado de Israel, por otra, para tener en cuenta la adhesión a la Unión Europea de la República de Croacia, hecho en Bruselas el 19 de febrero de 2015."
2020-07-24,201,1,BOE-A-2020-8449,MINISTERIO DE HACIENDA,estatal,Resolución,56707,56711,"Resolución de 21 de julio de 2020, de la Dirección General de la Agencia Estatal de Administración Tributaria, por la que se extiende la colaboración social a la presentación telemática de la solicitud de inscripción de operadores en el Registro especial de operadores de embarcaciones neumáticas y semirrígidas de alta velocidad y de la solicitud de autorización de uso de embarcación neumática y semirrígida de alta velocidad y se aprueba el documento normalizado para acreditar la representación para su presentación por vía telemática en nombre de terceros."
2020-07-24,201,1,BOE-A-2020-8450,"MINISTERIO DE LA PRESIDENCIA, RELACIONES CON LAS CORTES Y MEMORIA DEMOCRÁTICA",estatal,Orden,56712,56722,"Orden PCM/679/2020, de 23 de julio, por la que se publica el Acuerdo del Consejo de Ministros de 21 de julio de 2020, por el que se establece el funcionamiento del Fondo de apoyo a la solvencia de empresas estratégicas."
2020-07-25,202,1,BOE-A-2020-8552,TRIBUNAL CONSTITUCIONAL,estatal,Resolución judicial,57870,57870,"Conflicto positivo de competencia n.º 2890-2020, promovido por la Generalitat de Catalunya frente al Gobierno de la Nación, en relación con el requerimiento de 3 de marzo de 2020, formulado por la Directora de Competencia de la Comisión Nacional de los Mercados y la Competencia (CNMC)."
2020-07-25,202,1,BOE-A-2020-8553,MINISTERIO DE HACIENDA,estatal,Resolución,57871,57876,"Resolución de 24 de julio de 2020, de la Presidencia del Comisionado para el Mercado de Tabacos, por la que se publican los precios de venta al público de determinadas labores de tabaco en Expendedurías de Tabaco y Timbre del área del Monopolio."
2020-07-25,202,1,BOE-A-2020-8554,"MINISTERIO DE TRANSPORTES, MOVILIDAD Y AGENDA URBANA",estatal,Orden,57877,57897,"Orden TMA/692/2020, de 15 de julio, por la que se aprueban normas técnicas aplicables al suministro de combustible a aeronaves de aviación civil."
2020-07-25,202,1,BOE-A-2020-8555,"MINISTERIO DE TRANSPORTES, MOVILIDAD Y AGENDA URBANA",estatal,Orden,57898,57900,"Orden TMA/693/2020, de 21 de julio, por la que se modifican temporalmente las obligaciones de servicio público establecidas en el Acuerdo del Consejo de Ministros de 5 de octubre de 2018, por el que se declaran obligaciones de servicio público en las rutas aéreas Melilla/Almería, Melilla/Granada y Melilla/Sevilla."
2020-07-25,202,1,BOE-A-2020-8556,COMISIÓN NACIONAL DE LOS MERCADOS Y LA COMPETENCIA,estatal,Instrucción o circular,57901,57960,"Circular 6/2020, de 22 de julio, de la Comisión Nacional de los Mercados y la Competencia, por la que se establece la metodología para el cálculo de los peajes de transporte, redes locales y regasificación de gas natural."
2020-07-27,203,1,BOE-A-2020-8582,"MINISTERIO DE AGRICULTURA, PESCA Y ALIMENTACIÓN",estatal,Orden,58046,58047,"Orden APA/698/2020, de 21 de julio, por la que se actualiza el Anexo del Real Decreto 558/2001, de 25 de mayo, por el que se regula el reconocimiento oficial de las organizaciones o asociaciones de criadores de perros de raza pura, y se modifica el Anexo I del Real Decreto 45/2019, de 8 de febrero, por el que se establecen las normas zootécnicas aplicables a los animales reproductores de raza pura, porcinos reproductores híbridos y su material reproductivo, se actualiza el Programa nacional de conservación, mejora y fomento de las razas ganaderas, y se modifican los Reales Decretos 558/2001, de 25 de mayo; 1316/1992, de 30 de octubre; 1438/1992, de 27 de noviembre; y 1625/2011, de 14 de noviembre."
2020-07-27,203,1,BOE-A-2020-8583,MINISTERIO DE ASUNTOS ECONÓMICOS Y TRANSFORMACIÓN DIGITAL,estatal,Orden,58048,58063,"Orden ETD/699/2020, de 24 de julio, de regulación del crédito revolvente y por la que se modifica la Orden ECO/697/2004, de 11 de marzo, sobre la Central de Información de Riesgos, la Orden EHA/1718/2010, de 11 de junio, de regulación y control de la publicidad de los servicios y productos bancarios y la Orden EHA/2899/2011, de 28 de octubre, de transparencia y protección del cliente de servicios bancarios."
2020-07-28,204,1,BOE-A-2020-8633,JEFATURA DEL ESTADO,estatal,Ley,58804,58805,"Ley 2/2020, de 27 de julio, por la que se modifica el artículo 324 de la Ley de Enjuiciamiento Criminal."
2020-07-28,204,1,BOE-A-2020-8634,CORTES GENERALES,estatal,Resolución,58806,58806,"Resolución de 22 de julio de 2020, del Congreso de los Diputados, por la que se ordena la publicación del Acuerdo de convalidación del Real Decreto-ley 26/2020, de 7 de julio, de medidas de reactivación económica para hacer frente al impacto del COVID-19 en los ámbitos de transportes y vivienda."
2020-07-28,204,1,BOE-A-2020-8635,MINISTERIO DE DEFENSA,estatal,Orden,58807,58814,"Orden DEF/707/2020, de 27 de julio, por la que se desarrolla la organización básica de la Armada."
2020-07-28,204,1,BOE-A-2020-8636,MINISTERIO DE DEFENSA,estatal,Orden,58815,58829,"Orden DEF/708/2020, de 27 de julio, por la que se desarrolla la organización básica del Ejército de Tierra."
2020-07-28,204,1,BOE-A-2020-8637,MINISTERIO DE DEFENSA,estatal,Orden,58830,58836,"Orden DEF/709/2020, de 27 de julio, por la que se desarrolla la organización básica del Ejército del Aire."
2020-07-28,204,1,BOE-A-2020-8638,MINISTERIO DE DEFENSA,estatal,Orden,58837,58847,"Orden DEF/710/2020, de 27 de julio, por la que se desarrolla la organización básica del Estado Mayor de la Defensa."
2020-07-29,205,1,BOE-A-2020-8680,MINISTERIO DE DEFENSA,estatal,Real Decreto,59114,59116,"Real Decreto 701/2020, de 28 de julio, por el que se crea la medalla conmemorativa de la operación Balmis para reconocer al personal participante en la lucha contra el COVID-19."
2020-07-29,205,1,BOE-A-2020-8681,MINISTERIO DE HACIENDA,estatal,Resolución,59117,59117,"Resolución de 28 de julio de 2020, de la Presidencia del Comisionado para el Mercado de Tabacos, por la que se corrigen errores en la de 24 de julio de 2020, por la que se publican los precios de venta al público de determinadas labores de tabaco en Expendedurías de Tabaco y Timbre del área del Monopolio."
2020-07-29,205,1,BOE-A-2020-8682,"MINISTERIO DE LA PRESIDENCIA, RELACIONES CON LAS CORTES Y MEMORIA DEMOCRÁTICA",estatal,Real Decreto,59118,59125,"Real Decreto 704/2020, de 28 de julio, por el que se establece el acceso al título de médico/a especialista en Medicina Legal y Forense por el sistema de residencia."
2020-07-29,205,1,BOE-A-2020-8683,"MINISTERIO DE LA PRESIDENCIA, RELACIONES CON LAS CORTES Y MEMORIA DEMOCRÁTICA",estatal,Real Decreto,59126,59135,"Real Decreto 705/2020, de 28 de julio, por el que se modifican el Estatuto de la Agencia Española de Cooperación Internacional para el Desarrollo, aprobado por Real Decreto 1403/2007, de 26 de octubre; el Real Decreto 1460/2009, de 28 de septiembre, sobre organización y funcionamiento del Fondo de Cooperación para Agua y Saneamiento; y el Real Decreto 597/2015, de 3 de julio, por el que se aprueba el Reglamento del Fondo para la Promoción del Desarrollo, para actualizar la composición de los órganos de cooperación internacional para el desarrollo sostenible."
2020-07-29,205,1,BOE-A-2020-8684,MINISTERIO DE ASUNTOS ECONÓMICOS Y TRANSFORMACIÓN DIGITAL,estatal,Real Decreto,59136,59152,"Real Decreto 706/2020, de 28 de julio, por el que se regula la concesión directa de subvenciones a prestadores privados del servicio de comunicación audiovisual televisiva destinadas a compensar los costes derivados de los cambios a realizar en los equipos de transmisión para su adaptación a las nuevas frecuencias planificadas por el proceso de liberación de la banda 700 MHz (segundo dividendo digital)."
2020-07-29,205,1,BOE-A-2020-8685,MINISTERIO DE ASUNTOS ECONÓMICOS Y TRANSFORMACIÓN DIGITAL,estatal,Real Decreto,59153,59166,"Real Decreto 707/2020, de 28 de julio, por el que se regula la concesión directa de subvenciones a prestadores del servicio público de comunicación audiovisual televisiva de ámbito estatal y autonómico, destinadas a compensar los costes derivados de la emisión simultánea y transitoria de sus canales de televisión durante el proceso de liberación de la banda de frecuencias 694-790 MHz (segundo dividendo digital) entre los días 1 de julio de 2020 y 30 de septiembre de 2020, y por el que se modifica el Real Decreto 392/2019, de 21 de junio, por el que se regula la concesión directa de subvenciones destinadas a compensar los costes derivados de la recepción o acceso a los servicios de comunicación audiovisual televisiva en las edificaciones afectadas por la liberación de la banda de frecuencias 694-790 MHz (segundo dividendo digital)."
2020-07-29,205,1,BOE-A-2020-8686,MINISTERIO DE ASUNTOS ECONÓMICOS Y TRANSFORMACIÓN DIGITAL,estatal,Resolución,59167,59173,"Resolución de 28 de julio de 2020, de la Secretaría de Estado de Economía y Apoyo a la Empresa, por la que se publica el Acuerdo del Consejo de Ministros de 28 de julio de 2020, por el que se establecen los términos y condiciones del primer tramo de la línea de avales a financiación concedida a empresas y autónomos con la finalidad principal de financiar inversiones y se autorizan límites para adquirir compromisos de gasto con cargo a ejercicios futuros, en aplicación de lo dispuesto en el artículo 47 de la Ley 47/2003, de 26 de noviembre, General Presupuestaria."
2020-07-29,205,1,BOE-A-2020-8687,TRIBUNAL SUPREMO,estatal,Resolución judicial,59174,59174,"Sentencia de 29 de mayo de 2020, de la Sala Tercera del Tribunal Supremo, que estima el recurso contencioso-administrativo número 1/77/2018 interpuesto por la Generalitat de Catalunya, contra la Orden ETU/1283/2017, de 22 de diciembre, por la que se establecen los peajes y cánones asociados al acceso de terceros a las instalaciones gasistas y retribución de las actividades reguladas para el año 2018."
2020-07-29,205,1,BOE-A-2020-8688,COMISIÓN NACIONAL DE LOS MERCADOS Y LA COMPETENCIA,estatal,Instrucción o circular,59175,59176,"Circular 7/2020, de 22 de julio, de la Comisión Nacional de los Mercados y la Competencia, por la que se modifica la Circular 3/2020, de 15 de enero, por la que se establece la metodología para el cálculo de los peajes de transporte y distribución de electricidad."
2020-07-30,206,1,BOE-A-2020-8749,MINISTERIO PARA LA TRANSICIÓN ECOLÓGICA Y EL RETO DEMOGRÁFICO,estatal,Resolución,60008,60009,"Resolución de 14 de julio de 2020, de la Dirección General de Política Energética y Minas, por la que se aprueban los precios de referencia para calcular el valor de la extracción de gas, petróleo y condensados correspondientes al primer semestre del año 2020."
2020-07-30,206,1,BOE-A-2020-8750,MINISTERIO DE SANIDAD,estatal,Resolución,60010,60016,"Resolución de 24 de julio de 2020, de la Dirección General de Salud Pública, Calidad e Innovación, relativa a los controles sanitarios a realizar en los puntos de entrada de España y se deroga la Resolución de 29 de junio de 2020."
2020-07-30,206,1,BOE-A-2020-8751,COMUNIDAD AUTÓNOMA DE CATALUÑA,autonómico,Decreto-ley,60017,60028,"Decreto-ley 21/2020, de 2 de junio, de medidas urgentes de carácter económico, cultural y social."
2020-07-30,206,1,BOE-A-2020-8752,COMUNIDAD AUTÓNOMA DE CATALUÑA,autonómico,Decreto-ley,60029,60030,"Decreto-ley 22/2020, de 2 de junio, por el que se determinan los órganos competentes para tramitar las sanciones por incumplimientos de la normativa reguladora del estado de alarma denunciados por los diferentes cuerpos policiales."
2020-07-30,206,1,BOE-A-2020-8753,COMUNIDAD AUTÓNOMA DE CATALUÑA,autonómico,Decreto-ley,60031,60035,"Decreto-ley 23/2020, de 9 de junio, de medidas urgentes en materia tributaria."
2020-07-30,206,1,BOE-A-2020-8754,COMUNIDAD AUTÓNOMA DE CATALUÑA,autonómico,Decreto-ley,60036,60050,"Decreto-ley 25/2020, de 16 de junio, de medidas extraordinarias en materia social y de carácter fiscal y administrativo."
2020-07-30,206,1,BOE-A-2020-8755,COMUNIDAD AUTÓNOMA DE CATALUÑA,autonómico,Decreto-ley,60051,60063,"Decreto-ley 26/2020, de 23 de junio, de medidas extraordinarias en materia sanitaria y administrativa."
2020-07-30,206,1,BOE-A-2020-8756,COMUNIDAD AUTÓNOMA DE CATALUÑA,autonómico,Corrección,60064,60064,"Corrección de errores del Decreto-ley 19/2020, de 19 de mayo, de medidas complementarias en materia social y sanitaria para paliar los efectos de la pandemia generada por la COVID-19."
2020-07-30,206,1,BOE-A-2020-8757,COMUNIDAD AUTÓNOMA DE EXTREMADURA,autonómico,Corrección,60065,60065,"Corrección de errores del Decreto-ley 12/2020, de 19 de junio, de medidas extraordinarias y urgentes para la reactivación de la actividad económica y social en la Comunidad Autónoma de Extremadura en el proceso hacia la ""Nueva Normalidad""."
2020-07-31,207,1,BOE-A-2020-8847,MINISTERIO DEL INTERIOR,estatal,Orden,60803,60804,"Orden INT/734/2020, de 30 de julio, por la que se modifica la Orden INT/657/2020, de 17 de julio, por la que se modifican los criterios para la aplicación de una restricción temporal de viajes no imprescindibles desde terceros países a la Unión Europea y países asociados Schengen por razones de orden público y salud pública con motivo de la crisis sanitaria ocasionada por la COVID-19."
2020-07-31,207,1,BOE-A-2020-8848,COMUNIDAD AUTÓNOMA DE CANTABRIA,autonómico,Ley,60805,60807,"Ley 1/2020, de 28 de mayo, de medidas urgentes para el desarrollo urbanístico de Cantabria."
2020-07-31,207,1,BOE-A-2020-8849,COMUNIDAD AUTÓNOMA DE CANTABRIA,autonómico,Ley,60808,60813,"Ley 2/2020, de 28 de mayo, de concesión de ayudas económicas para mejorar las rentas de personas trabajadoras afectadas por expedientes de regulación temporal de empleo en el contexto de la crisis ocasionada por la pandemia de COVID-19."
2020-07-31,207,1,BOE-A-2020-8850,COMUNIDAD AUTÓNOMA DE CANTABRIA,autonómico,Ley,60814,60815,"Ley 3/2020, de 28 de mayo, de agilización en la gestión de las ayudas a tramitar por la Sociedad de Desarrollo Regional de Cantabria, S.A. (SODERCAN) para atender a las situaciones económicas derivadas de la pandemia causada por el COVID-19."
2020-07-31,207,1,BOE-A-2020-8851,COMUNIDAD AUTÓNOMA DE CANTABRIA,autonómico,Ley,60816,60818,"Ley 4/2020, de 24 de junio, de creación del Colegio Profesional de Periodistas de Cantabria."
2020-07-31,207,1,BOE-A-2020-8852,COMUNIDAD AUTÓNOMA DE EXTREMADURA,autonómico,Corrección,60819,60819,"Corrección de errores del Decreto-ley 12/2020, de 19 de junio, de medidas extraordinarias y urgentes para la reactivación de la actividad económica y social en la Comunidad Autónoma de Extremadura en el proceso hacia la ""Nueva Normalidad""."
2020-08-01,208,1,BOE-A-2020-8961,MINISTERIO DE EDUCACIÓN Y FORMACIÓN PROFESIONAL,estatal,Orden,62388,62394,"Orden EFP/748/2020, de 29 de julio, por la que se adoptan medidas excepcionales para la flexibilización de la impartición de certificados de profesionalidad."
2020-08-01,208,1,BOE-A-2020-8962,"MINISTERIO DE INDUSTRIA, COMERCIO Y TURISMO",estatal,Real Decreto,62395,62399,"Real Decreto 702/2020, de 28 de julio, por el que se modifica el Real Decreto 985/2015, de 30 de octubre, por el que se regula una subvención directa a la Comunidad Autónoma de Canarias para la ejecución de actuaciones de apoyo al sector turístico en el marco del Plan de Competitividad del Turismo Canario."
2020-08-01,208,1,BOE-A-2020-8965,MINISTERIO PARA LA TRANSICIÓN ECOLÓGICA Y EL RETO DEMOGRÁFICO,estatal,Orden,62406,62458,"Orden TED/749/2020, de 16 de julio, por la que se establecen los requisitos técnicos para la conexión a la red necesarios para la implementación de los códigos de red de conexión."
2020-08-01,208,1,BOE-A-2020-8963,MINISTERIO DE POLÍTICA TERRITORIAL Y FUNCIÓN PÚBLICA,estatal,Real Decreto,62400,62402,"Real Decreto 690/2020, de 21 de julio, por el que se aprueba la oferta de empleo público en la Policía Nacional para el año 2020."
2020-08-01,208,1,BOE-A-2020-8964,MINISTERIO DE POLÍTICA TERRITORIAL Y FUNCIÓN PÚBLICA,estatal,Real Decreto,62403,62405,"Real Decreto 691/2020, de 21 de julio, por el que se aprueba la oferta de empleo público del Cuerpo de la Guardia Civil para el año 2020."
2020-08-03,209,1,BOE-A-2020-9020,PRESIDENCIA DEL GOBIERNO,estatal,Real Decreto,62885,62885,"Real Decreto 722/2020, de 31 de julio, por el que se modifica el Real Decreto 2/2020, de 12 de enero, por el que se reestructuran los departamentos ministeriales."
2020-08-03,209,1,BOE-A-2020-9021,"MINISTERIO DE AGRICULTURA, PESCA Y ALIMENTACIÓN",estatal,Real Decreto,62886,62925,"Real Decreto 703/2020, de 28 de julio, por el que se aprueban las bases reguladoras de las ayudas a la paralización temporal de la actividad pesquera para poder hacer frente al impacto económico y social derivado de la pandemia de COVID-19, se convocan dichas ayudas para el primer tramo del ejercicio 2020 y se modifican distintos reales decretos relativos a la regulación de las organizaciones profesionales en el sector de la pesca y la acuicultura y para el ejercicio de la pesca recreativa."
2020-08-03,209,1,BOE-A-2020-9022,MINISTERIO DE POLÍTICA TERRITORIAL Y FUNCIÓN PÚBLICA,estatal,Resolución,62926,62927,"Resolución de 28 de julio de 2020, de la Secretaría de Estado de Política Territorial y Función Pública, por la que se aprueba el formato del documento registral M4R, del Registro Central de Personal."
2020-08-05,211,1,BOE-A-2020-9131,JEFATURA DEL ESTADO,estatal,Real Decreto-ley,63716,63763,"Real Decreto-ley 27/2020, de 4 de agosto, de medidas financieras, de carácter extraordinario y urgente, aplicables a las entidades locales."
2020-08-05,211,1,BOE-A-2020-9132,"MINISTERIO DE ASUNTOS EXTERIORES, UNIÓN EUROPEA Y COOPERACIÓN",estatal,Tratado o acuerdo internacional,63764,63769,"Acuerdo entre la Comisión Europea y los Estados miembros sobre vacunas contra la COVID-19, hecho en Madrid el 20 de julio de 2020."
2020-08-05,211,1,BOE-A-2020-9133,MINISTERIO DE DEFENSA,estatal,Real Decreto,63770,63791,"Real Decreto 725/2020, de 4 de agosto, por el que se aprueba el Reglamento de la Real y Militar Orden de San Hermenegildo."
2020-08-05,211,1,BOE-A-2020-9134,MINISTERIO DEL INTERIOR,estatal,Real Decreto,63792,63842,"Real Decreto 726/2020, de 4 de agosto, por el que se modifica el Reglamento de Armas, aprobado por el Real Decreto 137/1993, de 29 de enero."
2020-08-05,211,1,BOE-A-2020-9135,"MINISTERIO DE TRANSPORTES, MOVILIDAD Y AGENDA URBANA",estatal,Resolución,63843,63845,"Resolución de 21 de julio de 2020, de la Autoridad Portuaria de Castellón, por la que se modifica la de 7 de marzo de 2011, por la que se crea y regula el Registro Electrónico de la entidad."
2020-08-05,211,1,BOE-A-2020-9136,"MINISTERIO DE TRANSPORTES, MOVILIDAD Y AGENDA URBANA",estatal,Resolución,63846,63848,"Resolución de 21 de julio de 2020, de la Autoridad Portuaria de Castellón, por la que se modifica la de 7 de marzo de 2011, por la que se crea y regula la Sede Electrónica de la entidad."
2020-08-05,211,1,BOE-A-2020-9137,MINISTERIO DE EDUCACIÓN Y FORMACIÓN PROFESIONAL,estatal,Orden,63849,63851,"Orden EFP/757/2020, de 3 de agosto, por la que se crea la Comisión de trabajo para el seguimiento de la COVID-19 en el Ministerio de Educación y Formación Profesional."
2020-08-05,211,1,BOE-A-2020-9138,MINISTERIO DE POLÍTICA TERRITORIAL Y FUNCIÓN PÚBLICA,estatal,Real Decreto,63852,63884,"Real Decreto 734/2020, de 4 de agosto, por el que se desarrolla la estructura orgánica básica del Ministerio del Interior."
2020-08-05,211,1,BOE-A-2020-9139,MINISTERIO DE POLÍTICA TERRITORIAL Y FUNCIÓN PÚBLICA,estatal,Real Decreto,63885,63906,"Real Decreto 735/2020, de 4 de agosto, por el que se desarrolla la estructura orgánica básica del Ministerio de Sanidad, y se modifica el Real Decreto 139/2020, de 28 de enero, por el que se establece la estructura orgánica básica de los departamentos ministeriales."
2020-08-05,211,1,BOE-A-2020-9140,MINISTERIO DE ASUNTOS ECONÓMICOS Y TRANSFORMACIÓN DIGITAL,estatal,Resolución,63907,63909,"Resolución de 4 de agosto de 2020, de la Secretaría General del Tesoro y Financiación Internacional, por la que se actualiza el Anexo 1 incluido en la Resolución de 4 de julio de 2017, de la Secretaría General del Tesoro y Política Financiera, por la que se define el principio de prudencia financiera aplicable a las operaciones de endeudamiento y derivados de las comunidades autónomas y entidades locales."
2020-08-05,211,1,BOE-A-2020-9141,TRIBUNAL SUPREMO,estatal,Resolución judicial,63910,63911,"Sentencia de 18 de mayo de 2020, de la Sala Tercera del Tribunal Supremo, que estima parcialmente el recurso contencioso-administrativo 1/265/2018, interpuesto por el Abogado del Estado contra la Orden IET/980/2016, de 16 de junio, por la que se establece la retribución de las empresas de distribución de energía eléctrica para el año 2016."
2020-08-05,211,1,BOE-A-2020-9142,TRIBUNAL SUPREMO,estatal,Resolución judicial,63912,63912,"Sentencia de 29 de junio de 2020, de la Sala Tercera del Tribunal Supremo, que estima parcialmente el recurso contencioso-administrativo 1/264/2018, interpuesto por la Administración del Estado contra la Orden IET/981/2016, de 15 de junio, por la que se establece la retribución de las empresas titulares de instalaciones de transporte de energía eléctrica para el año 2016."
2020-08-06,212,1,BOE-A-2020-9270,"MINISTERIO DE ASUNTOS EXTERIORES, UNIÓN EUROPEA Y COOPERACIÓN",estatal,Real Decreto,64967,64979,"Real Decreto 723/2020, de 4 de agosto, por el que se regula la concesión directa de subvenciones en materia de cooperación internacional por la Agencia Española de Cooperación Internacional para el Desarrollo."
2020-08-06,212,1,BOE-A-2020-9271,"MINISTERIO DE ASUNTOS EXTERIORES, UNIÓN EUROPEA Y COOPERACIÓN",estatal,Real Decreto,64980,64989,"Real Decreto 724/2020, de 4 de agosto, por el que se aprueba el Reglamento de la Oficina de Interpretación de Lenguas del Ministerio de Asuntos Exteriores, Unión Europea y Cooperación."
2020-08-06,212,1,BOE-A-2020-9272,MINISTERIO PARA LA TRANSICIÓN ECOLÓGICA Y EL RETO DEMOGRÁFICO,estatal,Real Decreto,64990,65004,"Real Decreto 736/2020, de 4 de agosto, por el que se regula la contabilización de consumos individuales en instalaciones térmicas de edificios."
2020-08-06,212,1,BOE-A-2020-9273,MINISTERIO PARA LA TRANSICIÓN ECOLÓGICA Y EL RETO DEMOGRÁFICO,estatal,Real Decreto,65005,65050,"Real Decreto 737/2020, de 4 de agosto, por el que se regula el programa de ayudas para actuaciones de rehabilitación energética en edificios existentes y se regula la concesión directa de las ayudas de este programa a las comunidades autónomas y ciudades de Ceuta y Melilla."
2020-08-06,212,1,BOE-A-2020-9274,COMUNIDAD DE CASTILLA Y LEÓN,autonómico,Ley,65051,65052,"Ley 1/2020, de 24 de julio, por la que se modifica la Ley 2/2006, de 3 de mayo, de la Hacienda y del Sector Público de la Comunidad de Castilla y León, con el objetivo de flexibilizar el régimen presupuestario ante situaciones excepcionales de emergencia de salud pública."
2020-08-07,213,1,BOE-A-2020-9334,MINISTERIO DE EDUCACIÓN Y FORMACIÓN PROFESIONAL,estatal,Real Decreto,65529,65549,"Real Decreto 727/2020, de 4 de agosto, por el que se regula la concesión directa de diversas subvenciones en el ámbito del Ministerio de Educación y Formación Profesional."
2020-08-07,213,1,BOE-A-2020-9335,"MINISTERIO DE AGRICULTURA, PESCA Y ALIMENTACIÓN",estatal,Real Decreto,65550,65590,"Real Decreto 730/2020, de 4 de agosto, por el que se regula la concesión directa de diversas subvenciones en materia agroalimentaria y pesquera."
2020-08-07,213,1,BOE-A-2020-9336,"MINISTERIO DE LA PRESIDENCIA, RELACIONES CON LAS CORTES Y MEMORIA DEMOCRÁTICA",estatal,Real Decreto,65591,65601,"Real Decreto 731/2020, de 4 de agosto, por el que se modifica el Real Decreto 1619/2005, de 30 de diciembre, sobre la gestión de neumáticos fuera de uso."
2020-08-07,213,1,BOE-A-2020-9339,MINISTERIO PARA LA TRANSICIÓN ECOLÓGICA Y EL RETO DEMOGRÁFICO,estatal,Orden,65609,65614,"Orden TED/776/2020, de 4 de agosto, por la que se revisan los precios de producto y logística a emplear en la determinación del precio de combustible y se establece un valor tope del tiempo de arranque de liquidación por instalación tipo aplicable a las instalaciones de producción ubicadas en los territorios no peninsulares con régimen retributivo adicional."
2020-08-07,213,1,BOE-A-2020-9337,MINISTERIO DE POLÍTICA TERRITORIAL Y FUNCIÓN PÚBLICA,estatal,Real Decreto,65602,65604,"Real Decreto 732/2020, de 4 de agosto, por el que se crea el Consulado General en Chengdú, en la República Popular China."
2020-08-07,213,1,BOE-A-2020-9338,MINISTERIO DE POLÍTICA TERRITORIAL Y FUNCIÓN PÚBLICA,estatal,Real Decreto,65605,65608,"Real Decreto 733/2020, de 4 de agosto, por el que se crea la Consejería de Economía y Comercio en la Misión Diplomática permanente de España en la República Democrática Federal de Etiopía, con sede en Adís Abeba, y se suprime la de la República de Guinea Ecuatorial."
2020-08-07,213,1,BOE-A-2020-9340,MINISTERIO DE ASUNTOS ECONÓMICOS Y TRANSFORMACIÓN DIGITAL,estatal,Real Decreto,65615,65647,"Real Decreto 738/2020, de 4 de agosto, por el que se modifican el Real Decreto 304/2004, de 20 de febrero, por el que se aprueba el Reglamento de planes y fondos de pensiones, y el Real Decreto 1060/2015, de 20 de noviembre, de ordenación, supervisión y solvencia de las entidades aseguradoras y reaseguradoras."
2020-08-07,213,1,BOE-A-2020-9341,MINISTERIO DE ASUNTOS ECONÓMICOS Y TRANSFORMACIÓN DIGITAL,estatal,Orden,65648,65651,"Orden ETD/777/2020, de 3 de agosto, por la que se acuerda la emisión, acuñación y puesta en circulación de monedas de colección de 30 euro ""Agradecimiento a todas las personas y colectivos profesionales que más han destacado en la lucha contra la enfermedad COVID-19 en nuestro país""."
2020-08-07,213,1,BOE-A-2020-9342,MINISTERIO DE ASUNTOS ECONÓMICOS Y TRANSFORMACIÓN DIGITAL,estatal,Corrección,65652,65652,"Corrección de errores de la Orden ETD/699/2020, de 24 de julio, de regulación del crédito revolvente y por la que se modifica la Orden ECO/697/2004, de 11 de marzo, sobre la Central de Información de Riesgos, la Orden EHA/1718/2010, de 11 de junio, de regulación y control de la publicidad de los servicios y productos bancarios y la Orden EHA/2899/2011, de 28 de octubre, de transparencia y protección del cliente de servicios bancarios."
2020-08-07,213,1,BOE-A-2020-9343,COMUNIDAD AUTÓNOMA DE CATALUÑA,autonómico,Corrección,65653,65654,"Corrección de errores del Decreto-ley 26/2020, de 23 de junio, de medidas extraordinarias en materia sanitaria y administrativa."
2020-08-07,213,1,BOE-A-2020-9344,COMUNIDAD AUTÓNOMA DE ANDALUCÍA,autonómico,Ley,65655,65662,"Ley 1/2020, de 13 de julio, para la mejora de las condiciones térmicas y ambientales de los centros educativos andaluces mediante técnicas bioclimáticas y uso de energías renovables."
2020-08-08,214,1,BOE-A-2020-9429,MINISTERIO DE HACIENDA,estatal,Resolución,66973,66977,"Resolución de 7 de agosto de 2020, de la Presidencia del Comisionado para el Mercado de Tabacos, por la que se publican los precios de venta al público de determinadas labores de tabaco en Expendedurías de Tabaco y Timbre del área del Monopolio."
2020-08-08,214,1,BOE-A-2020-9430,MINISTERIO DE SANIDAD,estatal,Resolución,66978,66981,"Resolución de 31 de julio de 2020, de la Agencia Española de Medicamentos y Productos Sanitarios, por la que se modifica la de 19 de junio de 2020, por la que se establece el listado de los medicamentos considerados esenciales en la gestión de la crisis sanitaria ocasionada por el COVID-19, en virtud de lo dispuesto en el artículo 19.1 del Real Decreto-ley 21/2020, de 9 de junio, de medidas urgentes de prevención, contención y coordinación para hacer frente a la crisis sanitaria ocasionada por el COVID-19."
2020-08-10,215,1,BOE-A-2020-9448,COMUNIDAD AUTÓNOMA DE ARAGÓN,autonómico,Ley,67009,67011,"Ley 1/2020, de 9 de julio, por la que se establecen medidas excepcionales para el ejercicio 2020 en determinados tributos gestionados por la Comunidad Autónoma de Aragón."
2020-08-11,216,1,BOE-A-2020-9483,"MINISTERIO DE ASUNTOS EXTERIORES, UNIÓN EUROPEA Y COOPERACIÓN",estatal,Otras,67140,67445,"Medidas del Tratado Antártico adoptadas en la XLII Reunión Consultiva de dicho Tratado, celebrada en Praga, del 1 al 11 de julio de 2019."
2020-08-11,216,1,BOE-A-2020-9484,"MINISTERIO DE ASUNTOS EXTERIORES, UNIÓN EUROPEA Y COOPERACIÓN",estatal,Corrección,67446,67446,"Corrección de errores del Protocolo entre el Reino de España y la República de Albania relativo a la aplicación del Acuerdo entre la Comunidad Europea y la República de Albania sobre la readmisión de residentes ilegales, hecho en Tirana el 5 de abril de 2018."
2020-08-11,216,1,BOE-A-2020-9485,MINISTERIO DE EDUCACIÓN Y FORMACIÓN PROFESIONAL,estatal,Real Decreto,67447,67521,"Real Decreto 728/2020, de 4 de agosto, por el que se actualizan dos cualificaciones profesionales de la familia profesional Madera, Mueble y Corcho, recogidas en el Catálogo Nacional de Cualificaciones Profesionales, establecidas por el Real Decreto 1228/2006, de 27 de octubre, y por el Real Decreto 1958/2009, de 18 de diciembre, y se modifica parcialmente una cualificación profesional de la misma familia profesional, mediante la sustitución de una unidad de competencia transversal y su módulo formativo asociado."
2020-08-11,216,1,BOE-A-2020-9486,MINISTERIO DE EDUCACIÓN Y FORMACIÓN PROFESIONAL,estatal,Real Decreto,67522,67644,"Real Decreto 729/2020, de 4 de agosto, por el que se establecen determinadas cualificaciones profesionales de la familia profesional Textil, Confección y Piel, que se incluyen en el Catálogo Nacional de Cualificaciones Profesionales, y se modifican determinados reales decretos de cualificaciones profesionales."
2020-08-11,216,1,BOE-A-2020-9487,MINISTERIO DE ASUNTOS ECONÓMICOS Y TRANSFORMACIÓN DIGITAL,estatal,Resolución,67645,67649,"Resolución de 10 de agosto de 2020, de la Dirección General del Tesoro y Política Financiera, por la que se establecen las condiciones financieras aplicables a las operaciones de préstamo entre la Administración General del Estado y las Entidades Locales, según los términos previstos en el Real Decreto-ley 27/2020, de 4 de agosto, de medidas financieras, de carácter extraordinario y urgente, aplicables a las Entidades Locales."
2020-08-11,216,1,BOE-A-2020-9488,COMUNIDAD AUTÓNOMA DE LA REGIÓN DE MURCIA,autonómico,Ley,67650,67756,"Ley 1/2020, de 23 de abril, de Presupuestos Generales de la Comunidad Autónoma de la Región de Murcia para el ejercicio 2020."
2020-08-12,217,1,BOE-A-2020-9552,MINISTERIO DE HACIENDA,estatal,Orden,68433,68441,"Orden HAC/785/2020, de 21 de julio, por la que se modifican la Orden EHA/2027/2007, de 28 de junio, por la que se desarrolla parcialmente el Real Decreto 939/2005, de 29 de julio, por el que se aprueba el Reglamento General de Recaudación, en relación con las entidades de crédito que prestan el servicio de colaboración en la gestión recaudatoria de la Agencia Estatal de Administración Tributaria y la Orden EHA/1658/2009, de 12 de junio, por la que se establecen el procedimiento y las condiciones para la domiciliación del pago de determinadas deudas cuya gestión tiene atribuida la Agencia Estatal de Administración Tributaria."
2020-08-12,217,1,BOE-A-2020-9553,COMUNIDAD AUTÓNOMA DE CATALUÑA,autonómico,Ley,68442,68464,"Ley 8/2020, de 30 de julio, de protección y ordenación del litoral."
2020-08-12,217,1,BOE-A-2020-9554,COMUNIDAD AUTÓNOMA DE CATALUÑA,autonómico,Decreto-ley,68465,68467,"Decreto-ley 24/2020, de 16 de junio, de medidas extraordinarias en materia de personal."
2020-08-12,217,1,BOE-A-2020-9555,COMUNIDAD AUTÓNOMA DE CATALUÑA,autonómico,Decreto-ley,68468,68475,"Decreto-ley 27/2020, de 13 de julio, de modificación de la Ley 18/2009, de 22 de octubre, de Salud Pública y de adopción de medidas urgentes para hacer frente al riesgo de brotes de la COVID-19."
2020-08-13,218,1,BOE-A-2020-9589,COMUNITAT VALENCIANA,autonómico,Decreto-ley,68776,68796,"Decreto-ley 6/2020, de 5 de junio, para la ampliación de vivienda pública en la Comunitat Valenciana mediante los derechos de tanteo y retracto."
2020-08-13,218,1,BOE-A-2020-9590,COMUNITAT VALENCIANA,autonómico,Decreto-ley,68797,68837,"Decreto-ley 7/2020, de 26 de junio, de modificación de la Ley 19/2017, de 20 de diciembre, de renta valenciana de inclusión."
2020-08-13,218,1,BOE-A-2020-9591,COMUNITAT VALENCIANA,autonómico,Decreto-ley,68838,68841,"Decreto-ley 8/2020, de 26 de junio, de medidas excepcionales para facilitar la convocatoria y reunión de los órganos sociales y la eficacia de los acuerdos de las entidades cooperativas valencianas."
2020-08-13,218,1,BOE-A-2020-9592,COMUNITAT VALENCIANA,autonómico,Decreto-ley,68842,68849,"Decreto-ley 9/2020, de 3 de julio, de medidas urgentes en los ámbitos de seguridad ferroviaria, de puertos de titularidad de la Generalitat y del taxi."
2020-08-13,218,1,BOE-A-2020-9593,COMUNITAT VALENCIANA,autonómico,Decreto-ley,68850,68854,"Decreto-ley 10/2020, de 24 de julio, de modificación de la Ley 17/2017, de 13 de diciembre, de coordinación de policías locales de la Comunitat Valenciana."
2020-08-13,218,1,BOE-A-2020-9594,COMUNITAT VALENCIANA,autonómico,Decreto-ley,68855,68863,"Decreto-ley 11/2020, de 24 de julio, de régimen sancionador específico contra los incumplimientos de las disposiciones reguladoras de les medidas de prevención ante la Covid-19."
2020-08-14,219,1,BOE-A-2020-9673,COMUNIDAD FORAL DE NAVARRA,autonómico,Ley,69372,69373,"Ley Foral 12/2020, de 1 de julio, de concesión de crédito extraordinario para la concesión de una subvención directa al Colegio de Abogados de Pamplona para la financiación de la página web especializada en derecho penitenciario."
2020-08-14,219,1,BOE-A-2020-9674,COMUNIDAD FORAL DE NAVARRA,autonómico,Ley,69374,69397,"Ley Foral 13/2020, de 1 de julio, de concesión, regulación y distribución de un crédito extraordinario de 25 millones de euros, con cargo al Fondo de Participación de las Haciendas Locales de Navarra, para cubrir las necesidades de las entidades locales derivadas de la adopción de medidas de carácter extraordinario y urgente por motivos de salud pública motivadas por el COVID-19."
2020-08-14,219,1,BOE-A-2020-9675,COMUNIDAD FORAL DE NAVARRA,autonómico,Decreto-ley,69398,69417,"Decreto-ley Foral 6/2020, de 17 de junio, por el que se aprueban medidas urgentes para responder al impacto generado por la crisis sanitaria del coronavirus (COVID-19)."
2020-08-15,220,1,BOE-A-2020-9738,"MINISTERIO DE ASUNTOS EXTERIORES, UNIÓN EUROPEA Y COOPERACIÓN",estatal,Tratado o acuerdo internacional,70249,70282,"Acuerdo sobre un espacio aéreo común entre la Unión Europea y sus Estados Miembros, por una parte, y Georgia, por otra, hecho en Bruselas el 2 de diciembre de 2010."
2020-08-15,220,1,BOE-A-2020-9739,"MINISTERIO DE ASUNTOS EXTERIORES, UNIÓN EUROPEA Y COOPERACIÓN",estatal,Tratado o acuerdo internacional,70283,70284,"Protocolo por el que se modifica el Acuerdo sobre un Espacio Aéreo Común entre la Unión Europea y sus Estados miembros, por una parte, y Georgia, por otra, para tener en cuenta la adhesión a la Unión Europea de la República de Croacia, hecho en Bruselas el 26 de noviembre de 2014."
2020-08-15,220,1,BOE-A-2020-9740,COMUNIDAD AUTÓNOMA DEL PAÍS VASCO,autonómico,Decreto Legislativo,70285,70348,"Decreto Legislativo 1/2020, de 22 de julio, por el que se aprueba el texto refundido de la Ley de Policía del País Vasco."
2020-08-15,220,1,BOE-A-2020-9741,COMUNIDAD AUTÓNOMA DE CATALUÑA,autonómico,Ley,70349,70357,"Ley 9/2020, de 31 de julio, de modificación del libro segundo del Código civil de Cataluña, relativo a la persona y la familia, y de la Ley 15/2009, de mediación en el ámbito del derecho privado."
2020-08-15,220,1,BOE-A-2020-9742,COMUNIDAD AUTÓNOMA DE CATALUÑA,autonómico,Ley,70358,70360,"Ley 10/2020, de 31 de julio, de modificación de la Ley 14/2010, de los derechos y las oportunidades en la infancia y la adolescencia, en relación con la exención de copago a los menores huérfanos tutelados por la Generalidad."
2020-08-15,220,1,BOE-A-2020-9743,COMUNIDAD AUTÓNOMA DE EXTREMADURA,autonómico,Decreto-ley,70361,70373,"Decreto-ley 13/2020, de 22 de julio, por el que se modifica la Ley 7/2011, de 23 de marzo, de salud pública de Extremadura, en relación con el régimen sancionador por el incumplimiento de las medidas de salud pública adoptadas como consecuencia de las crisis sanitarias ocasionadas por la COVID-19 u otras epidemias."
2020-08-15,220,1,BOE-A-2020-9744,COMUNIDAD AUTÓNOMA DE EXTREMADURA,autonómico,Decreto-ley,70374,70404,"Decreto-ley 14/2020, de 22 de julio, de medidas para la activación de la demanda en la Comunidad Autónoma de Extremadura tras la crisis sanitaria."
2020-08-17,221,1,BOE-A-2020-9791,MINISTERIO PARA LA TRANSICIÓN ECOLÓGICA Y EL RETO DEMOGRÁFICO,estatal,Resolución,70843,70845,"Resolución de 9 de agosto de 2020, de la Dirección General de Política Energética y Minas, por la que se publican los nuevos precios de venta, antes de impuestos, de los gases licuados del petróleo por canalización."
2020-08-17,221,1,BOE-A-2020-9792,COMUNIDAD AUTÓNOMA DE LA REGIÓN DE MURCIA,autonómico,Ley,70846,70877,"Ley 2/2020, de 27 de julio, de mitigación del impacto socioeconómico del COVID-19 en el área de vivienda e infraestructuras."
2020-08-17,221,1,BOE-A-2020-9793,COMUNIDAD AUTÓNOMA DE LA REGIÓN DE MURCIA,autonómico,Ley,70878,70952,"Ley 3/2020, de 27 de julio, de recuperación y protección del Mar Menor."
2020-08-17,221,1,BOE-A-2020-9794,COMUNIDAD AUTÓNOMA DE LA REGIÓN DE MURCIA,autonómico,Ley,70953,70954,"Ley 4/2020, de 3 de agosto, de modificación de la Ley 1/2020, de 23 de abril, de Presupuestos Generales de la Comunidad Autónoma de la Región de Murcia para el ejercicio 2020."
2020-08-17,221,1,BOE-A-2020-9795,COMUNIDAD AUTÓNOMA DE LA REGIÓN DE MURCIA,autonómico,Ley,70955,70981,"Ley 5/2020, de 3 de agosto, de mitigación del impacto socioeconómico del COVID-19 en el área de medio ambiente."
2020-08-17,221,1,BOE-A-2020-9796,COMUNIDAD AUTÓNOMA DE LA REGIÓN DE MURCIA,autonómico,Corrección,70982,70984,"Corrección de errores de la Ley 1/2020, de 23 de abril, de Presupuestos Generales de la Comunidad Autónoma de la Región de Murcia para el año 2020."
2020-08-18,222,1,BOE-A-2020-9821,MINISTERIO DE UNIVERSIDADES,estatal,Resolución,71221,71222,"Resolución de 29 de julio de 2020, de la Secretaría General de Universidades, por la que se publica el Acuerdo del Consejo de Ministros de 14 de julio de 2020, por el que se establece el carácter oficial de determinados títulos de Doctor y su inscripción en el Registro de Universidades, Centros y Títulos."
2020-08-18,222,1,BOE-A-2020-9822,MINISTERIO DE UNIVERSIDADES,estatal,Resolución,71223,71225,"Resolución de 29 de julio de 2020, de la Secretaría General de Universidades, por la que se publica el Acuerdo del Consejo de Ministros de 7 de julio de 2020, por el que se establece el carácter oficial de determinados títulos de Grado y su inscripción en el Registro de Universidades, Centros y Títulos."
2020-08-18,222,1,BOE-A-2020-9823,MINISTERIO DE UNIVERSIDADES,estatal,Resolución,71226,71229,"Resolución de 29 de julio de 2020, de la Secretaría General de Universidades, por la que se publica el Acuerdo del Consejo de Ministros de 7 de julio de 2020, por el que se establece el carácter oficial de determinados títulos de Máster y su inscripción en el Registro de Universidades, Centros y Títulos."
2020-08-19,223,1,BOE-A-2020-9850,"MINISTERIO DE ASUNTOS EXTERIORES, UNIÓN EUROPEA Y COOPERACIÓN",estatal,Tratado o acuerdo internacional,71366,71371,"Canje de Cartas entre el Reino de España y el Organismo Internacional de Energía Atómica (OIEA) para la celebración de la Tercera Reunión para coordinar las investigaciones sobre programas de gestión de envejecimiento para los sistemas de almacenamiento en seco del combustible gastado, hecho en Viena el 15 de enero y 18 de mayo de 2020."
2020-08-19,223,1,BOE-A-2020-9851,"MINISTERIO DE ASUNTOS EXTERIORES, UNIÓN EUROPEA Y COOPERACIÓN",estatal,Tratado o acuerdo internacional,71372,71383,"Enmiendas al Anejo I del Acuerdo sobre transportes internacionales de mercancías perecederas y sobre vehículos especiales utilizados en esos transportes (ATP), adoptadas en Ginebra el 13 de octubre de 2017 y el 12 de octubre de 2018."
2020-08-20,224,1,BOE-A-2020-9887,"MINISTERIO DE ASUNTOS EXTERIORES, UNIÓN EUROPEA Y COOPERACIÓN",estatal,Tratado o acuerdo internacional,71690,71697,"Canje de Cartas entre el Reino de España y el Organismo Internacional de Energía Atómica (OIEA) para la celebración de la Primera Reunión para Coordinar las Investigaciones sobre Técnicas Isotópicas para la Evaluación de las Fuentes de Agua en los Sistemas de Riego, en el marco del proyecto coordinado de investigación F33025, del 23 al 26 de noviembre de 2020, hecho en Viena el 17 de octubre de 2019, el 25 de febrero, 18 de mayo y 16 de junio de 2020."
2020-08-21,225,1,BOE-A-2020-9902,"MINISTERIO DE ASUNTOS EXTERIORES, UNIÓN EUROPEA Y COOPERACIÓN",estatal,Tratado o acuerdo internacional,71770,71774,"Acuerdo entre el Gobierno del Reino de Suecia y el Ministerio de Defensa del Reino de España para la mutua salvaguarda del secreto de las invenciones de interés para la defensa y para las que se han presentado solicitudes de patente, hecho en Estocolmo el 19 de junio de 2019."
2020-08-21,225,1,BOE-A-2020-9903,COMUNIDAD AUTÓNOMA DE CANTABRIA,autonómico,Ley,71775,71781,"Ley 5/2020, de 15 de julio, Reguladora del Fondo de Cooperación Municipal de Cantabria."
2020-08-21,225,1,BOE-A-2020-9904,COMUNIDAD AUTÓNOMA DE CANTABRIA,autonómico,Ley,71782,71806,"Ley 6/2020, de 15 de julio, de Fundaciones de Cantabria."
2020-08-22,226,1,BOE-A-2020-9931,MINISTERIO DEL INTERIOR,estatal,Resolución,71912,71912,"Resolución de 17 de agosto de 2020, de la Dirección General de Tráfico, por la que, en ejecución de sentencia, se revoca y anula la Resolución de 24 de noviembre de 2017, por la que se modifica la de 2 de enero de 2017, por la que se establecen medidas especiales de regulación del tráfico durante el año 2017, incluyendo la restricción temporal a la circulación de determinados tipos de vehículos en las carreteras N-232 y N-124 a su paso por La Rioja."
2020-08-24,227,1,BOE-A-2020-9942,COMUNIDAD AUTÓNOMA DE LAS ILLES BALEARS,autonómico,Decreto-ley,71933,71941,"Decreto-ley 11/2020, de 10 de julio, por el que se establece un régimen sancionador específico para afrontar los incumplimientos de las disposiciones dictadas para paliar los efectos de la crisis ocasionada por la COVID-19."
2020-08-25,228,1,BOE-A-2020-9971,MINISTERIO DE IGUALDAD,estatal,Real Decreto,71988,71998,"Real Decreto 708/2020, de 28 de julio, por el que se regula la concesión directa de subvenciones a la Fundación CEPAIM, a Cruz Roja Española, a la Fundación Secretariado Gitano y a la Federación Española de Universidades Populares para desarrollar el programa SARA."
2020-08-26,229,1,BOE-A-2020-9995,MINISTERIO DE EDUCACIÓN Y FORMACIÓN PROFESIONAL,estatal,Real Decreto,72228,72257,"Real Decreto 686/2020, de 21 de julio, por el que se establece una cualificación profesional de la familia profesional Seguridad y Medio Ambiente, que se incluye en el Catálogo Nacional de Cualificaciones Profesionales, y se modifican determinados reales decretos de cualificaciones profesionales."
2020-08-27,230,1,BOE-A-2020-10006,MINISTERIO DE HACIENDA,estatal,Resolución,72304,72309,"Resolución de 11 de agosto de 2020, de la Secretaría General de Financiación Autonómica y Local, por la que se desarrolla la información a suministrar por las Corporaciones locales relativa al esfuerzo fiscal de 2018 y su comprobación en las Delegaciones de Economía y Hacienda."
2020-08-27,230,1,BOE-A-2020-10007,MINISTERIO DE POLÍTICA TERRITORIAL Y FUNCIÓN PÚBLICA,estatal,Real Decreto,72310,72314,"Real Decreto 778/2020, de 25 de agosto, por el que se declara la aplicación de las medidas previstas en el artículo 9 del Real Decreto-ley 11/2019, de 20 de septiembre, por el que se adoptan medidas urgentes para paliar los daños causados por temporales y otras situaciones catastróficas, a diversas situaciones catastróficas acaecidas entre el 1 de abril de 2019 y el 31 de marzo de 2020."
2020-08-27,230,1,BOE-A-2020-10008,MINISTERIO DE ASUNTOS ECONÓMICOS Y TRANSFORMACIÓN DIGITAL,estatal,Orden,72315,72318,"Orden ETD/803/2020, de 31 de julio, por la que se crea la División Oficina del Dato y la División de Planificación y Ejecución de Programas en la Secretaría de Estado de Digitalización e Inteligencia Artificial."
2020-08-29,232,1,BOE-A-2020-10046,MINISTERIO DEL INTERIOR,estatal,Orden,72399,72400,"Orden INT/805/2020, de 28 de agosto, por la que se modifica la Orden INT/657/2020, de 17 de julio, por la que se modifican los criterios para la aplicación de una restricción temporal de viajes no imprescindibles desde terceros países a la Unión Europea y países asociados Schengen por razones de orden público y salud pública con motivo de la crisis sanitaria ocasionada por la COVID-19."
2020-08-31,233,1,BOE-A-2020-10056,"MINISTERIO DE ASUNTOS EXTERIORES, UNIÓN EUROPEA Y COOPERACIÓN",estatal,Corrección,72501,72501,"Corrección de errores del Acuerdo entre el Gobierno del Reino de Suecia y el Ministerio de Defensa del Reino de España para la mutua salvaguarda del secreto de las invenciones de interés para la defensa y para las que se han presentado solicitudes de patente, hecho en Estocolmo el 14 de junio de 2019."
2020-09-02,235,1,BOE-A-2020-10124,MINISTERIO DE HACIENDA,estatal,Orden,73142,73145,"Orden HAC/809/2020, de 1 de septiembre, por la que se determina la cuantía de la distribución definitiva entre las Comunidades Autónomas y Ciudades de Ceuta y Melilla de los recursos previstos en la letra c) del apartado 2 del artículo 2 del Real Decreto-ley 22/2020, de 16 de junio, por el que se regula la creación del Fondo COVID-19 y se establecen las reglas relativas a su distribución y libramiento."
2020-09-02,235,1,BOE-A-2020-10125,MINISTERIO DE EDUCACIÓN Y FORMACIÓN PROFESIONAL,estatal,Corrección,73146,73146,"Corrección de errores del Real Decreto 701/2019, de 29 de noviembre, por el que se establecen los títulos de Técnico Deportivo Superior en Alta Montaña y Técnico Deportivo Superior en Escalada y se fijan sus currículos básicos y los requisitos de acceso."
2020-09-02,235,1,BOE-A-2020-10126,MINISTERIO DE EDUCACIÓN Y FORMACIÓN PROFESIONAL,estatal,Corrección,73147,73147,"Corrección de errores del Real Decreto 702/2019, de 29 de noviembre, por el que se establecen los títulos de Técnico Deportivo en Barrancos, Técnico Deportivo en Escalada y Técnico Deportivo en Media Montaña y se fijan sus currículos básicos y los requisitos de acceso."
2020-09-02,235,1,BOE-A-2020-10127,"MINISTERIO DE INDUSTRIA, COMERCIO Y TURISMO",estatal,Real Decreto,73148,73155,"Real Decreto 785/2020, de 1 de septiembre, por el que se regula la concesión directa de subvenciones en materia de industria por el Ministerio de Industria, Comercio y Turismo, durante el ejercicio presupuestario 2020."
2020-09-02,235,1,BOE-A-2020-10128,"MINISTERIO DE INDUSTRIA, COMERCIO Y TURISMO",estatal,Real Decreto,73156,73161,"Real Decreto 786/2020, de 1 de septiembre, por el que se regula la concesión directa de subvenciones en materia de propiedad industrial por el Ministerio de Industria, Comercio y Turismo, durante el ejercicio presupuestario 2020."
2020-09-02,235,1,BOE-A-2020-10129,"MINISTERIO DE LA PRESIDENCIA, RELACIONES CON LAS CORTES Y MEMORIA DEMOCRÁTICA",estatal,Real Decreto,73162,73165,"Real Decreto 787/2020, de 1 de septiembre, por el que se modifican el Real Decreto 577/1982, de 17 de marzo, por el que se regulan la estructura y competencias del Instituto Nacional de Seguridad e Higiene en el Trabajo, el Real Decreto 505/1985, de 6 de marzo, sobre organización y funcionamiento del Fondo de Garantía Salarial, el Real Decreto 1383/2008, de 1 de agosto, por el que se aprueba la estructura orgánica y de participación institucional del Servicio Público de Empleo Estatal y el Real Decreto 192/2018, de 6 de abril, por el que se aprueban los estatutos del Organismo Autónomo Organismo Estatal Inspección de Trabajo y Seguridad Social."
2020-09-02,235,1,BOE-A-2020-10130,"MINISTERIO DE LA PRESIDENCIA, RELACIONES CON LAS CORTES Y MEMORIA DEMOCRÁTICA",estatal,Orden,73166,73183,"Orden PCM/810/2020, de 31 de agosto, por la que se modifican los Anexos III y IV del Real Decreto 219/2013, de 22 de marzo, sobre restricciones a la utilización de determinadas sustancias peligrosas en aparatos eléctricos y electrónicos."
2020-09-02,235,1,BOE-A-2020-10131,MINISTERIO DE CIENCIA E INNOVACIÓN,estatal,Real Decreto,73184,73191,"Real Decreto 788/2020, de 1 de septiembre, por el que se regula la concesión directa de diversas subvenciones para el impulso de proyectos en materia de investigación y el fomento de acciones innovadoras."
2020-09-04,237,1,BOE-A-2020-10194,MINISTERIO DE DEFENSA,estatal,Real Decreto,73392,73406,"Real Decreto 776/2020, de 25 de agosto, por el que se aprueban los Estatutos del Colegio Oficial de Ingenieros de Armas Navales."
2020-09-04,237,1,BOE-A-2020-10195,MINISTERIO DE DEFENSA,estatal,Real Decreto,73407,73422,"Real Decreto 777/2020, de 25 de agosto, por el que se aprueban los Estatutos del Colegio Oficial de Ingenieros de Armamento y Material."
2020-09-05,238,1,BOE-A-2020-10254,MINISTERIO DE HACIENDA,estatal,Resolución,73669,73670,"Resolución de 4 de septiembre de 2020, de la Presidencia del Comisionado para el Mercado de Tabacos, por la que se publican los precios de venta al público de determinadas labores de tabaco en Expendedurías de Tabaco y Timbre del área de Península y Baleares."
2020-09-05,238,1,BOE-A-2020-10255,MINISTERIO DE ASUNTOS ECONÓMICOS Y TRANSFORMACIÓN DIGITAL,estatal,Resolución,73671,73673,"Resolución de 3 de septiembre de 2020, de la Secretaría General del Tesoro y Financiación Internacional, por la que se actualiza el Anexo 1 incluido en la Resolución de 4 de julio de 2017 de la Secretaría General del Tesoro y Política Financiera, por la que se define el principio de prudencia financiera aplicable a las operaciones de endeudamiento y derivados de las comunidades autónomas y entidades locales."
2020-09-07,239,1,BOE-A-2020-10270,MINISTERIO DE DERECHOS SOCIALES Y AGENDA 2030,estatal,Orden,74159,74167,"Orden DSA/819/2020, de 3 de septiembre, por la que se regula la composición y funcionamiento del Consejo de Desarrollo Sostenible."
2020-09-08,240,1,BOE-A-2020-10323,JEFATURA DEL ESTADO,estatal,Corrección,75375,75375,"Corrección de errores del Real Decreto-ley 27/2020, de 4 de agosto, de medidas financieras, de carácter extraordinario y urgente, aplicables a las entidades locales."
2020-09-09,241,1,BOE-A-2020-10366,MINISTERIO DEL INTERIOR,estatal,Orden,75523,75525,"Orden INT/826/2020, de 3 de septiembre, por la que se modifican en lo relativo a plazos de adecuación de medidas de seguridad electrónica, la Orden INT/314/2011, de 1 de febrero, sobre empresas de seguridad privada, la Orden INT/316/2011, de 1 de febrero, sobre funcionamiento de los sistemas de alarma en el ámbito de la seguridad privada, y la Orden INT/317/2011, de 1 de febrero, sobre medidas de seguridad privada."
2020-09-09,241,1,BOE-A-2020-10367,"MINISTERIO DE AGRICULTURA, PESCA Y ALIMENTACIÓN",estatal,Real Decreto,75526,75547,"Real Decreto 810/2020, de 8 de septiembre, por el que se modifican el Real Decreto 146/2019, de 15 de marzo, por el que se establecen las bases reguladoras de la concesión de subvenciones a entidades de mujeres rurales de ámbito nacional para la realización de actividades de especial interés para impulsar el papel de las mujeres en el desarrollo rural, el Real Decreto 347/2019, de 17 de mayo, por el que se establecen las bases reguladoras para la concesión de subvenciones destinadas a programas plurirregionales de formación dirigidos a los profesionales del medio rural, y las Órdenes de 1 de abril y 19 de septiembre de 2019, por las que se convocan las respectivas subvenciones para los ejercicios 2019 y 2020."
2020-09-10,242,1,BOE-A-2020-10425,"MINISTERIO DE LA PRESIDENCIA, RELACIONES CON LAS CORTES Y MEMORIA DEMOCRÁTICA",estatal,Orden,75829,75834,"Orden PCM/831/2020, de 7 de septiembre, por la que se modifica el anexo I del Real Decreto 20/2017, de 20 de enero, sobre los vehículos al final de su vida útil."
2020-09-10,242,1,BOE-A-2020-10426,MINISTERIO PARA LA TRANSICIÓN ECOLÓGICA Y EL RETO DEMOGRÁFICO,estatal,Resolución,75835,75838,"Resolución de 2 de septiembre de 2020, de la Dirección General de Calidad y Evaluación Ambiental, por la que se modifica el Anexo de la Orden TEC/351/2019, de 18 de marzo, por la que se aprueba el Índice Nacional de Calidad del Aire."
2020-09-10,242,1,BOE-A-2020-10427,TRIBUNAL SUPREMO,estatal,Resolución judicial,75839,75839,"Sentencia de 24 de junio de 2020, de la Sala Tercera del Tribunal Supremo, que estima el recurso interpuesto por Telefónica de España, SA, contra el Real Decreto 1517/2018, de 28 de diciembre, por el que se modifica el Reglamento sobre las condiciones para la prestación de servicios de comunicaciones electrónicas, el servicio universal y la protección de los usuarios, aprobado por el Real Decreto 424/2005."
2020-09-11,243,1,BOE-A-2020-10491,CORTES GENERALES,estatal,Resolución,76014,76014,"Resolución de 10 de septiembre de 2020, del Congreso de los Diputados, por la que se ordena la publicación del Acuerdo de derogación del Real Decreto-ley 27/2020, de 4 de agosto, de medidas financieras, de carácter extraordinario y urgente, aplicables a las entidades locales."
2020-09-11,243,1,BOE-A-2020-10492,COMUNIDAD FORAL DE NAVARRA,autonómico,Decreto-ley,76015,76020,"Decreto-Ley Foral 7/2020, de 22 de julio, por el que se aprueban medidas preventivas extraordinarias para hacer frente a la crisis sanitaria del coronavirus (COVID-19), una vez superada la fase 3 del Plan para la transición hacia una nueva normalidad."
2020-09-12,244,1,BOE-A-2020-10559,"MINISTERIO DE ASUNTOS EXTERIORES, UNIÓN EUROPEA Y COOPERACIÓN",estatal,Corrección,76952,76952,"Corrección de errores del Instrumento de Ratificación del Tratado Constitutivo del Mecanismo Europeo de Estabilidad (MEDE) entre el Reino de Bélgica, la República Federal de Alemania, la República de Estonia, Irlanda, la República Helénica, el Reino de España, la República Francesa, la República Italiana, la República de Chipre, el Gran Ducado de Luxemburgo, Malta, el Reino de los Países Bajos, la República de Austria, la República Portuguesa, la República de Eslovenia, la República Eslovaca y la República de Finlandia, hecho en Bruselas el 2 de febrero de 2012."
2020-09-14,245,1,BOE-A-2020-10591,MINISTERIO PARA LA TRANSICIÓN ECOLÓGICA Y EL RETO DEMOGRÁFICO,estatal,Resolución,77114,77116,"Resolución de 9 de septiembre de 2020, de la Dirección General de Política Energética y Minas, por la que se publican los nuevos precios de venta, antes de impuestos, de los gases licuados del petróleo por canalización."
2020-09-14,245,1,BOE-A-2020-10592,MINISTERIO PARA LA TRANSICIÓN ECOLÓGICA Y EL RETO DEMOGRÁFICO,estatal,Resolución,77117,77118,"Resolución de 9 de septiembre de 2020, de la Dirección General de Política Energética y Minas, por la que se publican los nuevos precios máximos de venta, antes de impuestos, de los gases licuados del petróleo envasados, en envases de carga igual o superior a 8 kg., e inferior a 20 kg., excluidos los envases de mezcla para usos de los gases licuados del petróleo como carburante."
2020-09-15,246,1,BOE-A-2020-10652,"MINISTERIO DE ASUNTOS EXTERIORES, UNIÓN EUROPEA Y COOPERACIÓN",estatal,Otras,77409,77409,"Objeción de España a la reserva y la declaración formuladas por la República Libanesa al Convenio internacional para la represión de la financiación del terrorismo, hecho en Nueva York el 9 de diciembre de 1999."
2020-09-15,246,1,BOE-A-2020-10653,"MINISTERIO DE ASUNTOS EXTERIORES, UNIÓN EUROPEA Y COOPERACIÓN",estatal,Corrección,77410,77410,"Corrección de errores a las Enmiendas al Anejo I del Acuerdo sobre transportes internacionales de mercancías perecederas y sobre vehículos especiales utilizados en esos transportes (ATP), adoptadas en Ginebra el 13 de octubre de 2017 y el 12 de octubre de 2018."
2020-09-16,247,1,BOE-A-2020-10726,MINISTERIO DEL INTERIOR,estatal,Orden,77809,77810,"Orden INT/851/2020, de 14 de septiembre, por la que se prorroga la Orden INT/657/2020, de 17 de julio, por la que se modifican los criterios para la aplicación de una restricción temporal de viajes no imprescindibles desde terceros países a la Unión Europea y países asociados Schengen por razones de orden público y salud pública con motivo de la crisis sanitaria ocasionada por la COVID-19."
2020-09-16,247,1,BOE-A-2020-10727,"MINISTERIO DE LA PRESIDENCIA, RELACIONES CON LAS CORTES Y MEMORIA DEMOCRÁTICA",estatal,Corrección,77811,77811,"Corrección de errores del Real Decreto 542/2020, de 26 de mayo, por el que se modifican y derogan diferentes disposiciones en materia de calidad y seguridad industrial."
2020-09-16,247,1,BOE-A-2020-10728,MINISTERIO PARA LA TRANSICIÓN ECOLÓGICA Y EL RETO DEMOGRÁFICO,estatal,Corrección,77812,77812,"Corrección de errores del Real Decreto 569/2020, de 16 de junio, por el que se regula el programa de incentivos a la movilidad eficiente y sostenible (Programa MOVES II) y se acuerda la concesión directa de las ayudas de este programa a las comunidades autónomas y a las ciudades de Ceuta y Melilla."
2020-09-16,247,1,BOE-A-2020-10729,MINISTERIO PARA LA TRANSICIÓN ECOLÓGICA Y EL RETO DEMOGRÁFICO,estatal,Resolución,77813,77815,"Resolución de 10 de septiembre de 2020, de la Dirección General de Política Energética y Minas, por la que se fija el poder calorífico inferior de la hulla, fuel oil, diesel oil, y gasoil del primer y segundo semestre de 2019 a aplicar en la liquidación de la actividad de producción de energía eléctrica en los territorios no peninsulares de dicho ejercicio."
2020-09-17,248,1,BOE-A-2020-10776,JEFATURA DEL ESTADO,estatal,Ley Orgánica,77973,77993,"Ley Orgánica 1/2020, de 16 de septiembre, sobre la utilización de los datos del Registro de Nombres de Pasajeros para la prevención, detección, investigación y enjuiciamiento de delitos de terrorismo y delitos graves."
2020-09-17,248,1,BOE-A-2020-10777,TRIBUNAL CONSTITUCIONAL,estatal,Resolución judicial,77994,77994,"Recurso de inconstitucionalidad n.º 3681-2020, contra disposición transitoria décima, apartado segundo, de la Ley 7/2019, de 27 de junio, de quinta modificación de la Ley de Policía del País Vasco."
2020-09-17,248,1,BOE-A-2020-10778,"MINISTERIO DE TRANSPORTES, MOVILIDAD Y AGENDA URBANA",estatal,Corrección,77995,77995,"Corrección de errores y erratas del Real Decreto 515/2020, de 12 de mayo, por el que se regula el procedimiento de certificación de proveedores civiles de servicios y funciones de gestión del tránsito aéreo y de navegación aérea y su control normativo."
2020-09-17,248,1,BOE-A-2020-10779,MINISTERIO DE UNIVERSIDADES,estatal,Resolución,77996,77999,"Resolución de 3 de septiembre de 2020, de la Secretaría General de Universidades, por la que se publica el Acuerdo del Consejo de Ministros de 1 de septiembre 2020 por el que se establece el carácter oficial de determinados títulos de Máster y su inscripción en el Registro de Universidades, Centros y Títulos."
2020-09-17,248,1,BOE-A-2020-10780,MINISTERIO DE UNIVERSIDADES,estatal,Resolución,78000,78003,"Resolución de 3 de septiembre de 2020, de la Secretaría General de Universidades, por la que se publica el Acuerdo del Consejo de Ministros de 1 de septiembre de 2020, por el que se establece el carácter oficial de determinados títulos de Grado y su inscripción en el Registro de Universidades, Centros y Títulos."
2020-09-17,248,1,BOE-A-2020-10781,MINISTERIO DE UNIVERSIDADES,estatal,Resolución,78004,78005,"Resolución de 3 de septiembre de 2020, de la Secretaría General de Universidades, por la que se publica el Acuerdo del Consejo de Ministros de 1 de septiembre de 2020, por el que se establece el carácter oficial de determinados títulos de Doctor y su inscripción en el Registro de Universidades, Centros y Títulos."
2020-09-17,248,1,BOE-A-2020-10782,TRIBUNAL SUPREMO,estatal,Resolución judicial,78006,78007,"Sentencia de 18 de febrero de 2020, de la Sala Tercera del Tribunal Supremo, que estima en parte el recurso contencioso-administrativo interpuesto por Electra Avellana, SL, contra la Orden IET/980/2016, de 10 de junio, por la que se establece la retribución de las empresas de distribución de energía eléctrica para el año 2016."
2020-09-17,248,1,BOE-A-2020-10783,COMUNIDAD FORAL DE NAVARRA,autonómico,Ley,78008,78013,"Ley Foral 14/2020, de 1 de septiembre, por la que se aprueban medidas extraordinarias para hacer frente a la crisis sanitaria del coronavirus (COVID-19), una vez superada la fase 3 del Plan para la transición hacia una nueva normalidad."
2020-09-18,249,1,BOE-A-2020-10836,TRIBUNAL CONSTITUCIONAL,estatal,Resolución judicial,78424,78424,"Recurso de inconstitucionalidad n.º 1998-2020, contra diversos preceptos del Decreto-ley 2/2020, de 9 de marzo, de mejora y simplificación de la regulación para el fomento de la actividad productiva de Andalucía."
2020-09-19,250,1,BOE-A-2020-10923,JEFATURA DEL ESTADO,estatal,Ley,79102,79126,"Ley 3/2020, de 18 de septiembre, de medidas procesales y organizativas para hacer frente al COVID-19 en el ámbito de la Administración de Justicia."
2020-09-19,250,1,BOE-A-2020-10924,MINISTERIO DE HACIENDA,estatal,Resolución,79127,79133,"Resolución de 18 de septiembre de 2020, de la Presidencia del Comisionado para el Mercado de Tabacos, por la que se publican los precios de venta al público de determinadas labores de tabaco en Expendedurías de Tabaco y Timbre del área del Monopolio."
2020-09-19,250,1,BOE-A-2020-10925,MINISTERIO PARA LA TRANSICIÓN ECOLÓGICA Y EL RETO DEMOGRÁFICO,estatal,Resolución,79134,79139,"Resolución de 10 de septiembre de 2020, de la Dirección General de Política Energética y Minas, por la que se fijan los precios definitivos del combustible gas natural del primer y segundo semestre de 2019 a aplicar en la liquidación de cada grupo generador en los sistemas eléctricos de los territorios no peninsulares para dicho periodo."
2020-09-21,251,1,BOE-A-2020-10944,MINISTERIO PARA LA TRANSICIÓN ECOLÓGICA Y EL RETO DEMOGRÁFICO,estatal,Orden,79220,79230,"Orden TED/865/2020, de 15 de septiembre, por la que se ejecutan diversas sentencias del Tribunal Supremo en relación con la retribución de las empresas de distribución de energía eléctrica para el año 2016."
2020-09-21,251,1,BOE-A-2020-10945,MINISTERIO PARA LA TRANSICIÓN ECOLÓGICA Y EL RETO DEMOGRÁFICO,estatal,Orden,79231,79253,"Orden TED/866/2020, de 15 de septiembre, por la que se establecen las retribuciones de varias empresas de distribución de energía eléctrica correspondientes al segundo periodo del año 2013 y a los años 2014 y 2015 en ejecución de varias sentencias."
2020-09-23,253,1,BOE-A-2020-11043,JEFATURA DEL ESTADO,estatal,Real Decreto-ley,79929,79971,"Real Decreto-ley 28/2020, de 22 de septiembre, de trabajo a distancia."
2020-09-23,253,1,BOE-A-2020-11044,MINISTERIO DE UNIVERSIDADES,estatal,Real Decreto,79972,79978,"Real Decreto 853/2020, de 22 de septiembre, por el que se regula la concesión directa de diversas subvenciones en el ámbito de competencias del Ministerio de Universidades."
2020-09-23,253,1,BOE-A-2020-11045,TRIBUNAL SUPREMO,estatal,Resolución judicial,79979,79979,"Sentencia de 23 de julio de 2020, de la Sala Tercera del Tribunal Supremo, que declara estimar el recurso contencioso-administrativo número 80/2018, contra el apartado 11 del artículo primero del Real Decreto 1070/2017, de 29 de diciembre, por el que se introduce en el Reglamento General de las actuaciones y procedimientos de gestión e inspección tributaria aprobado por Real Decreto 1065/2007, de 27 de julio, un nuevo artículo 54 ter, que regula la ""Obligación de informar sobre la cesión de uso de viviendas con fines turísticos""."
2020-09-23,253,1,BOE-A-2020-11046,COMUNITAT VALENCIANA,autonómico,Ley,79980,80038,"Ley 1/2020, de 11 de junio, de regulación del juego y de prevención de la ludopatía en la Comunitat Valenciana."
2020-09-24,254,1,BOE-A-2020-11128,MINISTERIO DE DEFENSA,estatal,Orden,80533,80536,"Orden DEF/879/2020, de 18 de septiembre, por la que se aprueban los perfiles de ingreso y egreso de los alumnos del curso de alta gestión de infraestructuras y recursos patrimoniales."
2020-09-24,254,1,BOE-A-2020-11129,MINISTERIO DE DEFENSA,estatal,Orden,80537,80540,"Orden DEF/880/2020, de 18 de septiembre, por la que se aprueban los perfiles de ingreso y egreso de los alumnos del curso de alta gestión de recursos humanos."
2020-09-24,254,1,BOE-A-2020-11130,MINISTERIO DE DEFENSA,estatal,Orden,80541,80544,"Orden DEF/881/2020, de 18 de septiembre, por la que se aprueban los perfiles de ingreso y egreso de los alumnos del curso de alta gestión del recurso financiero."
2020-09-24,254,1,BOE-A-2020-11131,MINISTERIO DE DEFENSA,estatal,Orden,80545,80548,"Orden DEF/882/2020, de 18 de septiembre, por la que se aprueban los perfiles de ingreso y egreso de los alumnos del curso de alta gestión logística."
2020-09-24,254,1,BOE-A-2020-11132,"MINISTERIO DE TRANSPORTES, MOVILIDAD Y AGENDA URBANA",estatal,Resolución,80549,80551,"Resolución de 23 de septiembre de 2020, de la Dirección de la Agencia Estatal de Seguridad Ferroviaria, de extensión excepcional de la vigencia de los títulos habilitantes contemplados en la Orden FOM/2872/2010, de 5 de noviembre, de personal ferroviario, en virtud de la disposición adicional vigesimoprimera de la Ley 38/2015, de 29 de septiembre, del sector ferroviario, en la redacción dada por la disposición final octava del Real Decreto-ley 28/2020, de 22 de septiembre, de trabajo a distancia."
2020-09-25,255,1,BOE-A-2020-11193,MINISTERIO DEL INTERIOR,estatal,Real Decreto,80924,80942,"Real Decreto 837/2020, de 15 de septiembre, por el que se aprueba la Directriz básica de planificación de protección civil ante emergencias aeronáuticas de aviación civil."
2020-09-25,255,1,BOE-A-2020-11194,MINISTERIO DE IGUALDAD,estatal,Real Decreto,80943,80950,"Real Decreto 839/2020, de 15 de septiembre, por el que se regula la concesión directa de una subvención a la Asociación Nacional de Mujeres de la Pesca para fomentar la igualdad efectiva de trato y oportunidades de mujeres y hombres en el sector pesquero."
2020-09-25,255,1,BOE-A-2020-11195,"MINISTERIO DE INCLUSIÓN, SEGURIDAD SOCIAL Y MIGRACIONES",estatal,Orden,80951,80959,"Orden ISM/888/2020, de 22 de septiembre, por la que se regula la modalidad de pago a cuenta de las cuotas de la Seguridad Social y por conceptos de recaudación conjunta, prevista en el artículo 56.3 del Reglamento General de Recaudación de la Seguridad Social, aprobado por el Real Decreto 1415/2004, de 11 de junio, durante los años 2020 y 2021."
2020-09-26,256,1,BOE-A-2020-11249,MINISTERIO DE HACIENDA,estatal,Resolución,81315,81319,"Resolución de 25 de septiembre de 2020, de la Presidencia del Comisionado para el Mercado de Tabacos, por la que se publican los precios de venta al público de determinadas labores de tabaco en Expendedurías de Tabaco y Timbre del área del Monopolio."
2020-09-26,256,1,BOE-A-2020-11250,MINISTERIO DE ASUNTOS ECONÓMICOS Y TRANSFORMACIÓN DIGITAL,estatal,Orden,81320,81323,"Orden ETD/890/2020, de 21 de septiembre, por la que se acuerda la emisión, acuñación y puesta en circulación de monedas de 2 euro conmemorativas de la Ciudad Histórica de Toledo."
2020-09-28,257,1,BOE-A-2020-11274,MINISTERIO PARA LA TRANSICIÓN ECOLÓGICA Y EL RETO DEMOGRÁFICO,estatal,Resolución,81439,81441,"Resolución de 16 de septiembre de 2020, de la Confederación Hidrográfica del Guadiana, O.A., por la que se establece el procedimiento para el pago por vía electrónica de determinadas tasas."
2020-09-29,258,1,BOE-A-2020-11356,"MINISTERIO DE ASUNTOS EXTERIORES, UNIÓN EUROPEA Y COOPERACIÓN",estatal,Tratado o acuerdo internacional,81928,81934,"Enmienda al artículo 14 de los Estatutos de la Organización Mundial del Turismo, adoptada por la Asamblea General de la OMT en Nueva Delhi el 14 de octubre de 1983, mediante Resolución 134(V)."
2020-09-29,258,1,BOE-A-2020-11357,MINISTERIO PARA LA TRANSICIÓN ECOLÓGICA Y EL RETO DEMOGRÁFICO,estatal,Orden,81935,81936,"Orden TED/901/2020, de 8 de septiembre, por la que se autoriza un trasvase desde los embalses de Entrepeñas-Buendía, a través del acueducto Tajo-Segura, de 0 hm³ para el mes de septiembre de 2020."
2020-09-29,258,1,BOE-A-2020-11358,MINISTERIO PARA LA TRANSICIÓN ECOLÓGICA Y EL RETO DEMOGRÁFICO,estatal,Orden,81937,81943,"Orden TED/902/2020, de 25 de septiembre, por la que se modifica la Orden ITC/1660/2009, de 22 de junio, por la que se establece la metodología de cálculo de la tarifa de último recurso de gas natural, con objeto de su adaptación a la nueva estructura de peajes del sistema gasista."
2020-09-29,258,1,BOE-A-2020-11359,"MINISTERIO DE INCLUSIÓN, SEGURIDAD SOCIAL Y MIGRACIONES",estatal,Orden,81944,81950,"Orden ISM/903/2020, de 24 de septiembre, por la que se regulan las notificaciones y comunicaciones electrónicas en el ámbito de la Administración de la Seguridad Social."
2020-09-29,258,1,BOE-A-2020-11360,"MINISTERIO DE INCLUSIÓN, SEGURIDAD SOCIAL Y MIGRACIONES",estatal,Resolución,81951,81953,"Resolución de 25 de septiembre de 2020, de la Subsecretaría, por la que se crea el sello electrónico de la Dirección General de Ordenación de la Seguridad Social."
2020-09-29,258,1,BOE-A-2020-11361,"MINISTERIO DE INCLUSIÓN, SEGURIDAD SOCIAL Y MIGRACIONES",estatal,Resolución,81954,81955,"Resolución de 25 de septiembre de 2020, del Instituto Social de la Marina, sobre las prórrogas otorgadas a la validez de los certificados preceptivos para el sector marítimo-pesquero, con motivo del COVID-19."
2020-09-29,258,1,BOE-A-2020-11362,"MINISTERIO DE INCLUSIÓN, SEGURIDAD SOCIAL Y MIGRACIONES",estatal,Resolución,81956,81959,"Resolución de 25 de septiembre de 2020, de la Secretaría de Estado de la Seguridad Social y Pensiones, por la que se amplían, como consecuencia de la situación de crisis sanitaria ocasionada por el COVID-19, las actividades preventivas de la Seguridad Social previstas en la Resolución de 28 de marzo de 2019, de la Secretaría de Estado de la Seguridad Social, por la que se establece el Plan general de actividades preventivas de la Seguridad Social a aplicar por las mutuas colaboradoras con la Seguridad Social en la planificación de sus actividades para el año 2019."
2020-09-29,258,1,BOE-A-2020-11363,COMUNIDAD AUTÓNOMA DE CATALUÑA,autonómico,Ley,81960,81974,"Ley 11/2020, de 18 de septiembre, de medidas urgentes en materia de contención de rentas en los contratos de arrendamiento de vivienda y de modificación de la Ley 18/2007, de la Ley 24/2015 y de la Ley 4/2016, relativas a la protección del derecho a la vivienda."
2020-09-29,258,1,BOE-A-2020-11364,COMUNIDAD FORAL DE NAVARRA,autonómico,Decreto-ley,81975,81988,"Decreto-ley Foral 8/2020, de 17 de agosto, por el que se aprueban en la Comunidad Foral de Navarra medidas extraordinarias para responder ante la situación de especial riesgo derivada del incremento de casos positivos por COVID-19."
2020-09-30,259,1,BOE-A-2020-11415,JEFATURA DEL ESTADO,estatal,Real Decreto-ley,82159,82168,"Real Decreto-ley 29/2020, de 29 de septiembre, de medidas urgentes en materia de teletrabajo en las Administraciones Públicas y de recursos humanos en el Sistema Nacional de Salud para hacer frente a la crisis sanitaria ocasionada por la COVID-19."
2020-09-30,259,1,BOE-A-2020-11416,JEFATURA DEL ESTADO,estatal,Real Decreto-ley,82169,82211,"Real Decreto-ley 30/2020, de 29 de septiembre, de medidas sociales en defensa del empleo."
2020-09-30,259,1,BOE-A-2020-11417,JEFATURA DEL ESTADO,estatal,Real Decreto-ley,82212,82224,"Real Decreto-ley 31/2020, de 29 de septiembre, por el que se adoptan medidas urgentes en el ámbito de la educación no universitaria."
2020-09-30,259,1,BOE-A-2020-11418,TRIBUNAL CONSTITUCIONAL,estatal,Resolución judicial,82225,82225,"Recurso de inconstitucionalidad n.º 4291-2020, contra Decreto-ley 6/2020, de 5 de junio, del Consell, para la ampliación de vivienda pública en la Comunitat Valenciana mediante los derechos de tanteo y retracto."
2020-09-30,259,1,BOE-A-2020-11419,"MINISTERIO DE ASUNTOS EXTERIORES, UNIÓN EUROPEA Y COOPERACIÓN",estatal,Tratado o acuerdo internacional,82226,82253,"Aplicación Provisional del Acuerdo para la terminación de los tratados bilaterales de inversión entre Estados miembros de la Unión Europea, hecho en Bruselas el 5 de mayo de 2020."
2020-09-30,259,1,BOE-A-2020-11420,MINISTERIO DEL INTERIOR,estatal,Real Decreto,82254,82264,"Real Decreto 865/2020, de 29 de septiembre, por el que se regula la concesión directa de subvenciones en determinados ámbitos de actuación del Ministerio del Interior."
2020-09-30,259,1,BOE-A-2020-11421,MINISTERIO DEL INTERIOR,estatal,Orden,82265,82266,"Orden INT/913/2020, de 29 de septiembre, por la que se prorroga la Orden INT/657/2020, de 17 de julio, por la que se modifican los criterios para la aplicación de una restricción temporal de viajes no imprescindibles desde terceros países a la Unión Europea y países asociados Schengen por razones de orden público y salud pública con motivo de la crisis sanitaria ocasionada por la COVID-19."
2020-09-30,259,1,BOE-A-2020-11422,"MINISTERIO DE INDUSTRIA, COMERCIO Y TURISMO",estatal,Real Decreto,82267,82280,"Real Decreto 866/2020, de 29 de septiembre, por el que se regula la concesión directa de subvenciones a diversos organismos y entidades del sector turístico por el Ministerio de Industria, Comercio y Turismo, durante el ejercicio presupuestario 2020."
2020-09-30,259,1,BOE-A-2020-11423,"MINISTERIO DE INDUSTRIA, COMERCIO Y TURISMO",estatal,Resolución,82281,82283,"Resolución de 28 de septiembre de 2020, de la Secretaría General de Industria y de la Pequeña y Mediana Empresa, referente a los equipos de protección individual en el contexto de la crisis sanitaria ocasionada por el COVID-19."
2020-09-30,259,1,BOE-A-2020-11424,"MINISTERIO DE AGRICULTURA, PESCA Y ALIMENTACIÓN",estatal,Real Decreto,82284,82340,"Real Decreto 867/2020, de 29 de septiembre, por el que se regulan los productos zoosanitarios de reactivos de diagnóstico de uso veterinario, los sistemas de control de parámetros fisiológicos en animales y los productos destinados al mantenimiento del material reproductivo animal."
2020-09-30,259,1,BOE-A-2020-11426,MINISTERIO PARA LA TRANSICIÓN ECOLÓGICA Y EL RETO DEMOGRÁFICO,estatal,Resolución,82346,82348,"Resolución de 29 de septiembre de 2020, de la Dirección General de Política Energética y Minas, por la que se publica la tarifa de último recurso de gas natural."
2020-09-30,259,1,BOE-A-2020-11425,MINISTERIO DE POLÍTICA TERRITORIAL Y FUNCIÓN PÚBLICA,estatal,Real Decreto,82341,82345,"Real Decreto 868/2020, de 29 de septiembre, por el que se regula la concesión directa de una subvención a la Comunidad Autónoma de Aragón, para la financiación de inversiones en la provincia de Teruel que favorezcan la generación de actividad económica en dicha provincia."
2020-10-01,260,1,BOE-A-2020-11487,TRIBUNAL CONSTITUCIONAL,estatal,Resolución judicial,82605,82605,"Recurso de inconstitucionalidad n.º 4192-2020, contra el artículo 5 de la Ley del Parlamento de Cataluña 5/2020, de 29 de abril, de medidas fiscales, financieras, administrativas y del sector público y de creación del impuesto sobre las instalaciones que inciden en el medio ambiente."
2020-10-01,260,1,BOE-A-2020-11488,"MINISTERIO DE ASUNTOS EXTERIORES, UNIÓN EUROPEA Y COOPERACIÓN",estatal,Tratado o acuerdo internacional,82606,82616,"Aplicación provisional del Acuerdo Marco de Cofinanciación entre Reino de España y el Fondo Internacional de Desarrollo Agrícola, hecho en Madrid y Roma el 22 de septiembre de 2020."
2020-10-01,260,1,BOE-A-2020-11489,MINISTERIO DE ASUNTOS ECONÓMICOS Y TRANSFORMACIÓN DIGITAL,estatal,Orden,82617,82623,"Orden ETD/920/2020, de 28 de septiembre, por la que se crea y regula el Consejo Consultivo para la Transformación Digital."
2020-10-01,260,1,BOE-A-2020-11490,COMISIÓN NACIONAL DE LOS MERCADOS Y LA COMPETENCIA,estatal,Resolución,82624,82634,"Resolución de 24 de septiembre de 2020, de la Comisión Nacional de los Mercados y la Competencia, por la que se aprueba la adaptación del Procedimiento de Operación 4.0 ""Gestión de las interconexiones internacionales"" a la reglamentación europea."
2020-10-03,262,1,BOE-A-2020-11687,"MINISTERIO DE ASUNTOS EXTERIORES, UNIÓN EUROPEA Y COOPERACIÓN",estatal,Tratado o acuerdo internacional,83838,83847,"Convenio entre la Universidad de Turku (Finlandia) y el Instituto de Astrofísica de Canarias, para la operación del Telescopio Óptico Nórdico en el Observatorio del Roque de los Muchachos, La Palma, firmado el 18 de junio de 2020."
2020-10-03,262,1,BOE-A-2020-11688,"MINISTERIO DE ASUNTOS EXTERIORES, UNIÓN EUROPEA Y COOPERACIÓN",estatal,Tratado o acuerdo internacional,83848,83848,"Enmienda adoptada en Ginebra el 18 de octubre de 2017 al párrafo 1 del artículo 14 del Acuerdo Europeo sobre trabajo de las tripulaciones de los vehículos que efectúen transportes internacionales por carretera (AETR), hecho en Ginebra el 1 de julio de 1970."
2020-10-03,262,1,BOE-A-2020-11689,"MINISTERIO DE ASUNTOS EXTERIORES, UNIÓN EUROPEA Y COOPERACIÓN",estatal,Tratado o acuerdo internacional,83849,83850,"Enmiendas al Convenio Internacional para el control y la gestión del agua de lastre y los sedimentos de los buques, 2004, adoptadas en Londres el 13 de abril de 2018 mediante Resolución MEPC. 296(72)."
2020-10-03,262,1,BOE-A-2020-11690,"MINISTERIO DE ASUNTOS EXTERIORES, UNIÓN EUROPEA Y COOPERACIÓN",estatal,Tratado o acuerdo internacional,83851,83853,"Enmiendas al Convenio Internacional para el control y la gestión del agua de lastre y los sedimentos de los buques, 2004, adoptadas en Londres el 13 de abril de 2018 mediante Resolución MEPC. 297(72)."
2020-10-03,262,1,BOE-A-2020-11691,"MINISTERIO DE ASUNTOS EXTERIORES, UNIÓN EUROPEA Y COOPERACIÓN",estatal,Tratado o acuerdo internacional,83854,83855,"Enmiendas al Convenio Internacional para el control y la gestión del agua de lastre y los sedimentos de los buques, 2004, adoptadas en Londres el 13 de abril de 2018 mediante Resolución MEPC. 299(72)."
2020-10-03,262,1,BOE-A-2020-11692,"MINISTERIO DE ASUNTOS EXTERIORES, UNIÓN EUROPEA Y COOPERACIÓN",estatal,Otras,83856,83897,"Código para la aprobación de los sistemas de gestión del agua de lastre (código BWMS), adoptado en Londres el 13 de abril de 2018 mediante Resolución MEPC. 300(72)."
2020-10-03,262,1,BOE-A-2020-11693,MINISTERIO DE HACIENDA,estatal,Resolución,83898,83900,"Resolución de 2 de octubre de 2020, de la Presidencia del Comisionado para el Mercado de Tabacos, por la que se publican los precios de venta al público de determinadas labores de tabaco en Expendedurías de Tabaco y Timbre del área del Monopolio."
2020-10-03,262,1,BOE-A-2020-11694,"MINISTERIO DE TRANSPORTES, MOVILIDAD Y AGENDA URBANA",estatal,Orden,83901,83902,"Orden TMA/930/2020, de 29 de septiembre, por la que se modifica la Orden TMA/336/2020, de 9 de abril, por la que se incorpora, sustituye y modifican sendos programas de ayuda del Plan Estatal de Vivienda 2018-2021 en cumplimiento de lo dispuesto en los artículos 10, 11 y 12 del Real Decreto-ley 11/2020, de 31 de marzo, por el que se adoptan medidas urgentes complementarias en el ámbito social y económico para hacer frente al COVID-19."
2020-10-05,263,1,BOE-A-2020-11724,COMUNIDAD AUTÓNOMA DE LAS ILLES BALEARS,autonómico,Decreto Legislativo,84170,84209,"Decreto Legislativo 1/2020, de 28 de agosto, por el que se aprueba el Texto Refundido de la Ley de evaluación ambiental de las Illes Balears."
2020-10-06,264,1,BOE-A-2020-11820,MINISTERIO DE EDUCACIÓN Y FORMACIÓN PROFESIONAL,estatal,Real Decreto,84518,84581,"Real Decreto 838/2020, de 15 de septiembre, por el que se establece el título de Técnico en Procesado y transformación de la madera y se fijan los aspectos básicos del currículo."
2020-10-06,264,1,BOE-A-2020-11821,MINISTERIO DE POLÍTICA TERRITORIAL Y FUNCIÓN PÚBLICA,estatal,Corrección,84582,84582,"Corrección de errores del Real Decreto 734/2020, de 4 de agosto, por el que se desarrolla la estructura orgánica básica del Ministerio del Interior."
2020-10-06,264,1,BOE-A-2020-11822,MINISTERIO DE ASUNTOS ECONÓMICOS Y TRANSFORMACIÓN DIGITAL,estatal,Resolución,84583,84585,"Resolución de 2 de octubre de 2020, de la Secretaría General del Tesoro y Financiación Internacional, por la que se actualiza el Anexo 1 de la Resolución de 4 de julio de 2017, de la Secretaría General del Tesoro y Política Financiera, por la que se define el principio de prudencia financiera aplicable a las operaciones de endeudamiento y derivados de las comunidades autónomas y entidades locales."
2020-10-07,265,1,BOE-A-2020-11882,"MINISTERIO DE AGRICULTURA, PESCA Y ALIMENTACIÓN",estatal,Real Decreto,85009,85017,"Real Decreto 883/2020, de 6 de octubre, por el que se establecen las bases reguladoras para la concesión de subvenciones por la crisis sanitaria del COVID-19, en el sector de la flor cortada y la planta ornamental."
2020-10-07,265,1,BOE-A-2020-11883,"MINISTERIO DE AGRICULTURA, PESCA Y ALIMENTACIÓN",estatal,Real Decreto,85018,85034,"Real Decreto 884/2020, de 6 de octubre, por el que se regula la concesión directa de subvenciones a determinadas entidades en materia de desarrollo rural y fomento del ganado equino."
2020-10-07,265,1,BOE-A-2020-11884,"MINISTERIO DE LA PRESIDENCIA, RELACIONES CON LAS CORTES Y MEMORIA DEMOCRÁTICA",estatal,Real Decreto,85035,85039,"Real Decreto 886/2020, de 6 de octubre, por el que se regula la concesión directa de una subvención a la Fundación Princesa de Asturias."
2020-10-07,265,1,BOE-A-2020-11885,"MINISTERIO DE LA PRESIDENCIA, RELACIONES CON LAS CORTES Y MEMORIA DEMOCRÁTICA",estatal,Real Decreto,85040,85046,"Real Decreto 887/2020, de 6 de octubre, por el que se regula la concesión directa de una subvención a la Federación Española de Municipios y Provincias para actuaciones relacionadas con la memoria democrática."
2020-10-08,266,1,BOE-A-2020-11959,"MINISTERIO DE ASUNTOS EXTERIORES, UNIÓN EUROPEA Y COOPERACIÓN",estatal,Tratado o acuerdo internacional,85546,85551,"Protocolo de Cooperación entre los Ministerios de Defensa de la República Portuguesa y del Reino de España, relativo a la integración de pilotos de helicóptero portugueses en escuadrillas de la Armada Española, hecho en Alfeite y Rota el 4 de octubre y el 6 de noviembre de 2019."
2020-10-09,268,1,BOE-A-2020-12109,"MINISTERIO DE LA PRESIDENCIA, RELACIONES CON LAS CORTES Y MEMORIA DEMOCRÁTICA",estatal,Real Decreto,86909,86915,"Real Decreto 900/2020, de 9 de octubre, por el que se declara el estado de alarma para responder ante situaciones de especial riesgo por transmisión no controlada de infecciones causadas por el SARS-CoV-2."
2020-10-10,269,1,BOE-A-2020-12110,MINISTERIO DE HACIENDA,estatal,Resolución,86916,86917,"Resolución de 9 de octubre de 2020, de la Presidencia del Comisionado para el Mercado de Tabacos, por la que se publican los precios de venta al público de determinadas labores de tabaco en Expendedurías de Tabaco y Timbre del área del Monopolio."
2020-10-10,269,1,BOE-A-2020-12111,"MINISTERIO DE LA PRESIDENCIA, RELACIONES CON LAS CORTES Y MEMORIA DEMOCRÁTICA",estatal,Resolución,86918,86941,"Resolución de 7 de octubre de 2020, de la Subsecretaría, por la que se publica la Resolución conjunta de la Dirección General de Seguridad Jurídica y Fe Pública y de la Dirección General del Catastro, por la que se aprueban especificaciones técnicas complementarias para la representación gráfica de las fincas sobre la cartografía catastral y otros requisitos para el intercambio de información entre el Catastro y el Registro de la Propiedad."
2020-10-12,270,1,BOE-A-2020-12141,COMISIÓN NACIONAL DEL MERCADO DE VALORES,estatal,Instrucción o circular,87033,87147,"Circular 1/2020, de 6 de octubre, de la Comisión Nacional del Mercado de Valores, por la que se modifican la Circular 5/2013, de 12 de junio, que establece los modelos de informe anual de gobierno corporativo de las sociedades anónimas cotizadas, de las cajas de ahorros y de otras entidades que emitan valores admitidos a negociación en mercados oficiales de valores; y la Circular 4/2013, de 12 de junio, que establece los modelos de informe anual de remuneraciones de los consejeros de sociedades anónimas cotizadas y de los miembros del consejo de administración y de la comisión de control de las cajas de ahorros que emitan valores admitidos a negociación en mercados oficiales de valores."
2020-10-13,271,1,BOE-A-2020-12187,"MINISTERIO DE ASUNTOS EXTERIORES, UNIÓN EUROPEA Y COOPERACIÓN",estatal,Tratado o acuerdo internacional,87414,87427,"Acuerdo sobre transporte aéreo entre el Reino de España y la República de Corea, hecho en Madrid el 20 de diciembre de 2018."
2020-10-14,272,1,BOE-A-2020-12213,JEFATURA DEL ESTADO,estatal,Corrección,87474,87475,"Corrección de errores del Real Decreto-ley 30/2020, de 29 de septiembre, de medidas sociales en defensa del empleo."
2020-10-14,272,1,BOE-A-2020-12214,"MINISTERIO DE LA PRESIDENCIA, RELACIONES CON LAS CORTES Y MEMORIA DEMOCRÁTICA",estatal,Real Decreto,87476,87502,"Real Decreto 901/2020, de 13 de octubre, por el que se regulan los planes de igualdad y su registro y se modifica el Real Decreto 713/2010, de 28 de mayo, sobre registro y depósito de convenios y acuerdos colectivos de trabajo."
2020-10-14,272,1,BOE-A-2020-12215,"MINISTERIO DE LA PRESIDENCIA, RELACIONES CON LAS CORTES Y MEMORIA DEMOCRÁTICA",estatal,Real Decreto,87503,87513,"Real Decreto 902/2020, de 13 de octubre, de igualdad retributiva entre mujeres y hombres."
2020-10-14,272,1,BOE-A-2020-12216,"MINISTERIO DE LA PRESIDENCIA, RELACIONES CON LAS CORTES Y MEMORIA DEMOCRÁTICA",estatal,Real Decreto,87514,87515,"Real Decreto 903/2020, de 13 de octubre, por el que se modifica, para la Mesa Delegada de la Mesa General de Negociación de la Administración General del Estado del Ministerio de Defensa, el Real Decreto 187/2008, de 8 de febrero, que establece el procedimiento de integración en la condición de personal estatutario del personal laboral de la Red Hospitalaria de la Defensa."
2020-10-14,272,1,BOE-A-2020-12217,"MINISTERIO DE LA PRESIDENCIA, RELACIONES CON LAS CORTES Y MEMORIA DEMOCRÁTICA",estatal,Corrección,87516,87516,"Corrección de errores del Real Decreto 900/2020, de 9 de octubre, por el que se declara el estado de alarma para responder ante situaciones de especial riesgo por transmisión no controlada de infecciones causadas por el SARS-CoV-2."
2020-10-14,272,1,BOE-A-2020-12218,MINISTERIO DE POLÍTICA TERRITORIAL Y FUNCIÓN PÚBLICA,estatal,Real Decreto,87517,87520,"Real Decreto 904/2020, de 13 de octubre, por el que se declara la aplicación de las medidas previstas en el artículo 9 del Real Decreto-ley 11/2019, de 20 de septiembre, por el que se adoptan medidas urgentes para paliar los daños causados por temporales y otras situaciones catastróficas, a situaciones catastróficas acaecidas hasta el 31 de marzo de 2020."
2020-10-15,273,1,BOE-A-2020-12259,MINISTERIO DE EDUCACIÓN Y FORMACIÓN PROFESIONAL,estatal,Orden,87747,87930,"Orden EFP/953/2020, de 12 de octubre, por la que se actualizan, de acuerdo con el Real Decreto 817/2014, de 26 de septiembre, determinadas cualificaciones profesionales de la Familia Profesional Marítimo-Pesquera, recogidas en el Catálogo Nacional de Cualificaciones Profesionales y establecidas por Real Decreto, y se modifican parcialmente determinadas cualificaciones profesionales de la misma familia profesional."
2020-10-15,273,1,BOE-A-2020-12260,MINISTERIO DE EDUCACIÓN Y FORMACIÓN PROFESIONAL,estatal,Orden,87931,88194,"Orden EFP/954/2020, de 12 de octubre, por la que se actualizan, de acuerdo con el Real Decreto 817/2014, de 26 de septiembre, determinadas cualificaciones profesionales de la Familia Profesional Química, recogidas en el Catálogo Nacional de Cualificaciones Profesionales, establecidas por reales decretos de cualificaciones profesionales."
2020-10-16,274,1,BOE-A-2020-12355,JEFATURA DEL ESTADO,estatal,Ley,88569,88580,"Ley 4/2020, de 15 de octubre, del Impuesto sobre Determinados Servicios Digitales."
2020-10-16,274,1,BOE-A-2020-12356,JEFATURA DEL ESTADO,estatal,Ley,88581,88589,"Ley 5/2020, de 15 de octubre, del Impuesto sobre las Transacciones Financieras."
2020-10-16,274,1,BOE-A-2020-12357,MINISTERIO DE EDUCACIÓN Y FORMACIÓN PROFESIONAL,estatal,Orden,88590,88659,"Orden EFP/965/2020, de 12 de octubre, por la que se actualizan, de acuerdo con el Real Decreto 817/2014, de 26 de septiembre, determinadas cualificaciones profesionales de la Familia Profesional Imagen y Sonido, recogidas en el Catálogo Nacional de Cualificaciones Profesionales, establecidas por el Real Decreto 1957/2009, de 18 de diciembre."
2020-10-16,274,1,BOE-A-2020-12358,MINISTERIO DE EDUCACIÓN Y FORMACIÓN PROFESIONAL,estatal,Orden,88660,88740,"Orden EFP/966/2020, de 12 de octubre, por la que se actualizan, de acuerdo con el Real Decreto 817/2014, de 26 de septiembre, determinadas cualificaciones profesionales de la Familia Profesional Madera, Mueble y Corcho, recogidas en el Catálogo Nacional de Cualificaciones Profesionales, establecidas por el Real Decreto 1958/2009, de 18 de diciembre."
2020-10-16,274,1,BOE-A-2020-12359,MINISTERIO DE TRABAJO Y ECONOMÍA SOCIAL,estatal,Orden,88741,88745,"Orden TES/967/2020, de 6 de octubre, por la que se crea la Unidad Especial de Coordinación sobre Lucha contra el Fraude en el Trabajo Transnacional, en el Organismo Estatal Inspección de Trabajo y Seguridad Social."
2020-10-16,274,1,BOE-A-2020-12360,MINISTERIO DE CIENCIA E INNOVACIÓN,estatal,Real Decreto,88746,88752,"Real Decreto 852/2020, de 22 de septiembre, por el que se regula la composición y el funcionamiento del Comité Polar Español."
2020-10-16,274,1,BOE-A-2020-12361,COMUNIDAD AUTÓNOMA DE CATALUÑA,autonómico,Decreto-ley,88753,88759,"Decreto-ley 29/2020, de 28 de julio, por el que se adoptan medidas presupuestarias en relación con el desarrollo de las actuaciones de atención social, ordenación y refuerzo de determinados servicios sociales de carácter residencial y de atención diurna contempladas en el Plan de contingencia para residencias, para hacer frente a los brotes de la pandemia generada por la COVID-19; por el que se mantiene la vigencia de preceptos en materia de infancia y adolescencia del Decreto-ley 11/2020, de 7 de abril, por el que se adoptan medidas económicas, sociales y administrativas para paliar los efectos de la pandemia generada por la COVID-19 y otras complementarias, y por el que se modifica el Decreto-ley 21/2020, de 2 de junio, de medidas urgentes de carácter económico, cultural y social, bajo el título de medidas de carácter social."
2020-10-16,274,1,BOE-A-2020-12362,COMUNIDAD AUTÓNOMA DE CATALUÑA,autonómico,Decreto-ley,88760,88769,"Decreto-ley 30/2020, de 4 de agosto, por el que se establece el régimen sancionador específico por el incumplimiento de las medidas de prevención y contención sanitarias para hacer frente a la crisis sanitaria provocada por la COVID-19."
2020-10-17,275,1,BOE-A-2020-12461,"MINISTERIO DE ASUNTOS EXTERIORES, UNIÓN EUROPEA Y COOPERACIÓN",estatal,Tratado o acuerdo internacional,89201,89215,"Acuerdo entre el Reino de España y la República de Nicaragua sobre Transporte Aéreo, hecho en Montreal el 26 de septiembre de 2019."
2020-10-17,275,1,BOE-A-2020-12462,MINISTERIO DE HACIENDA,estatal,Resolución,89216,89217,"Resolución de 16 de octubre de 2020, de la Presidencia del Comisionado para el Mercado de Tabacos, por la que se publican los precios de venta al público de determinadas labores de tabaco en Expendedurías de Tabaco y Timbre del área del Monopolio."
2020-10-17,275,1,BOE-A-2020-12463,"MINISTERIO DE INDUSTRIA, COMERCIO Y TURISMO",estatal,Orden,89218,89229,"Orden ICT/971/2020, de 15 de octubre, por la que se desarrolla el programa de renovación del parque circulante español en 2020 (Plan Renove 2020) y se modifica el Anexo II del Real Decreto-ley 25/2020, de 3 de julio, de medidas urgentes para apoyar la reactivación económica y el empleo."
2020-10-19,276,1,BOE-A-2020-12501,MINISTERIO PARA LA TRANSICIÓN ECOLÓGICA Y EL RETO DEMOGRÁFICO,estatal,Resolución,89442,89444,"Resolución de 13 de octubre de 2020, de la Dirección General de Política Energética y Minas, por la que se publican los nuevos precios de venta, antes de impuestos, de los gases licuados del petróleo por canalización."
2020-10-19,276,1,BOE-A-2020-12502,TRIBUNAL SUPREMO,estatal,Resolución judicial,89445,89445,"Sentencia de 27 de julio de 2020, de la Sala Tercera del Tribunal Supremo, que declara estimar parcialmente el recurso contencioso-administrativo 268/2018 contra el Real Decreto 210/2018, de 6 de abril, por el que se aprueba el Programa de Prevención y Gestión de Residuos y Recursos de Cataluña ""Precat20""."
2020-10-19,276,1,BOE-A-2020-12503,TRIBUNAL SUPREMO,estatal,Resolución judicial,89446,89446,"Auto de 23 de septiembre de 2020, de la Sala Tercera del Tribunal Supremo, que rectifica el error material advertido en la parte dispositiva de la sentencia de 27 de julio de 2020, recaída en el recurso 001/0268/2018, en el sentido de que donde dice, en el apartado segundo del fallo, ""Declarar nulo el artículo 3."", debe decir ""Declarar nulo el artículo 6, apartado 3.""."
2020-10-20,277,1,BOE-A-2020-12568,"MINISTERIO DE ASUNTOS EXTERIORES, UNIÓN EUROPEA Y COOPERACIÓN",estatal,Tratado o acuerdo internacional,89841,89841,"Declaración de aceptación por España de la adhesión de la República de Costa Rica al Convenio sobre la obtención de pruebas en el extranjero en materia civil o mercantil, hecho en La Haya el 18 de marzo de 1970."
2020-10-20,277,1,BOE-A-2020-12569,"MINISTERIO DE ASUNTOS EXTERIORES, UNIÓN EUROPEA Y COOPERACIÓN",estatal,Tratado o acuerdo internacional,89842,89842,"Declaración de aceptación por España de la adhesión de la República Federativa de Brasil al Convenio sobre la obtención de pruebas en el extranjero en materia civil o mercantil, hecho en La Haya el 18 de marzo de 1970."
2020-10-20,277,1,BOE-A-2020-12570,"MINISTERIO DE TRANSPORTES, MOVILIDAD Y AGENDA URBANA",estatal,Real Decreto,89843,89851,"Real Decreto 880/2020, de 6 de octubre, por el que se regula la concesión directa de subvenciones a la Real Sociedad Geográfica y al Observatorio del Ebro durante el ejercicio presupuestario 2020."
2020-10-20,277,1,BOE-A-2020-12571,"MINISTERIO DE TRANSPORTES, MOVILIDAD Y AGENDA URBANA",estatal,Real Decreto,89852,89860,"Real Decreto 881/2020, de 6 de octubre, por el que se regula la concesión directa de subvenciones en materia de políticas urbanas, arquitectura y edificación por el Ministerio de Transportes, Movilidad y Agenda Urbana durante el ejercicio presupuestario 2020."
2020-10-20,277,1,BOE-A-2020-12572,"MINISTERIO DE TRANSPORTES, MOVILIDAD Y AGENDA URBANA",estatal,Real Decreto,89861,89867,"Real Decreto 882/2020, de 6 de octubre, por el que se regula la concesión directa de subvenciones a la Asociación de Navieros Españoles (ANAVE), para proporcionar embarques de prácticas a los alumnos de Marina Mercante durante el ejercicio presupuestario 2020."
2020-10-20,277,1,BOE-A-2020-12573,COMUNIDAD AUTÓNOMA DE CATALUÑA,autonómico,Resolución,89868,89869,"Resolución INT/2453/2020, de 5 de octubre, por la que se modifica la Resolución INT/383/2020, de 13 de febrero, por la que se establecen las restricciones a la circulación durante el año 2020."
2020-10-21,278,1,BOE-A-2020-12630,"MINISTERIO DE ASUNTOS EXTERIORES, UNIÓN EUROPEA Y COOPERACIÓN",estatal,Tratado o acuerdo internacional,90287,90288,"Declaración de aceptación por España de la adhesión de la República de Kazajstán al Convenio sobre la obtención de pruebas en el extranjero en materia civil o mercantil, hecho en La Haya el 18 de marzo de 1970."
2020-10-21,278,1,BOE-A-2020-12631,"MINISTERIO DE ASUNTOS EXTERIORES, UNIÓN EUROPEA Y COOPERACIÓN",estatal,Tratado o acuerdo internacional,90289,90290,"Declaración de aceptación por España de la adhesión del Principado de Andorra al Convenio sobre la obtención de pruebas en el extranjero en materia civil o mercantil, hecho en La Haya el 18 de marzo de 1970."
2020-10-21,278,1,BOE-A-2020-12632,MINISTERIO DE HACIENDA,estatal,Real Decreto,90291,90295,"Real Decreto 915/2020, de 20 de octubre, por el que se regula la concesión directa de subvenciones para realizar actuaciones de interés general en las ciudades de Ceuta y Melilla."
2020-10-21,278,1,BOE-A-2020-12633,MINISTERIO DE HACIENDA,estatal,Real Decreto,90296,90300,"Real Decreto 916/2020, de 20 de octubre, por el que se regula la concesión directa de subvenciones destinadas a la financiación del transporte público regular de viajeros de Madrid, Barcelona, Valencia y las islas Canarias."
2020-10-21,278,1,BOE-A-2020-12634,MINISTERIO PARA LA TRANSICIÓN ECOLÓGICA Y EL RETO DEMOGRÁFICO,estatal,Real Decreto,90301,90308,"Real Decreto 905/2020, de 13 de octubre, por el que se regula la concesión directa de subvenciones en el ámbito de la transición ecológica financiadas con cargo a la cuota íntegra del Impuesto de Sociedades."
2020-10-21,278,1,BOE-A-2020-12635,COMUNIDAD AUTÓNOMA DE LAS ILLES BALEARS,autonómico,Decreto-ley,90309,90315,"Decreto-ley 12/2020, de 28 de agosto, por el que se modifica el régimen transitorio para la percepción de determinadas prestaciones establecidas en el Decreto-ley 10/2020, de 12 de junio, de prestaciones sociales de carácter económico de las Illes Balears, se modifica el Decreto-ley 11/2020, de 10 de julio, por el que se establece un régimen sancionador específico para hacer frente a los incumplimientos de las disposiciones dictadas para paliar los efectos de la crisis ocasionada por la COVID-19, y se modifican las exigencias de personal en las residencias de personas mayores para atender las consecuencias de la pandemia de la COVID-19."
2020-10-22,279,1,BOE-A-2020-12689,CORTES GENERALES,estatal,Resolución,90578,90578,"Resolución de 15 de octubre de 2020, del Congreso de los Diputados, por la que se ordena la publicación del Acuerdo de convalidación del Real Decreto-ley 28/2020, de 22 de septiembre, de trabajo a distancia."
2020-10-22,279,1,BOE-A-2020-12690,CORTES GENERALES,estatal,Resolución,90579,90579,"Resolución de 15 de octubre de 2020, del Congreso de los Diputados, por la que se ordena la publicación del Acuerdo de convalidación del Real Decreto-ley 29/2020, de 29 de septiembre, de medidas urgentes en materia de teletrabajo en las Administraciones Públicas y de recursos humanos en el Sistema Nacional de Salud para hacer frente a la crisis sanitaria ocasionada por la COVID-19."
2020-10-22,279,1,BOE-A-2020-12691,CORTES GENERALES,estatal,Resolución,90580,90580,"Resolución de 15 de octubre de 2020, del Congreso de los Diputados, por la que se ordena la publicación del Acuerdo de convalidación del Real Decreto-ley 30/2020, de 29 de septiembre, de medidas sociales en defensa del empleo."
2020-10-22,279,1,BOE-A-2020-12692,CORTES GENERALES,estatal,Resolución,90581,90581,"Resolución de 15 de octubre de 2020, del Congreso de los Diputados, por la que se ordena la publicación del Acuerdo de convalidación del Real Decreto-ley 31/2020, de 29 de septiembre, por el que se adoptan medidas urgentes en el ámbito de la educación no universitaria."
2020-10-22,279,1,BOE-A-2020-12693,"MINISTERIO DE ASUNTOS EXTERIORES, UNIÓN EUROPEA Y COOPERACIÓN",estatal,Orden,90582,90582,"Orden AUC/981/2020, de 28 de septiembre, por la que se crea la Oficina Consular Honoraria de España en Nuku'Alofa (Reino de Tonga)."
2020-10-22,279,1,BOE-A-2020-12694,"MINISTERIO DE TRANSPORTES, MOVILIDAD Y AGENDA URBANA",estatal,Orden,90583,90585,"Orden TMA/982/2020, de 16 de octubre, por la que se modifican las Órdenes TMA/675/2020, de 20 de julio, por la que se modifican temporalmente las obligaciones de servicio público establecidas en el Acuerdo del Consejo de Ministros de 13 de marzo de 2009, por el que se declaran obligaciones de servicio público en la ruta Almería-Sevilla; TMA/676/2020, de 20 de julio, por la que se modifican temporalmente las obligaciones de servicio público establecidas en el Acuerdo del Consejo de Ministros de 2 de junio de 2006, por el que se declaran obligaciones de servicio público en rutas aéreas entre las islas Canarias; TMA/677/2020, de 20 de julio, por la que se modifican temporalmente las obligaciones de servicio público establecidas en el Acuerdo del Consejo de Ministros de 23 de febrero de 2018, por el que se declaran obligaciones de servicio público en las rutas aéreas Badajoz-Madrid y Badajoz-Barcelona; y TMA/693/2020, de 21 de julio, por la que se modifican temporalmente las obligaciones de servicio público establecidas en el Acuerdo del Consejo de Ministros de 5 de octubre de 2018, por el que se declaran obligaciones de servicio público en las rutas aéreas Melilla/Almería, Melilla/Granada y Melilla/Sevilla."
2020-10-22,279,1,BOE-A-2020-12695,"MINISTERIO DE TRANSPORTES, MOVILIDAD Y AGENDA URBANA",estatal,Resolución,90586,90587,"Resolución de 2 de octubre de 2020, de la Dirección de la Agencia Estatal de Seguridad Aérea, por la que se modifican los plazos de la exención concedida mediante Resolución de 2 de abril de 2020, de conformidad con lo establecido en el artículo 71 del Reglamento (UE) 2018/1139, para la finalización de la formación de tipo y OJT necesarios para la inclusión de una habilitación de tipo en una licencia de mantenimiento de aeronaves, en relación con la situación creada por la crisis global del COVID-19."
2020-10-23,280,1,BOE-A-2020-12767,"MINISTERIO DE LA PRESIDENCIA, RELACIONES CON LAS CORTES Y MEMORIA DEMOCRÁTICA",estatal,Real Decreto,90936,90955,"Real Decreto 885/2020, de 6 de octubre, por el que se establecen los requisitos para la comercialización y puesta en servicio de placas de matrícula para vehículos de motor y remolques, y por el que se modifica el Reglamento General de Vehículos, aprobado por el Real Decreto 2822/1998, de 23 de diciembre."
2020-10-23,280,1,BOE-A-2020-12768,COMUNIDAD AUTÓNOMA DE CASTILLA-LA MANCHA,autonómico,Ley,90956,90957,"Ley 3/2020, de 19 de junio, por la que se modifica la Ley 11/2003, de 25 de septiembre, del Gobierno y del Consejo Consultivo de Castilla-La Mancha."
2020-10-23,280,1,BOE-A-2020-12769,COMUNIDAD AUTÓNOMA DE CASTILLA-LA MANCHA,autonómico,Ley,90958,90984,"Ley 4/2020, de 10 de julio, de Fomento y Coordinación del Sistema de Investigación, Desarrollo e Innovación de Castilla-La Mancha."
2020-10-23,280,1,BOE-A-2020-12770,COMUNIDAD AUTÓNOMA DE CASTILLA-LA MANCHA,autonómico,Ley,90985,91016,"Ley 5/2020, de 24 de julio, de Medidas Urgentes para la Declaración de Proyectos Prioritarios en Castilla-La Mancha."
2020-10-24,281,1,BOE-A-2020-12881,MINISTERIO DE HACIENDA,estatal,Resolución,91845,91846,"Resolución de 23 de octubre de 2020, de la Presidencia del Comisionado para el Mercado de Tabacos, por la que se publican los precios de venta al público de determinadas labores de tabaco en Expendedurías de Tabaco y Timbre del área del Monopolio."
2020-10-24,281,1,BOE-A-2020-12882,COMUNIDAD AUTÓNOMA DE CATALUÑA,autonómico,Ley,91847,91856,"Ley 12/2020, de 13 de octubre, de la atención pública de la salud bucodental."
2020-10-24,281,1,BOE-A-2020-12883,COMUNIDAD AUTÓNOMA DE CATALUÑA,autonómico,Ley,91857,91859,"Ley 13/2020, de 13 de octubre, de restablecimiento del complemento de productividad variable del personal estatutario del Instituto Catalán de la Salud y del personal del sistema sanitario integral de utilización pública de Cataluña."
2020-10-24,281,1,BOE-A-2020-12884,COMUNIDAD AUTÓNOMA DE CATALUÑA,autonómico,Decreto-ley,91860,91863,"Decreto-ley 31/2020, de 8 de septiembre, por el que se modifica el Decreto Legislativo 1/2000, de 31 de julio, por el que se aprueba el Texto único de la Ley del deporte, y se establecen medidas de funcionamiento de los órganos de gobierno de las entidades deportivas de Cataluña."
2020-10-24,281,1,BOE-A-2020-12885,COMUNIDAD AUTÓNOMA DE CATALUÑA,autonómico,Corrección,91864,91864,"Corrección de errores del Decreto-ley 23/2020, de 9 de junio, de medidas urgentes en materia tributaria."
2020-10-25,282,1,BOE-A-2020-12898,"MINISTERIO DE LA PRESIDENCIA, RELACIONES CON LAS CORTES Y MEMORIA DEMOCRÁTICA",estatal,Real Decreto,91912,91919,"Real Decreto 926/2020, de 25 de octubre, por el que se declara el estado de alarma para contener la propagación de infecciones causadas por el SARS-CoV-2."
2020-10-26,283,1,BOE-A-2020-12899,COMUNIDAD AUTÓNOMA DE CANTABRIA,autonómico,Ley,91920,91928,"Ley 7/2020, de 2 de octubre, de modificación de la Ley 3/2017, de 5 de abril, de Espectáculos Públicos y Actividades Recreativas de Cantabria."
2020-10-26,283,1,BOE-A-2020-12900,COMUNIDAD FORAL DE NAVARRA,autonómico,Decreto-ley,91929,91937,"Decreto-ley Foral 9/2020, de 16 de septiembre, por el que se establece el régimen sancionador por el incumplimiento de las medidas de prevención y contención sanitarias para afrontar la situación de crisis sanitaria ocasionada por COVID-19, en la Comunidad Foral de Navarra."
2020-10-26,283,1,BOE-A-2020-12901,COMUNIDAD FORAL DE NAVARRA,autonómico,Decreto-ley,91938,91943,"Decreto-ley Foral 10/2020, de 16 de septiembre, por el que se aprueban medidas en materia de personal al servicio de la Administración de la Comunidad Foral de Navarra y sus organismos autónomos."
2020-10-28,285,1,BOE-A-2020-13017,TRIBUNAL CONSTITUCIONAL,estatal,Resolución judicial,92512,92512,"Recurso de inconstitucionalidad n.º 3887-2020, contra el Decreto-ley 2/2020, de 9 de marzo, de mejora y simplificación de la regulación para el fomento de la actividad productiva de Andalucía."
2020-10-28,285,1,BOE-A-2020-13018,TRIBUNAL CONSTITUCIONAL,estatal,Resolución judicial,92513,92513,"Recurso de inconstitucionalidad n.º 4649-2020, contra el Decreto-ley 6/2020, de 2 de julio, de medidas urgentes para incentivar las medidas de recuperación económica y social en el ámbito local, aprobado por la Junta de Castilla y León."
2020-10-28,285,1,BOE-A-2020-13019,TRIBUNAL CONSTITUCIONAL,estatal,Resolución judicial,92514,92514,"Cuestión de inconstitucionalidad n.º 3512-2020, en relación con los artículos 1.2; 5.1. párrafo segundo; 10.2.a), b); 11.1; 13 (en concordancia con el 10.2); 21.1; 25.1; 26.1; D.A. Primera; D.F. Cuarta; D.F. Quinta. Uno y Dos, de la Ley 30/2015, de 9 de septiembre, por posible vulneración de los arts. 14 y 28 de la CE."
2020-10-28,285,1,BOE-A-2020-13020,TRIBUNAL CONSTITUCIONAL,estatal,Resolución judicial,92515,92515,"Conflicto positivo de competencia número 4491-2020, contra el artículo 5.3, letra a) del Real Decreto 498/2020, de 28 de abril, por el que se desarrolla la estructura orgánica básica del Ministerio de Educación y Formación Profesional."
2020-10-28,285,1,BOE-A-2020-13021,"MINISTERIO DE TRANSPORTES, MOVILIDAD Y AGENDA URBANA",estatal,Real Decreto,92516,92522,"Real Decreto 927/2020, de 27 de octubre, por el que se amplía el ámbito de actuación de las organizaciones de inspección y reconocimiento de buques y se modifican el Real Decreto 877/2011, de 24 de junio, y el Real Decreto 357/2015, de 8 de mayo."
2020-10-28,285,1,BOE-A-2020-13022,"MINISTERIO DE TRANSPORTES, MOVILIDAD Y AGENDA URBANA",estatal,Real Decreto,92523,92529,"Real Decreto 928/2020, de 27 de octubre, por el que se regula la concesión directa de una subvención al Centro de Estudios de Transportes del Mediterráneo Occidental (CETMO), para el desarrollo de actividades de secretariado del Grupo de Ministros de Transportes del Mediterráneo Occidental (GTMO 5+5) durante el ejercicio presupuestario 2020."
2020-10-28,285,1,BOE-A-2020-13023,"MINISTERIO DE TRANSPORTES, MOVILIDAD Y AGENDA URBANA",estatal,Resolución,92530,92533,"Resolución de 25 de junio de 2020, de la Autoridad Portuaria de Ceuta, por la que se modifica la de 7 de febrero de 2012, por la que se crea y regula la sede electrónica."
2020-10-28,285,1,BOE-A-2020-13024,"MINISTERIO DE LA PRESIDENCIA, RELACIONES CON LAS CORTES Y MEMORIA DEMOCRÁTICA",estatal,Real Decreto,92534,92535,"Real Decreto 934/2020, de 27 de octubre, por el que se crea la Sección Novena del Consejo de Estado, de conformidad con lo dispuesto en el artículo 13 de la Ley Orgánica 3/1980, de 22 de abril, del Consejo de Estado."
2020-10-28,285,1,BOE-A-2020-13025,"MINISTERIO DE LA PRESIDENCIA, RELACIONES CON LAS CORTES Y MEMORIA DEMOCRÁTICA",estatal,Real Decreto,92536,92544,"Real Decreto 935/2020, de 27 de octubre, por el que se aprueba el Reglamento sobre directrices generales de los planes de estudios de la enseñanza de formación para la incorporación a las escalas de Suboficiales y de Cabos y Guardias del Cuerpo de la Guardia Civil."
2020-10-28,285,1,BOE-A-2020-13026,MINISTERIO DE CIENCIA E INNOVACIÓN,estatal,Real Decreto,92545,92552,"Real Decreto 938/2020, de 27 de octubre, por el que se regula el Observatorio ""Mujeres, Ciencia e Innovación""."
2020-10-29,286,1,BOE-A-2020-13115,"MINISTERIO DE TRANSPORTES, MOVILIDAD Y AGENDA URBANA",estatal,Real Decreto,92911,93065,"Real Decreto 929/2020, de 27 de octubre, sobre seguridad operacional e interoperabilidad ferroviarias."
2020-10-29,286,1,BOE-A-2020-13116,MINISTERIO DE POLÍTICA TERRITORIAL Y FUNCIÓN PÚBLICA,estatal,Real Decreto,93066,93086,"Real Decreto 936/2020, de 27 de octubre, por el que se aprueba la oferta de empleo público para el año 2020."
2020-10-30,287,1,BOE-A-2020-13200,MINISTERIO DE HACIENDA,estatal,Resolución,93697,93700,"Resolución de 19 de octubre de 2020, de la Presidencia de la Agencia Estatal de Administración Tributaria, por la que se modifica la de 10 de mayo de 2016, por la que se aprueba el modelo de solicitud de admisión a las pruebas de aptitud para ser representante aduanero y de la autoliquidación de la tasa de examen para estas pruebas y se regula su presentación y pago."
2020-10-30,287,1,BOE-A-2020-13201,MINISTERIO DEL INTERIOR,estatal,Orden,93701,93702,"Orden INT/1006/2020, de 29 de octubre, por la que se modifica la Orden INT/657/2020, de 17 de julio, por la que se modifican los criterios para la aplicación de una restricción temporal de viajes no imprescindibles desde terceros países a la Unión Europea y países asociados Schengen por razones de orden público y salud pública con motivo de la crisis sanitaria ocasionada por la COVID-19."
2020-10-30,287,1,BOE-A-2020-13202,MINISTERIO PARA LA TRANSICIÓN ECOLÓGICA Y EL RETO DEMOGRÁFICO,estatal,Orden,93703,93705,"Orden TED/1007/2020, de 27 de octubre, por la que se autoriza un trasvase desde los embalses de Entrepeñas-Buendía, a través del acueducto Tajo-Segura, de 13 hm³, para el mes de octubre de 2020."
2020-10-31,288,1,BOE-A-2020-13299,"MINISTERIO DE ASUNTOS EXTERIORES, UNIÓN EUROPEA Y COOPERACIÓN",estatal,Resolución,94345,94490,"Resolución de 22 de octubre de 2020, de la Secretaría General Técnica, en virtud del artículo 24.2 de la Ley 25/2014, de 27 de noviembre, de Tratados y otros Acuerdos Internacionales."
2020-10-31,288,1,BOE-A-2020-13300,MINISTERIO DE HACIENDA,estatal,Resolución,94491,94492,"Resolución de 30 de octubre de 2020, de la Presidencia del Comisionado para el Mercado de Tabacos, por la que se publican los precios de venta al público de determinadas labores de tabaco en Expendedurías de Tabaco y Timbre del área del Monopolio."
2020-10-31,288,1,BOE-A-2020-13301,MINISTERIO PARA LA TRANSICIÓN ECOLÓGICA Y EL RETO DEMOGRÁFICO,estatal,Resolución,94493,94495,"Resolución de 26 de octubre de 2020, de la Dirección General de Política Energética y Minas, por la que se fijan los precios del producto e impuestos especiales aplicables a la hulla, fuel oil, diésel oil y gasoil del primer semestre de 2020, a aplicar en la liquidación de dicho periodo de los grupos generadores ubicados en los territorios no peninsulares."
2020-11-02,289,1,BOE-A-2020-13342,MINISTERIO DE TRABAJO Y ECONOMÍA SOCIAL,estatal,Resolución,94929,95038,"Resolución de 26 de octubre de 2020, de la Secretaría de Estado de Empleo y Economía Social, por la que se publica el Acuerdo de Consejo de Ministros de 20 de octubre de 2020, por el que se aprueba el Plan Anual de Política de Empleo para 2020, según lo establecido en el artículo 11.2 del texto refundido de la Ley de Empleo, aprobado por el Real Decreto Legislativo 3/2015, de 23 de octubre."
2020-11-02,289,1,BOE-A-2020-13343,MINISTERIO DE TRABAJO Y ECONOMÍA SOCIAL,estatal,Resolución,95039,95044,"Resolución de 28 de octubre de 2020, de la Dirección General de Trabajo, por la que se publica la relación de fiestas laborales para el año 2021."
2020-11-03,290,1,BOE-A-2020-13467,"MINISTERIO DE TRANSPORTES, MOVILIDAD Y AGENDA URBANA",estatal,Orden,95696,95698,"Orden TMA/1017/2020, de 23 de octubre, por la que se determinan, para el año 2019, los costes tipo aplicables a los costes subvencionables regulados en el Real Decreto 147/2019, de 15 de marzo, sobre compensación al transporte marítimo y aéreo de mercancías no incluidas en el Anexo I del Tratado de Funcionamiento de la Unión Europea, con origen o destino en las Islas Canarias."
2020-11-04,291,1,BOE-A-2020-13490,JEFATURA DEL ESTADO,estatal,Real Decreto-ley,95808,95819,"Real Decreto-ley 32/2020, de 3 de noviembre, por el que se aprueban medidas sociales complementarias para la protección por desempleo y de apoyo al sector cultural."
2020-11-04,291,1,BOE-A-2020-13491,JEFATURA DEL ESTADO,estatal,Real Decreto-ley,95820,95836,"Real Decreto-ley 33/2020, de 3 de noviembre, por el que se adoptan medidas urgentes de apoyo a entidades del Tercer Sector de Acción Social de ámbito estatal."
2020-11-04,291,1,BOE-A-2020-13492,CORTES GENERALES,estatal,Resolución,95837,95838,"Resolución de 29 de octubre de 2020, del Congreso de los Diputados, por la que se ordena la publicación del Acuerdo de autorización de la prórroga del estado de alarma declarado por el Real Decreto 926/2020, de 25 de octubre, por el que se declara el estado de alarma para contener la propagación de infecciones causadas por el SARS-CoV-2."
2020-11-04,291,1,BOE-A-2020-13493,"MINISTERIO DE TRANSPORTES, MOVILIDAD Y AGENDA URBANA",estatal,Orden,95839,95840,"Orden TMA/1018/2020, de 23 de octubre, por la que se determinan, para el año 2019, los costes tipo aplicables a los costes subvencionables regulados en el Real Decreto 552/2020, de 2 de junio, sobre compensación al transporte marítimo y aéreo de mercancías incluidas en el Anexo I del Tratado de Funcionamiento de la Unión Europea, con origen o destino en las Islas Canarias."
2020-11-04,291,1,BOE-A-2020-13494,"MINISTERIO DE LA PRESIDENCIA, RELACIONES CON LAS CORTES Y MEMORIA DEMOCRÁTICA",estatal,Real Decreto,95841,95845,"Real Decreto 956/2020, de 3 de noviembre, por el que se prorroga el estado de alarma declarado por el Real Decreto 926/2020, de 25 de octubre, por el que se declara el estado de alarma para contener la propagación de infecciones causadas por el SARS-CoV-2."
2020-11-04,291,1,BOE-A-2020-13495,"MINISTERIO DE LA PRESIDENCIA, RELACIONES CON LAS CORTES Y MEMORIA DEMOCRÁTICA",estatal,Real Decreto,95846,95874,"Real Decreto 958/2020, de 3 de noviembre, de comunicaciones comerciales de las actividades de juego."
2020-11-04,291,1,BOE-A-2020-13496,MINISTERIO DE ASUNTOS ECONÓMICOS Y TRANSFORMACIÓN DIGITAL,estatal,Resolución,95875,95876,"Resolución de 3 de noviembre de 2020, de la Secretaría de Estado de Economía y Apoyo a la Empresa, por la que se publica el Acuerdo del Consejo de Ministros de 3 de noviembre de 2020, por el que se modifica el Acuerdo de 28 de julio de 2020, por el que se establecen los términos y condiciones del primer tramo de la línea de avales a financiación concedida a empresas y autónomos con la finalidad principal de financiar inversiones y se autorizan límites para adquirir compromisos de gasto con cargo a ejercicios futuros, en aplicación de lo dispuesto en el artículo 47 de la Ley 47/2003, de 26 de noviembre, General Presupuestaria."
2020-11-05,292,1,BOE-A-2020-13610,MINISTERIO DE HACIENDA,estatal,Resolución,96444,96447,"Resolución de 29 de octubre de 2020, del Consorcio de la Zona Especial Canaria, por la que se crea la Sede y el Registro Electrónico."
2020-11-06,293,1,BOE-A-2020-13685,"MINISTERIO DE ASUNTOS EXTERIORES, UNIÓN EUROPEA Y COOPERACIÓN",estatal,Tratado o acuerdo internacional,96811,96826,"Convenio entre el Reino de España y la República de Azerbaiyán para evitar la doble imposición y prevenir la evasión fiscal en materia de impuestos sobre la renta y sobre el patrimonio y su Protocolo, hecho en Bakú el 23 de abril de 2014."
2020-11-06,293,1,BOE-A-2020-13686,"MINISTERIO DE ASUNTOS EXTERIORES, UNIÓN EUROPEA Y COOPERACIÓN",estatal,Tratado o acuerdo internacional,96827,96842,"Instrumento de Aceptación por el que se aprueba la Enmienda de Doha al Protocolo de Kioto, adoptada en Doha el 8 de diciembre de 2012."
2020-11-06,293,1,BOE-A-2020-13687,MINISTERIO DE ASUNTOS ECONÓMICOS Y TRANSFORMACIÓN DIGITAL,estatal,Resolución,96843,96845,"Resolución de 4 de noviembre de 2020, de la Secretaría General del Tesoro y Financiación Internacional, por la que se actualiza el Anexo 1 de la Resolución de 4 de julio de 2017, de la Secretaría General del Tesoro y Política Financiera, por la que se define el principio de prudencia financiera aplicable a las operaciones de endeudamiento y derivados de las comunidades autónomas y entidades locales."
2020-11-06,293,1,BOE-A-2020-13688,TRIBUNAL SUPREMO,estatal,Resolución judicial,96846,96846,"Sentencia de 28 de septiembre de 2020, de la Sala Tercera del Tribunal Supremo, que estima el recurso 1/317/2019, interpuesto por la Comisión Nacional de los Mercados y la Competencia, contra el artículo 2, apartado veintidós del Real Decreto 70/2019, de 15 de febrero, por el que se modifican el Reglamento de la Ley de Ordenación de los Transportes Terrestres y otras normas complementarias en materia de formación de los conductores de los vehículos de transporte por carretera, de documentos de control en relación con los transportes por carretera, de transporte sanitario por carretera, de transporte de mercancías peligrosas y del Comité Nacional del Transporte por Carretera."
2020-11-07,294,1,BOE-A-2020-13796,"MINISTERIO DE ASUNTOS EXTERIORES, UNIÓN EUROPEA Y COOPERACIÓN",estatal,Tratado o acuerdo internacional,97472,97481,"Tratado de asistencia judicial en materia penal entre el Reino de España y la República del Ecuador, hecho en Madrid el 18 de diciembre de 2017."
2020-11-07,294,1,BOE-A-2020-13797,"MINISTERIO DE ASUNTOS EXTERIORES, UNIÓN EUROPEA Y COOPERACIÓN",estatal,Orden,97482,97482,"Orden AUC/1041/2020, de 21 de octubre, por la que se traslada la Oficina Consular Honoraria de España en la región de Alberta, Canadá."
2020-11-07,294,1,BOE-A-2020-13798,MINISTERIO DE HACIENDA,estatal,Resolución,97483,97484,"Resolución de 6 de noviembre de 2020, de la Presidencia del Comisionado para el Mercado de Tabacos, por la que se publican los precios de venta al público de determinadas labores de tabaco en Expendedurías de Tabaco y Timbre del área del Monopolio."
2020-11-07,294,1,BOE-A-2020-13799,"MINISTERIO DE LA PRESIDENCIA, RELACIONES CON LAS CORTES Y MEMORIA DEMOCRÁTICA",estatal,Orden,97485,97487,"Orden PCM/1042/2020, de 6 de noviembre, por la que se modifica el Anexo II del Real Decreto 1205/2011, de 26 de agosto, sobre la seguridad de los juguetes."
2020-11-07,294,1,BOE-A-2020-13800,"MINISTERIO DE LA PRESIDENCIA, RELACIONES CON LAS CORTES Y MEMORIA DEMOCRÁTICA",estatal,Orden,97488,97496,"Orden PCM/1043/2020, de 6 de noviembre, por la que se regula el Programa Jóvenes Delegados de Naciones Unidas en España."
2020-11-07,294,1,BOE-A-2020-13801,TRIBUNAL SUPREMO,estatal,Resolución judicial,97497,97497,"Sentencia de 27 de julio de 2020, de la Sala Tercera del Tribunal Supremo, que declara rechazar la falta de competencia y estimar el recurso contencioso-administrativo 269/2018 contra el Real Decreto 210/2018, de 6 de abril, por el que se aprueba el Programa de Prevención y Gestión de Residuos y Recursos de Cataluña ""PRECAT20""."
2020-11-07,294,1,BOE-A-2020-13802,TRIBUNAL SUPREMO,estatal,Resolución judicial,97498,97498,"Sentencia de 27 de julio de 2020, de la Sala Tercera del Tribunal Supremo, que declara rechazar la falta de competencia y estimar el recurso contencioso-administrativo 448/2018 contra el Real Decreto 210/2018, de 6 de abril, por el que se aprueba el Programa de Prevención y Gestión de Residuos y Recursos de Cataluña ""PRECAT20""."
2020-11-07,294,1,BOE-A-2020-13803,TRIBUNAL SUPREMO,estatal,Resolución judicial,97499,97499,"Sentencia de 14 de octubre de 2020, de la Sala Tercera del Tribunal Supremo, que declara rechazar la falta de competencia y estimar el recurso contencioso-administrativo 270/2018 contra el Real Decreto 210/2018, de 6 de abril, por el que se aprueba el Programa de Prevención y Gestión de Residuos y Recursos de Cataluña ""PRECAT20""."
2020-11-09,295,1,BOE-A-2020-13842,"MINISTERIO DE ASUNTOS EXTERIORES, UNIÓN EUROPEA Y COOPERACIÓN",estatal,Otras,97563,97563,"Terminación del Acuerdo entre el Reino de España y la Universidad de las Naciones Unidas relativo al establecimiento, funcionamiento y ubicación del Instituto Internacional de la Universidad de las Naciones Unidas para la Alianza de las Civilizaciones en Barcelona, hecho en Madrid y Tokio el 26 de octubre de 2010."
2020-11-09,295,1,BOE-A-2020-13843,"MINISTERIO DE ASUNTOS EXTERIORES, UNIÓN EUROPEA Y COOPERACIÓN",estatal,Otras,97564,97564,"Terminación del Acuerdo entre el Reino de España y la Universidad de las Naciones Unidas relativo al Instituto Internacional de la Universidad de las Naciones Unidas para la Alianza de las Civilizaciones en Barcelona, hecho en Madrid y Tokio el 26 de octubre de 2010."
2020-11-10,296,1,BOE-A-2020-13913,COMUNIDAD AUTÓNOMA DE CATALUÑA,autonómico,Decreto-ley,98158,98163,"Decreto-ley 32/2020, de 22 de septiembre, por el que se modifica la Ley 17/2014, de 23 de diciembre, de representatividad de las organizaciones profesionales agrarias."
2020-11-10,296,1,BOE-A-2020-13914,COMUNIDAD AUTÓNOMA DE CATALUÑA,autonómico,Decreto-ley,98164,98170,"Decreto-ley 33/2020, de 30 de septiembre, de medidas urgentes en el ámbito del impuesto sobre las emisiones de dióxido de carbono de los vehículos de tracción mecánica y del impuesto sobre las estancias en establecimientos turísticos, y en el ámbito presupuestario y administrativo."
2020-11-10,296,1,BOE-A-2020-13915,COMUNIDAD AUTÓNOMA DE CASTILLA-LA MANCHA,autonómico,Ley,98171,98174,"Ley 6/2020, de 30 de julio, por la que se modifica la Ley 10/1999, de 26 de mayo, de Creación de Colegios Profesionales de Castilla-La Mancha."
2020-11-10,296,1,BOE-A-2020-13916,COMUNIDAD AUTÓNOMA DE CASTILLA-LA MANCHA,autonómico,Ley,98175,98199,"Ley 7/2020, de 31 de agosto, de Bienestar, Protección y Defensa de los Animales de Castilla-La Mancha."
2020-11-11,297,1,BOE-A-2020-13967,MINISTERIO DE JUSTICIA,estatal,Orden,98629,98635,"Orden JUS/1052/2020, de 4 de noviembre, por la que se crean la Junta de Contratación y la Mesa de Contratación del Ministerio de Justicia y se regulan su composición y funciones."
2020-11-11,297,1,BOE-A-2020-13968,MINISTERIO DE DEFENSA,estatal,Real Decreto,98636,98637,"Real Decreto 967/2020, de 10 de noviembre, por el que se modifica el Real Decreto 47/2004, de 19 de enero, por el que se establece la composición y competencias de los Consejos Superiores del Ejército de Tierra, de la Armada y del Ejército del Aire y de las Juntas Superiores de los Cuerpos Comunes de las Fuerzas Armadas."
2020-11-11,297,1,BOE-A-2020-13969,"MINISTERIO DE LA PRESIDENCIA, RELACIONES CON LAS CORTES Y MEMORIA DEMOCRÁTICA",estatal,Real Decreto,98638,98643,"Real Decreto 970/2020, de 10 de noviembre, por el que se modifican el Reglamento General de Circulación, aprobado por Real Decreto 1428/2003, de 21 de noviembre y el Reglamento General de Vehículos, aprobado por Real Decreto 2822/1998, de 23 de diciembre, en materia de medidas urbanas de tráfico."
2020-11-11,297,1,BOE-A-2020-13970,"MINISTERIO DE LA PRESIDENCIA, RELACIONES CON LAS CORTES Y MEMORIA DEMOCRÁTICA",estatal,Real Decreto,98644,98654,"Real Decreto 971/2020, de 10 de noviembre, por el que se modifica el Reglamento General de Conductores, aprobado por Real Decreto 818/2009, de 8 de mayo."
2020-11-11,297,1,BOE-A-2020-13971,"MINISTERIO DE LA PRESIDENCIA, RELACIONES CON LAS CORTES Y MEMORIA DEMOCRÁTICA",estatal,Real Decreto,98655,98663,"Real Decreto 972/2020, de 10 de noviembre, por el que se regula el procedimiento de selección para la propuesta de candidaturas por el Reino de España en la designación de miembros del Tribunal de Justicia de la Unión Europea y del Tribunal Europeo de Derechos Humanos."
2020-11-12,298,1,BOE-A-2020-14046,JEFATURA DEL ESTADO,estatal,Ley,98821,98841,"Ley 6/2020, de 11 de noviembre, reguladora de determinados aspectos de los servicios electrónicos de confianza."
2020-11-12,298,1,BOE-A-2020-14047,"MINISTERIO DE ASUNTOS EXTERIORES, UNIÓN EUROPEA Y COOPERACIÓN",estatal,Real Decreto,98842,98849,"Real Decreto 914/2020, de 20 de octubre, por el que se regula la concesión directa de una subvención del Ministerio de Asuntos Exteriores, Unión Europea y Cooperación al CEI-Fundación Privada Centro de Estudios Internacionales durante el ejercicio presupuestario 2020."
2020-11-12,298,1,BOE-A-2020-14048,"MINISTERIO DE AGRICULTURA, PESCA Y ALIMENTACIÓN",estatal,Orden,98850,98851,"Orden APA/1053/2020, de 4 de noviembre, por la que se modifica la Orden AAA/1231/2013, de 1 de julio, por la que se regula la Junta Nacional de Homologación de Trofeos de Caza."
2020-11-12,298,1,BOE-A-2020-14049,MINISTERIO DE SANIDAD,estatal,Resolución,98852,98863,"Resolución de 11 de noviembre de 2020, de la Dirección General de Salud Pública, relativa a los controles sanitarios a realizar en los puntos de entrada de España."
2020-11-12,298,1,BOE-A-2020-14050,"MINISTERIO DE INCLUSIÓN, SEGURIDAD SOCIAL Y MIGRACIONES",estatal,Real Decreto,98864,98871,"Real Decreto 917/2020, de 20 de octubre, por el que se regula la concesión directa de una subvención a Cruz Roja Española para la realización del programa de atención a migrantes llegados a las costas españolas o a las ciudades de Ceuta y Melilla a través de las fronteras terrestres en el año 2020."
2020-11-12,298,1,BOE-A-2020-14051,COMUNIDAD AUTÓNOMA DE EXTREMADURA,autonómico,Ley,98872,98879,"Ley 3/2020, de 29 de octubre, del sistema de préstamo de los libros de texto de Extremadura."
2020-11-13,299,1,BOE-A-2020-14107,COMISIÓN NACIONAL DEL MERCADO DE VALORES,estatal,Instrucción o circular,99272,99285,"Circular 2/2020, de 28 de octubre, de la Comisión Nacional del Mercado de Valores, sobre publicidad de los productos y servicios de inversión."
2020-11-14,300,1,BOE-A-2020-14205,JEFATURA DEL ESTADO,estatal,Ley,99895,99913,"Ley 7/2020, de 13 de noviembre, para la transformación digital del sistema financiero."
2020-11-14,300,1,BOE-A-2020-14206,MINISTERIO DE HACIENDA,estatal,Resolución,99914,99915,"Resolución de 13 de noviembre de 2020, de la Presidencia del Comisionado para el Mercado de Tabacos, por la que se publican los precios de venta al público de determinadas labores de tabaco en Expendedurías de Tabaco y Timbre del área de Península y Baleares."
2020-11-14,300,1,BOE-A-2020-14207,COMUNIDAD AUTÓNOMA DEL PAÍS VASCO,autonómico,Ley,99916,99917,"Ley 1/2020, de 29 de octubre, de modificación de la Ley por la que se aprueban los Presupuestos Generales de la Comunidad Autónoma de Euskadi para el ejercicio 2020."
2020-11-14,300,1,BOE-A-2020-14208,COMUNIDAD FORAL DE NAVARRA,autonómico,Ley,99918,99919,"Ley Foral 15/2020, de 26 de octubre, por la que se concede un crédito extraordinario, por un importe de 100.000 euros, para la financiación de dos caminos ciclables en las localidades de Zúñiga y Metauten."
2020-11-14,300,1,BOE-A-2020-14209,COMUNIDAD AUTÓNOMA DE EXTREMADURA,autonómico,Corrección,99920,99921,"Corrección de errores del Decreto-ley 14/2020, de 22 de julio, de medidas para la activación de la demanda en la Comunidad Autónoma de Extremadura tras la crisis sanitaria."
2020-11-16,301,1,BOE-A-2020-14248,MINISTERIO PARA LA TRANSICIÓN ECOLÓGICA Y EL RETO DEMOGRÁFICO,estatal,Resolución,100074,100076,"Resolución de 10 de noviembre de 2020, de la Dirección General de Política Energética y Minas, por la que se publican los nuevos precios de venta, antes de impuestos, de los gases licuados del petróleo por canalización."
2020-11-16,301,1,BOE-A-2020-14249,MINISTERIO PARA LA TRANSICIÓN ECOLÓGICA Y EL RETO DEMOGRÁFICO,estatal,Resolución,100077,100078,"Resolución de 10 de noviembre de 2020, de la Dirección General de Política Energética y Minas, por la que se publican los nuevos precios máximos de venta, antes de impuestos, de los gases licuados del petróleo envasados, en envases de carga igual o superior a 8 kg., e inferior a 20 kg., excluidos los envases de mezcla para usos de los gases licuados del petróleo como carburante."
2020-11-16,301,1,BOE-A-2020-14250,MINISTERIO DE SANIDAD,estatal,Resolución,100079,100080,"Resolución de 13 de noviembre de 2020, de la Dirección General de Cartera Común de Servicios del Sistema Nacional de Salud y Farmacia, por la que se publica el Acuerdo de la Comisión Interministerial de Precios de los Medicamentos, de 12 de noviembre de 2020, por el que se revisan los importes máximos de venta al público, en aplicación de lo previsto en artículo 94.3 del texto refundido de la Ley de garantías y uso racional de los medicamentos y productos sanitarios, aprobado por Real Decreto Legislativo 1/2015, de 24 de julio."
2020-11-16,301,1,BOE-A-2020-14251,MINISTERIO DE CIENCIA E INNOVACIÓN,estatal,Orden,100081,100093,"Orden CIN/1062/2020, de 6 de noviembre, por la que se da cumplimiento a la disposición adicional duodécima en materia de apoyo financiero a las actuaciones en parques científicos y tecnológicos del Real Decreto-ley 15/2020, de 21 de abril, de medidas urgentes complementarias para apoyar la economía y el empleo."
2020-11-17,302,1,BOE-A-2020-14323,"MINISTERIO DE LA PRESIDENCIA, RELACIONES CON LAS CORTES Y MEMORIA DEMOCRÁTICA",estatal,Real Decreto,100301,100330,"Real Decreto 969/2020, de 10 de noviembre, por el que se establecen las bases reguladoras y la convocatoria, para el primer tramo del ejercicio 2020, de ayudas por la paralización temporal de la flota a los pescadores con un procedimiento de suspensión de los contratos o reducción de jornada como consecuencia del COVID-19 y por el que se modifica el Real Decreto 703/2020, de 28 de julio."
2020-11-17,302,1,BOE-A-2020-14324,MINISTERIO PARA LA TRANSICIÓN ECOLÓGICA Y EL RETO DEMOGRÁFICO,estatal,Resolución,100331,100335,"Resolución de 4 de noviembre de 2020, del Instituto para la Transición Justa, O.A., por la que se crea y regula la sede electrónica del organismo."
2020-11-18,303,1,BOE-A-2020-14368,JEFATURA DEL ESTADO,estatal,Real Decreto-ley,100489,100523,"Real Decreto-ley 34/2020, de 17 de noviembre, de medidas urgentes de apoyo a la solvencia empresarial y al sector energético, y en materia tributaria."
2020-11-18,303,1,BOE-A-2020-14369,MINISTERIO DE IGUALDAD,estatal,Real Decreto,100524,100536,"Real Decreto 1022/2020, de 17 de noviembre, por el que se regula la concesión directa de una subvención a la Federación Española de Municipios y Provincias para el fomento de las políticas públicas en materia de igualdad en el ámbito local."
2020-11-18,303,1,BOE-A-2020-14370,MINISTERIO DE IGUALDAD,estatal,Real Decreto,100537,100544,"Real Decreto 1023/2020, de 17 de noviembre, por el que se actualizan las cuantías, los criterios y el procedimiento de distribución de las transferencias para el desarrollo de nuevas o ampliadas competencias reservadas a las entidades locales en el Pacto de Estado en materia de violencia de género."
2020-11-18,303,1,BOE-A-2020-14371,COMUNIDAD AUTÓNOMA DE CATALUÑA,autonómico,Decreto-ley,100545,100547,"Decreto-ley 34/2020, de 20 de octubre, de medidas urgentes de apoyo a la actividad económica desarrollada en locales de negocio arrendados."
2020-11-18,303,1,BOE-A-2020-14372,COMUNIDAD AUTÓNOMA DE CATALUÑA,autonómico,Decreto-ley,100548,100552,"Decreto-ley 35/2020, de 20 de octubre, de modificación del Decreto-ley 19/2020, de 19 de mayo, y del Decreto-ley 29/2020, de 28 de julio, en materia de adopción de medidas sociales y sanitarias para paliar los efectos de la pandemia generada por la COVID-19."
2020-11-18,303,1,BOE-A-2020-14373,COMUNIDAD AUTÓNOMA DE CATALUÑA,autonómico,Corrección,100553,100553,"Corrección de errores del Decreto-ley 33/2020, de 30 de septiembre, de medidas urgentes en el ámbito del impuesto sobre las emisiones de dióxido de carbono de los vehículos de tracción mecánica y del impuesto sobre las estancias en establecimientos turísticos, y en el ámbito presupuestario y administrativo."
2020-11-19,304,1,BOE-A-2020-14457,"MINISTERIO DE ASUNTOS EXTERIORES, UNIÓN EUROPEA Y COOPERACIÓN",estatal,Tratado o acuerdo internacional,101017,101023,"Acuerdo Internacional Administrativo, para el periodo 2020-2021, entre el Ministerio de Sanidad del Reino de España y la Organización Mundial de la Salud, para llevar a cabo actividades de cooperación en materia de donación y trasplante de órganos, células y tejidos humanos, hecho en Madrid y Ginebra el 30 de octubre de 2020, al amparo del Acuerdo Marco de Cooperación entre el Reino de España y la Organización Mundial de la Salud de 12 de septiembre de 2001."
2020-11-19,304,1,BOE-A-2020-14458,"MINISTERIO DE ASUNTOS EXTERIORES, UNIÓN EUROPEA Y COOPERACIÓN",estatal,Corrección,101024,101024,"Corrección de errores de la Terminación del Acuerdo entre el Reino de España y la Universidad de las Naciones Unidas relativo al establecimiento, funcionamiento y ubicación del Instituto Internacional de la Universidad de las Naciones Unidas para la Alianza de las Civilizaciones en Barcelona, hecho en Madrid y Tokio el 28 de junio de 2010."
2020-11-19,304,1,BOE-A-2020-14459,"MINISTERIO DE ASUNTOS EXTERIORES, UNIÓN EUROPEA Y COOPERACIÓN",estatal,Corrección,101025,101025,"Corrección de errores de la Terminación del Acuerdo entre el Reino de España y la Universidad de las Naciones Unidas relativo al Instituto Internacional de la Universidad de las Naciones Unidas para la Alianza de Civilizaciones en Barcelona, hecho en Madrid y Tokio el 28 de junio de 2010."
2020-11-19,304,1,BOE-A-2020-14460,MINISTERIO DE JUSTICIA,estatal,Orden,101026,101027,"Orden JUS/1073/2020, de 16 de noviembre, por la que se publica el Acuerdo del Consejo de Ministros de 27 de octubre de 2020, por el que se fija el módulo para la distribución del crédito que figura en los Presupuestos Generales del Estado para el año 2019 prorrogados para 2020, destinado a subvencionar los gastos de funcionamiento de los juzgados de paz."
2020-11-19,304,1,BOE-A-2020-14461,MINISTERIO DE HACIENDA,estatal,Orden,101028,101032,"Orden HAC/1074/2020, de 16 de noviembre, por la que se regulan las operaciones de cierre del ejercicio 2020 relativas al presupuesto de gastos y operaciones no presupuestarias."
2020-11-19,304,1,BOE-A-2020-14462,MINISTERIO DE EDUCACIÓN Y FORMACIÓN PROFESIONAL,estatal,Real Decreto,101033,101096,"Real Decreto 930/2020, de 27 de octubre, por el que se modifican determinados reales decretos de cualificaciones profesionales para la adaptación de las unidades de competencia de idiomas al Marco Común Europeo de Referencia para las Lenguas."
2020-11-19,304,1,BOE-A-2020-14463,MINISTERIO DE EDUCACIÓN Y FORMACIÓN PROFESIONAL,estatal,Real Decreto,101097,101251,"Real Decreto 931/2020, de 27 de octubre, por el que se establecen dos cualificaciones profesionales de la familia profesional Agraria, que se incluyen en el Catálogo Nacional de Cualificaciones Profesionales, y se modifican determinados reales decretos de cualificaciones profesionales."
2020-11-19,304,1,BOE-A-2020-14464,MINISTERIO DE EDUCACIÓN Y FORMACIÓN PROFESIONAL,estatal,Real Decreto,101252,101493,"Real Decreto 932/2020, de 27 de octubre, por el que se establece una cualificación profesional de la familia profesional Seguridad y Medio Ambiente, que se incluye en el Catálogo Nacional de Cualificaciones Profesionales, y se modifican determinados reales decretos de cualificaciones profesionales."
2020-11-19,304,1,BOE-A-2020-14465,MINISTERIO DE EDUCACIÓN Y FORMACIÓN PROFESIONAL,estatal,Real Decreto,101494,101698,"Real Decreto 933/2020, de 27 de octubre, por el que se actualizan determinadas cualificaciones profesionales de la familia profesional Marítimo-Pesquera, recogidas en el Catálogo Nacional de Cualificaciones Profesionales, establecidas por el Real Decreto 295/2004, de 20 de febrero, y por el Real Decreto 1179/2008, de 11 de julio, y se modifican parcialmente determinadas cualificaciones profesionales de las familias profesionales Marítimo-Pesquera y Seguridad y Medio Ambiente."
2020-11-19,304,1,BOE-A-2020-14466,MINISTERIO DE SANIDAD,estatal,Resolución,101699,101700,"Resolución de 18 de noviembre de 2020, de la Dirección General de Cartera Común de Servicios del Sistema Nacional de Salud y Farmacia, por la que se publica el Acuerdo de la Comisión Interministerial de Precios de los Medicamentos de 18 de noviembre de 2020, por el que se revisan los importes máximos de venta al público, en aplicación de lo previsto en el artículo 94.3 del texto refundido de la Ley de garantías y uso racional de los medicamentos y productos sanitarios, aprobado por Real Decreto Legislativo 1/2015, de 24 de julio."
2020-11-19,304,1,BOE-A-2020-14467,COMUNIDAD AUTÓNOMA DE LAS ILLES BALEARS,autonómico,Ley,101701,101804,"Ley 2/2020, de 15 de octubre, de medidas urgentes y extraordinarias para el impulso de la actividad económica y la simplificación administrativa en el ámbito de las administraciones públicas de las Illes Balears para paliar los efectos de la crisis ocasionada por la COVID-19."
2020-11-20,305,1,BOE-A-2020-14544,COMUNIDAD AUTÓNOMA DE CANARIAS,autonómico,Ley,102516,102526,"Ley 2/2020, de 14 de octubre, de suspensión de títulos habilitantes de nuevos locales y otras medidas complementarias en materia de juego y apuestas."
2020-11-20,305,1,BOE-A-2020-14545,COMUNIDAD AUTÓNOMA DE CANARIAS,autonómico,Ley,102527,102541,"Ley 3/2020, de 27 de octubre, de medidas urgentes de carácter social dirigidas a las personas en situación de vulnerabilidad como consecuencia de la crisis sanitaria ocasionada por el COVID-19 y de modificación de la Ley 16/2019, de 2 de mayo, de servicios sociales de Canarias."
2020-11-21,306,1,BOE-A-2020-14650,"MINISTERIO DE ASUNTOS EXTERIORES, UNIÓN EUROPEA Y COOPERACIÓN",estatal,Tratado o acuerdo internacional,103156,103156,"Entrada en vigor del intercambio de Notas Verbales entre el Reino de España y la República Popular China por el que se establece el Consulado de España en Chengdu, hecho en Pekín el 28 de febrero y el 24 de abril de 2020."
2020-11-21,306,1,BOE-A-2020-14651,MINISTERIO DE HACIENDA,estatal,Resolución,103157,103160,"Resolución de 20 de noviembre de 2020, de la Presidencia del Comisionado para el Mercado de Tabacos, por la que se publican los precios de venta al público de determinadas labores de tabaco en Expendedurías de Tabaco y Timbre del área del Monopolio."
2020-11-21,306,1,BOE-A-2020-14652,"MINISTERIO DE INDUSTRIA, COMERCIO Y TURISMO",estatal,Real Decreto,103161,103167,"Real Decreto 1020/2020, de 17 de noviembre, por el que se regula la concesión directa de una subvención a la Fundación Foro de Marcas Renombradas Españolas para la financiación de los gastos de funcionamiento de su actividad."
2020-11-21,306,1,BOE-A-2020-14653,"MINISTERIO DE INCLUSIÓN, SEGURIDAD SOCIAL Y MIGRACIONES",estatal,Orden,103168,103173,"Orden ISM/1080/2020, de 20 de noviembre, por la que se regulan las operaciones de cierre del ejercicio 2020 para las entidades que integran el sistema de la Seguridad Social."
2020-11-21,306,1,BOE-A-2020-14654,TRIBUNAL SUPREMO,estatal,Resolución judicial,103174,103175,"Sentencia de 8 de junio de 2020, de la Sala Tercera del Tribunal Supremo, que desestima el recurso de casación interpuesto contra la sentencia dictada con fecha 28 de mayo de 2018 por la Sala de lo Contencioso-Administrativo del Tribunal Superior de Justicia de Castilla-La Mancha (Albacete), por la que se declara nulo de pleno derecho el artículo 12, párrafo primero, párrafo b) y el Anexo I del Reglamento de Valoraciones de la Ley del Suelo, aprobado por Real Decreto 1492/2011."
2020-11-21,306,1,BOE-A-2020-14655,TRIBUNAL SUPREMO,estatal,Resolución judicial,103176,103176,"Sentencia de 27 de julio de 2020, de la Sala Tercera del Tribunal Supremo, que declara rechazar la falta de competencia y estimar el recurso contencioso-administrativo número 273/2018 contra el Real Decreto 210/2018, de 6 de abril, por el que se aprueba el Programa de Prevención y Gestión de Residuos y Recursos de Cataluña ""PRECAT20""."
2020-11-21,306,1,BOE-A-2020-14656,TRIBUNAL SUPREMO,estatal,Resolución judicial,103177,103177,"Sentencia de 27 de julio de 2020, de la Sala Tercera del Tribunal Supremo, que declara rechazar la falta de competencia y estimar el recurso contencioso-administrativo número 271/2018 contra el Real Decreto 210/2018, de 6 de abril, por el que se aprueba el Programa de Prevención y Gestión de Residuos y Recursos de Cataluña «PRECAT20»."
2020-11-21,306,1,BOE-A-2020-14657,TRIBUNAL SUPREMO,estatal,Resolución judicial,103178,103178,"Auto de 14 de octubre de 2020, de la Sala Tercera del Tribunal Supremo, que acuerda no ha lugar a la aclaración y complemento solicitados de la sentencia y se rectifica el error material advertido en la parte dispositiva de la sentencia de 27 de julio de 2020, recaída en el presente recurso, en el sentido de sustituir en el mismo la expresión ""apartados 6b-1 a 6 y 23 del PRECAT20"" por ""apartados 6b-1 a 5 y 23 del PRECAT20""."
2020-11-23,307,1,BOE-A-2020-14692,"MINISTERIO DE ASUNTOS EXTERIORES, UNIÓN EUROPEA Y COOPERACIÓN",estatal,Tratado o acuerdo internacional,103370,103370,"Protocolo sobre Enmiendas y Suplementos al Acuerdo entre el Reino de España y Georgia para el intercambio y protección recíproca de información clasificada, hecho en Madrid el 28 de enero de 2019."
2020-11-23,307,1,BOE-A-2020-14693,MINISTERIO DE DERECHOS SOCIALES Y AGENDA 2030,estatal,Orden,103371,103376,"Orden DSA/1082/2020, de 13 de noviembre, por la que se crea y regula el funcionamiento de la Comisión Ministerial de Administración Digital."
2020-11-23,307,1,BOE-A-2020-14694,COMUNIDAD AUTÓNOMA DE CATALUÑA,autonómico,Corrección,103377,103377,"Corrección de errores en la Ley 13/2020, de 13 de octubre, de restablecimiento del complemento de productividad variable del personal estatutario del Instituto Catalán de la Salud y del personal del sistema sanitario integral de utilización pública de Cataluña."
2020-11-23,307,1,BOE-A-2020-14695,COMUNIDAD AUTÓNOMA DE ARAGÓN,autonómico,Ley,103378,103401,"Ley 2/2020, de 22 de octubre, de Estadística de Aragón."
2020-11-24,308,1,BOE-A-2020-14771,JEFATURA DEL ESTADO,estatal,Otras,103856,103861,"Instrumento de ratificación del Acuerdo de Seguridad entre el Reino de España, la República Francesa, la República Italiana, el Reino de los Países Bajos y la República Portuguesa relativo a la protección de información clasificada de la Fuerza de Gendarmería Europea (EUROGENDFOR), hecho en Roma el 3 de febrero de 2017."
2020-11-24,308,1,BOE-A-2020-14772,CORTES GENERALES,estatal,Resolución,103862,103862,"Resolución de 15 de octubre de 2020, del Congreso de los Diputados, por la que se ordena la publicación del Acuerdo de convalidación del Real Decreto-ley 31/2020, de 29 de septiembre, por el que se adoptan medidas urgentes en el ámbito de la educación no universitaria."
2020-11-24,308,1,BOE-A-2020-14773,CORTES GENERALES,estatal,Resolución,103863,103863,"Resolución de 19 de noviembre de 2020, del Congreso de los Diputados, por la que se ordena la publicación del Acuerdo de convalidación del Real Decreto-ley 32/2020, de 3 de noviembre, por el que se aprueban medidas sociales complementarias para la protección por desempleo y de apoyo al sector cultural."
2020-11-24,308,1,BOE-A-2020-14774,CORTES GENERALES,estatal,Resolución,103864,103864,"Resolución de 19 de noviembre de 2020, del Congreso de los Diputados, por la que se ordena la publicación del Acuerdo de convalidación del Real Decreto-ley 33/2020, de 3 de noviembre, por el que se adoptan medidas urgentes de apoyo a entidades del Tercer Sector de Acción Social de ámbito estatal."
2020-11-24,308,1,BOE-A-2020-14775,MINISTERIO DE HACIENDA,estatal,Orden,103865,103906,"Orden HAC/1089/2020, de 27 de octubre, por la que se modifica la Orden HFP/417/2017, de 12 de mayo, por la que se regulan las especificaciones normativas y técnicas que desarrollan la llevanza de los Libros registro del Impuesto sobre el Valor Añadido a través de la Sede electrónica de la Agencia Estatal de Administración Tributaria establecida en el artículo 62.6 del Reglamento del Impuesto sobre el Valor Añadido, aprobado por el Real Decreto 1624/1992, de 29 de diciembre, y se modifica otra normativa tributaria."
2020-11-24,308,1,BOE-A-2020-14776,"MINISTERIO DE TRANSPORTES, MOVILIDAD Y AGENDA URBANA",estatal,Orden,103907,103909,"Orden TMA/1090/2020, de 19 de noviembre, por la que se modifican temporalmente las obligaciones de servicio público establecidas en el Acuerdo del Consejo de Ministros de 27 de julio de 2018, por el que se declaran obligaciones de servicio público en la ruta aérea Menorca-Madrid."
2020-11-25,309,1,BOE-A-2020-14875,"MINISTERIO DE ASUNTOS EXTERIORES, UNIÓN EUROPEA Y COOPERACIÓN",estatal,Tratado o acuerdo internacional,104418,104429,"Acuerdo Administrativo estándar relativo al Fondo conjunto para la Agenda 2030: Apoyo estratégico integrado para la promoción de los ODS Fondo fiduciario de asociados múltiples por el que se prevé la gestión intermediada de los fondos, hecho en Nueva York, el 16 de abril de 2018."
2020-11-25,309,1,BOE-A-2020-14876,MINISTERIO DE HACIENDA,estatal,Orden,104430,104434,"Orden HAC/1097/2020, de 24 de noviembre, por la que se determina la cuantía de la distribución definitiva entre las Comunidades Autónomas de régimen común de los recursos previstos en la letra d) del apartado 2 del artículo 2 del Real Decreto-ley 22/2020, de 16 de junio, por el que se regula la creación del Fondo COVID-19 y se establecen las reglas relativas a su distribución y libramiento."
2020-11-25,309,1,BOE-A-2020-14877,MINISTERIO DE HACIENDA,estatal,Orden,104435,104440,"Orden HAC/1098/2020, de 24 de noviembre, por la que se determina la cuantía de la distribución definitiva entre las Comunidades Autónomas y Ciudades de Ceuta y Melilla de los recursos previstos en la letra b) del apartado 2 del artículo 2 del Real Decreto-ley 22/2020, de 16 de junio, por el que se regula la creación del Fondo COVID-19 y se establecen las reglas relativas a su distribución y libramiento."
2020-11-25,309,1,BOE-A-2020-14878,MINISTERIO DE POLÍTICA TERRITORIAL Y FUNCIÓN PÚBLICA,estatal,Real Decreto,104441,104444,"Real Decreto 1041/2020, de 24 de noviembre, por el que se modifican el Real Decreto 139/2020, de 28 de enero, por el que se establece la estructura orgánica básica de los departamentos ministeriales, y el Real Decreto 735/2020, de 4 de agosto, por el que se desarrolla la estructura orgánica básica del Ministerio de Sanidad, y se modifica el Real Decreto 139/2020, de 28 de enero, por el que se establece la estructura orgánica básica de los departamentos ministeriales."
2020-11-25,309,1,BOE-A-2020-14879,MINISTERIO DE DERECHOS SOCIALES Y AGENDA 2030,estatal,Real Decreto,104445,104451,"Real Decreto 1043/2020, de 24 de noviembre, por el que se regula la concesión directa de subvenciones a las ciudades de Ceuta y Melilla para el desarrollo de programas sociales en el año 2020."
2020-11-25,309,1,BOE-A-2020-14880,MINISTERIO DE DERECHOS SOCIALES Y AGENDA 2030,estatal,Real Decreto,104452,104488,"Real Decreto 1044/2020, de 24 de noviembre, por el que se regula la concesión directa de subvenciones del Ministerio de Derechos Sociales y Agenda 2030 y sus organismos públicos a diversas entidades."
2020-11-26,310,1,BOE-A-2020-14956,TRIBUNAL CONSTITUCIONAL,estatal,Resolución judicial,104903,104903,"Recurso de inconstitucionalidad n.º 4911-2020, contra la Reforma del Reglamento de la Junta General del Principado de Asturias de 18 de junio de 1997, aprobada por el Pleno de la Cámara con fecha 1 de julio de 2020."
2020-11-26,310,1,BOE-A-2020-14957,TRIBUNAL CONSTITUCIONAL,estatal,Resolución judicial,104904,104904,"Recurso de inconstitucionalidad n.º 5178-2020, contra los artículos 2.2, 15, 27, 28, 29, 36, 37, 38, 39, 40, 44, 50, 51, 52, 53, 54, 81 apdo. 2, letras d), e), f), g), h), i), j), k), l), n), ñ) y o); apdo. 3, letras a), b), d), e), f), g), h), i), j), m), n), ñ), p), q), r) y s); apdo. 4, letras a), b), c), d) y e), 83 apartados 1, 2, 3, 4 y 5, disposiciones transitorias tercera y cuarta y Anexo I de la Ley 3/2020, de 27 de julio, de recuperación y protección del Mar Menor, de la Comunidad Autónoma de la Región de Murcia."
2020-11-26,310,1,BOE-A-2020-14958,TRIBUNAL CONSTITUCIONAL,estatal,Resolución judicial,104905,104905,"Recurso de inconstitucionalidad n.º 5342-2020, en relación con las siguientes disposiciones: Arts. 2.2 y 2.3; 5; 6; 7; 8; 9; 10 y 14 del Real Decreto 926/2020, de 25 de octubre, por el que se declara el estado de alarma para contener la propagación de infecciones causadas por el SARS-CoV-2; - Arts. 2, 4 y 5 de la Resolución del Congreso de los Diputados de 29 de octubre de 2020, por la que se ordena la publicación del Acuerdo de autorización de la prórroga del estado de alarma declarado por el Real Decreto 926/2020; - Art. 2, Disposición transitoria única y disposición final primera, apdos. Uno, Dos y Tres del Real Decreto 956/2020, de 3 de noviembre, por el que se prorroga el estado de alarma declarado por el Real Decreto 926/2020."
2020-11-26,310,1,BOE-A-2020-14959,TRIBUNAL CONSTITUCIONAL,estatal,Resolución judicial,104906,104906,"Cuestión de inconstitucionalidad n.º 4433-2020, en relación con los artículos 107.1, 107.2 a) y 107.4 del Real Decreto Legislativo 2/2004, de 5 de marzo, por el que se aprueba el texto refundido de la Ley reguladora de las Haciendas Locales."
2020-11-26,310,1,BOE-A-2020-14960,"MINISTERIO DE LA PRESIDENCIA, RELACIONES CON LAS CORTES Y MEMORIA DEMOCRÁTICA",estatal,Real Decreto,104907,104925,"Real Decreto 957/2020, de 3 de noviembre, por el que se regulan los estudios observacionales con medicamentos de uso humano."
2020-11-26,310,1,BOE-A-2020-14961,MINISTERIO DE CULTURA Y DEPORTE,estatal,Real Decreto,104926,104940,"Real Decreto 1042/2020, de 24 de noviembre, por el que se regula la concesión directa de subvenciones por el Ministerio de Cultura y Deporte y el Instituto Nacional de las Artes Escénicas y de la Música a diversas entidades culturales."
2020-11-26,310,1,BOE-A-2020-14962,MINISTERIO DE ASUNTOS ECONÓMICOS Y TRANSFORMACIÓN DIGITAL,estatal,Real Decreto,104941,104963,"Real Decreto 937/2020, de 27 de octubre, por el que se aprueba el Reglamento de la Caja General de Depósitos."
2020-11-26,310,1,BOE-A-2020-14963,MINISTERIO DE ASUNTOS ECONÓMICOS Y TRANSFORMACIÓN DIGITAL,estatal,Resolución,104964,104968,"Resolución de 25 de noviembre de 2020, de la Secretaría de Estado de Economía y Apoyo a la Empresa, por la que se publica el Acuerdo del Consejo de Ministros de 24 de noviembre de 2020, por el que se instruye al Instituto de Crédito Oficial (ICO) y se permite a la Compañía Española de Reafianzamiento, S.M.E., Sociedad Anónima (CERSA) ampliar el plazo de solicitud de avales hasta el 1 de junio de 2021 y extender el vencimiento de los avales ya liberados."
2020-11-26,310,1,BOE-A-2020-14964,MINISTERIO DE ASUNTOS ECONÓMICOS Y TRANSFORMACIÓN DIGITAL,estatal,Resolución,104969,104979,"Resolución de 25 de noviembre de 2020, de la Secretaría de Estado de Economía y Apoyo a la Empresa, por la que se publica el Acuerdo del Consejo de Ministros de 24 de noviembre de 2020, por el que se establecen los términos y condiciones de los nuevos tramos de la línea de avales aprobada por Real Decreto-ley 25/2020, de 3 de julio, para financiación concedida a empresas en convenio y a aquellas que, sin estarlo, estaban en proceso de renovación de su programa de pagarés en el Mercado Alternativo de Renta Fija (MARF) a 23 de abril de 2021."
2020-11-26,310,1,BOE-A-2020-14965,"MINISTERIO DE INCLUSIÓN, SEGURIDAD SOCIAL Y MIGRACIONES",estatal,Orden,104980,104987,"Orden ISM/1099/2020, de 23 de noviembre, por la que se fijan para el ejercicio 2020 las bases normalizadas de cotización a la Seguridad Social, por contingencias comunes, en el Régimen Especial de la Seguridad Social para la Minería del Carbón."
2020-11-27,311,1,BOE-A-2020-15061,"MINISTERIO DE ASUNTOS EXTERIORES, UNIÓN EUROPEA Y COOPERACIÓN",estatal,Corrección,105600,105600,"Corrección de errores del Acuerdo Internacional Administrativo, para el período 2020-2021, entre el Ministerio de Sanidad del Reino de España y la Organización Mundial de la Salud, para llevar a cabo actividades de cooperación en materia de donación y trasplante de órganos, células y tejidos humanos, hecho en Madrid y Ginebra el 30 de octubre de 2020, al amparo del Acuerdo Marco de Cooperación entre el Reino de España y la Organización Mundial de la Salud de 12 de septiembre de 2001."
2020-11-27,311,1,BOE-A-2020-15062,"MINISTERIO DE TRANSPORTES, MOVILIDAD Y AGENDA URBANA",estatal,Resolución,105601,105602,"Resolución de 6 de noviembre de 2020, de la Dirección de la Agencia Estatal de Seguridad Aérea, por la que se emite un método alternativo de cumplimiento de conformidad con lo establecido en el ARO.GEN.120 del Reglamento (UE) n.º 965/2012 de la Comisión de 5 de octubre de 2012, por el que se establecen requisitos técnicos y procedimientos administrativos en relación con las operaciones aéreas, para la reducción de la antelación mínima requerida en la publicación de la programación de actividades de las tripulaciones, en relación con la situación creada por la crisis global del COVID-19."
2020-11-27,311,1,BOE-A-2020-15063,MINISTERIO DE TRABAJO Y ECONOMÍA SOCIAL,estatal,Orden,105603,105607,"Orden TES/1109/2020, de 25 de noviembre, por la que se modifica la Orden TMS/368/2019, de 28 de marzo, por la que se desarrolla el Real Decreto 694/2017, de 3 de julio, por el que se desarrolla la Ley 30/2015, de 9 de septiembre, por la que se regula el Sistema de Formación Profesional para el Empleo en el ámbito laboral, en relación con la oferta formativa de las administraciones competentes y su financiación, y se establecen las bases reguladoras para la concesión de subvenciones públicas destinadas a su financiación."
2020-11-27,311,1,BOE-A-2020-15064,"MINISTERIO DE INDUSTRIA, COMERCIO Y TURISMO",estatal,Real Decreto,105608,105613,"Real Decreto 1040/2020, de 24 de noviembre, por el que se regula la concesión directa de una subvención para la construcción del Palacio de Congresos y Exposiciones de la ciudad de León correspondiente al ejercicio 2020."
2020-11-27,311,1,BOE-A-2020-15065,"MINISTERIO DE AGRICULTURA, PESCA Y ALIMENTACIÓN",estatal,Real Decreto,105614,105617,"Real Decreto 968/2020, de 10 de noviembre, por el que se modifica el Real Decreto 410/2001, de 20 de abril, por el que se regula la pesca con artes fijos en el Caladero Nacional del Cantábrico y Noroeste."
2020-11-27,311,1,BOE-A-2020-15066,MINISTERIO DE ASUNTOS ECONÓMICOS Y TRANSFORMACIÓN DIGITAL,estatal,Orden,105618,105622,"Orden ETD/1110/2020, de 25 de noviembre, por la que se acuerda la emisión, acuñación y puesta en circulación de monedas de colección ""Historia de la Aviación""."
2020-11-27,311,1,BOE-A-2020-15067,MINISTERIO DE SANIDAD,estatal,Real Decreto,105623,105633,"Real Decreto 1021/2020, de 17 de noviembre, por el que se regula, para el ejercicio 2020, la concesión directa de subvenciones en el ámbito del Ministerio de Sanidad a diversas entidades y a la Federación Española de Municipios y Provincias."
2020-11-27,311,1,BOE-A-2020-15068,TRIBUNAL SUPREMO,estatal,Resolución judicial,105634,105634,"Sentencia de 29 de septiembre de 2020, de la Sala Tercera del Tribunal Supremo, que estima parcialmente el recurso interpuesto por la representación procesal de la Agrupación Sindical de Transportistas Autónomos de Catalunya (ASTAC Catalunya), contra el Real Decreto 70/2019, de 15 de febrero, por el que se modifican el Reglamento de la Ley de Ordenación de los Transportes Terrestres y otras normas reglamentarias en materia de formación de los conductores de los vehículos de transporte por carretera, de documentos de control en relación con los transportes por carretera, de transporte sanitario por carretera, de transporte de mercancías peligrosas y del Comité Nacional de Transporte por Carretera."
2020-11-27,311,1,BOE-A-2020-15069,TRIBUNAL SUPREMO,estatal,Resolución judicial,105635,105635,"Sentencia de 15 de octubre de 2020, de la Sala Tercera del Tribunal Supremo, que estima en parte el recurso interpuesto por la representación procesal del Comité Nacional de Transporte de Carretera, contra el Real Decreto 70/2019, de 15 de febrero, por el que se modifican el Reglamento de la Ley de Ordenación de los Transportes Terrestres y otras normas reglamentarias en materia de formación de los conductores de los vehículos de transporte por carretera, de documentos de control en relación con los transportes por carretera, de transporte sanitario por carretera, de transporte de mercancías peligrosas y del Comité Nacional de Transporte por Carretera."
2020-11-28,312,1,BOE-A-2020-15173,MINISTERIO DE HACIENDA,estatal,Resolución,106320,106322,"Resolución de 27 de noviembre de 2020, de la Presidencia del Comisionado para el Mercado de Tabacos, por la que se publican los precios de venta al público de determinadas labores de tabaco en Expendedurías de Tabaco y Timbre del área del Monopolio."
2020-11-28,312,1,BOE-A-2020-15174,MINISTERIO DEL INTERIOR,estatal,Orden,106323,106324,"Orden INT/1119/2020, de 27 de noviembre, por la que se prorroga la Orden INT/657/2020, de 17 de julio, por la que se modifican los criterios para la aplicación de una restricción temporal de viajes no imprescindibles desde terceros países a la Unión Europea y países asociados Schengen por razones de orden público y salud pública con motivo de la crisis sanitaria ocasionada por la COVID-19."
2020-11-28,312,1,BOE-A-2020-15175,MINISTERIO PARA LA TRANSICIÓN ECOLÓGICA Y EL RETO DEMOGRÁFICO,estatal,Orden,106325,106327,"Orden TED/1120/2020, de 25 de noviembre, por la que se autoriza un trasvase desde los Embalses de Entrepeñas-Buendía, a través del Acueducto Tajo-Segura, de 13 hm³ para el mes de noviembre de 2020."
2020-11-28,312,1,BOE-A-2020-15176,MINISTERIO DE SANIDAD,estatal,Orden,106328,107381,"Orden SND/1121/2020, de 27 de noviembre, por la que se procede a la actualización en 2020 del sistema de precios de referencia de medicamentos en el Sistema Nacional de Salud."
2020-11-28,312,1,BOE-A-2020-15177,COMUNIDAD AUTÓNOMA DE CATALUÑA,autonómico,Corrección,107382,107382,"Corrección de errores de la Ley 5/2020, de 29 de abril, de medidas fiscales, financieras, administrativas y del sector público y de creación del impuesto sobre las instalaciones que inciden en el medio ambiente."
2020-11-28,312,1,BOE-A-2020-15178,COMUNIDAD AUTÓNOMA DE CATALUÑA,autonómico,Corrección,107383,107383,"Corrección de errores de la Ley 8/2020, de 30 de julio, de protección y ordenación del litoral."
2020-12-01,314,1,BOE-A-2020-15295,"MINISTERIO DE TRANSPORTES, MOVILIDAD Y AGENDA URBANA",estatal,Real Decreto,108158,108166,"Real Decreto 1019/2020, de 17 de noviembre, por el que se regula la concesión directa de las subvenciones a la Asociación de Madres y Padres, actualmente Asociación de Familias de Alumnos, del Centro de Educación Infantil del Ministerio de Transportes, Movilidad y Agenda Urbana y a la Asociación Aula Cultural de Fomento, para el desarrollo de sus actividades durante el ejercicio presupuestario 2020."
2020-12-01,314,1,BOE-A-2020-15296,MINISTERIO PARA LA TRANSICIÓN ECOLÓGICA Y EL RETO DEMOGRÁFICO,estatal,Orden,108167,108171,"Orden TED/1126/2020, de 20 de noviembre, por la que se modifica el Anexo del Real Decreto 139/2011, de 4 de febrero, para el desarrollo del Listado de Especies Silvestres en Régimen de Protección Especial y del Catálogo Español de Especies Amenazadas, y el Anexo del Real Decreto 630/2013, de 2 de agosto, por el que se regula el Catálogo Español de Especies Exóticas Invasoras."
2020-12-01,314,1,BOE-A-2020-15297,"MINISTERIO DE INCLUSIÓN, SEGURIDAD SOCIAL Y MIGRACIONES",estatal,Resolución,108172,108172,"Resolución de 26 de noviembre de 2020, de la Secretaría de Estado de la Seguridad Social y Pensiones, por la que se establece el plazo especial para el ajuste de las diferencias resultantes de la aplicación de la Orden ISM/1099/2020, de 23 de noviembre, por la que se fijan para el ejercicio 2020 las bases normalizadas de cotización a la Seguridad Social, por contingencias comunes, en el Régimen Especial de la Seguridad Social para la Minería del Carbón."
2020-12-02,315,1,BOE-A-2020-15389,"MINISTERIO DE ASUNTOS EXTERIORES, UNIÓN EUROPEA Y COOPERACIÓN",estatal,Tratado o acuerdo internacional,108488,108503,"Convenio entre el Reino de España y la República de Cabo Verde para evitar la doble imposición y prevenir la evasión fiscal en materia de impuestos sobre la renta y su Protocolo, hecho en Madrid el 5 de junio de 2017."
2020-12-02,315,1,BOE-A-2020-15390,"MINISTERIO DE ASUNTOS EXTERIORES, UNIÓN EUROPEA Y COOPERACIÓN",estatal,Corrección,108504,108504,"Corrección de errores del Acuerdo Administrativo estándar relativo al Fondo conjunto para la Agenda 2030: Apoyo estratégico integrado para la promoción de los ODS Fondo fiduciario de asociados múltiples por el que se prevé la gestión intermediada de los fondos, hecho en Nueva York, el 16 de abril de 2018."
2020-12-02,315,1,BOE-A-2020-15391,"MINISTERIO DE ASUNTOS EXTERIORES, UNIÓN EUROPEA Y COOPERACIÓN",estatal,Real Decreto,108505,108512,"Real Decreto 1048/2020, de 1 de diciembre, por el que se regula la concesión directa de una subvención de la Secretaría de Estado para la Unión Europea al Consejo Federal Español del Movimiento Europeo para el fomento de los valores sociales y culturales en el proceso de integración europea."
2020-12-02,315,1,BOE-A-2020-15392,MINISTERIO DE JUSTICIA,estatal,Real Decreto,108513,108515,"Real Decreto 1049/2020, de 1 de diciembre, por el que se modifica el Reglamento por el que se regula el procedimiento para la adquisición de la nacionalidad española por residencia, aprobado por el Real Decreto 1004/2015, de 6 de noviembre."
2020-12-02,315,1,BOE-A-2020-15393,MINISTERIO DE JUSTICIA,estatal,Real Decreto,108516,108533,"Real Decreto 1050/2020, de 1 de diciembre, de creación de treinta y tres unidades judiciales COVID-19 correspondientes a la programación de 2020."
2020-12-02,315,1,BOE-A-2020-15394,MINISTERIO DE DEFENSA,estatal,Real Decreto,108534,108548,"Real Decreto 1051/2020, de 1 de diciembre, por el que se aprueba el Reglamento de ordenación de la enseñanza de formación en las Fuerzas Armadas."
2020-12-02,315,1,BOE-A-2020-15395,"MINISTERIO DE TRANSPORTES, MOVILIDAD Y AGENDA URBANA",estatal,Orden,108549,108550,"Orden TMA/1134/2020, de 30 de noviembre, por la que se modifican los plazos para solicitar y formalizar los préstamos avalados y subvencionados por el Estado establecidos en la Orden TMA/378/2020, de 30 de abril, por la que se definen los criterios y requisitos de los arrendatarios de vivienda habitual que pueden acceder a las ayudas transitorias de financiación establecidas en el artículo 9 del Real Decreto-ley 11/2020, de 31 de marzo, por el que se adoptan medidas urgentes complementarias en el ámbito social y económico para hacer frente al COVID-19."
2020-12-02,315,1,BOE-A-2020-15396,"MINISTERIO DE INDUSTRIA, COMERCIO Y TURISMO",estatal,Real Decreto,108551,108558,"Real Decreto 1052/2020, de 1 de diciembre, por el que se regula la concesión directa de diversas subvenciones en materia comercial."
2020-12-02,315,1,BOE-A-2020-15397,"MINISTERIO DE LA PRESIDENCIA, RELACIONES CON LAS CORTES Y MEMORIA DEMOCRÁTICA",estatal,Real Decreto,108559,108562,"Real Decreto 1053/2020, de 1 de diciembre, por el que se modifica el Reglamento de retribuciones del personal de las Fuerzas Armadas, aprobado por el Real Decreto 1314/2005, de 4 de noviembre."
2020-12-02,315,1,BOE-A-2020-15398,"MINISTERIO DE LA PRESIDENCIA, RELACIONES CON LAS CORTES Y MEMORIA DEMOCRÁTICA",estatal,Real Decreto,108563,108567,"Real Decreto 1054/2020, de 1 de diciembre, por el que se regula la concesión directa de una subvención al Obispado de Plasencia para el mantenimiento del monasterio de San Jerónimo de Yuste."
2020-12-02,315,1,BOE-A-2020-15399,MINISTERIO PARA LA TRANSICIÓN ECOLÓGICA Y EL RETO DEMOGRÁFICO,estatal,Real Decreto,108568,108577,"Real Decreto 1056/2020, de 1 de diciembre, por el que se regula la concesión directa de determinadas subvenciones en el ámbito del medio ambiente, para el ejercicio presupuestario 2020."
2020-12-02,315,1,BOE-A-2020-15400,MINISTERIO PARA LA TRANSICIÓN ECOLÓGICA Y EL RETO DEMOGRÁFICO,estatal,Real Decreto,108578,108583,"Real Decreto 1057/2020, de 1 de diciembre, por el que se regula la concesión directa de una subvención a la Comunidad Autónoma de la Región de Murcia para la ejecución de obras de seguridad minera y clausura en la instalación de residuos mineros abandonada denominada ""El Lirio""."
2020-12-02,315,1,BOE-A-2020-15401,MINISTERIO DE DERECHOS SOCIALES Y AGENDA 2030,estatal,Real Decreto,108584,108589,"Real Decreto 1058/2020, de 1 de diciembre, por el que se regula la concesión directa de subvenciones a las ciudades de Ceuta y Melilla para el mantenimiento y la mejora de la atención prestada en los centros de acogida de menores extranjeros no acompañados en el año 2020."
2020-12-02,315,1,BOE-A-2020-15402,MINISTERIO DE DERECHOS SOCIALES Y AGENDA 2030,estatal,Real Decreto,108590,108595,"Real Decreto 1059/2020, de 1 de diciembre, por el que se regula la concesión directa de una subvención a la Comunidad Autónoma de Canarias para la atención y acogida de los niños, niñas y adolescentes migrantes no acompañados."
2020-12-02,315,1,BOE-A-2020-15403,COMUNIDAD AUTÓNOMA DE ANDALUCÍA,autonómico,Ley,108596,108604,"Ley 2/2020, de 12 de noviembre, de reforma parcial de la Ley 21/2007, de 18 de diciembre, de régimen jurídico y económico de los puertos de Andalucía, en materia de plazos concesionales."
2020-12-03,316,1,BOE-A-2020-15493,"MINISTERIO DE ASUNTOS EXTERIORES, UNIÓN EUROPEA Y COOPERACIÓN",estatal,Tratado o acuerdo internacional,108887,108903,"Convenio entre el Reino de España y Rumanía para eliminar la doble imposición en relación con los impuestos sobre la renta y prevenir la evasión y elusión fiscales y su Protocolo, hecho en Bucarest el 18 de octubre de 2017."
2020-12-04,317,1,BOE-A-2020-15592,"MINISTERIO DE ASUNTOS EXTERIORES, UNIÓN EUROPEA Y COOPERACIÓN",estatal,Orden,109325,109326,"Orden AUC/1148/2020, de 18 de noviembre, por la que se eleva a la categoría de Consulado Honorario y se amplía la jurisdicción consular del actual Viceconsulado Honorario de España en Coímbra, en la República Portuguesa."
2020-12-04,317,1,BOE-A-2020-15593,"MINISTERIO DE ASUNTOS EXTERIORES, UNIÓN EUROPEA Y COOPERACIÓN",estatal,Orden,109327,109328,"Orden AUC/1149/2020, de 18 de noviembre, por la que se suprime la Oficina Consular Honoraria de España en Las Terrenas, en la República Dominicana, y se crea la Oficina Consular Honoraria de España en Nagua, en la República Dominicana."
2020-12-04,317,1,BOE-A-2020-15594,"MINISTERIO DE ASUNTOS EXTERIORES, UNIÓN EUROPEA Y COOPERACIÓN",estatal,Orden,109329,109329,"Orden AUC/1150/2020, de 18 de noviembre, por la que se suprime la Oficina Consular Honoraria de España en Manchester, en Reino Unido."
2020-12-04,317,1,BOE-A-2020-15595,"MINISTERIO DE ASUNTOS EXTERIORES, UNIÓN EUROPEA Y COOPERACIÓN",estatal,Orden,109330,109330,"Orden AUC/1151/2020, de 24 de noviembre, por la que se eleva a la categoría de Consulado Honorario el actual Viceconsulado Honorario de España en Arequipa, en la República del Perú."
2020-12-04,317,1,BOE-A-2020-15596,"MINISTERIO DE ASUNTOS EXTERIORES, UNIÓN EUROPEA Y COOPERACIÓN",estatal,Orden,109331,109331,"Orden AUC/1152/2020, de 24 de noviembre, por la que se eleva a la categoría de Consulado Honorario el actual Viceconsulado Honorario de España en Iquitos, en la República del Perú."
2020-12-04,317,1,BOE-A-2020-15597,MINISTERIO DE DEFENSA,estatal,Orden,109332,109337,"Orden DEF/1153/2020, de 2 de diciembre, sobre la formación y la capacitación, así como el establecimiento de las directrices necesarias para la obtención de la aptitud del personal militar no facultativo en cometidos de apoyo a la atención sanitaria en operaciones."
2020-12-04,317,1,BOE-A-2020-15598,MINISTERIO DE HACIENDA,estatal,Orden,109338,109345,"Orden HAC/1154/2020, de 27 de octubre, por la que se modifican la Orden HAC/1400/2018, de 21 de diciembre, por la que se aprueba el modelo 233, ""Declaración informativa por gastos en guarderías o centros de educación infantil autorizados"" y se determinan el lugar, forma, plazo y el procedimiento para su presentación, y se modifica la Orden HAP/2194/2013, de 22 de noviembre, por la que se regulan los procedimientos y las condiciones generales para la presentación de determinadas autoliquidaciones, declaraciones informativas, declaraciones censales, comunicaciones y solicitudes de devolución, de naturaleza tributaria; y la Orden HAC/773/2019, de 28 de junio, por la que se regula la llevanza de los libros registros en el Impuesto sobre la Renta de las Personas Físicas."
2020-12-04,317,1,BOE-A-2020-15599,MINISTERIO DE HACIENDA,estatal,Orden,109346,109435,"Orden HAC/1155/2020, de 25 de noviembre, por la que se desarrollan, para el año 2021, el método de estimación objetiva del Impuesto sobre la Renta de las Personas Físicas y el régimen especial simplificado del Impuesto sobre el Valor Añadido."
2020-12-04,317,1,BOE-A-2020-15600,"MINISTERIO DE AGRICULTURA, PESCA Y ALIMENTACIÓN",estatal,Orden,109436,109441,"Orden APA/1156/2020, de 26 de noviembre, por la que se crean y regulan la Junta de Contratación y la Mesa de Contratación del Fondo Español de Garantía Agraria, O.A."
2020-12-04,317,1,BOE-A-2020-15601,MINISTERIO DE CULTURA Y DEPORTE,estatal,Resolución,109442,109454,"Resolución de 25 de noviembre de 2020, de la Presidencia del Consejo Superior de Deportes, por la que se aprueba la lista de sustancias y métodos prohibidos en el deporte."
2020-12-04,317,1,BOE-A-2020-15602,BANCO DE ESPAÑA,estatal,Instrucción o circular,109455,109498,"Circular 5/2020, de 25 de noviembre, del Banco de España, a entidades de pago y a entidades de dinero electrónico, sobre normas de información financiera pública y reservada, y modelos de estados financieros, y que modifica la Circular 6/2001, de 29 de octubre, sobre titulares de establecimientos de cambio de moneda, y la Circular 4/2017, de 27 de noviembre, a entidades de crédito, sobre normas de información financiera pública y reservada, y modelos de estados financieros."
2020-12-05,318,1,BOE-A-2020-15686,"MINISTERIO DE ASUNTOS EXTERIORES, UNIÓN EUROPEA Y COOPERACIÓN",estatal,Otras,111338,111338,"Terminación del Convenio de Comercio entre España y Austria, hecho en Madrid el 3 de febrero de 1925 y del intercambio de notas entre España y Austria relativo a la modificación del Convenio de Comercio, de 1 de enero de 1929."
2020-12-05,318,1,BOE-A-2020-15687,"MINISTERIO DE ASUNTOS EXTERIORES, UNIÓN EUROPEA Y COOPERACIÓN",estatal,Tratado o acuerdo internacional,111339,111346,"Memorando de Entendimiento entre el Ministerio de Defensa del Reino de España y el Ministerio de Defensa de la República Portuguesa sobre la prestación de apoyo logístico mutuo, hecho en Madrid y Lisboa el 20 de junio y 1 de septiembre de 2020."
2020-12-05,318,1,BOE-A-2020-15688,MINISTERIO DE HACIENDA,estatal,Resolución,111347,111348,"Resolución de 4 de diciembre de 2020, de la Presidencia del Comisionado para el Mercado de Tabacos, por la que se publican los precios de venta al público de determinadas labores de tabaco en Expendedurías de Tabaco y Timbre del área del Monopolio."
2020-12-05,318,1,BOE-A-2020-15689,MINISTERIO PARA LA TRANSICIÓN ECOLÓGICA Y EL RETO DEMOGRÁFICO,estatal,Orden,111349,111371,"Orden TED/1161/2020, de 4 de diciembre, por la que se regula el primer mecanismo de subasta para el otorgamiento del régimen económico de energías renovables y se establece el calendario indicativo para el periodo 2020-2025."
2020-12-05,318,1,BOE-A-2020-15690,MINISTERIO DE ASUNTOS ECONÓMICOS Y TRANSFORMACIÓN DIGITAL,estatal,Resolución,111372,111374,"Resolución de 3 de diciembre de 2020, de la Secretaría General del Tesoro y Financiación Internacional, por la que se actualiza el Anexo 1 de la Resolución de 4 de julio de 2017, de la Secretaría General del Tesoro y Política Financiera, por la que se define el principio de prudencia financiera aplicable a las operaciones de endeudamiento y derivados de las comunidades autónomas y entidades locales."
2020-12-08,320,1,BOE-A-2020-15807,"MINISTERIO DE ASUNTOS EXTERIORES, UNIÓN EUROPEA Y COOPERACIÓN",estatal,Tratado o acuerdo internacional,112085,112086,"Enmiendas al Código internacional para la aplicación de procedimientos de ensayo de exposición al fuego, 2010 (Código PEF 2010), adoptadas en Londres el 24 de mayo de 2018 mediante Resolución MSC.437(99)."
2020-12-09,321,1,BOE-A-2020-15837,COMUNIDAD AUTÓNOMA DE CATALUÑA,autonómico,Ley,112523,112524,"Ley 14/2020, de 25 de noviembre, de modificación del libro segundo del Código civil de Cataluña, relativo a la persona y la familia."
2020-12-09,321,1,BOE-A-2020-15838,COMUNIDAD AUTÓNOMA DE CATALUÑA,autonómico,Decreto-ley,112525,112527,"Decreto-ley 36/2020, de 3 de noviembre, de medidas urgentes en el ámbito del impuesto sobre las estancias en establecimientos turísticos y del impuesto sobre la renta de las personas físicas."
2020-12-09,321,1,BOE-A-2020-15839,COMUNIDAD AUTÓNOMA DE CATALUÑA,autonómico,Decreto-ley,112528,112530,"Decreto-ley 37/2020, de 3 de noviembre, de refuerzo de la protección del derecho a la vivienda ante los efectos de la pandemia de la COVID-19."
2020-12-09,321,1,BOE-A-2020-15840,COMUNIDAD AUTÓNOMA DE CATALUÑA,autonómico,Decreto-ley,112531,112550,"Decreto-ley 39/2020, de 3 de noviembre, de medidas extraordinarias de carácter social para hacer frente a las consecuencias de la COVID-19."
2020-12-10,322,1,BOE-A-2020-15868,MINISTERIO DE JUSTICIA,estatal,Orden,112754,112757,"Orden JUS/1179/2020, de 4 de diciembre, por la que se modifica la Orden JUS/1362/2016, de 3 de agosto, por la que se crea la Comisión Ministerial de Administración Digital del Ministerio de Justicia y se regula su composición y funciones."
2020-12-10,322,1,BOE-A-2020-15869,MINISTERIO DE HACIENDA,estatal,Real Decreto,112758,112761,"Real Decreto 1083/2020, de 9 de diciembre, por el que se regula la concesión directa de la subvención destinada a la financiación de obras de rehabilitación y reforma del IES Sagasta de Logroño."
2020-12-10,322,1,BOE-A-2020-15870,"MINISTERIO DE TRANSPORTES, MOVILIDAD Y AGENDA URBANA",estatal,Real Decreto,112762,112771,"Real Decreto 1084/2020, de 9 de diciembre, por el que se modifica el Real Decreto 106/2018, de 9 de marzo, por el que se regula el Plan Estatal de Vivienda 2018-2021 y la Orden TMA/378/2020, de 30 de abril, por la que se definen los criterios y requisitos de los arrendatarios de vivienda habitual que pueden acceder a las ayudas transitorias de financiación establecidas en el artículo 9 del Real Decreto-ley 11/2020, de 31 de marzo, por el que se adoptan medidas urgentes complementarias en el ámbito social y económico para hacer frente al COVID-19."
2020-12-10,322,1,BOE-A-2020-15871,MINISTERIO DE TRABAJO Y ECONOMÍA SOCIAL,estatal,Orden,112772,112778,"Orden TES/1180/2020, de 4 de diciembre, por la que se adapta en función del progreso técnico el Real Decreto 664/1997, de 12 de mayo, sobre la protección de los trabajadores contra los riesgos relacionados con la exposición a agentes biológicos durante el trabajo."
2020-12-10,322,1,BOE-A-2020-15872,"MINISTERIO DE LA PRESIDENCIA, RELACIONES CON LAS CORTES Y MEMORIA DEMOCRÁTICA",estatal,Real Decreto,112779,112816,"Real Decreto 1086/2020, de 9 de diciembre, por el que se regulan y flexibilizan determinadas condiciones de aplicación de las disposiciones de la Unión Europea en materia de higiene de la producción y comercialización de los productos alimenticios y se regulan actividades excluidas de su ámbito de aplicación."
2020-12-10,322,1,BOE-A-2020-15873,"MINISTERIO DE LA PRESIDENCIA, RELACIONES CON LAS CORTES Y MEMORIA DEMOCRÁTICA",estatal,Real Decreto,112817,112818,"Real Decreto 1087/2020, de 9 de diciembre, por el que se modifica el Real Decreto 872/2017, de 29 de septiembre, por el que se fija la plantilla de la Guardia Civil para el periodo 2017-2021."
2020-12-10,322,1,BOE-A-2020-15874,"MINISTERIO DE LA PRESIDENCIA, RELACIONES CON LAS CORTES Y MEMORIA DEMOCRÁTICA",estatal,Real Decreto,112819,112828,"Real Decreto 1088/2020, de 9 de diciembre, por el que se completa el régimen aplicable a la notificación de sucesos de la aviación civil y se modifica el Real Decreto 1036/2017, de 15 de diciembre, por el que se regula la utilización civil de las aeronaves pilotadas por control remoto, y se modifican el Real Decreto 552/2014, de 27 de junio, por el que se desarrolla el Reglamento del aire y disposiciones operativas comunes para los servicios y procedimientos de navegación aérea y el Real Decreto 57/2002, de 18 de enero, por el que se aprueba el Reglamento de Circulación Aérea."
2020-12-10,322,1,BOE-A-2020-15875,"MINISTERIO DE LA PRESIDENCIA, RELACIONES CON LAS CORTES Y MEMORIA DEMOCRÁTICA",estatal,Orden,112829,112833,"Orden PCM/1181/2020, de 4 de diciembre, por la que se publica el Acuerdo del Consejo de Ministros de 1 de diciembre de 2020, por el que se autoriza el sobrevuelo excepcional a una altura inferior a la prevista en el artículo 7.3.e) de la Ley 30/2014, de 3 de diciembre, de Parques Nacionales."
2020-12-10,322,1,BOE-A-2020-15876,MINISTERIO PARA LA TRANSICIÓN ECOLÓGICA Y EL RETO DEMOGRÁFICO,estatal,Real Decreto,112834,112848,"Real Decreto 1089/2020, de 9 de diciembre, por el que se desarrollan aspectos relativos al ajuste de la asignación gratuita de derechos de emisión de gases de efecto invernadero en el periodo 2021-2030."
2020-12-10,322,1,BOE-A-2020-15877,MINISTERIO DE CULTURA Y DEPORTE,estatal,Real Decreto,112849,112859,"Real Decreto 1090/2020, de 9 de diciembre, por el que se modifica el Real Decreto 1084/2015, de 4 de diciembre, por el que se desarrolla la Ley 55/2007, de 28 de diciembre, del Cine."
2020-12-10,322,1,BOE-A-2020-15878,MINISTERIO DE SANIDAD,estatal,Resolución,112860,112861,"Resolución de 9 de diciembre de 2020, de la Dirección General de Salud Pública, por la que se especifican las modalidades de Pruebas Diagnósticas de Infección Activa para SARS-CoV-2 en relación con los controles sanitarios a realizar en los puntos de entrada de España."
2020-12-10,322,1,BOE-A-2020-15879,"MINISTERIO DE INCLUSIÓN, SEGURIDAD SOCIAL Y MIGRACIONES",estatal,Real Decreto,112862,112869,"Real Decreto 1060/2020, de 1 de diciembre, por el que se regula la concesión directa de una subvención a la Delegación en España del Alto Comisionado de las Naciones Unidas para los Refugiados (ACNUR) para el desarrollo de un programa dirigido a la integración de solicitantes y beneficiarios de protección internacional durante el año 2020."
2020-12-10,322,1,BOE-A-2020-15880,COMUNIDAD AUTÓNOMA DE CANTABRIA,autonómico,Ley,112870,112893,"Ley 8/2020, de 11 de noviembre, de Garantía de Derechos de las Personas Lesbianas, Gais, Trans, Transgénero, Bisexuales e Intersexuales y No Discriminación por Razón de Orientación Sexual e Identidad de Género."
2020-12-10,322,1,BOE-A-2020-15881,COMUNIDAD FORAL DE NAVARRA,autonómico,Ley,112894,112896,"Ley Foral 16/2020, de 17 de noviembre, de concesión de suplemento de crédito y de un crédito extraordinario para la financiación de la Universidad Pública de Navarra."
2020-12-10,322,1,BOE-A-2020-15882,COMUNIDAD AUTÓNOMA DE EXTREMADURA,autonómico,Ley,112897,112912,"Ley 4/2020, de 18 de noviembre, por la que se modifica la Ley 11/2002, de 12 de diciembre, de Colegios y Consejos de Colegios Profesionales de Extremadura."
2020-12-11,323,1,BOE-A-2020-15951,"MINISTERIO DE TRANSPORTES, MOVILIDAD Y AGENDA URBANA",estatal,Resolución,113287,113320,"Resolución de 20 de noviembre de 2020, de la Dirección de la Agencia Estatal de Seguridad Aérea, por la que se actualizan las Directrices operativas para la gestión de pasajeros aéreos y personal de aviación con relación a la pandemia COVID-19."
2020-12-11,323,1,BOE-A-2020-15952,MINISTERIO DE CULTURA Y DEPORTE,estatal,Resolución,113321,113323,"Resolución de 2 de diciembre de 2020, de la Subsecretaría, por la que se establece el procedimiento para la liquidación y el pago por vía telemática de la tasa con código 106, ""Tasa por determinación de tarifas de explotación de derechos de propiedad intelectual""."
2020-12-12,324,1,BOE-A-2020-16023,"MINISTERIO DE ASUNTOS EXTERIORES, UNIÓN EUROPEA Y COOPERACIÓN",estatal,Tratado o acuerdo internacional,113744,113758,"Acuerdo sobre Transporte Aéreo entre el Reino de España y la República de Camerún, hecho en Yaundé el 21 de noviembre de 2012."
2020-12-12,324,1,BOE-A-2020-16024,"MINISTERIO DE ASUNTOS EXTERIORES, UNIÓN EUROPEA Y COOPERACIÓN",estatal,Tratado o acuerdo internacional,113759,113760,"Enmiendas al Anexo del Protocolo de 1997 que enmienda el Convenio internacional para prevenir la contaminación por los buques, 1973, modificado por el Protocolo de 1978, adoptadas en Londres el 13 de abril de 2018 mediante Resolución MEPC.301(72)."
2020-12-12,324,1,BOE-A-2020-16025,MINISTERIO DE HACIENDA,estatal,Resolución,113761,113771,"Resolución de 3 de diciembre de 2020, de la Intervención General de la Administración del Estado, por la que se aprueba la adaptación del Plan General de Contabilidad de los fondos carentes de personalidad jurídica a que se refiere el artículo 2.2 de la Ley 47/2003, de 26 de noviembre, General Presupuestaria a aquellos fondos que realicen operaciones de cobertura de riesgos por cuenta del Estado."
2020-12-12,324,1,BOE-A-2020-16026,MINISTERIO DE HACIENDA,estatal,Resolución,113772,113773,"Resolución de 11 de diciembre de 2020, de la Presidencia del Comisionado para el Mercado de Tabacos, por la que se publican los precios de venta al público de determinadas labores de tabaco en Expendedurías de Tabaco y Timbre del área de Península y Baleares."
2020-12-12,324,1,BOE-A-2020-16027,MINISTERIO DE DERECHOS SOCIALES Y AGENDA 2030,estatal,Corrección,113774,113774,"Corrección de errores del Real Decreto 1044/2020, de 24 de noviembre, por el que se regula la concesión directa de subvenciones del Ministerio de Derechos Sociales y Agenda 2030 y sus organismos públicos a diversas entidades."
2020-12-12,324,1,BOE-A-2020-16028,TRIBUNAL SUPREMO,estatal,Resolución judicial,113775,113775,"Sentencia de 22 de octubre de 2020, de la Sala Tercera del Tribunal Supremo, que estima en parte el recurso interpuesto por la Asociación Empresarial de Transportes Discrecionales de Mercancías de Aragón, contra el Real Decreto 70/2019, de 15 de febrero, por el que se modifica el Reglamento de la Ley de Ordenación de los Transportes Terrestres y otras normas reglamentarias en materia de formación de los conductores de los vehículos de transporte por carretera, de documentos de control en relación con los transportes por carretera, de transporte sanitario por carretera, de transporte de mercancías peligrosas y del Comité Nacional del Transporte por Carretera."
2020-12-12,324,1,BOE-A-2020-16029,COMISIÓN NACIONAL DEL MERCADO DE VALORES,estatal,Corrección,113776,113776,"Corrección de errores de la Circular 2/2020, de 28 de octubre, de la Comisión Nacional del Mercado de Valores, sobre publicidad de los productos y servicios de inversión."
2020-12-14,325,1,BOE-A-2020-16071,"MINISTERIO DE ASUNTOS EXTERIORES, UNIÓN EUROPEA Y COOPERACIÓN",estatal,Tratado o acuerdo internacional,114412,114448,Acuerdo internacional administrativo sobre las condiciones de adscripción en comisión de servicio de un funcionario español al Consejo de Europa.
2020-12-14,325,1,BOE-A-2020-16073,MINISTERIO PARA LA TRANSICIÓN ECOLÓGICA Y EL RETO DEMOGRÁFICO,estatal,Resolución,114452,114454,"Resolución de 9 de diciembre de 2020, de la Dirección General de Política Energética y Minas, por la que se publican los nuevos precios de venta, antes de impuestos, de los gases licuados del petróleo por canalización."
2020-12-14,325,1,BOE-A-2020-16072,MINISTERIO DE POLÍTICA TERRITORIAL Y FUNCIÓN PÚBLICA,estatal,Resolución,114449,114451,"Resolución de 4 de diciembre de 2020, de la Secretaría de Estado de Política Territorial y Función Pública, por la que se establece a efectos de cómputo de plazos, el calendario de días inhábiles en el ámbito de la Administración General del Estado para el año 2021."
2020-12-14,325,1,BOE-A-2020-16074,TRIBUNAL SUPREMO,estatal,Resolución judicial,114455,114455,"Sentencia de 12 de noviembre de 2020, de la Sala Tercera del Tribunal Supremo, que estima el recurso contencioso-administrativo contra los párrafos segundo y tercero del punto Tercero de la parte dispositiva del Acuerdo del Consejo de Ministros de 1 de febrero de 2019, por el que se ampliaron los límites del Parque Nacional Marítimo-Terrestre del Archipiélago de Cabrera por la incorporación de espacios marinos colindantes al mismo."
2020-12-15,326,1,BOE-A-2020-16147,MINISTERIO DE UNIVERSIDADES,estatal,Orden,114798,114803,"Orden UNI/1191/2020, de 3 de diciembre, por la que se modifica el Anexo I del Real Decreto 1312/2007, de 5 de octubre, por el que se establece la acreditación nacional para el acceso de cuerpos docentes universitarios."
2020-12-16,327,1,BOE-A-2020-16251,"MINISTERIO DE ASUNTOS EXTERIORES, UNIÓN EUROPEA Y COOPERACIÓN",estatal,Tratado o acuerdo internacional,115169,115169,"Acuerdo Multilateral M330 en virtud de la sección 1.5.1 del ADR, relativo a los certificados de formación de los conductores de conformidad con el punto 8.2.2.8.2 del ADR y los certificados de consejeros de seguridad de conformidad con el punto 1.8.3.7 del ADR, hecho en Madrid el 2 de diciembre de 2020."
2020-12-16,327,1,BOE-A-2020-16252,"MINISTERIO DE ASUNTOS EXTERIORES, UNIÓN EUROPEA Y COOPERACIÓN",estatal,Real Decreto,115170,115179,"Real Decreto 1103/2020, de 15 de diciembre, por el que se regula la concesión directa de subvenciones en materia de cooperación cultural y promoción del arte iberoamericano por la Agencia Española de Cooperación Internacional para el Desarrollo."
2020-12-16,327,1,BOE-A-2020-16253,MINISTERIO DE EDUCACIÓN Y FORMACIÓN PROFESIONAL,estatal,Real Decreto,115180,115190,"Real Decreto 1104/2020, de 15 de diciembre, por el que se regula la concesión directa de subvenciones a interlocutores sociales para la digitalización del sector productivo."
2020-12-16,327,1,BOE-A-2020-16254,"MINISTERIO DE LA PRESIDENCIA, RELACIONES CON LAS CORTES Y MEMORIA DEMOCRÁTICA",estatal,Real Decreto,115191,115194,"Real Decreto 1105/2020, de 15 de diciembre, por el que se constituye la Comisión de coordinación en materia de investigación."
2020-12-16,327,1,BOE-A-2020-16255,MINISTERIO DE CULTURA Y DEPORTE,estatal,Real Decreto,115195,115204,"Real Decreto 1108/2020, de 15 de diciembre, por el que se regula la concesión directa de subvenciones por el Ministerio de Cultura y Deporte y el Instituto Nacional de las Artes Escénicas y de la Música a diversas fundaciones de carácter cultural."
2020-12-16,327,1,BOE-A-2020-16256,MINISTERIO DE CULTURA Y DEPORTE,estatal,Real Decreto,115205,115212,"Real Decreto 1109/2020, de 15 de diciembre, por el que se regula la concesión directa de subvenciones al Comité Olímpico Español, al Comité Paralímpico Español y a la Fundación Deporte Joven para la realización de actuaciones de interés público durante el ejercicio 2020."
2020-12-16,327,1,BOE-A-2020-16257,MINISTERIO DE ASUNTOS ECONÓMICOS Y TRANSFORMACIÓN DIGITAL,estatal,Real Decreto,115213,115219,"Real Decreto 1111/2020, de 15 de diciembre, por el que se regula la concesión directa de una subvención a la Fundación Barcelona Mobile World Capital Foundation."
2020-12-16,327,1,BOE-A-2020-16258,MINISTERIO DE CIENCIA E INNOVACIÓN,estatal,Real Decreto,115220,115230,"Real Decreto 1113/2020, de 15 de diciembre, por el que se aprueban los Estatutos de la Real Academia de Ciencias Exactas, Físicas y Naturales de España."
2020-12-16,327,1,BOE-A-2020-16259,"MINISTERIO DE INCLUSIÓN, SEGURIDAD SOCIAL Y MIGRACIONES",estatal,Real Decreto,115231,115252,"Real Decreto 1114/2020, de 15 de diciembre, por el que se regula la concesión directa de subvenciones a determinadas entidades para la financiación del Sistema Nacional de Acogida e Integración de Personas Solicitantes y Beneficiarias de Protección Internacional."
2020-12-16,327,1,BOE-A-2020-16260,COMISIÓN NACIONAL DE LOS MERCADOS Y LA COMPETENCIA,estatal,Instrucción o circular,115253,115301,"Circular 8/2020, de 2 de diciembre, de la Comisión Nacional de los Mercados y la Competencia, por la que se establecen los valores unitarios de referencia de inversión y de operación y mantenimiento para el periodo regulatorio 2021-2026 y los requisitos mínimos para las auditorías sobre inversiones y costes en instalaciones de transporte de gas natural y plantas de gas natural licuado."
2020-12-17,328,1,BOE-A-2020-16345,JEFATURA DEL ESTADO,estatal,Ley Orgánica,115646,115649,"Ley Orgánica 2/2020, de 16 de diciembre, de modificación del Código Penal para la erradicación de la esterilización forzada o no consentida de personas con discapacidad incapacitadas judicialmente."
2020-12-17,328,1,BOE-A-2020-16346,JEFATURA DEL ESTADO,estatal,Ley,115650,115661,"Ley 8/2020, de 16 de diciembre, por la que se adoptan determinadas medidas urgentes en materia de agricultura y alimentación."
2020-12-17,328,1,BOE-A-2020-16347,JEFATURA DEL ESTADO,estatal,Ley,115662,115702,"Ley 9/2020, de 16 de diciembre, por la que se modifica la Ley 1/2005, de 9 de marzo, por la que se regula el régimen del comercio de derechos de emisión de gases de efecto invernadero, para intensificar las reducciones de emisiones de forma eficaz en relación con los costes."
2020-12-17,328,1,BOE-A-2020-16348,"MINISTERIO DE ASUNTOS EXTERIORES, UNIÓN EUROPEA Y COOPERACIÓN",estatal,Tratado o acuerdo internacional,115703,115704,"Acuerdo Especial Multilateral RID 8.2020 en virtud de la sección 1.5.1 del RID, relativo a la inspección periódica y ensayo de recipientes a presión para el transporte de gases de la Clase 2, hecho en Madrid el 1 de diciembre de 2020."
2020-12-17,328,1,BOE-A-2020-16349,MINISTERIO DEL INTERIOR,estatal,Resolución,115705,115734,"Resolución de 16 de diciembre de 2020, de la Subsecretaría, por la que se publica el Acuerdo del Consejo de Ministros de 15 de diciembre de 2020, por el que se aprueba el Plan Estatal General de Emergencias de Protección Civil."
2020-12-17,328,1,BOE-A-2020-16350,"MINISTERIO DE LA PRESIDENCIA, RELACIONES CON LAS CORTES Y MEMORIA DEMOCRÁTICA",estatal,Real Decreto,115735,115770,"Real Decreto 1106/2020, de 15 de diciembre, por el que se regula el Estatuto de los consumidores electrointensivos."
2020-12-17,328,1,BOE-A-2020-16351,"MINISTERIO DE LA PRESIDENCIA, RELACIONES CON LAS CORTES Y MEMORIA DEMOCRÁTICA",estatal,Real Decreto,115771,115776,"Real Decreto 1107/2020, de 15 de diciembre, por el que se regula la concesión directa de una subvención al Ayuntamiento de Sevilla para la financiación de las actuaciones necesarias para la exhumación de restos de personas desaparecidas víctimas de la Guerra Civil española y la Dictadura franquista, en la fosa de Pico Reja en el cementerio de San Fernando, de Sevilla."
2020-12-17,328,1,BOE-A-2020-16352,MINISTERIO DE POLÍTICA TERRITORIAL Y FUNCIÓN PÚBLICA,estatal,Real Decreto,115777,115779,"Real Decreto 1055/2020, de 1 de diciembre, por el que se crea la Magistratura de enlace ante las correspondientes autoridades competentes del Reino de Bélgica, con acreditación en el Reino de los Países Bajos y el Gran Ducado de Luxemburgo y se suprime la Magistratura de enlace ante las correspondientes autoridades competentes de la República Italiana."
2020-12-17,328,1,BOE-A-2020-16353,MINISTERIO DE DERECHOS SOCIALES Y AGENDA 2030,estatal,Real Decreto,115780,115786,"Real Decreto 1112/2020, de 15 de diciembre, por el que se regula la concesión directa de una subvención para la financiación del Plan Integral de Jinámar en el año 2020."
2020-12-18,329,1,BOE-A-2020-16415,"MINISTERIO DE ASUNTOS EXTERIORES, UNIÓN EUROPEA Y COOPERACIÓN",estatal,Tratado o acuerdo internacional,116044,116045,"Acuerdo Multilateral M331 en virtud de la sección 1.5.1 del ADR, relativo a la inspección periódica y ensayo de recipientes a presión para el transporte de gases de la Clase 2, hecho en Madrid el 2 de diciembre de 2020."
2020-12-18,329,1,BOE-A-2020-16416,"MINISTERIO DE ASUNTOS EXTERIORES, UNIÓN EUROPEA Y COOPERACIÓN",estatal,Tratado o acuerdo internacional,116046,116078,"Acuerdo suscrito entre el Ministerio del Interior del Reino de España y la Organización Internacional para las Migraciones (OIM), relativo a la realización de proyectos en las áreas temáticas de retorno voluntario asistido y reintegración y gestión fronteriza integrada, hecho en Madrid el 2 de diciembre de 2020."
2020-12-18,329,1,BOE-A-2020-16417,"MINISTERIO DE ASUNTOS EXTERIORES, UNIÓN EUROPEA Y COOPERACIÓN",estatal,Corrección,116079,116079,"Corrección de errores de la Resolución de 22 de octubre de 2020 de la Secretaría General Técnica en virtud del artículo 24.2 de la Ley 25/2014, de 27 de noviembre, de Tratados y otros Acuerdos Internacionales."
2020-12-18,329,1,BOE-A-2020-16418,MINISTERIO DE HACIENDA,estatal,Orden,116080,116082,"Orden HAC/1198/2020, de 17 de diciembre, por la que se publica el Acuerdo de la Comisión Delegada del Gobierno para Asuntos Económicos de 11 de diciembre de 2020, por el que se deja sin efecto el Acuerdo de 20 de noviembre de 2015, sobre medidas para garantizar en la Comunidad Autónoma de Cataluña la prestación de los servicios públicos en defensa del interés general."
2020-12-18,329,1,BOE-A-2020-16419,COMUNIDAD AUTÓNOMA DEL PRINCIPADO DE ASTURIAS,autonómico,Ley,116083,116084,"Ley 1/2020, de 25 de noviembre, de autorización de endeudamiento como consecuencia de las necesidades de financiación generadas por el déficit público del ejercicio 2019."
2020-12-18,329,1,BOE-A-2020-16420,COMUNIDAD AUTÓNOMA DE CANARIAS,autonómico,Ley,116085,116100,"Ley 4/2020, de 26 de noviembre, de medidas extraordinarias de carácter económico, financieras, fiscal y administrativas para afrontar la crisis provocada por el COVID-19."
2020-12-18,329,1,BOE-A-2020-16421,COMUNIDAD AUTÓNOMA DE EXTREMADURA,autonómico,Ley,116101,116133,"Ley 5/2020, de 1 de diciembre, de Instituciones Museísticas de Extremadura."
2020-12-18,329,1,BOE-A-2020-16422,COMUNIDAD AUTÓNOMA DE EXTREMADURA,autonómico,Ley,116134,116157,"Ley 6/2020, de 1 de diciembre, de Artes Escénicas de Extremadura."
2020-12-18,329,1,BOE-A-2020-16423,COMUNIDAD DE CASTILLA Y LEÓN,autonómico,Ley,116158,116161,"Ley 2/2020, de 24 de noviembre, de modificación del texto refundido de las normas legales vigentes en materia de condiciones de acceso y disfrute de la prestación esencial de renta garantizada de ciudadanía de Castilla y León, aprobado por el Decreto Legislativo 1/2019, de 10 de enero."
2020-12-19,330,1,BOE-A-2020-16517,"MINISTERIO DE ASUNTOS EXTERIORES, UNIÓN EUROPEA Y COOPERACIÓN",estatal,Tratado o acuerdo internacional,116810,116811,"Adenda número 1 al Acuerdo Administrativo Estándar entre el Gobierno del Reino de España y la Oficina de los Fondos Fiduciarios de Asociados Múltiples (OFFAM) del Programa de las Naciones Unidas para el Desarrollo (PNUD), hecho en Nueva York, el 4 de diciembre de 2020."
2020-12-19,330,1,BOE-A-2020-16518,MINISTERIO DE HACIENDA,estatal,Resolución,116812,116813,"Resolución de 16 de diciembre de 2020, de la Intervención General de la Administración del Estado, por la que se publica el Acuerdo del Consejo de Ministros de 9 de diciembre de 2020, por el que se amplía el plazo de aplicación del régimen transitorio de aplicación del control financiero permanente, como única modalidad de control, para el reconocimiento del derecho y de la obligación de los expedientes de la prestación no contributiva del ingreso mínimo vital."
2020-12-19,330,1,BOE-A-2020-16519,MINISTERIO DE HACIENDA,estatal,Resolución,116814,116815,"Resolución de 18 de diciembre de 2020, de la Presidencia del Comisionado para el Mercado de Tabacos, por la que se publican los precios de venta al público de determinadas labores de tabaco en Expendedurías de Tabaco y Timbre del área de Península y Baleares."
2020-12-19,330,1,BOE-A-2020-16520,MINISTERIO DE TRABAJO Y ECONOMÍA SOCIAL,estatal,Corrección,116816,116816,"Corrección de errores del Real Decreto 901/2020, de 13 de octubre, por el que se regulan los planes de igualdad y su registro y se modifica el Real Decreto 713/2010, de 28 de mayo, sobre registro y depósito de convenios y acuerdos colectivos de trabajo."
2020-12-19,330,1,BOE-A-2020-16521,MINISTERIO DE POLÍTICA TERRITORIAL Y FUNCIÓN PÚBLICA,estatal,Corrección,116817,116817,"Corrección de errores del Real Decreto 936/2020, de 27 de octubre, por el que se aprueba la oferta de empleo público para el año 2020."
2020-12-19,330,1,BOE-A-2020-16522,MINISTERIO DE CULTURA Y DEPORTE,estatal,Corrección,116818,116818,"Corrección de errores del Real Decreto 1090/2020, de 9 de diciembre, por el que se modifica el Real Decreto 1084/2015, de 4 de diciembre, por el que se desarrolla la Ley 55/2007, de 28 de diciembre, del Cine."
2020-12-19,330,1,BOE-A-2020-16523,"MINISTERIO DE INCLUSIÓN, SEGURIDAD SOCIAL Y MIGRACIONES",estatal,Resolución,116819,116820,"Resolución de 9 de diciembre de 2020, de la Tesorería General de la Seguridad Social, por la que se autoriza a diferir el pago de las cuotas resultantes de la regularización definitiva de la cotización de los profesionales taurinos correspondientes al año 2019."
2020-12-21,331,1,BOE-A-2020-16561,"MINISTERIO DE AGRICULTURA, PESCA Y ALIMENTACIÓN",estatal,Orden,117005,117009,"Orden APA/1206/2020, de 14 de diciembre, por la que se regula el Sistema Archivístico del Ministerio de Agricultura, Pesca y Alimentación."
2020-12-21,331,1,BOE-A-2020-16562,MINISTERIO DE UNIVERSIDADES,estatal,Resolución,117010,117013,"Resolución de 15 de diciembre de 2020, de la Agencia Nacional de Evaluación de la Calidad y Acreditación, por la que se crea la sede electrónica del organismo."
2020-12-22,332,1,BOE-A-2020-16670,TRIBUNAL CONSTITUCIONAL,estatal,Resolución judicial,117501,117501,"Cuestión de inconstitucionalidad n.º 4701-2020, en relación con el inciso primero del artículo 92.7 del Código Civil."
2020-12-22,332,1,BOE-A-2020-16671,TRIBUNAL CONSTITUCIONAL,estatal,Resolución judicial,117502,117502,"Cuestión de inconstitucionalidad n.º 5246-2020, en relación con el artículo 137 de la Ley Orgánica 5/1985, de 19 de junio, del Régimen Electoral General, por posible vulneración de los arts. 23.2 y 25.1 de la CE."
2020-12-22,332,1,BOE-A-2020-16672,TRIBUNAL CONSTITUCIONAL,estatal,Resolución judicial,117503,117503,"Conflicto positivo de competencia número 6201-2020, contra los apartados segundo, tercero, cuarto, octavo. 4, noveno y anexo del Decreto 87/2020, de 9 de diciembre, del Presidente de la Comunidad Autónoma de Canarias, por el que se establece el cierre perimetral de la Comunidad Autónoma de Canarias, en aplicación del Real Decreto 926/2020, de 25 de octubre, por el que se declara el estado de alarma, para contener la propagación de infecciones causadas por el SARS-COV-2."
2020-12-22,332,1,BOE-A-2020-16673,"MINISTERIO DE ASUNTOS EXTERIORES, UNIÓN EUROPEA Y COOPERACIÓN",estatal,Tratado o acuerdo internacional,117504,117504,"Acuerdo Multilateral M332 en virtud de la sección 1.5.1 del ADR, en relación con lo establecido para los materiales radiactivos de baja actividad específica BAE-III en el párrafo 2.2.7.2.3.1.4 del ADR, hecho en Madrid el 11 de diciembre de 2020."
2020-12-22,332,1,BOE-A-2020-16674,MINISTERIO DE HACIENDA,estatal,Resolución,117505,117507,"Resolución de 15 de diciembre de 2020, del Departamento de Gestión Tributaria de la Agencia Estatal de Administración Tributaria, por la que se habilitan trámites y actuaciones a través del canal telefónico, mediante determinados sistemas de identificación."
2020-12-22,332,1,BOE-A-2020-16675,"MINISTERIO DE INCLUSIÓN, SEGURIDAD SOCIAL Y MIGRACIONES",estatal,Resolución,117508,117510,"Resolución de 15 de diciembre de 2020, de la Tesorería General de la Seguridad Social, por la que se modifica el ámbito territorial de determinadas Unidades de Recaudación Ejecutiva de la Seguridad Social."
2020-12-22,332,1,BOE-A-2020-16676,COMUNIDAD AUTÓNOMA DE CATALUÑA,autonómico,Decreto,117511,117512,"Decreto 147/2020, de 21 de diciembre, de disolución automática del Parlamento de Cataluña y de convocatoria de elecciones."
2020-12-22,333,1,BOE-A-2020-16821,MINISTERIO DEL INTERIOR,estatal,Orden,118671,118672,"Orden INT/1236/2020, de 22 de diciembre, por la que se establecen criterios para la restricción temporal del acceso por vía terrestre al espacio Schengen a través del puesto de control de personas con el territorio de Gibraltar por razones de salud pública con motivo de la crisis sanitaria ocasionada por el COVID-19."
2020-12-22,333,1,BOE-A-2020-16822,"MINISTERIO DE LA PRESIDENCIA, RELACIONES CON LAS CORTES Y MEMORIA DEMOCRÁTICA",estatal,Orden,118673,118677,"Orden PCM/1237/2020, de 22 de diciembre, por la que se publica el Acuerdo del Consejo de Ministros de 22 de diciembre de 2020, por el que se establecen medidas excepcionales para limitar la propagación y el contagio por el COVID-19, mediante la limitación de los vuelos directos y buques de pasaje entre Reino Unido y los aeropuertos y puertos españoles."
2020-12-23,334,1,BOE-A-2020-16823,JEFATURA DEL ESTADO,estatal,Real Decreto-ley,118678,118707,"Real Decreto-ley 35/2020, de 22 de diciembre, de medidas urgentes de apoyo al sector turístico, la hostelería y el comercio y en materia tributaria."
2020-12-23,334,1,BOE-A-2020-16824,JEFATURA DEL ESTADO,estatal,Real Decreto-ley,118708,118726,"Real Decreto-ley 37/2020, de 22 de diciembre, de medidas urgentes para hacer frente a las situaciones de vulnerabilidad social y económica en el ámbito de la vivienda y en materia de transportes."
2020-12-23,334,1,BOE-A-2020-16825,CORTES GENERALES,estatal,Resolución,118727,118727,"Resolución de 17 de diciembre de 2020, del Congreso de los Diputados, por la que se ordena la publicación del Acuerdo de convalidación del Real Decreto-ley 34/2020, de 17 de noviembre, de medidas urgentes de apoyo a la solvencia empresarial y al sector energético, y en materia tributaria."
2020-12-23,334,1,BOE-A-2020-16826,"MINISTERIO DE ASUNTOS EXTERIORES, UNIÓN EUROPEA Y COOPERACIÓN",estatal,Otras,118728,118755,"Textos enmendados aprobados en París el 15 de noviembre de 2020 del Anexo I, Listas de sustancias y métodos prohibidos, y del Anexo II, Estándar Internacional para autorizaciones de uso terapéutico, de la Convención Internacional contra el dopaje en el deporte, hecha en París el 18 de noviembre de 2005."
2020-12-23,334,1,BOE-A-2020-16827,MINISTERIO DE HACIENDA,estatal,Orden,118756,118760,"Orden HAC/1238/2020, de 17 de noviembre de 2020, por la que se crean y regulan la Junta y la Mesa de Contratación de los Servicios Centrales en el Ministerio de Hacienda."
2020-12-23,334,1,BOE-A-2020-16828,MINISTERIO DE HACIENDA,estatal,Orden,118761,118762,"Orden HAC/1239/2020, de 21 de diciembre, por la que se publica el Acuerdo de la Comisión Delegada del Gobierno para Asuntos Económicos por el que se prorroga el plazo de vigencia de los Reales Decretos de delimitación de las Zonas de Promoción Económica de la Comunidad Autónoma de Galicia, Andalucía, Principado de Asturias, Comunidad Autónoma de Cantabria, Comunidad Autónoma de la Región de Murcia, Comunitat Valenciana, Aragón, Comunidad Autónoma de Castilla-La Mancha, Canarias, Comunidad Autónoma de Extremadura, Comunidad de Castilla y León, Comunidad Autónoma de La Rioja, Comunidad Autónoma de las Illes Balears, Ciudad de Ceuta y Ciudad de Melilla, a los efectos de solicitar las ayudas de incentivos regionales."
2020-12-23,334,1,BOE-A-2020-16829,MINISTERIO DE HACIENDA,estatal,Resolución,118763,118770,"Resolución de 15 de diciembre de 2020, del Departamento de Aduanas e Impuestos Especiales de la Agencia Estatal de Administración Tributaria, por la que se modifica la de 22 de mayo de 2018, para la elaboración de las estadísticas de intercambios de bienes entre Estados miembros (Sistema Intrastat)."
2020-12-23,334,1,BOE-A-2020-16830,"MINISTERIO DE TRANSPORTES, MOVILIDAD Y AGENDA URBANA",estatal,Orden,118771,118772,"Orden TMA/1240/2020, de 8 de diciembre, por la que se modifica la denominación de la Estación de Ferrocarril de Madrid-Chamartín y se modifica la Orden FOM/710/2015, de 30 de enero, por la que se aprueba el Catálogo de líneas y tramos de la Red Ferroviaria de Interés General."
2020-12-23,334,1,BOE-A-2020-16831,"MINISTERIO DE TRANSPORTES, MOVILIDAD Y AGENDA URBANA",estatal,Resolución,118773,118814,"Resolución de 17 de diciembre de 2020, de la Dirección de la Agencia Estatal de Seguridad Aérea, por la que se actualizan las Directrices operativas para la gestión de pasajeros aéreos y personal de aviación con relación a la pandemia COVID-19."
2020-12-23,334,1,BOE-A-2020-16832,"MINISTERIO DE INDUSTRIA, COMERCIO Y TURISMO",estatal,Real Decreto,118815,118817,"Real Decreto 1153/2020, de 22 de diciembre, por el que se modifica el Real Decreto 874/2017, de 29 de septiembre, por el que se regula el apoyo oficial en forma de subvención al tipo de interés de los créditos para la construcción de buques."
2020-12-23,334,1,BOE-A-2020-16833,"MINISTERIO DE LA PRESIDENCIA, RELACIONES CON LAS CORTES Y MEMORIA DEMOCRÁTICA",estatal,Real Decreto,118818,118822,"Real Decreto 1154/2020, de 22 de diciembre, por el que se modifica el Real Decreto 665/1997, de 12 de mayo, sobre la protección de los trabajadores contra los riesgos relacionados con la exposición a agentes cancerígenos durante el trabajo."
2020-12-23,334,1,BOE-A-2020-16834,"MINISTERIO DE LA PRESIDENCIA, RELACIONES CON LAS CORTES Y MEMORIA DEMOCRÁTICA",estatal,Real Decreto,118823,118831,"Real Decreto 1155/2020, de 22 de diciembre, por el que se determina la aplicación de los criterios y normas de garantía y uso racional de los medicamentos y productos sanitarios a los servicios sanitarios de las Fuerzas Armadas."
2020-12-23,334,1,BOE-A-2020-16837,MINISTERIO PARA LA TRANSICIÓN ECOLÓGICA Y EL RETO DEMOGRÁFICO,estatal,Real Decreto,118841,118848,"Real Decreto 1158/2020, de 22 de diciembre, por el que se regula la concesión directa de subvenciones para el desarrollo de planes piloto de fomento de la adaptación del riesgo de inundación de las edificaciones, equipamientos e instalaciones o explotaciones existentes en los términos municipales de Los Alcázares, San Javier, Torre-Pacheco, Cartagena y San Pedro del Pinatar (Murcia)."
2020-12-23,334,1,BOE-A-2020-16838,MINISTERIO PARA LA TRANSICIÓN ECOLÓGICA Y EL RETO DEMOGRÁFICO,estatal,Real Decreto,118849,118854,"Real Decreto 1159/2020, de 22 de diciembre, por el que se regula la concesión directa de una subvención a la Agencia del Agua de Castilla-La Mancha, O.A., para la ejecución de diversas obras y actuaciones de mejora del entorno socioeconómico de los núcleos colindantes con los embalses de Entrepeñas y Buendía."
2020-12-23,334,1,BOE-A-2020-16839,MINISTERIO PARA LA TRANSICIÓN ECOLÓGICA Y EL RETO DEMOGRÁFICO,estatal,Real Decreto,118855,118861,"Real Decreto 1160/2020, de 22 de diciembre, por el que se regula la concesión directa de una subvención a la Comunidad Autónoma de Canarias para la financiación del funcionamiento de plantas potabilizadoras de agua situadas en su territorio."
2020-12-23,334,1,BOE-A-2020-16840,MINISTERIO PARA LA TRANSICIÓN ECOLÓGICA Y EL RETO DEMOGRÁFICO,estatal,Real Decreto,118862,118866,"Real Decreto 1161/2020, de 22 de diciembre, por el que se regula la concesión directa de una subvención a la Comunidad Autónoma de Canarias para abaratar a los agricultores el sobrecoste de la desalación y de la extracción de agua de pozos y de galerías para el riego agrícola en Canarias."
2020-12-23,334,1,BOE-A-2020-16841,MINISTERIO PARA LA TRANSICIÓN ECOLÓGICA Y EL RETO DEMOGRÁFICO,estatal,Orden,118867,118869,"Orden TED/1241/2020, de 21 de diciembre, por la que se aprueban las cuotas de la Corporación de Reservas Estratégicas de Productos Petrolíferos correspondientes al ejercicio 2021."
2020-12-23,334,1,BOE-A-2020-16835,MINISTERIO DE POLÍTICA TERRITORIAL Y FUNCIÓN PÚBLICA,estatal,Real Decreto,118832,118836,"Real Decreto 1156/2020, de 22 de diciembre, de ampliación de los medios traspasados a la Generalitat de Cataluña por el Real Decreto 966/1990, de 20 de julio, en materia de provisión de medios materiales y económicos para el funcionamiento de la Administración de Justicia."
2020-12-23,334,1,BOE-A-2020-16836,MINISTERIO DE POLÍTICA TERRITORIAL Y FUNCIÓN PÚBLICA,estatal,Real Decreto,118837,118840,"Real Decreto 1157/2020, de 22 de diciembre, por el que se declara la liquidación y extinción del Fondo Estatal de Inversión Local, F.C.P.J."
2020-12-23,334,1,BOE-A-2020-16842,MINISTERIO DE CULTURA Y DEPORTE,estatal,Real Decreto,118870,118873,"Real Decreto 1162/2020, de 22 de diciembre, por el que se establecen condiciones especiales de aplicación del régimen de compensación de avales regulado en la disposición adicional tercera del Real Decreto 1251/1999, de 16 de julio, sobre sociedades anónimas deportivas, para hacer frente al impacto de la COVID-19."
2020-12-23,334,1,BOE-A-2020-16843,MINISTERIO DE DERECHOS SOCIALES Y AGENDA 2030,estatal,Real Decreto,118874,118879,"Real Decreto 1163/2020, de 22 de diciembre, por el que se regula la concesión directa de una subvención a la Comunidad Autónoma de Canarias para financiar prestaciones básicas de servicios sociales a desarrollar por las entidades locales."
2020-12-24,335,1,BOE-A-2020-16902,"MINISTERIO DE ASUNTOS EXTERIORES, UNIÓN EUROPEA Y COOPERACIÓN",estatal,Tratado o acuerdo internacional,119217,119218,"Enmiendas de 2017 al Código Internacional de Dispositivos de Salvamento (Código IDS), adoptadas en Londres el 15 de junio de 2017 mediante la Resolución MSC.425(98)."
2020-12-24,335,1,BOE-A-2020-16903,"MINISTERIO DE ASUNTOS EXTERIORES, UNIÓN EUROPEA Y COOPERACIÓN",estatal,Corrección,119219,119219,"Corrección de errores al Memorando de Entendimiento entre el Ministerio de Defensa del Reino de España y el Ministerio de Defensa de la República Portuguesa sobre la prestación de apoyo logístico mutuo, hecho en Madrid y Lisboa el 20 de junio y 1 de septiembre de 2020."
2020-12-24,335,1,BOE-A-2020-16904,MINISTERIO DE EDUCACIÓN Y FORMACIÓN PROFESIONAL,estatal,Real Decreto,119220,119336,"Real Decreto 1038/2020, de 24 de noviembre, por el que se establecen determinadas cualificaciones profesionales de la familia profesional Edificación y Obra Civil, que se incluyen en el Catálogo Nacional de Cualificaciones Profesionales, y se modifican determinados reales decretos de cualificaciones profesionales de varias familias profesionales."
2020-12-24,335,1,BOE-A-2020-16905,MINISTERIO DE EDUCACIÓN Y FORMACIÓN PROFESIONAL,estatal,Real Decreto,119337,119779,"Real Decreto 1039/2020, de 24 de noviembre, por el que se establecen determinadas cualificaciones profesionales de la familia profesional Electricidad y Electrónica, que se incluyen en el Catálogo Nacional de Cualificaciones Profesionales, y se modifican determinados reales decretos de cualificaciones profesionales de varias familias profesionales."
2020-12-24,335,1,BOE-A-2020-16906,MINISTERIO DE ASUNTOS ECONÓMICOS Y TRANSFORMACIÓN DIGITAL,estatal,Resolución,119780,119787,"Resolución de 22 de diciembre de 2020, de la Secretaría de Estado de Economía y Apoyo a la Empresa, por la que se publica el Acuerdo del Consejo de Ministros de 22 de diciembre de 2020, por el que se establecen los términos y condiciones del cuarto y quinto tramo de la línea de avales aprobada por el Real Decreto-ley 25/2020, de 3 de julio, con la finalidad principal de financiar inversiones de pymes y autónomos pertenecientes al sector turístico, hostelería y actividades conexas, y para reforzar los reavales concedidos por la Compañía Española de Reafianzamiento, S.M.E., Sociedad Anónima (CERSA)."
2020-12-25,336,1,BOE-A-2020-16965,"MINISTERIO DE ASUNTOS EXTERIORES, UNIÓN EUROPEA Y COOPERACIÓN",estatal,Tratado o acuerdo internacional,120318,120322,"Enmiendas de 2016 a los capítulos II-2 y III del Convenio Internacional para la seguridad de la vida humana en el mar, 1974, adoptadas en Londres el 19 de mayo de 2016 mediante la Resolución MSC.404(96)."
2020-12-25,336,1,BOE-A-2020-16966,"MINISTERIO DE ASUNTOS EXTERIORES, UNIÓN EUROPEA Y COOPERACIÓN",estatal,Otras,120323,120325,"Prórroga de la aplicación de las disposiciones del Acuerdo de Asociación entre los Estados de África, del Caribe y del Pacífico, por una parte, y la Comunidad Europea y sus Estados Miembros, por otra, hecho en Cotonú el 23 de junio de 2000 (Acuerdo de asociación ACP-UE). Decisión n.º 2/2020 del Comité de Embajadores ACP-UE de 4 de diciembre de 2020 por la que se modifica la Decisión n.º 3/2019 del Comité de Embajadores ACP/UE, con el fin de adoptar medidas transitorias de conformidad con el artículo 95, apartado 4, del Acuerdo de Asociación ACP-UE."
2020-12-25,336,1,BOE-A-2020-16967,"MINISTERIO DE AGRICULTURA, PESCA Y ALIMENTACIÓN",estatal,Orden,120326,120326,"Orden APA/1250/2020, de 18 de diciembre, por la que se fija para el año 2021 la renta de referencia."
2020-12-25,336,1,BOE-A-2020-16968,MINISTERIO DE ASUNTOS ECONÓMICOS Y TRANSFORMACIÓN DIGITAL,estatal,Resolución,120327,120328,"Resolución de 18 de diciembre de 2020, de la Dirección General de Seguros y Fondos de Pensiones, por la que se modifican las tablas utilizadas como referencia en la Orden ECC/2329/2014, de 12 de diciembre, por la que se regula el cálculo de la rentabilidad esperada de las operaciones de seguro de vida."
2020-12-25,336,1,BOE-A-2020-16969,COMUNIDAD AUTÓNOMA DE CATALUÑA,autonómico,Decreto-ley,120329,120339,"Decreto-ley 38/2020, de 3 de noviembre, por el cual se adoptan medidas en el ámbito cultural para paliar los efectos de la crisis generada por la pandemia de la COVID-19."
2020-12-25,336,1,BOE-A-2020-16970,COMUNIDAD AUTÓNOMA DE CATALUÑA,autonómico,Decreto-ley,120340,120342,"Decreto-ley 40/2020, de 10 de noviembre, por el que se autoriza la creación de 245 plazas del cuerpo de Mossos d'Esquadra."
2020-12-25,336,1,BOE-A-2020-16971,COMUNIDAD AUTÓNOMA DE CATALUÑA,autonómico,Decreto-ley,120343,120350,"Decreto-ley 41/2020, de 10 de noviembre, de medidas extraordinarias de carácter social en centros educativos y en el ámbito de la educación en el ocio y de las actividades extraescolares para hacer frente a las consecuencias de la COVID-19."
2020-12-25,336,1,BOE-A-2020-16972,COMUNIDAD AUTÓNOMA DE CATALUÑA,autonómico,Decreto-ley,120351,120355,"Decreto-ley 44/2020, de 17 de noviembre, por el que se crea el Censo de espacios de cultura responsables."
2020-12-25,336,1,BOE-A-2020-16973,COMUNIDAD AUTÓNOMA DE CATALUÑA,autonómico,Corrección,120356,120360,"Corrección de errores del Decreto-ley 39/2020, de 3 de noviembre, de medidas extraordinarias de carácter social para hacer frente a las consecuencias de la COVID-19."
2020-12-26,337,1,BOE-A-2020-17012,"MINISTERIO DE ASUNTOS EXTERIORES, UNIÓN EUROPEA Y COOPERACIÓN",estatal,Tratado o acuerdo internacional,120520,120633,Enmiendas de 2018 al Código marítimo internacional de mercancías peligrosas (Código IMDG) adoptadas en Londres el 24 de mayo de 2018 mediante la Resolución MSC.442(99).
2020-12-26,337,1,BOE-A-2020-17013,"MINISTERIO DE AGRICULTURA, PESCA Y ALIMENTACIÓN",estatal,Orden,120634,120644,"Orden APA/1251/2020, de 21 de diciembre, por la que se establecen medidas específicas de protección en relación con la lengua azul."
2020-12-26,337,1,BOE-A-2020-17014,"MINISTERIO DE LA PRESIDENCIA, RELACIONES CON LAS CORTES Y MEMORIA DEMOCRÁTICA",estatal,Resolución,120645,120647,"Resolución de 15 de diciembre de 2020, de la Subsecretaría, por la que se publica la Resolución de 2 de diciembre de 2020, de la Presidencia del Instituto Nacional de Estadística y de la Dirección General de Cooperación Autonómica y Local, por la que se modifica la de 17 de febrero de 2020, por la que se dictan instrucciones técnicas a los Ayuntamientos sobre gestión del Padrón municipal."
2020-12-26,337,1,BOE-A-2020-17015,MINISTERIO PARA LA TRANSICIÓN ECOLÓGICA Y EL RETO DEMOGRÁFICO,estatal,Orden,120648,120650,"Orden TED/1252/2020, de 21 de diciembre, por la que se autoriza un trasvase desde los embalses de Entrepeñas-Buendía, a través del acueducto Tajo-Segura, de 17 hm³ para el mes de diciembre de 2020."
2020-12-26,337,1,BOE-A-2020-17016,MINISTERIO DE SANIDAD,estatal,Resolución,120651,120733,"Resolución de 11 de diciembre de 2020, de la Dirección General de Salud Pública, por la que se modifican los Anexos I y II de la Orden del Ministerio de Sanidad y Consumo, de 20 de enero de 1994, por la que se fijan modalidades de control sanitario de productos de comercio exterior destinados a uso y consumo humano y los recintos aduaneros habilitados para su realización."
2020-12-26,337,1,BOE-A-2020-17017,COMUNIDAD AUTÓNOMA DE LAS ILLES BALEARS,autonómico,Decreto-ley,120734,120740,"Decreto-ley 13/2020, de 23 de noviembre, por el que se establecen medidas urgentes para paliar los efectos de la situación creada por la COVID-19 en el ámbito de los contratos de concesión de servicios de transporte público regular de personas por carretera de uso general."
2020-12-28,338,1,BOE-A-2020-17042,"MINISTERIO DE ASUNTOS EXTERIORES, UNIÓN EUROPEA Y COOPERACIÓN",estatal,Tratado o acuerdo internacional,120893,120929,Acuerdo internacional administrativo sobre las condiciones de adscripción en comisión de servicio de un funcionario español al Consejo de Europa.
2020-12-28,338,1,BOE-A-2020-17043,"MINISTERIO DE TRANSPORTES, MOVILIDAD Y AGENDA URBANA",estatal,Orden,120930,120932,"Orden TMA/1254/2020, de 8 de diciembre, por la que se modifica la Orden FOM/2872/2010, de 5 de noviembre, por la que se determinan las condiciones para la obtención de los títulos habilitantes que permiten el ejercicio de las funciones del personal ferroviario relacionadas con la seguridad en la circulación, así como el régimen de los centros homologados de formación y de los de reconocimiento médico de dicho personal."
2020-12-29,339,1,BOE-A-2020-17206,MINISTERIO PARA LA TRANSICIÓN ECOLÓGICA Y EL RETO DEMOGRÁFICO,estatal,Orden,122410,122416,"Orden TED/1271/2020, de 22 de diciembre, por la que se establecen diversos costes regulados del sistema eléctrico para el ejercicio 2021 y se prorrogan los peajes de acceso de energía eléctrica a partir del 1 de enero de 2021."
2020-12-29,339,1,BOE-A-2020-17207,MINISTERIO PARA LA TRANSICIÓN ECOLÓGICA Y EL RETO DEMOGRÁFICO,estatal,Resolución,122417,122419,"Resolución de 21 de diciembre de 2020, de la Dirección General de Política Energética y Minas, por la que se publica la tarifa de último recurso de gas natural."
2020-12-30,340,1,BOE-A-2020-17264,JEFATURA DEL ESTADO,estatal,Ley Orgánica,122868,122953,"Ley Orgánica 3/2020, de 29 de diciembre, por la que se modifica la Ley Orgánica 2/2006, de 3 de mayo, de Educación."
2020-12-30,340,1,BOE-A-2020-17265,JEFATURA DEL ESTADO,estatal,Ley,122954,122959,"Ley 10/2020, de 29 de diciembre, por la que se modifica la Ley 58/2003, de 17 de diciembre, General Tributaria, en transposición de la Directiva (UE) 2018/822 del Consejo, de 25 de mayo de 2018, que modifica la Directiva 2011/16/UE por lo que se refiere al intercambio automático y obligatorio de información en el ámbito de la fiscalidad en relación con los mecanismos transfronterizos sujetos a comunicación de información."
2020-12-30,340,1,BOE-A-2020-17266,JEFATURA DEL ESTADO,estatal,Real Decreto-ley,122960,122985,"Real Decreto-ley 38/2020, de 29 de diciembre, por el que se adoptan medidas de adaptación a la situación de Estado tercero del Reino Unido de Gran Bretaña e Irlanda del Norte tras la finalización del periodo transitorio previsto en el Acuerdo sobre la retirada del Reino Unido de Gran Bretaña e Irlanda del Norte de la Unión Europea y de la Comunidad Europea de la Energía Atómica, de 31 de enero de 2020."
2020-12-30,340,1,BOE-A-2020-17267,JEFATURA DEL ESTADO,estatal,Real Decreto-ley,122986,122992,"Real Decreto-ley 39/2020, de 29 de diciembre, de medidas financieras de apoyo social y económico y de cumplimiento de la ejecución de sentencias."
2020-12-30,340,1,BOE-A-2020-17268,MINISTERIO DE HACIENDA,estatal,Real Decreto,122993,122998,"Real Decreto 1178/2020, de 29 de diciembre, por el que se modifica el Reglamento del Impuesto sobre Sociedades, aprobado por el Real Decreto 634/2015, de 10 de julio."
2020-12-30,340,1,BOE-A-2020-17269,MINISTERIO DE HACIENDA,estatal,Orden,122999,123029,"Orden HAC/1274/2020, de 28 de diciembre, por la que se modifica la Orden EHA/3434/2007, de 23 de noviembre, por la que se aprueban los modelos 322 de autoliquidación mensual, modelo individual, y 353 de autoliquidación mensual, modelo agregado, y el modelo 039 de Comunicación de datos, correspondientes al Régimen especial del Grupo de Entidades en el Impuesto sobre el Valor Añadido, la Orden EHA/3786/2008, de 29 de diciembre, por la que se aprueba el modelo 303 Impuesto sobre el Valor Añadido, Autoliquidación y la Orden EHA/769/2010, de 18 de marzo, por la que se aprueba el modelo 349 de declaración recapitulativa de operaciones intracomunitarias."
2020-12-30,340,1,BOE-A-2020-17270,MINISTERIO DE HACIENDA,estatal,Orden,123030,124693,"Orden HAC/1275/2020, de 28 de diciembre, por la que se aprueban los precios medios de venta aplicables en la gestión del Impuesto sobre Transmisiones Patrimoniales y Actos Jurídicos Documentados, Impuesto sobre Sucesiones y Donaciones e Impuesto Especial sobre Determinados Medios de Transporte."
2020-12-30,340,1,BOE-A-2020-17271,MINISTERIO DE HACIENDA,estatal,Orden,124694,124705,"Orden HAC/1276/2020, de 28 de diciembre, por la que se modifican determinadas declaraciones informativas, la Orden de 20 de noviembre de 2000, por la que se aprueban los modelos 115, en pesetas y en euros, de declaración-documento de ingreso, los modelos 180, en pesetas y en euros, del resumen anual de retenciones e ingresos a cuenta sobre determinadas rentas o rendimientos procedentes del arrendamiento o subarrendamiento de inmuebles urbanos, la Orden EHA/3895/2004, de 23 de noviembre, por la que se aprueba el modelo 198, de declaración anual de operaciones con activos financieros y otros valores mobiliarios, la Orden EHA/3021/2007, de 11 de octubre, por la que se aprueba el modelo 182 de declaración informativa de donativos, donaciones y aportaciones recibidas y disposiciones realizadas, la Orden EHA/3481/2008, de 1 de diciembre, por la que se aprueba el modelo 189 de declaración informativa anual acerca de valores, seguros y rentas, la Orden HAP/1608/2014, de 4 de septiembre, por la que se aprueba el modelo 187, de declaración informativa de acciones o participaciones representativas del capital o del patrimonio de las instituciones de inversión colectiva, y la Orden HAP/1695/2016, de 25 de octubre, por la que se aprueba el modelo 289, de declaración informativa anual de cuentas financieras en el ámbito de la asistencia mutua."
2020-12-30,340,1,BOE-A-2020-17272,MINISTERIO DE HACIENDA,estatal,Orden,124706,124711,"Orden HAC/1277/2020, de 28 de diciembre, por la que se aprueba el modelo 602 de Tasa por la gestión administrativa del juego. Autoliquidación, y se determinan la forma, plazos y los procedimientos de presentación."
2020-12-30,340,1,BOE-A-2020-17273,MINISTERIO DEL INTERIOR,estatal,Orden,124712,124713,"Orden INT/1278/2020, de 29 de diciembre, por la que se modifica la Orden INT/657/2020, de 17 de julio, por la que se modifican los criterios para la aplicación de una restricción temporal de viajes no imprescindibles desde terceros países a la Unión Europea y países asociados Schengen por razones de orden público y salud pública con motivo de la crisis sanitaria ocasionada por la COVID-19."
2020-12-30,340,1,BOE-A-2020-17274,MINISTERIO DE EDUCACIÓN Y FORMACIÓN PROFESIONAL,estatal,Real Decreto,124714,124875,"Real Decreto 1085/2020, de 9 de diciembre, por el que se establecen convalidaciones de módulos profesionales de los títulos de Formación Profesional del sistema educativo español y las medidas para su aplicación, y se modifica el Real Decreto 1147/2011, de 29 de julio, por el que se establece la ordenación general de la formación profesional del sistema educativo."
2020-12-30,340,1,BOE-A-2020-17275,"MINISTERIO DE INDUSTRIA, COMERCIO Y TURISMO",estatal,Real Decreto,124876,124884,"Real Decreto 1179/2020, de 29 de diciembre, por el que se establece el marco del reconocimiento oficial de las Cámaras de Comercio Españolas en el extranjero."
2020-12-30,340,1,BOE-A-2020-17276,"MINISTERIO DE LA PRESIDENCIA, RELACIONES CON LAS CORTES Y MEMORIA DEMOCRÁTICA",estatal,Real Decreto,124885,124887,"Real Decreto 1180/2020, de 29 de diciembre, por el que se modifica el Real Decreto 425/2016, de 11 de noviembre, por el que se establecen las bases reguladoras para la concesión de subvenciones de la Administración General del Estado al Seguro Agrario."
2020-12-30,340,1,BOE-A-2020-17277,"MINISTERIO DE LA PRESIDENCIA, RELACIONES CON LAS CORTES Y MEMORIA DEMOCRÁTICA",estatal,Real Decreto,124888,124892,"Real Decreto 1181/2020, de 29 de diciembre, por el que se modifica el Real Decreto 582/2017, de 12 de junio, por el que se crea y regula la Comisión Nacional para la conmemoración del V Centenario de la expedición de la primera vuelta al mundo de Fernando de Magallanes y Juan Sebastián Elcano."
2020-12-30,340,1,BOE-A-2020-17278,MINISTERIO PARA LA TRANSICIÓN ECOLÓGICA Y EL RETO DEMOGRÁFICO,estatal,Real Decreto,124893,124931,"Real Decreto 1183/2020, de 29 de diciembre, de acceso y conexión a las redes de transporte y distribución de energía eléctrica."
2020-12-30,340,1,BOE-A-2020-17279,MINISTERIO PARA LA TRANSICIÓN ECOLÓGICA Y EL RETO DEMOGRÁFICO,estatal,Real Decreto,124932,124964,"Real Decreto 1184/2020, de 29 de diciembre, por el que se establecen las metodologías de cálculo de los cargos del sistema gasista, de las retribuciones reguladas de los almacenamientos subterráneos básicos y de los cánones aplicados por su uso."
2020-12-30,340,1,BOE-A-2020-17280,MINISTERIO PARA LA TRANSICIÓN ECOLÓGICA Y EL RETO DEMOGRÁFICO,estatal,Real Decreto,124965,124971,"Real Decreto 1185/2020, de 29 de diciembre, por el que se modifica el Real Decreto 616/2017, de 16 de junio, por el que se regula la concesión directa de subvenciones a proyectos singulares de entidades locales que favorezcan el paso a una economía baja en carbono en el marco del Programa operativo FEDER de crecimiento sostenible 2014-2020."
2020-12-30,340,1,BOE-A-2020-17281,MINISTERIO PARA LA TRANSICIÓN ECOLÓGICA Y EL RETO DEMOGRÁFICO,estatal,Real Decreto,124972,124974,"Real Decreto 1186/2020, de 29 de diciembre, por el que se modifica el Real Decreto 263/2019, de 12 de abril, por el que se regula el Programa de ayudas para actuaciones de eficiencia energética en PYME y gran empresa del sector industrial."
2020-12-30,340,1,BOE-A-2020-17282,MINISTERIO PARA LA TRANSICIÓN ECOLÓGICA Y EL RETO DEMOGRÁFICO,estatal,Resolución,124975,125481,"Resolución de 18 de diciembre de 2020, de la Dirección General de Política Energética y Minas, por la que se aprueba el perfil de consumo y el método de cálculo a efectos de liquidación de energía, aplicables para aquellos consumidores tipo 4 y tipo 5 que no dispongan de registro horario de consumo, según el Real Decreto 1110/2007, de 24 de agosto, por el que se aprueba el Reglamento Unificado de Puntos de Medida del Sistema Eléctrico, para el año 2021."
2020-12-30,340,1,BOE-A-2020-17283,MINISTERIO DE ASUNTOS ECONÓMICOS Y TRANSFORMACIÓN DIGITAL,estatal,Real Decreto,125482,125665,"Real Decreto 1110/2020, de 15 de diciembre, por el que se aprueba el Plan Estadístico Nacional 2021-2024."
2020-12-30,340,1,BOE-A-2020-17284,"MINISTERIO DE INCLUSIÓN, SEGURIDAD SOCIAL Y MIGRACIONES",estatal,Resolución,125666,125667,"Resolución de 21 de diciembre de 2020, de la Tesorería General de la Seguridad Social, por la que se determina la finalización del ingreso diferido de la cotización a que se refiere el apartado 2 de la disposición transitoria segunda de la Orden TAS/1562/2005, de 25 de mayo, por la que se establecen normas para la aplicación y desarrollo del Reglamento general de recaudación de la Seguridad Social, aprobado por el Real Decreto 1415/2004, de 11 de junio."
2020-12-30,340,1,BOE-A-2020-17285,TRIBUNAL SUPREMO,estatal,Resolución judicial,125668,125668,"Auto de 24 de septiembre de 2020, de la Sala Tercera del Tribunal Supremo, que declara suspender cautelarmente el apartado segundo de la Orden SND/413/2020, de 15 de mayo."
2020-12-31,341,1,BOE-A-2020-17339,JEFATURA DEL ESTADO,estatal,Ley,125958,126732,"Ley 11/2020, de 30 de diciembre, de Presupuestos Generales del Estado para el año 2021."
2020-12-31,341,1,BOE-A-2020-17340,JEFATURA DEL ESTADO,estatal,Real Decreto-ley,126733,126793,"Real Decreto-ley 36/2020, de 30 de diciembre, por el que se aprueban medidas urgentes para la modernización de la Administración Pública y para la ejecución del Plan de Recuperación, Transformación y Resiliencia."
2020-12-31,341,1,BOE-A-2020-17341,PRESIDENCIA DEL GOBIERNO,estatal,Real Decreto,126794,126795,"Real Decreto 1177/2020, de 29 de diciembre, de modificación del Real Decreto 136/2020, de 27 de enero, por el que se reestructura la Presidencia del Gobierno."
2020-12-31,341,1,BOE-A-2020-17342,MINISTERIO DE HACIENDA,estatal,Orden,126796,126801,"Orden HAC/1285/2020, de 29 de diciembre, por la que se modifican la Orden HFP/1978/2016, de 28 de diciembre, por la que se aprueba el modelo 231 de Declaración de información país por país, la Orden HAP/2194/2013, de 22 de noviembre, por la que se regulan los procedimientos y las condiciones generales para la presentación de determinadas autoliquidaciones, declaraciones informativas, declaraciones censales, comunicaciones y solicitudes de devolución, de naturaleza tributaria y la Orden EHA/3127/2009, de 10 de noviembre, por la que se aprueba el modelo 190 para la Declaración del resumen anual de retenciones e ingresos a cuenta del Impuesto sobre la Renta de las Personas Físicas sobre rendimientos del trabajo y de actividades económicas, premios y determinadas ganancias patrimoniales e imputaciones de renta."
2020-12-31,341,1,BOE-A-2020-17343,"MINISTERIO DE TRANSPORTES, MOVILIDAD Y AGENDA URBANA",estatal,Resolución,126802,127776,"Resolución de 10 de diciembre de 2020, de la Dirección General de Aviación Civil, por la que se publican las Instrucciones Técnicas para el transporte seguro de mercancías peligrosas por vía aérea (Documento OACI 9284/AN/905), edición 2021-2022."
2020-12-31,341,1,BOE-A-2020-17344,"MINISTERIO DE TRANSPORTES, MOVILIDAD Y AGENDA URBANA",estatal,Resolución,127777,127778,"Resolución de 29 de diciembre de 2020, conjunta de las Subsecretarías de Transportes, Movilidad y Agenda Urbana y de Hacienda, por la que se modifica la de 12 de junio de 2001, conjunta de la Subsecretaría de Fomento y la Subsecretaría de Economía, sobre canje de signos de franqueo denominados en pesetas por otros denominados en euros."
2020-12-31,341,1,BOE-A-2020-17345,"MINISTERIO DE LA PRESIDENCIA, RELACIONES CON LAS CORTES Y MEMORIA DEMOCRÁTICA",estatal,Real Decreto,127779,127796,"Real Decreto 1182/2020, de 29 de diciembre, por el que se modifica el Real Decreto 139/2020, de 28 de enero, por el que se establece la estructura orgánica básica de los departamentos ministeriales, el Real Decreto 689/2020, de 21 de julio, por el que se desarrolla la estructura orgánica básica del Ministerio de Hacienda y se modifica el Real Decreto 139/2020, de 28 de enero, por el que se establece la estructura orgánica básica de los departamentos ministeriales y el Real Decreto 390/1998, de 13 de marzo, por el que se regulan las funciones y la estructura orgánica de las Delegaciones de Economía y Hacienda."
2020-12-31,341,1,BOE-A-2020-17346,MINISTERIO PARA LA TRANSICIÓN ECOLÓGICA Y EL RETO DEMOGRÁFICO,estatal,Orden,127797,127818,"Orden TED/1286/2020, de 29 de diciembre, por la que se establecen la retribución y cánones de acceso de los almacenamientos subterráneos básicos para el año 2021."
2020-12-31,341,1,BOE-A-2020-17347,MINISTERIO DE SANIDAD,estatal,Orden,127819,127820,"Orden SND/1287/2020, de 23 de diciembre, por la que se corrigen errores de la Orden SND/1121/2020, de 27 de noviembre, por la que se procede a la actualización en 2020 del sistema de precios de referencia de medicamentos en el Sistema Nacional de Salud."
2020-12-31,341,1,BOE-A-2020-17348,"MINISTERIO DE INCLUSIÓN, SEGURIDAD SOCIAL Y MIGRACIONES",estatal,Orden,127821,127829,"Orden ISM/1288/2020, de 18 de diciembre, por la que se crean y regulan la Junta de Contratación y la Mesa Única de Contratación."
2020-12-31,341,1,BOE-A-2020-17349,"MINISTERIO DE INCLUSIÓN, SEGURIDAD SOCIAL Y MIGRACIONES",estatal,Orden,127830,127888,"Orden ISM/1289/2020, de 28 de diciembre, por la que se regula la gestión colectiva de contrataciones en origen para 2021."
2020-12-31,341,1,BOE-A-2020-17350,COMUNIDAD AUTÓNOMA DE LAS ILLES BALEARS,autonómico,Decreto,127889,127890,"Decreto 37/2020, de 21 de diciembre, por el que se fija el calendario de días inhábiles para el año 2021 a efectos del cómputo administrativo."
