fecha,diario,seccion,id,departamento,ambito,tipo,pag_ini,pag_fin,titulo
2022-01-01,1,1,BOE-A-2022-1,"MINISTERIO DE ASUNTOS EXTERIORES, UNIÓN EUROPEA Y COOPERACIÓN",estatal,Tratado o acuerdo internacional,1,80,"Acuerdo entre el Ministerio de Inclusión, Seguridad Social y Migraciones del Reino de España y la Organización Internacional para las Migraciones (OIM), para la realización de proyectos en las áreas temáticas de reasentamiento, retorno voluntario asistido y reintegración, e inclusión, hecho en Madrid el 16 de diciembre de 2021."
2022-01-01,1,1,BOE-A-2022-2,MINISTERIO DE UNIVERSIDADES,estatal,Resolución,81,84,"Resolución de 23 de diciembre de 2021, de la Secretaría General de Universidades, por la que se publica el Acuerdo del Consejo de Ministros de 7 de diciembre de 2021, por el que se determina el nivel de correspondencia al nivel del Marco Español de Cualificaciones para la Educación Superior del Título Superior de Vidrio."
2022-01-01,1,1,BOE-A-2022-3,MINISTERIO DE UNIVERSIDADES,estatal,Resolución,85,88,"Resolución de 23 de diciembre de 2021, de la Secretaría General de Universidades, por la que se publica el Acuerdo del Consejo de Ministros de 7 de diciembre de 2021, por el que se determina el nivel de correspondencia al nivel del Marco Español de Cualificaciones para la Educación Superior del Título Superior de Arte Dramático en todas sus especialidades."
2022-01-01,1,1,BOE-A-2022-4,MINISTERIO DE UNIVERSIDADES,estatal,Resolución,89,92,"Resolución de 23 de diciembre de 2021, de la Secretaría General de Universidades, por la que se publica el Acuerdo del Consejo de Ministros de 7 de diciembre de 2021, por el que se determina el nivel de correspondencia al nivel del Marco Español de Cualificaciones para la Educación Superior del Título Superior de Cerámica."
2022-01-01,1,1,BOE-A-2022-5,MINISTERIO DE UNIVERSIDADES,estatal,Resolución,93,96,"Resolución de 23 de diciembre de 2021, de la Secretaría General de Universidades, por la que se publica el Acuerdo del Consejo de Ministros de 7 de diciembre de 2021, por el que se determina el nivel de correspondencia al nivel del Marco Español de Cualificaciones para la Educación Superior del Título de Conservación y Restauración de Bienes Culturales en todas sus especialidades."
2022-01-01,1,1,BOE-A-2022-6,MINISTERIO DE UNIVERSIDADES,estatal,Resolución,97,100,"Resolución de 23 de diciembre de 2021, de la Secretaría General de Universidades, por la que se publica el Acuerdo del Consejo de Ministros de 7 de diciembre de 2021, por el que se determina el nivel de correspondencia al nivel del Marco Español de Cualificaciones para la Educación Superior del Título Superior de Danza en todas sus especialidades."
2022-01-01,1,1,BOE-A-2022-7,MINISTERIO DE UNIVERSIDADES,estatal,Resolución,101,104,"Resolución de 23 de diciembre de 2021, de la Secretaría General de Universidades, por la que se publica el Acuerdo del Consejo de Ministros de 7 de diciembre de 2021, por el que se determina el nivel de correspondencia al nivel del Marco Español de Cualificaciones para la Educación Superior del Título de Diseño en todas sus especialidades."
2022-01-01,1,1,BOE-A-2022-8,MINISTERIO DE UNIVERSIDADES,estatal,Resolución,105,108,"Resolución de 23 de diciembre de 2021, de la Secretaría General de Universidades, por la que se publica el Acuerdo del Consejo de Ministros de 7 de diciembre de 2021, por el que se determina el nivel de correspondencia al nivel del Marco Español de Cualificaciones para la Educación Superior del Título Superior de Música en todas sus especialidades."
2022-01-03,2,1,BOE-A-2022-62,MINISTERIO DE SANIDAD,estatal,Orden,326,372,"Orden SND/1505/2021, de 21 de diciembre, por la que se actualizan los anexos I, II y III del Real Decreto 1207/2006, de 20 de octubre, por el que se regula la gestión del Fondo de cohesión sanitaria."
2022-01-04,3,1,BOE-A-2022-156,MINISTERIO PARA LA TRANSICIÓN ECOLÓGICA Y EL RETO DEMOGRÁFICO,estatal,Corrección,664,664,"Corrección de errores de la Resolución de 17 de diciembre de 2021, de la Secretaría de Estado de Energía, por la que se actualizan los valores αₜ y ß de las fórmulas de los apartados 1 y 2, respectivamente, del artículo 11 de la Orden ITC/2877/2008, de 9 de octubre, por la que se establece un mecanismo de fomento del uso de biocarburantes y otros combustibles renovables con fines de transporte."
2022-01-05,4,1,BOE-A-2022-229,COMUNIDAD AUTÓNOMA DE LA REGIÓN DE MURCIA,autonómico,Corrección,1071,1072,"Corrección de errores de la Ley 1/2021, de 23 de junio, de Presupuestos Generales de la Comunidad Autónoma de la Región de Murcia para el ejercicio 2021."
2022-01-05,4,1,BOE-A-2022-230,COMUNIDAD AUTÓNOMA DE LAS ILLES BALEARS,autonómico,Ley,1073,1101,"Ley 4/2021, de 17 de diciembre, de medidas extraordinarias y urgentes para ejecutar las actuaciones y los proyectos que deben financiarse con fondos europeos en el marco del Plan de Recuperación, Transformación y Resiliencia."
2022-01-05,4,1,BOE-A-2022-231,COMUNIDAD AUTÓNOMA DE LAS ILLES BALEARS,autonómico,Otras,1102,1102,"Corrección de error en la Ley 3/2021, de 10 de noviembre, para impulsar y agilizar la tramitación de ayudas y otras actuaciones en materia de vivienda."
2022-01-06,5,1,BOE-A-2022-262,MINISTERIO DE ASUNTOS ECONÓMICOS Y TRANSFORMACIÓN DIGITAL,estatal,Resolución,1214,1216,"Resolución de 4 de enero de 2022, de la Secretaría General del Tesoro y Financiación Internacional, por la que se actualiza el Anexo 1 incluido en la Resolución de 4 de julio de 2017, de la Secretaría General del Tesoro y Política Financiera, por la que se define el principio de prudencia financiera aplicable a las operaciones de endeudamiento y derivados de las comunidades autónomas y entidades locales."
2022-01-07,6,1,BOE-A-2022-287,MINISTERIO DEL INTERIOR,estatal,Orden,1317,1324,"Orden INT/1518/2021, de 28 de diciembre, por la que se determinan las escuelas facultadas para impartir la formación y especialización, y el órgano competente para expedir los permisos de conducción de vehículos policiales de la Dirección General de la Policía, la autorización para su conducción por personal ajeno a la Policía Nacional y la autorización especial para conducirlos cuando transporten mercancías peligrosas."
2022-01-07,6,1,BOE-A-2022-288,"MINISTERIO DE TRANSPORTES, MOVILIDAD Y AGENDA URBANA",estatal,Resolución,1325,1327,"Resolución de 30 de noviembre de 2021, de la Dirección de la Agencia Estatal de Seguridad Aérea, por la que se emite un método alternativo de cumplimiento de conformidad con lo establecido en el CAMO.a.305 c) del Reglamento (UE) n.º 1321/2014 de la Comisión, de 26 de noviembre, sobre el mantenimiento de la aeronavegabilidad de las aeronaves y productos aeronáuticos, componentes y equipos y sobre la aprobación de las organizaciones y personal que participan en dichas tareas, en lo que respecta a los requisitos que deben demostrar los responsables de seguridad."
2022-01-07,6,1,BOE-A-2022-289,COMUNIDAD AUTÓNOMA DE ARAGÓN,autonómico,Ley,1328,1358,"Ley 8/2021, de 9 de diciembre, de regulación del Impuesto Medioambiental sobre las Aguas Residuales."
2022-01-08,7,1,BOE-A-2022-318,MINISTERIO DE HACIENDA Y FUNCIÓN PÚBLICA,estatal,Resolución,1480,1506,"Resolución de 7 de enero de 2022, de la Presidencia del Comisionado para el Mercado de Tabacos, por la que se publican los precios de venta al público de determinadas labores de tabaco en Expendedurías de Tabaco y Timbre del área del Monopolio."
2022-01-10,8,1,BOE-A-2022-340,COMUNIDAD AUTÓNOMA DE LA RIOJA,autonómico,Ley,1655,1929,"Ley 6/2021, de 27 de diciembre, de Presupuestos Generales de la Comunidad Autónoma de La Rioja para el año 2022."
2022-01-10,8,1,BOE-A-2022-341,COMUNIDAD AUTÓNOMA DE LA RIOJA,autonómico,Ley,1930,1945,"Ley 7/2021, de 27 de diciembre, de medidas fiscales y administrativas para el año 2022."
2022-01-11,9,1,BOE-A-2022-403,TRIBUNAL SUPREMO,estatal,Resolución judicial,2355,2356,"Sentencia de 15 de noviembre de 2021, de la Sala Tercera, Sección Tercera, del Tribunal Supremo que estima el recurso contencioso-administrativo interpuesto por la mercantil Eléctrica Los Molinos, S.L.U., contra la Orden TED/866/2020, de 15 de septiembre, por la que se establecen las retribuciones de varias empresas de distribución de energía eléctrica correspondientes al segundo periodo del año 2013 y a los años 2014 y 2015 en ejecución de varias sentencias."
2022-01-13,11,1,BOE-A-2022-490,PRESIDENCIA DEL GOBIERNO,estatal,Real Decreto,3176,3179,"Real Decreto 40/2022, de 12 de enero, de modificación del Real Decreto 634/2021, de 26 de julio, por el que se reestructura la Presidencia del Gobierno."
2022-01-13,11,1,BOE-A-2022-491,PRESIDENCIA DEL GOBIERNO,estatal,Real Decreto,3180,3182,"Real Decreto 41/2022, de 12 de enero, por el que se crea el Comité Organizador de la Presidencia Española de la Unión Europea."
2022-01-14,12,1,BOE-A-2022-559,MINISTERIO DE HACIENDA Y FUNCIÓN PÚBLICA,estatal,Resolución,3418,3431,"Resolución de 10 de enero de 2022, de la Intervención General de la Administración del Estado, por la que se modifica la de 1 de julio de 2011, por la que se aprueba la adaptación del Plan General de Contabilidad Pública a las entidades que integran el sistema de la Seguridad Social."
2022-01-14,12,1,BOE-A-2022-560,MINISTERIO DE SANIDAD,estatal,Resolución,3432,3433,"Resolución de 13 de enero de 2022, de la Dirección General de Cartera Común de Servicios del Sistema Nacional de Salud y Farmacia, por la que se publica el Acuerdo de la Comisión Interministerial de Precios de los Medicamentos de 13 de enero de 2022, por el que se fijan los importes máximos de venta al público de los test de antígenos de SARS-CoV-2 de autodiagnóstico, en aplicación de lo previsto en el artículo 94.3 del texto refundido de la Ley de garantías y uso racional de los medicamentos y productos sanitarios, aprobado por Real Decreto Legislativo 1/2015, de 24 de julio."
2022-01-15,13,1,BOE-A-2022-617,MINISTERIO DE HACIENDA Y FUNCIÓN PÚBLICA,estatal,Resolución,3727,3730,"Resolución de 14 de enero de 2022, de la Presidencia del Comisionado para el Mercado de Tabacos, por la que se publican los precios de venta al público de determinadas labores de tabaco en Expendedurías de Tabaco y Timbre del área del Monopolio."
2022-01-15,13,1,BOE-A-2022-618,MINISTERIO DE UNIVERSIDADES,estatal,Resolución,3731,3733,"Resolución de 5 de enero de 2022, de la Secretaría General de Universidades, por la que se publica el Acuerdo del Consejo de Ministros de 28 de diciembre de 2021, por el que se establece el carácter oficial de determinados títulos de Grado y su inscripción en el Registro de Universidades, Centros y Títulos."
2022-01-15,13,1,BOE-A-2022-619,MINISTERIO DE UNIVERSIDADES,estatal,Resolución,3734,3739,"Resolución de 5 de enero de 2022, de la Secretaría General de Universidades, por la que se publica el Acuerdo del Consejo de Ministros de 28 de diciembre de 2021, por el que se establece el carácter oficial de determinados títulos de Máster y su inscripción en el Registro de Universidades, Centros y Títulos."
2022-01-15,13,1,BOE-A-2022-620,MINISTERIO DE UNIVERSIDADES,estatal,Resolución,3740,3741,"Resolución de 5 de enero de 2022, de la Secretaría General de Universidades, por la que se publica el Acuerdo del Consejo de Ministros de 28 de diciembre de 2021, por el que se establece el carácter oficial de determinados títulos de Doctor o Doctora y su inscripción en el Registro de Universidades, Centros y Títulos."
2022-01-17,14,1,BOE-A-2022-664,MINISTERIO PARA LA TRANSICIÓN ECOLÓGICA Y EL RETO DEMOGRÁFICO,estatal,Resolución,4101,4103,"Resolución de 12 de enero de 2022, de la Dirección General de Política Energética y Minas, por la que se publican los nuevos precios de venta, antes de impuestos, de los gases licuados del petróleo por canalización."
2022-01-17,14,1,BOE-A-2022-665,MINISTERIO PARA LA TRANSICIÓN ECOLÓGICA Y EL RETO DEMOGRÁFICO,estatal,Resolución,4104,4105,"Resolución de 12 de enero de 2022, de la Dirección General de Política Energética y Minas, por la que se publican los nuevos precios máximos de venta, antes de impuestos, de los gases licuados del petróleo envasados, en envases de carga igual o superior a 8 kg, e inferior a 20 kg, excluidos los envases de mezcla para usos de los gases licuados del petróleo como carburante."
2022-01-17,14,1,BOE-A-2022-666,COMISIÓN NACIONAL DEL MERCADO DE VALORES,estatal,Instrucción o circular,4106,4116,"Circular 1/2022, de 10 de enero, de la Comisión Nacional del Mercado de Valores, relativa a la publicidad sobre criptoactivos presentados como objeto de inversión."
2022-01-18,15,1,BOE-A-2022-754,"MINISTERIO DE ASUNTOS EXTERIORES, UNIÓN EUROPEA Y COOPERACIÓN",estatal,Otras,4560,4562,"Prórroga de la aplicación de las disposiciones del Acuerdo de Asociación entre los Estados de África, del Caribe y del Pacífico, por una parte, y la Comunidad Europea y sus Estados Miembros, por otra, hecho en Cotonú el 23 de junio de 2000 (Acuerdo de asociación ACP-UE). Decisión n.º 3/2021 del Comité de Embajadores ACP-UE de 26 de noviembre de 2021 por la que se modifica la Decisión n.º 3/2019 del Comité de Embajadores ACP/UE, de adopción de medidas transitorias de conformidad con el artículo 95, apartado 4, del Acuerdo de Asociación ACP-UE."
2022-01-18,15,1,BOE-A-2022-755,"MINISTERIO DE ASUNTOS EXTERIORES, UNIÓN EUROPEA Y COOPERACIÓN",estatal,Tratado o acuerdo internacional,4563,4569,"Acuerdo entre el Reino de España y el Reino de Bélgica para el intercambio y protección recíproca de información clasificada, hecho en Bruselas el 15 de octubre de 2015."
2022-01-18,15,1,BOE-A-2022-756,COMUNIDAD AUTÓNOMA DE ANDALUCÍA,autonómico,Ley,4570,4584,"Ley 8/2021, de 23 de diciembre, de financiación incondicionada para las entidades locales autónomas."
2022-01-18,15,1,BOE-A-2022-757,COMUNIDAD AUTÓNOMA DE ANDALUCÍA,autonómico,Ley,4585,4623,"Ley 9/2021, de 23 de diciembre, por la que se crean la Agencia Empresarial para la Transformación y el Desarrollo Económico (TRADE) y la Agencia para la Calidad Científica y Universitaria de Andalucía (ACCUA)."
2022-01-18,15,1,BOE-A-2022-758,COMUNIDAD AUTÓNOMA DE ANDALUCÍA,autonómico,Ley,4624,4739,"Ley 10/2021, de 28 de diciembre, de tasas y precios públicos de la Comunidad Autónoma de Andalucía."
2022-01-18,15,1,BOE-A-2022-759,COMUNIDAD AUTÓNOMA DE ANDALUCÍA,autonómico,Ley,4740,4759,"Ley 11/2021, de 28 de diciembre, por la que se regulan los perros de asistencia a personas con discapacidad en Andalucía."
2022-01-19,16,1,BOE-A-2022-800,JEFATURA DEL ESTADO,estatal,Real Decreto-ley,5091,5100,"Real Decreto-ley 1/2022, de 18 de enero, por el que se modifican la Ley 9/2012, de 14 de noviembre, de reestructuración y resolución de entidades de crédito; la Ley 11/2015, de 18 de junio, de recuperación y resolución de entidades de crédito y empresas de servicios de inversión; y el Real Decreto 1559/2012, de 15 de noviembre, por el que se establece el régimen jurídico de las sociedades de gestión de activos, en relación con el régimen jurídico de la Sociedad de Gestión de Activos procedentes de la Reestructuración Bancaria."
2022-01-19,16,1,BOE-A-2022-801,JEFATURA DEL ESTADO,estatal,Corrección,5101,5102,"Corrección de errores del Real Decreto-ley 32/2021, de 28 de diciembre, de medidas urgentes para la reforma laboral, la garantía de la estabilidad en el empleo y la transformación del mercado de trabajo."
2022-01-19,16,1,BOE-A-2022-802,"MINISTERIO DE TRANSPORTES, MOVILIDAD Y AGENDA URBANA",estatal,Real Decreto,5103,5164,"Real Decreto 42/2022, de 18 de enero, por el que se regula el Bono Alquiler Joven y el Plan Estatal para el acceso a la vivienda 2022-2025."
2022-01-19,16,1,BOE-A-2022-803,TRIBUNAL SUPREMO,estatal,Resolución judicial,5165,5165,"Sentencia de 23 de noviembre de 2021, de la Sala Tercera del Tribunal Supremo, que estima el recurso contencioso-administrativo interpuesto por la mercantil Nedgia, S.A., contra la Orden TED/1286/2020, de 29 de diciembre, por la que se establece la retribución y cánones de acceso de los almacenamientos subterráneos básicos para el año 2021."
2022-01-19,16,1,BOE-A-2022-804,COMUNIDAD AUTÓNOMA DE LA RIOJA,autonómico,Otras,5166,5166,"Corrección de error de la Ley 4/1994, de 24 de mayo, de Archivos y Patrimonio Documental de La Rioja."
2022-01-19,16,1,BOE-A-2022-805,COMUNIDAD AUTÓNOMA DE ARAGÓN,autonómico,Ley,5167,5272,"Ley 9/2021, de 30 de diciembre, de Presupuestos de la Comunidad Autónoma de Aragón para el ejercicio 2022."
2022-01-19,16,1,BOE-A-2022-806,COMUNIDAD FORAL DE NAVARRA,autonómico,Decreto,5273,5275,"Decreto Foral Legislativo 6/2021, de 15 de diciembre, de Armonización Tributaria, por el que se modifica la Ley Foral 19/1992, de 30 de diciembre, del Impuesto sobre el Valor Añadido."
2022-01-19,16,1,BOE-A-2022-807,COMUNIDAD AUTÓNOMA DE LAS ILLES BALEARS,autonómico,Ley,5276,5387,"Ley 5/2021, de 28 de diciembre, de Presupuestos Generales de la Comunidad Autónoma de las Illes Balears para el año 2022."
2022-01-20,17,1,BOE-A-2022-857,JEFATURA DEL ESTADO,estatal,Otras,5579,5588,"Instrumento de Aceptación de la Enmienda del texto y de los Anexos I, II, III, IV, VI y VIII del Protocolo de 1998 sobre contaminantes orgánicos persistentes, adoptada en Ginebra el 18 de diciembre de 2009."
2022-01-20,17,1,BOE-A-2022-858,"MINISTERIO DE ASUNTOS EXTERIORES, UNIÓN EUROPEA Y COOPERACIÓN",estatal,Resolución,5589,5644,"Resolución de 13 de enero de 2022, de la Secretaría General Técnica, sobre la aplicación del artículo 24.2 de la Ley 25/2014, de 27 de noviembre, de Tratados y otros Acuerdos Internacionales."
2022-01-20,17,1,BOE-A-2022-859,"MINISTERIO DE AGRICULTURA, PESCA Y ALIMENTACIÓN",estatal,Real Decreto,5645,5663,"Real Decreto 1154/2021, de 28 de diciembre, por el que se regula el reconocimiento de las organizaciones de productores y sus asociaciones de determinados sectores ganaderos y se establecen las condiciones para la negociación contractual por parte de estas organizaciones y sus asociaciones."
2022-01-20,17,1,BOE-A-2022-860,"MINISTERIO DE LA PRESIDENCIA, RELACIONES CON LAS CORTES Y MEMORIA DEMOCRÁTICA",estatal,Real Decreto,5664,5684,"Real Decreto 47/2022, de 18 de enero, sobre protección de las aguas contra la contaminación difusa producida por los nitratos procedentes de fuentes agrarias."
2022-01-20,17,1,BOE-A-2022-861,MINISTERIO DE ASUNTOS ECONÓMICOS Y TRANSFORMACIÓN DIGITAL,estatal,Orden,5685,5710,"Orden ETD/18/2022, de 18 de enero, por la que se dispone la creación de Deuda del Estado durante el año 2022 y enero de 2023 y se recogen las Cláusulas de Acción Colectiva normalizadas."
2022-01-20,17,1,BOE-A-2022-862,COMUNIDAD AUTÓNOMA DEL PRINCIPADO DE ASTURIAS,autonómico,Ley,5711,5714,"Ley 5/2021, de 23 de diciembre, de primera modificación de la Ley 4/2010, de 29 de junio, de Cooperativas."
2022-01-20,17,1,BOE-A-2022-863,COMUNIDAD AUTÓNOMA DEL PRINCIPADO DE ASTURIAS,autonómico,Ley,5715,5765,"Ley 6/2021, de 30 de diciembre, de Presupuestos Generales para 2022."
2022-01-20,17,1,BOE-A-2022-864,COMUNIDAD AUTÓNOMA DE LA REGIÓN DE MURCIA,autonómico,Ley,5766,5792,"Ley 6/2021, de 23 de diciembre, por la que se regula la intervención integral de la atención temprana en el ámbito de la Región de Murcia."
2022-01-21,18,1,BOE-A-2022-947,"MINISTERIO DE ASUNTOS EXTERIORES, UNIÓN EUROPEA Y COOPERACIÓN",estatal,Tratado o acuerdo internacional,6211,6222,"Convenio para el reconocimiento recíproco de Punzones de Prueba de Armas de Fuego Portátiles y Reglamento con Anejos I y II, hechos en Bruselas el 1 de julio de 1969. Decisiones adoptadas por la Comisión Internacional Permanente para la prueba de armas de fuego portátiles en su XXXV Sesión Plenaria el 22 de mayo de 2019 (Decisiones XXXV-1 a XXXV-9)."
2022-01-21,18,1,BOE-A-2022-948,"MINISTERIO DE ASUNTOS EXTERIORES, UNIÓN EUROPEA Y COOPERACIÓN",estatal,Tratado o acuerdo internacional,6223,6292,"Convenio para el reconocimiento recíproco de Punzones de Prueba de Armas de Fuego Portátiles y Reglamento con Anejos I y II, hechos en Bruselas el 1 de julio de 1969. Decisiones adoptadas por la Comisión Internacional Permanente para la prueba de armas de fuego portátiles en su XXXV Sesión Plenaria el 21 de abril de 2020 (Decisiones XXXV-10 a XXXV-19)."
2022-01-21,18,1,BOE-A-2022-949,"MINISTERIO DE ASUNTOS EXTERIORES, UNIÓN EUROPEA Y COOPERACIÓN",estatal,Tratado o acuerdo internacional,6293,6310,"Convenio para el reconocimiento recíproco de Punzones de Prueba de Armas de Fuego Portátiles y Reglamento con Anejos I y II, hechos en Bruselas el 1 de julio de 1969. Decisiones adoptadas por la Comisión Internacional Permanente para la prueba de armas de fuego portátiles en su XXXV Sesión Plenaria el 10 de noviembre de 2020 (Decisiones XXXV-20 a XXXV-35)."
2022-01-21,18,1,BOE-A-2022-950,TRIBUNAL DE CUENTAS,estatal,Resolución judicial,6311,6322,"Resolución de 19 de enero de 2022, de la Presidencia del Tribunal de Cuentas, por la que se publica el Acuerdo del Pleno de 17 de enero de 2022, sobre modificación de la Instrucción aprobada por el Pleno del Tribunal de Cuentas en su sesión de 30 de marzo de 2017, por la que se regula la presentación telemática de las cuentas anuales consolidadas de los partidos políticos y de las cuentas anuales de las fundaciones y demás entidades vinculadas o dependientes de ellos, y el formato de dichas cuentas, así como el cumplimiento de las obligaciones de información al Tribunal de Cuentas establecidas por la normativa en relación con las referidas contabilidades."
2022-01-21,18,1,BOE-A-2022-951,COMUNIDAD AUTÓNOMA DEL PAÍS VASCO,autonómico,Ley,6323,6416,"Ley 10/2021, de 9 de diciembre, de Administración Ambiental de Euskadi."
2022-01-21,18,1,BOE-A-2022-952,COMUNIDAD AUTÓNOMA DE CATALUÑA,autonómico,Ley,6417,6488,"Ley 1/2021, de 29 de diciembre, de presupuestos de la Generalidad de Cataluña para 2022."
2022-01-21,18,1,BOE-A-2022-953,COMUNIDAD AUTÓNOMA DE CATALUÑA,autonómico,Ley,6489,6622,"Ley 2/2021, de 29 de diciembre, de medidas fiscales, financieras, administrativas y del sector público."
2022-01-21,18,1,BOE-A-2022-954,COMUNIDAD AUTÓNOMA DE CATALUÑA,autonómico,Decreto-ley,6623,6628,"Decreto-ley 26/2021, de 30 de noviembre, de modificación del libro segundo del Código civil de Cataluña en relación con la violencia vicaria."
2022-01-22,19,1,BOE-A-2022-1015,"MINISTERIO DE ASUNTOS EXTERIORES, UNIÓN EUROPEA Y COOPERACIÓN",estatal,Tratado o acuerdo internacional,7068,7071,"Memorando de Entendimiento de 1 de enero de 2016 entre el Servicio Europeo de Acción Exterior y el Ministerio de Asuntos Exteriores y de Cooperación de España en relación con el espacio para oficinas y las instalaciones correspondientes para uso de la Embajada de España en la sede de la Delegación de la Unión Europea para el Pacífico, hecho en Suva el 1 de enero de 2016."
2022-01-22,19,1,BOE-A-2022-1016,"MINISTERIO DE ASUNTOS EXTERIORES, UNIÓN EUROPEA Y COOPERACIÓN",estatal,Tratado o acuerdo internacional,7072,7079,"Acuerdo de Participación. Encuestas de Indicadores Proporcionados directamente por los pacientes (Paris), Encuesta sobre resultados y experiencias de los pacientes con enfermedades crónicas, hecho en Madrid y París el 13 y 16 de diciembre de 2021."
2022-01-22,19,1,BOE-A-2022-1017,MINISTERIO DE HACIENDA Y FUNCIÓN PÚBLICA,estatal,Resolución,7080,7084,"Resolución de 21 de enero de 2022, de la Presidencia del Comisionado para el Mercado de Tabacos, por la que se publican los precios de venta al público de determinadas labores de tabaco en Expendedurías de Tabaco y Timbre del área de Península y Baleares."
2022-01-22,19,1,BOE-A-2022-1018,COMUNITAT VALENCIANA,autonómico,Ley,7085,7236,"Ley 7/2021, de 29 de diciembre, de medidas fiscales, de gestión administrativa y financiera y de organización de la Generalitat 2022."
2022-01-22,19,1,BOE-A-2022-1019,COMUNITAT VALENCIANA,autonómico,Ley,7237,7505,"Ley 8/2021, de 30 de diciembre, de Presupuestos de la Generalitat para el ejercicio 2022."
2022-01-24,20,1,BOE-A-2022-1054,"MINISTERIO DE ASUNTOS EXTERIORES, UNIÓN EUROPEA Y COOPERACIÓN",estatal,Tratado o acuerdo internacional,7716,7721,"Adenda n.º 1 al Memorando de Entendimiento de 1 de enero de 2016 entre el Servicio Europeo de Acción Exterior y el Ministerio de Asuntos Exteriores y de Cooperación de España en relación con el espacio para oficinas y las instalaciones correspondientes para uso de la Embajada de España en la sede de la Delegación de la Unión Europea para el Pacífico, hecha en Suva el 21 de mayo de 2021."
2022-01-24,20,1,BOE-A-2022-1055,"MINISTERIO DE ASUNTOS EXTERIORES, UNIÓN EUROPEA Y COOPERACIÓN",estatal,Tratado o acuerdo internacional,7722,7733,"Acuerdo internacional administrativo entre la Organización Mundial del Turismo y la Secretaría de Estado de Turismo del Gobierno del Reino de España para la celebración de la 24.ª reunión de la Asamblea General de la OMT, hecho en Madrid el 3 de diciembre de 2021."
2022-01-24,20,1,BOE-A-2022-1056,MINISTERIO DE EDUCACIÓN Y FORMACIÓN PROFESIONAL,estatal,Real Decreto,7734,7764,"Real Decreto 1153/2021, de 28 de diciembre, por el que se establece el curso de especialización en Materiales compuestos en la industria aeroespacial y se fijan los aspectos básicos del currículo, y se modifica el Real Decreto 74/2018, de 19 de febrero, por el que se establece el título de Técnico en montaje de estructuras e instalación de sistemas aeronáuticos y se fijan los aspectos básicos del currículo."
2022-01-24,20,1,BOE-A-2022-1057,MINISTERIO DE EDUCACIÓN Y FORMACIÓN PROFESIONAL,estatal,Real Decreto,7765,8443,"Real Decreto 45/2022, de 18 de enero, por el que se establecen determinadas cualificaciones profesionales de las familias profesionales Edificación y Obra Civil, Electricidad y Electrónica, Energía y Agua y Hostelería y Turismo, que se incluyen en el Catálogo Nacional de Cualificaciones Profesionales, y se modifican parcialmente determinadas cualificaciones profesionales de las familias profesionales Agraria y Energía y Agua, recogidas en el Catálogo Nacional de Cualificaciones Profesionales."
2022-01-24,20,1,BOE-A-2022-1058,MINISTERIO DE EDUCACIÓN Y FORMACIÓN PROFESIONAL,estatal,Real Decreto,8444,9114,"Real Decreto 46/2022, de 18 de enero, por el que se establecen determinadas cualificaciones profesionales de las familias profesionales Imagen y Sonido, Informática y Comunicaciones, Instalación y Mantenimiento, Sanidad, Seguridad y Medio Ambiente y Servicios Socioculturales y a la Comunidad, que se incluyen en el Catálogo Nacional de Cualificaciones Profesionales, y se modifican parcialmente determinadas cualificaciones profesionales de las familias profesionales Seguridad y Medio Ambiente y Servicios Socioculturales y a la Comunidad, recogidas en el Catálogo Nacional de Cualificaciones Profesionales."
2022-01-24,20,1,BOE-A-2022-1059,MINISTERIO DE TRABAJO Y ECONOMÍA SOCIAL,estatal,Orden,9115,9117,"Orden TES/26/2022, de 20 de enero, por la que se modifica la Orden TMS/368/2019, de 28 de marzo, por la que se desarrolla el Real Decreto 694/2017, de 3 de julio, por el que se desarrolla la Ley 30/2015, de 9 de septiembre, por la que se regula el Sistema de Formación Profesional para el Empleo en el ámbito laboral, en relación con la oferta formativa de las administraciones competentes y su financiación, y se establecen las bases reguladoras para la concesión de subvenciones públicas destinadas a su financiación."
2022-01-24,20,1,BOE-A-2022-1060,COMUNIDAD AUTÓNOMA DE EXTREMADURA,autonómico,Ley,9118,9168,"Ley 3/2021, de 30 de diciembre, de presupuestos generales de la Comunidad Autónoma de Extremadura para el año 2022."
2022-01-25,21,1,BOE-A-2022-1124,"MINISTERIO DE ASUNTOS EXTERIORES, UNIÓN EUROPEA Y COOPERACIÓN",estatal,Tratado o acuerdo internacional,9370,9375,"Acuerdo entre el Gobierno del Reino de España y el Gobierno de la República de Croacia, para la protección mutua de la información clasificada, hecho en Zagreb el 15 de diciembre de 2020."
2022-01-25,21,1,BOE-A-2022-1125,MINISTERIO DEL INTERIOR,estatal,Resolución,9376,9436,"Resolución de 18 de enero de 2022, de la Dirección General de Tráfico, por la que se establecen medidas especiales de regulación de tráfico durante el año 2022."
2022-01-25,21,1,BOE-A-2022-1126,MINISTERIO PARA LA TRANSICIÓN ECOLÓGICA Y EL RETO DEMOGRÁFICO,estatal,Resolución,9437,9438,"Resolución de 12 de enero de 2022, de la Dirección General de Política Energética y Minas, por la que se aprueban los precios de referencia para calcular el valor de la extracción de gas, petróleo y condensados correspondientes al año 2021."
2022-01-25,21,1,BOE-A-2022-1127,"MINISTERIO DE INCLUSIÓN, SEGURIDAD SOCIAL Y MIGRACIONES",estatal,Resolución,9439,9442,"Resolución de 17 de enero de 2022, del Instituto Social de la Marina, por la que se regula la automatización de ciertos actos y actuaciones en los procedimientos para el reconocimiento de determinadas prestaciones del Régimen Especial de la Seguridad Social de los Trabajadores del Mar."
2022-01-26,22,1,BOE-A-2022-1187,"MINISTERIO DE ASUNTOS EXTERIORES, UNIÓN EUROPEA Y COOPERACIÓN",estatal,Tratado o acuerdo internacional,9638,9638,"Declaración de aceptación por España de la adhesión de la República Socialista de Vietnam al Convenio sobre la obtención de pruebas en el extranjero en materia civil o mercantil, hecho en La Haya el 18 de marzo de 1970."
2022-01-26,22,1,BOE-A-2022-1188,"MINISTERIO DE ASUNTOS EXTERIORES, UNIÓN EUROPEA Y COOPERACIÓN",estatal,Real Decreto,9639,9643,"Real Decreto 59/2022, de 25 de enero, por el que se crea y regula la Comisión Nacional para la candidatura de Málaga como sede de una Exposición Internacional en el año 2027."
2022-01-26,22,1,BOE-A-2022-1189,"MINISTERIO DE INCLUSIÓN, SEGURIDAD SOCIAL Y MIGRACIONES",estatal,Real Decreto,9644,9672,"Real Decreto 65/2022, de 25 de enero, sobre actualización de las pensiones del sistema de la Seguridad Social, de las pensiones de Clases Pasivas y de otras prestaciones sociales públicas para el ejercicio 2022."
2022-01-26,22,1,BOE-A-2022-1190,"MINISTERIO DE INCLUSIÓN, SEGURIDAD SOCIAL Y MIGRACIONES",estatal,Resolución,9673,9678,"Resolución de 14 de enero de 2022, de la Dirección General del Instituto Nacional de la Seguridad Social, por la que se determinan las prestaciones del sistema de la Seguridad Social cuya resolución se podrá adoptar de forma automatizada, los criterios de reparto para la asignación a las direcciones provinciales de la ordenación e instrucción de determinados procedimientos, y la dirección provincial competente para reconocer las pensiones cuando sea de aplicación un instrumento internacional de Seguridad Social."
2022-01-26,22,1,BOE-A-2022-1191,COMUNIDAD DE MADRID,autonómico,Ley,9679,9681,"Ley 1/2021, de 9 de julio, de modificación de la Ley 8/2015, de 28 de diciembre, de Radio Televisión Madrid."
2022-01-26,22,1,BOE-A-2022-1192,COMUNIDAD DE MADRID,autonómico,Ley,9682,9684,"Ley 2/2021, de 15 de diciembre, de Reducción de la Escala de la Comunidad de Madrid en el Impuesto sobre la Renta de las Personas Físicas, por la que se modifica el Texto Refundido de las Disposiciones Legales de la Comunidad de Madrid en materia de tributos cedidos por el Estado, aprobado por Decreto Legislativo 1/2010, de 21 de octubre."
2022-01-26,22,1,BOE-A-2022-1193,COMUNIDAD DE MADRID,autonómico,Ley,9685,9687,"Ley 3/2021, de 22 de diciembre, de Supresión de impuestos propios de la Comunidad de Madrid y del recargo sobre el Impuesto de Actividades Económicas."
2022-01-26,22,1,BOE-A-2022-1194,COMUNIDAD DE MADRID,autonómico,Ley,9688,9794,"Ley 4/2021, de 23 de diciembre, de Presupuestos Generales de la Comunidad de Madrid para 2022."
2022-01-27,23,1,BOE-A-2022-1268,JEFATURA DEL ESTADO,estatal,Otras,10729,10743,"Instrumento de Aceptación de las Enmiendas al texto y a los anexos distintos del III y VII del Protocolo al Convenio de 1979 sobre contaminación atmosférica transfronteriza a gran distancia en materia de metales pesados, adoptadas en Ginebra el 13 de mayo de 2012."
2022-01-27,23,1,BOE-A-2022-1269,"MINISTERIO DE ASUNTOS EXTERIORES, UNIÓN EUROPEA Y COOPERACIÓN",estatal,Orden,10744,10745,"Orden AUC/32/2022, de 17 de enero, por la que se crea la Oficina Consular Honoraria, con categoría de Viceconsulado Honorario de España en Eindhoven, en el Reino de los Países Bajos."
2022-01-27,23,1,BOE-A-2022-1270,"MINISTERIO DE ASUNTOS EXTERIORES, UNIÓN EUROPEA Y COOPERACIÓN",estatal,Orden,10746,10746,"Orden AUC/33/2022, de 20 de enero, por la que se crea la Oficina Consular Honoraria de España en Chingueti, en la República Islámica de Mauritania."
2022-01-27,23,1,BOE-A-2022-1271,"MINISTERIO DE ASUNTOS EXTERIORES, UNIÓN EUROPEA Y COOPERACIÓN",estatal,Orden,10747,10748,"Orden AUC/34/2022, de 20 de enero, por la que se crea la Oficina Consular Honoraria, con categoría de Consulado Honorario de España en Lille, en la República Francesa."
2022-01-27,23,1,BOE-A-2022-1272,MINISTERIO DE HACIENDA Y FUNCIÓN PÚBLICA,estatal,Real Decreto,10749,10752,"Real Decreto 60/2022, de 25 de enero, por el que se modifica la Red de Consejerías de Finanzas en el Exterior."
2022-01-27,23,1,BOE-A-2022-1273,MINISTERIO DEL INTERIOR,estatal,Orden,10753,10754,"Orden INT/35/2022, de 26 de enero, por la que se modifica la Orden INT/657/2020, de 17 de julio, por la que se modifican los criterios para la aplicación de una restricción temporal de viajes no imprescindibles desde terceros países a la Unión Europea y países asociados Schengen por razones de orden público y salud pública con motivo de la crisis sanitaria ocasionada por la COVID-19."
2022-01-27,23,1,BOE-A-2022-1274,MINISTERIO DE EDUCACIÓN Y FORMACIÓN PROFESIONAL,estatal,Real Decreto,10755,10760,"Real Decreto 62/2022, de 25 de enero, de flexibilización de los requisitos exigibles para impartir ofertas de formación profesional conducentes a la obtención de certificados de profesionalidad, así como de la oferta de formación profesional en centros del sistema educativo y de formación profesional para el empleo."
2022-01-27,23,1,BOE-A-2022-1275,"MINISTERIO DE INCLUSIÓN, SEGURIDAD SOCIAL Y MIGRACIONES",estatal,Real Decreto,10761,10766,"Real Decreto 64/2022, de 25 de enero, por el que se regulan la organización y funciones de la Comisión de seguimiento del ingreso mínimo vital."
2022-01-27,23,1,BOE-A-2022-1276,COMUNIDAD AUTÓNOMA DE CANTABRIA,autonómico,Ley,10767,10792,"Ley 8/2021, de 17 de noviembre, de Memoria Histórica y Democrática de Cantabria."
2022-01-27,23,1,BOE-A-2022-1277,COMUNIDAD AUTÓNOMA DE CANTABRIA,autonómico,Ley,10793,11005,"Ley 9/2021, de 20 de diciembre, del Plan Estadístico 2021-2024."
2022-01-28,24,1,BOE-A-2022-1317,"MINISTERIO DE INCLUSIÓN, SEGURIDAD SOCIAL Y MIGRACIONES",estatal,Orden,11130,11135,"Orden ISM/40/2022, de 24 de enero, por la que se establecen para el año 2022 las bases de cotización a la Seguridad Social de los trabajadores del Régimen Especial de la Seguridad Social de los Trabajadores del Mar incluidos en los grupos segundo y tercero."
2022-01-29,25,1,BOE-A-2022-1419,CORTES GENERALES,estatal,Resolución,11775,11775,"Resolución de 25 de enero de 2022, del Congreso de los Diputados, por la que se ordena la publicación del Acuerdo de convalidación del Real Decreto-ley 28/2021, de 17 de diciembre, por el que se adoptan medidas complementarias de carácter urgente para la reparación de los daños ocasionados por las erupciones volcánicas y para la recuperación económica y social de la isla de La Palma."
2022-01-29,25,1,BOE-A-2022-1420,CORTES GENERALES,estatal,Resolución,11776,11776,"Resolución de 25 de enero de 2022, del Congreso de los Diputados, por la que se ordena la publicación del Acuerdo de convalidación del Real Decreto-ley 29/2021, de 21 de diciembre, por el que se adoptan medidas urgentes en el ámbito energético para el fomento de la movilidad eléctrica, el autoconsumo y el despliegue de energías renovables."
2022-01-29,25,1,BOE-A-2022-1421,CORTES GENERALES,estatal,Resolución,11777,11777,"Resolución de 25 de enero de 2022, del Congreso de los Diputados, por la que se ordena la publicación del Acuerdo de convalidación del Real Decreto-ley 31/2021, de 28 de diciembre, por el que se modifica la Ley 19/1994, de 6 de julio, de modificación del Régimen Económico y Fiscal de Canarias, y se fija un nuevo plazo para presentar las renuncias o revocaciones a métodos y regímenes especiales de tributación."
2022-01-29,25,1,BOE-A-2022-1422,"MINISTERIO DE ASUNTOS EXTERIORES, UNIÓN EUROPEA Y COOPERACIÓN",estatal,Tratado o acuerdo internacional,11778,11820,"Instrumento de ratificación del Convenio de Minamata sobre el Mercurio, hecho en Kumamoto el 10 de octubre de 2013."
2022-01-29,25,1,BOE-A-2022-1423,"MINISTERIO DE ASUNTOS EXTERIORES, UNIÓN EUROPEA Y COOPERACIÓN",estatal,Corrección,11821,11821,"Corrección de errores del Acuerdo Internacional Administrativo sobre las condiciones de adscripción en comisión de servicio de un funcionario español al Consejo de Europa, hecho en Estrasburgo el 13 de marzo de 2020."
2022-01-29,25,1,BOE-A-2022-1424,MINISTERIO DE HACIENDA Y FUNCIÓN PÚBLICA,estatal,Resolución,11822,11826,"Resolución de 28 de enero de 2022, de la Presidencia del Comisionado para el Mercado de Tabacos, por la que se publican los precios de venta al público de determinadas labores de tabaco en Expendedurías de Tabaco y Timbre del área de Península y Baleares."
2022-01-29,25,1,BOE-A-2022-1425,"MINISTERIO DE TRANSPORTES, MOVILIDAD Y AGENDA URBANA",estatal,Real Decreto,11827,11837,"Real Decreto 61/2022, de 25 de enero, por el que se modifica el Real Decreto 345/2011, de 11 de marzo, sobre gestión de la seguridad de las infraestructuras viarias en la Red de Carreteras del Estado."
2022-01-29,25,1,BOE-A-2022-1426,MINISTERIO DE SANIDAD,estatal,Orden,11838,11879,"Orden SND/44/2022, de 27 de enero, por la que se actualiza, en lo relativo al catálogo común de prótesis externas de miembro superior y miembro inferior, ortoprótesis para agenesias, sillas de ruedas, ortesis y productos para la terapia del linfedema, el Anexo VI del Real Decreto 1030/2006, de 15 de septiembre, por el que se establece la cartera de servicios comunes del Sistema Nacional de Salud y el procedimiento para su actualización."
2022-01-31,26,1,BOE-A-2022-1453,MINISTERIO DE HACIENDA Y FUNCIÓN PÚBLICA,estatal,Resolución,12091,12140,"Resolución de 26 de enero de 2022, de la Dirección General de la Agencia Estatal de Administración Tributaria, por la que se aprueban las directrices generales del Plan Anual de Control Tributario y Aduanero de 2022."
2022-01-31,26,1,BOE-A-2022-1454,MINISTERIO DE EDUCACIÓN Y FORMACIÓN PROFESIONAL,estatal,Real Decreto,12141,12784,"Real Decreto 43/2022, de 18 de enero, por el que se establecen determinadas cualificaciones profesionales de las familias profesionales Actividades Físicas y Deportivas, Agraria, Artes Gráficas, Comercio y Marketing y Edificación y Obra Civil, que se incluyen en el Catálogo Nacional de Cualificaciones Profesionales."
2022-01-31,26,1,BOE-A-2022-1455,MINISTERIO DE EDUCACIÓN Y FORMACIÓN PROFESIONAL,estatal,Real Decreto,12785,13402,"Real Decreto 44/2022, de 18 de enero, por el que se establecen determinadas cualificaciones profesionales de las familias profesionales Textil, Confección y Piel y Transporte y Mantenimiento de Vehículos, que se incluyen en el Catálogo Nacional de Cualificaciones Profesionales."
2022-01-31,26,1,BOE-A-2022-1456,COMUNIDAD AUTÓNOMA DEL PAÍS VASCO,autonómico,Resolución,13403,13414,"Resolución de 19 de enero de 2022, de la Dirección de Tráfico del Departamento de Seguridad, por la que se establecen medidas especiales de regulación de tráfico durante el año 2022 en la Comunidad Autónoma del País Vasco."
2022-02-01,27,1,BOE-A-2022-1537,TRIBUNAL CONSTITUCIONAL,estatal,Resolución judicial,13812,13812,"Recurso de inconstitucionalidad n.º 5845-2021, contra diversos preceptos de la Ley del Parlamento de Canarias 2/2021, de 7 de junio, de igualdad social y no discriminación por razón de identidad de género, expresión de género y características sexuales."
2022-02-01,27,1,BOE-A-2022-1538,TRIBUNAL CONSTITUCIONAL,estatal,Resolución judicial,13813,13813,"Recurso de inconstitucionalidad n.º 6174-2021, contra los artículos 1.a); 2; 4; 8.1; 11.1; 14.3; 15.2; 19.3; 23.1, 24.3 y 4; 26.1 y 3; 30.1 a), b) y c); 32.1 a) y b); 33.2; 34.1 a) y b); y 36.2 a), b) y c) de la Ley del País Vasco 2/2021, de 24 de junio, de medidas para la gestión de la pandemia de COVID-19."
2022-02-01,27,1,BOE-A-2022-1539,TRIBUNAL CONSTITUCIONAL,estatal,Resolución judicial,13814,13814,"Cuestión interna de inconstitucionalidad n.º 6596-2021, en relación con los artículos 555.1 y 556 de la LO 6/1985, de 1 de julio, del Poder Judicial, en la redacción dada por la LO 19/2003, de 23 de diciembre, por posible vulneración del art. 24.1, en relación con el art. 117.3 de la CE."
2022-02-01,27,1,BOE-A-2022-1540,MINISTERIO DE SANIDAD,estatal,Resolución,13815,13816,"Resolución de 28 de enero de 2022, de la Dirección General de Salud Pública, por la que se modifica la de 4 de junio de 2021, relativa a los controles sanitarios a realizar en los puntos de entrada de España."
2022-02-01,27,1,BOE-A-2022-1541,TRIBUNAL SUPREMO,estatal,Resolución judicial,13817,13818,"Sentencia de 16 de noviembre de 2021, de la Sala Tercera del Tribunal Supremo, que estima parcialmente el recurso interpuesto por Endesa Generación, contra la Orden TED/776/2020, de 4 de agosto, por la que se revisan los precios de producto y logística a emplear en la determinación del precio de combustible y se establece un valor tope del tiempo de arranque de liquidación por instalación tipo aplicable a las instalaciones de producción ubicadas en los territorios no peninsulares con régimen retributivo adicional y Auto de 20 de diciembre de 2021, de subsanación y complemento de la citada sentencia."
2022-02-01,27,1,BOE-A-2022-1542,TRIBUNAL DE CUENTAS,estatal,Resolución judicial,13819,13822,"Resolución de 28 de enero de 2022, de la Presidencia del Tribunal de Cuentas, por la que se publica el Acuerdo del Pleno de 27 de enero de 2022, por el que se aprueba la Instrucción que regula la rendición telemática de la Cuenta General de la Ciudad de Ceuta y de la Cuenta General de la Ciudad de Melilla y la remisión telemática de información relativa al ejercicio del control interno de las Ciudades."
2022-02-02,28,1,BOE-A-2022-1648,JEFATURA DEL ESTADO,estatal,Otras,14535,14553,"Instrumento de ratificación del Protocolo que modifica el Convenio de 29 de julio de 1960, sobre la responsabilidad civil en materia de energía nuclear modificado por el Protocolo Adicional de 28 de enero de 1964 y por el Protocolo de 16 de noviembre de 1982, hecho en París el 12 de febrero de 2004."
2022-02-02,28,1,BOE-A-2022-1649,TRIBUNAL CONSTITUCIONAL,estatal,Resolución judicial,14554,14554,"Recurso de inconstitucionalidad n.º 6305-2021, contra el Decreto-ley 15/2021, de 6 de julio, de creación del Fondo Complementario de Riesgos de la Generalitat de Catalunya."
2022-02-02,28,1,BOE-A-2022-1650,TRIBUNAL CONSTITUCIONAL,estatal,Resolución judicial,14555,14555,"Recurso de inconstitucionalidad n.º 6345-2021, contra el Real Decreto-ley 14/2021, de 6 de julio, de medidas urgentes para la reducción de la temporalidad en el empleo público."
2022-02-02,28,1,BOE-A-2022-1651,TRIBUNAL CONSTITUCIONAL,estatal,Resolución judicial,14556,14556,"Recurso de inconstitucionalidad n.º 7007-2021, contra el artículo Segundo.Dos del Real Decreto-ley 16/2021, de 3 de agosto, por el que se adoptan medidas de protección social para hacer frente a situaciones de vulnerabilidad social y económica, por la redacción que confiere a los apartados 1 y 7 c) del artículo 1 bis del Real Decreto-ley 11/2020, de 31 de marzo, por el que se adoptan medidas urgentes complementarias en el ámbito social y económico para hacer frente al COVID-19."
2022-02-02,28,1,BOE-A-2022-1652,TRIBUNAL CONSTITUCIONAL,estatal,Resolución judicial,14557,14557,"Recurso de inconstitucionalidad n.º 7767-2021, contra el Decreto-ley 11/2021, de 2 de septiembre, por el que se establece el régimen jurídico de alerta sanitaria y las medidas para el control y gestión de la pandemia de COVID-19 en Canarias."
2022-02-02,28,1,BOE-A-2022-1653,MINISTERIO DE HACIENDA Y FUNCIÓN PÚBLICA,estatal,Real Decreto,14558,14560,"Real Decreto 94/2022, de 1 de febrero, por el que se modifica el Real Decreto 734/2020, de 4 de agosto, por el que se desarrolla la estructura orgánica básica del Ministerio del Interior."
2022-02-02,28,1,BOE-A-2022-1654,MINISTERIO DE EDUCACIÓN Y FORMACIÓN PROFESIONAL,estatal,Real Decreto,14561,14595,"Real Decreto 95/2022, de 1 de febrero, por el que se establece la ordenación y las enseñanzas mínimas de la Educación Infantil."
2022-02-02,28,1,BOE-A-2022-1655,"MINISTERIO DE LA PRESIDENCIA, RELACIONES CON LAS CORTES Y MEMORIA DEMOCRÁTICA",estatal,Real Decreto,14596,14599,"Real Decreto 96/2022, de 1 de febrero, por el que se modifica el Real Decreto 1383/2008, de 1 de agosto, por el que se aprueba la estructura orgánica y de participación institucional del Servicio Público de Empleo Estatal."
2022-02-03,29,1,BOE-A-2022-1715,TRIBUNAL SUPREMO,estatal,Resolución judicial,14817,14818,"Sentencia de 22 de septiembre de 2021, de la Sala Tercera del Tribunal Supremo, que declara estimar el recurso de casación número 293/2020 contra la Resolución de 29 de junio de 2017 del Jurado de Expropiación de Galicia, sobre justiprecio de finca expropiada."
2022-02-03,29,1,BOE-A-2022-1716,TRIBUNAL SUPREMO,estatal,Resolución judicial,14819,14819,"Sentencia de 9 de diciembre de 2021, de la Sala Tercera del Tribunal Supremo, que declara desestimar el recurso de casación número 2321/2020 contra la sentencia de 17 de octubre de 2019 dictada por la Sala de lo Contencioso-Administrativo del Tribunal Superior de Justicia de Andalucía, y anular el inciso ""de seis meses"" del artículo 103.3 del Reglamento del Mutualismo Judicial, aprobado por el Real Decreto 1026/2011, de 15 de julio."
2022-02-03,29,1,BOE-A-2022-1717,TRIBUNAL SUPREMO,estatal,Resolución judicial,14820,14820,"Auto de 19 de enero de 2022, de la Sala Tercera del Tribunal Supremo, que rectifica el fallo de la sentencia núm. 1154/2021, dictada en el presente recurso, incorporando un párrafo en su parte dispositiva con el siguiente tenor: «Se declara nulo el párrafo segundo, apartado b), del artículo 6 del Real Decreto 1492/2011, de 24 de octubre, por el que se aprueba el Reglamento de Valoraciones de la Ley del Suelo». Así mismo procede incorporar en dicha parte dispositiva que «se ordena la publicación de la parte dispositiva de esta sentencia, con su rectificación, en el Boletín Oficial del Estado.»"
2022-02-03,29,1,BOE-A-2022-1718,BANCO DE ESPAÑA,estatal,Instrucción o circular,14821,14901,"Circular 1/2022, de 24 de enero, del Banco de España, a los establecimientos financieros de crédito, sobre liquidez, normas prudenciales y obligaciones de información, y que modifica la Circular 1/2009, de 18 de diciembre, a entidades de crédito y otras supervisadas, en relación con la información sobre la estructura de capital y cuotas participativas de las entidades de crédito, y sobre sus oficinas, así como sobre los altos cargos de las entidades supervisadas, y la Circular 3/2019, de 22 de octubre, por la que se ejerce la facultad conferida por el Reglamento (UE) 575/2013 de definir el umbral de significatividad de las obligaciones crediticias vencidas."
2022-02-04,30,1,BOE-A-2022-1776,TRIBUNAL CONSTITUCIONAL,estatal,Resolución judicial,15060,15060,"Recurso de inconstitucionalidad n.º 4585-2021, en relación con la disposición transitoria segunda del Estatuto de Personal al servicio del Parlamento de La Rioja, aprobado por el Pleno del Parlamento de La Rioja, en la sesión celebrada el día 31 de marzo de 2021."
2022-02-04,30,1,BOE-A-2022-1777,MINISTERIO DE HACIENDA Y FUNCIÓN PÚBLICA,estatal,Corrección,15061,15061,"Corrección de errores de la Resolución de 10 de enero de 2022, de la Intervención General de la Administración del Estado, por la que se modifica la de 1 de julio de 2011, por la que se aprueba la adaptación del Plan General de Contabilidad Pública a las entidades que integran el sistema de la Seguridad Social."
2022-02-04,30,1,BOE-A-2022-1778,"MINISTERIO DE LA PRESIDENCIA, RELACIONES CON LAS CORTES Y MEMORIA DEMOCRÁTICA",estatal,Orden,15062,15113,"Orden PCM/58/2022, de 2 de febrero, por la que se determinan las características, el diseño y el contenido de la evaluación de Bachillerato para el acceso a la universidad, y las fechas máximas de realización y de resolución de los procedimientos de revisión de las calificaciones obtenidas, en el curso 2021-2022."
2022-02-04,30,1,BOE-A-2022-1779,"MINISTERIO DE LA PRESIDENCIA, RELACIONES CON LAS CORTES Y MEMORIA DEMOCRÁTICA",estatal,Orden,15114,15116,"Orden PCM/59/2022, de 2 de febrero, por la que se crea la Oficina Central Nacional de Análisis de Información sobre Actividades Ilícitas Medioambientales."
2022-02-04,30,1,BOE-A-2022-1780,MINISTERIO DE ASUNTOS ECONÓMICOS Y TRANSFORMACIÓN DIGITAL,estatal,Resolución,15117,15119,"Resolución de 3 de febrero de 2022, de la Secretaría General del Tesoro y Financiación Internacional, por la que se actualiza el Anexo 1 incluido en la Resolución de 4 de julio de 2017, de la Secretaría General del Tesoro y Política Financiera, por la que se define el principio de prudencia financiera aplicable a las operaciones de endeudamiento y derivados de las comunidades autónomas y entidades locales."
2022-02-05,31,1,BOE-A-2022-1856,CORTES GENERALES,estatal,Resolución,15495,15495,"Resolución de 1 de febrero de 2022, del Congreso de los Diputados, por la que se ordena la publicación del Acuerdo de convalidación del Real Decreto-ley 30/2021, de 23 de diciembre, por el que se adoptan medidas urgentes de prevención y contención para hacer frente a la crisis sanitaria ocasionada por la COVID-19."
2022-02-05,31,1,BOE-A-2022-1857,"MINISTERIO DE ASUNTOS EXTERIORES, UNIÓN EUROPEA Y COOPERACIÓN",estatal,Tratado o acuerdo internacional,15496,15515,"Acuerdo para la provisión de Oficiales Profesionales Jóvenes entre el Gobierno del Reino de España y el Programa de las Naciones Unidas para el Desarrollo, hecho en Nueva York el 15 de diciembre de 2021."
2022-02-05,31,1,BOE-A-2022-1858,MINISTERIO DE HACIENDA Y FUNCIÓN PÚBLICA,estatal,Resolución,15516,15519,"Resolución de 4 de febrero de 2022, de la Presidencia del Comisionado para el Mercado de Tabacos, por la que se publican los precios de venta al público de determinadas labores de tabaco en Expendedurías de Tabaco y Timbre del área de Península y Baleares."
2022-02-07,32,1,BOE-A-2022-1889,MINISTERIO DE HACIENDA Y FUNCIÓN PÚBLICA,estatal,Resolución,15776,15780,"Resolución de 1 de febrero de 2022, de la Intervención General de la Administración del Estado, por la que se modifica la de 30 de julio de 2015, por la que se dictan instrucciones para el ejercicio del control financiero permanente."
2022-02-07,32,1,BOE-A-2022-1890,MINISTERIO DE ASUNTOS ECONÓMICOS Y TRANSFORMACIÓN DIGITAL,estatal,Real Decreto,15781,15785,"Real Decreto 63/2022, de 25 de enero, por el que se modifica el Real Decreto 1060/2015, de 20 de noviembre, de ordenación, supervisión y solvencia de las entidades aseguradoras y reaseguradoras, para la actualización de la composición de la Junta Consultiva de Seguros y Fondos de Pensiones."
2022-02-08,33,1,BOE-A-2022-1981,CORTES GENERALES,estatal,Resolución,16139,16139,"Resolución de 3 de febrero de 2022, del Congreso de los Diputados, por la que se ordena la publicación del Acuerdo de convalidación del Real Decreto-ley 1/2022, de 18 de enero, por el que se modifican la Ley 9/2012, de 14 de noviembre, de reestructuración y resolución de entidades de crédito; la Ley 11/2015, de 18 de junio, de recuperación y resolución de entidades de crédito y empresas de servicios de inversión; y el Real Decreto 1559/2012, de 15 de noviembre, por el que se establece el régimen jurídico de las sociedades de gestión de activos, en relación con el régimen jurídico de la Sociedad de Gestión de Activos procedentes de la Reestructuración Bancaria."
2022-02-08,33,1,BOE-A-2022-1982,CORTES GENERALES,estatal,Resolución,16140,16140,"Resolución de 3 de febrero de 2022, del Congreso de los Diputados, por la que se ordena la publicación del Acuerdo de convalidación del Real Decreto-ley 32/2021, de 28 de diciembre, de medidas urgentes para la reforma laboral, la garantía de la estabilidad en el empleo y la transformación del mercado de trabajo."
2022-02-08,33,1,BOE-A-2022-1983,"MINISTERIO DE ASUNTOS EXTERIORES, UNIÓN EUROPEA Y COOPERACIÓN",estatal,Otras,16141,16566,"Medidas del Tratado Antártico adoptadas en la XLIII Reunión Consultiva de dicho Tratado, celebrada en París del 14 al 24 de junio de 2021."
2022-02-08,33,1,BOE-A-2022-1984,"MINISTERIO DE ASUNTOS EXTERIORES, UNIÓN EUROPEA Y COOPERACIÓN",estatal,Tratado o acuerdo internacional,16567,16573,"Acuerdo entre el Reino de España y Ucrania sobre cooperación y asistencia mutua en materia aduanera, hecho en Madrid el 10 de septiembre de 2020."
2022-02-09,34,1,BOE-A-2022-2050,JEFATURA DEL ESTADO,estatal,Ley Orgánica,16775,16777,"Ley Orgánica 1/2022, de 8 de febrero, de reforma de la Ley Orgánica 1/2007, de 28 de febrero, de reforma del Estatuto de Autonomía de las Illes Balears, para la supresión del aforamiento de los Diputados y las Diputadas del Parlamento de las Illes Balears y de los miembros del Gobierno de las Illes Balears."
2022-02-09,34,1,BOE-A-2022-2051,JEFATURA DEL ESTADO,estatal,Ley,16778,16789,"Ley 1/2022, de 8 de febrero, por la que se modifica la Ley 12/2002, de 23 de mayo, por la que se aprueba el Concierto Económico con la Comunidad Autónoma del País Vasco."
2022-02-09,34,1,BOE-A-2022-2052,"MINISTERIO DE ASUNTOS EXTERIORES, UNIÓN EUROPEA Y COOPERACIÓN",estatal,Tratado o acuerdo internacional,16790,16790,"Enmienda n.º 1 al Acuerdo internacional administrativo sobre las condiciones de adscripción en comisión de servicio de un funcionario español al Consejo de Europa, hecha en Estrasburgo el 20 de octubre de 2021."
2022-02-09,34,1,BOE-A-2022-2053,"MINISTERIO DE ASUNTOS EXTERIORES, UNIÓN EUROPEA Y COOPERACIÓN",estatal,Tratado o acuerdo internacional,16791,16803,"Aplicación provisional del Acuerdo sobre Transporte Aéreo entre el Reino de España y la República Dominicana, hecho en Madrid el 21 de enero de 2022."
2022-02-09,34,1,BOE-A-2022-2054,"MINISTERIO DE ASUNTOS EXTERIORES, UNIÓN EUROPEA Y COOPERACIÓN",estatal,Corrección,16804,16804,"Corrección de errores a la Aplicación provisional de la Enmienda del Protocolo de Montreal relativo a las sustancias que agotan la capa de ozono, hecha en Kigali el 15 de octubre de 2016."
2022-02-09,34,1,BOE-A-2022-2055,MINISTERIO DE HACIENDA Y FUNCIÓN PÚBLICA,estatal,Orden,16805,16807,"Orden HFP/73/2022, de 7 de febrero, por la que se determina el importe a percibir por las Entidades Locales de la compensación por el efecto de la implantación del suministro inmediato de información del IVA, SII-IVA, en la liquidación de la participación en tributos del Estado de 2017, de conformidad con lo dispuesto en la disposición adicional octogésima sexta de la Ley 22/2021, de 28 de diciembre, de Presupuestos Generales del Estado para el año 2022."
2022-02-09,34,1,BOE-A-2022-2056,MINISTERIO DEL INTERIOR,estatal,Orden,16808,16812,"Orden INT/74/2022, de 3 de febrero, por la que se modifica la Orden de 24 de octubre de 1989, del Ministerio del Interior, por la que, con carácter provisional, se desarrollan las previsiones contenidas en el Reglamento de Ingreso, Formación, Promoción y Perfeccionamiento de funcionarios del Cuerpo Nacional de Policía."
2022-02-09,34,1,BOE-A-2022-2057,MINISTERIO DE EDUCACIÓN Y FORMACIÓN PROFESIONAL,estatal,Real Decreto,16813,16862,"Real Decreto 109/2022, de 8 de febrero, por el que se establece el curso de especialización en Mantenimiento y seguridad en sistemas de vehículos híbridos y eléctricos y se fijan los aspectos básicos del currículo, y se corrigen errores de diversos reales decretos por los que se establecen certificados de profesionalidad."
2022-02-09,34,1,BOE-A-2022-2058,"MINISTERIO DE AGRICULTURA, PESCA Y ALIMENTACIÓN",estatal,Real Decreto,16863,16882,"Real Decreto 111/2022, de 8 de febrero, por el que se modifica el Real Decreto 1338/2018, de 29 de octubre, por el que se regula el potencial de producción vitícola."
2022-02-09,34,1,BOE-A-2022-2059,"MINISTERIO DE AGRICULTURA, PESCA Y ALIMENTACIÓN",estatal,Real Decreto,16883,16889,"Real Decreto 112/2022, de 8 de febrero, por el que se modifica el Real Decreto 1363/2018, de 2 de noviembre, para la aplicación de las medidas del programa de apoyo 2019-2023 al sector vitivinícola español."
2022-02-09,34,1,BOE-A-2022-2060,"MINISTERIO DE AGRICULTURA, PESCA Y ALIMENTACIÓN",estatal,Real Decreto,16890,16998,"Real Decreto 113/2022, de 8 de febrero, por el que se establecen las bases reguladoras de las subvenciones para el fomento de acciones de transferencia de conocimientos e información y adquisición de competencias en digitalización, y para el asesoramiento, gestión y sustitución, destinadas al sector agroalimentario, en el marco del Programa Nacional de Desarrollo Rural 2014-2020, y se aprueba su convocatoria para los ejercicios 2022 y 2023."
2022-02-09,34,1,BOE-A-2022-2061,"MINISTERIO DE LA PRESIDENCIA, RELACIONES CON LAS CORTES Y MEMORIA DEMOCRÁTICA",estatal,Real Decreto,16999,17000,"Real Decreto 114/2022, de 8 de febrero, por el que se aprueba la segregación de la Delegación en Cantabria del Colegio Nacional de Doctores y Licenciados en Ciencias Políticas y Sociología."
2022-02-09,34,1,BOE-A-2022-2062,MINISTERIO DE SANIDAD,estatal,Real Decreto,17001,17004,"Real Decreto 115/2022, de 8 de febrero, por el que se modifica la obligatoriedad del uso de mascarillas durante la situación de crisis sanitaria ocasionada por el COVID-19."
2022-02-09,34,1,BOE-A-2022-2063,MINISTERIO DE CONSUMO,estatal,Real Decreto,17005,17011,"Real Decreto 116/2022, de 8 de febrero, por el que se crea la Comisión Interministerial de Consumo y se determinan su composición, funciones y régimen de funcionamiento."
2022-02-09,34,1,BOE-A-2022-2064,COMUNIDAD AUTÓNOMA DE LA RIOJA,autonómico,Corrección,17012,17012,"Corrección de errores en la Ley 7/2021, de 27 de diciembre, de medidas fiscales y administrativas para el año 2022."
2022-02-09,34,1,BOE-A-2022-2065,COMUNIDAD AUTÓNOMA DE LA RIOJA,autonómico,Corrección,17013,17013,"Corrección de errores en la Ley 6/2021, de 27 de diciembre, de Presupuestos Generales de la Comunidad Autónoma de La Rioja para el año 2022."
2022-02-09,34,1,BOE-A-2022-2066,COMUNIDAD FORAL DE NAVARRA,autonómico,Ley,17014,17064,"Ley Foral 18/2021, de 29 de diciembre, de Presupuestos Generales de Navarra para el año 2022."
2022-02-09,34,1,BOE-A-2022-2067,COMUNIDAD FORAL DE NAVARRA,autonómico,Ley,17065,17115,"Ley Foral 19/2021, de 29 de diciembre, de modificación de diversos impuestos y otras medidas tributarias."
2022-02-09,34,1,BOE-A-2022-2068,COMUNIDAD FORAL DE NAVARRA,autonómico,Ley,17116,17118,"Ley Foral 20/2021, de 29 de diciembre, por la que se modifica la Ley Foral 2/1995, de 10 de marzo, de Haciendas Locales de Navarra."
2022-02-09,34,1,BOE-A-2022-2069,COMUNIDAD FORAL DE NAVARRA,autonómico,Ley,17119,17125,"Ley Foral 1/2022, de 26 de enero, de modificación de la Ley Foral 2/2014, de 17 de febrero, por la que se regulan los órganos rectores de determinadas fundaciones."
2022-02-10,35,1,BOE-A-2022-2118,"MINISTERIO DE ASUNTOS EXTERIORES, UNIÓN EUROPEA Y COOPERACIÓN",estatal,Tratado o acuerdo internacional,17470,17476,"Acuerdo internacional administrativo entre el Reino de España y la República Dominicana en materia de coproducción cinematográfica y audiovisual, hecho en Madrid el 29 de septiembre de 2021."
2022-02-10,35,1,BOE-A-2022-2119,MINISTERIO DE EDUCACIÓN Y FORMACIÓN PROFESIONAL,estatal,Corrección,17477,17477,"Corrección de errores del Real Decreto 1153/2021, de 28 de diciembre, por el que se establece el curso de especialización en Materiales compuestos en la industria aeroespacial y se fijan los aspectos básicos del currículo, y se modifica el Real Decreto 93/2019, de 1 de marzo, por el que se establece el Curso de especialización en cultivos celulares y se fijan los aspectos básicos del currículo, y se modifica el Real Decreto 74/2018, de 19 de febrero, por el que se establece el título de Técnico en montaje de estructuras e instalación de sistemas aeronáuticos y se fijan los aspectos básicos del currículo."
2022-02-10,35,1,BOE-A-2022-2120,"MINISTERIO DE LA PRESIDENCIA, RELACIONES CON LAS CORTES Y MEMORIA DEMOCRÁTICA",estatal,Orden,17478,17554,"Orden PCM/80/2022, de 7 de febrero, por la que se modifica el anexo II del Real Decreto 1513/2005, de 16 de diciembre, por el que se desarrolla la Ley 37/2003, de 17 de noviembre, del ruido, en lo referente a la evaluación y gestión del ruido ambiental."
2022-02-11,36,1,BOE-A-2022-2175,MINISTERIO DE HACIENDA Y FUNCIÓN PÚBLICA,estatal,Corrección,17745,17745,"Corrección de errores del Real Decreto 807/2021, de 21 de septiembre, por el que se aprueba el Reglamento de control de las embarcaciones neumáticas y semirrígidas a las que se refieren las letras f), g), h) e i) del apartado 3 del artículo único del Real Decreto-ley 16/2018, de 26 de octubre, por el que se adoptan determinadas medidas de lucha contra el tráfico ilícito de personas y mercancías en relación a las embarcaciones utilizadas, y por el que se modifica el Real Decreto 95/2009, de 6 de febrero, por el que se regula el Sistema de registros administrativos de apoyo a la Administración de Justicia."
2022-02-11,36,1,BOE-A-2022-2176,MINISTERIO DEL INTERIOR,estatal,Orden,17746,17747,"Orden INT/85/2022, de 10 de febrero, por la que se modifica la Orden INT/657/2020, de 17 de julio, por la que se modifican los criterios para la aplicación de una restricción temporal de viajes no imprescindibles desde terceros países a la Unión Europea y países asociados Schengen por razones de orden público y salud pública con motivo de la crisis sanitaria ocasionada por la COVID-19."
2022-02-11,36,1,BOE-A-2022-2177,COMUNIDAD AUTÓNOMA DEL PAÍS VASCO,autonómico,Ley,17748,17853,"Ley 11/2021, de 23 de diciembre, por la que se aprueban los Presupuestos Generales de la Comunidad Autónoma de Euskadi para el ejercicio 2022."
2022-02-11,36,1,BOE-A-2022-2178,COMUNIDAD AUTÓNOMA DEL PAÍS VASCO,autonómico,Corrección,17854,17854,"Corrección de errores de la Ley 10/2021, de 9 de diciembre, de Administración Ambiental de Euskadi."
2022-02-11,36,1,BOE-A-2022-2179,COMUNIDAD AUTÓNOMA DE CANTABRIA,autonómico,Ley,17855,17901,"Ley 10/2021, de 23 de diciembre, de Presupuestos Generales de la Comunidad Autónoma de Cantabria para el año 2022."
2022-02-11,36,1,BOE-A-2022-2180,COMUNIDAD AUTÓNOMA DE CANTABRIA,autonómico,Ley,17902,18042,"Ley 11/2021, de 23 de diciembre, de Medidas Fiscales y Administrativas."
2022-02-12,37,1,BOE-A-2022-2223,MINISTERIO DE DEFENSA,estatal,Real Decreto,18282,18295,"Real Decreto 93/2022, de 1 de febrero, por el que se aprueba el Reglamento de la calidad de la enseñanza militar y de su evaluación."
2022-02-12,37,1,BOE-A-2022-2224,MINISTERIO DE HACIENDA Y FUNCIÓN PÚBLICA,estatal,Resolución,18296,18299,"Resolución de 8 de febrero de 2022, de la Secretaría General de Financiación Autonómica y Local, por la que se desarrolla la información a suministrar por las Corporaciones locales relativa al esfuerzo fiscal de 2020 y su comprobación en las Delegaciones de Economía y Hacienda."
2022-02-12,37,1,BOE-A-2022-2225,MINISTERIO DE HACIENDA Y FUNCIÓN PÚBLICA,estatal,Resolución,18300,18304,"Resolución de 11 de febrero de 2022, de la Presidencia del Comisionado para el Mercado de Tabacos, por la que se publican los precios de venta al público de determinadas labores de tabaco en Expendedurías de Tabaco y Timbre del área del Monopolio."
2022-02-14,38,1,BOE-A-2022-2248,MINISTERIO PARA LA TRANSICIÓN ECOLÓGICA Y EL RETO DEMOGRÁFICO,estatal,Resolución,18481,18483,"Resolución de 9 de febrero de 2022, de la Dirección General de Política Energética y Minas, por la que se publican los nuevos precios de venta, antes de impuestos, de los gases licuados del petróleo por canalización."
2022-02-14,38,1,BOE-A-2022-2249,MINISTERIO DE ASUNTOS ECONÓMICOS Y TRANSFORMACIÓN DIGITAL,estatal,Orden,18484,18486,"Orden ETD/89/2022, de 8 de febrero, por la que se acuerda la emisión, acuñación y puesta en circulación de monedas de colección ""8 de marzo-Día Internacional de la Mujer-Homenaje a Clara Campoamor""."
2022-02-14,38,1,BOE-A-2022-2250,MINISTERIO DE IGUALDAD,estatal,Orden,18487,18490,"Orden IGD/90/2022, de 8 de febrero, por la que se crea la sede electrónica asociada del Ministerio de Igualdad."
2022-02-15,39,1,BOE-A-2022-2327,MINISTERIO DE HACIENDA Y FUNCIÓN PÚBLICA,estatal,Corrección,18993,18993,"Corrección de errores del Real Decreto 682/2021, de 3 de agosto, por el que se desarrolla la estructura orgánica básica del Ministerio de Hacienda y Función Pública y se modifica el Real Decreto 139/2020, de 28 de enero, por el que se establece la estructura orgánica básica de los departamentos ministeriales."
2022-02-15,39,1,BOE-A-2022-2328,MINISTERIO PARA LA TRANSICIÓN ECOLÓGICA Y EL RETO DEMOGRÁFICO,estatal,Orden,18994,19001,"Orden TED/92/2022, de 8 de febrero, por la que se determina la consideración como subproducto de los orujos grasos procedentes de almazara, cuando son destinados a la extracción de aceite de orujo de oliva crudo."
2022-02-15,39,1,BOE-A-2022-2329,MINISTERIO DE ASUNTOS ECONÓMICOS Y TRANSFORMACIÓN DIGITAL,estatal,Corrección,19002,19002,"Corrección de errores del Real Decreto 990/2021, de 16 de noviembre, por el que se aprueba la concesión directa de ayudas a las comunidades autónomas y a las ciudades de Ceuta y Melilla para la ejecución de diversas actuaciones de mejora de las infraestructuras de telecomunicaciones en edificios, en el marco del Plan de Recuperación, Transformación y Resiliencia."
2022-02-15,39,1,BOE-A-2022-2330,COMUNIDAD FORAL DE NAVARRA,autonómico,Decreto,19003,19007,"Decreto Foral Legislativo 1/2022, de 2 de febrero, de Armonización Tributaria, por el que se modifica el Impuesto sobre el Valor Añadido y el Impuesto sobre el Valor de la Producción de la Energía Eléctrica."
2022-02-16,40,1,BOE-A-2022-2460,MINISTERIO DE HACIENDA Y FUNCIÓN PÚBLICA,estatal,Real Decreto,19517,19521,"Real Decreto 124/2022, de 15 de febrero, por el que se modifican el Real Decreto 139/2020, de 28 de enero, por el que se establece la estructura orgánica básica de los departamentos ministeriales, y el Real Decreto 509/2020, de 5 de mayo, por el que se desarrolla la estructura orgánica básica del Ministerio de Cultura y Deporte."
2022-02-16,40,1,BOE-A-2022-2461,MINISTERIO DE HACIENDA Y FUNCIÓN PÚBLICA,estatal,Real Decreto,19522,19526,"Real Decreto 125/2022, de 15 de febrero, por el que se modifica el Real Decreto 139/2020, de 28 de enero, por el que se establece la estructura orgánica básica de los departamentos ministeriales."
2022-02-16,40,1,BOE-A-2022-2462,MINISTERIO DE HACIENDA Y FUNCIÓN PÚBLICA,estatal,Real Decreto,19527,19531,"Real Decreto 126/2022, de 15 de febrero, por el que se modifican el Real Decreto 139/2020, de 28 de enero, por el que se establece la estructura orgánica básica de los departamentos ministeriales, el Real Decreto 373/2020, de 18 de febrero, por el que se desarrolla la estructura orgánica básica del Ministerio de la Presidencia, Relaciones con las Cortes y Memoria Democrática, y el Real Decreto 1081/2017, de 29 de diciembre, por el que se establece el régimen de funcionamiento de la Oficina de Coordinación y Calidad Normativa."
2022-02-16,40,1,BOE-A-2022-2463,MINISTERIO DEL INTERIOR,estatal,Orden,19532,19536,"Orden INT/96/2022, de 11 de febrero, por la que se determinan las armas que, amparadas con licencia de armas ""F"", son consideradas de concurso."
2022-02-16,40,1,BOE-A-2022-2464,MINISTERIO DE EDUCACIÓN Y FORMACIÓN PROFESIONAL,estatal,Resolución,19537,19555,"Resolución de 11 de febrero de 2022, de la Secretaría de Estado de Educación, por la que se regula el proceso de admisión de alumnos y alumnas en centros docentes públicos y privados concertados que imparten el segundo ciclo de educación infantil, educación primaria, educación secundaria y bachillerato, en las Ciudades de Ceuta y Melilla para el curso 2022/2023."
2022-02-16,40,1,BOE-A-2022-2465,"MINISTERIO DE LA PRESIDENCIA, RELACIONES CON LAS CORTES Y MEMORIA DEMOCRÁTICA",estatal,Real Decreto,19556,19588,"Real Decreto 128/2022, de 15 de febrero, sobre instalaciones portuarias receptoras de desechos de buques."
2022-02-17,41,1,BOE-A-2022-2538,"MINISTERIO DE ASUNTOS EXTERIORES, UNIÓN EUROPEA Y COOPERACIÓN",estatal,Orden,19989,19989,"Orden AUC/101/2022, de 1 de febrero, por la que se traslada la sede de la Oficina Consular Honoraria, con categoría de Consulado Honorario de España, en la provincia de Alberta, Canadá."
2022-02-17,41,1,BOE-A-2022-2539,"MINISTERIO DE ASUNTOS EXTERIORES, UNIÓN EUROPEA Y COOPERACIÓN",estatal,Orden,19990,19991,"Orden AUC/102/2022, de 9 de febrero, por la que se crea la Oficina Consular Honoraria, con categoría de Consulado Honorario de España, en Eskisehir, en la República de Turquía."
2022-02-17,41,1,BOE-A-2022-2540,MINISTERIO DE EDUCACIÓN Y FORMACIÓN PROFESIONAL,estatal,Orden,19992,19994,"Orden EFP/103/2022, de 11 de febrero, por la que se establece la obligatoriedad de comunicaciones y notificaciones por medios electrónicos en los procedimientos de convocatorias de programas de movilidad y formación del profesorado de la acción educativa exterior."
2022-02-17,41,1,BOE-A-2022-2541,COMUNIDAD AUTÓNOMA DE CASTILLA-LA MANCHA,autonómico,Ley,19995,20002,"Ley 6/2021, de 5 de noviembre, de extinción de cámaras agrarias provinciales de Castilla-La Mancha y por la que se establece el régimen jurídico para realizar transmisiones de patrimonio procedentes del Instituto de Reforma y Desarrollo Agrario."
2022-02-17,41,1,BOE-A-2022-2542,COMUNIDAD AUTÓNOMA DE CASTILLA-LA MANCHA,autonómico,Ley,20003,20024,"Ley 7/2021, de 3 de diciembre, de la Cámara de Cuentas de Castilla-La Mancha."
2022-02-17,41,1,BOE-A-2022-2543,COMUNIDAD AUTÓNOMA DE CANARIAS,autonómico,Ley,20025,20079,"Ley 5/2021, de 21 de diciembre, de medidas urgentes de impulso de los sectores primario, energético, turístico y territorial de Canarias."
2022-02-17,41,1,BOE-A-2022-2544,COMUNIDAD AUTÓNOMA DE CANARIAS,autonómico,Ley,20080,20216,"Ley 6/2021, de 28 de diciembre, de Presupuestos Generales de la Comunidad Autónoma de Canarias para 2022."
2022-02-18,42,1,BOE-A-2022-2618,"MINISTERIO DE ASUNTOS EXTERIORES, UNIÓN EUROPEA Y COOPERACIÓN",estatal,Tratado o acuerdo internacional,20546,20546,"Enmienda al Anexo 6 del Convenio aduanero relativo al transporte internacional de mercancías al amparo de los cuadernos TIR (Convenio TIR), adoptada en Ginebra el 15 de octubre de 2020."
2022-02-18,42,1,BOE-A-2022-2619,"MINISTERIO DE ASUNTOS EXTERIORES, UNIÓN EUROPEA Y COOPERACIÓN",estatal,Tratado o acuerdo internacional,20547,20554,"Enmiendas al texto principal del Convenio aduanero relativo al transporte internacional de mercancías al amparo de los cuadernos TIR (Convenio TIR) e introducción de un nuevo Anexo 11, adoptadas en Ginebra el 6 de febrero de 2020."
2022-02-18,42,1,BOE-A-2022-2620,"MINISTERIO DE ASUNTOS EXTERIORES, UNIÓN EUROPEA Y COOPERACIÓN",estatal,Corrección,20555,20555,Corrección de errores del Reglamento de Ejecución del Convenio sobre la Patente Europea.
2022-02-18,42,1,BOE-A-2022-2621,"MINISTERIO DE AGRICULTURA, PESCA Y ALIMENTACIÓN",estatal,Orden,20556,20620,"Orden APA/104/2022, de 11 de febrero, por la que se modifican los anexos I, II, III y VI del Real Decreto 506/2013, de 28 de junio, sobre productos fertilizantes."
2022-02-18,42,1,BOE-A-2022-2622,"MINISTERIO DE LA PRESIDENCIA, RELACIONES CON LAS CORTES Y MEMORIA DEMOCRÁTICA",estatal,Corrección,20621,20621,"Corrección de errores del Real Decreto 128/2022, de 15 de febrero, sobre instalaciones portuarias receptoras de desechos de buques."
2022-02-18,42,1,BOE-A-2022-2623,COMUNIDAD AUTÓNOMA DE ANDALUCÍA,autonómico,Corrección,20622,20624,"Corrección de errores de la Ley 10/2021, de 28 de diciembre, de tasas y precios públicos de la Comunidad Autónoma de Andalucía."
2022-02-19,43,1,BOE-A-2022-2684,PRESIDENCIA DEL GOBIERNO,estatal,Real Decreto,20865,20865,"Real Decreto 146/2022, de 18 de febrero, por el que se declara luto oficial con motivo del naufragio del barco pesquero Villa de Pitanxo en aguas de Terranova, Canadá."
2022-02-19,43,1,BOE-A-2022-2685,MINISTERIO DE HACIENDA Y FUNCIÓN PÚBLICA,estatal,Resolución,20866,20870,"Resolución de 18 de febrero de 2022, de la Presidencia del Comisionado para el Mercado de Tabacos, por la que se publican los precios de venta al público de determinadas labores de tabaco en Expendedurías de Tabaco y Timbre del área del Monopolio."
2022-02-19,43,1,BOE-A-2022-2686,COMUNIDAD AUTÓNOMA DE LAS ILLES BALEARS,autonómico,Decreto-ley,20871,20884,"Decreto-ley 9/2021, de 23 de diciembre, de medidas urgentes en determinados sectores de actividad administrativa."
2022-02-21,44,1,BOE-A-2022-2705,JEFATURA DEL ESTADO,estatal,Otras,20969,20981,"Instrumento de ratificación del Protocolo que modifica el Convenio del 31 de enero de 1963 complementario al Convenio de París del 29 de julio de 1960 sobre la responsabilidad civil en materia de energía nuclear, modificado por el Protocolo Adicional del 28 de enero de 1964 y por el Protocolo de 16 de noviembre de 1982, hecho en París el 12 de febrero de 2004."
2022-02-21,44,1,BOE-A-2022-2706,COMUNIDAD AUTÓNOMA DE CATALUÑA,autonómico,Decreto-ley,20982,20998,"Decreto-ley 27/2021, de 14 de diciembre, de incorporación de las directivas (UE) 2019/770 y 2019/771, relativas a los contratos de suministro de contenidos y servicios digitales y a los contratos de compraventa de bienes, en el libro sexto del Código civil de Cataluña."
2022-02-21,44,1,BOE-A-2022-2707,COMUNIDAD AUTÓNOMA DE CATALUÑA,autonómico,Decreto-ley,20999,21009,"Decreto-ley 28/2021, de 21 de diciembre, de modificación del libro quinto del Código civil de Cataluña, con el fin de incorporar la regulación de las instalaciones para la mejora de la eficiencia energética o hídrica y de los sistemas de energías renovables en los edificios sometidos al régimen de propiedad horizontal, y de modificación del Decreto-ley 10/2020, de 27 de marzo, por el que se establecen nuevas medidas extraordinarias para hacer frente al impacto sanitario, económico y social de la COVID-19 en el ámbito de las personas jurídicas de derecho privado sujetos a las disposiciones del derecho civil catalán."
2022-02-21,44,1,BOE-A-2022-2708,COMUNIDAD AUTÓNOMA DE CATALUÑA,autonómico,Decreto-ley,21010,21012,"Decreto-ley 1/2022, de 11 de enero, por el que se establecen medidas extraordinarias para hacer frente al impacto sanitario, económico y social de la COVID-19 en el ámbito de las juntas de propietarios en las comunidades sujetas al régimen de propiedad horizontal."
2022-02-22,45,1,BOE-A-2022-2782,"MINISTERIO DE ASUNTOS EXTERIORES, UNIÓN EUROPEA Y COOPERACIÓN",estatal,Tratado o acuerdo internacional,21297,21302,"Acuerdo entre el Reino de España y la República de Uzbekistán sobre cooperación en materia de lucha contra la delincuencia, hecho ad referendum en Madrid el 5 de noviembre de 2013."
2022-02-22,45,1,BOE-A-2022-2783,COMISIÓN NACIONAL DEL MERCADO DE VALORES,estatal,Resolución,21303,21303,"Resolución de 18 de febrero de 2022, de la Comisión Nacional del Mercado de Valores, por la que se corrigen errores en la Circular 1/2022, de 10 de enero, relativa a la publicidad sobre criptoactivos presentados como objeto de inversión."
2022-02-23,46,1,BOE-A-2022-2849,JEFATURA DEL ESTADO,estatal,Real Decreto-ley,21575,21604,"Real Decreto-ley 2/2022, de 22 de febrero, por el que se adoptan medidas urgentes para la protección de los trabajadores autónomos, para la transición hacia los mecanismos estructurales de defensa del empleo, y para la recuperación económica y social de la isla de La Palma, y se prorrogan determinadas medidas para hacer frente a situaciones de vulnerabilidad social y económica."
2022-02-23,46,1,BOE-A-2022-2850,MINISTERIO DE JUSTICIA,estatal,Real Decreto,21605,21626,"Real Decreto 147/2022, de 22 de febrero, por el que se regula el régimen de sustituciones y de medidas de apoyo o refuerzo en el Ministerio Fiscal."
2022-02-23,46,1,BOE-A-2022-2851,MINISTERIO DE TRABAJO Y ECONOMÍA SOCIAL,estatal,Real Decreto,21627,21631,"Real Decreto 152/2022, de 22 de febrero, por el que se fija el salario mínimo interprofesional para 2022."
2022-02-23,46,1,BOE-A-2022-2852,"MINISTERIO DE LA PRESIDENCIA, RELACIONES CON LAS CORTES Y MEMORIA DEMOCRÁTICA",estatal,Real Decreto,21632,21648,"Real Decreto 154/2022, de 22 de febrero, por el que se establecen los umbrales de renta y patrimonio familiar y las cuantías de las becas y ayudas al estudio para el curso 2022-2023, y se modifica parcialmente el Real Decreto 1721/2007, de 21 de diciembre, por el que se establece el régimen de las becas y ayudas al estudio personalizadas."
2022-02-23,46,1,BOE-A-2022-2853,"MINISTERIO DE LA PRESIDENCIA, RELACIONES CON LAS CORTES Y MEMORIA DEMOCRÁTICA",estatal,Corrección,21649,21649,"Corrección de errores del Real Decreto 138/2020, de 28 de enero, por el que se establece la normativa básica en materia de actuaciones sanitarias en especies cinegéticas que actúan como reservorio de la tuberculosis (complejo Mycobacterium tuberculosis)."
2022-02-23,46,1,BOE-A-2022-2854,TRIBUNAL SUPREMO,estatal,Resolución judicial,21650,21651,"Sentencia de 16 de noviembre de 2021, de la Sala Tercera, Sección Tercera, del Tribunal Supremo, que estima parcialmente el recurso interpuesto por Endesa Generación, contra la Orden TED/776/2020, de 4 de agosto, por la que se revisan los precios de producto y logística a emplear en la determinación del precio de combustible y se establece un valor tope del tiempo de arranque de liquidación por instalación tipo aplicable a las instalaciones de producción ubicadas en los territorios no peninsulares con régimen retributivo adicional y Auto de subsanación y complemento de la citada Sentencia de fecha 20 de diciembre de 2021."
2022-02-23,46,1,BOE-A-2022-2855,COMUNIDAD AUTÓNOMA DE CASTILLA-LA MANCHA,autonómico,Ley,21652,21742,"Ley 8/2021, de 23 de diciembre, de Presupuestos Generales de la Junta de Comunidades de Castilla-La Mancha para 2022."
2022-02-24,47,1,BOE-A-2022-2925,MINISTERIO DE HACIENDA Y FUNCIÓN PÚBLICA,estatal,Orden,22151,22153,"Orden HFP/111/2022, de 22 de febrero, por la que se determina el importe a percibir por cada Comunidad Autónoma de régimen común y por las Ciudades de Ceuta y Melilla de la compensación por el efecto de la implantación del SII-IVA en la liquidación de los recursos del Sistema de Financiación Autonómica de 2017, de conformidad con lo dispuesto en la disposición adicional nonagésima de la Ley 22/2021, de 28 de diciembre, de Presupuestos Generales del Estado para el año 2022."
2022-02-24,47,1,BOE-A-2022-2926,MINISTERIO DE SANIDAD,estatal,Resolución,22154,22155,"Resolución de 23 de febrero de 2022, por la que se modifica la de 4 de junio de 2021, de la Dirección General de Salud Pública, relativa a los controles sanitarios a realizar en los puntos de entrada de España."
2022-02-24,47,1,BOE-A-2022-2927,TRIBUNAL SUPREMO,estatal,Resolución judicial,22156,22156,"Sentencia de 20 de diciembre de 2021, de la Sala Tercera del Tribunal Supremo, que estima el recurso contencioso-administrativo interpuesto por la mercantil Viesgo Infraestructuras Energéticas, SA, (antes E.ON España, SLU), contra el Real Decreto 968/2014, de 21 de noviembre, por el que se desarrolla la metodología para la fijación de los porcentajes de reparto de las cantidades a financiar relativas al bono social."
2022-02-25,48,1,BOE-A-2022-2977,JEFATURA DEL ESTADO,estatal,Ley,22371,22378,"Ley 2/2022, de 24 de febrero, de medidas financieras de apoyo social y económico y de cumplimiento de la ejecución de sentencias."
2022-02-25,48,1,BOE-A-2022-2978,JEFATURA DEL ESTADO,estatal,Ley,22379,22396,"Ley 3/2022, de 24 de febrero, de convivencia universitaria."
2022-02-25,48,1,BOE-A-2022-2979,MINISTERIO DE HACIENDA Y FUNCIÓN PÚBLICA,estatal,Orden,22397,22398,"Orden HFP/114/2022, de 22 de febrero, por la que se modifica la Orden de 2 de junio de 1994, por la que se desarrolla la estructura de la Agencia Estatal de Administración Tributaria."
2022-02-25,48,1,BOE-A-2022-2980,MINISTERIO DE HACIENDA Y FUNCIÓN PÚBLICA,estatal,Orden,22399,22410,"Orden HFP/115/2022, de 23 de febrero, por la que se aprueba la relación de valores negociados en centros de negociación, con su valor de negociación medio correspondiente al cuarto trimestre de 2021, a efectos de la declaración del Impuesto sobre el Patrimonio del año 2021 y de la declaración informativa anual acerca de valores, seguros y rentas, y por la que se modifica la Orden EHA/3481/2008, de 1 de diciembre, por la que se aprueba el modelo 189 de declaración informativa anual acerca de valores, seguros y rentas, los diseños físicos y lógicos para la sustitución de las hojas interiores de dicho modelo por soportes directamente legibles por ordenador y se establecen las condiciones y el procedimiento para su presentación telemática."
2022-02-25,48,1,BOE-A-2022-2981,"MINISTERIO DE INCLUSIÓN, SEGURIDAD SOCIAL Y MIGRACIONES",estatal,Corrección,22411,22411,"Corrección de errores del Real Decreto 65/2022, de 25 de enero, sobre actualización de las pensiones del sistema de la Seguridad Social, de las pensiones de Clases Pasivas y de otras prestaciones sociales públicas para el ejercicio 2022."
2022-02-25,48,1,BOE-A-2022-2982,COMUNIDAD AUTÓNOMA DE CATALUÑA,autonómico,Corrección,22412,22412,"Corrección de errores en el Decreto-ley 28/2021, de 21 de diciembre, de modificación del libro quinto del Código civil de Cataluña, con el fin de incorporar la regulación de las instalaciones para la mejora de la eficiencia energética o hídrica y de los sistemas de energías renovables en los edificios sometidos al régimen de propiedad horizontal, y de modificación del Decreto-ley 10/2020, de 27 de marzo, por el que se establecen nuevas medidas extraordinarias para hacer frente al impacto sanitario, económico y social de la COVID-19 en el ámbito de las personas jurídicas de derecho privado sujetas a las disposiciones del derecho civil catalán."
2022-02-25,48,1,BOE-A-2022-2983,COMUNIDAD AUTÓNOMA DE CANARIAS,autonómico,Decreto-ley,22413,22428,"Decreto-ley 13/2021, de 28 de octubre, por el que se regula, en el ámbito de la Comunidad Autónoma de Canarias, la concesión directa de subvenciones destinadas a paliar la difícil situación económica que atraviesan, como consecuencia de la crisis sanitaria ocasionada por el COVID-19, determinados sectores económicos, agrícolas, agroalimentarios, ganaderos y pesqueros."
2022-02-25,48,1,BOE-A-2022-2984,COMUNIDAD AUTÓNOMA DE CANARIAS,autonómico,Decreto-ley,22429,22446,"Decreto-ley 14/2021, de 28 de octubre, por el que se regula el marco general para la tramitación de los procedimientos de concesión de ayudas con carácter de emergencia, destinadas a paliar las necesidades derivadas de la situación de emergencia producida por las erupciones volcánicas en la isla de La Palma."
2022-02-25,48,1,BOE-A-2022-2985,COMUNIDAD AUTÓNOMA DE CANARIAS,autonómico,Decreto-ley,22447,22464,"Decreto-ley 15/2021, de 18 de noviembre, por el que se aprueba el abono de una prestación extraordinaria a las personas titulares de las Pensiones No Contributivas, del Fondo de Asistencia Social, del Subsidio de Garantía de Ingresos Mínimos y de la Prestación Canaria de Inserción, residentes en la Comunidad Autónoma de Canarias, para paliar los efectos sociales derivados de la COVID-19, así como un suplemento extraordinario a las personas titulares de la Prestación Canaria de Inserción residentes en los municipios de Los Llanos de Aridane, El Paso y Tazacorte para paliar los efectos sociales derivados de la crisis volcánica y otras medidas en los ámbitos social, agrario y de uso del suelo."
2022-02-26,49,1,BOE-A-2022-3051,"MINISTERIO DE ASUNTOS EXTERIORES, UNIÓN EUROPEA Y COOPERACIÓN",estatal,Tratado o acuerdo internacional,22754,22759,"Acuerdo de colaboración entre el Consejo General del Poder Judicial y la Fiscalía Europea, para la utilización de la plataforma de servicios del punto neutro judicial, hecho en Madrid y Luxemburgo el 2 de febrero de 2022."
2022-02-26,49,1,BOE-A-2022-3052,MINISTERIO DE HACIENDA Y FUNCIÓN PÚBLICA,estatal,Resolución,22760,22763,"Resolución de 25 de febrero de 2022, de la Presidencia del Comisionado para el Mercado de Tabacos, por la que se publican los precios de venta al público de determinadas labores de tabaco en Expendedurías de Tabaco y Timbre del área del Monopolio."
2022-02-26,49,1,BOE-A-2022-3053,MINISTERIO DEL INTERIOR,estatal,Orden,22764,22765,"Orden INT/120/2022, de 25 de febrero, por la que se modifica la Orden INT/657/2020, de 17 de julio, por la que se modifican los criterios para la aplicación de una restricción temporal de viajes no imprescindibles desde terceros países a la Unión Europea y países asociados Schengen por razones de orden público y salud pública con motivo de la crisis sanitaria ocasionada por la COVID-19."
2022-02-26,49,1,BOE-A-2022-3054,"MINISTERIO DE LA PRESIDENCIA, RELACIONES CON LAS CORTES Y MEMORIA DEMOCRÁTICA",estatal,Orden,22766,22767,"Orden PCM/121/2022, de 24 de febrero, por la que se modifica la Orden PCM/1353/2021, de 2 de diciembre, por la que se desarrollan las normas legales de cotización a la Seguridad Social, desempleo, protección por cese de actividad, Fondo de Garantía Salarial y Formación Profesional para el ejercicio 2021."
2022-02-26,49,1,BOE-A-2022-3055,"MINISTERIO DE LA PRESIDENCIA, RELACIONES CON LAS CORTES Y MEMORIA DEMOCRÁTICA",estatal,Orden,22768,22770,"Orden PCM/122/2022, de 24 de febrero, por la que se publica el Acuerdo del Consejo de Ministros de 22 de febrero de 2022, por el que se prorrogan las medidas contenidas en el artículo 15 del Real Decreto-ley 38/2020, de 29 de diciembre, por el que se adoptan medidas de adaptación a la situación de Estado Tercero del Reino Unido de Gran Bretaña e Irlanda del Norte tras la finalización del periodo transitorio previsto en el Acuerdo sobre la retirada del Reino Unido de Gran Bretaña e Irlanda del Norte de la Unión Europea y de la Comunidad Europea de la Energía Atómica, de 31 de enero de 2020."
2022-02-26,49,1,BOE-A-2022-3056,MINISTERIO DE ASUNTOS ECONÓMICOS Y TRANSFORMACIÓN DIGITAL,estatal,Real Decreto,22771,23070,"Real Decreto 97/2022, de 1 de febrero, por el que se aprueba el Programa anual 2022 del Plan Estadístico Nacional 2021-2024."
2022-02-28,50,1,BOE-A-2022-3104,MINISTERIO DE UNIVERSIDADES,estatal,Orden,23233,23235,"Orden UNI/124/2022, de 22 de febrero, por la que se modifica la Orden ECD/775/2015, de 29 de abril, por la que se establece la equivalencia de la formación conducente al nombramiento de Subinspector del Cuerpo Nacional de Policía al nivel académico universitario oficial de Grado, y se modifica la Orden EDU/3125/2011, de 11 de noviembre, por la que se establece la equivalencia de la formación conducente al nombramiento de Inspector del Cuerpo Nacional de Policía al nivel académico de Máster Universitario Oficial."
2022-02-28,50,1,BOE-A-2022-3105,COMUNIDAD AUTÓNOMA DE ARAGÓN,autonómico,Decreto-ley,23236,23242,"Decreto-ley 1/2022, de 26 de enero, del Gobierno de Aragón, por el que se establecen medidas urgentes para reparar los daños causados y las pérdidas producidas en el territorio de Aragón por los desbordamientos en la cuenca del río Ebro durante el mes de diciembre de 2021 y enero de 2022."
2022-03-01,51,1,BOE-A-2022-3198,JEFATURA DEL ESTADO,estatal,Ley,23787,23817,"Ley 4/2022, de 25 de febrero, de protección de los consumidores y usuarios frente a situaciones de vulnerabilidad social y económica."
2022-03-02,52,1,BOE-A-2022-3290,JEFATURA DEL ESTADO,estatal,Real Decreto-ley,24298,24332,"Real Decreto-ley 3/2022, de 1 de marzo, de medidas para la mejora de la sostenibilidad del transporte de mercancías por carretera y del funcionamiento de la cadena logística, y por el que se transpone la Directiva (UE) 2020/1057, de 15 de julio de 2020, por la que se fijan normas específicas con respecto a la Directiva 96/71/CE y la Directiva 2014/67/UE para el desplazamiento de los conductores en el sector del transporte por carretera, y de medidas excepcionales en materia de revisión de precios en los contratos públicos de obras."
2022-03-02,52,1,BOE-A-2022-3291,TRIBUNAL CONSTITUCIONAL,estatal,Resolución judicial,24333,24333,"Cuestión de inconstitucionalidad n.º 54-2022, en relación con el artículo 10.8 de la Ley 29/1998, de 13 de julio, reguladora de la Jurisdicción Contencioso-administrativa, introducido por la disposición final segunda de la Ley 3/2020, de 18 de septiembre, de medidas procesales y organizativas para hacer frente a la COVID-19 en el ámbito de la Administración de Justicia."
2022-03-02,52,1,BOE-A-2022-3292,MINISTERIO DE HACIENDA Y FUNCIÓN PÚBLICA,estatal,Real Decreto,24334,24338,"Real Decreto 156/2022, de 1 de marzo, por el que se modifican el Real Decreto 139/2020, de 28 de enero, por el que se establece la estructura orgánica básica de los departamentos ministeriales, y el Real Decreto 403/2020, de 25 de febrero, por el que se desarrolla la estructura orgánica básica del Ministerio de Asuntos Económicos y Transformación Digital."
2022-03-02,52,1,BOE-A-2022-3293,MINISTERIO DE HACIENDA Y FUNCIÓN PÚBLICA,estatal,Resolución,24339,24344,"Resolución de 28 de febrero de 2022, de la Presidencia de la Agencia Estatal de Administración Tributaria, por la que se crea la Unidad Nacional de Coordinación de Asistencia Digital y el Comité Permanente de Información y Asistencia Digital y se establecen sus normas de organización y funcionamiento."
2022-03-02,52,1,BOE-A-2022-3294,"MINISTERIO DE TRANSPORTES, MOVILIDAD Y AGENDA URBANA",estatal,Orden,24345,24359,"Orden TMA/138/2022, de 28 de febrero, por la que se modifican los Anexos I, III, IV y VI del Real Decreto 983/2021, de 16 de noviembre, por el que se aprueba la concesión directa a las comunidades autónomas y a las ciudades de Ceuta y Melilla de ayudas para la transformación de flotas de transporte de viajeros y mercancías de empresas privadas prestadoras de servicios de transporte por carretera, así como de empresas que realicen transporte privado complementario, en el marco del Plan de Recuperación, Transformación y Resiliencia."
2022-03-02,52,1,BOE-A-2022-3295,MINISTERIO DE EDUCACIÓN Y FORMACIÓN PROFESIONAL,estatal,Real Decreto,24360,24385,"Real Decreto 127/2022, de 15 de febrero, por el que se crea como Centro de Referencia Nacional el Centro Andaluz de Formación Integral de las Industrias del Ocio de Mijas, en diferentes áreas profesionales de la familia profesional de Hostelería y Turismo, en el ámbito de la formación profesional."
2022-03-02,52,1,BOE-A-2022-3296,MINISTERIO DE EDUCACIÓN Y FORMACIÓN PROFESIONAL,estatal,Real Decreto,24386,24504,"Real Decreto 157/2022, de 1 de marzo, por el que se establecen la ordenación y las enseñanzas mínimas de la Educación Primaria."
2022-03-03,53,1,BOE-A-2022-3350,TRIBUNAL CONSTITUCIONAL,estatal,Resolución judicial,24994,24994,"Recurso de inconstitucionalidad n.º 735-2022, contra el Real Decreto-ley 26/2021, de 8 de noviembre, por el que se adapta el texto refundido de la Ley Reguladora de las Haciendas Locales, aprobado por el Real Decreto Legislativo 2/2004, de 5 de marzo, a la reciente jurisprudencia del Tribunal Constitucional respecto del Impuesto sobre el Incremento de Valor de los Terrenos de Naturaleza Urbana."
2022-03-03,53,1,BOE-A-2022-3351,TRIBUNAL CONSTITUCIONAL,estatal,Resolución judicial,24995,24995,"Recurso de inconstitucionalidad n.º 825-2022, contra el Real Decreto-ley 26/2021, de 8 de noviembre, por el que se adapta el texto refundido de la Ley Reguladora de las Haciendas Locales, aprobado por el Real Decreto Legislativo 2/2004, de 5 de marzo, a la reciente jurisprudencia del Tribunal Constitucional respecto del Impuesto sobre el Incremento de Valor de los Terrenos de Naturaleza Urbana."
2022-03-03,53,1,BOE-A-2022-3352,"MINISTERIO DE ASUNTOS EXTERIORES, UNIÓN EUROPEA Y COOPERACIÓN",estatal,Tratado o acuerdo internacional,24996,25032,"Acuerdo Internacional Administrativo sobre las condiciones de adscripción en comisión de servicio de un funcionario español al Consejo de Europa, hecho en Estrasburgo el 4 y 5 de febrero de 2021."
2022-03-03,53,1,BOE-A-2022-3353,"MINISTERIO DE ASUNTOS EXTERIORES, UNIÓN EUROPEA Y COOPERACIÓN",estatal,Tratado o acuerdo internacional,25033,25045,"Acuerdo sobre Transporte Aéreo entre el Reino de España y la República de Filipinas, hecho en Madrid el 12 de junio de 2018."
2022-03-03,53,1,BOE-A-2022-3354,MINISTERIO DE ASUNTOS ECONÓMICOS Y TRANSFORMACIÓN DIGITAL,estatal,Resolución,25046,25047,"Resolución de 25 de febrero de 2022, de la Secretaría de Estado de Economía y Apoyo a la Empresa, por la que se publica el Acuerdo del Consejo de Ministros de 22 de febrero de 2022, por el que se extiende durante seis meses la suspensión establecida por el Real Decreto-ley 20/2021, de 5 de octubre, por el que se adoptan medidas urgentes de apoyo para la reparación de los daños ocasionados por las erupciones volcánicas y para la reconstrucción económica y social de la isla de La Palma, de las obligaciones de pago de intereses y principal para préstamos y créditos concedidos a afectados por los movimientos sísmicos y erupciones volcánicas acaecidos en la isla de La Palma."
2022-03-04,54,1,BOE-A-2022-3408,MINISTERIO DE JUSTICIA,estatal,Orden,25280,25283,"Orden JUS/146/2022, de 21 de febrero, por la que se crea la Unidad Administrativa-Oficina de la Fiscalía Europea en España y se aprueba su relación de puestos de trabajo."
2022-03-04,54,1,BOE-A-2022-3409,MINISTERIO DE HACIENDA Y FUNCIÓN PÚBLICA,estatal,Orden,25284,25295,"Orden HFP/147/2022, de 2 de marzo, sobre documentación y tramitación de expedientes de modificaciones presupuestarias y de autorizaciones para adquirir compromisos de gasto con cargo a ejercicios futuros."
2022-03-04,54,1,BOE-A-2022-3410,"MINISTERIO DE TRANSPORTES, MOVILIDAD Y AGENDA URBANA",estatal,Corrección,25296,25296,"Corrección de errores del Real Decreto 853/2021, de 5 de octubre, por el que se regulan los programas de ayuda en materia de rehabilitación residencial y vivienda social del Plan de Recuperación, Transformación y Resiliencia."
2022-03-04,54,1,BOE-A-2022-3411,"MINISTERIO DE TRANSPORTES, MOVILIDAD Y AGENDA URBANA",estatal,Corrección,25297,25298,"Corrección de errores del Real Decreto 983/2021, de 16 de noviembre, por el que se aprueba la concesión directa a las comunidades autónomas y a las ciudades de Ceuta y Melilla de ayudas para la transformación de flotas de transporte de viajeros y mercancías de empresas privadas prestadoras de servicios de transporte por carretera, así como de empresas que realicen transporte privado complementario, en el marco del Plan de Recuperación, Transformación y Resiliencia."
2022-03-04,54,1,BOE-A-2022-3412,COMUNIDAD AUTÓNOMA DE GALICIA,autonómico,Ley,25299,25301,"Ley 15/2021, de 3 de diciembre, por la que se modifica la Ley 11/2007, de 27 de julio, gallega para la prevención y el tratamiento integral de la violencia de género."
2022-03-04,54,1,BOE-A-2022-3413,COMUNIDAD AUTÓNOMA DE GALICIA,autonómico,Ley,25302,25319,"Ley 16/2021, de 20 de diciembre, del Plan gallego de estadística 2022-2026."
2022-03-04,54,1,BOE-A-2022-3414,COMUNIDAD AUTÓNOMA DE GALICIA,autonómico,Ley,25320,25409,"Ley 17/2021, de 27 de diciembre, de presupuestos generales de la Comunidad Autónoma de Galicia para el año 2022."
2022-03-04,54,1,BOE-A-2022-3415,COMUNIDAD AUTÓNOMA DE GALICIA,autonómico,Ley,25410,25500,"Ley 18/2021, de 27 de diciembre, de medidas fiscales y administrativas."
2022-03-04,54,1,BOE-A-2022-3416,COMUNIDAD AUTÓNOMA DE ANDALUCÍA,autonómico,Corrección,25501,25502,"Corrección de errores de la Ley 10/2021, de 28 de diciembre, de tasas y precios públicos de la Comunidad Autónoma de Andalucía."
2022-03-04,54,1,BOE-A-2022-3417,COMUNIDAD AUTÓNOMA DE LAS ILLES BALEARS,autonómico,Decreto,25503,25504,"Decreto 52/2021, de 20 de diciembre, por el que se fija el calendario de días inhábiles para el año 2022 a efectos del cómputo administrativo."
2022-03-05,55,1,BOE-A-2022-3475,MINISTERIO DE HACIENDA Y FUNCIÓN PÚBLICA,estatal,Resolución,26337,26340,"Resolución de 4 de marzo de 2022, de la Presidencia del Comisionado para el Mercado de Tabacos, por la que se publican los precios de venta al público de determinadas labores de tabaco en Expendedurías de Tabaco y Timbre del área del Monopolio."
2022-03-05,55,1,BOE-A-2022-3476,MINISTERIO DEL INTERIOR,estatal,Real Decreto,26341,26351,"Real Decreto 175/2022, de 4 de marzo, por el que se desarrollan los derechos de las asociaciones profesionales de guardias civiles, de sus representantes y de los miembros del Consejo de la Guardia Civil elegidos en representación de los miembros del Cuerpo."
2022-03-05,55,1,BOE-A-2022-3477,"MINISTERIO DE LA PRESIDENCIA, RELACIONES CON LAS CORTES Y MEMORIA DEMOCRÁTICA",estatal,Real Decreto,26352,26367,"Real Decreto 176/2022, de 4 de marzo, por el que se aprueba el Código de Conducta del personal de la Guardia Civil."
2022-03-05,55,1,BOE-A-2022-3478,"MINISTERIO DE LA PRESIDENCIA, RELACIONES CON LAS CORTES Y MEMORIA DEMOCRÁTICA",estatal,Orden,26368,26371,"Orden PCM/153/2022, de 4 de marzo, por la que se publica el Acuerdo del Consejo de Ministros de 4 de marzo de 2022, por el que se liberan existencias mínimas de seguridad de productos petrolíferos en el marco de una acción coordinada de la Agencia Internacional de la Energía."
2022-03-05,55,1,BOE-A-2022-3479,MINISTERIO DE ASUNTOS ECONÓMICOS Y TRANSFORMACIÓN DIGITAL,estatal,Resolución,26372,26374,"Resolución de 3 de marzo de 2022, de la Secretaría General del Tesoro y Financiación Internacional, por la que se actualiza el Anexo 1 de la Resolución de 4 de julio de 2017, de la Secretaría General del Tesoro y Política Financiera, por la que se define el principio de prudencia financiera aplicable a las operaciones de endeudamiento y derivados de las comunidades autónomas y entidades locales."
2022-03-05,55,1,BOE-A-2022-3480,COMUNIDAD FORAL DE NAVARRA,autonómico,Ley,26375,26375,"Ley Foral 2/2022, de 9 de febrero, de Cuentas Generales de Navarra de 2020."
2022-03-05,55,1,BOE-A-2022-3481,COMUNIDAD FORAL DE NAVARRA,autonómico,Ley,26376,26379,"Ley Foral 3/2022, de 9 de febrero, de creación del Colegio de Logopedas de Navarra/Nafarroako Logopeden Elkargoa."
2022-03-07,56,1,BOE-A-2022-3524,"MINISTERIO DE ASUNTOS EXTERIORES, UNIÓN EUROPEA Y COOPERACIÓN",estatal,Corrección,26518,26518,"Corrección de errores del Acuerdo entre el Gobierno del Reino de España y el Gobierno de la República de Croacia para la protección mutua de la información clasificada, hecho en Zagreb el 15 de diciembre de 2020."
2022-03-07,56,1,BOE-A-2022-3525,"MINISTERIO DE ASUNTOS EXTERIORES, UNIÓN EUROPEA Y COOPERACIÓN",estatal,Orden,26519,26528,"Orden AUC/154/2022, de 21 de febrero, por la que se regulan las ayudas de protección y asistencia consulares en el extranjero."
2022-03-07,56,1,BOE-A-2022-3526,MINISTERIO PARA LA TRANSICIÓN ECOLÓGICA Y EL RETO DEMOGRÁFICO,estatal,Orden,26529,26533,"Orden TED/155/2022, de 24 de febrero, por la que se crea la Comisión de Gestión Técnica de la transferencia de recursos hídricos desde la Demarcación Hidrográfica Tinto, Odiel y Piedras a la Demarcación Hidrográfica del Guadalquivir."
2022-03-07,56,1,BOE-A-2022-3527,MINISTERIO DE ASUNTOS ECONÓMICOS Y TRANSFORMACIÓN DIGITAL,estatal,Resolución,26534,26540,"Resolución de 23 de febrero de 2022, de la Secretaría General de Administración Digital, por la que se establecen las condiciones de uso de firma electrónica no criptográfica vinculada a ""AutenticA"", para la relación con la Administración General del Estado y sus organismos públicos y entidades de derecho público vinculados o dependientes."
2022-03-08,57,1,BOE-A-2022-3598,MINISTERIO DE DERECHOS SOCIALES Y AGENDA 2030,estatal,Orden,27180,27182,"Orden DSA/159/2022, de 2 de marzo, por la que se crea una oficina de asistencia en materia de registros."
2022-03-08,57,1,BOE-A-2022-3599,"MINISTERIO DE INCLUSIÓN, SEGURIDAD SOCIAL Y MIGRACIONES",estatal,Orden,27183,27184,"Orden ISM/160/2022, de 7 de marzo, por la que se modifica la Orden ISM/1288/2020, de 18 de diciembre, por la que se crean y regulan la Junta de Contratación y la Mesa Única de Contratación."
2022-03-08,57,1,BOE-A-2022-3600,COMUNIDAD AUTÓNOMA DE LA RIOJA,autonómico,Ley,27185,27189,"Ley 1/2022, de 23 de febrero, de transformación de la organización sanitaria ""Fundación Hospital Calahorra"" en Fundación Pública Sanitaria, regulación de su régimen jurídico e integración en el Servicio Riojano de Salud como entidad dependiente."
2022-03-08,57,1,BOE-A-2022-3601,COMUNIDAD AUTÓNOMA DE LA RIOJA,autonómico,Ley,27190,27218,"Ley 2/2022, de 23 de febrero, de igualdad, reconocimiento a la identidad y expresión de género y derechos de las personas trans y sus familiares en la Comunidad Autónoma de La Rioja."
2022-03-09,58,1,BOE-A-2022-3675,"MINISTERIO DE TRANSPORTES, MOVILIDAD Y AGENDA URBANA",estatal,Real Decreto,27648,27680,"Real Decreto 183/2022, de 8 de marzo, por el que se regula la interoperabilidad de los sistemas de telepeaje en las carreteras españolas."
2022-03-09,58,1,BOE-A-2022-3676,"MINISTERIO DE AGRICULTURA, PESCA Y ALIMENTACIÓN",estatal,Real Decreto,27681,27688,"Real Decreto 110/2022, de 8 de febrero, por el que se modifica el Real Decreto 511/2017, de 22 de mayo, por el que se desarrolla la aplicación en España de la normativa de la Unión Europea en relación con el programa escolar de consumo de frutas, hortalizas y leche."
2022-03-10,59,1,BOE-A-2022-3712,JEFATURA DEL ESTADO,estatal,Ley,28280,28295,"Ley 5/2022, de 9 de marzo, por la que se modifican la Ley 27/2014, de 27 de noviembre, del Impuesto sobre Sociedades, y el texto refundido de la Ley del Impuesto sobre la Renta de no Residentes, aprobado mediante Real Decreto Legislativo 5/2004, de 5 de marzo, en relación con las asimetrías híbridas."
2022-03-10,59,1,BOE-A-2022-3713,MINISTERIO DE HACIENDA Y FUNCIÓN PÚBLICA,estatal,Orden,28296,28302,"Orden HFP/168/2022, de 7 de marzo, por la que se regula el funcionamiento y estructura del Registro Estatal de las entidades interesadas en los Proyectos Estratégicos para la Recuperación y Transformación Económica."
2022-03-10,59,1,BOE-A-2022-3714,MINISTERIO DE TRABAJO Y ECONOMÍA SOCIAL,estatal,Corrección,28303,28303,"Corrección de errores de la Resolución de 9 de diciembre de 2021, de la Secretaría de Estado de Empleo y Economía Social, por la que se publica el Acuerdo del Consejo de Ministros de 3 de diciembre de 2021, por el que se aprueba el Plan Anual de Política de Empleo para 2021, según lo establecido en el artículo 11.2 del texto refundido de la Ley de Empleo, aprobado por el Real Decreto Legislativo 3/2015, de 23 de octubre."
2022-03-10,59,1,BOE-A-2022-3715,"MINISTERIO DE LA PRESIDENCIA, RELACIONES CON LAS CORTES Y MEMORIA DEMOCRÁTICA",estatal,Orden,28304,28307,"Orden PCM/169/2022, de 9 de marzo, por la que se desarrolla el procedimiento para el reconocimiento de la protección temporal a personas afectadas por el conflicto en Ucrania."
2022-03-10,59,1,BOE-A-2022-3716,"MINISTERIO DE LA PRESIDENCIA, RELACIONES CON LAS CORTES Y MEMORIA DEMOCRÁTICA",estatal,Orden,28308,28310,"Orden PCM/170/2022, de 9 de marzo, por la que se publica el Acuerdo del Consejo de Ministros de 8 de marzo de 2022, por el que se amplía la protección temporal otorgada en virtud de la Decisión de Ejecución (UE) 2022/382 del Consejo de 4 de marzo de 2022 a personas afectadas por el conflicto de Ucrania que puedan encontrar refugio en España."
2022-03-10,59,1,BOE-A-2022-3717,MINISTERIO PARA LA TRANSICIÓN ECOLÓGICA Y EL RETO DEMOGRÁFICO,estatal,Real Decreto,28311,28336,"Real Decreto 159/2022, de 1 de marzo, sobre conservación de los recursos genéticos forestales y de la flora silvestre y por el que se modifica el Real Decreto 1424/2008, de 14 de agosto, por el que se determinan la composición y las funciones de la Comisión Estatal para el Patrimonio Natural y la Biodiversidad, se dictan las normas que regulan su funcionamiento y se establecen los comités especializados adscritos a la misma, y el Real Decreto 1269/2018, de 11 de octubre, por el que se determinan la composición, las funciones y las normas de funcionamiento del Consejo Forestal Nacional."
2022-03-10,59,1,BOE-A-2022-3718,COMISIÓN NACIONAL DEL MERCADO DE VALORES,estatal,Resolución,28337,28338,"Resolución de 28 de febrero de 2022, del Consejo de la Comisión Nacional del Mercado de Valores, por la que se modifica el Reglamento de Régimen Interior de la Comisión."
2022-03-11,60,1,BOE-A-2022-3810,MINISTERIO DE HACIENDA Y FUNCIÓN PÚBLICA,estatal,Corrección,28811,28811,"Corrección de errores de la Orden HFP/115/2022, de 23 de febrero, por la que se aprueba la relación de valores negociados en centros de negociación, con su valor de negociación medio correspondiente al cuarto trimestre de 2021, a efectos de la declaración del Impuesto sobre el Patrimonio del año 2021 y de la declaración informativa anual acerca de valores, seguros y rentas, y por la que se modifica la Orden EHA/3481/2008, de 1 de diciembre, por la que se aprueba el modelo 189 de declaración informativa anual acerca de valores, seguros y rentas, los diseños físicos y lógicos para la sustitución de las hojas interiores de dicho modelo por soportes directamente legibles por ordenador y se establecen las condiciones y el procedimiento para su presentación telemática."
2022-03-11,60,1,BOE-A-2022-3811,MINISTERIO PARA LA TRANSICIÓN ECOLÓGICA Y EL RETO DEMOGRÁFICO,estatal,Corrección,28812,28812,"Corrección de errores del Real Decreto 159/2022, de 1 de marzo, sobre conservación de los recursos genéticos forestales y de la flora silvestre y por el que se modifica el Real Decreto 1424/2008, de 14 de agosto, por el que se determinan la composición y las funciones de la Comisión Estatal para el Patrimonio Natural y la Biodiversidad, se dictan las normas que regulan su funcionamiento y se establecen los comités especializados adscritos a la misma, y el Real Decreto 1269/2018, de 11 de octubre, por el que se determinan la composición, las funciones y las normas de funcionamiento del Consejo Forestal Nacional."
2022-03-11,60,1,BOE-A-2022-3812,TRIBUNAL SUPREMO,estatal,Resolución judicial,28813,28814,"Sentencia de 21 de diciembre de 2021, de la Sala Tercera del Tribunal Supremo, que estima el recurso contencioso-administrativo interpuesto por Iberdrola, SA, contra el Real Decreto 968/2014, de 21 de noviembre, que desarrolla el método y condiciones para calcular los porcentajes de reparto de cantidades a financiar relativas al bono social."
2022-03-12,61,1,BOE-A-2022-3881,"MINISTERIO DE ASUNTOS EXTERIORES, UNIÓN EUROPEA Y COOPERACIÓN",estatal,Tratado o acuerdo internacional,29435,29437,"Enmiendas al texto principal del Convenio aduanero relativo al transporte internacional de mercancías al amparo de los cuadernos TIR (Convenio TIR), adoptadas en Ginebra el 15 de octubre de 2020."
2022-03-12,61,1,BOE-A-2022-3882,MINISTERIO DE HACIENDA Y FUNCIÓN PÚBLICA,estatal,Resolución,29438,29441,"Resolución de 11 de marzo de 2022, de la Presidencia del Comisionado para el Mercado de Tabacos, por la que se publican los precios de venta al público de determinadas labores de tabaco en Expendedurías de Tabaco y Timbre del área del Monopolio."
2022-03-14,62,1,BOE-A-2022-3908,MINISTERIO DE HACIENDA Y FUNCIÓN PÚBLICA,estatal,Orden,29686,29687,"Orden HFP/179/2022, de 8 de marzo, por la que se modifica la Orden PRE/3581/2007, de 10 de diciembre, por la que se establecen los departamentos de la Agencia Estatal de Administración Tributaria y se les atribuyen funciones y competencias."
2022-03-14,62,1,BOE-A-2022-3909,MINISTERIO PARA LA TRANSICIÓN ECOLÓGICA Y EL RETO DEMOGRÁFICO,estatal,Resolución,29688,29690,"Resolución de 8 de marzo de 2022, de la Dirección General de Política Energética y Minas, por la que se publican los nuevos precios de venta, antes de impuestos, de los gases licuados del petróleo por canalización."
2022-03-14,62,1,BOE-A-2022-3910,MINISTERIO PARA LA TRANSICIÓN ECOLÓGICA Y EL RETO DEMOGRÁFICO,estatal,Resolución,29691,29692,"Resolución de 8 de marzo de 2022, de la Dirección General de Política Energética y Minas, por la que se publican los nuevos precios máximos de venta, antes de impuestos, de los gases licuados del petróleo envasados, en envases de carga igual o superior a 8 kg, e inferior a 20 kg, excluidos los envases de mezcla para usos de los gases licuados del petróleo como carburante."
2022-03-15,63,1,BOE-A-2022-4023,MINISTERIO DE DEFENSA,estatal,Orden,30879,30890,"Orden DEF/183/2022, de 7 de marzo, por la que se aprueba el Plan de Acción Individual para el Desarrollo Profesional dirigido a los militares profesionales de tropa y marinería y a los Reservistas de Especial Disponibilidad."
2022-03-15,63,1,BOE-A-2022-4024,MINISTERIO DE HACIENDA Y FUNCIÓN PÚBLICA,estatal,Orden,30891,30905,"Orden HFP/184/2022, de 8 de marzo, por la que se regula el contenido del Registro especial de operadores de embarcaciones neumáticas y semirrígidas de alta velocidad, el procedimiento para la inscripción de los operadores, el régimen para la utilización, circulación y tenencia de las mismas, y se aprueban los modelos de certificado de operador de embarcaciones neumáticas y semirrígidas de alta velocidad y de autorización de uso de las mismas."
2022-03-15,63,1,BOE-A-2022-4025,"MINISTERIO DE LA PRESIDENCIA, RELACIONES CON LAS CORTES Y MEMORIA DEMOCRÁTICA",estatal,Orden,30906,30915,"Orden PCM/185/2022, de 9 de marzo, por la que se publica el Acuerdo del Consejo de Ministros de 1 de marzo de 2022, por el que se establecen obligaciones de servicio público al prestador del servicio postal universal en las elecciones que se convoquen durante 2022."
2022-03-15,63,1,BOE-A-2022-4026,"MINISTERIO DE LA PRESIDENCIA, RELACIONES CON LAS CORTES Y MEMORIA DEMOCRÁTICA",estatal,Orden,30916,30917,"Orden PCM/186/2022, de 11 de marzo, por la que se publica el calendario del período de la hora de verano correspondiente a los años 2022 a 2026."
2022-03-15,63,1,BOE-A-2022-4027,MINISTERIO DE ASUNTOS ECONÓMICOS Y TRANSFORMACIÓN DIGITAL,estatal,Corrección,30918,30918,"Corrección de errores del Real Decreto 738/2020, de 4 de agosto, por el que se modifican el Real Decreto 304/2004, de 20 de febrero, por el que se aprueba el Reglamento de planes y fondos de pensiones, y el Real Decreto 1060/2015, de 20 de noviembre, de ordenación, supervisión y solvencia de las entidades aseguradoras y reaseguradoras."
2022-03-15,63,1,BOE-A-2022-4028,COMUNITAT VALENCIANA,autonómico,Decreto,30919,30985,"Decreto 95/2021, de 9 de julio, del Consell, de aprobación de los Estatutos de la Universitat Jaume I de Castellón."
2022-03-16,64,1,BOE-A-2022-4136,JEFATURA DEL ESTADO,estatal,Real Decreto-ley,31393,31426,"Real Decreto-ley 4/2022, de 15 de marzo, por el que se adoptan medidas urgentes de apoyo al sector agrario por causa de la sequía."
2022-03-16,64,1,BOE-A-2022-4137,CORTES GENERALES,estatal,Resolución,31427,31427,"Resolución de 10 de marzo de 2022, del Congreso de los Diputados, por la que se ordena la publicación del Acuerdo de convalidación del Real Decreto-ley 2/2022, de 22 de febrero, por el que se adoptan medidas urgentes para la protección de los trabajadores autónomos, para la transición hacia los mecanismos estructurales de defensa del empleo, y para la recuperación económica y social de la isla de La Palma, y se prorrogan determinadas medidas para hacer frente a situaciones de vulnerabilidad social y económica."
2022-03-16,64,1,BOE-A-2022-4138,"MINISTERIO DE ASUNTOS EXTERIORES, UNIÓN EUROPEA Y COOPERACIÓN",estatal,Tratado o acuerdo internacional,31428,31440,"Convenio de Seguridad Social entre el Reino de España y la República de Senegal, hecho ""ad referendum"" en Dakar el 22 de noviembre de 2020."
2022-03-16,64,1,BOE-A-2022-4139,"MINISTERIO DE ASUNTOS EXTERIORES, UNIÓN EUROPEA Y COOPERACIÓN",estatal,Tratado o acuerdo internacional,31441,31447,"Acuerdo administrativo para la aplicación del Convenio de Seguridad Social entre el Reino de España y la República de Senegal, hecho en Dakar el 22 de noviembre de 2020."
2022-03-16,64,1,BOE-A-2022-4140,MINISTERIO DE HACIENDA Y FUNCIÓN PÚBLICA,estatal,Real Decreto,31448,31452,"Real Decreto 187/2022, de 15 de marzo, por el que se modifica el Real Decreto 262/2019, de 12 de abril, por el que se establece la estructura de las Consejerías del Ministerio de Agricultura, Pesca y Alimentación en el exterior y se regula la organización, funciones y provisión de puestos de trabajo."
2022-03-16,64,1,BOE-A-2022-4141,MINISTERIO DE HACIENDA Y FUNCIÓN PÚBLICA,estatal,Orden,31453,31459,"Orden HFP/192/2022, de 8 de marzo, por la que se establecen los requisitos y modo de remisión a la Agencia Estatal de Administración Tributaria por parte de otras Administraciones Tributarias de solicitudes de envío de peticiones de asistencia mutua con base en la Directiva 2010/24/UE del Consejo, de 16 de marzo de 2010, sobre la asistencia mutua en materia de cobro de los créditos correspondientes a determinados impuestos, derechos y otras medidas, se determinan los canales y formas de transmisión de la información necesaria para la adecuada tramitación y seguimiento de dichas peticiones y se detalla el procedimiento de transferencia de los fondos que puedan recaudarse como consecuencia del envío de las mismas."
2022-03-16,64,1,BOE-A-2022-4142,MINISTERIO DE HACIENDA Y FUNCIÓN PÚBLICA,estatal,Resolución,31460,31462,"Resolución de 10 de marzo de 2022, de la Secretaría General de Financiación Autonómica y Local, por la que se habilita el sistema para la solicitud electrónica de las compensaciones por la pérdida de recaudación derivada de los beneficios fiscales en los tributos locales establecidos en la Ley 20/1990, de 19 de diciembre, sobre Régimen Fiscal de las Cooperativas."
2022-03-16,64,1,BOE-A-2022-4143,"MINISTERIO DE TRANSPORTES, MOVILIDAD Y AGENDA URBANA",estatal,Real Decreto,31463,31466,"Real Decreto 188/2022, de 15 de marzo, por el que se modifica el Real Decreto 983/2021, de 16 de noviembre, por el que se aprueba la concesión directa a las comunidades autónomas y a las ciudades de Ceuta y Melilla de ayudas para la transformación de flotas de transporte de viajeros y mercancías de empresas privadas prestadoras de servicios de transporte por carretera, así como de empresas que realicen transporte privado complementario, en el marco del Plan de Recuperación, Transformación y Resiliencia."
2022-03-16,64,1,BOE-A-2022-4144,MINISTERIO DE EDUCACIÓN Y FORMACIÓN PROFESIONAL,estatal,Corrección,31467,31469,"Corrección de errores de la Resolución de 11 de febrero de 2022, de la Secretaría de Estado de Educación, por la que se regula el proceso de admisión de alumnos y alumnas en centros docentes públicos y privados concertados que imparten el segundo ciclo de educación infantil, educación primaria, educación secundaria y bachillerato, en las Ciudades de Ceuta y Melilla para el curso 2022/2023."
2022-03-16,64,1,BOE-A-2022-4145,"MINISTERIO DE LA PRESIDENCIA, RELACIONES CON LAS CORTES Y MEMORIA DEMOCRÁTICA",estatal,Orden,31470,31474,"Orden PCM/193/2022, de 11 de marzo, por la que se crea el órgano administrativo encargado de la ejecución del programa de apoyo a la celebración del acontecimiento de excepcional interés público «Conmemoración del 50 aniversario de la muerte del artista español Pablo Picasso»."
2022-03-16,64,1,BOE-A-2022-4146,"MINISTERIO DE LA PRESIDENCIA, RELACIONES CON LAS CORTES Y MEMORIA DEMOCRÁTICA",estatal,Orden,31475,31479,"Orden PCM/194/2022, de 11 de marzo, por la que se crea el órgano administrativo encargado de la ejecución del programa de apoyo a la celebración del acontecimiento de excepcional interés público ""Programa Deporte Inclusivo II""."
2022-03-16,64,1,BOE-A-2022-4147,"MINISTERIO DE LA PRESIDENCIA, RELACIONES CON LAS CORTES Y MEMORIA DEMOCRÁTICA",estatal,Orden,31480,31484,"Orden PCM/195/2022, de 11 de marzo, por la que se crea el órgano administrativo encargado de la ejecución del programa de apoyo a la celebración del acontecimiento de excepcional interés público Programa ""Nuevas Metas II""."
2022-03-16,64,1,BOE-A-2022-4148,"MINISTERIO DE LA PRESIDENCIA, RELACIONES CON LAS CORTES Y MEMORIA DEMOCRÁTICA",estatal,Orden,31485,31489,"Orden PCM/196/2022, de 11 de marzo, por la que se crea el órgano administrativo encargado de la ejecución del programa de apoyo a la celebración del acontecimiento de excepcional interés público ""Madrid Horse Week 21/23""."
2022-03-16,64,1,BOE-A-2022-4149,COMUNIDAD AUTÓNOMA DE CANARIAS,autonómico,Decreto-ley,31490,31495,"Decreto-ley 16/2021, de 9 de diciembre, de ampliación del plazo de suspensión de títulos habilitantes de nuevos locales de juegos y apuestas."
2022-03-16,64,1,BOE-A-2022-4150,COMUNIDAD AUTÓNOMA DE CANARIAS,autonómico,Decreto-ley,31496,31503,"Decreto-ley 17/2021, de 23 de diciembre, por el que se amplía el plazo de aplicación del tipo cero en el Impuesto General Indirecto Canario, a la importación o entrega de determinados bienes necesarios para combatir los efectos del COVID-19, y se unifica su regulación."
2022-03-17,65,1,BOE-A-2022-4199,"MINISTERIO DE ASUNTOS EXTERIORES, UNIÓN EUROPEA Y COOPERACIÓN",estatal,Tratado o acuerdo internacional,31960,32017,"Acta de la VIII Reunión de la Comisión Mixta Hispano-Mozambiqueña de Cooperación, por la que se aprueba el Marco de Asociación País España-Mozambique 2021-2024, hecha en Madrid el 14 de octubre de 2021."
2022-03-17,65,1,BOE-A-2022-4200,"MINISTERIO DE TRANSPORTES, MOVILIDAD Y AGENDA URBANA",estatal,Orden,32018,32021,"Orden TMA/200/2022, de 14 de marzo, por la que se modifica el apartado quinto del anexo I del Decreto 1675/1972, de 26 de junio, por el que se aprueban las tarifas a aplicar por el uso de la red de ayudas a la navegación aérea (Eurocontrol) y se modifica el tipo de interés por mora en el pago de dichas tarifas."
2022-03-17,65,1,BOE-A-2022-4201,"MINISTERIO DE TRANSPORTES, MOVILIDAD Y AGENDA URBANA",estatal,Orden,32022,32032,"Orden TMA/201/2022, de 14 de marzo, por la que se regula el procedimiento de resolución alternativa de litigios de los usuarios de transporte aéreo sobre los derechos reconocidos en el ámbito de la Unión Europea en materia de compensación y asistencia en caso de denegación de embarque, cancelación o gran retraso, así como en relación con los derechos de las personas con discapacidad o movilidad reducida."
2022-03-17,65,1,BOE-A-2022-4202,MINISTERIO DE EDUCACIÓN Y FORMACIÓN PROFESIONAL,estatal,Real Decreto,32033,32636,"Real Decreto 148/2022, de 22 de febrero, por el que se establecen, actualizan y suprimen determinadas cualificaciones profesionales de las familias profesionales Agraria, Artes Gráficas, Hostelería y Turismo, Industrias Alimentarias y Química, recogidas en el Catálogo Nacional de Cualificaciones Profesionales."
2022-03-17,65,1,BOE-A-2022-4203,MINISTERIO DE EDUCACIÓN Y FORMACIÓN PROFESIONAL,estatal,Real Decreto,32637,33248,"Real Decreto 149/2022, de 22 de febrero, por el que se actualizan determinadas cualificaciones profesionales de las familias profesionales Actividades Físicas y Deportivas, Agraria, Energía y Agua, y Hostelería y Turismo, recogidas en el Catálogo Nacional de Cualificaciones Profesionales."
2022-03-17,65,1,BOE-A-2022-4204,MINISTERIO DE EDUCACIÓN Y FORMACIÓN PROFESIONAL,estatal,Real Decreto,33249,33731,"Real Decreto 150/2022, de 22 de febrero, por el que se actualizan determinadas cualificaciones profesionales de las familias profesionales Imagen Personal, Industrias Alimentarias, Industrias Extractivas, Informática y Comunicaciones, e Instalación y Mantenimiento, y se modifican parcialmente determinadas cualificaciones profesionales de las familias profesionales Hostelería y Turismo, Imagen Personal, Industrias Extractivas e Informática y Comunicaciones, recogidas en el Catálogo Nacional de Cualificaciones Profesionales."
2022-03-17,65,1,BOE-A-2022-4205,MINISTERIO DE EDUCACIÓN Y FORMACIÓN PROFESIONAL,estatal,Real Decreto,33732,34286,"Real Decreto 151/2022, de 22 de febrero, por el que se actualizan determinadas cualificaciones profesionales de las familias profesionales Hostelería y Turismo, Marítimo-Pesquera, Seguridad y Medio Ambiente, y Servicios Socioculturales y a la Comunidad, recogidas en el Catálogo Nacional de Cualificaciones Profesionales."
2022-03-17,65,1,BOE-A-2022-4206,"MINISTERIO DE LA PRESIDENCIA, RELACIONES CON LAS CORTES Y MEMORIA DEMOCRÁTICA",estatal,Corrección,34287,34287,"Corrección de errores del Real Decreto 306/2020, de 11 de febrero, por el que se establecen normas básicas de ordenación de las granjas porcinas intensivas, y se modifica la normativa básica de ordenación de las explotaciones de ganado porcino extensivo."
2022-03-17,65,1,BOE-A-2022-4207,TRIBUNAL SUPREMO,estatal,Resolución judicial,34288,34289,"Sentencia de 31 de enero de 2022, de la Sala Tercera del Tribunal Supremo, que estima el recurso contencioso-administrativo interpuesto por Gas Natural SDG, SA (en la actualidad Naturgy Energy Group, SA) contra el Real Decreto 897/2017, de 6 de octubre, por el que se regula la figura del consumidor vulnerable, el bono social y otras medidas de protección para los consumidores domésticos de energía eléctrica."
2022-03-17,65,1,BOE-A-2022-4208,COMUNIDAD AUTÓNOMA DE CATALUÑA,autonómico,Ley,34290,34306,"Ley 1/2022, de 3 de marzo, de modificación de la Ley 18/2007, la Ley 24/2015 y la Ley 4/2016, para afrontar la emergencia en el ámbito de la vivienda."
2022-03-17,65,1,BOE-A-2022-4209,COMUNIDAD AUTÓNOMA DE CATALUÑA,autonómico,Ley,34307,34314,"Ley 2/2022, de 3 de marzo, del Fondo Complementario de Riesgos de la Generalidad de Cataluña."
2022-03-18,66,1,BOE-A-2022-4287,TRIBUNAL CONSTITUCIONAL,estatal,Resolución judicial,34931,34931,"Recurso de inconstitucionalidad n.º 614-2022, contra el art. 2 ap. 2; art. 5 inciso ""y las diputaciones provinciales"" del ap. 1, varios incisos del ap. 2 y los ap. 5 y 6; art. 7 y art. 8 de la Ley 5/2021, de 5 de noviembre, reguladora del Fondo de Cooperación Municipal de los Municipios y Entidades Locales Menores de la Comunidad Valenciana."
2022-03-18,66,1,BOE-A-2022-4288,TRIBUNAL CONSTITUCIONAL,estatal,Resolución judicial,34932,34932,"Recurso de inconstitucionalidad n.º 874-2022, contra los artículos 2.2; 5.1.2.5 y 6; 7 a); 8; 9.1; 11.1.d) y 2.e) tercer guion y la disposición final primera de la Ley 5/2021, de 5 de noviembre, reguladora del Fondo de Cooperación Municipal de los Municipios y Entidades Locales Menores de la Comunitat Valenciana."
2022-03-18,66,1,BOE-A-2022-4289,TRIBUNAL CONSTITUCIONAL,estatal,Resolución judicial,34933,34933,"Cuestión de inconstitucionalidad n.º 5344-2021, en relación con el artículo primero de la Ley 18/2019, de 2 de diciembre, de medidas urgentes de ordenación de empleo público en las administraciones canarias."
2022-03-18,66,1,BOE-A-2022-4290,TRIBUNAL CONSTITUCIONAL,estatal,Resolución judicial,34934,34934,"Cuestión de inconstitucionalidad n.º 5384-2021, en relación con el artículo primero de la Ley 18/2019, de 2 de diciembre, de medidas urgentes de ordenación del empleo público en las administraciones canarias."
2022-03-18,66,1,BOE-A-2022-4291,TRIBUNAL CONSTITUCIONAL,estatal,Resolución judicial,34935,34935,"Cuestión de inconstitucionalidad n.º 5786-2021, en relación con el artículo primero de la Ley 18/2019, de 2 de diciembre, de medidas urgentes de ordenación del empleo público en las administraciones canarias, por vulneración de los artículos 14, 23.2, 103.3, 149.1.1.ª y 149.1.18.ª de la Constitución Española."
2022-03-18,66,1,BOE-A-2022-4292,TRIBUNAL CONSTITUCIONAL,estatal,Resolución judicial,34936,34936,"Cuestión de inconstitucionalidad n.º 6113-2021, en relación con el artículo primero de la Ley 18/2019, de 2 de diciembre, de medidas urgentes de ordenación del empleo público en las administraciones canarias, por posible vulneración del art. 149.1.18.ª de la Constitución Española."
2022-03-18,66,1,BOE-A-2022-4293,TRIBUNAL CONSTITUCIONAL,estatal,Resolución judicial,34937,34937,"Cuestión de inconstitucionalidad n.º 6506-2021, en relación con el artículo primero de la Ley 18/2019, de 2 de diciembre, de medidas urgentes de ordenación del empleo público en las administraciones canarias, por posible infracción del art. 149.1.18.ª de la Constitución Española."
2022-03-18,66,1,BOE-A-2022-4294,TRIBUNAL CONSTITUCIONAL,estatal,Resolución judicial,34938,34938,"Cuestión de inconstitucionalidad n.º 6945-2021, en relación con el artículo primero de la Ley 18/2019, de 2 de diciembre, de medidas urgentes de ordenación del empleo público en las administraciones canarias, por posible vulneración del artículo 149.1.18.ª de la Constitución Española."
2022-03-18,66,1,BOE-A-2022-4295,TRIBUNAL CONSTITUCIONAL,estatal,Resolución judicial,34939,34939,"Cuestión de inconstitucionalidad n.º 6946-2021, en relación con el artículo primero de la Ley 18/2019, de 2 de diciembre, de medidas urgentes de ordenación del empleo público en las administraciones canarias, por posible infracción del artículo 149.1.18.ª de la Constitución Española."
2022-03-18,66,1,BOE-A-2022-4296,MINISTERIO DE HACIENDA Y FUNCIÓN PÚBLICA,estatal,Orden,34940,35018,"Orden HFP/207/2022, de 16 de marzo, por la que se aprueban los modelos de declaración del Impuesto sobre la Renta de las Personas Físicas y del Impuesto sobre el Patrimonio, ejercicio 2021, se determinan el lugar, forma y plazos de presentación de los mismos, se establecen los procedimientos de obtención, modificación, confirmación y presentación del borrador de declaración del Impuesto sobre la Renta de las Personas Físicas, y se determinan las condiciones generales y el procedimiento para la presentación de ambos por medios electrónicos o telefónicos."
2022-03-18,66,1,BOE-A-2022-4297,MINISTERIO DE EDUCACIÓN Y FORMACIÓN PROFESIONAL,estatal,Real Decreto,35019,35037,"Real Decreto 158/2022, de 1 de marzo, por el que se califica como Centro de Referencia Nacional al Centro Nacional de Formación Profesional para el empleo de Construcciones Metálicas de Oviedo, en las áreas profesionales de Construcciones metálicas y Fundición de la familia profesional de Fabricación Mecánica, en el ámbito de la formación profesional."
2022-03-18,66,1,BOE-A-2022-4298,"MINISTERIO DE INCLUSIÓN, SEGURIDAD SOCIAL Y MIGRACIONES",estatal,Orden,35038,35043,"Orden ISM/208/2022, de 10 de marzo, por la que se crea el Comité Ético vinculado a los itinerarios de inclusión social."
2022-03-18,66,1,BOE-A-2022-4299,MINISTERIO DE UNIVERSIDADES,estatal,Resolución,35044,35047,"Resolución de 10 de marzo de 2022, de la Secretaría General de Universidades, por la que se publica el Acuerdo del Consejo de Ministros de 8 de marzo de 2022, por el que se establece el carácter oficial de determinados títulos de Grado y su inscripción en el Registro de Universidades, Centros y Títulos."
2022-03-18,66,1,BOE-A-2022-4300,MINISTERIO DE UNIVERSIDADES,estatal,Resolución,35048,35051,"Resolución de 10 de marzo de 2022, de la Secretaría General de Universidades, por la que se publica el Acuerdo del Consejo de Ministros de 8 de marzo de 2022, por el que se establece el carácter oficial de determinados títulos de Máster y su inscripción en el Registro de Universidades, Centros y Títulos."
2022-03-18,66,1,BOE-A-2022-4301,BANCO DE ESPAÑA,estatal,Instrucción o circular,35052,35056,"Circular 2/2022, de 15 de marzo, del Banco de España, sobre normas para el envío al Banco de España de estadísticas de pagos por parte de proveedores de servicios de pago y operadores de sistemas de pago."
2022-03-19,67,1,BOE-A-2022-4358,"MINISTERIO DE ASUNTOS EXTERIORES, UNIÓN EUROPEA Y COOPERACIÓN",estatal,Tratado o acuerdo internacional,35645,35677,"Acta de la V Reunión de la Comisión Mixta de Cooperación entre España y Cabo Verde, por la que se aprueba el Acuerdo de Cooperación Avanzada España-Cabo Verde 2022-2030, hecha en Praia el 20 de diciembre de 2021."
2022-03-19,67,1,BOE-A-2022-4359,MINISTERIO DE HACIENDA Y FUNCIÓN PÚBLICA,estatal,Resolución,35678,35685,"Resolución de 18 de marzo de 2022, de la Presidencia del Comisionado para el Mercado de Tabacos, por la que se publican los precios de venta al público de determinadas labores de tabaco en Expendedurías de Tabaco y Timbre del área del Monopolio."
2022-03-19,67,1,BOE-A-2022-4360,MINISTERIO DE TRABAJO Y ECONOMÍA SOCIAL,estatal,Real Decreto,35686,35693,"Real Decreto 153/2022, de 22 de febrero, por el que se aprueba el Reglamento de la Medalla y la Placa al Mérito en el Trabajo."
2022-03-19,67,1,BOE-A-2022-4361,MINISTERIO PARA LA TRANSICIÓN ECOLÓGICA Y EL RETO DEMOGRÁFICO,estatal,Real Decreto,35694,35709,"Real Decreto 184/2022, de 8 de marzo, por el que se regula la actividad de prestación de servicios de recarga energética de vehículos eléctricos."
2022-03-21,68,1,BOE-A-2022-4388,"MINISTERIO DE TRANSPORTES, MOVILIDAD Y AGENDA URBANA",estatal,Orden,35836,35837,"Orden TMA/211/2022, de 28 de febrero, por la que se recuperan las obligaciones de servicio público establecidas en el Acuerdo del Consejo de Ministros de 27 de julio de 2018, por el que se declaran obligaciones de servicio público en la ruta aérea Menorca-Madrid, dejando sin efecto las modificaciones temporales establecidas por la Orden TMA/1090/2020, de 19 de noviembre."
2022-03-21,68,1,BOE-A-2022-4389,"MINISTERIO DE TRANSPORTES, MOVILIDAD Y AGENDA URBANA",estatal,Resolución,35838,35840,"Resolución de 25 de febrero de 2022, de la Dirección de la Agencia Estatal de Seguridad Aérea, por la que se emite un método alternativo de cumplimiento de conformidad con lo establecido en el CAMO.A.305 c) del Reglamento (UE) n.º 1321/2014 de la Comisión, de 26 de noviembre de 2014, sobre el mantenimiento de la aeronavegabilidad de las aeronaves y productos aeronáuticos, componentes y equipos y sobre la aprobación de las organizaciones y personal que participan en dichas tareas, en lo que respecta a los requisitos que deben demostrar los responsables de seguridad."
2022-03-22,69,1,BOE-A-2022-4516,JEFATURA DEL ESTADO,estatal,Ley Orgánica,36936,36945,"Ley Orgánica 2/2022, de 21 de marzo, de mejora de la protección de las personas huérfanas víctimas de la violencia de género."
2022-03-22,69,1,BOE-A-2022-4517,"MINISTERIO DE TRANSPORTES, MOVILIDAD Y AGENDA URBANA",estatal,Resolución,36946,36954,"Resolución de 18 de marzo de 2022, de la Dirección General de Transporte Terrestre, por la que se establecen los controles mínimos sobre las jornadas de trabajo de los conductores en el transporte por carretera."
2022-03-22,69,1,BOE-A-2022-4518,COMUNIDAD AUTÓNOMA DE LA REGIÓN DE MURCIA,autonómico,Ley,36955,37065,"Ley 1/2022, de 24 de enero, de Presupuestos Generales de la Comunidad Autónoma de la Región de Murcia para el ejercicio 2022."
2022-03-23,70,1,BOE-A-2022-4583,JEFATURA DEL ESTADO,estatal,Real Decreto-ley,37421,37435,"Real Decreto-ley 5/2022, de 22 de marzo, por el que se adapta el régimen de la relación laboral de carácter especial de las personas dedicadas a las actividades artísticas, así como a las actividades técnicas y auxiliares necesarias para su desarrollo, y se mejoran las condiciones laborales del sector."
2022-03-23,70,1,BOE-A-2022-4584,CORTES GENERALES,estatal,Resolución,37436,37436,"Resolución de 17 de marzo de 2022, del Congreso de los Diputados, por la que se ordena la publicación del Acuerdo de convalidación del Real Decreto-ley 3/2022, de 1 de marzo, de medidas para la mejora de la sostenibilidad del transporte de mercancías por carretera y del funcionamiento de la cadena logística, y por el que se transpone la Directiva (UE) 2020/1057, de 15 de julio de 2020, por la que se fijan normas específicas con respecto a la Directiva 96/71/CE y la Directiva 2014/67/UE para el desplazamiento de los conductores en el sector del transporte por carretera, y de medidas excepcionales en materia de revisión de precios en los contratos públicos de obras."
2022-03-23,70,1,BOE-A-2022-4585,MINISTERIO PARA LA TRANSICIÓN ECOLÓGICA Y EL RETO DEMOGRÁFICO,estatal,Orden,37437,37479,"Orden TED/220/2022, de 16 de marzo, por la que se establecen las obligaciones de aportación al Fondo Nacional de Eficiencia Energética en el año 2022."
2022-03-23,70,1,BOE-A-2022-4586,MINISTERIO DE CULTURA Y DEPORTE,estatal,Real Decreto,37480,37490,"Real Decreto 210/2022, de 22 de marzo, por el que se establecen las normas reguladoras del Bono Cultural Joven."
2022-03-23,70,1,BOE-A-2022-4587,MINISTERIO DE SANIDAD,estatal,Real Decreto,37491,37498,"Real Decreto 211/2022, de 22 de marzo, por el que se regula la concesión directa de una subvención a la Cruz Roja Española para la prevención, detección precoz y atención a personas con riesgo de conducta suicida."
2022-03-24,71,1,BOE-A-2022-4628,MINISTERIO DE JUSTICIA,estatal,Resolución,37836,37843,"Resolución de 19 de marzo de 2022, de la Secretaría General para la Innovación y Calidad del Servicio Público de Justicia, por la que se establecen las condiciones de uso del certificado electrónico para personas físicas, como mecanismo de identificación y firma de las personas interesadas en las actuaciones realizadas mediante presencia telemática con los órganos judiciales y demás pertenecientes a la Administración de Justicia."
2022-03-24,71,1,BOE-A-2022-4629,MINISTERIO DE HACIENDA Y FUNCIÓN PÚBLICA,estatal,Corrección,37844,37847,"Corrección de errores de la Orden HFP/115/2022, de 23 de febrero, por la que se aprueba la relación de valores negociados en centros de negociación, con su valor de negociación medio correspondiente al cuarto trimestre de 2021, a efectos de la declaración del Impuesto sobre el Patrimonio del año 2021 y de la declaración informativa anual acerca de valores, seguros y rentas, y por la que se modifica la Orden EHA/3481/2008, de 1 de diciembre, por la que se aprueba el modelo 189 de declaración informativa anual acerca de valores, seguros y rentas, los diseños físicos y lógicos para la sustitución de las hojas interiores de dicho modelo por soportes directamente legibles por ordenador y se establecen las condiciones y el procedimiento para su presentación telemática."
2022-03-24,71,1,BOE-A-2022-4630,MINISTERIO DE POLÍTICA TERRITORIAL,estatal,Real Decreto,37848,37855,"Real Decreto 209/2022, de 22 de marzo, por el que se establece el procedimiento para la determinación de las sedes físicas de las entidades pertenecientes al sector público institucional estatal y se crea la Comisión consultiva para la determinación de las sedes."
2022-03-25,72,1,BOE-A-2022-4739,"MINISTERIO DE ASUNTOS EXTERIORES, UNIÓN EUROPEA Y COOPERACIÓN",estatal,Tratado o acuerdo internacional,38637,38647,"Convenio para el reconocimiento recíproco de Punzones de Prueba de Armas de Fuego Portátiles y Reglamento con Anejos I y II, hechos en Bruselas el 1 de julio de 1969. Decisiones adoptadas por la Comisión Internacional Permanente para la prueba de armas de fuego portátiles en su XXXV Sesión Plenaria el 7 de abril de 2021 (Decisiones XXXV-36 a XXXV-37 y XXXV-39 a XXXV-46)."
2022-03-25,72,1,BOE-A-2022-4740,MINISTERIO DE HACIENDA Y FUNCIÓN PÚBLICA,estatal,Corrección,38648,38648,"Corrección de errores de la Orden HFP/1442/2021, de 20 de diciembre, por la que se aprueban los precios medios de venta aplicables en la gestión del Impuesto sobre Transmisiones Patrimoniales y Actos Jurídicos Documentados, Impuesto sobre Sucesiones y Donaciones e Impuesto Especial sobre Determinados Medios de Transporte."
2022-03-25,72,1,BOE-A-2022-4741,MINISTERIO DE HACIENDA Y FUNCIÓN PÚBLICA,estatal,Corrección,38649,38649,"Corrección de errores de la Orden HFP/168/2022, de 7 de marzo, por la que se regula el funcionamiento y estructura del Registro Estatal de las entidades interesadas en los Proyectos Estratégicos para la Recuperación y Transformación Económica."
2022-03-25,72,1,BOE-A-2022-4742,MINISTERIO DE HACIENDA Y FUNCIÓN PÚBLICA,estatal,Resolución,38650,38660,"Resolución de 21 de marzo de 2022, de la Presidencia de la Agencia Estatal de Administración Tributaria, por la que se modifica la de 13 de enero de 2021, sobre organización y atribuciones de funciones en el Área de Aduanas e Impuestos Especiales."
2022-03-25,72,1,BOE-A-2022-4743,"MINISTERIO DE TRANSPORTES, MOVILIDAD Y AGENDA URBANA",estatal,Corrección,38661,38661,"Corrección de errores del Real Decreto 42/2022, de 18 de enero, por el que se regula el Bono Alquiler Joven y el Plan Estatal para el acceso a la vivienda 2022-2025."
2022-03-26,73,1,BOE-A-2022-4823,MINISTERIO DE HACIENDA Y FUNCIÓN PÚBLICA,estatal,Resolución,40150,40151,"Resolución de 25 de marzo de 2022, de la Presidencia del Comisionado para el Mercado de Tabacos, por la que se publican los precios de venta al público de determinadas labores de tabaco en Expendedurías de Tabaco y Timbre del área de Península y Baleares."
2022-03-28,74,1,BOE-A-2022-4847,MINISTERIO DE EDUCACIÓN Y FORMACIÓN PROFESIONAL,estatal,Orden,40214,40215,"Orden EFP/232/2022, de 22 de marzo, por la que se modifica la Orden ECD/651/2017, de 5 de julio, por la que se regula la enseñanza básica y su currículo para las personas adultas en modalidad presencial, a distancia y a distancia virtual, en el ámbito de gestión del Ministerio de Educación, Cultura y Deporte."
2022-03-28,74,1,BOE-A-2022-4848,MINISTERIO DE EDUCACIÓN Y FORMACIÓN PROFESIONAL,estatal,Orden,40216,40252,"Orden EFP/233/2022, de 22 de marzo, por la que se establece el currículo del ciclo formativo de grado medio correspondiente al título de Técnico en Procesado y transformación de la madera."
2022-03-28,74,1,BOE-A-2022-4849,COMUNIDAD AUTÓNOMA DEL PAÍS VASCO,autonómico,Ley,40253,40312,"Ley 1/2022, de 3 de marzo, de segunda modificación de la Ley para la Igualdad de Mujeres y Hombres."
2022-03-28,74,1,BOE-A-2022-4850,COMUNIDAD AUTÓNOMA DE CATALUÑA,autonómico,Corrección,40313,40377,"Corrección de errores de la Ley 1/2021, de 29 de diciembre, de presupuestos de la Generalidad de Cataluña para 2022."
2022-03-28,74,1,BOE-A-2022-4851,COMUNIDAD AUTÓNOMA DE CATALUÑA,autonómico,Corrección,40378,40381,"Corrección de errores de la Ley 2/2021, de 29 de diciembre, de medidas fiscales, financieras, administrativas y del sector público."
2022-03-29,75,1,BOE-A-2022-4916,"MINISTERIO DE ASUNTOS EXTERIORES, UNIÓN EUROPEA Y COOPERACIÓN",estatal,Tratado o acuerdo internacional,40809,40810,"Convenio de nacionalidad entre el Reino de España y la República Francesa, hecho en Montauban el 15 de marzo de 2021."
2022-03-29,75,1,BOE-A-2022-4917,MINISTERIO DEL INTERIOR,estatal,Orden,40811,40812,"Orden INT/236/2022, de 28 de marzo, por la que se prorroga la Orden INT/657/2020, de 17 de julio, por la que se modifican los criterios para la aplicación de una restricción temporal de viajes no imprescindibles desde terceros países a la Unión Europea y países asociados Schengen por razones de orden público y salud pública con motivo de la crisis sanitaria ocasionada por la COVID-19."
2022-03-29,75,1,BOE-A-2022-4918,TRIBUNAL SUPREMO,estatal,Resolución judicial,40813,40813,"Sentencia de 30 de septiembre de 2020, de la Sala Tercera del Tribunal Supremo, que declara estimar en parte el recurso contencioso-administrativo número 36/2019, contra el Real Decreto 1398/2018, de 23 de noviembre, por el que se desarrolla el artículo 25 del Texto Refundido de la Ley de Propiedad Intelectual aprobado por el Real Decreto Legislativo 1/1996, de 12 de abril."
2022-03-29,75,1,BOE-A-2022-4919,COMUNIDAD AUTÓNOMA DE CASTILLA-LA MANCHA,autonómico,Ley,40814,40836,"Ley 1/2022, de 14 de enero, de Medidas Tributarias y Administrativas de Castilla-La Mancha."
2022-03-29,75,1,BOE-A-2022-4920,COMUNIDAD AUTÓNOMA DE CASTILLA-LA MANCHA,autonómico,Ley,40837,40907,"Ley 2/2022, de 18 de febrero, de Aguas de la Comunidad Autónoma de Castilla-La Mancha."
2022-03-29,75,1,BOE-A-2022-4921,COMUNIDAD FORAL DE NAVARRA,autonómico,Corrección,40908,40909,"Corrección de errores de la Ley Foral 1/2022, de 26 de enero, de modificación de la Ley Foral 2/2014, de 17 de febrero, por la que se regulan los órganos rectores de determinadas fundaciones."
2022-03-29,75,1,BOE-A-2022-4922,COMUNIDAD AUTÓNOMA DE EXTREMADURA,autonómico,Ley,40910,40912,"Ley 1/2022, de 8 de marzo, de modificación del Decreto-ley 5/2021, de 9 de junio, por el que se regulan y establecen ayudas directas a autónomos y empresas, financiadas por el Gobierno de España; se establecen las bases reguladoras de ayudas urgentes en el marco del desarrollo del Plan Corresponsables; se modifica el Decreto-ley 9/2020, de 8 de mayo, por el que se aprueba una subvención para refuerzo del sistema de garantías de Extremadura, se establecen ayudas financieras a autónomos y empresas, y se adoptan medidas en materia de espectáculos públicos y actividades recreativas y de patrimonio histórico y cultural, para afrontar los efectos negativos del COVID-19 y se modifica la Ley 3/2018, de 21 de febrero, de Cámaras Oficiales de Comercio, Industria y Servicios de Extremadura."
2022-03-30,76,1,BOE-A-2022-4971,JEFATURA DEL ESTADO,estatal,Otras,41353,41385,"Instrumento de adhesión al Acuerdo sobre la cooperación en materia de lucha contra la contaminación del Mar del Norte por hidrocarburos y otras sustancias peligrosas, 1983, enmendado, hecho en Bonn el 13 de septiembre de 1983, y la Decisión de las Partes Contratantes relativa a la adhesión del Reino de España a este Acuerdo."
2022-03-30,76,1,BOE-A-2022-4972,JEFATURA DEL ESTADO,estatal,Real Decreto-ley,41386,41545,"Real Decreto-ley 6/2022, de 29 de marzo, por el que se adoptan medidas urgentes en el marco del Plan Nacional de respuesta a las consecuencias económicas y sociales de la guerra en Ucrania."
2022-03-30,76,1,BOE-A-2022-4973,JEFATURA DEL ESTADO,estatal,Real Decreto-ley,41546,41564,"Real Decreto-ley 7/2022, de 29 de marzo, sobre requisitos para garantizar la seguridad de las redes y servicios de comunicaciones electrónicas de quinta generación."
2022-03-30,76,1,BOE-A-2022-4974,MINISTERIO DE HACIENDA Y FUNCIÓN PÚBLICA,estatal,Real Decreto,41565,41570,"Real Decreto 216/2022, de 29 de marzo, por el que se modifican el Real Decreto 139/2020, de 28 de enero, por el que se establece la estructura orgánica básica de los departamentos ministeriales, y el Real Decreto 497/2020, de 28 de abril, por el que se desarrolla la estructura orgánica básica del Ministerio de Inclusión, Seguridad Social y Migraciones."
2022-03-30,76,1,BOE-A-2022-4975,MINISTERIO DE EDUCACIÓN Y FORMACIÓN PROFESIONAL,estatal,Real Decreto,41571,41789,"Real Decreto 217/2022, de 29 de marzo, por el que se establece la ordenación y las enseñanzas mínimas de la Educación Secundaria Obligatoria."
2022-03-30,76,1,BOE-A-2022-4976,MINISTERIO DE CULTURA Y DEPORTE,estatal,Real Decreto,41790,41802,"Real Decreto 219/2022, de 29 de marzo, por el que se regula la concesión directa de una subvención a la Corporación de Radio y Televisión Española, S.A., para la formación en capacidades digitales en el marco del componente 19 del Plan de Recuperación, Transformación y Resiliencia."
2022-03-30,76,1,BOE-A-2022-4977,MINISTERIO DE ASUNTOS ECONÓMICOS Y TRANSFORMACIÓN DIGITAL,estatal,Resolución,41803,41806,"Resolución de 29 de marzo de 2022, de la Secretaría de Estado de Economía y Apoyo a la Empresa, por la que se publica el Acuerdo del Consejo de Ministros de 29 de marzo de 2022, por el que se modifica el Código de Buenas Prácticas para el marco de renegociación para clientes con financiación avalada previsto en el Real Decreto-ley 5/2021, de 12 de marzo."
2022-03-30,76,1,BOE-A-2022-4978,"MINISTERIO DE INCLUSIÓN, SEGURIDAD SOCIAL Y MIGRACIONES",estatal,Real Decreto,41807,41832,"Real Decreto 220/2022, de 29 de marzo, por el que se aprueba el Reglamento por el que se regula el sistema de acogida en materia de protección internacional."
2022-03-30,76,1,BOE-A-2022-4979,COMUNIDAD AUTÓNOMA DE CANARIAS,autonómico,Decreto-ley,41833,41842,"Decreto-ley 1/2022, de 20 de enero, por el que se adoptan medidas urgentes en materia urbanística y económica para la construcción o reconstrucción de viviendas habituales afectadas por la erupción volcánica en la isla de La Palma."
2022-03-31,77,1,BOE-A-2022-5063,"MINISTERIO DE LA PRESIDENCIA, RELACIONES CON LAS CORTES Y MEMORIA DEMOCRÁTICA",estatal,Orden,42671,42706,"Orden PCM/244/2022, de 30 de marzo, por la que se desarrollan las normas legales de cotización a la Seguridad Social, desempleo, protección por cese de actividad, Fondo de Garantía Salarial y formación profesional para el ejercicio 2022."
2022-03-31,77,1,BOE-A-2022-5064,MINISTERIO PARA LA TRANSICIÓN ECOLÓGICA Y EL RETO DEMOGRÁFICO,estatal,Resolución,42707,42710,"Resolución de 28 de marzo de 2022, de la Dirección General de Política Energética y Minas, por la que se publica la tarifa de último recurso de gas natural."
2022-04-01,78,1,BOE-A-2022-5139,JEFATURA DEL ESTADO,estatal,Ley Orgánica,43546,43625,"Ley Orgánica 3/2022, de 31 de marzo, de ordenación e integración de la Formación Profesional."
2022-04-01,78,1,BOE-A-2022-5140,JEFATURA DEL ESTADO,estatal,Ley,43626,43633,"Ley 6/2022, de 31 de marzo, de modificación del Texto Refundido de la Ley General de derechos de las personas con discapacidad y de su inclusión social, aprobado por el Real Decreto Legislativo 1/2013, de 29 de noviembre, para establecer y regular la accesibilidad cognitiva y sus condiciones de exigencia y aplicación."
2022-04-01,78,1,BOE-A-2022-5141,MINISTERIO DE HACIENDA Y FUNCIÓN PÚBLICA,estatal,Resolución,43634,43637,"Resolución de 24 de marzo de 2022, de la Secretaría General de Financiación Autonómica y Local, por la que se regula el procedimiento de compensación de la exención en el Impuesto sobre Bienes Inmuebles de naturaleza rústica para el ejercicio 2022, prevista en el artículo 5 del Real Decreto-ley 4/2022, de 15 de marzo, por el que se adoptan medidas urgentes de apoyo al sector agrario por causa de la sequía."
2022-04-01,78,1,BOE-A-2022-5142,"MINISTERIO DE LA PRESIDENCIA, RELACIONES CON LAS CORTES Y MEMORIA DEMOCRÁTICA",estatal,Real Decreto,43638,43659,"Real Decreto 208/2022, de 22 de marzo, sobre las garantías financieras en materia de residuos."
2022-04-01,78,1,BOE-A-2022-5143,"MINISTERIO DE LA PRESIDENCIA, RELACIONES CON LAS CORTES Y MEMORIA DEMOCRÁTICA",estatal,Orden,43660,43663,"Orden PCM/250/2022, de 31 de marzo, por la que se publica el Acuerdo del Consejo de Ministros de 29 de marzo de 2022, por el que se declara la activación del Mecanismo RED de Flexibilidad y Estabilización del Empleo, de conformidad con el artículo 47 bis del texto refundido de la Ley del Estatuto de los Trabajadores, aprobado por el Real Decreto Legislativo 2/2015, de 23 de octubre, para el sector de las agencias de viaje."
2022-04-02,79,1,BOE-A-2022-5268,MINISTERIO DE HACIENDA Y FUNCIÓN PÚBLICA,estatal,Resolución,44285,44290,"Resolución de 1 de abril de 2022, de la Presidencia del Comisionado para el Mercado de Tabacos, por la que se publican los precios de venta al público de determinadas labores de tabaco en Expendedurías de Tabaco y Timbre del área del Monopolio."
2022-04-02,79,1,BOE-A-2022-5269,"MINISTERIO DE TRANSPORTES, MOVILIDAD Y AGENDA URBANA",estatal,Resolución,44291,44296,"Resolución de 30 de marzo de 2022, de la Dirección General de Vivienda y Suelo, por la que se publica el Acuerdo del Consejo de Ministros de 29 de marzo de 2022, por el que se revisan y modifican los tipos de interés efectivos anuales vigentes para los préstamos cualificados o convenidos concedidos en el marco del Programa 1998 del Plan de Vivienda 1996-1999, Plan de Vivienda 1998-2001, Plan de Vivienda 2002-2005 y Plan de Vivienda 2005-2008."
2022-04-02,79,1,BOE-A-2022-5270,MINISTERIO DE POLÍTICA TERRITORIAL,estatal,Orden,44297,44303,"Orden TER/257/2022, de 29 de marzo, por la que se dispone la publicación del Reglamento de la Conferencia de Presidentes."
2022-04-02,79,1,BOE-A-2022-5271,"MINISTERIO DE INCLUSIÓN, SEGURIDAD SOCIAL Y MIGRACIONES",estatal,Resolución,44304,44308,"Resolución de 22 de marzo de 2022, de la Dirección General del Instituto Nacional de la Seguridad Social, por la que se modifica la de 14 de enero de 2022, por la que se determinan las prestaciones del sistema de la Seguridad Social cuya resolución se podrá adoptar de forma automatizada, los criterios de reparto para la asignación a las direcciones provinciales de la ordenación e instrucción de determinados procedimientos, y la dirección provincial competente para reconocer las pensiones cuando sea de aplicación un instrumento internacional de Seguridad Social."
2022-04-04,80,1,BOE-A-2022-5336,TRIBUNAL CONSTITUCIONAL,estatal,Resolución judicial,44762,44762,"Recurso de inconstitucionalidad n.º 1062-2022, contra el artículo 20 y disposición derogatoria única de la Ley 7/2021, de 20 mayo, de cambio climático y transición energética."
2022-04-04,80,1,BOE-A-2022-5337,TRIBUNAL CONSTITUCIONAL,estatal,Resolución judicial,44763,44763,"Recurso de inconstitucionalidad n.º 1413-2022, contra la Ley 7/2021, de 1 de diciembre, de impulso para la sostenibilidad del territorio de Andalucía."
2022-04-05,81,1,BOE-A-2022-5459,"MINISTERIO DE ASUNTOS EXTERIORES, UNIÓN EUROPEA Y COOPERACIÓN",estatal,Tratado o acuerdo internacional,45701,45702,"Acuerdo entre el Reino de España y la República de Albania complementario del Convenio Europeo de Extradición de 1957, hecho en Madrid el 4 de octubre de 2021."
2022-04-05,81,1,BOE-A-2022-5460,"MINISTERIO DE INCLUSIÓN, SEGURIDAD SOCIAL Y MIGRACIONES",estatal,Resolución,45703,45721,"Resolución de 23 de marzo de 2022, de la Intervención General de la Seguridad Social, por la que se modifica la de 3 de julio de 2014, por la que se aprueba la Instrucción de contabilidad para las entidades que integran el Sistema de la Seguridad Social."
2022-04-06,82,1,BOE-A-2022-5516,JEFATURA DEL ESTADO,estatal,Real Decreto-ley,45922,45930,"Real Decreto-ley 8/2022, de 5 de abril, por el que se adoptan medidas urgentes en el ámbito de la contratación laboral del Sistema Español de Ciencia, Tecnología e Innovación."
2022-04-06,82,1,BOE-A-2022-5517,CORTES GENERALES,estatal,Resolución,45931,45931,"Resolución de 31 de marzo de 2022, del Congreso de los Diputados, por la que se ordena la publicación del Acuerdo de convalidación del Real Decreto-ley 4/2022, de 15 de marzo, por el que se adoptan medidas urgentes de apoyo al sector agrario por causa de la sequía."
2022-04-06,82,1,BOE-A-2022-5518,MINISTERIO DE HACIENDA Y FUNCIÓN PÚBLICA,estatal,Real Decreto,45932,45949,"Real Decreto 241/2022, de 5 de abril, por el que se modifica el Real Decreto 453/2020, de 10 de marzo, por el que se desarrolla la estructura orgánica básica del Ministerio de Justicia, y se modifica el Reglamento del Servicio Jurídico del Estado, aprobado por el Real Decreto 997/2003, de 25 de julio; el Real Decreto 500/2020, de 28 de abril, por el que se desarrolla la estructura orgánica básica del Ministerio para la Transición Ecológica y el Reto Demográfico, y se modifica el Real Decreto 139/2020, de 28 de enero, por el que se establece la estructura orgánica básica de los departamentos ministeriales; y el Real Decreto 372/2020, de 18 de febrero, por el que se desarrolla la estructura orgánica básica del Ministerio de Defensa."
2022-04-06,82,1,BOE-A-2022-5519,MINISTERIO DE HACIENDA Y FUNCIÓN PÚBLICA,estatal,Resolución,45950,46042,"Resolución de 29 de marzo de 2022, del Departamento de Aduanas e Impuestos Especiales de la Agencia Estatal de Administración Tributaria, por la que se modifica la de 11 de julio de 2014, en la que se recogen las instrucciones para la formalización del documento único administrativo (DUA)."
2022-04-06,82,1,BOE-A-2022-5520,"MINISTERIO DE TRANSPORTES, MOVILIDAD Y AGENDA URBANA",estatal,Real Decreto,46043,46046,"Real Decreto 242/2022, de 5 de abril, por el que se modifican el Reglamento de la Ley de Ordenación de los Transportes Terrestres, aprobado por el Real Decreto 1211/1990, de 28 de septiembre, y el Real Decreto 284/2021, de 20 de abril, por el que se regula la cualificación inicial y la formación continua de los conductores de determinados vehículos destinados al transporte por carretera."
2022-04-06,82,1,BOE-A-2022-5521,MINISTERIO DE EDUCACIÓN Y FORMACIÓN PROFESIONAL,estatal,Real Decreto,46047,46408,"Real Decreto 243/2022, de 5 de abril, por el que se establecen la ordenación y las enseñanzas mínimas del Bachillerato."
2022-04-06,82,1,BOE-A-2022-5522,MINISTERIO DE ASUNTOS ECONÓMICOS Y TRANSFORMACIÓN DIGITAL,estatal,Resolución,46409,46411,"Resolución de 5 de abril de 2022, de la Secretaría General del Tesoro y Financiación Internacional, por la que se actualiza el Anexo 1 de la Resolución de 4 de julio de 2017, de la Secretaría General del Tesoro y Política Financiera, por la que se define el principio de prudencia financiera aplicable a las operaciones de endeudamiento y derivados de las comunidades autónomas y entidades locales."
2022-04-06,82,1,BOE-A-2022-5523,MINISTERIO DE SANIDAD,estatal,Resolución,46412,46417,"Resolución de 1 de abril de 2022, de la Dirección General de Salud Pública, relativa a los controles sanitarios a realizar en los puntos de entrada de España."
2022-04-06,82,1,BOE-A-2022-5524,BANCO DE ESPAÑA,estatal,Instrucción o circular,46418,46487,"Circular 3/2022, de 30 de marzo, del Banco de España, por la que se modifican la Circular 2/2016, de 2 de febrero, a las entidades de crédito, sobre supervisión y solvencia, que completa la adaptación del ordenamiento jurídico español a la Directiva 2013/36/UE y al Reglamento (UE) n.º 575/2013; la Circular 2/2014, de 31 de enero, a las entidades de crédito, sobre el ejercicio de diversas opciones regulatorias contenidas en el Reglamento (UE) n.º 575/2013, del Parlamento Europeo y del Consejo, de 26 de junio de 2013, sobre los requisitos prudenciales de las entidades de crédito y las empresas de inversión, y por el que se modifica el Reglamento (UE) n.º 648/2012; y la Circular 5/2012, de 27 de junio, a entidades de crédito y proveedores de servicios de pago, sobre transparencia de los servicios bancarios y responsabilidad en la concesión de préstamos."
2022-04-06,82,1,BOE-A-2022-5525,COMUNIDAD AUTÓNOMA DE CATALUÑA,autonómico,Decreto-ley,46488,46490,"Decreto-ley 2/2022, de 15 de marzo, de modificación del artículo 4 de la Ley 10/2014, de 26 de septiembre, de consultas populares no referendarias y otras formas de participación ciudadana."
2022-04-07,83,1,BOE-A-2022-5595,"MINISTERIO DE ASUNTOS EXTERIORES, UNIÓN EUROPEA Y COOPERACIÓN",estatal,Tratado o acuerdo internacional,46756,46760,"Convenio entre el Reino de España y el Reino de Marruecos sobre cooperación en materia de seguridad y de lucha contra la delincuencia, hecho en Rabat el 13 de febrero de 2019."
2022-04-07,83,1,BOE-A-2022-5596,MINISTERIO DE EDUCACIÓN Y FORMACIÓN PROFESIONAL,estatal,Real Decreto,46761,46783,"Real Decreto 206/2022, de 22 de marzo, por el que se establece el Curso de Especialización en Instalación y mantenimiento de sistemas conectados a internet (IoT) y se fijan los aspectos básicos del currículo, y se modifica el Real Decreto 280/2021, de 20 de abril, por el que se establece el Curso de Especialización en Fabricación aditiva y se fijan los aspectos básicos del currículo, en el marco del Plan de Recuperación, Transformación y Resiliencia."
2022-04-08,84,1,BOE-A-2022-5687,MINISTERIO DE EDUCACIÓN Y FORMACIÓN PROFESIONAL,estatal,Orden,47175,47214,"Orden EFP/279/2022, de 4 de abril, por la que se regulan la evaluación y la promoción en la Educación Primaria, así como la evaluación, la promoción y la titulación en la Educación Secundaria Obligatoria, el Bachillerato y la Formación Profesional en el ámbito de gestión del Ministerio de Educación y Formación Profesional."
2022-04-08,84,1,BOE-A-2022-5688,"MINISTERIO DE LA PRESIDENCIA, RELACIONES CON LAS CORTES Y MEMORIA DEMOCRÁTICA",estatal,Orden,47215,47228,"Orden PCM/280/2022, de 6 de abril, por la que se regulan los procedimientos para determinar la competencia lingüística en los idiomas extranjeros considerados de interés para la Guardia Civil y para la inscripción de los niveles de esa competencia en las lenguas cooficiales."
2022-04-08,84,1,BOE-A-2022-5689,"MINISTERIO DE LA PRESIDENCIA, RELACIONES CON LAS CORTES Y MEMORIA DEMOCRÁTICA",estatal,Orden,47229,47234,"Orden PCM/281/2022, de 6 de abril, por la que se crea el órgano administrativo encargado de la ejecución del programa de apoyo a la celebración del acontecimiento de excepcional interés público ""Plan 2030 de Apoyo al Deporte de Base""."
2022-04-08,84,1,BOE-A-2022-5690,"MINISTERIO DE LA PRESIDENCIA, RELACIONES CON LAS CORTES Y MEMORIA DEMOCRÁTICA",estatal,Orden,47235,47236,"Orden PCM/282/2022, de 6 de abril, por la que se modifica la Orden PRE/1435/2013, de 23 de julio, por la que se desarrolla el Reglamento de la Ley de Ordenación de los Transportes Terrestres en materia de transporte sanitario por carretera."
2022-04-09,85,1,BOE-A-2022-5809,JEFATURA DEL ESTADO,estatal,Ley,48578,48733,"Ley 7/2022, de 8 de abril, de residuos y suelos contaminados para una economía circular."
2022-04-09,85,1,BOE-A-2022-5810,CORTES GENERALES,estatal,Resolución,48734,48734,"Resolución de 7 de abril de 2022, del Congreso de los Diputados, por la que se ordena la publicación del Acuerdo de convalidación del Real Decreto-ley 5/2022, de 22 de marzo, por el que se adapta el régimen de la relación laboral de carácter especial de las personas dedicadas a las actividades artísticas, así como a las actividades técnicas y auxiliares necesarias para su desarrollo, y se mejoran las condiciones laborales del sector."
2022-04-09,85,1,BOE-A-2022-5811,MINISTERIO DE HACIENDA Y FUNCIÓN PÚBLICA,estatal,Resolución,48735,48737,"Resolución de 8 de abril de 2022, de la Presidencia del Comisionado para el Mercado de Tabacos, por la que se publican los precios de venta al público de determinadas labores de tabaco en Expendedurías de Tabaco y Timbre del área del Monopolio."
2022-04-09,85,1,BOE-A-2022-5812,MINISTERIO DEL INTERIOR,estatal,Orden,48738,48739,"Orden INT/296/2022, de 8 de abril, por la que se modifica la Orden INT/657/2020, de 17 de julio, por la que se modifican los criterios para la aplicación de una restricción temporal de viajes no imprescindibles desde terceros países a la Unión Europea y países asociados Schengen por razones de orden público y salud pública con motivo de la crisis sanitaria ocasionada por la COVID-19."
2022-04-09,85,1,BOE-A-2022-5813,MINISTERIO DE EDUCACIÓN Y FORMACIÓN PROFESIONAL,estatal,Corrección,48740,48740,"Corrección de errores del Real Decreto 217/2022, de 29 de marzo, por el que se establece la ordenación y las enseñanzas mínimas de la Educación Secundaria Obligatoria."
2022-04-09,85,1,BOE-A-2022-5814,MINISTERIO DE ASUNTOS ECONÓMICOS Y TRANSFORMACIÓN DIGITAL,estatal,Orden,48741,48743,"Orden ETD/297/2022, de 1 de abril, por la que se acuerda la emisión, acuñación y puesta en circulación de monedas de colección ""V Centenario de Antonio de Nebrija""."
2022-04-09,85,1,BOE-A-2022-5815,MINISTERIO DE ASUNTOS ECONÓMICOS Y TRANSFORMACIÓN DIGITAL,estatal,Orden,48744,48746,"Orden ETD/298/2022, de 1 de abril, por la que se acuerda la emisión, acuñación y puesta en circulación de monedas de colección de la II Serie de ""Historia del Ferrocarril""."
2022-04-09,85,1,BOE-A-2022-5816,MINISTERIO DE ASUNTOS ECONÓMICOS Y TRANSFORMACIÓN DIGITAL,estatal,Orden,48747,48749,"Orden ETD/299/2022, de 1 de abril, por la que se acuerda la emisión, acuñación y puesta en circulación de monedas de colección dedicadas al ""Lince Ibérico""."
2022-04-11,86,1,BOE-A-2022-5850,"MINISTERIO DE ASUNTOS EXTERIORES, UNIÓN EUROPEA Y COOPERACIÓN",estatal,Tratado o acuerdo internacional,49026,49036,"Acuerdo administrativo entre las Naciones Unidas y el Ministerio de Defensa del Reino de España relativo al uso por las Naciones Unidas de locales situados en Valencia (España), hecho en Madrid y Nueva York el 16 de marzo de 2009."
2022-04-11,86,1,BOE-A-2022-5851,"MINISTERIO DE ASUNTOS EXTERIORES, UNIÓN EUROPEA Y COOPERACIÓN",estatal,Tratado o acuerdo internacional,49037,49039,"Adenda al Acuerdo administrativo entre las Naciones Unidas y el Ministerio de Defensa del Reino de España relativo al uso por las Naciones Unidas de locales situados en Valencia (España), hecha en Madrid y Nueva York el 7 de junio de 2021."
2022-04-11,86,1,BOE-A-2022-5852,"MINISTERIO DE ASUNTOS EXTERIORES, UNIÓN EUROPEA Y COOPERACIÓN",estatal,Tratado o acuerdo internacional,49040,49040,"Entrada en vigor del Canje de Notas constitutivo de Acuerdo entre el Reino de España y el Centro Internacional de Altos Estudios Agronómicos Mediterráneos (CIHEAM) para la modificación del Acuerdo para lograr la equivalencia entre los títulos otorgados por este último a través del Instituto Agronómico de Zaragoza y el título oficial español de Máster suscrito en 2006, hecho en Madrid y París el 23 de septiembre y 6 de octubre de 2021."
2022-04-11,86,1,BOE-A-2022-5853,COMUNIDAD AUTÓNOMA DE EXTREMADURA,autonómico,Ley,49041,49096,"Ley 3/2022, de 17 de marzo, de medidas ante el reto demográfico y territorial de Extremadura."
2022-04-11,86,1,BOE-A-2022-5854,COMUNIDAD AUTÓNOMA DE EXTREMADURA,autonómico,Ley,49097,49116,"Ley 2/2022, de 1 de abril, de bibliotecas de Extremadura."
2022-04-12,87,1,BOE-A-2022-5980,"MINISTERIO DE INDUSTRIA, COMERCIO Y TURISMO",estatal,Orden,51103,51113,"Orden ICT/307/2022, de 4 de abril, por la que se crean la Junta de Contratación y la Mesa Única de Contratación y se regulan su composición y funciones."
2022-04-13,88,1,BOE-A-2022-6044,JEFATURA DEL ESTADO,estatal,Ley Orgánica,51404,51406,"Ley Orgánica 4/2022, de 12 de abril, por la que se modifica la Ley Orgánica 10/1995, de 23 de noviembre, del Código Penal, para penalizar el acoso a las mujeres que acuden a clínicas para la interrupción voluntaria del embarazo."
2022-04-13,88,1,BOE-A-2022-6045,MINISTERIO DE HACIENDA Y FUNCIÓN PÚBLICA,estatal,Real Decreto,51407,51434,"Real Decreto 267/2022, de 12 de abril, por el que se desarrolla la estructura orgánica básica del Ministerio de Asuntos Exteriores, Unión Europea y Cooperación."
2022-04-13,88,1,BOE-A-2022-6046,MINISTERIO DEL INTERIOR,estatal,Real Decreto,51435,51439,"Real Decreto 268/2022, de 12 de abril, por el que se modifica el Real Decreto 190/1996, de 9 de febrero, por el que se aprueba el Reglamento Penitenciario."
2022-04-13,88,1,BOE-A-2022-6047,"MINISTERIO DE TRANSPORTES, MOVILIDAD Y AGENDA URBANA",estatal,Real Decreto,51440,51512,"Real Decreto 269/2022, de 12 de abril, por el que se regulan los títulos profesionales y de competencia de la Marina Mercante."
2022-04-13,88,1,BOE-A-2022-6048,MINISTERIO DE EDUCACIÓN Y FORMACIÓN PROFESIONAL,estatal,Real Decreto,51513,51521,"Real Decreto 270/2022, de 12 de abril, por el que se modifica el Reglamento de ingreso, accesos y adquisición de nuevas especialidades en los cuerpos docentes a que se refiere la Ley Orgánica 2/2006, de 3 de mayo, de Educación, y se regula el régimen transitorio de ingreso a que se refiere la disposición transitoria decimoséptima de la citada ley, aprobado por Real Decreto 276/2007, de 23 de febrero."
2022-04-13,88,1,BOE-A-2022-6049,"MINISTERIO DE LA PRESIDENCIA, RELACIONES CON LAS CORTES Y MEMORIA DEMOCRÁTICA",estatal,Real Decreto,51522,51527,"Real Decreto 271/2022, de 12 de abril, por el que se modifica el Real Decreto 1275/2011, de 16 de septiembre, por el que se crea la Agencia estatal ""Agencia Española de Medicamentos y Productos Sanitarios"" y se aprueba su Estatuto, con objeto de adaptar su estructura organizativa a las previsiones del Reglamento (UE) 2017/745, del Parlamento Europeo y del Consejo, de 5 de abril de 2017, sobre los productos sanitarios."
2022-04-13,88,1,BOE-A-2022-6050,MINISTERIO PARA LA TRANSICIÓN ECOLÓGICA Y EL RETO DEMOGRÁFICO,estatal,Real Decreto,51528,51549,"Real Decreto 218/2022, de 29 de marzo, por el que se modifica el Real Decreto 79/2019, de 22 de febrero, por el que se regula el informe de compatibilidad y se establecen los criterios de compatibilidad con las estrategias marinas."
2022-04-13,88,1,BOE-A-2022-6051,BANCO DE ESPAÑA,estatal,Corrección,51550,51550,"Corrección de errores de la Circular 2/2022, de 15 de marzo, del Banco de España, sobre normas para el envío al Banco de España de estadísticas de pagos por parte de proveedores de servicios de pago y operadores de sistemas de pago."
2022-04-14,89,1,BOE-A-2022-6117,"MINISTERIO DE ASUNTOS EXTERIORES, UNIÓN EUROPEA Y COOPERACIÓN",estatal,Tratado o acuerdo internacional,51930,51930,"Acuerdo Multilateral M344, en virtud del apartado 1.5.1 del ADR, relativo al transporte de detonadores electrónicos bajo los números ONU 0511, 0512 y 0513, hecho en Madrid el 4 de abril de 2022."
2022-04-14,89,1,BOE-A-2022-6118,MINISTERIO DE HACIENDA Y FUNCIÓN PÚBLICA,estatal,Resolución,51931,51932,"Resolución de 7 de abril de 2022, de la Presidencia de la Agencia Estatal de Administración Tributaria, por la que se modifica la de 13 de enero de 2021, por la que se establece la estructura y organización territorial de la Agencia Estatal de Administración Tributaria."
2022-04-14,89,1,BOE-A-2022-6119,"MINISTERIO DE LA PRESIDENCIA, RELACIONES CON LAS CORTES Y MEMORIA DEMOCRÁTICA",estatal,Resolución,51933,51938,"Resolución de 13 de abril de 2022, de la Subsecretaría, por la que se publica la Resolución de 5 de abril de 2022, conjunta de la Secretaría de Estado de Educación y la Secretaría General de Universidades, por la que se establecen las adaptaciones de la evaluación de Bachillerato para el acceso a la Universidad a las necesidades y situación de los centros españoles situados en el exterior del territorio nacional, los programas educativos en el exterior, los programas internacionales, el alumnado procedente de sistemas educativos extranjeros y las enseñanzas a distancia, en el curso 2021-2022."
2022-04-14,89,1,BOE-A-2022-6120,MINISTERIO DE ASUNTOS ECONÓMICOS Y TRANSFORMACIÓN DIGITAL,estatal,Corrección,51939,51939,"Corrección de errores de la Orden ETD/299/2022, de 1 de abril, por la que se acuerda la emisión, acuñación y puesta en circulación de monedas de colección de un décimo de onza de oro dedicadas al ""Lince Ibérico""."
2022-04-15,90,1,BOE-A-2022-6170,"MINISTERIO DE ASUNTOS EXTERIORES, UNIÓN EUROPEA Y COOPERACIÓN",estatal,Tratado o acuerdo internacional,52118,52128,"Texto enmendado del Anexo al Convenio contra el dopaje, hecho en Estrasburgo el 16 de noviembre de 1989, cuyas Enmiendas fueron adoptadas en Estrasburgo el 7 de diciembre de 2021."
2022-04-15,90,1,BOE-A-2022-6171,MINISTERIO DE CONSUMO,estatal,Orden,52129,52130,"Orden CSM/327/2022, de 11 de abril, por la que se modifica la Orden CSM/1271/2021, de 15 de noviembre, por la que se crea la Comisión Ministerial de Administración Digital del Ministerio de Consumo y se regula su composición y funciones."
2022-04-16,91,1,BOE-A-2022-6279,MINISTERIO DE CULTURA Y DEPORTE,estatal,Orden,52604,52605,"Orden CUD/330/2022, de 24 de marzo, por la que se modifica la Orden ECD/1152/2014, de 25 de junio, por la que se establecen las normas de acceso a la Biblioteca Nacional de España."
2022-04-18,92,1,BOE-A-2022-6307,MINISTERIO PARA LA TRANSICIÓN ECOLÓGICA Y EL RETO DEMOGRÁFICO,estatal,Resolución,52795,52797,"Resolución de 11 de abril de 2022, de la Dirección General de Política Energética y Minas, por la que se publican los nuevos precios de venta, antes de impuestos, de los gases licuados del petróleo por canalización."
2022-04-19,93,1,BOE-A-2022-6399,COMUNIDAD AUTÓNOMA DE CATALUÑA,autonómico,Ley,53321,53322,"Ley 3/2022, de 6 de abril, de modificación de la Ley 2/2009, del Consejo de Garantías Estatutarias."
2022-04-19,93,1,BOE-A-2022-6400,COMUNIDAD AUTÓNOMA DE CATALUÑA,autonómico,Ley,53323,53323,"Ley 4/2022, de 6 de abril, de modificación de la Ley 24/2009, del Síndic de Greuges."
2022-04-19,93,1,BOE-A-2022-6401,COMUNIDAD AUTÓNOMA DE CATALUÑA,autonómico,Ley,53324,53324,"Ley 5/2022, de 6 de abril, de modificación de la Ley 14/2008, de la Oficina Antifraude de Cataluña."
2022-04-19,93,1,BOE-A-2022-6402,COMUNIDAD FORAL DE NAVARRA,autonómico,Ley,53325,53395,"Ley Foral 4/2022, de 22 de marzo, de Cambio Climático y Transición Energética."
2022-04-19,93,1,BOE-A-2022-6403,COMUNIDAD FORAL DE NAVARRA,autonómico,Ley,53396,53397,"Ley Foral 5/2022, de 22 de marzo, por la que se modifica la Ley Foral 6/1990, de 2 de julio, de la Administración Local de Navarra."
2022-04-19,93,1,BOE-A-2022-6404,COMUNIDAD FORAL DE NAVARRA,autonómico,Ley,53398,53402,"Ley Foral 6/2022, de 22 de marzo, de modificación de la Ley Foral 2/1995, de 10 de marzo, de Haciendas Locales de Navarra."
2022-04-20,94,1,BOE-A-2022-6448,"MINISTERIO DE LA PRESIDENCIA, RELACIONES CON LAS CORTES Y MEMORIA DEMOCRÁTICA",estatal,Real Decreto,53726,53728,"Real Decreto 285/2022, de 19 de abril, por el que se modifica el Real Decreto 1130/2003, de 5 de septiembre, por el que se regula el régimen retributivo del Cuerpo de Secretarios Judiciales, así como el Real Decreto 2033/2009, de 30 de diciembre, por el que se determinan los puestos tipo adscritos al Cuerpo de Secretarios Judiciales a efectos del complemento general de puesto, la asignación inicial del complemento específico y las retribuciones por sustituciones que impliquen el desempeño conjunto de otra función, para dar cumplimiento a la disposición adicional centésima quincuagésima séptima de la Ley 11/2020, de 30 de diciembre, de Presupuestos Generales del Estado para el año 2021."
2022-04-20,94,1,BOE-A-2022-6449,MINISTERIO DE SANIDAD,estatal,Real Decreto,53729,53732,"Real Decreto 286/2022, de 19 de abril, por el que se modifica la obligatoriedad del uso de mascarillas durante la situación de crisis sanitaria ocasionada por la COVID-19."
2022-04-20,94,1,BOE-A-2022-6450,COMUNIDAD FORAL DE NAVARRA,autonómico,Ley,53733,53788,"Ley Foral 7/2022, de 22 de marzo, por la que se establece la distribución y reparto del fondo de participación de las entidades locales en los tributos de Navarra por transferencias corrientes."
2022-04-20,94,1,BOE-A-2022-6451,COMUNIDAD FORAL DE NAVARRA,autonómico,Ley,53789,53833,"Ley Foral 8/2022, de 22 de marzo, reguladora del Plan de Inversiones Locales."
2022-04-20,94,1,BOE-A-2022-6452,COMUNIDAD FORAL DE NAVARRA,autonómico,Ley,53834,53837,"Ley Foral 9/2022, de 22 de marzo, para la modificación de los artículos 3 y 4 de Ley Foral 5/2019, de 7 de febrero, para la acreditación de las familias monoparentales en la Comunidad Foral de Navarra."
2022-04-20,94,1,BOE-A-2022-6453,COMUNIDAD AUTÓNOMA DE EXTREMADURA,autonómico,Decreto-ley,53838,53850,"Decreto-ley 1/2022, de 2 de marzo, de medidas urgentes de mejora de la calidad en la contratación pública para la reactivación económica."
2022-04-21,95,1,BOE-A-2022-6497,JEFATURA DEL ESTADO,estatal,Corrección,54873,54873,"Corrección de errores de la Ley Orgánica 2/2022, de 21 de marzo, de mejora de la protección de las personas huérfanas víctimas de la violencia de género."
2022-04-21,95,1,BOE-A-2022-6498,JEFATURA DEL ESTADO,estatal,Corrección,54874,54874,"Corrección de errores de la Ley 21/2021, de 28 de diciembre, de garantía del poder adquisitivo de las pensiones y de otras medidas de refuerzo de la sostenibilidad financiera y social del sistema público de pensiones."
2022-04-21,95,1,BOE-A-2022-6499,MINISTERIO DE ASUNTOS ECONÓMICOS Y TRANSFORMACIÓN DIGITAL,estatal,Orden,54875,54877,"Orden ETD/340/2022, de 18 de abril, por la que se acuerda la emisión, acuñación y puesta en circulación de monedas de colección de la IV Serie de ""V Centenario de la Vuelta al Mundo""."
2022-04-22,96,1,BOE-A-2022-6552,TRIBUNAL CONSTITUCIONAL,estatal,Resolución judicial,55163,55163,"Recurso de inconstitucionalidad n.º 1937-2022, contra la disposición adicional quinta de la Ley 19/2021, de 20 de diciembre, por la que se establece el ingreso mínimo vital, y disposición final trigésima de la Ley 22/2021, de 28 de diciembre, de Presupuestos Generales del Estado para el año 2022."
2022-04-22,96,1,BOE-A-2022-6553,TRIBUNAL CONSTITUCIONAL,estatal,Resolución judicial,55164,55164,"Recurso de inconstitucionalidad n.º 2061-2022, contra la disposición final trigésima de la Ley 22/2021, de 28 de diciembre, de Presupuestos Generales del Estado para el año 2022, que modifica la disposición adicional quinta de la Ley 19/2021, de 20 de diciembre, por la que se establece el ingreso mínimo vital."
2022-04-22,96,1,BOE-A-2022-6554,MINISTERIO DE HACIENDA Y FUNCIÓN PÚBLICA,estatal,Orden,55165,55167,"Orden HFP/341/2022, de 20 de abril, por la que se establecen los criterios de distribución a las entidades locales de la compensación prevista en la disposición adicional octogésima cuarta de la Ley 22/2021, de 28 de diciembre, de Presupuestos Generales del Estado para el año 2022."
2022-04-22,96,1,BOE-A-2022-6555,"MINISTERIO DE INDUSTRIA, COMERCIO Y TURISMO",estatal,Real Decreto,55168,55171,"Real Decreto 207/2022, de 22 de marzo, por el que se modifican diversas normas reglamentarias para ampliar la designación del Laboratorio de Metrología de Radiaciones Ionizantes del Centro de Investigaciones Energéticas, Medioambientales y Tecnológicas (CIEMAT) y del Laboratorio Central Oficial de Electrotecnia de la Fundación para el Fomento de la Innovación Industrial, depositarios de patrones nacionales de medida."
2022-04-22,96,1,BOE-A-2022-6556,MINISTERIO DE CIENCIA E INNOVACIÓN,estatal,Real Decreto,55172,55182,"Real Decreto 287/2022, de 19 de abril, por el que se regula la concesión directa de subvenciones a las comunidades autónomas para financiar la realización de cuatro programas del segundo marco para la implementación de los Planes Complementarios de I+D+I con las comunidades autónomas, que forman parte del componente 17 del Plan de Recuperación, Transformación y Resiliencia, denominado ""Reforma institucional y fortalecimiento de las capacidades del Sistema Nacional de Ciencia, Tecnología e Innovación""."
2022-04-22,96,1,BOE-A-2022-6557,TRIBUNAL SUPREMO,estatal,Resolución judicial,55183,55184,"Sentencia de 22 de febrero de 2022, de la Sala Tercera del Tribunal Supremo, que estima parcialmente el recurso contencioso-administrativo interpuesto por Clidom Energy, SL, contra el Real Decreto 897/2017, de 6 de octubre, por el que se regula la figura del consumidor vulnerable, el bono social y otras medidas de protección para los consumidores domésticos de energía eléctrica."
2022-04-23,97,1,BOE-A-2022-6585,MINISTERIO DE HACIENDA Y FUNCIÓN PÚBLICA,estatal,Resolución,55604,55606,"Resolución de 22 de abril de 2022, de la Presidencia del Comisionado para el Mercado de Tabacos, por la que se publican los precios de venta al público de determinadas labores de tabaco en Expendedurías de Tabaco y Timbre del área del Monopolio."
2022-04-25,98,1,BOE-A-2022-6604,TRIBUNAL SUPREMO,estatal,Resolución judicial,55682,55682,"Sentencia de 10 de marzo de 2022, de la Sala Tercera del Tribunal Supremo, que estima parcialmente el recurso contencioso-administrativo interpuesto por la Junta de Comunidades de Castilla-La Mancha, contra el Real Decreto 897/2017, de 6 de octubre, por el que se regula la figura del consumidor vulnerable, el bono social y otras medidas de protección para los consumidores domésticos de energía eléctrica, y contra la Orden ETU/943/2017, de 6 de octubre, por la que se desarrolla el Real Decreto 897/2017, por el que se regula la figura del consumidor vulnerable, el bono social y otras medidas de protección para los consumidores domésticos de energía eléctrica."
2022-04-26,99,1,BOE-A-2022-6674,"MINISTERIO DE ASUNTOS EXTERIORES, UNIÓN EUROPEA Y COOPERACIÓN",estatal,Tratado o acuerdo internacional,56593,56597,"Acuerdo internacional administrativo sobre el edificio de la sede de la Organización Mundial del Turismo, previsto en el Convenio de sede entre el Reino de España y la Organización Mundial del Turismo, hecho en Madrid el 25 de marzo de 2022."
2022-04-26,99,1,BOE-A-2022-6675,"MINISTERIO DE ASUNTOS EXTERIORES, UNIÓN EUROPEA Y COOPERACIÓN",estatal,Tratado o acuerdo internacional,56598,56609,"Instrumento de ratificación del Tratado relativo a la transmisión electrónica de solicitudes de cooperación jurídica internacional entre autoridades centrales, hecho en Medellín el 25 de julio de 2019. Reglamento de financiación del Tratado relativo a la transmisión electrónica de solicitudes de cooperación jurídica internacional entre autoridades centrales."
2022-04-26,99,1,BOE-A-2022-6676,COMUNIDAD AUTÓNOMA DE CATALUÑA,autonómico,Resolución,56610,56634,"Resolución INT/956/2022, de 4 de abril, por la que se establecen las restricciones a la circulación durante el año 2022."
2022-04-26,99,1,BOE-A-2022-6677,COMUNIDAD AUTÓNOMA DE LA RIOJA,autonómico,Ley,56635,56673,"Ley 3/2022, de 29 de marzo, reguladora del juego y las apuestas de La Rioja y de la prevención del juego problemático y patológico."
2022-04-26,99,1,BOE-A-2022-6678,COMUNIDAD AUTÓNOMA DE LA RIOJA,autonómico,Ley,56674,56676,"Ley 4/2022, de 29 de marzo, por la que se alza la suspensión del funcionamiento del Consejo Económico y Social de La Rioja."
2022-04-27,100,1,BOE-A-2022-6763,JEFATURA DEL ESTADO,estatal,Real Decreto-ley,57083,57088,"Real Decreto-ley 9/2022, de 26 de abril, por el que se adoptan medidas hipotecarias y de gestión de pagos en el exterior en el marco de la aplicación de las medidas restrictivas aprobadas por la Unión Europea en respuesta a la invasión de Ucrania."
2022-04-27,100,1,BOE-A-2022-6764,JEFATURA DEL ESTADO,estatal,Corrección,57089,57090,"Corrección de errores del Real Decreto-ley 6/2022, de 29 de marzo, por el que se adoptan medidas urgentes en el marco del Plan Nacional de respuesta a las consecuencias económicas y sociales de la guerra en Ucrania."
2022-04-27,100,1,BOE-A-2022-6765,PRESIDENCIA DEL GOBIERNO,estatal,Real Decreto,57091,57097,"Real Decreto 297/2022, de 26 de abril, por el que se modifica el Real Decreto 434/1988, de 6 de mayo, sobre reestructuración de la Casa de Su Majestad el Rey."
2022-04-27,100,1,BOE-A-2022-6766,MINISTERIO DE HACIENDA Y FUNCIÓN PÚBLICA,estatal,Orden,57098,57100,"Orden HFP/356/2022, de 20 de abril, por la que se establece la obligatoriedad de comunicaciones y notificaciones por medios electrónicos en el procedimiento de concesión mediante subasta de expendedurías de tabaco y timbre del Estado."
2022-04-27,100,1,BOE-A-2022-6767,MINISTERIO DE HACIENDA Y FUNCIÓN PÚBLICA,estatal,Corrección,57101,57101,"Corrección de errores de la Orden HFP/341/2022, de 20 de abril, por la que se establecen los criterios de distribución a las entidades locales de la compensación prevista en la disposición adicional octogésima cuarta de la Ley 22/2021, de 28 de diciembre, de Presupuestos Generales del Estado para el año 2022."
2022-04-27,100,1,BOE-A-2022-6768,COMUNIDAD DE MADRID,autonómico,Ley,57102,57121,"Ley 1/2022, de 10 de febrero, Maestra de Libertad de Elección Educativa de la Comunidad de Madrid."
2022-04-27,100,1,BOE-A-2022-6769,COMUNIDAD DE MADRID,autonómico,Ley,57122,57128,"Ley 2/2022, de 1 de marzo, de reconocimiento de la universidad privada ""Universidad de Diseño, Innovación y Tecnología (UDIT)""."
2022-04-28,101,1,BOE-A-2022-6830,JEFATURA DEL ESTADO,estatal,Corrección,57688,57690,"Corrección de errores de la Ley 19/2021, de 20 de diciembre, por la que se establece el ingreso mínimo vital."
2022-04-29,102,1,BOE-A-2022-6904,COMUNIDAD AUTÓNOMA DE CATALUÑA,autonómico,Ley,57940,57941,"Ley 6/2022, de 7 de abril, de modificación de la Ley 9/1993, del patrimonio cultural catalán, para la preservación de los establecimientos emblemáticos."
2022-04-29,102,1,BOE-A-2022-6905,COMUNIDAD AUTÓNOMA DE CATALUÑA,autonómico,Corrección,57942,57942,"Corrección de erratas de la Ley 2/2021, de 29 de diciembre, de medidas fiscales, financieras, administrativas y del sector público."
2022-04-29,102,1,BOE-A-2022-6906,COMUNIDAD AUTÓNOMA DE CATALUÑA,autonómico,Decreto-ley,57943,57946,"Decreto-ley 3/2022, de 29 de marzo, de acceso a datos de los entes locales y del Departamento de Educación para la aplicación de medidas destinadas a la detección y distribución equilibrada del alumnado con necesidades educativas específicas."
2022-04-30,103,1,BOE-A-2022-6974,CORTES GENERALES,estatal,Otras,58830,58831,Reforma del Reglamento del Senado por la que se modifica el artículo 92.
2022-04-30,103,1,BOE-A-2022-6975,"MINISTERIO DE ASUNTOS EXTERIORES, UNIÓN EUROPEA Y COOPERACIÓN",estatal,Tratado o acuerdo internacional,58832,58834,"Adenda al Acuerdo entre el Reino de España y el Estado de Kuwait sobre supresión recíproca de visados en pasaportes diplomáticos, hecho en Sevilla el 3 de octubre de 2011, hecho ""ad referendum"" en Madrid el 10 de mayo de 2021."
2022-04-30,103,1,BOE-A-2022-6976,MINISTERIO DE HACIENDA Y FUNCIÓN PÚBLICA,estatal,Resolución,58835,58839,"Resolución de 29 de abril de 2022, de la Presidencia del Comisionado para el Mercado de Tabacos, por la que se publican los precios de venta al público de determinadas labores de tabaco en Expendedurías de Tabaco y Timbre del área del Monopolio."
2022-04-30,103,1,BOE-A-2022-6977,MINISTERIO DEL INTERIOR,estatal,Orden,58840,58841,"Orden INT/372/2022, de 29 de abril, por la que se prorroga la Orden INT/657/2020, de 17 de julio, por la que se modifican los criterios para la aplicación de una restricción temporal de viajes no imprescindibles desde terceros países a la Unión Europea y países asociados Schengen por razones de orden público y salud pública con motivo de la crisis sanitaria ocasionada por la COVID-19."
2022-05-02,104,1,BOE-A-2022-7002,MINISTERIO DE ASUNTOS ECONÓMICOS Y TRANSFORMACIÓN DIGITAL,estatal,Orden,59970,59976,"Orden ETD/374/2022, de 25 de abril, por la que se establece el sistema de reaseguro a cargo del Consorcio de Compensación de Seguros en materia de responsabilidad civil por daños nucleares."
2022-05-02,104,1,BOE-A-2022-7003,COMUNIDAD AUTÓNOMA DE ARAGÓN,autonómico,Ley,59977,59979,"Ley 1/2022, de 7 de abril, por la que se modifica la Ley 16/2018, de 4 de diciembre, de la Actividad Física y el Deporte de Aragón."
2022-05-02,104,1,BOE-A-2022-7004,COMUNIDAD AUTÓNOMA DE ARAGÓN,autonómico,Decreto Legislativo,59980,60000,"Decreto Legislativo 1/2022, de 6 de abril, del Gobierno de Aragón, por el que se aprueba el texto refundido de la Ley del Presidente o Presidenta y del Gobierno de Aragón."
2022-05-03,105,1,BOE-A-2022-7135,JEFATURA DEL ESTADO,estatal,Otras,60556,60566,"Instrumento de adhesión al Acuerdo sobre el establecimiento del Instituto Internacional de Vacunas, hecho en Nueva York el 28 de octubre de 1996."
2022-05-03,105,1,BOE-A-2022-7136,MINISTERIO DE HACIENDA Y FUNCIÓN PÚBLICA,estatal,Resolución,60567,60567,"Resolución de 26 de abril de 2022, del Departamento de Aduanas e Impuestos Especiales de la Agencia Estatal de Administración Tributaria, por la que se corrigen errores en la Resolución de 29 de marzo de 2022, por la que se modifica la de 11 de julio de 2014, en la que se recogen las instrucciones para la formalización del documento único administrativo (DUA)."
2022-05-03,105,1,BOE-A-2022-7137,MINISTERIO DE ASUNTOS ECONÓMICOS Y TRANSFORMACIÓN DIGITAL,estatal,Orden,60568,60571,"Orden ETD/378/2022, de 27 de abril, por la que se crea la División Unidad de Grandes Empresas en el Instituto Nacional de Estadística, O.A."
2022-05-03,105,1,BOE-A-2022-7138,TRIBUNAL SUPREMO,estatal,Resolución judicial,60572,60572,"Sentencia de 4 de abril de 2022, de la Sala Tercera del Tribunal Supremo, que declara estimar parcialmente el recurso contencioso-administrativo número 297/2020 contra el Real Decreto 726/2020, de 4 de agosto, por el que se modifica el Reglamento de Armas, aprobado por el Real Decreto 137/1993, de 29 de enero."
2022-05-03,105,1,BOE-A-2022-7139,COMUNIDAD AUTÓNOMA DEL PRINCIPADO DE ASTURIAS,autonómico,Ley,60573,60574,"Ley 1/2022, de 23 de marzo, de modificación de la Ley 3/1985, de 26 de diciembre, de Ordenación de la Función Pública en relación con el sistema selectivo de concurso-oposición."
2022-05-04,106,1,BOE-A-2022-7178,TRIBUNAL CONSTITUCIONAL,estatal,Resolución judicial,61150,61150,"Recurso de inconstitucionalidad n.º 2059-2022, contra la disposición final primera de la Ley 22/2021, de 28 de diciembre, de Presupuestos Generales del Estado para el año 2022, que modifica la Ley 7/1985, de 2 de abril, Reguladora de las Bases del Régimen Local."
2022-05-04,106,1,BOE-A-2022-7179,TRIBUNAL CONSTITUCIONAL,estatal,Resolución judicial,61151,61151,"Recurso de inconstitucionalidad n.º 2192-2022, contra la disposición final primera de la Ley 22/2021, de 28 de diciembre, de Presupuestos Generales del Estado para el año 2022."
2022-05-04,106,1,BOE-A-2022-7180,TRIBUNAL CONSTITUCIONAL,estatal,Resolución judicial,61152,61152,"Recurso de inconstitucionalidad n.º 2238-2022, contra el inciso ""este mismo precepto se aplicará a los efectos de la exigencia de vacunación"" del artículo 14.3 de la Ley del País Vasco 2/2021, de 24 de junio, de medidas para la gestión de la pandemia de COVID-19."
2022-05-04,106,1,BOE-A-2022-7181,TRIBUNAL CONSTITUCIONAL,estatal,Resolución judicial,61153,61153,"Cuestión de inconstitucionalidad n.º 1972-2022, en relación con el artículo primero de la Ley 18/2019, de 2 de diciembre, de medidas urgentes de ordenación del empleo público en las administraciones canarias, por posible vulneración del artículo 149.1.18 de la Constitución Española."
2022-05-04,106,1,BOE-A-2022-7182,"MINISTERIO DE ASUNTOS EXTERIORES, UNIÓN EUROPEA Y COOPERACIÓN",estatal,Tratado o acuerdo internacional,61154,61155,"Entrada en vigor del Acuerdo de transporte aéreo, hecho en Bruselas el 25 de abril de 2007 y en Washington el 30 de abril de 2007."
2022-05-04,106,1,BOE-A-2022-7183,"MINISTERIO DE ASUNTOS EXTERIORES, UNIÓN EUROPEA Y COOPERACIÓN",estatal,Tratado o acuerdo internacional,61156,61157,"Entrada en vigor del Protocolo por el que se modifica el Acuerdo de transporte aéreo entre los Estados Unidos de América y la Comunidad Europea y sus Estados miembros firmado el 25 y el 30 de abril de 2007, hecho en Luxemburgo el 24 de junio de 2010."
2022-05-04,106,1,BOE-A-2022-7184,MINISTERIO DE JUSTICIA,estatal,Real Decreto,61158,61237,"Real Decreto 305/2022, de 3 de mayo, por el que se aprueba el Reglamento del Ministerio Fiscal."
2022-05-04,106,1,BOE-A-2022-7185,MINISTERIO DE JUSTICIA,estatal,Real Decreto,61238,61259,"Real Decreto 306/2022, de 3 de mayo, por el que se amplía la plantilla orgánica del Ministerio Fiscal para adecuarla a las necesidades existentes."
2022-05-04,106,1,BOE-A-2022-7186,MINISTERIO DE JUSTICIA,estatal,Real Decreto,61260,61262,"Real Decreto 307/2022, de 3 de mayo, por el que se modifica el Real Decreto 1373/2003, de 7 de noviembre, por el que se aprueba el arancel de derechos de los procuradores de los tribunales."
2022-05-04,106,1,BOE-A-2022-7187,MINISTERIO DE HACIENDA Y FUNCIÓN PÚBLICA,estatal,Real Decreto,61263,61273,"Real Decreto 308/2022, de 3 de mayo, por el que se modifican el Real Decreto 139/2020, de 28 de enero, por el que se establece la estructura orgánica básica de los departamentos ministeriales, y el Real Decreto 645/2020, de 7 de julio, por el que se desarrolla la estructura orgánica básica del Ministerio de Transportes, Movilidad y Agenda Urbana."
2022-05-04,106,1,BOE-A-2022-7188,MINISTERIO DE HACIENDA Y FUNCIÓN PÚBLICA,estatal,Orden,61274,61474,"Orden HFP/379/2022, de 28 de abril, por la que se aprueban los modelos de declaración del Impuesto sobre Sociedades y del Impuesto sobre la Renta de no Residentes correspondientes a establecimientos permanentes y a entidades en régimen de atribución de rentas constituidas en el extranjero con presencia en territorio español, para los períodos impositivos iniciados entre el 1 de enero y el 31 de diciembre de 2021, se dictan instrucciones relativas al procedimiento de declaración e ingreso y se establecen las condiciones generales y el procedimiento para su presentación electrónica."
2022-05-04,106,1,BOE-A-2022-7189,MINISTERIO DE TRABAJO Y ECONOMÍA SOCIAL,estatal,Resolución,61475,61687,"Resolución de 26 de abril de 2022, de la Secretaría de Estado de Empleo y Economía Social, por la que se publica el Acuerdo del Consejo de Ministros de 19 de abril de 2022, por el que se aprueba el Plan Anual de Política de Empleo para 2022, según lo establecido en el artículo 11.2 del texto refundido de la Ley de Empleo, aprobado por el Real Decreto Legislativo 3/2015, de 23 de octubre."
2022-05-04,106,1,BOE-A-2022-7190,"MINISTERIO DE LA PRESIDENCIA, RELACIONES CON LAS CORTES Y MEMORIA DEMOCRÁTICA",estatal,Real Decreto,61688,61714,"Real Decreto 309/2022, de 3 de mayo, por el que se establece el mecanismo de compensación de costes indirectos para los sectores y subsectores industriales a los que se considera expuestos a un riesgo significativo de fuga de carbono durante el periodo 2021-2030."
2022-05-04,106,1,BOE-A-2022-7191,MINISTERIO DE ASUNTOS ECONÓMICOS Y TRANSFORMACIÓN DIGITAL,estatal,Real Decreto,61715,61804,"Real Decreto 311/2022, de 3 de mayo, por el que se regula el Esquema Nacional de Seguridad."
2022-05-05,107,1,BOE-A-2022-7311,JEFATURA DEL ESTADO,estatal,Ley,62483,62492,"Ley 8/2022, de 4 de mayo, por la que se modifica la Ley 23/2011, de 29 de julio, de depósito legal."
2022-05-05,107,1,BOE-A-2022-7312,CORTES GENERALES,estatal,Resolución,62493,62493,"Resolución de 28 de abril de 2022, del Congreso de los Diputados, por la que se ordena la publicación del Acuerdo de convalidación del Real Decreto-ley 6/2022, de 29 de marzo, por el que se adoptan medidas urgentes en el marco del Plan Nacional de respuesta a las consecuencias económicas y sociales de la guerra en Ucrania."
2022-05-05,107,1,BOE-A-2022-7313,CORTES GENERALES,estatal,Resolución,62494,62494,"Resolución de 28 de abril de 2022, del Congreso de los Diputados, por la que se ordena la publicación del Acuerdo de convalidación del Real Decreto-ley 7/2022, de 29 de marzo, sobre requisitos para garantizar la seguridad de las redes y servicios de comunicaciones electrónicas de quinta generación."
2022-05-05,107,1,BOE-A-2022-7314,CORTES GENERALES,estatal,Resolución,62495,62495,"Resolución de 28 de abril de 2022, del Congreso de los Diputados, por la que se ordena la publicación del Acuerdo de convalidación del Real Decreto-ley 8/2022, de 5 de abril, por el que se adoptan medidas urgentes en el ámbito de la contratación laboral del Sistema Español de Ciencia, Tecnología e Innovación."
2022-05-05,107,1,BOE-A-2022-7315,"MINISTERIO DE ASUNTOS EXTERIORES, UNIÓN EUROPEA Y COOPERACIÓN",estatal,Resolución,62496,62631,"Resolución de 27 de abril de 2022, de la Secretaría General Técnica, sobre aplicación del artículo 24.2 de la Ley 25/2014, de 27 de noviembre, de Tratados y otros Acuerdos Internacionales."
2022-05-05,107,1,BOE-A-2022-7316,"MINISTERIO DE ASUNTOS EXTERIORES, UNIÓN EUROPEA Y COOPERACIÓN",estatal,Corrección,62632,62632,"Corrección de errores de la Adenda al Acuerdo entre el Reino de España y el Estado de Kuwait sobre supresión recíproca de visados en pasaportes diplomáticos, hecho en Sevilla el 3 de octubre de 2011, hecho ""ad referéndum"" en Madrid el 10 de mayo de 2021."
2022-05-05,107,1,BOE-A-2022-7317,MINISTERIO DE HACIENDA Y FUNCIÓN PÚBLICA,estatal,Resolución,62633,62635,"Resolución de 4 de mayo de 2022, de la Intervención General de la Administración del Estado, por la que se establece el procedimiento contable a seguir en las operaciones derivadas del procedimiento excepcional regulado en el artículo 2 del Real Decreto-ley 9/2022, de 26 de abril, por el que se adoptan medidas hipotecarias y de gestión de pagos en el exterior en el marco de la aplicación de las medidas restrictivas aprobadas por la Unión Europea en respuesta a la invasión de Ucrania."
2022-05-05,107,1,BOE-A-2022-7318,MINISTERIO DE TRABAJO Y ECONOMÍA SOCIAL,estatal,Orden,62636,62654,"Orden TES/388/2022, de 29 de abril, por la que se regula el Registro electrónico de apoderamientos del Fondo de Garantía Salarial, O.A."
2022-05-05,107,1,BOE-A-2022-7319,"MINISTERIO DE LA PRESIDENCIA, RELACIONES CON LAS CORTES Y MEMORIA DEMOCRÁTICA",estatal,Real Decreto,62655,62671,"Real Decreto 310/2022, de 3 de mayo, por el que se completa el régimen jurídico para la aprobación de los cambios de espacio aéreo y los procedimientos civiles de vuelo."
2022-05-05,107,1,BOE-A-2022-7320,MINISTERIO DE ASUNTOS ECONÓMICOS Y TRANSFORMACIÓN DIGITAL,estatal,Orden,62672,62682,"Orden ETD/389/2022, de 29 de abril, por la que se regulan los tipos de cuentas de la Administración General del Estado, de sus organismos autónomos y del resto de entidades del sector público administrativo cuyos recursos financieros integran el Tesoro Público, y se establece el régimen de autorización, apertura y utilización de dichas cuentas."
2022-05-06,108,1,BOE-A-2022-7418,"MINISTERIO DE ASUNTOS EXTERIORES, UNIÓN EUROPEA Y COOPERACIÓN",estatal,Orden,63345,63346,"Orden AUC/397/2022, de 21 de abril, por la que se crea la Oficina Consular Honoraria, con categoría de Consulado Honorario de España, en Bodrum, en la República de Turquía."
2022-05-06,108,1,BOE-A-2022-7419,"MINISTERIO DE ASUNTOS EXTERIORES, UNIÓN EUROPEA Y COOPERACIÓN",estatal,Orden,63347,63348,"Orden AUC/398/2022, de 21 de abril, por la que se crea la Oficina Consular Honoraria, con categoría de Consulado Honorario de España, en Inhambane, en la República de Mozambique."
2022-05-06,108,1,BOE-A-2022-7420,"MINISTERIO DE LA PRESIDENCIA, RELACIONES CON LAS CORTES Y MEMORIA DEMOCRÁTICA",estatal,Orden,63349,63356,"Orden PCM/399/2022, de 5 de mayo, por la que se modifica el Anexo IV del Real Decreto 219/2013, de 22 de marzo, sobre restricciones a la utilización de determinadas sustancias peligrosas en aparatos eléctricos y electrónicos."
2022-05-07,109,1,BOE-A-2022-7488,MINISTERIO DE HACIENDA Y FUNCIÓN PÚBLICA,estatal,Resolución,64135,64138,"Resolución de 6 de mayo de 2022, de la Presidencia del Comisionado para el Mercado de Tabacos, por la que se publican los precios de venta al público de determinadas labores de tabaco en Expendedurías de Tabaco y Timbre del área del Monopolio."
2022-05-07,109,1,BOE-A-2022-7489,"MINISTERIO DE TRANSPORTES, MOVILIDAD Y AGENDA URBANA",estatal,Orden,64139,64146,"Orden TMA/404/2022, de 25 de abril, por la que se regulan aspectos del régimen de certificación de las entidades encargadas del mantenimiento de vehículos ferroviarios, se modifican los datos inscribibles en el Registro Especial Ferroviario del Reglamento del Sector Ferroviario, aprobado por Real Decreto 2387/2004, de 30 de diciembre, y se establece un régimen transitorio de homologación para los centros de mantenimiento de material rodante distinto de vagones de mercancías regulado en la Orden FOM/233/2006, de 31 de enero."
2022-05-07,109,1,BOE-A-2022-7490,"MINISTERIO DE LA PRESIDENCIA, RELACIONES CON LAS CORTES Y MEMORIA DEMOCRÁTICA",estatal,Real Decreto,64147,64158,"Real Decreto 272/2022, de 12 de abril, por el que se establece el Marco Español de Cualificaciones para el Aprendizaje Permanente."
2022-05-07,109,1,BOE-A-2022-7491,MINISTERIO DE ASUNTOS ECONÓMICOS Y TRANSFORMACIÓN DIGITAL,estatal,Resolución,64159,64161,"Resolución de 5 de mayo de 2022, de la Secretaría General del Tesoro y Financiación Internacional, por la que se actualiza el Anexo 1 de la Resolución de 4 de julio de 2017, de la Secretaría General del Tesoro y Política Financiera, por la que se define el principio de prudencia financiera aplicable a las operaciones de endeudamiento y derivados de las comunidades autónomas y entidades locales."
2022-05-07,109,1,BOE-A-2022-7492,"MINISTERIO DE INCLUSIÓN, SEGURIDAD SOCIAL Y MIGRACIONES",estatal,Resolución,64162,64169,"Resolución de 29 de abril de 2022, de la Secretaría de Estado de la Seguridad Social y Pensiones, por la que se establece la planificación general de las actividades preventivas de la Seguridad Social a desarrollar por las mutuas colaboradoras con la Seguridad Social en sus planes de actividades del año 2022."
2022-05-09,110,1,BOE-A-2022-7513,"MINISTERIO DE TRANSPORTES, MOVILIDAD Y AGENDA URBANA",estatal,Resolución,64228,64246,"Resolución de 8 de abril de 2022, de la Dirección de la Agencia Estatal de Seguridad Aérea, por la que se actualizan las Directrices operativas para la gestión de pasajeros aéreos y personal de aviación con relación a la pandemia COVID-19."
2022-05-09,110,1,BOE-A-2022-7514,MINISTERIO DE EDUCACIÓN Y FORMACIÓN PROFESIONAL,estatal,Corrección,64247,64247,"Corrección de errores de la Orden EFP/1209/2021, de 2 de noviembre, por la que se actualizan, de acuerdo con el Real Decreto 817/2014, de 26 de septiembre, determinadas cualificaciones profesionales de las familias profesionales Actividades físicas y deportivas, Agraria, Artes y Artesanías, Servicios socioculturales y a la comunidad, recogidas en el Catálogo Nacional de Cualificaciones Profesionales, establecidas por determinados reales decretos."
2022-05-09,110,1,BOE-A-2022-7515,TRIBUNAL SUPREMO,estatal,Resolución judicial,64248,64248,"Sentencia de 4 de abril de 2022, de la Sala Tercera del Tribunal Supremo, que declara estimar parcialmente el recurso contencioso-administrativo número 300/2020 contra el Real Decreto 726/2020, de 4 de agosto, por el que se modifica el Reglamento de Armas, aprobado por el Real Decreto 137/1993, de 29 de enero."
2022-05-11,112,1,BOE-A-2022-7638,MINISTERIO DE HACIENDA Y FUNCIÓN PÚBLICA,estatal,Orden,65276,65317,"Orden HFP/413/2022, de 10 de mayo, por la que se reducen para el período impositivo 2021 los índices de rendimiento neto y se modifican los índices correctores por piensos adquiridos a terceros y por cultivos en tierras de regadío que utilicen, a tal efecto, energía eléctrica aplicables en el método de estimación objetiva del Impuesto sobre la Renta de las Personas Físicas para las actividades agrícolas y ganaderas afectadas por diversas circunstancias excepcionales."
2022-05-11,112,1,BOE-A-2022-7639,MINISTERIO DE ASUNTOS ECONÓMICOS Y TRANSFORMACIÓN DIGITAL,estatal,Resolución,65318,65326,"Resolución de 10 de mayo de 2022, de la Secretaría de Estado de Economía y Apoyo a la Empresa, por la que se publica el Acuerdo del Consejo de Ministros de 10 de mayo de 2022, por el que se establecen los términos y condiciones del primer tramo de la línea de avales a financiación concedida a empresas y autónomos establecida por el Real Decreto-ley 6/2022, de 29 de marzo, por el que se adoptan medidas urgentes en el marco del Plan Nacional de respuesta a las consecuencias económicas y sociales de la guerra en Ucrania."
2022-05-11,112,1,BOE-A-2022-7640,COMUNIDAD AUTÓNOMA DE LA RIOJA,autonómico,Ley,65327,65352,"Ley 5/2022, de 25 de abril, para la recuperación de la memoria democrática en La Rioja."
2022-05-11,112,1,BOE-A-2022-7641,COMUNIDAD AUTÓNOMA DE LA RIOJA,autonómico,Corrección,65353,65353,"Corrección de errores en la Ley 6/2021, de 27 de diciembre, de Presupuestos Generales de la Comunidad Autónoma de La Rioja para el año 2022."
2022-05-12,113,1,BOE-A-2022-7703,"MINISTERIO DE ASUNTOS EXTERIORES, UNIÓN EUROPEA Y COOPERACIÓN",estatal,Tratado o acuerdo internacional,65880,65880,"Enmienda adoptada en Ginebra el 18 de octubre de 2019 al párrafo 1 del artículo 14 del Acuerdo Europeo sobre trabajo de las tripulaciones de los vehículos que efectúen transportes internacionales por carretera (AETR), hecho en Ginebra el 1 de julio de 1970."
2022-05-12,113,1,BOE-A-2022-7704,"MINISTERIO DE INCLUSIÓN, SEGURIDAD SOCIAL Y MIGRACIONES",estatal,Orden,65881,65882,"Orden ISM/415/2022, de 10 de mayo, por la que se modifica la Orden ISM/48/2021, de 25 de enero, por la que se establecen las normas reguladoras de la expedición de órdenes de pago a justificar."
2022-05-12,113,1,BOE-A-2022-7705,COMUNIDAD AUTÓNOMA DE CATALUÑA,autonómico,Decreto-ley,65883,65887,"Decreto-ley 4/2022, de 5 de abril, de medidas urgentes en el ámbito tributario y financiero."
2022-05-12,113,1,BOE-A-2022-7706,COMUNIDAD FORAL DE NAVARRA,autonómico,Ley,65888,65893,"Ley Foral 10/2022, de 7 de abril, de modificación de la Ley Foral 10/1996, de 2 de julio, reguladora del régimen tributario de las fundaciones y de las actividades de patrocinio y de la Ley Foral 8/2014, de 16 de mayo, reguladora del mecenazgo cultural y de sus incentivos fiscales en la Comunidad Foral de Navarra."
2022-05-12,113,1,BOE-A-2022-7707,COMUNIDAD FORAL DE NAVARRA,autonómico,Decreto,65894,65895,"Decreto Foral Legislativo 2/2022, de 13 de abril, de Armonización Tributaria, por el que se prorrogan determinadas medidas en relación con el Impuesto sobre el Valor Añadido y con el Impuesto sobre el Valor de la Producción de la Energía Eléctrica."
2022-05-13,114,1,BOE-A-2022-7784,MINISTERIO DE HACIENDA Y FUNCIÓN PÚBLICA,estatal,Resolución,66547,66550,"Resolución de 6 de mayo de 2022, de la Presidencia de la Agencia Estatal de Administración Tributaria, por la que se establece la organización territorial del área de recursos humanos y gestión económica de la Agencia."
2022-05-13,114,1,BOE-A-2022-7785,"MINISTERIO DE LA PRESIDENCIA, RELACIONES CON LAS CORTES Y MEMORIA DEMOCRÁTICA",estatal,Orden,66551,66556,"Orden PCM/419/2022, de 12 de mayo, por la que se crea el órgano administrativo encargado de la ejecución del programa de apoyo a la celebración del acontecimiento de excepcional interés público ""Programa de preparación de los deportistas españoles de los Juegos de París 2024""."
2022-05-13,114,1,BOE-A-2022-7786,"MINISTERIO DE LA PRESIDENCIA, RELACIONES CON LAS CORTES Y MEMORIA DEMOCRÁTICA",estatal,Orden,66557,66562,"Orden PCM/420/2022, de 12 de mayo, por la que se crea el órgano administrativo encargado de la ejecución del programa de apoyo a la celebración del acontecimiento de excepcional interés público Programa ""Universo Mujer III""."
2022-05-13,114,1,BOE-A-2022-7787,COMUNIDAD AUTÓNOMA DE ARAGÓN,autonómico,Decreto-ley,66563,66572,"Decreto-ley 2/2022, de 6 de abril, del Gobierno de Aragón, por el que se adoptan medidas urgentes y extraordinarias para agilizar la gestión de los fondos procedentes del instrumento europeo de recuperación (Next Generation EU-MRR) para la reactivación económica y social de la Comunidad Autónoma de Aragón."
2022-05-13,114,1,BOE-A-2022-7788,COMUNIDAD AUTÓNOMA DE ARAGÓN,autonómico,Decreto-ley,66573,66579,"Decreto-ley 3/2022, de 6 de abril, del Gobierno de Aragón, por el que se adoptan medidas excepcionales y urgentes en la contratación pública en Aragón."
2022-05-14,115,1,BOE-A-2022-7843,JEFATURA DEL ESTADO,estatal,Real Decreto-ley,67146,67208,"Real Decreto-ley 10/2022, de 13 de mayo, por el que se establece con carácter temporal un mecanismo de ajuste de costes de producción para la reducción del precio de la electricidad en el mercado mayorista."
2022-05-14,115,1,BOE-A-2022-7844,"MINISTERIO DE ASUNTOS EXTERIORES, UNIÓN EUROPEA Y COOPERACIÓN",estatal,Tratado o acuerdo internacional,67209,67210,"Canje de Notas para el cambio de fecha de la Tercera Conferencia Mundial sobre la Educación Superior (CMES III), hecho en París el 12 de abril y 2 de mayo de 2022."
2022-05-14,115,1,BOE-A-2022-7845,MINISTERIO DE HACIENDA Y FUNCIÓN PÚBLICA,estatal,Resolución,67211,67212,"Resolución de 13 de mayo de 2022, de la Presidencia del Comisionado para el Mercado de Tabacos, por la que se publican los precios de venta al público de determinadas labores de tabaco en Expendedurías de Tabaco y Timbre del área de Península y Baleares."
2022-05-14,115,1,BOE-A-2022-7846,MINISTERIO DEL INTERIOR,estatal,Orden,67213,67215,"Orden INT/424/2022, de 13 de mayo, por la que se modifica la Orden INT/657/2020, de 17 de julio, por la que se modifican los criterios para la aplicación de una restricción temporal de viajes no imprescindibles desde terceros países a la Unión Europea y países asociados Schengen por razones de orden público y salud pública con motivo de la crisis sanitaria ocasionada por la COVID-19."
2022-05-14,115,1,BOE-A-2022-7847,MINISTERIO DE SANIDAD,estatal,Orden,67216,67220,"Orden SND/425/2022, de 13 de mayo, por la que se establecen medidas de control sanitario a las personas que llegan a España a través de los puestos fronterizos terrestres de Ceuta y Melilla."
2022-05-16,116,1,BOE-A-2022-7877,MINISTERIO PARA LA TRANSICIÓN ECOLÓGICA Y EL RETO DEMOGRÁFICO,estatal,Resolución,67362,67364,"Resolución de 12 de mayo de 2022, de la Dirección General de Política Energética y Minas, por la que se publican los nuevos precios de venta, antes de impuestos, de los gases licuados del petróleo por canalización."
2022-05-16,116,1,BOE-A-2022-7878,MINISTERIO PARA LA TRANSICIÓN ECOLÓGICA Y EL RETO DEMOGRÁFICO,estatal,Resolución,67365,67366,"Resolución de 12 de mayo de 2022, de la Dirección General de Política Energética y Minas, por la que se publican los nuevos precios máximos de venta, antes de impuestos, de los gases licuados del petróleo envasados, en envases de carga igual o superior a 8 kg, e inferior a 20 kg, excluidos los envases de mezcla para usos de los gases licuados del petróleo como carburante."
2022-05-16,116,1,BOE-A-2022-7879,TRIBUNAL SUPREMO,estatal,Resolución judicial,67367,67368,"Sentencia de 28 de marzo de 2022, de la Sala Tercera del Tribunal Supremo, que estima parcialmente el recurso contencioso-administrativo interpuesto por Cide Hcenergía, SA, y CHC Comercializador de Referencia, SLU, contra el Real Decreto 897/2017, de 6 de octubre, por el que se regula la figura del consumidor vulnerable, el bono social y otras medidas de protección para los consumidores domésticos de energía eléctrica."
2022-05-17,117,1,BOE-A-2022-8062,COMUNIDAD FORAL DE NAVARRA,autonómico,Ley,68218,68223,"Ley Foral 11/2022, de 4 de mayo, por la que se establecen medidas en materia de selección y provisión de puestos de personal funcionario docente no universitario de la Administración de la Comunidad Foral de Navarra."
2022-05-18,118,1,BOE-A-2022-8119,"MINISTERIO DE AGRICULTURA, PESCA Y ALIMENTACIÓN",estatal,Real Decreto,68384,68394,"Real Decreto 374/2022, de 17 de mayo, por el que se modifican el Real Decreto 95/2019, de 1 de marzo, por el que se establecen las condiciones de contratación en el sector lácteo y se regula el reconocimiento de las organizaciones de productores y de las organizaciones interprofesionales en el sector, y por el que se modifican varios reales decretos de aplicación al sector lácteo, y el Real Decreto 319/2015, de 24 de abril, sobre declaraciones obligatorias a efectuar por los primeros compradores y productores de leche y productos lácteos de vaca, oveja y cabra."
2022-05-18,118,1,BOE-A-2022-8120,"MINISTERIO DE LA PRESIDENCIA, RELACIONES CON LAS CORTES Y MEMORIA DEMOCRÁTICA",estatal,Real Decreto,68395,68399,"Real Decreto 375/2022, de 17 de mayo, por el que se modifica el Real Decreto 582/2017, de 12 de junio, por el que se crea y regula la Comisión Nacional para la conmemoración del V Centenario de la expedición de la primera vuelta al mundo de Fernando de Magallanes y Juan Sebastián Elcano."
2022-05-18,118,1,BOE-A-2022-8121,MINISTERIO PARA LA TRANSICIÓN ECOLÓGICA Y EL RETO DEMOGRÁFICO,estatal,Real Decreto,68400,68507,"Real Decreto 376/2022, de 17 de mayo, por el que se regulan los criterios de sostenibilidad y de reducción de las emisiones de gases de efecto invernadero de los biocarburantes, biolíquidos y combustibles de biomasa, así como el sistema de garantías de origen de los gases renovables."
2022-05-18,118,1,BOE-A-2022-8122,MINISTERIO PARA LA TRANSICIÓN ECOLÓGICA Y EL RETO DEMOGRÁFICO,estatal,Real Decreto,68508,68534,"Real Decreto 377/2022, de 17 de mayo, por el que se amplía la tipología de beneficiarios del Real Decreto 477/2021, de 29 de junio, por el que se aprueba la concesión directa a las comunidades autónomas y a las ciudades de Ceuta y Melilla de ayudas para la ejecución de diversos programas de incentivos ligados al autoconsumo y al almacenamiento, con fuentes de energía renovable, así como a la implantación de sistemas térmicos renovables en el sector residencial, en el marco del Plan de Recuperación, Transformación y Resiliencia, y del Real Decreto 1124/2021, de 21 de diciembre, por el que se aprueba la concesión directa a las comunidades autónomas y a las ciudades de Ceuta y Melilla de ayudas para la ejecución de los programas de incentivos para la implantación de instalaciones de energías renovables térmicas en diferentes sectores de la economía, en el marco del Plan de Recuperación, Transformación y Resiliencia."
2022-05-18,118,1,BOE-A-2022-8123,MINISTERIO DE SANIDAD,estatal,Orden,68535,68536,"Orden SND/437/2022, de 13 de mayo, por la que se deja sin efecto la Orden SND/292/2021, de 26 de marzo, por la que se establecen medidas de control sanitario a las personas procedentes de Francia que llegan a España por vía terrestre."
2022-05-18,118,1,BOE-A-2022-8124,"MINISTERIO DE INCLUSIÓN, SEGURIDAD SOCIAL Y MIGRACIONES",estatal,Real Decreto,68537,68570,"Real Decreto 378/2022, de 17 de mayo, por el que se regula la concesión directa de subvenciones del Ministerio de Inclusión, Seguridad Social y Migraciones en el ámbito de la inclusión social, por un importe de 102.036.066 euros, en el marco del Plan de Recuperación, Transformación y Resiliencia."
2022-05-18,118,1,BOE-A-2022-8125,MINISTERIO DE UNIVERSIDADES,estatal,Resolución,68571,68575,"Resolución de 11 de mayo de 2022, de la Secretaría General de Universidades, por la que se publica el Acuerdo del Consejo de Ministros de 10 de mayo de 2022, por el que se establece el carácter oficial de determinados títulos de Máster y su inscripción en el Registro de Universidades, Centros y Títulos."
2022-05-18,118,1,BOE-A-2022-8126,MINISTERIO DE UNIVERSIDADES,estatal,Resolución,68576,68578,"Resolución de 11 de mayo de 2022, de la Secretaría General de Universidades, por la que se publica el Acuerdo del Consejo de Ministros de 10 de mayo de 2022, por el que se establece el carácter oficial de determinados títulos de Grado y su inscripción en el Registro de Universidades, Centros y Títulos."
2022-05-19,119,1,BOE-A-2022-8181,CORTES GENERALES,estatal,Resolución,69205,69205,"Resolución de 12 de mayo de 2022, del Congreso de los Diputados, por la que se ordena la publicación del Acuerdo de convalidación del Real Decreto-ley 9/2022, de 26 de abril, por el que se adoptan medidas hipotecarias y de gestión de pagos en el exterior en el marco de la aplicación de las medidas restrictivas aprobadas por la Unión Europea en respuesta a la invasión de Ucrania."
2022-05-19,119,1,BOE-A-2022-8182,TRIBUNAL CONSTITUCIONAL,estatal,Resolución judicial,69206,69206,"Recurso de inconstitucionalidad n.º 2527-2022, contra el artículo 38, apartados 2.a) y 8; anexo I.3, inciso ""Lobo (Canis lupus): al norte del río Duero""; anexo II.4.f) y anexo IV.2, inciso ""Lobo (Canis lupus). 6.000 euros ambos sexos"", de la Ley 4/2021, de 1 de julio, de caza y de gestión sostenible de los recursos cinegéticos de Castilla y León."
2022-05-19,119,1,BOE-A-2022-8183,TRIBUNAL CONSTITUCIONAL,estatal,Resolución judicial,69207,69207,"Recurso de inconstitucionalidad n.º 2545-2022, contra artículo tercero.Tres y disposición transitoria primera.4 de la Ley 11/2021, de 9 de julio, de medidas de prevención y lucha contra el fraude fiscal, de transposición de la Directiva (UE) 2016/1164, del Consejo, de 12 de julio de 2016, por la que se establecen normas contra las prácticas de elusión fiscal que inciden directamente en el funcionamiento del mercado interior, de modificación de diversas normas tributarias y en materia de regulación del juego."
2022-05-19,119,1,BOE-A-2022-8184,TRIBUNAL CONSTITUCIONAL,estatal,Resolución judicial,69208,69208,"Cuestión de inconstitucionalidad n.º 5378-2021, en relación con la Ley 18/2019, de 2 de diciembre, de medidas urgentes de ordenación del empleo público en las administraciones canarias."
2022-05-19,119,1,BOE-A-2022-8185,TRIBUNAL CONSTITUCIONAL,estatal,Resolución judicial,69209,69209,"Cuestión de inconstitucionalidad n.º 1913-2022, en relación con el artículo 6 bis, apartado 4, de la Ley 11/1997, de 2 de diciembre, de regulación del sector eléctrico canario, conforme a su redacción en la Ley 2/2011, de 26 de enero."
2022-05-19,119,1,BOE-A-2022-8186,TRIBUNAL CONSTITUCIONAL,estatal,Resolución judicial,69210,69210,"Cuestión de inconstitucionalidad n.º 2568-2022, en relación con la disposición final vigésima de la Ley 22/2021, de 28 de diciembre, de presupuestos generales del Estado para 2022, por posible vulneración de los artículos 9.3, 66.2 y 134.2 de la Constitución Española."
2022-05-19,119,1,BOE-A-2022-8187,COMUNITAT VALENCIANA,autonómico,Ley,69211,69262,"Ley 1/2022, de 13 de abril, de Transparencia y Buen Gobierno de la Comunitat Valenciana."
2022-05-19,119,1,BOE-A-2022-8188,COMUNITAT VALENCIANA,autonómico,Corrección,69263,69263,"Corrección de errores de la Ley 7/2021, de 29 de diciembre, de medidas fiscales, de gestión administrativa y financiera y de organización de la Generalitat 2022."
2022-05-19,119,1,BOE-A-2022-8189,COMUNITAT VALENCIANA,autonómico,Corrección,69264,69265,"Corrección de errores de la Ley 8/2021, de 30 de diciembre, de Presupuestos para el ejercicio 2022."
2022-05-20,120,1,BOE-A-2022-8246,MINISTERIO DE TRABAJO Y ECONOMÍA SOCIAL,estatal,Orden,69637,69640,"Orden TES/443/2022, de 17 de mayo, por la que se dictan las normas para la aplicación de las medidas laborales y de protección por desempleo previstas en la Ley 17/2015, de 9 de julio, del Sistema Nacional de Protección Civil, en las zonas afectadas gravemente por emergencias de protección civil como consecuencia de incendios forestales, inundaciones y otros fenómenos de distinta naturaleza."
2022-05-21,121,1,BOE-A-2022-8326,"MINISTERIO DE ASUNTOS EXTERIORES, UNIÓN EUROPEA Y COOPERACIÓN",estatal,Tratado o acuerdo internacional,70227,70236,"Canje de Cartas entre el Reino de España y el Organismo Internacional de Energía Atómica (OIEA), para la celebración del Taller Internacional sobre las medidas de seguridad física nuclear para grandes eventos públicos, en Madrid del 28 al 30 de junio de 2022, hecho en Viena el 10 de noviembre de 2021 y el 25 de abril de 2022."
2022-05-21,121,1,BOE-A-2022-8327,"MINISTERIO DE ASUNTOS EXTERIORES, UNIÓN EUROPEA Y COOPERACIÓN",estatal,Corrección,70237,70237,"Corrección de errores de la Resolución de 27 de abril de 2022, de la Secretaría General Técnica, sobre aplicación del artículo 24.2 de la Ley 25/2014, de 27 de noviembre, de Tratados y otros Acuerdos Internacionales."
2022-05-21,121,1,BOE-A-2022-8328,MINISTERIO DE HACIENDA Y FUNCIÓN PÚBLICA,estatal,Resolución,70238,70239,"Resolución de 20 de mayo de 2022, de la Presidencia del Comisionado para el Mercado de Tabacos, por la que se publican los precios de venta al público de determinadas labores de tabaco en Expendedurías de Tabaco y Timbre del área del Monopolio."
2022-05-21,121,1,BOE-A-2022-8329,MINISTERIO DEL INTERIOR,estatal,Orden,70240,70241,"Orden INT/452/2022, de 20 de mayo, por la que se modifica la Orden INT/657/2020, de 17 de julio, por la que se modifican los criterios para la aplicación de una restricción temporal de viajes no imprescindibles desde terceros países a la Unión Europea y países asociados Schengen por razones de orden público y salud pública con motivo de la crisis sanitaria ocasionada por la COVID-19."
2022-05-21,121,1,BOE-A-2022-8330,MINISTERIO DE CONSUMO,estatal,Orden,70242,70245,"Orden CSM/453/2022, de 13 de mayo, por la que se crea la Oficina de asistencia en materia de registros."
2022-05-23,122,1,BOE-A-2022-8378,MINISTERIO DE SANIDAD,estatal,Orden,70528,70546,"Orden SND/456/2022, de 18 de mayo, por la que se crea la Comisión de Formación Continuada de las Profesiones Sanitarias del Instituto Nacional de Gestión Sanitaria, se regula su composición y funcionamiento y el procedimiento de acreditación de actividades formativas."
2022-05-24,123,1,BOE-A-2022-8460,MINISTERIO DE SANIDAD,estatal,Orden,71211,71213,"Orden SND/459/2022, de 15 de mayo, por la que se crea la Oficina de asistencia en materia de registros."
2022-05-24,123,1,BOE-A-2022-8461,MINISTERIO DE IGUALDAD,estatal,Orden,71214,71216,"Orden IGD/460/2022, de 17 de mayo, por la que se crea la Oficina de asistencia en materia de registros."
2022-05-24,123,1,BOE-A-2022-8462,TRIBUNAL SUPREMO,estatal,Resolución judicial,71217,71217,"Sentencia de 19 de octubre de 2021, de la Sala Tercera del Tribunal Supremo, que declara estimar el recurso contencioso-administrativo número 173/2020 contra el apartado segundo de la Orden SND/413/2020, de 15 de mayo, por la que se establecen medidas especiales para la inspección técnica de vehículos."
2022-05-24,123,1,BOE-A-2022-8463,TRIBUNAL SUPREMO,estatal,Resolución judicial,71218,71218,"Sentencia de 3 de febrero de 2022, de la Sala Tercera del Tribunal Supremo, que declara desestimar el recurso contencioso-administrativo número 37/2021 contra el Real Decreto 1053/2020, de 1 de diciembre, por el que se modifica el Reglamento de retribuciones del personal de las Fuerzas Armadas, aprobado por Real Decreto 1314/2005, de 4 de noviembre."
2022-05-25,124,1,BOE-A-2022-8519,MINISTERIO DE DEFENSA,estatal,Orden,71489,71506,"Orden DEF/462/2022, de 20 de mayo, por la que se determinan las titulaciones requeridas para ingresar en los centros docentes militares de formación para acceso a las diferentes escalas de oficiales y suboficiales de las Fuerzas Armadas."
2022-05-25,124,1,BOE-A-2022-8520,MINISTERIO DE HACIENDA Y FUNCIÓN PÚBLICA,estatal,Real Decreto,71507,71517,"Real Decreto 392/2022, de 24 de mayo, por el que se modifica el Reglamento de la Junta Arbitral prevista en el Concierto Económico con la Comunidad Autónoma del País Vasco, aprobado por el Real Decreto 1760/2007, de 28 de diciembre."
2022-05-25,124,1,BOE-A-2022-8521,"MINISTERIO DE LA PRESIDENCIA, RELACIONES CON LAS CORTES Y MEMORIA DEMOCRÁTICA",estatal,Real Decreto,71518,71521,"Real Decreto 395/2022, de 24 de mayo, por el que se modifica el Real Decreto 665/1997, de 12 de mayo, sobre la protección de los trabajadores contra los riesgos relacionados con la exposición a agentes cancerígenos durante el trabajo."
2022-05-25,124,1,BOE-A-2022-8522,MINISTERIO DE ASUNTOS ECONÓMICOS Y TRANSFORMACIÓN DIGITAL,estatal,Orden,71522,71524,"Orden ETD/463/2022, de 18 de mayo, por la que se acuerda la emisión, acuñación y puesta en circulación de monedas de colección ""XX Aniversario del Euro""."
2022-05-26,125,1,BOE-A-2022-8562,JEFATURA DEL ESTADO,estatal,Corrección,72048,72051,"Corrección de errores de la Ley 22/2021, de 28 de diciembre, de Presupuestos Generales del Estado para el año 2022."
2022-05-26,125,1,BOE-A-2022-8563,"MINISTERIO DE LA PRESIDENCIA, RELACIONES CON LAS CORTES Y MEMORIA DEMOCRÁTICA",estatal,Orden,72052,72061,"Orden PCM/466/2022, de 25 de mayo, por la que se publica el Acuerdo del Consejo de Ministros de 24 de mayo de 2022, por el que se aprueba el plan de medidas de ahorro y eficiencia energética de la Administración General del Estado y las entidades del sector público institucional estatal."
2022-05-27,126,1,BOE-A-2022-8639,"MINISTERIO DE INCLUSIÓN, SEGURIDAD SOCIAL Y MIGRACIONES",estatal,Orden,72323,72326,"Orden ISM/473/2022, de 25 de mayo, por la que se crea el Comité Asesor de la Secretaría General de Objetivos y Políticas de Inclusión y Previsión Social."
2022-05-27,126,1,BOE-A-2022-8640,COMUNIDAD AUTÓNOMA DE CATALUÑA,autonómico,Ley,72327,72329,"Ley 7/2022, de 12 de mayo, de modificación de la Ley 1/2003, de universidades de Cataluña."
2022-05-27,126,1,BOE-A-2022-8641,COMUNIDAD FORAL DE NAVARRA,autonómico,Ley,72330,72444,"Ley Foral 12/2022, de 11 de mayo, de atención y protección a niños, niñas y adolescentes y de promoción de sus familias, derechos e igualdad."
2022-05-27,126,1,BOE-A-2022-8642,COMUNIDAD FORAL DE NAVARRA,autonómico,Decreto-ley,72445,72465,"Decreto-ley Foral 1/2022, de 13 de abril, por el que se adoptan medidas urgentes en la Comunidad Foral de Navarra en respuesta a las consecuencias económicas y sociales de la guerra en Ucrania."
2022-05-28,127,1,BOE-A-2022-8707,JEFATURA DEL ESTADO,estatal,Corrección,73190,73190,"Corrección de errores al Instrumento de adhesión al Acuerdo sobre el establecimiento del Instituto Internacional de Vacunas, hecho en Nueva York el 28 de octubre de 1996."
2022-05-28,127,1,BOE-A-2022-8708,MINISTERIO DE HACIENDA Y FUNCIÓN PÚBLICA,estatal,Resolución,73191,73195,"Resolución de 27 de mayo de 2022, de la Presidencia del Comisionado para el Mercado de Tabacos, por la que se publican los precios de venta al público de determinadas labores de tabaco en Expendedurías de Tabaco y Timbre del área del Monopolio."
2022-05-30,128,1,BOE-A-2022-8723,MINISTERIO PARA LA TRANSICIÓN ECOLÓGICA Y EL RETO DEMOGRÁFICO,estatal,Orden,73334,73336,"Orden TED/476/2022, de 26 de mayo, por la que se autoriza un trasvase desde los embalses de Entrepeñas-Buendía, a través del acueducto Tajo-Segura, de 20 hm³ para el mes de mayo de 2022."
2022-05-31,129,1,BOE-A-2022-8828,"MINISTERIO DE ASUNTOS EXTERIORES, UNIÓN EUROPEA Y COOPERACIÓN",estatal,Tratado o acuerdo internacional,74356,74359,Modificaciones al Reglamento del Tratado de cooperación en materia de patentes (PCT) adoptadas el 8 de octubre de 2021 por la Asamblea de la Unión Internacional de Cooperación en materia de patentes (Unión PCT) en su 53.º periodo de sesiones (23.º ordinario).
2022-05-31,129,1,BOE-A-2022-8829,"MINISTERIO DE ASUNTOS EXTERIORES, UNIÓN EUROPEA Y COOPERACIÓN",estatal,Corrección,74360,74360,"Corrección de errores de la Orden AUC/1296/2021, de 17 de noviembre, por la que se reestructura la Red Consular Honoraria de España en el Reino de Dinamarca."
2022-05-31,129,1,BOE-A-2022-8830,MINISTERIO DE HACIENDA Y FUNCIÓN PÚBLICA,estatal,Orden,74361,74365,"Orden HFP/480/2022, de 23 de mayo, por la que se modifica la Orden HAC/590/2021, de 9 de junio, por la que se aprueba el modelo 490 de ""Autoliquidación del Impuesto sobre Determinados Servicios Digitales"" y se determina la forma y procedimiento para su presentación."
2022-05-31,129,1,BOE-A-2022-8831,MINISTERIO DE HACIENDA Y FUNCIÓN PÚBLICA,estatal,Resolución,74366,74372,"Resolución de 25 de mayo de 2022, de la Secretaría de Estado de Función Pública, por la que se publica el Acuerdo de la Mesa General de Negociación de la Administración General del Estado, por el que se ratifica el Acuerdo de 20 de abril de 2022, de la Comisión de Seguimiento del Acuerdo de asignación y racionalización de las estructuras de negociación y participación."
2022-05-31,129,1,BOE-A-2022-8832,COMUNIDAD AUTÓNOMA DEL PAÍS VASCO,autonómico,Ley,74373,74422,"Ley 2/2022, de 10 de marzo, de Juventud."
2022-05-31,129,1,BOE-A-2022-8833,COMUNIDAD AUTÓNOMA DEL PAÍS VASCO,autonómico,Ley,74423,74472,"Ley 3/2022, de 12 de mayo, del Sector Público Vasco."
2022-05-31,129,1,BOE-A-2022-8834,COMUNIDAD AUTÓNOMA DEL PRINCIPADO DE ASTURIAS,autonómico,Ley,74473,74476,"Ley 2/2022, de 6 de abril, de primera modificación de la Ley 4/1986, de 15 de mayo, reguladora de los Honores y Distinciones."
2022-06-01,130,1,BOE-A-2022-8908,MINISTERIO DE SANIDAD,estatal,Real Decreto,74851,74853,"Real Decreto 415/2022, de 31 de mayo, por el que se modifica el Real Decreto 124/2007, de 2 de febrero, por el que se regula el Registro nacional de instrucciones previas y el correspondiente fichero automatizado de datos de carácter personal."
2022-06-02,131,1,BOE-A-2022-9024,"MINISTERIO DE ASUNTOS EXTERIORES, UNIÓN EUROPEA Y COOPERACIÓN",estatal,Corrección,75383,75383,"Corrección de errores de la Orden AUC/32/2022, de 17 de enero, por la que se crea la Oficina Consular Honoraria, con categoría de Viceconsulado Honorario de España en Eindhoven, en el Reino de los Países Bajos."
2022-06-02,131,1,BOE-A-2022-9025,MINISTERIO DE HACIENDA Y FUNCIÓN PÚBLICA,estatal,Orden,75384,75388,"Orden HFP/493/2022, de 30 de mayo, por la que se modifica la Orden HAC/610/2021, de 16 de junio, por la que se aprueba el modelo 369 ""Impuesto sobre el Valor Añadido. Autoliquidación de los regímenes especiales aplicables a los sujetos pasivos que presten servicios a personas que no tengan la condición de sujetos pasivos, que efectúen ventas a distancia de bienes y ciertas entregas interiores de bienes"" y se determinan la forma y procedimiento para su presentación."
2022-06-02,131,1,BOE-A-2022-9026,"MINISTERIO DE LA PRESIDENCIA, RELACIONES CON LAS CORTES Y MEMORIA DEMOCRÁTICA",estatal,Orden,75389,75392,"Orden PCM/494/2022, de 31 de mayo, por la que se crea el Comité Nacional de Facilitación del Comercio y se determinan su composición y funciones."
2022-06-02,131,1,BOE-A-2022-9027,MINISTERIO DE SANIDAD,estatal,Resolución,75393,75394,"Resolución de 1 de junio de 2022, de la Dirección General de Salud Pública, por la que se modifica la de 1 de abril de 2022, relativa a los controles sanitarios a realizar en los puntos de entrada de España."
2022-06-02,131,1,BOE-A-2022-9028,"MINISTERIO DE INCLUSIÓN, SEGURIDAD SOCIAL Y MIGRACIONES",estatal,Resolución,75395,75397,"Resolución de 25 de mayo de 2022, de la Subsecretaría, por la que se establece el procedimiento para la liquidación y el pago por vía telemática de la tasa con código 038, «Expedición de autorizaciones de trabajo y autorizaciones a ciudadanos extranjeros»."
2022-06-02,131,1,BOE-A-2022-9029,BANCO DE ESPAÑA,estatal,Corrección,75398,75398,"Corrección de errores de la Circular 4/2021, de 25 de noviembre, del Banco de España, a entidades de crédito y otras entidades supervisadas, sobre modelos de estados reservados en materia de conducta de mercado, transparencia y protección de la clientela, y sobre el registro de reclamaciones."
2022-06-02,131,1,BOE-A-2022-9030,COMUNIDAD DE MADRID,autonómico,Ley,75399,75400,"Ley 3/2022, de 28 de abril, de modificación de la Ley 8/2015, de 28 de diciembre, de Radio Televisión Madrid."
2022-06-03,132,1,BOE-A-2022-9099,CORTES GENERALES,estatal,Otras,75904,75904,Reforma del Reglamento del Congreso de los Diputados por la que se modifica el artículo 82.2.
2022-06-03,132,1,BOE-A-2022-9100,MINISTERIO DE POLÍTICA TERRITORIAL,estatal,Orden,75905,75911,"Orden TER/500/2022, de 1 de junio, por la que se crean y regulan la Junta de Contratación y la Mesa de Contratación de los Servicios Centrales en el Ministerio de Política Territorial, y la Mesa de Contratación de los Servicios Periféricos integrados en las Delegaciones del Gobierno."
2022-06-03,132,1,BOE-A-2022-9101,MINISTERIO PARA LA TRANSICIÓN ECOLÓGICA Y EL RETO DEMOGRÁFICO,estatal,Resolución,75912,75915,"Resolución de 1 de junio de 2022, de la Secretaría de Estado de Energía, por la que se publica el Acuerdo del Consejo de Ministros de 17 de mayo de 2022, por el que se liberan 4 millones de barriles de existencias mínimas de seguridad de productos petrolíferos en el marco de la segunda acción coordinada de la Agencia Internacional de la Energía como respuesta a la guerra de Ucrania."
2022-06-03,132,1,BOE-A-2022-9102,MINISTERIO DE UNIVERSIDADES,estatal,Resolución,75916,75917,"Resolución de 26 de mayo de 2022, de la Secretaría General de Universidades, por la que se publica el Acuerdo de 4 de mayo de 2022, de la Conferencia General de Política Universitaria, por el que se mantienen para el curso académico 2022-2023 las mismas condiciones acordadas para los cursos académicos 2020-2021 y 2021-2022 en relación con los límites máximos de los precios públicos de los estudios conducentes a la obtención de títulos universitarios oficiales."
2022-06-04,133,1,BOE-A-2022-9165,MINISTERIO DE HACIENDA Y FUNCIÓN PÚBLICA,estatal,Resolución,76531,76554,"Resolución de 3 de junio de 2022, de la Presidencia del Comisionado para el Mercado de Tabacos, por la que se publican los precios de venta al público de determinadas labores de tabaco en Expendedurías de Tabaco y Timbre del área del Monopolio."
2022-06-04,133,1,BOE-A-2022-9166,COMUNIDAD FORAL DE NAVARRA,autonómico,Ley,76555,76575,"Ley Foral 13/2022, de 12 de mayo, de concesión de un crédito extraordinario, por un importe total de 4.761.112 euros, para la financiación de las necesidades de varios departamentos del Gobierno de Navarra y de los municipios y concejos de la Comunidad Foral de Navarra afectados por las consecuencias económicas de la guerra en Ucrania."
2022-06-04,133,1,BOE-A-2022-9167,COMUNIDAD FORAL DE NAVARRA,autonómico,Ley,76576,76578,"Ley Foral 14/2022, de 12 de mayo, de modificación de la Ley Foral 18/2021, de 29 de diciembre, de Presupuestos Generales de Navarra para el año 2022."
2022-06-04,133,1,BOE-A-2022-9168,COMUNIDAD FORAL DE NAVARRA,autonómico,Decreto,76579,76580,"Decreto Foral Legislativo 3/2022, de 18 de mayo, de Armonización Tributaria, por el que se modifica la Ley Foral 19/1992, de 30 de diciembre, del Impuesto sobre el Valor Añadido."
2022-06-06,134,1,BOE-A-2022-9189,"MINISTERIO DE ASUNTOS EXTERIORES, UNIÓN EUROPEA Y COOPERACIÓN",estatal,Tratado o acuerdo internacional,76705,76709,"Canje de Cartas entre el Reino de España y el Organismo Internacional de Energía Atómica (OIEA) para la celebración de la Primera Reunión del Comité Técnico Ejecutivo y la Sesión Plenaria del Foro Iberoamericano de Organismos Reguladores Radiológicos y Nucleares (FORO), del 17 al 22 de julio de 2022, hecho en Viena el 22 de febrero y 19 de mayo de 2022."
2022-06-07,135,1,BOE-A-2022-9290,"MINISTERIO DE TRANSPORTES, MOVILIDAD Y AGENDA URBANA",estatal,Corrección,77577,77577,"Corrección de errores del Real Decreto 929/2020, de 27 de octubre, sobre seguridad operacional e interoperabilidad ferroviarias."
2022-06-07,135,1,BOE-A-2022-9291,MINISTERIO DE ASUNTOS ECONÓMICOS Y TRANSFORMACIÓN DIGITAL,estatal,Resolución,77578,77580,"Resolución de 6 de junio de 2022, de la Secretaría General del Tesoro y Financiación Internacional, por la que se actualiza el Anexo 1 de la Resolución de 4 de julio de 2017, de la Secretaría General del Tesoro y Política Financiera, por la que se define el principio de prudencia financiera aplicable a las operaciones de endeudamiento y derivados de las comunidades autónomas y entidades locales."
2022-06-07,135,1,BOE-A-2022-9292,MINISTERIO DE CIENCIA E INNOVACIÓN,estatal,Real Decreto,77581,77588,"Real Decreto 416/2022, de 31 de mayo, por el que se regula la concesión directa de subvenciones para la organización del Foro Europeo para la Ciencia, la Tecnología y la Innovación, y para la financiación de gastos de funcionamiento de la Fundación Centro de Ciencias de Benasque Pedro Pascual."
2022-06-08,136,1,BOE-A-2022-9375,PRESIDENCIA DEL GOBIERNO,estatal,Real Decreto,77918,77919,"Real Decreto 444/2022, de 7 de junio, por el que se modifica el Real Decreto 634/2021, de 26 de julio, por el que se reestructura la Presidencia del Gobierno."
2022-06-08,136,1,BOE-A-2022-9376,MINISTERIO DE HACIENDA Y FUNCIÓN PÚBLICA,estatal,Real Decreto,77920,77924,"Real Decreto 426/2022, de 7 de junio, por el que se modifican el Real Decreto 139/2020, de 28 de enero, por el que se establece la estructura orgánica básica de los departamentos ministeriales, y el Real Decreto 373/2020, de 18 de febrero, por el que se desarrolla la estructura orgánica básica del Ministerio de la Presidencia, Relaciones con las Cortes y Memoria Democrática."
2022-06-08,136,1,BOE-A-2022-9377,MINISTERIO DEL INTERIOR,estatal,Orden,77925,77926,"Orden INT/511/2022, de 3 de junio, por la que se modifica el modelo de cabina de votación del anexo 2 del Real Decreto 605/1999, de 16 de abril, de regulación complementaria de los procesos electorales."
2022-06-08,136,1,BOE-A-2022-9378,"MINISTERIO DE INDUSTRIA, COMERCIO Y TURISMO",estatal,Real Decreto,77927,77929,"Real Decreto 394/2022, de 24 de mayo, por el que se modifican los Estatutos generales de los Colegios de Agentes Comerciales de España y de su Consejo General, aprobados por el Real Decreto 118/2005, de 4 de febrero."
2022-06-08,136,1,BOE-A-2022-9379,"MINISTERIO DE AGRICULTURA, PESCA Y ALIMENTACIÓN",estatal,Real Decreto,77930,77947,"Real Decreto 428/2022, de 7 de junio, por el que se establecen las bases reguladoras para la concesión directa de una ayuda excepcional de adaptación para compensar las dificultades económicas derivadas del conflicto bélico en Ucrania en determinados sectores agrarios."
2022-06-08,136,1,BOE-A-2022-9380,"MINISTERIO DE AGRICULTURA, PESCA Y ALIMENTACIÓN",estatal,Real Decreto,77948,77973,"Real Decreto 429/2022, de 7 de junio, por el que se establecen normas para la comercialización de los productos reproductivos de las especies ganaderas en el ámbito nacional y se regulan medidas para la aplicación de la normativa europea aplicable a los desplazamientos dentro de la Unión Europea de productos reproductivos de las especies ganaderas."
2022-06-08,136,1,BOE-A-2022-9381,"MINISTERIO DE LA PRESIDENCIA, RELACIONES CON LAS CORTES Y MEMORIA DEMOCRÁTICA",estatal,Real Decreto,77974,77976,"Real Decreto 430/2022, de 7 de junio, por el que se modifica el Real Decreto 1802/2008, de 3 de noviembre, por el que se modifica el Reglamento sobre notificación de sustancias nuevas y clasificación, envasado y etiquetado de sustancias peligrosas, aprobado por Real Decreto 363/1995, de 10 de marzo, con la finalidad de adaptar sus disposiciones al Reglamento (CE) n.º 1907/2006 del Parlamento Europeo y del Consejo (Reglamento REACH)."
2022-06-08,136,1,BOE-A-2022-9382,"MINISTERIO DE LA PRESIDENCIA, RELACIONES CON LAS CORTES Y MEMORIA DEMOCRÁTICA",estatal,Real Decreto,77977,77981,"Real Decreto 431/2022, de 7 de junio, para la creación del Observatorio Global del Español."
2022-06-08,136,1,BOE-A-2022-9383,MINISTERIO DE DERECHOS SOCIALES Y AGENDA 2030,estatal,Corrección,77982,77982,"Corrección de errores del Real Decreto 821/2021, de 28 de septiembre, por el que se establecen las bases reguladoras de la concesión de subvenciones para la realización de actividades de interés general consideradas de interés social, correspondientes a la Secretaría de Estado de Derechos Sociales."
2022-06-08,136,1,BOE-A-2022-9384,COMISIÓN NACIONAL DEL MERCADO DE VALORES,estatal,Instrucción o circular,77983,78016,"Circular 2/2022, de 26 de mayo, de la Comisión Nacional del Mercado de Valores, por la que se aprueban los modelos de notificación de participaciones significativas, de operaciones del emisor sobre acciones propias, y creadores de mercado."
2022-06-08,136,1,BOE-A-2022-9385,COMUNIDAD AUTÓNOMA DE LAS ILLES BALEARS,autonómico,Ley,78017,78105,"Ley 1/2022, de 8 de marzo, de educación de las Illes Balears."
2022-06-08,136,1,BOE-A-2022-9386,COMUNIDAD AUTÓNOMA DE LAS ILLES BALEARS,autonómico,Decreto-ley,78106,78111,"Decreto-ley 1/2022, de 7 de febrero, por el que se establecen medidas urgentes para paliar los efectos de la situación creada por la COVID-19 en el ámbito de los contratos de concesión de servicios de transporte público regular de personas por carretera de uso general durante el año 2021."
2022-06-08,136,1,BOE-A-2022-9387,COMUNIDAD AUTÓNOMA DE LAS ILLES BALEARS,autonómico,Decreto-ley,78112,78117,"Decreto-ley 2/2022, de 7 de febrero, mediante el cual se establecen medidas urgentes para la reducción de la temporalidad en el empleo público de las Illes Balears."
2022-06-08,136,1,BOE-A-2022-9388,COMUNIDAD AUTÓNOMA DE LAS ILLES BALEARS,autonómico,Decreto-ley,78118,78209,"Decreto-ley 3/2022, de 11 de febrero, de medidas urgentes para la sostenibilidad y la circularidad del turismo de las Illes Balears."
2022-06-08,136,1,BOE-A-2022-9389,COMUNIDAD AUTÓNOMA DE LAS ILLES BALEARS,autonómico,Decreto-ley,78210,78254,"Decreto-ley 4/2022, de 30 de marzo, por el que se adoptan medidas extraordinarias y urgentes para paliar la crisis económica y social producida por los efectos de la guerra en Ucrania."
2022-06-09,137,1,BOE-A-2022-9432,TRIBUNAL CONSTITUCIONAL,estatal,Resolución judicial,78745,78745,"Recurso de inconstitucionalidad n.º 1302-2022, contra la reforma parcial del Reglamento de la Asamblea Regional de Murcia, publicada en el BOAR de 1 de diciembre de 2021."
2022-06-09,137,1,BOE-A-2022-9433,TRIBUNAL CONSTITUCIONAL,estatal,Resolución judicial,78746,78746,"Recurso de inconstitucionalidad n.º 2191-2022, contra el Real Decreto-ley 32/2021, de 28 de diciembre, de medidas urgentes para la reforma laboral, la garantía de la estabilidad en el empleo y la transformación del mercado de trabajo, y contra el artículo cuarto del Real Decreto-ley 1/2022, de 18 de enero."
2022-06-09,137,1,BOE-A-2022-9434,MINISTERIO DE HACIENDA Y FUNCIÓN PÚBLICA,estatal,Resolución,78747,78750,"Resolución de 6 de junio de 2022, de la Intervención General de la Administración del Estado, por la que se modifica la de 30 de julio de 2015, por la que se dictan instrucciones para el ejercicio de la auditoría pública."
2022-06-09,137,1,BOE-A-2022-9435,MINISTERIO PARA LA TRANSICIÓN ECOLÓGICA Y EL RETO DEMOGRÁFICO,estatal,Orden,78751,78752,"Orden TED/517/2022, de 8 de junio, por la que se determina la fecha de entrada en funcionamiento del mecanismo de ajuste de costes de producción para la reducción del precio de la electricidad en el mercado mayorista regulado en el Real Decreto-ley 10/2022, de 13 de mayo, y por la que se da publicidad a la decisión de la Comisión Europea que autoriza dicho mecanismo."
2022-06-09,137,1,BOE-A-2022-9436,COMUNIDAD AUTÓNOMA DE CANTABRIA,autonómico,Ley,78753,78754,"Ley 1/2022, de 3 de marzo, de modificación de la Ley 2/2007, de 27 de marzo, de Derechos y Servicios Sociales."
2022-06-09,137,1,BOE-A-2022-9437,COMUNIDAD AUTÓNOMA DE CANTABRIA,autonómico,Ley,78755,78758,"Ley 2/2022, de 26 de mayo, de modificación de la Ley 9/1992, de 18 de diciembre, de Tasas y Precios Públicos de la Diputación Regional de Cantabria."
2022-06-09,137,1,BOE-A-2022-9438,COMUNIDAD AUTÓNOMA DE ARAGÓN,autonómico,Ley,78759,78800,"Ley 2/2022, de 19 de mayo, de aplicación y desarrollo de la Ley 1/2021, de 11 de febrero, de simplificación administrativa."
2022-06-09,137,1,BOE-A-2022-9439,COMUNIDAD DE MADRID,autonómico,Ley,78801,78803,"Ley 4/2022, de 13 de mayo, que regula la comunicación de información por los comercializadores de referencia a la Comunidad de Madrid para la gestión y pago del bono social térmico en su ámbito territorial."
2022-06-10,138,1,BOE-A-2022-9532,"MINISTERIO DE ASUNTOS EXTERIORES, UNIÓN EUROPEA Y COOPERACIÓN",estatal,Tratado o acuerdo internacional,79250,79255,"Canje de Cartas entre el Reino de España y el Organismo Internacional de Energía Atómica (OIEA) para la celebración en las instalaciones del Centro de Investigaciones Energéticas, Medioambientales y Tecnológicas (CIEMAT) de la Reunión técnica sobre experimentos conjuntos con dispositivos de fusión, del 20 al 24 de junio de 2022, hecho en Viena el 10 de marzo y 18 de mayo de 2022."
2022-06-10,138,1,BOE-A-2022-9533,COMUNIDAD AUTÓNOMA DE LA RIOJA,autonómico,Ley,79256,79257,"Ley 6/2022, de 9 de mayo, por la que se establece un incremento excepcional para la Renta de Ciudadanía de La Rioja en el marco del Plan Nacional de respuesta a las consecuencias económicas y sociales de la guerra en Ucrania."
2022-06-10,138,1,BOE-A-2022-9534,COMUNIDAD AUTÓNOMA DE LA RIOJA,autonómico,Ley,79258,79259,"Ley 7/2022, de 23 de mayo, para la suspensión temporal de la aplicación de las disposiciones adicionales décima y duodécima incorporadas a la Ley 5/2006, de 2 de mayo, de ordenación del territorio y urbanismo de La Rioja (LOTUR)."
2022-06-11,139,1,BOE-A-2022-9606,MINISTERIO DE HACIENDA Y FUNCIÓN PÚBLICA,estatal,Orden,80105,80109,"Orden HFP/534/2022, de 6 de junio, por la que se modifica la Orden HAC/1398/2003, de 27 de mayo, por la que se establecen los supuestos y condiciones en que podrá hacerse efectiva la colaboración social en la gestión de los tributos, y se extiende ésta expresamente a la presentación telemática de determinados modelos de declaración y otros documentos tributarios."
2022-06-11,139,1,BOE-A-2022-9607,MINISTERIO DE HACIENDA Y FUNCIÓN PÚBLICA,estatal,Resolución,80110,80112,"Resolución de 10 de junio de 2022, de la Presidencia del Comisionado para el Mercado de Tabacos, por la que se publican los precios de venta al público de determinadas labores de tabaco en Expendedurías de Tabaco y Timbre del área del Monopolio."
2022-06-11,139,1,BOE-A-2022-9608,MINISTERIO DE SANIDAD,estatal,Resolución,80113,80115,"Resolución de 17 de mayo de 2022, de la Agencia Española de Medicamentos y Productos Sanitarios, por la que se modifica la de 19 de junio de 2020, por la que se establece el listado de los medicamentos considerados esenciales en la gestión de la crisis sanitaria ocasionada por el COVID-19, en virtud de lo dispuesto en el artículo 19.1 del Real Decreto-ley 21/2020, de 9 de junio, de medidas urgentes de prevención, contención y coordinación para hacer frente a la crisis sanitaria ocasionada por el COVID-19."
2022-06-13,140,1,BOE-A-2022-9631,"MINISTERIO DE ASUNTOS EXTERIORES, UNIÓN EUROPEA Y COOPERACIÓN",estatal,Tratado o acuerdo internacional,80237,80288,"Texto consolidado del Acuerdo Europeo sobre trabajo de las tripulaciones de los vehículos que efectúen transportes internacionales por carretera (AETR), hecho en Ginebra el 1 de julio de 1970."
2022-06-13,140,1,BOE-A-2022-9632,MINISTERIO DE HACIENDA Y FUNCIÓN PÚBLICA,estatal,Orden,80289,80347,"Orden HFP/535/2022, de 9 de junio, por la que se dictan las normas para la elaboración de los Presupuestos Generales del Estado para 2023."
2022-06-14,141,1,BOE-A-2022-9763,JEFATURA DEL ESTADO,estatal,Otras,81179,81183,"Instrumento de adhesión al Convenio sobre el trabajo a domicilio, hecho en Ginebra el 20 de junio de 1996."
2022-06-14,141,1,BOE-A-2022-9764,TRIBUNAL SUPREMO,estatal,Resolución judicial,81184,81184,"Sentencia de 5 de mayo de 2022, de la Sala Tercera del Tribunal Supremo, que declara estimar el recurso contencioso-administrativo número 239/2021, contra los apartados segundo y tercero del artículo 1 del Real Decreto 311/2021 y contra los Reales Decretos 318/2021 y 321/2021."
2022-06-14,141,1,BOE-A-2022-9765,COMUNIDAD FORAL DE NAVARRA,autonómico,Ley,81185,81186,"Ley Foral 15/2022, de 17 de mayo, por la que se garantiza el mantenimiento de los puestos de trabajo del profesorado de religión en los centros públicos de la Comunidad Foral de Navarra."
2022-06-14,141,1,BOE-A-2022-9766,COMUNIDAD FORAL DE NAVARRA,autonómico,Ley,81187,81203,"Ley Foral 16/2022, de 30 de mayo, de medidas urgentes para la reducción de la temporalidad en los puestos de trabajo reservados a funcionarios con habilitación de la Comunidad Foral de Navarra."
2022-06-14,141,1,BOE-A-2022-9767,COMUNIDAD FORAL DE NAVARRA,autonómico,Ley,81204,81205,"Ley Foral 17/2022, de 30 de mayo, por la que se modifica la Ley Foral 11/2000, de 16 de noviembre, de Sanidad Animal de Navarra."
2022-06-14,141,1,BOE-A-2022-9768,COMUNIDAD FORAL DE NAVARRA,autonómico,Corrección,81206,81206,"Corrección de errores de la Ley Foral 13/2022, de 12 de mayo, de concesión de un crédito extraordinario, por un importe total de 4.761.112 euros, para la financiación de las necesidades de varios departamentos del Gobierno de Navarra y de los municipios y concejos de la Comunidad Foral de Navarra afectados por las consecuencias económicas de la guerra en Ucrania."
2022-06-15,142,1,BOE-A-2022-9837,JEFATURA DEL ESTADO,estatal,Ley,81554,81568,"Ley 9/2022, de 14 de junio, de Calidad de la Arquitectura."
2022-06-15,142,1,BOE-A-2022-9838,JEFATURA DEL ESTADO,estatal,Ley,81569,81587,"Ley 10/2022, de 14 de junio, de medidas urgentes para impulsar la actividad de rehabilitación edificatoria en el contexto del Plan de Recuperación, Transformación y Resiliencia."
2022-06-15,142,1,BOE-A-2022-9839,"MINISTERIO DE ASUNTOS EXTERIORES, UNIÓN EUROPEA Y COOPERACIÓN",estatal,Tratado o acuerdo internacional,81588,81736,"Enmiendas al Código internacional para la construcción y el equipo de buques que transporten productos químicos peligrosos a granel (Código CIQ), adoptadas en Londres el 17 de mayo de 2019 mediante la Resolución MEPC.318(74)."
2022-06-15,142,1,BOE-A-2022-9840,"MINISTERIO DE ASUNTOS EXTERIORES, UNIÓN EUROPEA Y COOPERACIÓN",estatal,Tratado o acuerdo internacional,81737,81883,"Enmiendas de 2019 al Código internacional para la construcción y el equipo de buques que transporten productos químicos peligrosos a granel (Código CIQ), adoptadas en Londres el 13 de junio de 2019 mediante la Resolución MSC.460(101)."
2022-06-15,142,1,BOE-A-2022-9841,"MINISTERIO DE ASUNTOS EXTERIORES, UNIÓN EUROPEA Y COOPERACIÓN",estatal,Tratado o acuerdo internacional,81884,81885,"Enmiendas de 2019 al Código para la construcción y el equipo de buques que transporten productos químicos peligrosos a granel (Código CGrQ), adoptadas en Londres el 17 de mayo de 2019 mediante la Resolución MEPC.319(74)."
2022-06-15,142,1,BOE-A-2022-9842,MINISTERIO DE HACIENDA Y FUNCIÓN PÚBLICA,estatal,Real Decreto,81886,81892,"Real Decreto 446/2022, de 14 de junio, por el que se modifica el Real Decreto 139/2020, de 28 de enero, por el que se establece la estructura orgánica básica de los departamentos ministeriales."
2022-06-15,142,1,BOE-A-2022-9843,MINISTERIO DE HACIENDA Y FUNCIÓN PÚBLICA,estatal,Real Decreto,81893,81896,"Real Decreto 447/2022, de 14 de junio, por el que se modifican el Real Decreto 139/2020, de 28 de enero, por el que se establece la estructura orgánica básica de los departamentos ministeriales, y el Real Decreto 404/2020, de 25 de febrero, por el que se desarrolla la estructura orgánica básica del Ministerio de Ciencia e Innovación."
2022-06-15,142,1,BOE-A-2022-9844,MINISTERIO DEL INTERIOR,estatal,Orden,81897,81898,"Orden INT/538/2022, de 14 de junio, por la que se prorroga la Orden INT/657/2020, de 17 de julio, por la que se modifican los criterios para la aplicación de una restricción temporal de viajes no imprescindibles desde terceros países a la Unión Europea y países asociados Schengen por razones de orden público y salud pública con motivo de la crisis sanitaria ocasionada por la COVID-19."
2022-06-15,142,1,BOE-A-2022-9845,"MINISTERIO DE TRANSPORTES, MOVILIDAD Y AGENDA URBANA",estatal,Real Decreto,81899,81909,"Real Decreto 448/2022, de 14 de junio, por el que se modifica el Reglamento del Sector Ferroviario, aprobado por el Real Decreto 2387/2004, de 30 de diciembre."
2022-06-15,142,1,BOE-A-2022-9846,MINISTERIO DE EDUCACIÓN Y FORMACIÓN PROFESIONAL,estatal,Real Decreto,81910,81952,"Real Decreto 393/2022, de 24 de mayo, por el que se establece el Curso de especialización de Formación Profesional de Grado Superior en Aeronaves pilotadas de forma remota-Drones y se fijan los aspectos básicos del currículo, y se modifican el Real Decreto 1445/2018, de 14 de diciembre, por el que se establece el título de Técnico Superior en mantenimiento aeromecánico de aviones con motor de turbina y se fijan los aspectos básicos del currículo, y el Real Decreto 1085/2020, de 9 de diciembre, por el que se establecen convalidaciones de módulos profesionales de los títulos de Formación Profesional del sistema educativo español y las medidas para su aplicación, y se modifica el Real Decreto 1147/2011, de 29 de julio, por el que se establece la ordenación general de la formación profesional del sistema educativo."
2022-06-15,142,1,BOE-A-2022-9847,"MINISTERIO DE INDUSTRIA, COMERCIO Y TURISMO",estatal,Real Decreto,81953,81972,"Real Decreto 449/2022, de 14 de junio, por el que se regula la concesión directa de subvenciones destinadas a la financiación de las estrategias de resiliencia turística para territorios extrapeninsulares, en el marco del Plan de Recuperación, Transformación y Resiliencia, y por el que se modifican diversos reales decretos en materia turística."
2022-06-15,142,1,BOE-A-2022-9848,"MINISTERIO DE LA PRESIDENCIA, RELACIONES CON LAS CORTES Y MEMORIA DEMOCRÁTICA",estatal,Real Decreto,81973,81989,"Real Decreto 450/2022, de 14 de junio, por el que se modifica el Código Técnico de la Edificación, aprobado por el Real Decreto 314/2006, de 17 de marzo."
2022-06-15,142,1,BOE-A-2022-9849,MINISTERIO PARA LA TRANSICIÓN ECOLÓGICA Y EL RETO DEMOGRÁFICO,estatal,Real Decreto,81990,82024,"Real Decreto 451/2022, de 14 de junio, por el que se regula la concesión directa de ayudas destinadas a la financiación de estrategias de energía sostenible para las Illes Balears y Canarias, en el marco del Plan de Recuperación, Transformación y Resiliencia."
2022-06-15,142,1,BOE-A-2022-9850,"MINISTERIO DE INCLUSIÓN, SEGURIDAD SOCIAL Y MIGRACIONES",estatal,Real Decreto,82025,82038,"Real Decreto 453/2022, de 14 de junio, por el que se regula la determinación del hecho causante y los efectos económicos de la pensión de jubilación en su modalidad contributiva y de la prestación económica de ingreso mínimo vital, y se modifican diversos reglamentos del sistema de la Seguridad Social que regulan distintos ámbitos de la gestión."
2022-06-15,142,1,BOE-A-2022-9851,COMUNIDAD AUTÓNOMA DEL PAÍS VASCO,autonómico,Ley,82039,82049,"Ley 4/2022, de 19 de mayo, del Recurso de Casación Civil Vasco."
2022-06-16,143,1,BOE-A-2022-9978,JEFATURA DEL ESTADO,estatal,Otras,82959,82966,"Instrumento de adhesión al Convenio sobre la eliminación de la violencia y el acoso en el mundo del trabajo, hecho en Ginebra el 21 de junio de 2019."
2022-06-16,143,1,BOE-A-2022-9979,"MINISTERIO DE ASUNTOS EXTERIORES, UNIÓN EUROPEA Y COOPERACIÓN",estatal,Tratado o acuerdo internacional,82967,82969,"Acuerdo Internacional Administrativo entre el Ministerio del Interior del Reino de España y el Ministerio del Interior y de la Descentralización de la República de Níger con el objetivo de crear un equipo mixto de cooperación policial para la lucha contra las organizaciones y redes criminales ligadas al terrorismo en Níger, hecho en Niamey el 7 de marzo de 2022."
2022-06-16,143,1,BOE-A-2022-9980,"MINISTERIO DE ASUNTOS EXTERIORES, UNIÓN EUROPEA Y COOPERACIÓN",estatal,Tratado o acuerdo internacional,82970,83059,Enmiendas adoptadas en Ginebra el 11 de octubre de 2019 y el 16 de octubre de 2020 a los anejos del Acuerdo sobre transportes internacionales de mercancías perecederas y sobre las unidades especiales utilizadas en estos transportes (ATP) hecho en Ginebra el 1 de septiembre de 1970. Texto consolidado del Acuerdo ATP.
2022-06-16,143,1,BOE-A-2022-9981,"MINISTERIO DE ASUNTOS EXTERIORES, UNIÓN EUROPEA Y COOPERACIÓN",estatal,Tratado o acuerdo internacional,83060,83596,Enmiendas de 2019 al Código marítimo internacional de cargas sólidas a granel (Código IMSBC) adoptadas en Londres el 13 de junio de 2019 mediante la Resolución MSC.462(101).
2022-06-16,143,1,BOE-A-2022-9982,"MINISTERIO DE ASUNTOS EXTERIORES, UNIÓN EUROPEA Y COOPERACIÓN",estatal,Otras,83597,83597,"Terminación del Canje de Notas relativo a la fiscalidad de los rendimientos del ahorro entre el Reino de los Países Bajos, en nombre de las Antillas Holandesas y el Reino de España, hecho en Madrid y Willenstad el 26 de noviembre de 2004 y el 12 de abril de 2005."
2022-06-16,143,1,BOE-A-2022-9983,MINISTERIO DE HACIENDA Y FUNCIÓN PÚBLICA,estatal,Resolución,83598,83634,"Resolución de 14 de junio de 2022, de la Presidencia de la Agencia Estatal de Administración Tributaria, sobre organización, funciones y atribución de competencias en el área de recaudación."
2022-06-16,143,1,BOE-A-2022-9984,"MINISTERIO DE LA PRESIDENCIA, RELACIONES CON LAS CORTES Y MEMORIA DEMOCRÁTICA",estatal,Orden,83635,83640,"Orden PCM/544/2022, de 15 de junio, por la que se modifica el Anexo II del Real Decreto 1205/2011, de 26 de agosto, sobre la seguridad de los juguetes."
2022-06-16,143,1,BOE-A-2022-9985,MINISTERIO DE CIENCIA E INNOVACIÓN,estatal,Real Decreto,83641,83645,"Real Decreto 452/2022, de 15 de junio, por el que se crea y se regula la composición y el funcionamiento del Consejo del Espacio."
2022-06-17,144,1,BOE-A-2022-10041,JEFATURA DEL ESTADO,estatal,Otras,83816,83827,"Instrumento de ratificación del Convenio marco del Consejo de Europa sobre el valor del patrimonio cultural para la sociedad, hecho en Faro el 25 de octubre de 2005."
2022-06-17,144,1,BOE-A-2022-10042,CORTES GENERALES,estatal,Resolución,83828,83828,"Resolución de 9 de junio de 2022, del Congreso de los Diputados, por la que se ordena la publicación del Acuerdo de convalidación del Real Decreto-ley 10/2022, de 13 de mayo, por el que se establece con carácter temporal un mecanismo de ajuste de costes de producción para la reducción del precio de la electricidad en el mercado mayorista."
2022-06-17,144,1,BOE-A-2022-10043,COMUNIDAD AUTÓNOMA DE CANARIAS,autonómico,Ley,83829,83847,"Ley 1/2022, de 11 de mayo, de Elecciones al Parlamento de Canarias."
2022-06-17,144,1,BOE-A-2022-10044,COMUNIDAD AUTÓNOMA DE CANARIAS,autonómico,Ley,83848,83911,"Ley 2/2022, de 6 de junio, por la que se establece el régimen jurídico de alerta sanitaria y las medidas para el control y gestión de la pandemia de COVID-19 en Canarias."
2022-06-17,144,1,BOE-A-2022-10045,COMUNIDAD AUTÓNOMA DE CANARIAS,autonómico,Decreto-ley,83912,83919,"Decreto-ley 2/2022, de 10 de febrero, por el que se adaptan las medidas tributarias excepcionales en la isla de La Palma, al Decreto-ley 1/2022, de 20 de enero, por el que se adoptan medidas urgentes en materia urbanística y económica para la construcción o reconstrucción de viviendas habituales afectadas por la erupción volcánica en la isla de La Palma y por el que se modifica el citado Decreto-ley."
2022-06-17,144,1,BOE-A-2022-10046,COMUNIDAD AUTÓNOMA DE CANARIAS,autonómico,Decreto-ley,83920,83924,"Decreto-ley 3/2022, de 17 de marzo, por el que se prorroga la habilitación contenida en la disposición transitoria primera, apartados 4 y 5, de la Ley 13/2014, de 26 de diciembre, de Radio y Televisión Públicas de la Comunidad Autónoma de Canarias, para garantizar la continuidad de la gestión del servicio público de televisión autonómica y de sus programas informativos."
2022-06-18,145,1,BOE-A-2022-10100,"MINISTERIO DE ASUNTOS EXTERIORES, UNIÓN EUROPEA Y COOPERACIÓN",estatal,Tratado o acuerdo internacional,84682,84684,"Acuerdo de Cooperación Cultural entre el Gobierno del Reino de España y el Gobierno del Estado de Qatar, hecho ad referendum en Doha el 10 de febrero de 2021."
2022-06-18,145,1,BOE-A-2022-10101,MINISTERIO DE HACIENDA Y FUNCIÓN PÚBLICA,estatal,Resolución,84685,84686,"Resolución de 17 de junio de 2022, de la Presidencia del Comisionado para el Mercado de Tabacos, por la que se publican los precios de venta al público de determinadas labores de tabaco en Expendedurías de Tabaco y Timbre del área de Península y Baleares."
2022-06-20,146,1,BOE-A-2022-10134,MINISTERIO PARA LA TRANSICIÓN ECOLÓGICA Y EL RETO DEMOGRÁFICO,estatal,Orden,85022,85024,"Orden TED/553/2022, de 16 de junio, por la que se liberan existencias mínimas de seguridad de productos petrolíferos en el marco de una acción coordinada de la Agencia Internacional de la Energía."
2022-06-20,146,1,BOE-A-2022-10135,MINISTERIO PARA LA TRANSICIÓN ECOLÓGICA Y EL RETO DEMOGRÁFICO,estatal,Resolución,85025,85027,"Resolución de 8 de junio de 2022, de la Dirección General de Política Energética y Minas, por la que se publican los nuevos precios de venta, antes de impuestos, de los gases licuados del petróleo por canalización."
2022-06-20,146,1,BOE-A-2022-10136,COMUNIDAD AUTÓNOMA DE ARAGÓN,autonómico,Decreto-ley,85028,85030,"Decreto-ley 4/2022, de 4 de mayo, del Gobierno de Aragón, por el que se establece un incremento extraordinario para el año 2022 del importe de la Prestación Aragonesa Complementaria del Ingreso Mínimo Vital y de la cuantía máxima de determinadas prestaciones."
2022-06-21,147,1,BOE-A-2022-10230,JEFATURA DEL ESTADO,estatal,Otras,85599,85619,"Instrumento de ratificación del Convenio del Consejo de Europa sobre coproducción cinematográfica (revisado), hecho en Rotterdam el 30 de enero de 2017."
2022-06-21,147,1,BOE-A-2022-10231,"MINISTERIO DE ASUNTOS EXTERIORES, UNIÓN EUROPEA Y COOPERACIÓN",estatal,Tratado o acuerdo internacional,85620,85622,"Convenio multilateral para aplicar las medidas relacionadas con los tratados fiscales para prevenir la erosión de las bases imponibles y el traslado de beneficios, hecho en París el 24 de noviembre de 2016. Notificación de España al Secretario General de la Organización para la Cooperación y el Desarrollo Económicos (OCDE), como depositario del Convenio, de conformidad con las disposiciones de su artículo 35.7."
2022-06-21,147,1,BOE-A-2022-10232,MINISTERIO DE JUSTICIA,estatal,Orden,85623,85625,"Orden JUS/559/2022, de 15 de junio, por la que se crean la División de Servicios Digitales Departamentales y la División de Oficialía Mayor del Ministerio de Justicia."
2022-06-21,147,1,BOE-A-2022-10233,MINISTERIO DE HACIENDA Y FUNCIÓN PÚBLICA,estatal,Resolución,85626,85626,"Resolución de 20 de junio de 2022, de la Presidencia de la Agencia Estatal de Administración Tributaria, por la que se modifica la de 14 de junio de 2022, sobre organización, funciones y atribución de competencias en el área de recaudación."
2022-06-21,147,1,BOE-A-2022-10234,COMUNIDAD AUTÓNOMA DE CATALUÑA,autonómico,Ley,85627,85629,"Ley 8/2022, de 9 de junio, sobre el uso y el aprendizaje de las lenguas oficiales en la enseñanza no universitaria."
2022-06-22,148,1,BOE-A-2022-10294,"MINISTERIO DE ASUNTOS EXTERIORES, UNIÓN EUROPEA Y COOPERACIÓN",estatal,Tratado o acuerdo internacional,86116,86142,"Acuerdo entre las Autoridades Nacionales de Seguridad de la República Francesa y del Reino de España sobre cooperación en materia de seguridad operacional e interoperabilidad de las actividades ferroviarias, hecho en Amiens el 26 de abril de 2022."
2022-06-22,148,1,BOE-A-2022-10295,"MINISTERIO DE LA PRESIDENCIA, RELACIONES CON LAS CORTES Y MEMORIA DEMOCRÁTICA",estatal,Real Decreto,86143,86149,"Real Decreto 485/2022, de 21 de junio, por el que se modifica el Real Decreto 1214/1997, de 18 de julio, sobre organización del Centro de Investigaciones Sociológicas."
2022-06-22,148,1,BOE-A-2022-10296,MINISTERIO PARA LA TRANSICIÓN ECOLÓGICA Y EL RETO DEMOGRÁFICO,estatal,Resolución,86150,86157,"Resolución de 13 de junio de 2022, de la Dirección General de Política Energética y Minas, por la que se fijan los precios definitivos del combustible gas natural del primer y segundo semestre de 2021 a aplicar en la liquidación de cada grupo generador en los sistemas eléctricos de los territorios no peninsulares para dicho periodo."
2022-06-22,148,1,BOE-A-2022-10297,MINISTERIO DE SANIDAD,estatal,Real Decreto,86158,86212,"Real Decreto 487/2022, de 21 de junio, por el que se establecen los requisitos sanitarios para la prevención y el control de la legionelosis."
2022-06-23,149,1,BOE-A-2022-10346,"MINISTERIO DE ASUNTOS EXTERIORES, UNIÓN EUROPEA Y COOPERACIÓN",estatal,Tratado o acuerdo internacional,86702,86706,"Enmiendas de 2019 al Anexo del Convenio internacional para prevenir la contaminación por los buques, 1973, modificado por el Protocolo de 1978, adoptadas en Londres el 17 de mayo de 2019 mediante la Resolución MEPC.315(74)."
2022-06-23,149,1,BOE-A-2022-10347,"MINISTERIO DE ASUNTOS EXTERIORES, UNIÓN EUROPEA Y COOPERACIÓN",estatal,Tratado o acuerdo internacional,86707,86716,"Enmiendas de 2020 al Anexo del Protocolo de 1997 que enmienda el Convenio internacional para prevenir la contaminación por los buques, 1973, modificado por el Protocolo de 1978, adoptadas en Londres el 20 de noviembre de 2020 mediante la Resolución MEPC.324(75)."
2022-06-23,149,1,BOE-A-2022-10348,"MINISTERIO DE TRANSPORTES, MOVILIDAD Y AGENDA URBANA",estatal,Corrección,86717,86717,"Corrección de errores de la Orden TMA/404/2022, de 25 de abril, por la que se regulan aspectos del régimen de certificación de las entidades encargadas del mantenimiento de vehículos ferroviarios, se modifican los datos inscribibles en el Registro Especial Ferroviario del Reglamento del Sector Ferroviario, aprobado por Real Decreto 2387/2004, de 30 de diciembre, y se establece un régimen transitorio de homologación para los centros de mantenimiento de material rodante distinto de vagones de mercancías regulado en la Orden FOM/233/2006, de 31 de enero."
2022-06-23,149,1,BOE-A-2022-10349,MINISTERIO PARA LA TRANSICIÓN ECOLÓGICA Y EL RETO DEMOGRÁFICO,estatal,Resolución,86718,86719,"Resolución de 10 de junio de 2022, del Instituto para la Diversificación y Ahorro de la Energía, E.P.E., M.P., por la que se publica la de 1 de junio de 2022, del Consejo de Administración, por la que se amplía el presupuesto del Programa de ayudas para actuaciones de eficiencia energética en PYME y gran empresa del sector industrial, regulado por el Real Decreto 263/2019, de 12 de abril."
2022-06-23,149,1,BOE-A-2022-10350,TRIBUNAL SUPREMO,estatal,Resolución judicial,86720,86721,"Sentencia de 1 de marzo de 2022, de la Sala Tercera del Tribunal Supremo, que estima parcialmente el recurso contencioso-administrativo interpuesto por EDP España, SAU, y Baser Comercializadora de Referencia, SA, contra el Real Decreto 897/2017, de 6 de octubre, por el que se regula la figura del consumidor vulnerable, el bono social y otras medidas de protección para los consumidores domésticos de energía eléctrica."
2022-06-24,150,1,BOE-A-2022-10448,"MINISTERIO DE ASUNTOS EXTERIORES, UNIÓN EUROPEA Y COOPERACIÓN",estatal,Tratado o acuerdo internacional,87410,87414,"Aplicación provisional del Acuerdo entre el Reino de España y la Comisión Preparatoria de la Organización del Tratado de Prohibición Completa de los Ensayos Nucleares sobre el uso de datos sismológicos primarios, sismológicos auxiliares e hidroacústicos con fines de alerta de tsunamis, hecho en Viena el 13 de junio de 2022."
2022-06-24,150,1,BOE-A-2022-10449,"MINISTERIO DE ASUNTOS EXTERIORES, UNIÓN EUROPEA Y COOPERACIÓN",estatal,Tratado o acuerdo internacional,87415,88424,Enmiendas de 2020 al Código marítimo internacional de mercancías peligrosas (Código IMDG) adoptadas en Londres el 11 de noviembre de 2020 mediante la Resolución MSC.477(102).
2022-06-24,150,1,BOE-A-2022-10450,"MINISTERIO DE TRANSPORTES, MOVILIDAD Y AGENDA URBANA",estatal,Orden,88425,88429,"Orden TMA/572/2022, de 20 de junio, por la que se crea y regula el funcionamiento del Comité antifraude del Ministerio de Transportes, Movilidad y Agenda Urbana."
2022-06-24,150,1,BOE-A-2022-10451,MINISTERIO DE EDUCACIÓN Y FORMACIÓN PROFESIONAL,estatal,Orden,88430,88432,"Orden EFP/573/2022, de 17 de junio, por la que se establece la obligatoriedad de comunicaciones y notificaciones por medios electrónicos en los procedimientos de convocatorias de eventos, premios, estancias y formación del profesorado, del Instituto Nacional de Tecnologías Educativas y de Formación del Profesorado."
2022-06-24,150,1,BOE-A-2022-10452,MINISTERIO DE EDUCACIÓN Y FORMACIÓN PROFESIONAL,estatal,Resolución,88433,88483,"Resolución de 21 de junio de 2022, de la Secretaría de Estado de Educación, por la que se publican los currículos de las enseñanzas de religión católica correspondientes a Educación Infantil, Educación Primaria, Educación Secundaria Obligatoria y Bachillerato."
2022-06-24,150,1,BOE-A-2022-10453,COMUNIDAD AUTÓNOMA DE CATALUÑA,autonómico,Decreto-ley,88484,88502,"Decreto-ley 5/2022, de 17 de mayo, de medidas urgentes para contribuir a paliar los efectos del conflicto bélico de Ucrania en Cataluña y de actualización de determinadas medidas adoptadas durante la pandemia de la COVID-19."
2022-06-24,150,1,BOE-A-2022-10454,COMUNIDAD AUTÓNOMA DEL PRINCIPADO DE ASTURIAS,autonómico,Ley,88503,88546,"Ley 3/2022, de 18 de mayo, por la que se aprueba el Plan Asturiano de Estadística 2022-2025."
2022-06-25,151,1,BOE-A-2022-10512,TRIBUNAL CONSTITUCIONAL,estatal,Resolución judicial,89220,89220,"Cuestión de inconstitucionalidad n.º 3853-2022, en relación con la disposición transitoria primera, apartado 2, de la Ley del Principado de Asturias 2/2007, de 23 de marzo, de coordinación de policías locales, por posible vulneración del artículo 149.1.18 de la Constitución Española."
2022-06-25,151,1,BOE-A-2022-10513,MINISTERIO DE HACIENDA Y FUNCIÓN PÚBLICA,estatal,Resolución,89221,89222,"Resolución de 24 de junio de 2022, de la Presidencia del Comisionado para el Mercado de Tabacos, por la que se publican los precios de venta al público de determinadas labores de tabaco en Expendedurías de Tabaco y Timbre del área del Monopolio."
2022-06-25,151,1,BOE-A-2022-10514,"MINISTERIO DE LA PRESIDENCIA, RELACIONES CON LAS CORTES Y MEMORIA DEMOCRÁTICA",estatal,Real Decreto,89223,89247,"Real Decreto 414/2022, de 31 de mayo, por el que se modifica el Reglamento de control del comercio exterior de material de defensa, de otro material y de productos y tecnologías de doble uso, aprobado por el Real Decreto 679/2014, de 1 de agosto."
2022-06-25,151,1,BOE-A-2022-10515,"MINISTERIO DE LA PRESIDENCIA, RELACIONES CON LAS CORTES Y MEMORIA DEMOCRÁTICA",estatal,Resolución,89248,89251,"Resolución de 22 de junio de 2022, de la Subsecretaría, por la que se publica la Resolución de 14 de junio de 2022, conjunta de la Intervención General de la Administración del Estado y la Dirección General del Tesoro y Política Financiera, por la que se modifica el anexo al Real Decreto 938/2005, de 29 de julio, por el que se dictan normas sobre el seguimiento y aplicación contable de los fondos disponibles en los servicios del exterior."
2022-06-25,151,1,BOE-A-2022-10516,COMUNIDAD FORAL DE NAVARRA,autonómico,Ley,89252,89253,"Ley Foral 18/2022, de 13 de junio, de modificación parcial de la Ley Foral 19/2019, de 4 de abril, de protección de los animales de compañía en Navarra."
2022-06-25,151,1,BOE-A-2022-10517,COMUNIDAD FORAL DE NAVARRA,autonómico,Decreto-ley,89254,89269,"Decreto-ley Foral 2/2022, de 23 de mayo, de medidas para la realización de los procesos de estabilización derivados de la Ley 20/2021, de 28 de diciembre, de medidas urgentes para la reducción de la temporalidad en el empleo público, en las Administraciones Públicas de Navarra."
2022-06-25,151,1,BOE-A-2022-10518,COMUNIDAD AUTÓNOMA DE EXTREMADURA,autonómico,Decreto-ley,89270,89301,"Decreto-ley 2/2022, de 4 de mayo, por el que se regula la actuación de la Junta de Extremadura y se establecen medidas urgentes en respuesta a los desplazamientos de personas por razones humanitarias a causa de la guerra en Ucrania, medidas urgentes de contratación pública y medidas fiscales."
2022-06-25,151,1,BOE-A-2022-10519,COMUNIDAD AUTÓNOMA DE LAS ILLES BALEARS,autonómico,Ley,89302,89315,"Ley 2/2022, de 6 de junio, de medidas urgentes en determinados sectores de actividad administrativa."
2022-06-26,152,1,BOE-A-2022-10557,JEFATURA DEL ESTADO,estatal,Real Decreto-ley,89558,89622,"Real Decreto-ley 11/2022, de 25 de junio, por el que se adoptan y se prorrogan determinadas medidas para responder a las consecuencias económicas y sociales de la guerra en Ucrania, para hacer frente a situaciones de vulnerabilidad social y económica, y para la recuperación económica y social de la isla de La Palma."
2022-06-27,153,1,BOE-A-2022-10558,"MINISTERIO DE ASUNTOS EXTERIORES, UNIÓN EUROPEA Y COOPERACIÓN",estatal,Tratado o acuerdo internacional,89623,89626,"Aplicación provisional del Acuerdo entre el Reino de España y la Organización del Tratado del Atlántico Norte relativo a la cumbre de la OTAN que se celebrará en Madrid los días 28, 29 y 30 de junio de 2022, hecho en Bruselas el 20 de junio de 2022."
2022-06-28,154,1,BOE-A-2022-10673,MINISTERIO DEL INTERIOR,estatal,Orden,90704,90705,"Orden INT/591/2022, de 24 de junio, por la que se modifica la Instrucción técnica complementaria número 26, ""Manifestaciones festivas con uso de armas de avancarga"", del Reglamento de Explosivos, aprobado por el Real Decreto 130/2017, de 24 de febrero."
2022-06-28,154,1,BOE-A-2022-10674,"MINISTERIO DE INDUSTRIA, COMERCIO Y TURISMO",estatal,Real Decreto,90706,90713,"Real Decreto 501/2022, de 27 de junio, por el que se regula la concesión directa de una subvención al municipio de Tortosa para apoyar la organización del Terres Travel Festival-Films & Creativity, certamen internacional del audiovisual turístico."
2022-06-28,154,1,BOE-A-2022-10675,"MINISTERIO DE AGRICULTURA, PESCA Y ALIMENTACIÓN",estatal,Real Decreto,90714,90756,"Real Decreto 502/2022, de 27 de junio, por el que se regula el ejercicio de la pesca en los caladeros nacionales."
2022-06-28,154,1,BOE-A-2022-10676,MINISTERIO DE IGUALDAD,estatal,Real Decreto,90757,90762,"Real Decreto 503/2022, de 27 de junio, por el que se modifica el Real Decreto 1023/2020, de 17 de noviembre, por el que se actualizan las cuantías, los criterios y el procedimiento de distribución de las transferencias para el desarrollo de nuevas o ampliadas competencias reservadas a las entidades locales en el Pacto de Estado en materia de violencia de género."
2022-06-28,154,1,BOE-A-2022-10677,"MINISTERIO DE INCLUSIÓN, SEGURIDAD SOCIAL Y MIGRACIONES",estatal,Real Decreto,90763,90777,"Real Decreto 504/2022, de 27 de junio, por el que se modifican el Reglamento General sobre inscripción de empresas y afiliación, altas, bajas y variaciones de datos de trabajadores en la Seguridad Social, aprobado por el Real Decreto 84/1996, de 26 de enero, y el Reglamento General sobre Cotización y Liquidación de otros Derechos de la Seguridad Social, aprobado por el Real Decreto 2064/1995, de 22 de diciembre, para actualizar su regulación respecto a los trabajadores por cuenta propia o autónomos."
2022-06-29,155,1,BOE-A-2022-10756,JEFATURA DEL ESTADO,estatal,Ley Orgánica,91251,91252,"Ley Orgánica 5/2022, de 28 de junio, complementaria de la Ley 11/2022, de 28 de junio, General de Telecomunicaciones, de modificación de la Ley Orgánica 6/1985, de 1 de julio, del Poder Judicial."
2022-06-29,155,1,BOE-A-2022-10757,JEFATURA DEL ESTADO,estatal,Ley,91253,91411,"Ley 11/2022, de 28 de junio, General de Telecomunicaciones."
2022-06-29,155,1,BOE-A-2022-10758,"MINISTERIO DE AGRICULTURA, PESCA Y ALIMENTACIÓN",estatal,Real Decreto,91412,91417,"Real Decreto 427/2022, de 7 de junio, por el que se establecen las normas de funcionamiento de la Red Contable Agraria Nacional, y se determinan las funciones, la composición y las normas de funcionamiento de su Comité Nacional."
2022-06-29,155,1,BOE-A-2022-10759,"MINISTERIO DE LA PRESIDENCIA, RELACIONES CON LAS CORTES Y MEMORIA DEMOCRÁTICA",estatal,Real Decreto,91418,91437,"Real Decreto 413/2022, de 31 de mayo, por el que se crea como Centro de Referencia Nacional de Gestión Ambiental el Centro Público Integrado de Formación Profesional San Blas de Teruel, en el área profesional de Gestión Ambiental, de la familia profesional Seguridad y Medio Ambiente, en el ámbito de la formación profesional."
2022-06-29,155,1,BOE-A-2022-10760,MINISTERIO PARA LA TRANSICIÓN ECOLÓGICA Y EL RETO DEMOGRÁFICO,estatal,Resolución,91438,91441,"Resolución de 27 de junio de 2022, de la Dirección General de Política Energética y Minas, por la que se publica la tarifa de último recurso de gas natural."
2022-06-30,156,1,BOE-A-2022-10805,MINISTERIO DE HACIENDA Y FUNCIÓN PÚBLICA,estatal,Resolución,92010,92115,"Resolución de 27 de junio de 2022, de la Mutualidad General de Funcionarios Civiles del Estado, por la que se modifican los Anexos I, II, III y IV de la Orden APU/2245/2005, de 30 de junio, por la que se regula las prestaciones complementarias de la asistencia sanitaria en MUFACE y se establece el procedimiento de financiación de bombas portátiles de infusión subcutánea continua de insulina."
2022-06-30,156,1,BOE-A-2022-10806,MINISTERIO DE EDUCACIÓN Y FORMACIÓN PROFESIONAL,estatal,Corrección,92116,92116,"Corrección de errores del Real Decreto 393/2022, de 24 de mayo, por el que se establece el Curso de especialización de Formación Profesional de Grado Superior en Aeronaves pilotadas de forma remota-Drones y se fijan los aspectos básicos del currículo, y se modifican el Real Decreto 1445/2018, de 14 de diciembre, por el que se establece el título de Técnico Superior en mantenimiento aeromecánico de aviones con motor de turbina y se fijan los aspectos básicos del currículo, y el Real Decreto 1085/2020, de 9 de diciembre, por el que se establecen convalidaciones de módulos profesionales de los títulos de Formación Profesional del sistema educativo español y las medidas para su aplicación, y se modifica el Real Decreto 1147/2011, de 29 de julio, por el que se establece la ordenación general de la formación profesional del sistema educativo."
2022-06-30,156,1,BOE-A-2022-10807,MINISTERIO PARA LA TRANSICIÓN ECOLÓGICA Y EL RETO DEMOGRÁFICO,estatal,Orden,92117,92119,"Orden TED/599/2022, de 29 de junio, por la que se autoriza un trasvase desde los embalses de Entrepeñas-Buendía, a través del acueducto Tajo-Segura, de 16 hm³ para el mes de junio de 2022."
2022-06-30,156,1,BOE-A-2022-10808,MINISTERIO DE ASUNTOS ECONÓMICOS Y TRANSFORMACIÓN DIGITAL,estatal,Orden,92120,92124,"Orden ETD/600/2022, de 29 de junio, por la que se complementa el sistema de reaseguro a cargo del Consorcio de Compensación de Seguros para el cuadragésimo tercer Plan de Seguros Agrarios Combinados; y por la que se modifica la fecha de entrada en vigor de determinadas obligaciones de las entidades declarantes a la Central de Información de Riesgos del Banco de España establecidas en la Orden ETD/699/2020, de 24 de julio, de regulación del crédito revolvente, y por la que se modifica la Orden ECO/697/2004, de 11 de marzo, sobre la Central de Información de Riesgos, la Orden EHA/1718/2010, de 11 de junio, de regulación y control de la publicidad de los servicios y productos bancarios y la Orden EHA/2899/2011, de 28 de octubre, de transparencia y protección del cliente de servicios bancarios."
2022-06-30,156,1,BOE-A-2022-10809,MINISTERIO DE ASUNTOS ECONÓMICOS Y TRANSFORMACIÓN DIGITAL,estatal,Resolución,92125,92130,"Resolución de 27 de junio de 2022, de la Secretaría de Estado de Economía y Apoyo a la Empresa, por la que se publica el Acuerdo del Consejo de Ministros de 21 de junio de 2022, por el que se instruye al Instituto de Crédito Oficial para habilitar la extensión del vencimiento de los avales liberados al amparo del artículo 29 del Real Decreto-ley 8/2020, de 17 de marzo, y del artículo 1 del Real Decreto-ley 25/2020, de 3 de julio."
2022-06-30,156,1,BOE-A-2022-10810,BANCO DE ESPAÑA,estatal,Corrección,92131,92131,"Corrección de errores de la Circular 3/2022, de 30 de marzo, del Banco de España, por la que se modifican la Circular 2/2016, de 2 de febrero, a las entidades de crédito, sobre supervisión y solvencia, que completa la adaptación del ordenamiento jurídico español a la Directiva 2013/36/UE y al Reglamento (UE) n.º 575/2013; la Circular 2/2014, de 31 de enero, a las entidades de crédito, sobre el ejercicio de diversas opciones regulatorias contenidas en el Reglamento (UE) n.º 575/2013, del Parlamento Europeo y del Consejo, de 26 de junio de 2013, sobre los requisitos prudenciales de las entidades de crédito y las empresas de inversión, y por el que se modifica el Reglamento (UE) n.º 648/2012; y la Circular 5/2012, de 27 de junio, a entidades de crédito y proveedores de servicios de pago, sobre transparencia de los servicios bancarios y responsabilidad en la concesión de préstamos."
2022-07-01,157,1,BOE-A-2022-10852,JEFATURA DEL ESTADO,estatal,Ley,92358,92391,"Ley 12/2022, de 30 de junio, de regulación para el impulso de los planes de pensiones de empleo, por la que se modifica el texto refundido de la Ley de Regulación de los Planes y Fondos de Pensiones, aprobado por Real Decreto Legislativo 1/2002, de 29 de noviembre."
2022-07-01,157,1,BOE-A-2022-10853,MINISTERIO DE HACIENDA Y FUNCIÓN PÚBLICA,estatal,Orden,92392,92396,"Orden HFP/603/2022, de 30 de junio, por la que se modifica la Orden HAC/665/2004, de 9 de marzo, por la que se regulan determinados aspectos de la gestión recaudatoria de los ingresos de IVA de operadores extracomunitarios que prestan servicios por vía electrónica a consumidores finales y se modifica la Orden de 27 de diciembre de 1991, por la que se dictan instrucciones acerca del régimen económico financiero de la Agencia Estatal de Administración Tributaria."
2022-07-01,157,1,BOE-A-2022-10854,MINISTERIO DE HACIENDA Y FUNCIÓN PÚBLICA,estatal,Orden,92397,92404,"Orden HFP/604/2022, de 30 de junio, por la que se modifica la Orden HFP/227/2017, de 13 de marzo, por la que se aprueba el modelo 202 para efectuar los pagos fraccionados a cuenta del Impuesto sobre Sociedades y del Impuesto sobre la Renta de No Residentes correspondiente a establecimientos permanentes y entidades en régimen de atribución de rentas constituidas en el extranjero con presencia en territorio español, y el modelo 222 para efectuar los pagos fraccionados a cuenta del Impuesto sobre Sociedades en régimen de consolidación fiscal y se establecen las condiciones generales y el procedimiento para su presentación electrónica."
2022-07-02,158,1,BOE-A-2022-10957,MINISTERIO DE HACIENDA Y FUNCIÓN PÚBLICA,estatal,Resolución,93257,93258,"Resolución de 1 de julio de 2022, de la Presidencia del Comisionado para el Mercado de Tabacos, por la que se publican los precios de venta al público de determinadas labores de tabaco en Expendedurías de Tabaco y Timbre del área del Monopolio."
2022-07-02,158,1,BOE-A-2022-10958,MINISTERIO DE EDUCACIÓN Y FORMACIÓN PROFESIONAL,estatal,Orden,93259,93308,"Orden EFP/608/2022, de 29 de junio, por la que se establece el currículo y se regula la ordenación de la Educación Infantil en el ámbito de gestión del Ministerio de Educación y Formación Profesional."
2022-07-04,159,1,BOE-A-2022-10974,MINISTERIO DE JUSTICIA,estatal,Orden,93406,93496,"Orden JUS/615/2022, de 30 de junio, por la que se aprueban los modelos de presentación en el Registro Mercantil de las cuentas anuales consolidadas de los sujetos obligados a su publicación."
2022-07-04,159,1,BOE-A-2022-10975,MINISTERIO DE JUSTICIA,estatal,Orden,93497,93775,"Orden JUS/616/2022, de 30 de junio, por la que se aprueban los nuevos modelos para la presentación en el Registro Mercantil de las cuentas anuales de los sujetos obligados a su publicación."
2022-07-04,159,1,BOE-A-2022-10976,MINISTERIO DE CULTURA Y DEPORTE,estatal,Orden,93776,93778,"Orden CUD/617/2022, de 29 de junio, por la que se establece la obligatoriedad de comunicaciones y notificaciones por medios electrónicos en el procedimiento de concesión de subvenciones para la promoción de la lectura y las letras españolas."
2022-07-04,159,1,BOE-A-2022-10977,MINISTERIO DE ASUNTOS ECONÓMICOS Y TRANSFORMACIÓN DIGITAL,estatal,Orden,93779,93783,"Orden ETD/618/2022, de 28 de junio, por la que se acuerda la emisión, acuñación y puesta en circulación de monedas de colección ""Animales en peligro de extinción""."
2022-07-04,159,1,BOE-A-2022-10978,MINISTERIO DE ASUNTOS ECONÓMICOS Y TRANSFORMACIÓN DIGITAL,estatal,Orden,93784,93786,"Orden ETD/619/2022, de 28 de junio, por la que se acuerda la emisión, acuñación y puesta en circulación de monedas de colección de 40 euro ""V Centenario de la Vuelta al Mundo""."
2022-07-04,159,1,BOE-A-2022-10979,MINISTERIO DE ASUNTOS ECONÓMICOS Y TRANSFORMACIÓN DIGITAL,estatal,Orden,93787,93789,"Orden ETD/620/2022, de 28 de junio, por la que se acuerda la emisión, acuñación y puesta en circulación de monedas de colección de una onza de oro dedicadas al ""Toro""."
2022-07-05,160,1,BOE-A-2022-11087,MINISTERIO DE EDUCACIÓN Y FORMACIÓN PROFESIONAL,estatal,Resolución,94622,94624,"Resolución de 30 de junio de 2022, de la Secretaría de Estado de Educación, por la que se modifica la de 20 de septiembre de 2013, de la Secretaría de Estado de Educación, Formación Profesional y Universidades, por la que se desarrolla la implantación de los servicios de orientación educativa en el ámbito de gestión del Ministerio de Educación, Cultura y Deporte en las ciudades de Ceuta y de Melilla."
2022-07-06,161,1,BOE-A-2022-11132,JEFATURA DEL ESTADO,estatal,Real Decreto-ley,94830,94845,"Real Decreto-ley 12/2022, de 5 de julio, por el que se modifica la Ley 55/2003, de 16 de diciembre, del Estatuto Marco del personal estatutario de los servicios de salud."
2022-07-06,161,1,BOE-A-2022-11133,MINISTERIO DE DEFENSA,estatal,Real Decreto,94846,94850,"Real Decreto 445/2022, de 14 de junio, por el que se establece una nueva regulación de la Junta General de Enajenaciones y Liquidadora de Material y de las Juntas Secundarias de Enajenaciones y Liquidadoras de Material del Ministerio de Defensa."
2022-07-06,161,1,BOE-A-2022-11134,MINISTERIO DE HACIENDA Y FUNCIÓN PÚBLICA,estatal,Real Decreto,94851,94856,"Real Decreto 527/2022, de 5 de julio, por el que se modifican el Real Decreto 139/2020, de 28 de enero, por el que se establece la estructura orgánica básica de los departamentos ministeriales, y el Real Decreto 500/2020, de 28 de abril, por el que se desarrolla la estructura orgánica básica del Ministerio para la Transición Ecológica y el Reto Demográfico, y se modifica el Real Decreto 139/2020, de 28 de enero, por el que se establece la estructura orgánica básica de los departamentos ministeriales."
2022-07-06,161,1,BOE-A-2022-11135,"MINISTERIO DE AGRICULTURA, PESCA Y ALIMENTACIÓN",estatal,Real Decreto,94857,94868,"Real Decreto 528/2022, de 5 de julio, por el que se modifica el Real Decreto 1173/2015, de 29 de diciembre, de desarrollo del Fondo Europeo Marítimo y de Pesca en lo relativo a las ayudas a la paralización definitiva y temporal de la actividad pesquera."
2022-07-06,161,1,BOE-A-2022-11136,TRIBUNAL SUPREMO,estatal,Resolución judicial,94869,94869,"Sentencia de 9 de junio de 2022, de la Sala Tercera del Tribunal Supremo, que declara estimar parcialmente el recurso contencioso-administrativo número 397/2021 contra el Real Decreto 689/2021, de 3 de agosto, por el que se establece el título de médica/o especialista en Psiquiatría Infantil y de la Adolescencia y se actualizan diversos aspectos del título de médica/o especialista en Psiquiatría."
2022-07-07,162,1,BOE-A-2022-11225,"MINISTERIO DE ASUNTOS EXTERIORES, UNIÓN EUROPEA Y COOPERACIÓN",estatal,Tratado o acuerdo internacional,95591,95601,"Aplicación provisional del Acuerdo entre el Reino de España y las Naciones Unidas sobre el establecimiento de una Oficina de Programas de la Oficina de las Naciones Unidas de Lucha contra el Terrorismo (OLCT) en Madrid, hecho en Nueva York el 22 de junio de 2022."
2022-07-07,162,1,BOE-A-2022-11226,MINISTERIO DE ASUNTOS ECONÓMICOS Y TRANSFORMACIÓN DIGITAL,estatal,Resolución,95602,95604,"Resolución de 5 de julio de 2022, de la Secretaría General del Tesoro y Financiación Internacional, por la que se actualiza el Anexo 1 de la Resolución de 4 de julio de 2017, de la Secretaría General del Tesoro y Política Financiera, por la que se define el principio de prudencia financiera aplicable a las operaciones de endeudamiento y derivados de las comunidades autónomas y entidades locales."
2022-07-07,162,1,BOE-A-2022-11227,COMUNIDAD AUTÓNOMA DEL PRINCIPADO DE ASTURIAS,autonómico,Ley,95605,95607,"Ley 4/2022, de 1 de junio, de modificación del texto refundido de las leyes de tasas y de precios públicos, aprobado por Decreto Legislativo del Principado de Asturias 1/1998, de 11 de junio."
2022-07-07,162,1,BOE-A-2022-11228,COMUNIDAD AUTÓNOMA DE LA RIOJA,autonómico,Ley,95608,95649,"Ley 8/2022, de 24 de junio, de caza y gestión cinegética de La Rioja."
2022-07-08,163,1,BOE-A-2022-11311,JEFATURA DEL ESTADO,estatal,Ley,96114,96220,"Ley 13/2022, de 7 de julio, General de Comunicación Audiovisual."
2022-07-08,163,1,BOE-A-2022-11312,TRIBUNAL CONSTITUCIONAL,estatal,Resolución judicial,96221,96221,"Recurso de inconstitucionalidad n.º 3839-2022, contra el artículo único del Decreto-ley del Consejo de Gobierno de la Región de Murcia 5/2021, de 27 de agosto, de modificación de la Ley 3/2020, de 27 de julio, de recuperación y protección del Mar Menor."
2022-07-08,163,1,BOE-A-2022-11313,TRIBUNAL CONSTITUCIONAL,estatal,Resolución judicial,96222,96222,"Recurso de inconstitucionalidad n.º 3955-2022, contra la Ley del Parlamento de Cataluña 1/2022, de 3 de marzo, de modificación de la Ley 18/2007, la Ley 24/2015 y la Ley 4/2016, para afrontar la emergencia en el ámbito de la vivienda y, subsidiariamente, contra los artículos 1.1, 1.3, 7, 8, 9.2, 10, 11, 12 y disposición transitoria de la Ley 1/2022."
2022-07-08,163,1,BOE-A-2022-11314,TRIBUNAL CONSTITUCIONAL,estatal,Resolución judicial,96223,96223,"Cuestión de inconstitucionalidad n.º 1096-2022, en relación con la disposición transitoria 11 de la Ley 5/2014, de 25 de junio, de ordenación del territorio, urbanismo y paisaje de la Comunitat Valenciana, en sus redacciones dadas por la Ley 13/2016, Ley 27/2018, Ley 9/2019 y Ley 3/2020, así como la disposición transitoria 20.ª del Decreto Legislativo 1/2021."
2022-07-08,163,1,BOE-A-2022-11315,TRIBUNAL CONSTITUCIONAL,estatal,Resolución judicial,96224,96224,"Cuestión de inconstitucionalidad n.º 3823-2022, en relación con el artículo primero, apartado veintiuno, de la Ley 26/2014, de 27 de noviembre, por la que se modifican la Ley 35/2006, de 28 de noviembre, del Impuesto sobre la Renta de las Personas Físicas, el texto refundido de la Ley del Impuesto sobre la Renta de no Residentes, aprobado por el Real Decreto Legislativo 5/2004, de 5 de marzo, y otras normas tributarias, por posible vulneración del art. 31.1 de la Constitución Española."
2022-07-08,163,1,BOE-A-2022-11316,COMUNIDAD AUTÓNOMA DE LA REGIÓN DE MURCIA,autonómico,Ley,96225,96241,"Ley 2/2022, de 19 de mayo, de simplificación administrativa en materia de medio ambiente, medio natural, investigación e innovación agrícola y medioambiental."
2022-07-08,163,1,BOE-A-2022-11317,COMUNIDAD AUTÓNOMA DE LA REGIÓN DE MURCIA,autonómico,Ley,96242,96254,"Ley 3/2022, de 24 de mayo, por el que se establecen medidas de lucha contra la ocupación de las viviendas en la Región de Murcia y se modifica la Ley 2/2012, de 11 de mayo, y el Decreto Legislativo 1/1999, de 2 de diciembre, por el que se aprueba el texto refundido de la Ley de Hacienda de la Región de Murcia."
2022-07-09,164,1,BOE-A-2022-11392,JEFATURA DEL ESTADO,estatal,Ley,96909,96921,"Ley 14/2022, de 8 de julio, de modificación de la Ley 19/2013, de 9 de diciembre, de transparencia, acceso a la información pública y buen gobierno, con el fin de regular las estadísticas de las microempresas, pequeñas y medianas empresas (PYME) en la contratación pública."
2022-07-09,164,1,BOE-A-2022-11393,MINISTERIO DE HACIENDA Y FUNCIÓN PÚBLICA,estatal,Resolución,96922,96929,"Resolución de 8 de julio de 2022, de la Presidencia del Comisionado para el Mercado de Tabacos, por la que se publican los precios de venta al público de determinadas labores de tabaco en Expendedurías de Tabaco y Timbre del área del Monopolio."
2022-07-12,166,1,BOE-A-2022-11511,MINISTERIO PARA LA TRANSICIÓN ECOLÓGICA Y EL RETO DEMOGRÁFICO,estatal,Real Decreto,97837,97856,"Real Decreto 568/2022, de 11 de julio, por el que se establece el marco general del banco de pruebas regulatorio para el fomento de la investigación y la innovación en el sector eléctrico."
2022-07-12,166,1,BOE-A-2022-11512,TRIBUNAL SUPREMO,estatal,Resolución judicial,97857,97857,"Sentencia de 30 de mayo de 2022, de la Sala Tercera del Tribunal Supremo, que estima parcialmente el recurso contencioso-administrativo interpuesto por la Generalidad de Cataluña contra el Real Decreto 203/2021, de 30 de marzo, por el que se aprueba el Reglamento de actuación y funcionamiento del sector público por medios electrónicos."
2022-07-13,167,1,BOE-A-2022-11588,JEFATURA DEL ESTADO,estatal,Ley Orgánica,98068,98070,"Ley Orgánica 6/2022, de 12 de julio, complementaria de la Ley 15/2022, de 12 de julio, integral para la igualdad de trato y la no discriminación, de modificación de la Ley Orgánica 10/1995, de 23 de noviembre, del Código Penal."
2022-07-13,167,1,BOE-A-2022-11589,JEFATURA DEL ESTADO,estatal,Ley,98071,98109,"Ley 15/2022, de 12 de julio, integral para la igualdad de trato y la no discriminación."
2022-07-14,168,1,BOE-A-2022-11633,"MINISTERIO DE INDUSTRIA, COMERCIO Y TURISMO",estatal,Orden,100017,100020,"Orden ICT/654/2022, de 10 de julio, por la que se crea el Comité Antifraude del Ministerio de Industria, Comercio y Turismo y se determinan su composición y funciones."
2022-07-14,168,1,BOE-A-2022-11634,MINISTERIO PARA LA TRANSICIÓN ECOLÓGICA Y EL RETO DEMOGRÁFICO,estatal,Real Decreto,100021,100026,"Real Decreto 486/2022, de 21 de junio, por el que se modifica el Real Decreto 239/2013, de 5 de abril, por el que se establecen las normas para la aplicación del Reglamento (CE) n.º 1221/2009 del Parlamento Europeo y del Consejo, de 25 de noviembre de 2009, relativo a la participación voluntaria de organizaciones en un sistema comunitario de gestión y auditoría medioambientales (EMAS), y por el que se derogan el Reglamento (CE) n.º 761/2001 y las Decisiones 2001/681/CE y 2006/193/CE de la Comisión."
2022-07-15,169,1,BOE-A-2022-11722,MINISTERIO DEL INTERIOR,estatal,Orden,100561,100562,"Orden INT/661/2022, de 14 de julio, por la que se prorroga la Orden INT/657/2020, de 17 de julio, por la que se modifican los criterios para la aplicación de una restricción temporal de viajes no imprescindibles desde terceros países a la Unión Europea y países asociados Schengen por razones de orden público y salud pública con motivo de la crisis sanitaria ocasionada por la COVID-19."
2022-07-16,170,1,BOE-A-2022-11805,"MINISTERIO DE ASUNTOS EXTERIORES, UNIÓN EUROPEA Y COOPERACIÓN",estatal,Tratado o acuerdo internacional,101121,101135,"Acuerdo suscrito entre el Ministerio de Derechos Sociales y Agenda 2030 del Reino de España y la Organización Internacional para las Migraciones (OIM) para la realización de proyectos en las áreas temáticas de los objetivos de desarrollo sostenible 2030 y migraciones, hecho en Madrid el 30 de junio y 1 de julio de 2022."
2022-07-16,170,1,BOE-A-2022-11806,MINISTERIO DE HACIENDA Y FUNCIÓN PÚBLICA,estatal,Resolución,101136,101139,"Resolución de 15 de julio de 2022, de la Presidencia del Comisionado para el Mercado de Tabacos, por la que se publican los precios de venta al público de determinadas labores de tabaco en Expendedurías de Tabaco y Timbre del área del Monopolio."
2022-07-16,170,1,BOE-A-2022-11807,"MINISTERIO DE AGRICULTURA, PESCA Y ALIMENTACIÓN",estatal,Orden,101140,101182,"Orden APA/664/2022, de 11 de julio, por la que se modifica el Anexo de la Orden APA/289/2021, de 22 de marzo, por la que se establecen las partidas sometidas a control veterinario en frontera a realizar por los servicios de sanidad animal."
2022-07-16,170,1,BOE-A-2022-11808,MINISTERIO DE IGUALDAD,estatal,Orden,101183,101188,"Orden IGD/665/2022, de 11 de julio, por la que se crea la Comisión Ministerial de Administración Digital y se regula su composición y funciones."
2022-07-18,171,1,BOE-A-2022-11836,MINISTERIO PARA LA TRANSICIÓN ECOLÓGICA Y EL RETO DEMOGRÁFICO,estatal,Resolución,101349,101351,"Resolución de 12 de julio de 2022, de la Dirección General de Política Energética y Minas, por la que se publican los nuevos precios de venta, antes de impuestos, de los gases licuados del petróleo por canalización."
2022-07-18,171,1,BOE-A-2022-11837,MINISTERIO PARA LA TRANSICIÓN ECOLÓGICA Y EL RETO DEMOGRÁFICO,estatal,Resolución,101352,101354,"Resolución de 12 de julio de 2022, de la Dirección General de Política Energética y Minas, por la que se publican los nuevos precios máximos de venta, antes de impuestos, de los gases licuados del petróleo envasados, en envases de carga igual o superior a 8 kg, e inferior a 20 kg, excluidos los envases de mezcla para usos de los gases licuados del petróleo como carburante."
2022-07-19,172,1,BOE-A-2022-11960,MINISTERIO PARA LA TRANSICIÓN ECOLÓGICA Y EL RETO DEMOGRÁFICO,estatal,Orden,102401,102403,"Orden TED/674/2022, de 13 de julio, por la que se autoriza un trasvase desde los embalses de Entrepeñas-Buendía, a través del acueducto Tajo-Segura, de 13 hm³ para el mes de julio de 2022."
2022-07-19,172,1,BOE-A-2022-11961,COMUNIDAD AUTÓNOMA DEL PRINCIPADO DE ASTURIAS,autonómico,Ley,102404,102462,"Ley 5/2022, de 29 de junio, de Actividad Física y Deporte."
2022-07-19,172,1,BOE-A-2022-11962,COMUNIDAD AUTÓNOMA DEL PRINCIPADO DE ASTURIAS,autonómico,Ley,102463,102475,"Ley 6/2022, de 29 de junio, del Real Instituto de Estudios Asturianos."
2022-07-20,173,1,BOE-A-2022-12011,CORTES GENERALES,estatal,Resolución,102977,102977,"Resolución de 14 de julio de 2022, del Congreso de los Diputados, por la que se ordena la publicación del Acuerdo de convalidación del Real Decreto-ley 11/2022, de 25 de junio, por el que se adoptan y se prorrogan determinadas medidas para responder a las consecuencias económicas y sociales de la guerra en Ucrania, para hacer frente a situaciones de vulnerabilidad social y económica, y para la recuperación económica y social de la isla de La Palma."
2022-07-20,173,1,BOE-A-2022-12012,CORTES GENERALES,estatal,Resolución,102978,102978,"Resolución de 14 de julio de 2022, del Congreso de los Diputados, por la que se ordena la publicación del Acuerdo de convalidación del Real Decreto-ley 12/2022, de 5 de julio, por el que se modifica la Ley 55/2003, de 16 de diciembre, del Estatuto Marco del personal estatutario de los servicios de salud."
2022-07-20,173,1,BOE-A-2022-12013,"MINISTERIO DE TRANSPORTES, MOVILIDAD Y AGENDA URBANA",estatal,Real Decreto,102979,102985,"Real Decreto 587/2022, de 19 de julio, por el que se modifican diversas normas reglamentarias en materia de seguridad marítima."
2022-07-20,173,1,BOE-A-2022-12014,MINISTERIO DE EDUCACIÓN Y FORMACIÓN PROFESIONAL,estatal,Real Decreto,102986,102997,"Real Decreto 588/2022, de 19 de julio, por el que se establecen las especialidades docentes de los Cuerpos de Profesores y de Catedráticos de Música y Artes Escénicas vinculadas a las enseñanzas de Arte Dramático."
2022-07-20,173,1,BOE-A-2022-12015,"MINISTERIO DE LA PRESIDENCIA, RELACIONES CON LAS CORTES Y MEMORIA DEMOCRÁTICA",estatal,Real Decreto,102998,103025,"Real Decreto 589/2022, de 19 de julio, por el que se regulan la formación transversal de las especialidades en Ciencias de la Salud, el procedimiento y criterios para la propuesta de un nuevo título de especialista en Ciencias de la Salud o diploma de área de capacitación específica, y la revisión de los establecidos, y el acceso y la formación de las áreas de capacitación específica; y se establecen las normas aplicables a las pruebas anuales de acceso a plazas de formación en especialidades en Ciencias de la Salud."
2022-07-20,173,1,BOE-A-2022-12016,"MINISTERIO DE INCLUSIÓN, SEGURIDAD SOCIAL Y MIGRACIONES",estatal,Real Decreto,103026,103044,"Real Decreto 590/2022, de 19 de julio, por el que se regula la concesión directa de subvenciones a determinadas entidades para la financiación del Sistema de Acogida de Protección Internacional."
2022-07-20,173,1,BOE-A-2022-12017,MINISTERIO DE UNIVERSIDADES,estatal,Resolución,103045,103050,"Resolución de 13 de julio de 2022, de la Secretaría General de Universidades, por la que se publica el Acuerdo del Consejo de Ministros de 11 de julio de 2022, por el que se establece el carácter oficial de determinados títulos de Grado y su inscripción en el Registro de Universidades, Centros y Títulos."
2022-07-20,173,1,BOE-A-2022-12018,MINISTERIO DE UNIVERSIDADES,estatal,Resolución,103051,103056,"Resolución de 13 de julio de 2022, de la Secretaría General de Universidades, por la que se publica el Acuerdo del Consejo de Ministros de 11 de julio de 2022, por el que se establece el carácter oficial de determinados títulos de Máster y su inscripción en el Registro de Universidades, Centros y Títulos."
2022-07-20,173,1,BOE-A-2022-12019,MINISTERIO DE UNIVERSIDADES,estatal,Resolución,103057,103058,"Resolución de 13 de julio de 2022, de la Secretaría General de Universidades, por la que se publica el Acuerdo del Consejo de Ministros de 11 de julio de 2022, por el que se establece el carácter oficial de determinados títulos de Doctor o Doctora y su inscripción en el Registro de Universidades, Centros y Títulos."
2022-07-21,174,1,BOE-A-2022-12064,TRIBUNAL CONSTITUCIONAL,estatal,Resolución judicial,103606,103606,"Recurso de inconstitucionalidad n.º 4354-2022, contra los artículos 3.1.u) y w); 6.2.a) y l); 60.i); 111; 122.2; 123.3.h) y m); 135.1.d) y f) y 3; 142.4; 169.3; 171.1.b) de la Ley 1/2022, de 8 de marzo, de educación de las Illes Balears."
2022-07-21,174,1,BOE-A-2022-12065,"MINISTERIO DE ASUNTOS EXTERIORES, UNIÓN EUROPEA Y COOPERACIÓN",estatal,Tratado o acuerdo internacional,103607,103614,"Canje de Cartas entre el Reino de España y el Organismo Internacional de Energía Atómica (OIEA) para la celebración del Taller Internacional sobre la Integración de Aplicaciones de Seguridad Física Nuclear en Grandes Zonas Urbanas del 22 al 25 de noviembre de 2022, hecho en Viena el 5 de abril y 13 de junio de 2022."
2022-07-21,174,1,BOE-A-2022-12066,MINISTERIO DE EDUCACIÓN Y FORMACIÓN PROFESIONAL,estatal,Orden,103615,103772,"Orden EFP/678/2022, de 15 de julio, por la que se establece el currículo y se regula la ordenación de la Educación Primaria."
2022-07-21,174,1,BOE-A-2022-12067,"MINISTERIO DE LA PRESIDENCIA, RELACIONES CON LAS CORTES Y MEMORIA DEMOCRÁTICA",estatal,Orden,103773,103794,"Orden PCM/679/2022, de 19 de julio, por la que se establece el modelo y las normas reguladoras del expediente de aptitud psicofísica del personal de la Guardia Civil."
2022-07-21,174,1,BOE-A-2022-12068,"MINISTERIO DE INCLUSIÓN, SEGURIDAD SOCIAL Y MIGRACIONES",estatal,Orden,103795,103818,"Orden ISM/680/2022, de 19 de julio, por la que se desarrolla la gestión del sistema de acogida de protección internacional mediante acción concertada."
2022-07-22,175,1,BOE-A-2022-12159,TRIBUNAL CONSTITUCIONAL,estatal,Resolución judicial,105166,105166,"Recurso de inconstitucionalidad n.º 2238-2022, en relación con el inciso ""este mismo precepto se aplicará a los efectos de la exigencia de vacunación"" del artículo 14.3 de la Ley del País Vasco 2/2021, de 24 de junio, de medidas para la gestión de la pandemia de COVID-19."
2022-07-22,175,1,BOE-A-2022-12160,"MINISTERIO DE ASUNTOS EXTERIORES, UNIÓN EUROPEA Y COOPERACIÓN",estatal,Otras,105167,105167,"Suspensión de la aplicación del Canje de Cartas entre el Reino de España y la República Bolivariana de Venezuela constitutivo del Acuerdo sobre el reconocimiento recíproco y el canje de los permisos de conducción nacionales, hecho en Caracas el 16 de mayo de 2005."
2022-07-23,176,1,BOE-A-2022-12255,MINISTERIO DE HACIENDA Y FUNCIÓN PÚBLICA,estatal,Resolución,105434,105437,"Resolución de 22 de julio de 2022, de la Presidencia del Comisionado para el Mercado de Tabacos, por la que se publican los precios de venta al público de determinadas labores de tabaco en Expendedurías de Tabaco y Timbre del área del Monopolio."
2022-07-23,176,1,BOE-A-2022-12256,MINISTERIO DE EDUCACIÓN Y FORMACIÓN PROFESIONAL,estatal,Corrección,105438,105438,"Corrección de errores de la Orden EFP/678/2022, de 15 de julio, por la que se establece el currículo y se regula la ordenación de la Educación Primaria en el ámbito de gestión del Ministerio de Educación y Formación Profesional."
2022-07-25,177,1,BOE-A-2022-12289,COMUNIDAD AUTÓNOMA DE CASTILLA-LA MANCHA,autonómico,Ley,105607,105609,"Ley 3/2022, de 18 de marzo, por la que se modifica parcialmente el texto refundido de la Ley de Hacienda de Castilla-La Mancha, aprobado por el Decreto Legislativo 1/2002, de 19 de noviembre."
2022-07-25,177,1,BOE-A-2022-12290,COMUNIDAD AUTÓNOMA DE CASTILLA-LA MANCHA,autonómico,Ley,105610,105611,"Ley 4/2022, de 22 de abril, por la que se suspende la aplicación del canon medioambiental del agua previsto en la Ley 2/2022, de 18 de febrero, de Aguas de la Comunidad Autónoma de Castilla-La Mancha."
2022-07-25,177,1,BOE-A-2022-12291,COMUNIDAD AUTÓNOMA DE CASTILLA-LA MANCHA,autonómico,Ley,105612,105652,"Ley 5/2022, de 6 de mayo, de Diversidad Sexual y Derechos LGTBI en Castilla-La Mancha."
2022-07-26,178,1,BOE-A-2022-12385,"MINISTERIO DE ASUNTOS EXTERIORES, UNIÓN EUROPEA Y COOPERACIÓN",estatal,Tratado o acuerdo internacional,106795,106795,"Entrada en vigor del Acuerdo entre el Gobierno del Reino de España y el Gobierno de la República de Sudáfrica sobre supresión del requisito de visado a los titulares de pasaportes diplomáticos, hecho en Pretoria el 22 de febrero de 2013."
2022-07-26,178,1,BOE-A-2022-12386,COMUNIDAD AUTÓNOMA DE CANTABRIA,autonómico,Ley,106796,106838,"Ley 3/2022, de 14 de junio, de Entidades Locales Menores."
2022-07-26,178,1,BOE-A-2022-12387,COMUNIDAD AUTÓNOMA DE CANTABRIA,autonómico,Ley,106839,106871,"Ley 4/2022, de 24 de junio, de Regulación del Juego de Cantabria."
2022-07-27,179,1,BOE-A-2022-12481,JEFATURA DEL ESTADO,estatal,Otras,107414,107436,"Instrumento de ratificación del Acuerdo de asociación sobre relaciones y cooperación entre la Unión Europea y sus Estados miembros, por una parte, y Nueva Zelanda, por otra, hecho en Bruselas el 5 de octubre de 2016."
2022-07-27,179,1,BOE-A-2022-12482,JEFATURA DEL ESTADO,estatal,Real Decreto-ley,107437,107500,"Real Decreto-ley 13/2022, de 26 de julio, por el que se establece un nuevo sistema de cotización para los trabajadores por cuenta propia o autónomos y se mejora la protección por cese de actividad."
2022-07-27,179,1,BOE-A-2022-12483,"MINISTERIO DE ASUNTOS EXTERIORES, UNIÓN EUROPEA Y COOPERACIÓN",estatal,Tratado o acuerdo internacional,107501,107511,"Enmiendas al artículo 18 y a los Anexos 1 y 6 del Convenio Aduanero relativo al Transporte Internacional de Mercancías al amparo de los Cuadernos TIR, adoptadas en Ginebra el 11 de febrero de 2021."
2022-07-27,179,1,BOE-A-2022-12484,"MINISTERIO DE ASUNTOS EXTERIORES, UNIÓN EUROPEA Y COOPERACIÓN",estatal,Corrección,107512,107512,Corrección de errores a las Enmiendas adoptadas en Ginebra el 11 de octubre de 2019 y el 16 de octubre de 2020 a los anejos del Acuerdo sobre transportes internacionales de mercancías perecederas y sobre las unidades especiales utilizadas en estos transportes (ATP) hecho en Ginebra el 1 de septiembre de 1970. Texto consolidado del Acuerdo ATP.
2022-07-27,179,1,BOE-A-2022-12485,"MINISTERIO DE ASUNTOS EXTERIORES, UNIÓN EUROPEA Y COOPERACIÓN",estatal,Resolución,107513,107593,"Resolución de 19 de julio de 2022, de la Secretaría General Técnica, sobre aplicación del artículo 24.2 de la Ley 25/2014, de 27 de noviembre, de Tratados y otros Acuerdos Internacionales."
2022-07-27,179,1,BOE-A-2022-12486,MINISTERIO DE HACIENDA Y FUNCIÓN PÚBLICA,estatal,Real Decreto,107594,107602,"Real Decreto 611/2022, de 26 de julio, por el que se modifica el Real Decreto 682/2021, de 3 de agosto, por el que se desarrolla la estructura orgánica básica del Ministerio de Hacienda y Función Pública y se modifica el Real Decreto 139/2020, de 28 de enero, por el que se establece la estructura orgánica básica de los departamentos ministeriales."
2022-07-27,179,1,BOE-A-2022-12487,MINISTERIO DE HACIENDA Y FUNCIÓN PÚBLICA,estatal,Real Decreto,107603,107607,"Real Decreto 612/2022, de 26 de julio, por el que se modifica el Real Decreto 495/2020, de 28 de abril, por el que se desarrolla la estructura orgánica básica del Ministerio de Consumo y se modifica el Real Decreto 139/2020, de 28 de enero, por el que se establece la estructura orgánica básica de los departamentos ministeriales."
2022-07-27,179,1,BOE-A-2022-12488,MINISTERIO DE HACIENDA Y FUNCIÓN PÚBLICA,estatal,Real Decreto,107608,107611,"Real Decreto 613/2022, de 26 de julio, por el que se modifica el Real Decreto 161/2008, de 8 de febrero, por el que se delimita la zona de promoción económica de la Comunidad Autónoma de Galicia."
2022-07-27,179,1,BOE-A-2022-12489,MINISTERIO DE HACIENDA Y FUNCIÓN PÚBLICA,estatal,Real Decreto,107612,107615,"Real Decreto 614/2022, de 26 de julio, por el que se modifica el Real Decreto 162/2008, de 8 de febrero, por el que se delimita la zona de promoción económica de Andalucía."
2022-07-27,179,1,BOE-A-2022-12490,MINISTERIO DE HACIENDA Y FUNCIÓN PÚBLICA,estatal,Real Decreto,107616,107619,"Real Decreto 615/2022, de 26 de julio, por el que se modifica el Real Decreto 163/2008, de 8 de febrero, por el que se delimita la zona de promoción económica del Principado de Asturias."
2022-07-27,179,1,BOE-A-2022-12491,MINISTERIO DE HACIENDA Y FUNCIÓN PÚBLICA,estatal,Real Decreto,107620,107623,"Real Decreto 616/2022, de 26 de julio, por el que se modifica el Real Decreto 164/2008, de 8 de febrero, por el que se delimita la zona de promoción económica de la Comunidad Autónoma de Cantabria."
2022-07-27,179,1,BOE-A-2022-12492,MINISTERIO DE HACIENDA Y FUNCIÓN PÚBLICA,estatal,Real Decreto,107624,107627,"Real Decreto 617/2022, de 26 de julio, por el que se modifica el Real Decreto 165/2008, de 8 de febrero, por el que se delimita la zona de promoción económica de la Comunidad Autónoma de la Región de Murcia."
2022-07-27,179,1,BOE-A-2022-12493,MINISTERIO DE HACIENDA Y FUNCIÓN PÚBLICA,estatal,Real Decreto,107628,107641,"Real Decreto 618/2022, de 26 de julio, por el que se modifica el Real Decreto 166/2008, de 8 de febrero, por el que se delimita la zona de promoción económica de la Comunitat Valenciana."
2022-07-27,179,1,BOE-A-2022-12494,MINISTERIO DE HACIENDA Y FUNCIÓN PÚBLICA,estatal,Real Decreto,107642,107645,"Real Decreto 619/2022, de 26 de julio, por el que se modifica el Real Decreto 167/2008, de 8 de febrero, por el que se delimita la zona de promoción económica de Aragón."
2022-07-27,179,1,BOE-A-2022-12495,MINISTERIO DE HACIENDA Y FUNCIÓN PÚBLICA,estatal,Real Decreto,107646,107649,"Real Decreto 620/2022, de 26 de julio, por el que se modifica el Real Decreto 168/2008, de 8 de febrero, por el que se delimita la zona de promoción económica de la Comunidad Autónoma de Castilla-La Mancha."
2022-07-27,179,1,BOE-A-2022-12496,MINISTERIO DE HACIENDA Y FUNCIÓN PÚBLICA,estatal,Real Decreto,107650,107655,"Real Decreto 621/2022, de 26 de julio, por el que se modifica el Real Decreto 318/2015, de 24 de abril, por el que se delimita la zona de promoción económica de la Comunidad Autónoma de las Illes Balears."
2022-07-27,179,1,BOE-A-2022-12497,MINISTERIO DE HACIENDA Y FUNCIÓN PÚBLICA,estatal,Real Decreto,107656,107660,"Real Decreto 622/2022, de 26 de julio, por el que se modifica el Real Decreto 169/2008, de 8 de febrero, por el que se delimita la zona de promoción económica de Canarias."
2022-07-27,179,1,BOE-A-2022-12498,MINISTERIO DE HACIENDA Y FUNCIÓN PÚBLICA,estatal,Real Decreto,107661,107664,"Real Decreto 623/2022, de 26 de julio, por el que se modifica el Real Decreto 170/2008, de 8 de febrero, por el que se delimita la zona de promoción económica de la Comunidad Autónoma de Extremadura."
2022-07-27,179,1,BOE-A-2022-12499,MINISTERIO DE HACIENDA Y FUNCIÓN PÚBLICA,estatal,Real Decreto,107665,107669,"Real Decreto 624/2022, de 26 de julio, por el que se modifica el Real Decreto 317/2015, de 24 de abril, por el que se delimita la zona de promoción económica de la Comunidad Autónoma de La Rioja."
2022-07-27,179,1,BOE-A-2022-12500,MINISTERIO DE HACIENDA Y FUNCIÓN PÚBLICA,estatal,Real Decreto,107670,107673,"Real Decreto 625/2022, de 26 de julio, por el que se modifica el Real Decreto 171/2008, de 8 de febrero, por el que se delimita la zona de promoción económica de la Comunidad de Castilla y León."
2022-07-27,179,1,BOE-A-2022-12501,MINISTERIO DE HACIENDA Y FUNCIÓN PÚBLICA,estatal,Real Decreto,107674,107676,"Real Decreto 626/2022, de 26 de julio, por el que se modifica el Real Decreto 173/2008, de 8 de febrero, por el que se delimita la zona de promoción económica de la ciudad de Melilla."
2022-07-27,179,1,BOE-A-2022-12502,MINISTERIO DE HACIENDA Y FUNCIÓN PÚBLICA,estatal,Real Decreto,107677,107680,"Real Decreto 627/2022, de 26 de julio, por el que se modifica el Real Decreto 172/2008, de 8 de febrero, por el que se delimita la zona de promoción económica de la ciudad de Ceuta."
2022-07-27,179,1,BOE-A-2022-12503,MINISTERIO DE EDUCACIÓN Y FORMACIÓN PROFESIONAL,estatal,Real Decreto,107681,107696,"Real Decreto 628/2022, de 26 de julio, por el que se modifican varios reales decretos para la aplicación de la Ley Orgánica 3/2020, de 29 de diciembre, por la que se modifica la Ley Orgánica 2/2006, de 3 de mayo, de Educación, a las enseñanzas artísticas y las enseñanzas deportivas, y la adecuación de determinados aspectos de la ordenación general de dichas enseñanzas."
2022-07-27,179,1,BOE-A-2022-12504,"MINISTERIO DE LA PRESIDENCIA, RELACIONES CON LAS CORTES Y MEMORIA DEMOCRÁTICA",estatal,Real Decreto,107697,107715,"Real Decreto 629/2022, de 26 de julio, por el que se modifica el Reglamento de la Ley Orgánica 4/2000, sobre derechos y libertades de los extranjeros en España y su integración social, tras su reforma por Ley Orgánica 2/2009, aprobado por el Real Decreto 557/2011, de 20 de abril."
2022-07-27,179,1,BOE-A-2022-12505,MINISTERIO DE CULTURA Y DEPORTE,estatal,Real Decreto,107716,107726,"Real Decreto 630/2022, de 26 de julio, por el que se regula la concesión directa de subvenciones a diversas instituciones para el desarrollo de proyectos culturales."
2022-07-27,179,1,BOE-A-2022-12506,MINISTERIO DE CIENCIA E INNOVACIÓN,estatal,Real Decreto,107727,107738,"Real Decreto 633/2022, de 26 de julio, por el que se regula la concesión directa de subvenciones a las comunidades autónomas para financiar su incorporación a programas de los Planes Complementarios de I+D+I, que forman parte del componente 17 del Plan de Recuperación, Transformación y Resiliencia, denominado ""Reforma institucional y fortalecimiento de las capacidades del Sistema Nacional de Ciencia, Tecnología e Innovación""."
2022-07-27,179,1,BOE-A-2022-12507,MINISTERIO DE IGUALDAD,estatal,Real Decreto,107739,107761,"Real Decreto 634/2022, de 26 de julio, por el que se regula la concesión directa de subvenciones del Ministerio de Igualdad a diversas entidades para la inserción sociolaboral de mujeres y niñas víctimas de trata, de explotación sexual y mujeres en contextos de prostitución, en el marco del Plan de Recuperación, Transformación y Resiliencia."
2022-07-27,179,1,BOE-A-2022-12508,"MINISTERIO DE INCLUSIÓN, SEGURIDAD SOCIAL Y MIGRACIONES",estatal,Real Decreto,107762,107766,"Real Decreto 635/2022, de 26 de julio, por el que se regulan la organización y funciones del Consejo consultivo del ingreso mínimo vital."
2022-07-27,179,1,BOE-A-2022-12509,"MINISTERIO DE INCLUSIÓN, SEGURIDAD SOCIAL Y MIGRACIONES",estatal,Real Decreto,107767,107784,"Real Decreto 636/2022, de 26 de julio, por el que se regula el Sello de Inclusión Social."
2022-07-27,179,1,BOE-A-2022-12510,COMUNIDAD AUTÓNOMA DE CATALUÑA,autonómico,Decreto-ley,107785,107788,"Decreto-ley 6/2022, de 30 de mayo, por el que se fijan los criterios aplicables a la elaboración, la aprobación, la validación y la revisión de los proyectos lingüísticos de los centros educativos."
2022-07-27,179,1,BOE-A-2022-12511,COMUNIDAD AUTÓNOMA DE CATALUÑA,autonómico,Decreto-ley,107789,107790,"Decreto-ley 7/2022, de 14 de junio, de modificación del Decreto-ley 10/2019, de 28 de mayo, del procedimiento de integración de centros educativos a la red de titularidad de la Generalitat."
2022-07-27,179,1,BOE-A-2022-12512,COMUNIDAD AUTÓNOMA DE CATALUÑA,autonómico,Corrección,107791,107792,"Corrección de errores del Decreto-ley 5/2022, de 17 de mayo, de medidas urgentes para contribuir a paliar los efectos del conflicto bélico de Ucrania en Cataluña y de actualización de determinadas medidas adoptadas durante la pandemia de la COVID-19."
2022-07-28,180,1,BOE-A-2022-12578,JEFATURA DEL ESTADO,estatal,Ley Orgánica,108255,108270,"Ley Orgánica 7/2022, de 27 de julio, de modificación de la Ley Orgánica 6/1985, de 1 de julio, del Poder Judicial, en materia de Juzgados de lo Mercantil."
2022-07-28,180,1,BOE-A-2022-12579,JEFATURA DEL ESTADO,estatal,Ley Orgánica,108271,108272,"Ley Orgánica 8/2022, de 27 de julio, de modificación de los artículos 570 bis y 599 de la Ley Orgánica 6/1985, de 1 de julio, del Poder Judicial."
2022-07-28,180,1,BOE-A-2022-12580,"MINISTERIO DE ASUNTOS EXTERIORES, UNIÓN EUROPEA Y COOPERACIÓN",estatal,Tratado o acuerdo internacional,108273,108273,"Entrada en vigor del Acuerdo relativo a los controles de exportación en el ámbito de defensa, hecho en París el 17 de septiembre de 2021."
2022-07-28,180,1,BOE-A-2022-12581,"MINISTERIO DE ASUNTOS EXTERIORES, UNIÓN EUROPEA Y COOPERACIÓN",estatal,Otras,108274,108274,"Denuncia del Acuerdo para la promoción y protección recíproca de inversiones entre el Reino de España y la República del Ecuador, hecho en Quito el 26 de junio de 1996."
2022-07-28,180,1,BOE-A-2022-12582,MINISTERIO DE DEFENSA,estatal,Orden,108275,108289,"Orden DEF/711/2022, de 18 de julio, por la que se establecen las normas de evaluación, progreso y permanencia en los centros docentes militares de formación para la incorporación a las escalas de las Fuerzas Armadas."
2022-07-28,180,1,BOE-A-2022-12583,MINISTERIO DE DEFENSA,estatal,Orden,108290,108317,"Orden DEF/712/2022, de 18 de julio, por la que se aprueba el currículo de la enseñanza de formación para el acceso a la escala de tropa del Cuerpo General del Ejército de Tierra."
2022-07-28,180,1,BOE-A-2022-12584,MINISTERIO DE DEFENSA,estatal,Orden,108318,108340,"Orden DEF/713/2022, de 18 de julio, por la que se aprueba el currículo de la enseñanza de formación para el acceso a la escala de tropa del Cuerpo General del Ejército del Aire y del Espacio."
2022-07-28,180,1,BOE-A-2022-12585,"MINISTERIO DE LA PRESIDENCIA, RELACIONES CON LAS CORTES Y MEMORIA DEMOCRÁTICA",estatal,Orden,108341,108342,"Orden PCM/714/2022, de 23 de julio, por la que se publica el Acuerdo del Consejo de Seguridad Nacional de 21 de junio de 2022, por el que se modifica el de 1 de diciembre de 2017, por el que se regula el Comité de Situación."
2022-07-28,180,1,BOE-A-2022-12586,MINISTERIO DE POLÍTICA TERRITORIAL,estatal,Orden,108343,108347,"Orden TER/715/2022, de 22 de julio, por la que se crea y regula la Comisión Ministerial de Administración Digital del Ministerio de Política Territorial."
2022-07-28,180,1,BOE-A-2022-12587,COMUNIDAD AUTÓNOMA DEL PAÍS VASCO,autonómico,Ley,108348,108381,"Ley 5/2022, de 23 de junio, de Gestión Documental Integral y Patrimonio Documental de la Comunidad Autónoma del País Vasco."
2022-07-28,180,1,BOE-A-2022-12588,COMUNIDAD AUTÓNOMA DEL PAÍS VASCO,autonómico,Ley,108382,108400,"Ley 6/2022, de 30 de junio, del Procedimiento de Elaboración de las Disposiciones de Carácter General."
2022-07-28,180,1,BOE-A-2022-12589,COMUNIDAD AUTÓNOMA DEL PAÍS VASCO,autonómico,Ley,108401,108424,"Ley 7/2022, de 30 de junio, de Desarrollo Rural."
2022-07-29,181,1,BOE-A-2022-12644,JEFATURA DEL ESTADO,estatal,Ley Orgánica,108772,108799,"Ley Orgánica 9/2022, de 28 de julio, por la que se establecen normas que faciliten el uso de información financiera y de otro tipo para la prevención, detección, investigación o enjuiciamiento de infracciones penales, de modificación de la Ley Orgánica 8/1980, de 22 de septiembre, de Financiación de las Comunidades Autónomas y otras disposiciones conexas y de modificación de la Ley Orgánica 10/1995, de 23 de noviembre, del Código Penal."
2022-07-29,181,1,BOE-A-2022-12645,"MINISTERIO DE ASUNTOS EXTERIORES, UNIÓN EUROPEA Y COOPERACIÓN",estatal,Tratado o acuerdo internacional,108800,109262,"Enmiendas de 2019 al Código internacional sobre el programa mejorado de inspecciones durante los reconocimientos de graneleros y petroleros, 2011 (Código ESP 2011), adoptadas en Londres el 13 de junio de 2019 mediante la Resolución MSC.461(101)."
2022-07-29,181,1,BOE-A-2022-12646,MINISTERIO DE HACIENDA Y FUNCIÓN PÚBLICA,estatal,Resolución,109263,109264,"Resolución de 21 de julio de 2022, de la Secretaría General de Financiación Autonómica y Local, por la que se da cumplimiento al artículo 41.1.a) del Real Decreto-ley 17/2014, de 26 de diciembre, de medidas de sostenibilidad financiera de las comunidades autónomas y entidades locales y otras de carácter económico."
2022-07-29,181,1,BOE-A-2022-12647,MINISTERIO PARA LA TRANSICIÓN ECOLÓGICA Y EL RETO DEMOGRÁFICO,estatal,Orden,109265,109268,"Orden TED/724/2022, de 27 de julio, por la que se amplía el plazo durante el cual los gestores de las redes de transporte y distribución de energía eléctrica podrán expedir notificaciones operacionales limitadas de acuerdo con lo previsto en la disposición transitoria primera del Real Decreto 647/2020, de 7 de julio, y por la que se modifica el anexo IV de dicho real decreto."
2022-07-29,181,1,BOE-A-2022-12648,MINISTERIO PARA LA TRANSICIÓN ECOLÓGICA Y EL RETO DEMOGRÁFICO,estatal,Orden,109269,109272,"Orden TED/725/2022, de 27 de julio, por la que se completa la liberación de existencias mínimas de seguridad de productos petrolíferos en el marco de la segunda acción coordinada de la Agencia Internacional de la Energía como respuesta a la guerra de Ucrania."
2022-07-29,181,1,BOE-A-2022-12649,MINISTERIO PARA LA TRANSICIÓN ECOLÓGICA Y EL RETO DEMOGRÁFICO,estatal,Resolución,109273,109274,"Resolución de 20 de julio de 2022, de la Dirección General de Política Energética y Minas, por la que se aprueban los precios de referencia para calcular el valor de la extracción de gas, petróleo y condensados correspondientes al primer semestre del año 2022."
2022-07-29,181,1,BOE-A-2022-12650,MINISTERIO DE UNIVERSIDADES,estatal,Orden,109275,109278,"Orden UNI/726/2022, de 19 de julio, por la que se crea y regula el Comité de Riesgos de Fraude del Ministerio de Universidades en relación con el Plan de Medidas Antifraude para la gestión de los fondos Next Generation UE."
2022-07-30,182,1,BOE-A-2022-12756,MINISTERIO DE JUSTICIA,estatal,Orden,110232,110238,"Orden JUS/735/2022, de 27 de julio, por la que se establece la elevación a categoría de magistrado o magistrada de los Juzgados de Primera Instancia e Instrucción de los partidos judiciales de Puerto del Rosario (Las Palmas), Navalcarnero (Madrid) y San Javier (Murcia)."
2022-07-30,182,1,BOE-A-2022-12757,MINISTERIO DE HACIENDA Y FUNCIÓN PÚBLICA,estatal,Resolución,110239,110243,"Resolución de 29 de julio de 2022, de la Presidencia del Comisionado para el Mercado de Tabacos, por la que se publican los precios de venta al público de determinadas labores de tabaco en Expendedurías de Tabaco y Timbre del área del Monopolio."
2022-08-01,183,1,BOE-A-2022-12799,PRESIDENCIA DEL GOBIERNO,estatal,Real Decreto,110312,110323,"Real Decreto 662/2022, de 29 de julio, por el que se reestructura la Presidencia del Gobierno."
2022-08-02,184,1,BOE-A-2022-12925,JEFATURA DEL ESTADO,estatal,Real Decreto-ley,111381,111463,"Real Decreto-ley 14/2022, de 1 de agosto, de medidas de sostenibilidad económica en el ámbito del transporte, en materia de becas y ayudas al estudio, así como de medidas de ahorro, eficiencia energética y de reducción de la dependencia energética del gas natural."
2022-08-02,184,1,BOE-A-2022-12926,JEFATURA DEL ESTADO,estatal,Real Decreto-ley,111464,111477,"Real Decreto-ley 15/2022, de 1 de agosto, por el que se adoptan medidas urgentes en materia de incendios forestales."
2022-08-02,184,1,BOE-A-2022-12927,MINISTERIO DE HACIENDA Y FUNCIÓN PÚBLICA,estatal,Real Decreto,111478,111497,"Real Decreto 663/2022, de 1 de agosto, por el que se aprueban los Estatutos del Organismo Autónomo Parque Móvil del Estado, O.A."
2022-08-02,184,1,BOE-A-2022-12928,"MINISTERIO DE AGRICULTURA, PESCA Y ALIMENTACIÓN",estatal,Real Decreto,111498,111504,"Real Decreto 664/2022, de 1 de agosto, por el que se modifica el Real Decreto 1338/2018, de 29 de octubre, por el que se regula el potencial de producción vitícola."
2022-08-02,184,1,BOE-A-2022-12929,"MINISTERIO DE LA PRESIDENCIA, RELACIONES CON LAS CORTES Y MEMORIA DEMOCRÁTICA",estatal,Real Decreto,111505,111512,"Real Decreto 665/2022, de 1 de agosto, por el que se crea y regula la Comisión Nacional para la conmemoración del Bicentenario de la Policía Nacional."
2022-08-02,184,1,BOE-A-2022-12930,"MINISTERIO DE LA PRESIDENCIA, RELACIONES CON LAS CORTES Y MEMORIA DEMOCRÁTICA",estatal,Real Decreto,111513,111529,"Real Decreto 666/2022, de 1 de agosto, por el que se aprueban los Estatutos del Centro Universitario de Formación de la Policía Nacional, O.A."
2022-08-02,184,1,BOE-A-2022-12931,"MINISTERIO DE LA PRESIDENCIA, RELACIONES CON LAS CORTES Y MEMORIA DEMOCRÁTICA",estatal,Orden,111530,111534,"Orden PCM/742/2022, de 31 de julio, por la que se crea el órgano interadministrativo encargado de la ejecución del programa de apoyo a la celebración del acontecimiento de excepcional interés público «Año de Investigación Santiago Ramón y Cajal 2022»."
2022-08-02,184,1,BOE-A-2022-12932,MINISTERIO PARA LA TRANSICIÓN ECOLÓGICA Y EL RETO DEMOGRÁFICO,estatal,Real Decreto,111535,111552,"Real Decreto 668/2022, de 1 de agosto, por el que se modifica el Reglamento General de Costas, aprobado por Real Decreto 876/2014, de 10 de octubre."
2022-08-02,184,1,BOE-A-2022-12933,MINISTERIO DE CULTURA Y DEPORTE,estatal,Real Decreto,111553,111575,"Real Decreto 669/2022, de 1 de agosto, por el que se regula la concesión directa de una subvención a la Fundación Germán Sánchez Ruipérez, en el marco del Plan de Recuperación, Transformación y Resiliencia, para la ejecución del Programa de formación de los agentes de la cadena del libro para la recuperación y transformación a través de la innovación y la excelencia profesional (Programa PARIX)."
2022-08-02,184,1,BOE-A-2022-12934,MINISTERIO DE ASUNTOS ECONÓMICOS Y TRANSFORMACIÓN DIGITAL,estatal,Orden,111576,111578,"Orden ETD/743/2022, de 26 de julio, por la que se modifica la Orden ETD/465/2021, de 6 de mayo, por la que se regulan los métodos de identificación remota por vídeo para la expedición de certificados electrónicos cualificados."
2022-08-02,184,1,BOE-A-2022-12935,MINISTERIO DE DERECHOS SOCIALES Y AGENDA 2030,estatal,Real Decreto,111579,111631,"Real Decreto 670/2022, de 1 de agosto, por el que se regula la concesión directa de subvenciones a diversas entidades para la realización de proyectos de innovación tecnológica, investigación y divulgación científica en materia de accesibilidad universal, así como para la creación de un centro español de accesibilidad cognitiva y un centro piloto sobre trastorno del espectro del autismo, en el marco del Plan de Recuperación, Transformación y Resiliencia."
2022-08-02,184,1,BOE-A-2022-12936,MINISTERIO DE IGUALDAD,estatal,Real Decreto,111632,111642,"Real Decreto 671/2022, de 1 de agosto, por el que se regula la concesión directa de una subvención a la Fundación ANAR para desarrollar actuaciones en materia de prevención integral de la violencia contra las niñas, niños y adolescentes víctimas de violencia de género y otras formas de violencia contra las mujeres."
2022-08-02,184,1,BOE-A-2022-12937,"MINISTERIO DE INCLUSIÓN, SEGURIDAD SOCIAL Y MIGRACIONES",estatal,Real Decreto,111643,111653,"Real decreto 672/2022, de 1 de agosto, por el que se regula la concesión directa de subvenciones a las comunidades autónomas para promover y fomentar una mejor atención de las necesidades básicas de las personas beneficiarias del régimen de protección temporal afectadas por el conflicto en Ucrania que carezcan de recursos económicos suficientes."
2022-08-02,184,1,BOE-A-2022-12938,"MINISTERIO DE INCLUSIÓN, SEGURIDAD SOCIAL Y MIGRACIONES",estatal,Real Decreto,111654,111664,"Real decreto 673/2022, de 1 de agosto, por el que se regula la concesión directa de subvenciones a las comunidades autónomas para financiar la prestación de una ayuda económica directa a las personas beneficiarias del régimen de protección temporal afectadas por el conflicto en Ucrania que carezcan de recursos económicos suficientes."
2022-08-02,184,1,BOE-A-2022-12939,COMUNIDAD FORAL DE NAVARRA,autonómico,Ley,111665,111682,"Ley Foral 19/2022, de 1 de julio, de medidas para la realización de los procesos de estabilización derivados de la Ley 20/2021, de 28 de diciembre, de medidas urgentes para la reducción de la temporalidad en el empleo público, en las Administraciones Públicas de Navarra."
2022-08-02,184,1,BOE-A-2022-12940,COMUNIDAD FORAL DE NAVARRA,autonómico,Ley,111683,111710,"Ley Foral 20/2022, de 1 de julio, para el fomento de un parque de vivienda protegida y asequible en la Comunidad Foral de Navarra."
2022-08-02,184,1,BOE-A-2022-12941,COMUNIDAD FORAL DE NAVARRA,autonómico,Ley,111711,111720,"Ley Foral 21/2022, de 1 de julio, por la que se modifica la Ley Foral 16/2006, de 14 de diciembre, del Juego."
2022-08-02,184,1,BOE-A-2022-12942,COMUNIDAD FORAL DE NAVARRA,autonómico,Ley,111721,111725,"Ley Foral 22/2022, de 1 de julio, para la modificación de la Ley Foral 16/2019, de 26 de marzo, de reconocimiento y reparación de las víctimas por actos de motivación política provocados por grupos de extrema derecha o funcionarios públicos."
2022-08-02,184,1,BOE-A-2022-12943,COMUNIDAD FORAL DE NAVARRA,autonómico,Ley,111726,111730,"Ley Foral 23/2022, de 1 de julio, reguladora del canon de uso de las carreteras de Navarra."
2022-08-02,184,1,BOE-A-2022-12944,COMUNIDAD FORAL DE NAVARRA,autonómico,Ley,111731,111744,"Ley Foral 24/2022, de 5 de julio, de reconocimiento de las víctimas de abusos sexuales cometidos en el seno de la Iglesia católica de Navarra."
2022-08-03,185,1,BOE-A-2022-13066,"MINISTERIO DE ASUNTOS EXTERIORES, UNIÓN EUROPEA Y COOPERACIÓN",estatal,Tratado o acuerdo internacional,112838,112857,Estatutos de la Infraestructura de Investigación sobre Recursos Microbianos-Consorcio de Infraestructuras de Investigación Europeas (MIRRI-ERIC).
2022-08-03,185,1,BOE-A-2022-13067,COMUNIDAD AUTÓNOMA DE LA RIOJA,autonómico,Ley,112858,112879,"Ley 9/2022, de 20 de julio, sobre economía social y solidaria de La Rioja."
2022-08-03,185,1,BOE-A-2022-13068,COMUNIDAD AUTÓNOMA DE LA RIOJA,autonómico,Ley,112880,112881,"Ley 10/2022, de 20 de julio, por la que se establece la modificación de la Ley 6/2002, de 18 de octubre, de Tasas y Precios Públicos de la Comunidad Autónoma de La Rioja."
2022-08-03,185,1,BOE-A-2022-13069,COMUNIDAD AUTÓNOMA DE LA REGIÓN DE MURCIA,autonómico,Ley,112882,112901,"Ley 4/2022, de 16 de junio, de mecenazgo de la Región de Murcia y de modificación del Decreto Legislativo 1/2010, de 5 de noviembre, por el que se aprueba el texto refundido de las disposiciones legales vigentes en la Región de Murcia en materia de tributos cedidos."
2022-08-03,185,1,BOE-A-2022-13070,COMUNIDAD AUTÓNOMA DE LA REGIÓN DE MURCIA,autonómico,Ley,112902,112904,"Ley 5/2022, de 14 de julio, de modificación de la Ley 1/2022, de 24 de enero, de Presupuestos Generales de la Comunidad Autónoma de la Región de Murcia para el ejercicio 2022."
2022-08-03,185,1,BOE-A-2022-13071,COMUNIDAD DE MADRID,autonómico,Ley,112905,112909,"Ley 5/2022, de 9 de junio, por la que se modifica la Ley 20/1998, de 27 de noviembre, de Ordenación y Coordinación de los Transportes Urbanos de la Comunidad de Madrid."
2022-08-04,186,1,BOE-A-2022-13107,MINISTERIO DE DEFENSA,estatal,Orden,113685,113685,"Orden DEF/750/2022, de 28 de julio, que modifica la Orden DEF/1445/2004, de 16 de mayo, por la que se establece el procedimiento para que los españoles puedan solicitar y realizar el juramento o promesa ante la Bandera de España."
2022-08-04,186,1,BOE-A-2022-13108,MINISTERIO DE DEFENSA,estatal,Orden,113686,113697,"Orden DEF/751/2022, de 28 de julio, por la que se modifican la Orden DEF/85/2017, de 1 de febrero, por la que se aprueban las normas sobre organización y funciones, régimen interior y programación de los centros docentes militares; y la Orden DEF/368/2017, de 4 de abril, por la que se aprueba el Régimen del Alumnado de la enseñanza de formación y se modifica la Orden DEF/1626/2015, de 29 de julio, por la que se aprueban las directrices generales para la elaboración de los currículos de la enseñanza de formación para el acceso a las diferentes escalas de suboficiales de los cuerpos de las Fuerzas Armadas."
2022-08-04,186,1,BOE-A-2022-13109,"MINISTERIO DE AGRICULTURA, PESCA Y ALIMENTACIÓN",estatal,Corrección,113698,113698,"Corrección de errores del Real Decreto 948/2021, de 2 de noviembre, por el que se establecen las bases reguladoras para la concesión de ayudas estatales destinadas a la ejecución de proyectos de inversión dentro del Plan de impulso de la sostenibilidad y competitividad de la agricultura y la ganadería (III) en el marco del Plan de Recuperación, Transformación y Resiliencia."
2022-08-04,186,1,BOE-A-2022-13110,"MINISTERIO DE AGRICULTURA, PESCA Y ALIMENTACIÓN",estatal,Corrección,113699,113699,"Corrección de errores del Real Decreto 502/2022, de 27 de junio, por el que se regula el ejercicio de la pesca en los caladeros nacionales."
2022-08-04,186,1,BOE-A-2022-13111,COMISIÓN NACIONAL DEL MERCADO DE VALORES,estatal,Instrucción o circular,113700,113732,"Circular 3/2022, de 21 de julio, de la Comisión Nacional del Mercado de Valores, sobre el folleto de las instituciones de inversión colectiva y el registro del documento con los datos fundamentales para el inversor."
2022-08-05,187,1,BOE-A-2022-13170,"MINISTERIO DE ASUNTOS EXTERIORES, UNIÓN EUROPEA Y COOPERACIÓN",estatal,Orden,114116,114117,"Orden AUC/752/2022, de 28 de julio, por la que se crea la Oficina Consular Honoraria, con categoría de Consulado Honorario de España, en Leeds, y se modifica la circunscripción de la Oficina Consular Honoraria, con categoría de Consulado Honorario de España, en Nottingham, ambas en el Reino Unido de Gran Bretaña e Irlanda del Norte."
2022-08-05,187,1,BOE-A-2022-13171,"MINISTERIO DE ASUNTOS EXTERIORES, UNIÓN EUROPEA Y COOPERACIÓN",estatal,Orden,114118,114118,"Orden AUC/753/2022, de 28 de julio, por la que se modifica la circunscripción de la Oficina Consular Honoraria, con categoría de Consulado Honorario de España, en Chennai, en la República de la India."
2022-08-05,187,1,BOE-A-2022-13172,MINISTERIO DE EDUCACIÓN Y FORMACIÓN PROFESIONAL,estatal,Orden,114119,114513,"Orden EFP/754/2022, de 28 de julio, por la que se establece el currículo y se regula la ordenación de la Educación Secundaria Obligatoria en el ámbito de gestión del Ministerio de Educación y Formación Profesional."
2022-08-05,187,1,BOE-A-2022-13173,MINISTERIO DE EDUCACIÓN Y FORMACIÓN PROFESIONAL,estatal,Orden,114514,115115,"Orden EFP/755/2022, de 31 de julio, por la que se establece el currículo y se regula la ordenación del Bachillerato en el ámbito de gestión del Ministerio de Educación y Formación Profesional."
2022-08-05,187,1,BOE-A-2022-13174,COMISIÓN NACIONAL DEL MERCADO DE VALORES,estatal,Resolución,115116,115117,"Resolución de 21 de julio de 2022, del Consejo de la Comisión Nacional del Mercado de Valores, por la que se modifica el Reglamento de Régimen Interior."
2022-08-06,188,1,BOE-A-2022-13238,MINISTERIO DE HACIENDA Y FUNCIÓN PÚBLICA,estatal,Orden,115533,115534,"Orden HFP/761/2022, de 2 de agosto, por la que se modifica la Orden EHA/1049/2008, de 10 de abril, de declaración de bienes y servicios de contratación centralizada."
2022-08-06,188,1,BOE-A-2022-13239,MINISTERIO DE HACIENDA Y FUNCIÓN PÚBLICA,estatal,Resolución,115535,115536,"Resolución de 5 de agosto de 2022, de la Presidencia del Comisionado para el Mercado de Tabacos, por la que se publican los precios de venta al público de determinadas labores de tabaco en Expendedurías de Tabaco y Timbre del área del Monopolio."
2022-08-06,188,1,BOE-A-2022-13240,MINISTERIO DE ASUNTOS ECONÓMICOS Y TRANSFORMACIÓN DIGITAL,estatal,Resolución,115537,115539,"Resolución de 4 de agosto de 2022, de la Secretaría General del Tesoro y Financiación Internacional, por la que se actualiza el Anexo 1 incluido en la Resolución de 4 de julio de 2017, de la Secretaría General del Tesoro y Política Financiera, por la que se define el principio de prudencia financiera aplicable a las operaciones de endeudamiento y derivados de las comunidades autónomas y entidades locales."
2022-08-09,190,1,BOE-A-2022-13396,MINISTERIO PARA LA TRANSICIÓN ECOLÓGICA Y EL RETO DEMOGRÁFICO,estatal,Orden,116361,116363,"Orden TED/773/2022, de 5 de agosto, por la que se autoriza un trasvase desde los embalses de Entrepeñas-Buendía, a través del acueducto Tajo-Segura, de 10 hm³ para el mes de agosto de 2022."
2022-08-10,191,1,BOE-A-2022-13476,COMUNIDAD FORAL DE NAVARRA,autonómico,Decreto,116900,116902,"Decreto Foral Legislativo 4/2022, de 5 de julio, de Armonización Tributaria, por el que se adoptan y prorrogan determinadas medidas en relación con el Impuesto sobre el Valor Añadido y con el Impuesto sobre el Valor de la Producción de la Energía Eléctrica."
2022-08-11,192,1,BOE-A-2022-13531,"MINISTERIO DE AGRICULTURA, PESCA Y ALIMENTACIÓN",estatal,Orden,117211,117248,"Orden APA/782/2022, de 5 de agosto, por la que se modifica la Orden APA/2442/2006, de 27 de julio, por la que se establecen medidas específicas de protección en relación con la influenza aviar."
2022-08-11,192,1,BOE-A-2022-13532,COMUNIDAD AUTÓNOMA DE CATALUÑA,autonómico,Decreto-ley,117249,117251,"Decreto-ley 8/2022, de 12 de julio, por el que se autoriza al Gobierno a prestar un aval a Circuits de Catalunya, SL, y un contraaval ante la entidad financiera garante, relativo al contrato de promoción de carrera con Formula One World Championship Limited (FOWC), para garantizar el pago de los derechos contractuales para la organización del Gran Premio Fórmula 1 de los años 2023 al 2026."
2022-08-11,192,1,BOE-A-2022-13533,COMUNIDAD AUTÓNOMA DE CATALUÑA,autonómico,Decreto-ley,117252,117265,"Decreto-ley 9/2022, de 5 de julio, de medidas urgentes en materia de alquiler de vehículos con conductor."
2022-08-11,192,1,BOE-A-2022-13534,COMUNIDAD AUTÓNOMA DE CATALUÑA,autonómico,Decreto-ley,117266,117269,"Decreto-ley 10/2022, de 5 de julio, de modificación del Decreto-ley 4/2018, de 17 de julio, por el que se asume la gestión directa del servicio de abastecimiento de agua a poblaciones por medio de las instalaciones de la red de abastecimiento Ter-Llobregat de titularidad de la Generalitat y se crea el Ente de Abastecimiento de Agua Ter-Llobregat."
2022-08-11,192,1,BOE-A-2022-13535,COMUNIDAD AUTÓNOMA DE CATALUÑA,autonómico,Decreto Legislativo,117270,117278,"Decreto Legislativo 1/2022, de 26 de julio, por el que se aprueba el texto refundido de la Ley del Instituto Catalán de Finanzas."
2022-08-12,193,1,BOE-A-2022-13597,MINISTERIO PARA LA TRANSICIÓN ECOLÓGICA Y EL RETO DEMOGRÁFICO,estatal,Resolución,117741,117743,"Resolución de 5 de agosto de 2022, de la Dirección General de Política Energética y Minas, por la que se publican los nuevos precios de venta, antes de impuestos, de los gases licuados del petróleo por canalización."
2022-08-12,193,1,BOE-A-2022-13598,COMUNIDAD AUTÓNOMA DE EXTREMADURA,autonómico,Ley,117744,117793,"Ley 4/2022, de 27 de julio, de racionalización y simplificación administrativa de Extremadura."
2022-08-15,195,1,BOE-A-2022-13724,"MINISTERIO DE LA PRESIDENCIA, RELACIONES CON LAS CORTES Y MEMORIA DEMOCRÁTICA",estatal,Orden,118122,118126,"Orden PCM/792/2022, de 11 de agosto, por la que se crea el órgano administrativo encargado de la ejecución del programa de apoyo a la celebración del acontecimiento de excepcional interés público ""Todos contra el cáncer""."
2022-08-15,195,1,BOE-A-2022-13725,MINISTERIO PARA LA TRANSICIÓN ECOLÓGICA Y EL RETO DEMOGRÁFICO,estatal,Resolución,118127,118129,"Resolución de 6 de agosto de 2022, de la Dirección General de Política Energética y Minas, por la que se fija el poder calorífico inferior de la hulla, fuel oil, diesel oil, y gasoil del primer y segundo semestre de 2021 a aplicar en la liquidación de dicho ejercicio."
2022-08-15,195,1,BOE-A-2022-13726,COMUNITAT VALENCIANA,autonómico,Ley,118130,118151,"Ley 2/2022, de 22 de julio, de ordenación del ejercicio de las profesiones del deporte y la actividad física en la Comunitat Valenciana."
2022-08-15,195,1,BOE-A-2022-13727,COMUNITAT VALENCIANA,autonómico,Ley,118152,118154,"Ley 3/2022, de 22 de julio, de modificación de la Ley 7/2008, de 13 de junio, de Reconocimiento de la Universidad Internacional Valenciana."
2022-08-16,196,1,BOE-A-2022-13797,COMUNIDAD AUTÓNOMA DE LAS ILLES BALEARS,autonómico,Decreto-ley,118581,118595,"Decreto-ley 5/2022, de 16 de mayo, de modificación de la Ley 7/2013, de 26 de noviembre, de régimen jurídico de instalación, acceso y ejercicio de actividades en las Illes Balears, y por el que se establece el régimen de prestación del servicio de taxi en el ámbito territorial de la isla de Ibiza."
2022-08-16,196,1,BOE-A-2022-13798,COMUNIDAD AUTÓNOMA DE LAS ILLES BALEARS,autonómico,Decreto-ley,118596,118702,"Decreto-ley 6/2022, de 13 de junio, de nuevas medidas urgentes para reducir la temporalidad en el empleo público de las Illes Balears."
2022-08-17,197,1,BOE-A-2022-13844,COMUNIDAD AUTÓNOMA DE CANTABRIA,autonómico,Ley,118996,119190,"Ley 5/2022, de 15 de julio, de Ordenación del Territorio y Urbanismo de Cantabria."
2022-08-17,197,1,BOE-A-2022-13845,COMUNIDAD AUTÓNOMA DE CANTABRIA,autonómico,Ley,119191,119194,"Ley 6/2022, de 15 de julio, de Crédito Extraordinario y Suplemento de Crédito para la financiación de sectores económicos afectados por la crisis de la guerra de Ucrania."
2022-08-17,197,1,BOE-A-2022-13846,COMUNIDAD AUTÓNOMA DE LAS ILLES BALEARS,autonómico,Ley,119195,119253,"Ley 3/2022, de 15 de junio, de medidas urgentes para la sostenibilidad y la circularidad del turismo de las Illes Balears."
2022-08-17,197,1,BOE-A-2022-13847,COMUNIDAD AUTÓNOMA DE LAS ILLES BALEARS,autonómico,Ley,119254,119310,"Ley 4/2022, de 28 de junio, de consejos insulares."
2022-08-18,198,1,BOE-A-2022-13866,"MINISTERIO DE TRANSPORTES, MOVILIDAD Y AGENDA URBANA",estatal,Resolución,119367,119371,"Resolución de 12 de agosto de 2022, de la Secretaría de Estado de Transportes, Movilidad y Agenda Urbana, por la que se establecen las condiciones de aplicación de las medidas de fomento del transporte colectivo establecidas en el artículo 7 del Real Decreto-ley 14/2022, de 1 de agosto, en relación a la reducción del precio de abonos y títulos multiviaje por parte de Renfe Viajeros, S.M.E., SA, así como las relativas a la creación de títulos multiviaje y bonificación de su precio en determinadas rutas de servicios ferroviarios prestados sobre la red ferroviaria de alta velocidad."
2022-08-20,200,1,BOE-A-2022-13925,"MINISTERIO DE ASUNTOS EXTERIORES, UNIÓN EUROPEA Y COOPERACIÓN",estatal,Orden,119772,119773,"Orden AUC/808/2022, de 12 de agosto, por la que se crea la Oficina Consular Honoraria, con categoría de Consulado Honorario de España, en Richmond, Virginia, en los Estados Unidos de América."
2022-08-20,200,1,BOE-A-2022-13926,"MINISTERIO DE ASUNTOS EXTERIORES, UNIÓN EUROPEA Y COOPERACIÓN",estatal,Orden,119774,119776,"Orden AUC/809/2022, de 12 de agosto, por la que se crean Oficinas Consulares Honorarias, con categoría de Consulado Honorario de España, en Aventura y San Carlos (Cayo Hueso), ambas en los Estados Unidos de América, y por la que se reestructura la red consular honoraria dependiente del Consulado General de España en Miami, en los Estados Unidos de América."
2022-08-22,201,1,BOE-A-2022-13949,"MINISTERIO DE ASUNTOS EXTERIORES, UNIÓN EUROPEA Y COOPERACIÓN",estatal,Orden,119801,119802,"Orden AUC/810/2022, de 12 de agosto, por la que se crea la Oficina Consular Honoraria, con categoría de Consulado Honorario de España, en Bodrum, y por la que se modifica la circunscripción de la Oficina Consular Honoraria, con categoría de Consulado Honorario de España, en Esmirna, ambas en la República de Turquía."
2022-08-22,201,1,BOE-A-2022-13950,"MINISTERIO DE ASUNTOS EXTERIORES, UNIÓN EUROPEA Y COOPERACIÓN",estatal,Orden,119803,119804,"Orden AUC/811/2022, de 12 de agosto, por la que se crea la Oficina Consular Honoraria, con categoría de Consulado Honorario de España, en Tösh Bulak, y se modifica la circunscripción de la Oficina Consular Honoraria, con categoría de Consulado Honorario de España, en Biskek, ambas en la República Kirguisa."
2022-08-24,203,1,BOE-A-2022-14057,"MINISTERIO DE LA PRESIDENCIA, RELACIONES CON LAS CORTES Y MEMORIA DEMOCRÁTICA",estatal,Real Decreto,120188,120199,"Real Decreto 695/2022, de 23 de agosto, por el que se establecen medidas para el control del bienestar de los animales en los mataderos mediante la instalación de sistemas de videovigilancia."
2022-08-24,203,1,BOE-A-2022-14058,"MINISTERIO DE LA PRESIDENCIA, RELACIONES CON LAS CORTES Y MEMORIA DEMOCRÁTICA",estatal,Real Decreto,120200,120211,"Real Decreto 696/2022, de 23 de agosto, por el que se regula el procedimiento para la tramitación de propuestas, sugerencias, quejas y solicitudes de información del personal de la Guardia Civil."
2022-08-24,203,1,BOE-A-2022-14059,"MINISTERIO DE LA PRESIDENCIA, RELACIONES CON LAS CORTES Y MEMORIA DEMOCRÁTICA",estatal,Real Decreto,120212,120236,"Real Decreto 697/2022, de 23 de agosto, por el que se aprueba el Estatuto del Organismo Autónomo Agencia Española de Seguridad Alimentaria y Nutrición."
2022-08-25,204,1,BOE-A-2022-14085,COMUNIDAD AUTÓNOMA DEL PAÍS VASCO,autonómico,Ley,120353,120379,"Ley 8/2022, de 30 de junio, sobre acceso y ejercicio de profesiones de la actividad física y del deporte en la Comunidad Autónoma del País Vasco."
2022-08-25,204,1,BOE-A-2022-14086,COMUNIDAD AUTÓNOMA DEL PAÍS VASCO,autonómico,Ley,120380,120413,"Ley 9/2022, de 30 de junio, de protección de los animales domésticos."
2022-08-26,205,1,BOE-A-2022-14117,MINISTERIO DE ASUNTOS ECONÓMICOS Y TRANSFORMACIÓN DIGITAL,estatal,Real Decreto,120540,120542,"Real Decreto 631/2022, de 26 de julio, por el que se modifica el Real Decreto 1040/2021, de 23 de noviembre, por el que se regula la concesión directa de una subvención a centros y fundaciones públicos de investigación y universidades públicas españolas para la realización de proyectos innovadores en el despliegue de las tecnologías 5G avanzado y 6G, en el marco del Plan de Recuperación, Transformación y Resiliencia."
2022-08-26,205,1,BOE-A-2022-14118,MINISTERIO DE ASUNTOS ECONÓMICOS Y TRANSFORMACIÓN DIGITAL,estatal,Real Decreto,120543,120565,"Real Decreto 632/2022, de 26 de julio, por el que se regula la concesión directa de una subvención a la Real Academia Española para la realización del proyecto Lengua Española e Inteligencia Artificial (LEIA), en el marco del Plan de Recuperación, Transformación y Resiliencia."
2022-08-27,206,1,BOE-A-2022-14149,"MINISTERIO DE TRANSPORTES, MOVILIDAD Y AGENDA URBANA",estatal,Orden,120735,120744,"Orden TMA/822/2022, de 29 de julio, por la que se modifica el Anexo III del Texto Refundido de la Ley de Puertos del Estado y de la Marina Mercante, aprobado por el Real Decreto Legislativo 2/2011, de 5 de septiembre."
2022-08-29,207,1,BOE-A-2022-14168,MINISTERIO DE HACIENDA Y FUNCIÓN PÚBLICA,estatal,Orden,120843,120859,"Orden HFP/823/2022, de 24 de agosto, por la que se aprueba el modelo 345 de ""Declaración Informativa. Planes, fondos de pensiones y sistemas alternativos. Mutualidades de Previsión Social, Planes de Previsión Asegurados, Planes individuales de Ahorro Sistemático, Planes de Previsión Social Empresarial y Seguros de Dependencia. Declaración anual partícipes, aportaciones y contribuciones"" y se establecen las condiciones y el procedimiento para su presentación, y se modifica la Orden HAP/1608/2014, de 4 de septiembre, por la que se aprueba el modelo 187 de ""Declaración informativa. Acciones y participaciones representativas del capital o del patrimonio de las Instituciones de Inversión Colectiva y resumen anual de retenciones e ingresos a cuenta de IRPF, IS e IRNR en relación con rentas o ganancias patrimoniales obtenidas como consecuencia de transmisiones o reembolsos de esas acciones y participaciones y derechos de suscripción."""
2022-08-30,208,1,BOE-A-2022-14220,CORTES GENERALES,estatal,Resolución,121171,121171,"Resolución de 25 de agosto de 2022, del Congreso de los Diputados, por la que se ordena la publicación del Acuerdo de convalidación del Real Decreto-ley 13/2022, de 26 de julio, por el que se establece un nuevo sistema de cotización para los trabajadores por cuenta propia o autónomos y se mejora la protección por cese de actividad."
2022-08-30,208,1,BOE-A-2022-14221,CORTES GENERALES,estatal,Resolución,121172,121172,"Resolución de 25 de agosto de 2022, del Congreso de los Diputados, por la que se ordena la publicación del Acuerdo de convalidación del Real Decreto-ley 14/2022, de 1 de agosto, de medidas de sostenibilidad económica en el ámbito del transporte, en materia de becas y ayudas al estudio, así como de medidas de ahorro, eficiencia energética y de reducción de la dependencia energética del gas natural."
2022-08-30,208,1,BOE-A-2022-14222,CORTES GENERALES,estatal,Resolución,121173,121173,"Resolución de 25 de agosto de 2022, del Congreso de los Diputados, por la que se ordena la publicación del Acuerdo de convalidación del Real Decreto-ley 15/2022, de 1 de agosto, por el que se adoptan medidas urgentes en materia de incendios forestales."
2022-08-31,209,1,BOE-A-2022-14273,"MINISTERIO DE ASUNTOS EXTERIORES, UNIÓN EUROPEA Y COOPERACIÓN",estatal,Tratado o acuerdo internacional,121285,121291,"Acuerdo entre el Reino de España y el Reino de los Países Bajos para el intercambio y la protección mutua de la información clasificada, hecho en Madrid el 23 de septiembre de 2021."
2022-08-31,209,1,BOE-A-2022-14274,MINISTERIO DE HACIENDA Y FUNCIÓN PÚBLICA,estatal,Real Decreto,121292,121300,"Real Decreto 712/2022, de 30 de agosto, por el que se aprueba el Reglamento del Impuesto sobre los Gases Fluorados de Efecto Invernadero."
2022-08-31,209,1,BOE-A-2022-14275,MINISTERIO DE HACIENDA Y FUNCIÓN PÚBLICA,estatal,Orden,121301,121318,"Orden HFP/826/2022, de 30 de agosto, por la que se aprueba el modelo 587 ""Impuesto sobre los Gases Fluorados de Efecto Invernadero. Autoliquidación"" y el modelo A23 ""Impuesto sobre los Gases Fluorados de Efecto Invernadero. Solicitud de devolución"", se determinan la forma y procedimiento para la presentación de los mismos, y se regulan la inscripción en el Registro territorial y la llevanza de la contabilidad de existencias."
2022-09-01,210,1,BOE-A-2022-14337,"MINISTERIO DE TRANSPORTES, MOVILIDAD Y AGENDA URBANA",estatal,Orden,121683,121688,"Orden TMA/830/2022, de 22 de agosto, por la que se recuperan las obligaciones de servicio público establecidas en el Acuerdo del Consejo de Ministros de 2 de junio de 2006, por el que se declaran obligaciones de servicio público en rutas aéreas entre las islas Canarias, dejando sin efecto las modificaciones temporales establecidas por la Orden TMA/676/2020, de 20 de julio, y se modifican las tarifas de referencia establecidas en dichas obligaciones."
2022-09-01,210,1,BOE-A-2022-14338,"MINISTERIO DE TRANSPORTES, MOVILIDAD Y AGENDA URBANA",estatal,Orden,121689,121690,"Orden TMA/831/2022, de 22 de agosto, por la que se recuperan las obligaciones de servicio público establecidas en el Acuerdo del Consejo de Ministros de 5 de octubre de 2018, por el que se declaran obligaciones de servicio público en las rutas aéreas Melilla/Almería, Melilla/Granada y Melilla/Sevilla, dejando sin efecto las modificaciones temporales establecidas por la Orden TMA/297/2021, de 29 de marzo."
2022-09-01,210,1,BOE-A-2022-14339,COMUNIDAD AUTÓNOMA DE CATALUÑA,autonómico,Corrección,121691,121691,"Corrección de errores en la Ley 1/2021, de 29 de diciembre, de presupuestos de la Generalidad de Cataluña para 2022."
2022-09-02,211,1,BOE-A-2022-14396,"MINISTERIO DE TRANSPORTES, MOVILIDAD Y AGENDA URBANA",estatal,Orden,122017,122018,"Orden TMA/838/2022, de 22 de agosto, por la que se recuperan las obligaciones de servicio público establecidas en el Acuerdo del Consejo de Ministros de 23 de febrero de 2018, por el que se aprueba la declaración de obligaciones de servicio público en las rutas aéreas Badajoz-Madrid y Badajoz-Barcelona, dejando sin efecto las modificaciones temporales establecidas por la Orden TMA/297/2021, de 29 de marzo."
2022-09-03,212,1,BOE-A-2022-14450,"MINISTERIO DE ASUNTOS EXTERIORES, UNIÓN EUROPEA Y COOPERACIÓN",estatal,Tratado o acuerdo internacional,122508,122520,"Acuerdo sobre Transporte Aéreo entre el Reino de España y el Reino de Arabia Saudí, hecho en Madrid el 12 de abril de 2018."
2022-09-03,212,1,BOE-A-2022-14451,"MINISTERIO DE ASUNTOS EXTERIORES, UNIÓN EUROPEA Y COOPERACIÓN",estatal,Tratado o acuerdo internacional,122521,122524,"Convenio de Cooperación Cultural y Educativa entre el Reino de España y la República del Senegal, hecho en Madrid el 19 de septiembre de 2019."
2022-09-03,212,1,BOE-A-2022-14452,MINISTERIO DE HACIENDA Y FUNCIÓN PÚBLICA,estatal,Resolución,122525,122527,"Resolución de 2 de septiembre de 2022, de la Presidencia del Comisionado para el Mercado de Tabacos, por la que se publican los precios de venta al público de determinadas labores de tabaco en Expendedurías de Tabaco y Timbre del área de Península y Baleares."
2022-09-05,213,1,BOE-A-2022-14488,MINISTERIO DE DEFENSA,estatal,Orden,123039,123077,"Orden DEF/848/2022, de 25 de agosto, por la que se aprueban los currículos de la enseñanza de formación para el acceso a la escala de suboficiales correspondientes a las especialidades fundamentales del Cuerpo General del Ejército de Tierra mediante las formas de ingreso sin titulación previa."
2022-09-06,214,1,BOE-A-2022-14580,JEFATURA DEL ESTADO,estatal,Ley,123682,123851,"Ley 16/2022, de 5 de septiembre, de reforma del texto refundido de la Ley Concursal, aprobado por el Real Decreto Legislativo 1/2020, de 5 de mayo, para la transposición de la Directiva (UE) 2019/1023 del Parlamento Europeo y del Consejo, de 20 de junio de 2019, sobre marcos de reestructuración preventiva, exoneración de deudas e inhabilitaciones, y sobre medidas para aumentar la eficiencia de los procedimientos de reestructuración, insolvencia y exoneración de deudas, y por la que se modifica la Directiva (UE) 2017/1132 del Parlamento Europeo y del Consejo, sobre determinados aspectos del Derecho de sociedades (Directiva sobre reestructuración e insolvencia)."
2022-09-06,214,1,BOE-A-2022-14581,JEFATURA DEL ESTADO,estatal,Ley,123852,123922,"Ley 17/2022, de 5 de septiembre, por la que se modifica la Ley 14/2011, de 1 de junio, de la Ciencia, la Tecnología y la Innovación."
2022-09-07,215,1,BOE-A-2022-14630,JEFATURA DEL ESTADO,estatal,Ley Orgánica,124199,124269,"Ley Orgánica 10/2022, de 6 de septiembre, de garantía integral de la libertad sexual."
2022-09-07,215,1,BOE-A-2022-14631,MINISTERIO DE POLÍTICA TERRITORIAL,estatal,Real Decreto,124270,124272,"Real Decreto 667/2022, de 1 de agosto, por el que se modifica el Real Decreto 1162/2018, de 14 de septiembre, por el que se regula la Comisión interministerial de coordinación de la Administración periférica del Estado."
2022-09-07,215,1,BOE-A-2022-14632,MINISTERIO DE CIENCIA E INNOVACIÓN,estatal,Real Decreto,124273,124282,"Real Decreto 732/2022, de 6 de septiembre, por el que se regula la concesión directa de subvenciones a diversas entidades para el desarrollo de actuaciones que son exponentes de la dimensión social y económica de la ciencia."
2022-09-08,216,1,BOE-A-2022-14680,JEFATURA DEL ESTADO,estatal,Real Decreto-ley,124464,124492,"Real Decreto-ley 16/2022, de 6 de septiembre, para la mejora de las condiciones de trabajo y de Seguridad Social de las personas trabajadoras al servicio del hogar."
2022-09-08,216,1,BOE-A-2022-14681,"MINISTERIO DE ASUNTOS EXTERIORES, UNIÓN EUROPEA Y COOPERACIÓN",estatal,Corrección,124493,124494,Corrección de errores a las Enmiendas adoptadas en Ginebra el 11 de octubre de 2019 y el 16 de octubre de 2020 a los anejos del Acuerdo sobre transportes internacionales de mercancías perecederas y sobre las unidades especiales utilizadas en estos transportes (ATP) hecho en Ginebra el 1 de septiembre de 1970. Texto consolidado del Acuerdo ATP.
2022-09-08,216,1,BOE-A-2022-14682,MINISTERIO DE JUSTICIA,estatal,Real Decreto,124495,124499,"Real Decreto 586/2022, de 19 de julio, por el que se modifica el Reglamento de asistencia jurídica gratuita, aprobado por el Real Decreto 141/2021, de 9 de marzo."
2022-09-08,216,1,BOE-A-2022-14683,COMUNIDAD AUTÓNOMA DE LA REGIÓN DE MURCIA,autonómico,Ley,124500,124502,"Ley 6/2022, de 28 de julio, de regulación de las horas extraordinarias del personal del Consorcio de Extinción de Incendios y Salvamento de la Región de Murcia, por la que se modifica el Decreto Legislativo 1/2001, de 26 de enero, por el que se aprueba el texto refundido de la Ley de la Función Pública de la Región de Murcia."
2022-09-09,217,1,BOE-A-2022-14728,MINISTERIO DE ASUNTOS ECONÓMICOS Y TRANSFORMACIÓN DIGITAL,estatal,Resolución,124669,124671,"Resolución de 6 de septiembre de 2022, de la Secretaría General del Tesoro y Financiación Internacional, por la que se actualiza el Anexo 1 incluido en la Resolución de 4 de julio de 2017, de la Secretaría General del Tesoro y Política Financiera, por la que se define el principio de prudencia financiera aplicable a las operaciones de endeudamiento y derivados de las comunidades autónomas y entidades locales."
2022-09-10,218,1,BOE-A-2022-14759,"MINISTERIO DE ASUNTOS EXTERIORES, UNIÓN EUROPEA Y COOPERACIÓN",estatal,Tratado o acuerdo internacional,125089,125089,"Acuerdo Multilateral M347, en virtud del apartado 1.5.1 del ADR, relativo al transporte de virus de la viruela del mono, hecho en Madrid el 26 de agosto de 2022."
2022-09-10,218,1,BOE-A-2022-14760,"MINISTERIO DE ASUNTOS EXTERIORES, UNIÓN EUROPEA Y COOPERACIÓN",estatal,Tratado o acuerdo internacional,125090,125092,"Acuerdo Internacional Administrativo entre el Ministerio del Interior del Reino de España y el Ministerio del Interior de la República de Albania para la creación de un equipo conjunto de investigación en materia de lucha contra la delincuencia, hecho en Tirana el 1 de agosto de 2022."
2022-09-10,218,1,BOE-A-2022-14761,MINISTERIO DE HACIENDA Y FUNCIÓN PÚBLICA,estatal,Resolución,125093,125094,"Resolución de 9 de septiembre de 2022, de la Presidencia del Comisionado para el Mercado de Tabacos, por la que se publican los precios de venta al público de determinadas labores de tabaco en Expendedurías de Tabaco y Timbre del área del Monopolio."
2022-09-12,219,1,BOE-A-2022-14778,MINISTERIO DE POLÍTICA TERRITORIAL,estatal,Real Decreto,125207,125217,"Real Decreto 713/2022, de 30 de agosto, de traspaso de funciones y servicios de la Administración General del Estado a la Comunidad Autónoma de Canarias en materia de ordenación y gestión del litoral."
2022-09-13,220,1,BOE-A-2022-14886,"MINISTERIO DE ASUNTOS EXTERIORES, UNIÓN EUROPEA Y COOPERACIÓN",estatal,Tratado o acuerdo internacional,126042,126048,"Acuerdo entre la Organización Mundial del Turismo y el Ministerio de Industria, Comercio y Turismo del Reino de España, para el desarrollo de los ODS, reto demográfico y turismo rural, hecho en Madrid el 14 de diciembre de 2021."
2022-09-13,220,1,BOE-A-2022-14887,"MINISTERIO DE ASUNTOS EXTERIORES, UNIÓN EUROPEA Y COOPERACIÓN",estatal,Tratado o acuerdo internacional,126049,126056,"Aplicación provisional del Acuerdo sobre Inmunidades y Prerrogativas entre el Reino de España y el Banco Centroamericano de Integración Económica, hecho en Madrid el 28 de julio de 2022."
2022-09-13,220,1,BOE-A-2022-14888,MINISTERIO DE DEFENSA,estatal,Orden,126057,126060,"Orden DEF/866/2022, de 8 de septiembre, por la que se aprueban los perfiles de ingreso y egreso de los alumnos del curso de alta gestión administrativa y de la organización."
2022-09-14,221,1,BOE-A-2022-14965,JEFATURA DEL ESTADO,estatal,Ley Orgánica,126325,126328,"Ley Orgánica 11/2022, de 13 de septiembre, de modificación del Código Penal en materia de imprudencia en la conducción de vehículos a motor o ciclomotor."
2022-09-14,221,1,BOE-A-2022-14966,MINISTERIO DEL INTERIOR,estatal,Real Decreto,126329,126333,"Real Decreto 747/2022, de 13 de septiembre, por el que se regula la concesión directa a la Comunidad Autónoma de Canarias de una subvención para complementar la financiación de la adquisición de enseres domésticos de primera necesidad destinados a las familias afectadas por la erupción volcánica en la isla de La Palma (Santa Cruz de Tenerife)."
2022-09-14,221,1,BOE-A-2022-14967,"MINISTERIO DE AGRICULTURA, PESCA Y ALIMENTACIÓN",estatal,Real Decreto,126334,126343,"Real Decreto 749/2022, de 13 de septiembre, por el que se establecen las bases reguladoras para la concesión de ayudas estatales destinadas a las centrales de acondicionamiento de fruta afectadas por las heladas asociadas a la borrasca Ciril."
2022-09-14,221,1,BOE-A-2022-14968,"MINISTERIO DE LA PRESIDENCIA, RELACIONES CON LAS CORTES Y MEMORIA DEMOCRÁTICA",estatal,Real Decreto,126344,126348,"Real Decreto 750/2022, de 13 de septiembre, por el que se modifican el artículo 3 y el anexo I del Real Decreto 920/2017, de 23 de octubre, por el que se regula la inspección técnica de vehículos."
2022-09-14,221,1,BOE-A-2022-14969,MINISTERIO DE CULTURA Y DEPORTE,estatal,Real Decreto,126349,126357,"Real Decreto 751/2022, de 13 de septiembre, por el que se regula la concesión directa de subvenciones a determinadas entidades para la promoción de las artes escénicas y musicales en el año 2022."
2022-09-15,222,1,BOE-A-2022-15028,MINISTERIO DEL INTERIOR,estatal,Orden,126845,126846,"Orden INT/884/2022, de 14 de septiembre, por la que se modifica la Orden INT/657/2020, de 17 de julio, por la que se modifican los criterios para la aplicación de una restricción temporal de viajes no imprescindibles desde terceros países a la Unión Europea y países asociados Schengen por razones de orden público y salud pública con motivo de la crisis sanitaria ocasionada por la COVID-19."
2022-09-16,223,1,BOE-A-2022-15118,MINISTERIO DE JUSTICIA,estatal,Orden,127368,127369,"Orden JUS/888/2022, de 12 de septiembre, por la que se publica el Acuerdo del Consejo de Ministros de 1 de agosto de 2022, por el que se fija el módulo para la distribución del crédito que figura en los Presupuestos Generales del Estado para el año 2022, destinado a subvencionar los gastos de funcionamiento de los Juzgados de Paz."
2022-09-16,223,1,BOE-A-2022-15119,"MINISTERIO DE AGRICULTURA, PESCA Y ALIMENTACIÓN",estatal,Corrección,127370,127371,"Corrección de errores del Real Decreto 749/2022, de 13 de septiembre, por el que se establecen las bases reguladoras para la concesión de ayudas estatales destinadas a las centrales de acondicionamiento de fruta afectadas por las heladas asociadas a la borrasca Ciril."
2022-09-17,224,1,BOE-A-2022-15168,JEFATURA DEL ESTADO,estatal,Corrección,128134,128134,"Corrección de errores de la Ley 11/2022, de 28 de junio, General de Telecomunicaciones."
2022-09-17,224,1,BOE-A-2022-15169,JEFATURA DEL ESTADO,estatal,Corrección,128135,128135,"Corrección de errores de la Ley 15/2022, de 12 de julio, integral para la igualdad de trato y la no discriminación."
2022-09-17,224,1,BOE-A-2022-15170,MINISTERIO DE HACIENDA Y FUNCIÓN PÚBLICA,estatal,Resolución,128136,128138,"Resolución de 16 de septiembre de 2022, de la Presidencia del Comisionado para el Mercado de Tabacos, por la que se publican los precios de venta al público de determinadas labores de tabaco en Expendedurías de Tabaco y Timbre del área del Monopolio."
2022-09-19,225,1,BOE-A-2022-15204,MINISTERIO PARA LA TRANSICIÓN ECOLÓGICA Y EL RETO DEMOGRÁFICO,estatal,Resolución,128312,128314,"Resolución de 12 de septiembre de 2022, de la Dirección General de Política Energética y Minas, por la que se publican los nuevos precios de venta, antes de impuestos, de los gases licuados del petróleo por canalización."
2022-09-19,225,1,BOE-A-2022-15205,MINISTERIO PARA LA TRANSICIÓN ECOLÓGICA Y EL RETO DEMOGRÁFICO,estatal,Resolución,128315,128317,"Resolución de 12 de septiembre de 2022, de la Dirección General de Política Energética y Minas, por la que se publican los nuevos precios máximos de venta, antes de impuestos, de los gases licuados del petróleo envasados, en envases de carga igual o superior a 8 kg, e inferior a 20 kg, excluidos los envases de mezcla para usos de los gases licuados del petróleo como carburante."
2022-09-19,225,1,BOE-A-2022-15206,MINISTERIO DE SANIDAD,estatal,Resolución,128318,128319,"Resolución de 15 de septiembre de 2022, de la Dirección General de Salud Pública, por la que se modifica la de 1 de abril de 2022, relativa a los controles sanitarios a realizar en los puntos de entrada de España."
2022-09-20,226,1,BOE-A-2022-15286,"MINISTERIO DE LA PRESIDENCIA, RELACIONES CON LAS CORTES Y MEMORIA DEMOCRÁTICA",estatal,Real Decreto,129013,129040,"Real Decreto 728/2022, de 6 de septiembre, por el que se establecen las disposiciones complementarias de la normativa europea en materia de títulos y licencias del personal de vuelo de las aeronaves civiles y restricciones operativas por ruido, y por el que se modifican el Real Decreto 660/2001, de 22 de junio, por el que se regula la certificación de las aeronaves civiles y de los productos y piezas relacionados con ellas; el Real Decreto 1516/2009, de 2 de octubre, por el que se regula la licencia comunitaria de controlador de tránsito aéreo; el Real Decreto 1952/2009, de 18 de diciembre, por el que se adoptan requisitos relativos a las limitaciones del tiempo de vuelo y actividad y requisitos de descanso de las tripulaciones de servicio en aviones que realicen transporte aéreo comercial; el Real Decreto 1133/2010, de 10 de septiembre, por el que se regula la provisión del servicio de información de vuelo de aeródromos (AFIS); y el Real Decreto 1238/2011, de 8 de septiembre, por el que se regula el servicio de dirección en la plataforma aeroportuaria."
2022-09-20,226,1,BOE-A-2022-15287,"MINISTERIO DE LA PRESIDENCIA, RELACIONES CON LAS CORTES Y MEMORIA DEMOCRÁTICA",estatal,Real Decreto,129041,129045,"Real Decreto 729/2022, de 6 de septiembre, por el que se modifica el Real Decreto 640/2007, de 18 de mayo, por el que se establecen excepciones a la obligatoriedad de las normas sobre tiempos de conducción y descanso y el uso del tacógrafo en el transporte por carretera."
2022-09-20,226,1,BOE-A-2022-15288,COMUNIDAD FORAL DE NAVARRA,autonómico,Decreto,129046,129056,"Decreto Foral Legislativo 5/2022, de 31 de agosto, de armonización tributaria, por el que se modifica la Ley Foral 11/2015, de 18 de marzo, por la que se regulan el Impuesto sobre el Valor de la Producción de la Energía Eléctrica, el Impuesto sobre los Gases Fluorados de Efecto Invernadero y el Impuesto sobre los Depósitos en las Entidades de Crédito."
2022-09-20,226,1,BOE-A-2022-15289,COMUNIDAD AUTÓNOMA DE LAS ILLES BALEARS,autonómico,Ley,129057,129127,"Ley 5/2022, de 8 de julio, de políticas de juventud de las Illes Balears."
2022-09-20,226,1,BOE-A-2022-15290,COMUNIDAD AUTÓNOMA DE LAS ILLES BALEARS,autonómico,Ley,129128,129171,"Ley 6/2022, de 5 de agosto, de archivos y gestión documental de las Illes Balears."
2022-09-20,226,1,BOE-A-2022-15291,COMUNIDAD AUTÓNOMA DE LAS ILLES BALEARS,autonómico,Ley,129172,129199,"Ley 7/2022, de 5 de agosto, de la ciencia, la tecnología y la innovación de las Illes Balears."
2022-09-20,226,1,BOE-A-2022-15292,COMUNIDAD AUTÓNOMA DE LAS ILLES BALEARS,autonómico,Decreto-ley,129200,129240,"Decreto-ley 7/2022, de 11 de julio, de prestaciones sociales de carácter económico de las Illes Balears."
2022-09-21,227,1,BOE-A-2022-15354,JEFATURA DEL ESTADO,estatal,Real Decreto-ley,129549,129574,"Real Decreto-ley 17/2022, de 20 de septiembre, por el que se adoptan medidas urgentes en el ámbito de la energía, en la aplicación del régimen retributivo a las instalaciones de cogeneración y se reduce temporalmente el tipo del Impuesto sobre el Valor Añadido aplicable a las entregas, importaciones y adquisiciones intracomunitarias de determinados combustibles."
2022-09-21,227,1,BOE-A-2022-15355,TRIBUNAL CONSTITUCIONAL,estatal,Resolución judicial,129575,129575,"Recurso de inconstitucionalidad n.º 4038-2022, contra los artículos 1, 2, 3, 4, 5, 6.2, 7, 10 –en cuanto da nueva redacción al artículo 7.1.c) Ley 24/2015–, 11, 12, 15 y la disposición transitoria de la Ley del Parlamento de Cataluña 1/2022, de 3 de marzo, de modificación de la Ley 18/2007, la Ley 24/2015 y la Ley 4/2016, para afrontar la emergencia en el ámbito de la vivienda."
2022-09-21,227,1,BOE-A-2022-15356,TRIBUNAL CONSTITUCIONAL,estatal,Resolución judicial,129576,129576,"Recurso de inconstitucionalidad n.º 5630-2022, contra los artículos 2 a) y d), 3.1 y 4.1 del Decreto-ley de Cataluña 6/2022, de 30 de mayo, por el que se fijan los criterios aplicables a la elaboración, la aprobación, la validación y la revisión de los proyectos lingüísticos de los centros educativos, y artículos 2.1 y 2.4 de la Ley de Cataluña 8/2022, de 9 de junio, sobre el uso y el aprendizaje de las lenguas oficiales en la enseñanza no universitaria."
2022-09-21,227,1,BOE-A-2022-15357,TRIBUNAL CONSTITUCIONAL,estatal,Resolución judicial,129577,129577,"Recurso de inconstitucionalidad n.º 5671-2022, contra el artículo único de la Ley Foral 17/2021, de 21 de octubre, que modifica la Ley Foral 2/2018, de 13 de abril, de Contratos Públicos, en sus apartados dos [añade letras l) y m) al artículo 7.1] y sesenta y cinco (añade nueva disposición adicional vigesimoprimera)."
2022-09-21,227,1,BOE-A-2022-15358,"MINISTERIO DE ASUNTOS EXTERIORES, UNIÓN EUROPEA Y COOPERACIÓN",estatal,Corrección,129578,129578,"Corrección de errores de la Aplicación provisional del Acuerdo sobre Inmunidades y Prerrogativas entre el Reino de España y el Banco Centroamericano de Integración Económica, hecho en Madrid el 28 de julio de 2022."
2022-09-21,227,1,BOE-A-2022-15359,"MINISTERIO DE LA PRESIDENCIA, RELACIONES CON LAS CORTES Y MEMORIA DEMOCRÁTICA",estatal,Real Decreto,129579,129581,"Real Decreto 766/2022, de 20 de septiembre, por el que se modifica el Real Decreto 563/2017, de 2 de junio, por el que se regulan las inspecciones técnicas en carretera de vehículos comerciales que circulan en territorio español."
2022-09-21,227,1,BOE-A-2022-15360,MINISTERIO DE DERECHOS SOCIALES Y AGENDA 2030,estatal,Real Decreto,129582,129587,"Real Decreto 767/2022, de 20 de septiembre, por el que se regula la concesión directa de una subvención a la Comunidad Autónoma de Canarias y a las ciudades de Ceuta y Melilla para la atención y acogida de los niños, niñas y adolescentes migrantes no acompañados en el año 2022."
2022-09-21,227,1,BOE-A-2022-15361,MINISTERIO DE CIENCIA E INNOVACIÓN,estatal,Real Decreto,129588,129597,"Real Decreto 768/2022, de 20 de septiembre, por el que se regula la concesión directa de subvenciones a diversas entidades para el desarrollo de proyectos de ciencia de excelencia."
2022-09-22,228,1,BOE-A-2022-15417,MINISTERIO DE HACIENDA Y FUNCIÓN PÚBLICA,estatal,Corrección,130051,130051,"Corrección de errores del Real Decreto 617/2022, de 26 de julio, por el que se modifica el Real Decreto 165/2008, de 8 de febrero, por el que se delimita la zona de promoción económica de la Comunidad Autónoma de la Región de Murcia."
2022-09-22,228,1,BOE-A-2022-15418,MINISTERIO DE EDUCACIÓN Y FORMACIÓN PROFESIONAL,estatal,Resolución,130052,130095,"Resolución de 16 de septiembre de 2022, de la Secretaría de Estado de Educación, por la que se publican los currículos de la enseñanza de religión islámica correspondientes a Educación Infantil, Educación Primaria, Educación Secundaria Obligatoria y Bachillerato."
2022-09-22,228,1,BOE-A-2022-15419,MINISTERIO PARA LA TRANSICIÓN ECOLÓGICA Y EL RETO DEMOGRÁFICO,estatal,Real Decreto,130096,130112,"Real Decreto 730/2022, de 6 de septiembre, por el que se regula la concesión directa de subvenciones para el desarrollo de las actuaciones complementarias de saneamiento y depuración del Marco de Actuaciones Prioritarias para Recuperar el Mar Menor y en el marco del Plan de Recuperación, Transformación y Resiliencia."
2022-09-22,228,1,BOE-A-2022-15420,MINISTERIO PARA LA TRANSICIÓN ECOLÓGICA Y EL RETO DEMOGRÁFICO,estatal,Real Decreto,130113,130134,"Real Decreto 731/2022, de 6 de septiembre, por el que se regula la concesión directa de subvenciones para el desarrollo de actuaciones de adaptación al riesgo de inundación de las edificaciones, equipamientos e instalaciones o explotaciones existentes en el tramo medio del río Ebro y principales afluentes asociados dentro de la Estrategia Ebro Resilience y en el marco del Plan de Recuperación, Transformación y Resiliencia."
2022-09-23,229,1,BOE-A-2022-15476,MINISTERIO PARA LA TRANSICIÓN ECOLÓGICA Y EL RETO DEMOGRÁFICO,estatal,Orden,130466,130468,"Orden TED/908/2022, de 16 de septiembre, por la que se autoriza un trasvase desde los embalses de Entrepeñas-Buendía, a través del acueducto Tajo-Segura, de 7,5 hm³ para el mes de septiembre de 2022."
2022-09-23,229,1,BOE-A-2022-15477,MINISTERIO DE ASUNTOS ECONÓMICOS Y TRANSFORMACIÓN DIGITAL,estatal,Orden,130469,130471,"Orden ETD/909/2022, de 13 de septiembre, por la que se acuerda la emisión, acuñación y puesta en circulación de monedas de colección ""Año de Investigación Santiago Ramón y Cajal 2022""."
2022-09-23,229,1,BOE-A-2022-15478,COMUNIDAD AUTÓNOMA DE ARAGÓN,autonómico,Decreto-ley,130472,130474,"Decreto-ley 5/2022, de 27 de julio, del Gobierno de Aragón, por el que se establece un incremento extraordinario para el año 2022 del importe de la Prestación Aragonesa Complementaria del Ingreso Mínimo Vital."
2022-09-24,230,1,BOE-A-2022-15541,MINISTERIO DE HACIENDA Y FUNCIÓN PÚBLICA,estatal,Resolución,131170,131171,"Resolución de 23 de septiembre de 2022, de la Presidencia del Comisionado para el Mercado de Tabacos, por la que se publican los precios de venta al público de determinadas labores de tabaco en Expendedurías de Tabaco y Timbre del área de Península y Baleares."
2022-09-24,230,1,BOE-A-2022-15542,TRIBUNAL SUPREMO,estatal,Resolución judicial,131172,131172,"Sentencia de 5 de julio de 2022, de la Sala Tercera, Sección Tercera, del Tribunal Supremo, que estima parcialmente el recurso contencioso-administrativo interpuesto por Asociación Multisectorial de la Información (ASEDIE), contra el Real Decreto 327/2021, de 11 de mayo, por el que se modifica el Real Decreto 181/2008, de 8 de febrero, de ordenación del diario oficial ""Boletín Oficial del Estado"", para adaptarlo al Tablón Edictal Judicial Único."
2022-09-27,232,1,BOE-A-2022-15720,"MINISTERIO DE ASUNTOS EXTERIORES, UNIÓN EUROPEA Y COOPERACIÓN",estatal,Tratado o acuerdo internacional,132747,132747,Enmienda n.º 1 al Acuerdo internacional administrativo sobre las condiciones de adscripción en comisión de servicio de un funcionario español al Consejo de Europa.
2022-09-28,233,1,BOE-A-2022-15756,MINISTERIO DE HACIENDA Y FUNCIÓN PÚBLICA,estatal,Real Decreto,133033,133038,"Real Decreto 782/2022, de 27 de septiembre, por el que se modifican el Real Decreto 139/2020, de 28 de enero, por el que se establece la estructura orgánica básica de los departamentos ministeriales, y el Real Decreto 499/2020, de 28 de abril, por el que se desarrolla la estructura orgánica básica del Ministerio de Trabajo y Economía Social, y se modifica el Real Decreto 1052/2015, de 20 de noviembre, por el que se establece la estructura de las Consejerías de Empleo y Seguridad Social en el exterior y se regula su organización, funciones y provisión de puestos de trabajo."
2022-09-28,233,1,BOE-A-2022-15757,MINISTERIO DE HACIENDA Y FUNCIÓN PÚBLICA,estatal,Real Decreto,133039,133045,"Real Decreto 783/2022, de 27 de septiembre, por el que se modifica el Real Decreto 497/2020, de 28 de abril, por el que se desarrolla la estructura orgánica básica del Ministerio de Inclusión, Seguridad Social y Migraciones, y el Real Decreto 373/2020, de 18 de febrero, por el que se desarrolla la estructura orgánica básica del Ministerio de la Presidencia, Relaciones con las Cortes y Memoria Democrática."
2022-09-28,233,1,BOE-A-2022-15758,"MINISTERIO DE TRANSPORTES, MOVILIDAD Y AGENDA URBANA",estatal,Real Decreto,133046,133053,"Real Decreto 784/2022, de 27 de septiembre, por el que se regula la concesión directa de una subvención al Ayuntamiento de Cuenca para la financiación de un servicio público de transporte de viajeros por carretera entre la ciudad de Cuenca y la Estación de la línea de alta velocidad Cuenca-Fernando Zóbel."
2022-09-28,233,1,BOE-A-2022-15759,MINISTERIO DE EDUCACIÓN Y FORMACIÓN PROFESIONAL,estatal,Real Decreto,133054,133080,"Real Decreto 748/2022, de 13 de septiembre, por el que se establece un certificado de profesionalidad de Servicio de entrega y recogida domiciliaria, de la familia profesional Comercio y Marketing, que se incluye en el Repertorio Nacional de certificados de profesionalidad."
2022-09-28,233,1,BOE-A-2022-15760,"MINISTERIO DE LA PRESIDENCIA, RELACIONES CON LAS CORTES Y MEMORIA DEMOCRÁTICA",estatal,Real Decreto,133081,133094,"Real Decreto 785/2022, de 27 de septiembre, por el que se aprueba el Reglamento de organización y funcionamiento interno del Consejo de la Guardia Civil."
2022-09-28,233,1,BOE-A-2022-15761,MINISTERIO PARA LA TRANSICIÓN ECOLÓGICA Y EL RETO DEMOGRÁFICO,estatal,Real Decreto,133095,133116,"Real Decreto 786/2022, de 27 de septiembre, por el que se regula la concesión directa de una subvención para el desarrollo de actuaciones de adaptación del riesgo de inundación de las edificaciones, equipamientos e instalaciones o explotaciones existentes en la cuenca baja del río Segura, en la Comunitat Valenciana, como contribución al Plan Vega RenHace en el marco del Plan de Recuperación, Transformación y Resiliencia."
2022-09-28,233,1,BOE-A-2022-15762,MINISTERIO DE CULTURA Y DEPORTE,estatal,Real Decreto,133117,133129,"Real Decreto 787/2022, de 27 de septiembre, por el que se regula la concesión directa de subvenciones para gastos de funcionamiento de fundaciones y asociaciones vinculadas con partidos políticos con representación en las Cortes Generales que realicen actividades de estudio y desarrollo del pensamiento político y social."
2022-09-28,233,1,BOE-A-2022-15763,MINISTERIO DE IGUALDAD,estatal,Real Decreto,133130,133139,"Real Decreto 752/2022, de 13 de septiembre, por el que se establecen las funciones, el régimen de funcionamiento y la composición del Observatorio Estatal de Violencia sobre la Mujer."
2022-09-28,233,1,BOE-A-2022-15764,"MINISTERIO DE INCLUSIÓN, SEGURIDAD SOCIAL Y MIGRACIONES",estatal,Real Decreto,133140,133153,"Real Decreto 789/2022, de 27 de septiembre, por el que se regula la compatibilidad del Ingreso Mínimo Vital con los ingresos procedentes de rentas del trabajo o de la actividad económica por cuenta propia con el fin de mejorar las oportunidades reales de inclusión social y laboral de las personas beneficiarias de la prestación."
2022-09-29,234,1,BOE-A-2022-15818,JEFATURA DEL ESTADO,estatal,Ley,133603,133675,"Ley 18/2022, de 28 de septiembre, de creación y crecimiento de empresas."
2022-09-29,234,1,BOE-A-2022-15819,MINISTERIO PARA LA TRANSICIÓN ECOLÓGICA Y EL RETO DEMOGRÁFICO,estatal,Orden,133676,133687,"Orden TED/929/2022, de 27 de septiembre, por la que se establecen los cargos del sistema gasista y la retribución y los cánones de los almacenamientos subterráneos básicos para el año de gas 2023."
2022-09-29,234,1,BOE-A-2022-15820,MINISTERIO PARA LA TRANSICIÓN ECOLÓGICA Y EL RETO DEMOGRÁFICO,estatal,Resolución,133688,133692,"Resolución de 28 de septiembre de 2022, de la Dirección General de Política Energética y Minas, por la que se publica la tarifa de último recurso de gas natural."
2022-09-29,234,1,BOE-A-2022-15821,MINISTERIO DE ASUNTOS ECONÓMICOS Y TRANSFORMACIÓN DIGITAL,estatal,Real Decreto,133693,133704,"Real Decreto 788/2022, de 27 de septiembre, por el que se regula la concesión directa de una subvención a la Fundación Barcelona Mobile World Capital Foundation."
2022-10-01,236,1,BOE-A-2022-15952,MINISTERIO DE HACIENDA Y FUNCIÓN PÚBLICA,estatal,Resolución,134762,134764,"Resolución de 30 de septiembre de 2022, de la Presidencia del Comisionado para el Mercado de Tabacos, por la que se publican los precios de venta al público de determinadas labores de tabaco en Expendedurías de Tabaco y Timbre del área del Monopolio."
2022-10-01,236,1,BOE-A-2022-15953,MINISTERIO DE EDUCACIÓN Y FORMACIÓN PROFESIONAL,estatal,Orden,134765,134808,"Orden EFP/935/2022, de 27 de septiembre, por la que se modifica la Orden EDU/2157/2010, de 30 de julio, por la que se regula el currículo mixto de las enseñanzas acogidas al Acuerdo entre el Gobierno de España y el Gobierno de Francia relativo a la doble titulación de Bachiller y de Baccalauréat en centros docentes españoles, así como los requisitos para su obtención."
2022-10-03,237,1,BOE-A-2022-16018,JEFATURA DEL ESTADO,estatal,Ley Orgánica,135125,135130,"Ley Orgánica 12/2022, de 30 de septiembre, de reforma de la Ley Orgánica 5/1985, de 19 de junio, del Régimen Electoral General, para la regulación del ejercicio del voto por los españoles que viven en el extranjero."
2022-10-03,237,1,BOE-A-2022-16019,JEFATURA DEL ESTADO,estatal,Ley,135131,135135,"Ley 19/2022, de 30 de septiembre, para el reconocimiento de personalidad jurídica a la laguna del Mar Menor y su cuenca."
2022-10-03,237,1,BOE-A-2022-16020,"MINISTERIO DE ASUNTOS EXTERIORES, UNIÓN EUROPEA Y COOPERACIÓN",estatal,Tratado o acuerdo internacional,135136,135143,"Acuerdo Administrativo entre la Agencia Estatal de Investigación del Reino de España y la Empresa Común para las Tecnologías Digitales Clave, basado en el artículo 12, apartado 2, del Reglamento 2021/2085, hecho en Madrid y Bruselas, el 12 y 22 de septiembre de 2022."
2022-10-03,237,1,BOE-A-2022-16021,"MINISTERIO DE ASUNTOS EXTERIORES, UNIÓN EUROPEA Y COOPERACIÓN",estatal,Tratado o acuerdo internacional,135144,135157,"Acuerdo complementario entre el Reino de España y las Naciones Unidas en virtud del Acuerdo entre el Reino de España y las Naciones Unidas sobre el establecimiento de una Oficina de Programa de la Oficina de las Naciones Unidas de Lucha contra el Terrorismo (OLCT) en Madrid, hecho en Nueva York el 22 de septiembre de 2022."
2022-10-04,238,1,BOE-A-2022-16126,MINISTERIO DE SANIDAD,estatal,Orden,135925,135945,"Orden SND/939/2022, de 29 de septiembre, por la que se aprueban las normas de correcta preparación extemporánea de radiofármacos."
2022-10-04,238,1,BOE-A-2022-16127,COMUNIDAD AUTÓNOMA DE LA RIOJA,autonómico,Ley,135946,135981,"Ley 11/2022, de 20 de septiembre, contra la Violencia de Género de La Rioja."
2022-10-04,238,1,BOE-A-2022-16128,COMUNIDAD FORAL DE NAVARRA,autonómico,Ley,135982,135984,"Ley Foral 25/2022, de 19 de septiembre, por la que se modifica la Ley Foral 19/2022, de 1 de julio, de medidas para la realización de los procesos de estabilización derivados de la Ley 20/2021, de 28 de diciembre, de medidas urgentes para la reducción de la temporalidad en el empleo público, en las Administraciones Públicas de Navarra."
2022-10-05,239,1,BOE-A-2022-16189,JEFATURA DEL ESTADO,estatal,Corrección,136339,136339,"Corrección de errores de la Ley Orgánica 10/2022, de 6 de septiembre, de garantía integral de la libertad sexual."
2022-10-05,239,1,BOE-A-2022-16190,CORTES GENERALES,estatal,Resolución,136340,136340,"Resolución de 29 de septiembre de 2022, del Congreso de los Diputados, por la que se ordena la publicación del Acuerdo de convalidación del Real Decreto-ley 16/2022, de 6 de septiembre, para la mejora de las condiciones de trabajo y de Seguridad Social de las personas trabajadoras al servicio del hogar."
2022-10-05,239,1,BOE-A-2022-16191,MINISTERIO DE HACIENDA Y FUNCIÓN PÚBLICA,estatal,Real Decreto,136341,136351,"Real Decreto 798/2022, de 4 de octubre, por el que se modifican el Real Decreto 139/2020, de 28 de enero, por el que se establece la estructura orgánica básica de los departamentos ministeriales, y el Real Decreto 403/2020, de 25 de febrero, por el que se desarrolla la estructura orgánica básica del Ministerio de Asuntos Económicos y Transformación Digital."
2022-10-05,239,1,BOE-A-2022-16192,MINISTERIO DE HACIENDA Y FUNCIÓN PÚBLICA,estatal,Orden,136352,136362,"Orden HFP/941/2022, de 3 de octubre, por la que se establece el procedimiento para la devolución parcial del Impuesto sobre Hidrocarburos por el gasóleo de uso profesional y por la que se modifica la Orden EHA/993/2010, de 21 de abril, por la que se establece el procedimiento para la devolución parcial de las cuotas del Impuesto sobre Hidrocarburos soportadas por los agricultores y ganaderos."
2022-10-05,239,1,BOE-A-2022-16193,"MINISTERIO DE TRANSPORTES, MOVILIDAD Y AGENDA URBANA",estatal,Real Decreto,136363,136370,"Real Decreto 799/2022, de 4 de octubre, por el que se regula la concesión directa de una subvención a la Comunidad Autónoma de Castilla-La Mancha para la financiación de servicios de movilidad territorial en la provincia de Cuenca."
2022-10-05,239,1,BOE-A-2022-16194,MINISTERIO DE EDUCACIÓN Y FORMACIÓN PROFESIONAL,estatal,Real Decreto,136371,136384,"Real Decreto 800/2022, de 4 de octubre, por el que se regula la integración del profesorado del Cuerpo, a extinguir, de Profesores Técnicos de Formación Profesional en el Cuerpo de Profesores de Enseñanza Secundaria, y se modifican diversos reales decretos relativos al profesorado de enseñanzas no universitarias."
2022-10-05,239,1,BOE-A-2022-16195,MINISTERIO DE EDUCACIÓN Y FORMACIÓN PROFESIONAL,estatal,Real Decreto,136385,136398,"Real Decreto 801/2022, de 4 de octubre, por el que se regula la concesión directa de una subvención a la Cámara Oficial de Comercio, Industria, Servicios y Navegación de España para la realización de las actuaciones dirigidas a garantizar la información, asesoramiento y acompañamiento de los ciudadanos susceptibles de acudir al procedimiento de acreditación de las competencias profesionales regulado en el Real Decreto 1224/2009, de 17 de julio, de reconocimiento de las competencias profesionales adquiridas por experiencia laboral, en el marco del Plan de Recuperación, Transformación y Resiliencia."
2022-10-05,239,1,BOE-A-2022-16196,MINISTERIO DE EDUCACIÓN Y FORMACIÓN PROFESIONAL,estatal,Orden,136399,136430,"Orden EFP/942/2022, de 23 de septiembre, por la que se regula la oferta formativa del sistema de Formación profesional en el ámbito laboral asociada al Catálogo Nacional de Cualificaciones Profesionales efectuada por las administraciones competentes, se establecen bases reguladoras, así como las condiciones para su financiación."
2022-10-05,239,1,BOE-A-2022-16197,"MINISTERIO DE LA PRESIDENCIA, RELACIONES CON LAS CORTES Y MEMORIA DEMOCRÁTICA",estatal,Real Decreto,136431,136441,"Real Decreto 802/2022, de 4 de octubre, por el que se modifican el Reglamento de evaluaciones y ascensos del personal de la Guardia Civil, aprobado por el Real Decreto 512/2017, de 22 de mayo, y el Reglamento de ordenación de la enseñanza en la Guardia Civil, aprobado por el Real Decreto 131/2018, de 16 de marzo."
2022-10-05,239,1,BOE-A-2022-16198,"MINISTERIO DE LA PRESIDENCIA, RELACIONES CON LAS CORTES Y MEMORIA DEMOCRÁTICA",estatal,Real Decreto,136442,136457,"Real Decreto 803/2022, de 4 de octubre, por el que se aprueba el Estatuto del Organismo Autónomo Instituto Nacional de Estadística."
2022-10-06,240,1,BOE-A-2022-16278,JEFATURA DEL ESTADO,estatal,Corrección,136963,136963,"Corrección de errores de la Ley 12/2022, de 30 de junio, de regulación para el impulso de los planes de pensiones de empleo, por la que se modifica el texto refundido de la Ley de Regulación de los Planes y Fondos de Pensiones, aprobado por Real Decreto Legislativo 1/2002, de 29 de noviembre."
2022-10-06,240,1,BOE-A-2022-16279,TRIBUNAL CONSTITUCIONAL,estatal,Resolución judicial,136964,136964,"Recurso de inconstitucionalidad n.º 5041-2022, contra el artículo único de la Ley Orgánica 4/2022, de 12 de abril, por la que se modifica la Ley Orgánica 10/1995, de 23 de noviembre, del Código Penal, para penalizar el acoso a las mujeres que acuden a clínicas para la interrupción voluntaria del embarazo."
2022-10-06,240,1,BOE-A-2022-16280,TRIBUNAL CONSTITUCIONAL,estatal,Resolución judicial,136965,136965,"Cuestión de inconstitucionalidad n.º 1914-2022, en relación con el artículo 6 bis, apartado 4, de la Ley 11/1997, de 2 de diciembre, de regulación del sector eléctrico canario, conforme a su redacción en la Ley 2/2011, de 26 de enero."
2022-10-06,240,1,BOE-A-2022-16281,MINISTERIO DE ASUNTOS ECONÓMICOS Y TRANSFORMACIÓN DIGITAL,estatal,Orden,136966,137012,"Orden ETD/949/2022, de 29 de septiembre, por la que se actualizan las bases técnicas actuariales que sustentan los cálculos del sistema para la valoración de los daños y perjuicios causados a las personas en accidentes de circulación contenido en el anexo del texto refundido de la Ley sobre responsabilidad civil y seguro en la circulación de vehículos a motor, aprobado por el Real Decreto Legislativo 8/2004, de 29 de octubre."
2022-10-07,241,1,BOE-A-2022-16338,"MINISTERIO DE INDUSTRIA, COMERCIO Y TURISMO",estatal,Orden,137301,137303,"Orden ICT/953/2022, de 3 de octubre, por la que se declaran los patrones nacionales de las magnitudes fluencia neutrónica y corriente eléctrica para valores superiores a 1 000 A en corriente alterna de baja frecuencia e impulsional."
2022-10-07,241,1,BOE-A-2022-16339,COMUNIDAD AUTÓNOMA DE LAS ILLES BALEARS,autonómico,Decreto-ley,137304,137317,"Decreto-ley 8/2022, de 16 de agosto, de medidas urgentes para garantizar la gratuidad de la educación de los niños matriculados del tercer nivel de educación infantil en los centros de la red pública de escuelas infantiles y de su red complementaria a partir del mes de septiembre de 2022, y para la creación de un fondo extraordinario para compensar una parte de los descuentos del transporte interurbano a partir del 1 de septiembre de 2022 y hasta el 31 de diciembre de 2022."
2022-10-08,242,1,BOE-A-2022-16400,"MINISTERIO DE ASUNTOS EXTERIORES, UNIÓN EUROPEA Y COOPERACIÓN",estatal,Corrección,137903,137903,"Corrección de errores del texto consolidado del Acuerdo Europeo sobre trabajo de las tripulaciones de los vehículos que efectúen transportes internacionales por carretera (AETR), hecho en Ginebra el 1 de julio de 1970."
2022-10-08,242,1,BOE-A-2022-16401,MINISTERIO DE HACIENDA Y FUNCIÓN PÚBLICA,estatal,Resolución,137904,137905,"Resolución de 7 de octubre de 2022, de la Presidencia del Comisionado para el Mercado de Tabacos, por la que se publican los precios de venta al público de determinadas labores de tabaco en Expendedurías de Tabaco y Timbre del área de Península y Baleares."
2022-10-08,242,1,BOE-A-2022-16402,"MINISTERIO DE TRANSPORTES, MOVILIDAD Y AGENDA URBANA",estatal,Real Decreto,137906,137913,"Real Decreto 765/2022, de 20 de septiembre, por el que se regula el uso de aeronaves motorizadas ultraligeras (ULM)."
2022-10-08,242,1,BOE-A-2022-16403,"MINISTERIO DE LA PRESIDENCIA, RELACIONES CON LAS CORTES Y MEMORIA DEMOCRÁTICA",estatal,Orden,137914,137929,"Orden PCM/956/2022, de 6 de octubre, por la que se modifica el anexo III del Real Decreto 219/2013, de 22 de marzo, sobre restricciones a la utilización de determinadas sustancias peligrosas en aparatos eléctricos y electrónicos."
2022-10-08,242,1,BOE-A-2022-16404,"MINISTERIO DE LA PRESIDENCIA, RELACIONES CON LAS CORTES Y MEMORIA DEMOCRÁTICA",estatal,Orden,137930,137934,"Orden PCM/957/2022, de 6 de octubre, por la que se crea el órgano administrativo encargado de concluir las actividades correspondientes a la ejecución del programa de apoyo a la celebración del acontecimiento de excepcional interés público Programa ""Expo Dubai 2020""."
2022-10-08,242,1,BOE-A-2022-16405,MINISTERIO PARA LA TRANSICIÓN ECOLÓGICA Y EL RETO DEMOGRÁFICO,estatal,Resolución,137935,137937,"Resolución de 21 de septiembre de 2022, de la Confederación Hidrográfica del Júcar, O.A., por la que se establece el procedimiento para el pago por vía telemática de diversas tasas."
2022-10-08,242,1,BOE-A-2022-16406,MINISTERIO DE ASUNTOS ECONÓMICOS Y TRANSFORMACIÓN DIGITAL,estatal,Resolución,137938,137940,"Resolución de 6 de octubre de 2022, de la Secretaría General del Tesoro y Financiación Internacional, por la que se actualiza el Anexo 1 incluido en la Resolución de 4 de julio de 2017, de la Secretaría General del Tesoro y Política Financiera, por la que se define el principio de prudencia financiera aplicable a las operaciones de endeudamiento y derivados de las comunidades autónomas y entidades locales."
2022-10-08,242,1,BOE-A-2022-16407,COMUNIDAD AUTÓNOMA DE ARAGÓN,autonómico,Decreto-ley,137941,137951,"Decreto-ley 6/2022, de 12 de agosto, del Gobierno de Aragón, por el que se establecen medidas urgentes para restaurar los daños causados al medio agrario, forestal y natural por el incendio de julio de 2022 en la comarca Comunidad de Calatayud."
2022-10-10,243,1,BOE-A-2022-16435,"MINISTERIO DE ASUNTOS EXTERIORES, UNIÓN EUROPEA Y COOPERACIÓN",estatal,Tratado o acuerdo internacional,138133,138136,"Aplicación provisional del Acuerdo complementario del Convenio Básico de cooperación científica y técnica entre el Reino de España y los Estados Unidos Mexicanos para el financiamiento de programas y proyectos de cooperación, hecho ad referendum en Ciudad de México el 9 de marzo de 2022."
2022-10-11,244,1,BOE-A-2022-16517,JEFATURA DEL ESTADO,estatal,Otras,138728,138753,"Instrumento de ratificación del Acuerdo marco entre la Unión Europea y sus Estados miembros, por una parte, y Australia, por otra, hecho en Manila el 7 de agosto de 2017."
2022-10-12,245,1,BOE-A-2022-16580,"MINISTERIO DE ASUNTOS EXTERIORES, UNIÓN EUROPEA Y COOPERACIÓN",estatal,Resolución,139006,139008,"Resolución de 6 de octubre de 2022, de la Secretaría General Técnica, por la que, en virtud del artículo 24.2 de la Ley 25/2014, de 27 de noviembre, de Tratados y otros Acuerdos Internacionales, se publican los tratados internacionales bilaterales cuya vigencia ha finalizado por la entrada en vigor del Acuerdo para la terminación de los tratados bilaterales de inversión entre los Estados miembros de la Unión Europea, hecho en Bruselas el 5 de mayo de 2020."
2022-10-12,245,1,BOE-A-2022-16581,MINISTERIO DE DEFENSA,estatal,Real Decreto,139009,139015,"Real Decreto 852/2022, de 11 de octubre, por el que se modifica el Reglamento de destinos del personal militar profesional, aprobado por Real Decreto 456/2011, de 1 de abril."
2022-10-12,245,1,BOE-A-2022-16582,MINISTERIO DEL INTERIOR,estatal,Real Decreto,139016,139045,"Real Decreto 853/2022, de 11 de octubre, por el que se aprueba el Reglamento de procesos selectivos y formación de la Policía Nacional."
2022-10-12,245,1,BOE-A-2022-16583,"MINISTERIO DE AGRICULTURA, PESCA Y ALIMENTACIÓN",estatal,Real Decreto,139046,139055,"Real Decreto 854/2022, de 11 de octubre, por el que se crean la Mesa Nacional del Regadío y el Observatorio de la Sostenibilidad del Regadío."
2022-10-12,245,1,BOE-A-2022-16584,"MINISTERIO DE AGRICULTURA, PESCA Y ALIMENTACIÓN",estatal,Real Decreto,139056,139060,"Real Decreto 855/2022, de 11 de octubre, por el que se modifica el Real Decreto 532/2017, de 26 de mayo, por el que se regulan el reconocimiento y el funcionamiento de las organizaciones de productores del sector de frutas y hortalizas."
2022-10-12,245,1,BOE-A-2022-16585,"MINISTERIO DE AGRICULTURA, PESCA Y ALIMENTACIÓN",estatal,Real Decreto,139061,139066,"Real Decreto 856/2022, de 11 de octubre, por el que se modifica el Real Decreto 1179/2018, de 21 de septiembre, por el que se regulan los fondos y programas operativos de las organizaciones de productores del sector de frutas y hortalizas."
2022-10-12,245,1,BOE-A-2022-16586,"MINISTERIO DE AGRICULTURA, PESCA Y ALIMENTACIÓN",estatal,Real Decreto,139067,139145,"Real Decreto 857/2022, de 11 de octubre, por el que se regulan los fondos y programas operativos de las organizaciones de productores del sector de las frutas y hortalizas y de sus asociaciones en el marco de la intervención sectorial del Plan Estratégico de la Política Agrícola Común."
2022-10-12,245,1,BOE-A-2022-16587,MINISTERIO DE CIENCIA E INNOVACIÓN,estatal,Real Decreto,139146,139150,"Real Decreto 858/2022, de 11 de octubre, por el que se modifican los Estatutos de la Real Academia de Bellas Artes de San Fernando, aprobados por el Real Decreto 542/2004, de 13 de abril."
2022-10-12,245,1,BOE-A-2022-16588,TRIBUNAL SUPREMO,estatal,Resolución judicial,139151,139151,"Sentencia de 18 de julio de 2022, de la Sala Tercera, Sección Tercera, del Tribunal Supremo, que estima en parte el recurso contencioso-administrativo interpuesto por la mercantil Redexis Gas, SA, contra la Orden TED/1286/2020, de 29 de diciembre, por la que se establece la retribución y cánones de acceso de los almacenamientos subterráneos básicos para el año 2021."
2022-10-13,246,1,BOE-A-2022-16692,COMUNIDAD AUTÓNOMA DE CANARIAS,autonómico,Decreto-ley,139371,139376,"Decreto-ley 4/2022, de 24 de marzo, por el que se modifica el Decreto-ley 1/2022, de 20 de enero, por el que se adoptan medidas urgentes en materia urbanística y económica para la construcción o reconstrucción de viviendas habituales afectadas por la erupción volcánica en la isla de La Palma."
2022-10-14,247,1,BOE-A-2022-16754,MINISTERIO DE EDUCACIÓN Y FORMACIÓN PROFESIONAL,estatal,Corrección,139703,139705,"Corrección de errores del Real Decreto 243/2022, de 5 de abril, por el que se establecen la ordenación y las enseñanzas mínimas del Bachillerato."
2022-10-14,247,1,BOE-A-2022-16755,MINISTERIO DE TRABAJO Y ECONOMÍA SOCIAL,estatal,Resolución,139706,139711,"Resolución de 7 de octubre de 2022, de la Dirección General de Trabajo, por la que se publica la relación de fiestas laborales para el año 2023."
2022-10-14,247,1,BOE-A-2022-16756,COMUNIDAD AUTÓNOMA DE CANARIAS,autonómico,Ley,139712,139728,"Ley 3/2022, de 13 de junio, de Economía Social de Canarias."
2022-10-14,247,1,BOE-A-2022-16757,COMUNIDAD AUTÓNOMA DE CANARIAS,autonómico,Decreto-ley,139729,139741,"Decreto-ley 5/2022, de 28 de abril, de medidas urgentes para la agilización administrativa y la planificación, gestión y control de los fondos procedentes del Instrumento Europeo de Recuperación denominado «Next Generation EU», en el ámbito de la Agencia Tributaria Canaria."
2022-10-15,248,1,BOE-A-2022-16829,MINISTERIO DE HACIENDA Y FUNCIÓN PÚBLICA,estatal,Resolución,140492,140493,"Resolución de 14 de octubre de 2022, de la Presidencia del Comisionado para el Mercado de Tabacos, por la que se publican los precios de venta al público de determinadas labores de tabaco en Expendedurías de Tabaco y Timbre del área del Monopolio."
2022-10-15,248,1,BOE-A-2022-16830,MINISTERIO DE ASUNTOS ECONÓMICOS Y TRANSFORMACIÓN DIGITAL,estatal,Resolución,140494,140496,"Resolución de 14 de octubre de 2022, de la Secretaría de Estado de Economía y Apoyo a la Empresa, por la que se publica el Acuerdo del Consejo de Ministros de 11 de octubre de 2022, por el que se modifica el de 10 de mayo de 2022, por el que se establecen los términos y condiciones del primer tramo de la línea de avales a financiación concedida a empresas y autónomos establecida por el Real Decreto-ley 6/2022, de 29 de marzo, por el que se adoptan medidas urgentes en el marco del Plan Nacional de respuesta a las consecuencias económicas y sociales de la guerra en Ucrania."
2022-10-17,249,1,BOE-A-2022-16895,MINISTERIO PARA LA TRANSICIÓN ECOLÓGICA Y EL RETO DEMOGRÁFICO,estatal,Resolución,140735,140737,"Resolución de 10 de octubre de 2022, de la Dirección General de Política Energética y Minas, por la que se publican los nuevos precios de venta, antes de impuestos, de los gases licuados del petróleo por canalización."
2022-10-17,249,1,BOE-A-2022-16896,COMUNIDAD FORAL DE NAVARRA,autonómico,Ley,140738,140739,"Ley Foral 26/2022, de 29 de septiembre, de modificación de la Ley Foral 11/2005, de 9 de noviembre, de Subvenciones."
2022-10-17,249,1,BOE-A-2022-16897,COMUNIDAD FORAL DE NAVARRA,autonómico,Decreto-ley,140740,140743,"Decreto-ley Foral 3/2022, de 17 de agosto, por el que se modifica el Decreto-ley Foral 1/2022, de 13 de abril, por el que se adoptan medidas urgentes en la Comunidad Foral de Navarra en respuesta a las consecuencias económicas y sociales de la guerra en Ucrania."
2022-10-17,249,1,BOE-A-2022-16898,COMUNIDAD AUTÓNOMA DE EXTREMADURA,autonómico,Decreto-ley,140744,140762,"Decreto-ley 3/2022, de 31 de agosto, por el que se regulan ayudas temporales excepcionales en el marco del Fondo Europeo Agrícola de Desarrollo Rural (FEADER) a agricultores y pymes en respuesta a las especiales repercusiones de la invasión de Ucrania por parte de Rusia."
2022-10-17,249,1,BOE-A-2022-16899,COMUNIDAD AUTÓNOMA DE EXTREMADURA,autonómico,Decreto-ley,140763,140773,"Decreto-ley 4/2022, de 31 de agosto, por el que se regulan ayudas temporales excepcionales a titulares de explotaciones agrícolas."
2022-10-17,249,1,BOE-A-2022-16900,COMUNIDAD AUTÓNOMA DE EXTREMADURA,autonómico,Decreto-ley,140774,140782,"Decreto-ley 5/2022, de 31 de agosto, por el que se establecen medidas urgentes necesarias en la regulación del aprovechamiento de recursos minerales de litio en Extremadura."
2022-10-18,250,1,BOE-A-2022-17005,TRIBUNAL CONSTITUCIONAL,estatal,Resolución judicial,141593,141593,"Recurso de inconstitucionalidad n.º 6026-2022, contra la Ley 5/2022, de 9 de junio, por la que se modifica la Ley 20/1998, de 27 de noviembre, de Ordenación y Coordinación de los Transportes Urbanos de la Comunidad de Madrid."
2022-10-18,250,1,BOE-A-2022-17006,TRIBUNAL CONSTITUCIONAL,estatal,Resolución judicial,141594,141594,"Recurso de inconstitucionalidad n.º 6309-2022, contra el artículo 29 del Real Decreto-ley 14/2022, de 1 de agosto, de medidas de sostenibilidad económica en el ámbito del transporte, en materia de becas y ayudas al estudio, así como de medidas de ahorro, eficiencia energética y de reducción de la dependencia energética del gas natural."
2022-10-18,250,1,BOE-A-2022-17007,TRIBUNAL CONSTITUCIONAL,estatal,Resolución judicial,141595,141595,"Cuestión de inconstitucionalidad n.º 5949-2022, en relación con el artículo 7.2 de la Ley 13/2011, de 27 de mayo, de regulación del juego."
2022-10-19,251,1,BOE-A-2022-17040,JEFATURA DEL ESTADO,estatal,Real Decreto-ley,141769,141831,"Real Decreto-ley 18/2022, de 18 de octubre, por el que se aprueban medidas de refuerzo de la protección de los consumidores de energía y de contribución a la reducción del consumo de gas natural en aplicación del ""Plan + seguridad para tu energía (+SE)"", así como medidas en materia de retribuciones del personal al servicio del sector público y de protección de las personas trabajadoras agrarias eventuales afectadas por la sequía."
2022-10-19,251,1,BOE-A-2022-17041,MINISTERIO DE JUSTICIA,estatal,Real Decreto,141832,141837,"Real Decreto 882/2022, de 18 de octubre, por el que se regula el procedimiento para la selección y designación de la terna de candidatos a Fiscal Europeo y candidatos a Fiscal Europeo Delegado en España."
2022-10-19,251,1,BOE-A-2022-17042,"MINISTERIO DE LA PRESIDENCIA, RELACIONES CON LAS CORTES Y MEMORIA DEMOCRÁTICA",estatal,Real Decreto,141838,141845,"Real Decreto 885/2022, de 18 de octubre, por el que se modifica el Reglamento de planes y fondos de pensiones, aprobado por el Real Decreto 304/2004, de 20 de febrero, para el impulso de los planes de pensiones de empleo."
2022-10-19,251,1,BOE-A-2022-17043,"MINISTERIO DE LA PRESIDENCIA, RELACIONES CON LAS CORTES Y MEMORIA DEMOCRÁTICA",estatal,Real Decreto,141846,141855,"Real Decreto 886/2022, de 18 de octubre, por el que se regula la concesión directa de subvenciones a las confesiones religiosas minoritarias firmantes de acuerdos de cooperación con el Estado."
2022-10-19,251,1,BOE-A-2022-17044,MINISTERIO PARA LA TRANSICIÓN ECOLÓGICA Y EL RETO DEMOGRÁFICO,estatal,Real Decreto,141856,141861,"Real Decreto 887/2022, de 18 de octubre, por el que se regula la concesión directa de dos subvenciones, a la Comunidad Autónoma del Principado de Asturias y a la Comunidad Autónoma de la Región de Murcia, para la ejecución de obras de seguridad minera y clausura en las instalaciones de residuos mineros abandonadas denominadas ""La Soterraña"" y ""San Cristóbal I""."
2022-10-19,251,1,BOE-A-2022-17045,MINISTERIO DE UNIVERSIDADES,estatal,Real Decreto,141862,141889,"Real Decreto 889/2022, de 18 de octubre, por el que se establecen las condiciones y los procedimientos de homologación, de declaración de equivalencia y de convalidación de enseñanzas universitarias de sistemas educativos extranjeros y por el que se regula el procedimiento para establecer la correspondencia al nivel del Marco Español de Cualificaciones para la Educación Superior de los títulos universitarios oficiales pertenecientes a ordenaciones académicas anteriores."
2022-10-20,252,1,BOE-A-2022-17099,JEFATURA DEL ESTADO,estatal,Ley,142367,142421,"Ley 20/2022, de 19 de octubre, de Memoria Democrática."
2022-10-20,252,1,BOE-A-2022-17100,JEFATURA DEL ESTADO,estatal,Ley,142422,142427,"Ley 21/2022, de 19 de octubre, de creación de un fondo de compensación para las víctimas del amianto."
2022-10-20,252,1,BOE-A-2022-17101,JEFATURA DEL ESTADO,estatal,Ley,142428,142453,"Ley 22/2022, de 19 de octubre, por la que se modifica la Ley 28/1990, de 26 de diciembre, por la que se aprueba el Convenio Económico entre el Estado y la Comunidad Foral de Navarra."
2022-10-20,252,1,BOE-A-2022-17102,MINISTERIO DE SANIDAD,estatal,Orden,142454,142455,"Orden SND/984/2022, de 18 de octubre, por la que se deja sin efecto la Orden SND/425/2022, de 13 de mayo, por la que se establecen medidas de control sanitario a las personas que llegan a España a través de los puestos fronterizos terrestres de Ceuta y Melilla."
2022-10-20,252,1,BOE-A-2022-17103,MINISTERIO DE SANIDAD,estatal,Resolución,142456,142458,"Resolución de 18 de octubre de 2022, de la Dirección General de Salud Pública, relativa a las características de los certificados sanitarios en el marco de los viajes internacionales en el contexto de la pandemia por COVID-19."
2022-10-20,252,1,BOE-A-2022-17104,MINISTERIO DE SANIDAD,estatal,Resolución,142459,142460,"Resolución de 18 de octubre de 2022, de la Dirección General de Salud Pública, por la que se deja sin efecto la de 1 de abril de 2022, relativa a los controles sanitarios a realizar en los puntos de entrada de España."
2022-10-20,252,1,BOE-A-2022-17105,MINISTERIO DE DERECHOS SOCIALES Y AGENDA 2030,estatal,Real Decreto,142461,142861,"Real Decreto 888/2022, de 18 de octubre, por el que se establece el procedimiento para el reconocimiento, declaración y calificación del grado de discapacidad."
2022-10-21,253,1,BOE-A-2022-17167,MINISTERIO PARA LA TRANSICIÓN ECOLÓGICA Y EL RETO DEMOGRÁFICO,estatal,Orden,143185,143304,"Orden TED/989/2022, de 11 de octubre, por la que se establecen nuevas instalaciones tipo para el mantenimiento de los parámetros retributivos establecidos mediante la Orden TED/171/2020, de 24 de febrero, y los valores de la retribución a la operación correspondientes al segundo semestre natural del año 2020 y al primer semestre natural del año 2021, aplicables a determinadas instalaciones de producción de energía eléctrica a partir de fuentes de energía renovables, cogeneración y residuos."
2022-10-21,253,1,BOE-A-2022-17168,MINISTERIO PARA LA TRANSICIÓN ECOLÓGICA Y EL RETO DEMOGRÁFICO,estatal,Orden,143305,143474,"Orden TED/990/2022, de 11 de octubre, por la que se establecen los parámetros retributivos para el periodo comprendido entre el 1 de octubre de 2018 y el 30 de junio de 2019 como consecuencia de la disposición adicional octava del Real Decreto-ley 15/2018, de 5 de octubre, y por la que se revisan los valores de la retribución a la operación correspondientes al primer semestre natural del año 2019."
2022-10-21,253,1,BOE-A-2022-17169,MINISTERIO PARA LA TRANSICIÓN ECOLÓGICA Y EL RETO DEMOGRÁFICO,estatal,Orden,143475,143477,"Orden TED/991/2022, de 17 de octubre, por la que se autoriza un trasvase desde los embalses de Entrepeñas-Buendía, a través del acueducto Tajo-Segura, de 7,5 hm³ para el mes de octubre de 2022."
2022-10-21,253,1,BOE-A-2022-17170,MINISTERIO DE ASUNTOS ECONÓMICOS Y TRANSFORMACIÓN DIGITAL,estatal,Resolución,143478,143482,"Resolución de 20 de octubre de 2022, de la Secretaría General de Administración Digital, por la que se modifica la de 14 de julio de 2017, por la que se establecen las condiciones de uso de firma electrónica no criptográfica, en las relaciones de los interesados con los órganos administrativos de la Administración General del Estado y sus organismos públicos."
2022-10-21,253,1,BOE-A-2022-17171,"MINISTERIO DE INCLUSIÓN, SEGURIDAD SOCIAL Y MIGRACIONES",estatal,Orden,143483,143489,"Orden ISM/992/2022, de 11 de octubre, por la que se fijan para el ejercicio 2022 las bases normalizadas de cotización a la Seguridad Social, por contingencias comunes, en el Régimen Especial de la Seguridad Social para la Minería del Carbón."
2022-10-21,253,1,BOE-A-2022-17172,MINISTERIO DE UNIVERSIDADES,estatal,Resolución,143490,143492,"Resolución de 6 de octubre de 2022, de la Secretaría General de Universidades, por la que se publica el Acuerdo del Consejo de Ministros de 4 de octubre de 2022, por el que se establece el carácter oficial de determinados títulos de Doctor o Doctora y su inscripción en el Registro de Universidades, Centros y Títulos."
2022-10-21,253,1,BOE-A-2022-17173,MINISTERIO DE UNIVERSIDADES,estatal,Resolución,143493,143499,"Resolución de 11 de octubre de 2022, de la Secretaría General de Universidades, por la que se publica el Acuerdo del Consejo de Ministros de 4 de octubre de 2022, por el que se establece el carácter oficial de determinados títulos de Grado y su inscripción en el Registro de Universidades, Centros y Títulos."
2022-10-22,254,1,BOE-A-2022-17273,MINISTERIO DE HACIENDA Y FUNCIÓN PÚBLICA,estatal,Resolución,144553,144555,"Resolución de 21 de octubre de 2022, de la Presidencia del Comisionado para el Mercado de Tabacos, por la que se publican los precios de venta al público de determinadas labores de tabaco en Expendedurías de Tabaco y Timbre del área del Monopolio."
2022-10-22,254,1,BOE-A-2022-17274,MINISTERIO PARA LA TRANSICIÓN ECOLÓGICA Y EL RETO DEMOGRÁFICO,estatal,Orden,144556,144613,"Orden TED/995/2022, de 14 de octubre, por la que se establecen los valores de la retribución a la operación correspondientes al segundo semestre natural del año 2021, aplicables a determinadas instalaciones de producción de energía eléctrica a partir de fuentes de energía renovables, cogeneración y residuos."
2022-10-24,255,1,BOE-A-2022-17316,MINISTERIO DE DERECHOS SOCIALES Y AGENDA 2030,estatal,Orden,144858,144859,"Orden DSA/999/2022, de 19 de octubre, por la que se modifica la Orden DSA/159/2022, de 2 de marzo, por la que se crea una oficina de asistencia en materia de registros."
2022-10-25,256,1,BOE-A-2022-17416,"MINISTERIO DE ASUNTOS EXTERIORES, UNIÓN EUROPEA Y COOPERACIÓN",estatal,Orden,145634,145635,"Orden AUC/1005/2022, de 18 de octubre, por la que se crea la Oficina Consular Honoraria, con categoría de Consulado Honorario de España, en Edirne, en la República de Turquía."
2022-10-25,256,1,BOE-A-2022-17417,"MINISTERIO DE ASUNTOS EXTERIORES, UNIÓN EUROPEA Y COOPERACIÓN",estatal,Orden,145636,145637,"Orden AUC/1006/2022, de 18 de octubre, por la que se crea la Oficina Consular Honoraria, con categoría de Consulado Honorario de España, en Jarú, y se modifica la circunscripción de la Oficina Consular Honoraria, con categoría de Consulado Honorario de España, en Manaos, ambas en la República Federativa de Brasil."
2022-10-25,256,1,BOE-A-2022-17418,"MINISTERIO DE ASUNTOS EXTERIORES, UNIÓN EUROPEA Y COOPERACIÓN",estatal,Orden,145638,145639,"Orden AUC/1007/2022, de 18 de octubre, por la que se crea la Oficina Consular Honoraria, con categoría de Viceconsulado Honorario de España, en Blumenau, y se modifica la circunscripción de la Oficina Consular Honoraria, con categoría de Consulado Honorario de España, en Florianópolis, ambas en la República Federativa de Brasil."
2022-10-25,256,1,BOE-A-2022-17419,"MINISTERIO DE ASUNTOS EXTERIORES, UNIÓN EUROPEA Y COOPERACIÓN",estatal,Orden,145640,145640,"Orden AUC/1008/2022, de 18 de octubre, por la que se suprime la Oficina Consular Honoraria, con categoría de Consulado Honorario de España, en El Pireo, en la República Helénica."
2022-10-25,256,1,BOE-A-2022-17420,MINISTERIO PARA LA TRANSICIÓN ECOLÓGICA Y EL RETO DEMOGRÁFICO,estatal,Orden,145641,145647,"Orden TED/1009/2022, de 24 de octubre, por la que se establecen el listado de instalaciones de suministro de combustibles y carburantes obligadas a instalar infraestructuras de recarga eléctrica y las excepciones e imposibilidades técnicas para su cumplimiento."
2022-10-26,257,1,BOE-A-2022-17470,MINISTERIO DE JUSTICIA,estatal,Instrucción o circular,145802,145819,"Instrucción de 25 de octubre de 2022, de la Dirección General de Seguridad Jurídica y Fe Pública, sobre el derecho de opción a la nacionalidad española establecido en la disposición adicional octava de la Ley 20/2022, de 19 de octubre, de Memoria Democrática."
2022-10-26,257,1,BOE-A-2022-17471,MINISTERIO DE HACIENDA Y FUNCIÓN PÚBLICA,estatal,Resolución,145820,145823,"Resolución de 24 de octubre de 2022, de la Secretaría de Estado de Presupuestos y Gastos, por la que se dictan instrucciones sobre el pago al personal del Sector Público Estatal del incremento retributivo adicional del 1,5 por ciento previsto en el artículo 23 del Real Decreto-ley 18/2022, de 18 de octubre, por el que se aprueban medidas de refuerzo de la protección de los consumidores de energía y de contribución a la reducción del consumo de gas natural en aplicación del ""Plan + seguridad para tu energía (+SE)"", así como medidas en materia de retribuciones del personal al servicio del sector público y de protección de las personas trabajadoras agrarias eventuales afectadas por la sequía."
2022-10-26,257,1,BOE-A-2022-17472,"MINISTERIO DE TRANSPORTES, MOVILIDAD Y AGENDA URBANA",estatal,Real Decreto,145824,145827,"Real Decreto 901/2022, de 25 de octubre, por el que se modifica el Real Decreto 707/2015, de 24 de julio, por el que se regula el Fondo Financiero de Accesibilidad Terrestre Portuaria."
2022-10-26,257,1,BOE-A-2022-17473,"MINISTERIO DE TRANSPORTES, MOVILIDAD Y AGENDA URBANA",estatal,Real Decreto,145828,145882,"Real Decreto 902/2022, de 25 de octubre, por el que se aprueba la concesión directa, a las comunidades autónomas y a las ciudades de Ceuta y Melilla, de ayudas para la modernización de empresas privadas de transporte de viajeros prestadoras de servicios de transporte por carretera y de empresas privadas que intervienen en el transporte de mercancías por carretera, en el marco del Plan de Recuperación, Transformación y Resiliencia -Financiado por la Unión Europea- Next Generation EU."
2022-10-26,257,1,BOE-A-2022-17474,"MINISTERIO DE TRANSPORTES, MOVILIDAD Y AGENDA URBANA",estatal,Real Decreto,145883,145899,"Real Decreto 903/2022, de 25 de octubre, por el que se modifican el Real Decreto 42/2022, de 18 de enero, por el que se regula el Bono Alquiler Joven y el Plan Estatal para el acceso a la vivienda 2022-2025, así como el Real Decreto 106/2018, de 9 de marzo, por el que se regula el Plan Estatal de Vivienda 2018-2021, y el Real Decreto 853/2021, de 5 de octubre, por el que se regulan los programas de ayuda en materia de rehabilitación residencial y vivienda social del Plan de Recuperación, Transformación y Resiliencia."
2022-10-26,257,1,BOE-A-2022-17475,"MINISTERIO DE AGRICULTURA, PESCA Y ALIMENTACIÓN",estatal,Real Decreto,145900,146007,"Real Decreto 905/2022, de 25 de octubre, por el que se regula la Intervención Sectorial Vitivinícola en el marco del Plan Estratégico de la Política Agrícola Común."
2022-10-26,257,1,BOE-A-2022-17476,"MINISTERIO DE AGRICULTURA, PESCA Y ALIMENTACIÓN",estatal,Real Decreto,146008,146032,"Real Decreto 906/2022, de 25 de octubre, por el que se regula la Intervención Sectorial Apícola en el marco del Plan Estratégico de la Política Agrícola Común."
2022-10-26,257,1,BOE-A-2022-17477,"MINISTERIO DE LA PRESIDENCIA, RELACIONES CON LAS CORTES Y MEMORIA DEMOCRÁTICA",estatal,Real Decreto,146033,146056,"Real Decreto 908/2022, de 25 de octubre, por el que se aprueba el Estatuto de la Agencia Estatal Comisión Española para la Lucha Antidopaje en el Deporte y por el que se modifican el Estatuto del Consejo Superior de Deportes, aprobado por el Real Decreto 460/2015, de 5 de junio, y el Estatuto del Instituto de Salud Carlos III, aprobado por el Real Decreto 375/2001, de 6 de abril."
2022-10-26,257,1,BOE-A-2022-17478,TRIBUNAL SUPREMO,estatal,Resolución judicial,146057,146057,"Sentencia de 22 de septiembre de 2022, de la Sala Tercera del Tribunal Supremo, que declara estimar el recurso contencioso-administrativo número 418/2021 contra el Acuerdo del Consejo de Ministros de 5 de octubre, por el que se aprueba el Real Decreto por el que se modifica el Estatuto de SEPES Entidad Pública Empresarial de Suelo (SEPES), Real Decreto 855/2021, de 5 de octubre, por el que se modifica el Estatuto de SEPES Entidad Pública Empresarial de Suelo (SEPES), aprobado por Real Decreto 1525/1999, de 1 de octubre."
2022-10-27,258,1,BOE-A-2022-17522,"MINISTERIO DE ASUNTOS EXTERIORES, UNIÓN EUROPEA Y COOPERACIÓN",estatal,Tratado o acuerdo internacional,146413,146417,"Convenio entre el Reino de España y la República del Ecuador en materia de cooperación policial para la seguridad y lucha contra la delincuencia organizada transnacional, hecho en Madrid el 26 de julio de 2018."
2022-10-27,258,1,BOE-A-2022-17523,"MINISTERIO DE ASUNTOS EXTERIORES, UNIÓN EUROPEA Y COOPERACIÓN",estatal,Resolución,146418,146551,"Resolución de 24 de octubre de 2022, de la Secretaría General Técnica, sobre aplicación del artículo 24.2 de la Ley 25/2014, de 27 de noviembre, de Tratados y otros Acuerdos Internacionales."
2022-10-28,259,1,BOE-A-2022-17596,MINISTERIO DE JUSTICIA,estatal,Orden,147081,147084,"Orden JUS/1018/2022, de 24 de octubre, por la que se modifica la Orden JUS/1625/2016, de 30 de septiembre, sobre la tramitación de los procedimientos de concesión de la nacionalidad española por residencia."
2022-10-28,259,1,BOE-A-2022-17597,"MINISTERIO DE LA PRESIDENCIA, RELACIONES CON LAS CORTES Y MEMORIA DEMOCRÁTICA",estatal,Real Decreto,147085,147538,"Real Decreto 907/2022, de 25 de octubre, por el que se modifican las cuantías de determinadas tablas del sistema para la valoración de los daños y perjuicios causados a las personas en accidentes de circulación contenidas en el anexo del texto refundido de la Ley sobre responsabilidad civil y seguro en la circulación de vehículos a motor, aprobado por el Real Decreto Legislativo 8/2004, de 29 de octubre, y por el que se modifica el Real Decreto 1060/2015, de 20 de noviembre, de ordenación, supervisión y solvencia de las entidades aseguradoras y reaseguradoras, para la actualización de importes en euros en relación con el régimen especial de solvencia."
2022-10-28,259,1,BOE-A-2022-17598,MINISTERIO DE UNIVERSIDADES,estatal,Resolución,147539,147550,"Resolución de 21 de octubre de 2022, de la Secretaría General de Universidades, por la que se publica el Acuerdo del Consejo de Ministros de 18 de octubre de 2022, por el que se establece el carácter oficial de determinados títulos de Máster y su inscripción en el Registro de Universidades, Centros y Títulos."
2022-10-29,260,1,BOE-A-2022-17650,MINISTERIO DE HACIENDA Y FUNCIÓN PÚBLICA,estatal,Resolución,147847,147849,"Resolución de 28 de octubre de 2022, de la Presidencia del Comisionado para el Mercado de Tabacos, por la que se publican los precios de venta al público de determinadas labores de tabaco en Expendedurías de Tabaco y Timbre del área de Península y Baleares."
2022-10-31,261,1,BOE-A-2022-17721,MINISTERIO PARA LA TRANSICIÓN ECOLÓGICA Y EL RETO DEMOGRÁFICO,estatal,Orden,148170,148212,"Orden TED/1026/2022, de 28 de octubre, por la que se aprueba el procedimiento de gestión del sistema de garantías de origen del gas procedente de fuentes renovables."
2022-11-01,262,1,BOE-A-2022-17838,MINISTERIO DE CULTURA Y DEPORTE,estatal,Real Decreto,148739,148749,"Real Decreto 922/2022, de 31 de octubre, por el que se regula la concesión directa de subvenciones a diversas fundaciones, entidades de ámbito local y asociaciones para la puesta en marcha de acciones culturales."
2022-11-01,262,1,BOE-A-2022-17839,MINISTERIO DE CIENCIA E INNOVACIÓN,estatal,Real Decreto,148750,148757,"Real Decreto 923/2022, de 31 de octubre, por el que se regula la concesión directa de diversas subvenciones para el impulso de proyectos en materia de innovación y transferencia de conocimiento."
2022-11-01,262,1,BOE-A-2022-17840,"MINISTERIO DE INCLUSIÓN, SEGURIDAD SOCIAL Y MIGRACIONES",estatal,Resolución,148758,148758,"Resolución de 26 de octubre de 2022, de la Secretaría de Estado de la Seguridad Social y Pensiones, por la que se establece el plazo especial para el ingreso de las diferencias resultantes de la aplicación de la Orden ISM/992/2022, de 11 de octubre, por la que se fijan para el ejercicio 2022 las bases normalizadas de cotización a la Seguridad Social, por contingencias comunes, en el Régimen Especial de la Seguridad Social para la Minería del Carbón."
2022-11-02,263,1,BOE-A-2022-17976,JEFATURA DEL ESTADO,estatal,Otras,149443,149445,"Instrumento de ratificación del Protocolo Adicional a la Carta Social Europea en el que se establece un sistema de reclamaciones colectivas, hecho en Estrasburgo el 9 de noviembre de 1995."
2022-11-02,263,1,BOE-A-2022-17977,"MINISTERIO DE ASUNTOS EXTERIORES, UNIÓN EUROPEA Y COOPERACIÓN",estatal,Tratado o acuerdo internacional,149446,149451,"Acuerdo entre el Reino de España y la República de Corea sobre cooperación en el ámbito de la salud pública para la prevención y respuesta a las enfermedades, hecho en Madrid el 16 de junio de 2021."
2022-11-02,263,1,BOE-A-2022-17978,"MINISTERIO DE INCLUSIÓN, SEGURIDAD SOCIAL Y MIGRACIONES",estatal,Resolución,149452,149533,"Resolución de 11 de octubre de 2022, de la Intervención General de la Seguridad Social, por la que se aprueba la Instrucción de operatoria contable para las entidades que integran el sistema de la Seguridad Social y se modifica la de 3 de julio de 2014, por la que se aprueba la Instrucción de contabilidad para las entidades que integran el sistema de la Seguridad Social."
2022-11-02,263,1,BOE-A-2022-17979,COMUNIDAD AUTÓNOMA DE CATALUÑA,autonómico,Decreto-ley,149534,149536,"Decreto-ley 11/2022, de 30 de agosto, de autorización de atribuciones extraordinarias de recursos para hacer frente al incremento de los gastos directos de explotación de los sistemas públicos de saneamiento en alta durante los ejercicios 2022 y 2023."
2022-11-02,263,1,BOE-A-2022-17980,COMUNIDAD AUTÓNOMA DE ARAGÓN,autonómico,Decreto-ley,149537,149545,"Decreto-ley 7/2022, de 21 de septiembre, del Gobierno de Aragón, por el que se establecen medidas urgentes para restaurar los daños causados al medio agrario, forestal y natural por los incendios ocurridos los meses de junio, julio y agosto de 2022."
2022-11-03,264,1,BOE-A-2022-18037,JEFATURA DEL ESTADO,estatal,Ley,150261,150273,"Ley 23/2022, de 2 de noviembre, por la que se modifica la Ley 13/2011, de 27 de mayo, de regulación del juego."
2022-11-03,264,1,BOE-A-2022-18038,CORTES GENERALES,estatal,Resolución,150274,150274,"Resolución de 27 de octubre de 2022, del Congreso de los Diputados, por la que se ordena la publicación del Acuerdo de convalidación del Real Decreto-ley 17/2022, de 20 de septiembre, por el que se adoptan medidas urgentes en el ámbito de la energía, en la aplicación del régimen retributivo a las instalaciones de cogeneración y se reduce temporalmente el tipo del Impuesto sobre el Valor Añadido aplicable a las entregas, importaciones y adquisiciones intracomunitarias de determinados combustibles."
2022-11-03,264,1,BOE-A-2022-18039,"MINISTERIO DE AGRICULTURA, PESCA Y ALIMENTACIÓN",estatal,Orden,150275,150278,"Orden APA/1046/2022, de 28 de octubre, por la que se establecen los valores medios regionales definitivos que caracterizan a cada una de las regiones del modelo de aplicación regional para el régimen de pago básico, en el año 2022."
2022-11-03,264,1,BOE-A-2022-18040,"MINISTERIO DE LA PRESIDENCIA, RELACIONES CON LAS CORTES Y MEMORIA DEMOCRÁTICA",estatal,Orden,150279,150282,"Orden PCM/1047/2022, de 1 de noviembre, por la que se aprueba y se publica el procedimiento de valoración de los puestos de trabajo previsto en el Real Decreto 902/2020, de 13 de octubre, de igualdad retributiva entre mujeres y hombres."
2022-11-03,264,1,BOE-A-2022-18041,"MINISTERIO DE LA PRESIDENCIA, RELACIONES CON LAS CORTES Y MEMORIA DEMOCRÁTICA",estatal,Orden,150283,150285,"Orden PCM/1048/2022, de 1 de noviembre, por la que se modifica el Anexo II del Real Decreto 1205/2011, de 26 de agosto, sobre la seguridad de los juguetes."
2022-11-03,264,1,BOE-A-2022-18042,"MINISTERIO DE LA PRESIDENCIA, RELACIONES CON LAS CORTES Y MEMORIA DEMOCRÁTICA",estatal,Orden,150286,150292,"Orden PCM/1049/2022, de 1 de noviembre, por la que se crea la Comisión Interministerial de Biomonitorización Humana."
2022-11-03,264,1,BOE-A-2022-18043,MINISTERIO DE CONSUMO,estatal,Resolución,150293,150296,"Resolución de 31 de octubre de 2022, de la Dirección General de Ordenación del Juego, por la que se modifica la de 6 de octubre de 2014, por la que se aprueba la disposición que establece el modelo y contenido del informe de certificación definitiva de los sistemas técnicos de los operadores de juego y se desarrolla el procedimiento de gestión de cambios."
2022-11-03,264,1,BOE-A-2022-18044,COMUNIDAD AUTÓNOMA DEL PRINCIPADO DE ASTURIAS,autonómico,Ley,150297,150298,"Ley 7/2022, de 5 de octubre, por la que se autoriza al Consejo de Gobierno del Principado de Asturias para la adquisición de una posición mayoritaria en la sociedad Zona de Actividades Logísticas e Industriales de Asturias."
2022-11-04,265,1,BOE-A-2022-18104,MINISTERIO DE JUSTICIA,estatal,Orden,150486,150496,"Orden JUS/1052/2022, de 31 de octubre, por la que se regula el procedimiento para el reconocimiento de los derechos derivados de enfermedad profesional y de accidente en acto de servicio o como consecuencia de él, en el ámbito del mutualismo administrativo gestionado por la Mutualidad General Judicial."
2022-11-04,265,1,BOE-A-2022-18105,COMUNIDAD AUTÓNOMA DE LA RIOJA,autonómico,Ley,150497,150500,"Ley 12/2022, de 18 de octubre, de reforma de la Ley 1/2003, de 3 de marzo, de la Administración Local de La Rioja, para la admisión extraordinaria de la participación y la votación telemáticas."
2022-11-05,266,1,BOE-A-2022-18148,MINISTERIO DE HACIENDA Y FUNCIÓN PÚBLICA,estatal,Resolución,151033,151035,"Resolución de 4 de noviembre de 2022, de la Presidencia del Comisionado para el Mercado de Tabacos, por la que se publican los precios de venta al público de determinadas labores de tabaco en Expendedurías de Tabaco y Timbre del área de Península y Baleares."
2022-11-05,266,1,BOE-A-2022-18149,"MINISTERIO DE AGRICULTURA, PESCA Y ALIMENTACIÓN",estatal,Orden,151036,151039,"Orden APA/1056/2022, de 4 de noviembre, por la que se modifica el anexo I del Real Decreto 550/2014, de 27 de junio, por el que se desarrollan los requisitos y el procedimiento para el reconocimiento de las Entidades Asociativas Prioritarias y para su inscripción y baja en el Registro Nacional de Entidades Asociativas Prioritarias, previsto en la Ley 13/2013, de 2 de agosto, de fomento de la integración de cooperativas y de otras entidades asociativas de carácter agroalimentario."
2022-11-05,266,1,BOE-A-2022-18150,MINISTERIO DE ASUNTOS ECONÓMICOS Y TRANSFORMACIÓN DIGITAL,estatal,Orden,151040,151041,"Orden ETD/1057/2022, de 3 de noviembre, por la que se modifica la Orden EHA/2264/2010, de 20 de julio, por la que se dictan normas e instrucciones técnicas para la formación del censo electoral de residentes en España que sean nacionales de países con acuerdos para las elecciones municipales."
2022-11-05,266,1,BOE-A-2022-18151,COMUNIDAD AUTÓNOMA DE CASTILLA-LA MANCHA,autonómico,Ley,151042,151073,"Ley 6/2022, de 29 de julio, de la Viña y del Vino de Castilla-La Mancha."
2022-11-05,266,1,BOE-A-2022-18152,COMUNIDAD AUTÓNOMA DE CASTILLA-LA MANCHA,autonómico,Ley,151074,151081,"Ley 7/2022, de 29 de julio, de Medidas para la Agilización Administrativa de los Proyectos de Energías Renovables en Castilla-La Mancha."
2022-11-05,266,1,BOE-A-2022-18153,COMUNIDAD FORAL DE NAVARRA,autonómico,Ley,151082,151084,"Ley Foral 27/2022, de 11 de octubre, de concesión de un crédito extraordinario para los Departamentos de Cohesión Territorial y de Cultura y Deporte."
2022-11-05,266,1,BOE-A-2022-18154,COMUNIDAD FORAL DE NAVARRA,autonómico,Ley,151085,151086,"Ley Foral 28/2022, de 11 de octubre, por la que se determinan los módulos aplicables a las actuaciones protegibles en materia de vivienda en Navarra para el año 2023."
2022-11-07,267,1,BOE-A-2022-18183,TRIBUNAL CONSTITUCIONAL,estatal,Resolución judicial,151171,151171,"Recurso de inconstitucionalidad n.º 6440-2022, contra el artículo 173 de la Ley de la Generalitat Valenciana 7/2021, de 29 de diciembre, de medidas fiscales, de gestión administrativa y financiera y de organización de la Generalitat 2022, que añade un apartado 6 al artículo 7 del Decreto Legislativo 1/2021, de 18 de junio, del Consell de aprobación del texto refundido de la Ley de ordenación del territorio, urbanismo y paisaje."
2022-11-07,267,1,BOE-A-2022-18184,TRIBUNAL CONSTITUCIONAL,estatal,Resolución judicial,151172,151172,"Cuestión de inconstitucionalidad n.º 6052-2022, en relación con el Decreto-ley de la Generalitat de Cataluña 6/2022, de 30 de mayo, por el que se fijan los criterios aplicables a la elaboración, la aprobación, la validación y la revisión de los proyectos lingüísticos de los centros educativos y Ley 8/2022, de 9 de junio, sobre el uso y aprendizaje de las lenguas oficiales en la enseñanza no universitaria."
2022-11-07,267,1,BOE-A-2022-18185,MINISTERIO DE DEFENSA,estatal,Orden,151173,151176,"Orden DEF/1060/2022, de 27 de octubre, por la que se aprueban las directrices generales para el desarrollo y aplicación de los criterios y normas de garantía y uso racional de los medicamentos y productos sanitarios a los servicios y establecimientos farmacéuticos militares, en los aspectos asignados al Ministerio de Defensa."
2022-11-08,268,1,BOE-A-2022-18252,CORTES GENERALES,estatal,Resolución,151441,151441,"Resolución de 3 de noviembre de 2022, del Congreso de los Diputados, por la que se ordena la publicación del Acuerdo de convalidación del Real Decreto-ley 18/2022, de 18 de octubre, por el que se aprueban medidas de refuerzo de la protección de los consumidores de energía y de contribución a la reducción del consumo de gas natural en aplicación del ""Plan + seguridad para tu energía (+SE)"", así como medidas en materia de retribuciones del personal al servicio del sector público y de protección de las personas trabajadoras agrarias eventuales afectadas por la sequía."
2022-11-09,269,1,BOE-A-2022-18345,MINISTERIO DE EDUCACIÓN Y FORMACIÓN PROFESIONAL,estatal,Real Decreto,151915,152449,"Real Decreto 883/2022, de 18 de octubre, por el que se establecen determinadas cualificaciones profesionales de las familias profesionales Agraria, Edificación y Obra Civil, Electricidad y Electrónica, y Fabricación Mecánica, que se incluyen en el Catálogo Nacional de Cualificaciones Profesionales, y se suprime una cualificación profesional de la familia profesional Energía y Agua, establecida por el Real Decreto 716/2010, de 28 de mayo, recogida en el Catálogo Nacional de Cualificaciones Profesionales."
2022-11-09,269,1,BOE-A-2022-18346,MINISTERIO DE EDUCACIÓN Y FORMACIÓN PROFESIONAL,estatal,Real Decreto,152450,152904,"Real Decreto 884/2022, de 18 de octubre, por el que se establecen determinadas cualificaciones profesionales de las familias profesionales Hostelería y Turismo, Informática y Comunicaciones, Instalación y Mantenimiento, y Transporte y Mantenimiento de Vehículos, que se incluyen en el Catálogo Nacional de Cualificaciones Profesionales."
2022-11-09,269,1,BOE-A-2022-18347,MINISTERIO DE ASUNTOS ECONÓMICOS Y TRANSFORMACIÓN DIGITAL,estatal,Resolución,152905,152907,"Resolución de 8 de noviembre de 2022, de la Secretaría General del Tesoro y Financiación Internacional, por la que se actualiza el Anexo 1 incluido en la Resolución de 4 de julio de 2017, de la Secretaría General del Tesoro y Política Financiera, por la que se define el principio de prudencia financiera aplicable a las operaciones de endeudamiento y derivados de las comunidades autónomas y entidades locales."
2022-11-11,271,1,BOE-A-2022-18469,MINISTERIO DE HACIENDA Y FUNCIÓN PÚBLICA,estatal,Corrección,153725,153725,"Corrección de errores del Real Decreto 621/2022, de 26 de julio, por el que se modifica el Real Decreto 318/2015, de 24 de abril, por el que se delimita la zona de promoción económica de la Comunidad Autónoma de las Illes Balears."
2022-11-12,272,1,BOE-A-2022-18553,MINISTERIO DE HACIENDA Y FUNCIÓN PÚBLICA,estatal,Resolución,154483,154484,"Resolución de 11 de noviembre de 2022, de la Presidencia del Comisionado para el Mercado de Tabacos, por la que se publican los precios de venta al público de determinadas labores de tabaco en Expendedurías de Tabaco y Timbre del área de Península y Baleares."
2022-11-12,272,1,BOE-A-2022-18554,"MINISTERIO DE TRANSPORTES, MOVILIDAD Y AGENDA URBANA",estatal,Orden,154485,154488,"Orden TMA/1078/2022, de 28 de octubre, por la que se modifica la Orden FOM/606/2018, de 25 de mayo, sobre el contenido del informe anual para el transporte de mercancías peligrosas por carretera, y el modelo del anejo 3 del Real Decreto 97/2014, de 14 de febrero, por el que se regulan las operaciones de transporte de mercancías peligrosas por carretera en territorio español."
2022-11-12,272,1,BOE-A-2022-18555,COMUNIDAD AUTÓNOMA DE ARAGÓN,autonómico,Ley,154489,154511,"Ley 3/2022, de 6 de octubre, de información geográfica de Aragón."
2022-11-12,272,1,BOE-A-2022-18556,COMUNIDAD AUTÓNOMA DE ARAGÓN,autonómico,Ley,154512,154515,"Ley 4/2022, de 6 de octubre, de creación del Colegio Profesional de Higienistas Dentales de Aragón."
2022-11-12,272,1,BOE-A-2022-18557,COMUNIDAD AUTÓNOMA DE ARAGÓN,autonómico,Ley,154516,154524,"Ley 5/2022, de 6 de octubre, Reguladora del Fondo Aragonés de Financiación Municipal."
2022-11-14,273,1,BOE-A-2022-18596,MINISTERIO DE EDUCACIÓN Y FORMACIÓN PROFESIONAL,estatal,Real Decreto,154832,154860,"Real Decreto 904/2022, de 25 de octubre, por el que se establece el Curso de especialización de Formación Profesional de Grado Superior en Robótica colaborativa y se fijan los aspectos básicos del currículo."
2022-11-14,273,1,BOE-A-2022-18597,MINISTERIO PARA LA TRANSICIÓN ECOLÓGICA Y EL RETO DEMOGRÁFICO,estatal,Resolución,154861,154863,"Resolución de 10 de noviembre de 2022, de la Dirección General de Política Energética y Minas, por la que se publican los nuevos precios de venta, antes de impuestos, de los gases licuados del petróleo por canalización."
2022-11-14,273,1,BOE-A-2022-18598,MINISTERIO PARA LA TRANSICIÓN ECOLÓGICA Y EL RETO DEMOGRÁFICO,estatal,Resolución,154864,154866,"Resolución de 10 de noviembre de 2022, de la Dirección General de Política Energética y Minas, por la que se publican los nuevos precios máximos de venta, antes de impuestos, de los gases licuados del petróleo envasados, en envases de carga igual o superior a 8 kg, e inferior a 20 kg, excluidos los envases de mezcla para usos de los gases licuados del petróleo como carburante."
2022-11-14,273,1,BOE-A-2022-18599,COMUNIDAD AUTÓNOMA DE GALICIA,autonómico,Ley,154867,154932,"Ley 1/2022, de 12 de julio, de mejora de la gestión del ciclo integral del agua."
2022-11-14,273,1,BOE-A-2022-18600,COMUNIDAD AUTÓNOMA DE GALICIA,autonómico,Ley,154933,154943,"Ley 2/2022, de 6 de octubre, de medidas extraordinarias dirigidas a impulsar la provisión de puestos de difícil cobertura de determinado personal estatutario con título de especialista en ciencias de la salud del Servicio Gallego de Salud."
2022-11-14,273,1,BOE-A-2022-18601,COMUNIDAD AUTÓNOMA DE GALICIA,autonómico,Ley,154944,155004,"Ley 3/2022, de 18 de octubre, de áreas empresariales de Galicia."
2022-11-15,274,1,BOE-A-2022-18705,MINISTERIO DEL INTERIOR,estatal,Orden,155462,155463,"Orden INT/1086/2022, de 14 de noviembre, por la que se modifica la Orden INT/657/2020, de 17 de julio, por la que se modifican los criterios para la aplicación de una restricción temporal de viajes no imprescindibles desde terceros países a la Unión Europea y países asociados Schengen por razones de orden público y salud pública con motivo de la crisis sanitaria ocasionada por la COVID-19."
2022-11-15,274,1,BOE-A-2022-18706,MINISTERIO PARA LA TRANSICIÓN ECOLÓGICA Y EL RETO DEMOGRÁFICO,estatal,Resolución,155464,155465,"Resolución de 4 de noviembre de 2022, del Instituto para la Diversificación y Ahorro de la Energía, E.P.E., M.P., por la que se publica la Resolución de 27 de octubre de 2022, del Consejo de Administración, por la que se amplía el presupuesto del Programa de ayudas para actuaciones de eficiencia energética en PYME y gran empresa del sector industrial, regulado por el Real Decreto 263/2019, de 12 de abril."
2022-11-16,275,1,BOE-A-2022-18811,MINISTERIO DE JUSTICIA,estatal,Real Decreto,155943,155985,"Real Decreto 954/2022, de 15 de noviembre, de creación de setenta unidades judiciales correspondientes a la programación de 2022 y adecuación de la planta judicial."
2022-11-16,275,1,BOE-A-2022-18812,MINISTERIO DE HACIENDA Y FUNCIÓN PÚBLICA,estatal,Resolución,155986,155989,"Resolución de 14 de noviembre de 2022, de la Secretaría de Estado de Función Pública, por la que se crea el Portal de Internet de la Secretaría de Estado de Función Pública."
2022-11-16,275,1,BOE-A-2022-18813,MINISTERIO DE EDUCACIÓN Y FORMACIÓN PROFESIONAL,estatal,Real Decreto,155990,156015,"Real Decreto 921/2022, de 31 de octubre, por el que se establece el Curso de especialización de Formación Profesional de Grado Superior en Auditoría energética y se fijan los aspectos básicos del currículo."
2022-11-16,275,1,BOE-A-2022-18814,MINISTERIO DE CULTURA Y DEPORTE,estatal,Real Decreto,156016,156034,"Real Decreto 956/2022, de 15 de noviembre, por el que se regula la concesión directa de una subvención a la Universidad Nacional de Educación a Distancia para la formación en capacidades digitales a profesionales del ámbito del Patrimonio cultural, en el marco del componente 19 del Plan de Recuperación, Transformación y Resiliencia."
2022-11-16,275,1,BOE-A-2022-18815,MINISTERIO DE CULTURA Y DEPORTE,estatal,Real Decreto,156035,156048,"Real Decreto 957/2022, de 15 de noviembre, por el que se regula la concesión directa de subvenciones a salas de exhibición cinematográfica para el desarrollo de su actividad divulgadora de la diversidad cultural."
2022-11-16,275,1,BOE-A-2022-18816,MINISTERIO DE ASUNTOS ECONÓMICOS Y TRANSFORMACIÓN DIGITAL,estatal,Real Decreto,156049,156073,"Real Decreto 958/2022, de 15 de noviembre, por el que se regula la concesión directa de subvenciones a varios centros de carácter científico para impulsar las tecnologías del lenguaje, en el marco del PERTE Nueva Economía de la Lengua, del Plan de Recuperación, Transformación y Resiliencia."
2022-11-16,275,1,BOE-A-2022-18817,MINISTERIO DE ASUNTOS ECONÓMICOS Y TRANSFORMACIÓN DIGITAL,estatal,Real Decreto,156074,156113,"Real Decreto 959/2022, de 15 de noviembre, por el que se regula la concesión directa de una subvención a centros y fundaciones públicos de investigación y universidades públicas españolas para la realización de proyectos innovadores en el área de computación en la nube del Programa UNICO I+D Cloud, en el marco del Plan de Recuperación, Transformación y Resiliencia -Financiado por la Unión Europea- Next Generation EU."
2022-11-16,275,1,BOE-A-2022-18818,MINISTERIO DE ASUNTOS ECONÓMICOS Y TRANSFORMACIÓN DIGITAL,estatal,Real Decreto,156114,156140,"Real Decreto 960/2022, de 15 de noviembre, por el que se regula la concesión directa de una subvención a organismos públicos de gestión de protección civil y emergencias de la Comunidad Autónoma de Extremadura, la Comunitat Valenciana y el Ayuntamiento de Madrid para desarrollar, implementar y validar servicios y comunicaciones 5G para emergencias, en el marco del Plan de Recuperación, Transformación y Resiliencia -Financiado por la Unión Europea- Next Generation EU."
2022-11-16,275,1,BOE-A-2022-18819,MINISTERIO DE CIENCIA E INNOVACIÓN,estatal,Real Decreto,156141,156147,"Real Decreto 961/2022, de 15 de noviembre, por el que se regula la concesión directa de una subvención a la Fundación PRIMA para contribuir a sus gastos de funcionamiento en España."
2022-11-17,276,1,BOE-A-2022-18896,"MINISTERIO DE TRANSPORTES, MOVILIDAD Y AGENDA URBANA",estatal,Corrección,156475,156475,"Corrección de erratas del Real Decreto 903/2022, de 25 de octubre, por el que se modifican el Real Decreto 42/2022, de 18 de enero, por el que se regula el Bono Alquiler Joven y el Plan Estatal para el acceso a la vivienda 2022-2025, así como el Real Decreto 106/2018, de 9 de marzo, por el que se regula el Plan Estatal de Vivienda 2018-2021, y el Real Decreto 853/2021, de 5 de octubre, por el que se regulan los programas de ayuda en materia de rehabilitación residencial y vivienda social del Plan de Recuperación, Transformación y Resiliencia."
2022-11-17,276,1,BOE-A-2022-18897,"MINISTERIO DE INCLUSIÓN, SEGURIDAD SOCIAL Y MIGRACIONES",estatal,Resolución,156476,156478,"Resolución de 7 de noviembre de 2022, de la Secretaría de Estado de la Seguridad Social y Pensiones, por la que se prorroga para 2023 la planificación general de las actividades preventivas de la Seguridad Social a desarrollar por las mutuas colaboradoras con la Seguridad Social establecida para 2022 en la Resolución de 29 de abril de 2022."
2022-11-17,276,1,BOE-A-2022-18898,COMUNIDAD AUTÓNOMA DE LA RIOJA,autonómico,Ley,156479,156491,"Ley 13/2022, de 2 de noviembre, de creación de la Agencia Riojana de Transición Energética y Cambio Climático."
2022-11-18,277,1,BOE-A-2022-19008,MINISTERIO DE HACIENDA Y FUNCIÓN PÚBLICA,estatal,Orden,156960,156965,"Orden HFP/1102/2022, de 16 de noviembre, por la que se regulan las operaciones de cierre del ejercicio 2022 relativas al presupuesto de gastos y operaciones no presupuestarias."
2022-11-18,277,1,BOE-A-2022-19009,"MINISTERIO DE INCLUSIÓN, SEGURIDAD SOCIAL Y MIGRACIONES",estatal,Orden,156966,156972,"Orden ISM/1103/2022, de 16 de noviembre, por la que se regulan las operaciones de cierre del ejercicio 2022 para las entidades que integran el sistema de la Seguridad Social."
2022-11-19,278,1,BOE-A-2022-19085,MINISTERIO DE HACIENDA Y FUNCIÓN PÚBLICA,estatal,Resolución,157739,157746,"Resolución de 18 de noviembre de 2022, de la Presidencia del Comisionado para el Mercado de Tabacos, por la que se publican los precios de venta al público de determinadas labores de tabaco en Expendedurías de Tabaco y Timbre del área del Monopolio."
2022-11-19,278,1,BOE-A-2022-19086,"MINISTERIO DE TRANSPORTES, MOVILIDAD Y AGENDA URBANA",estatal,Orden,157747,157748,"Orden TMA/1108/2022, de 11 de noviembre, por la que se modifica la denominación de la estación de ferrocarril de ""Madrid-Puerta de Atocha"" y se modifica la Orden FOM/710/2015, de 30 de enero, por la que se aprueba el Catálogo de líneas y tramos de la Red Ferroviaria de Interés General."
2022-11-21,279,1,BOE-A-2022-19132,"MINISTERIO DE ASUNTOS EXTERIORES, UNIÓN EUROPEA Y COOPERACIÓN",estatal,Tratado o acuerdo internacional,157995,158001,"Acuerdo entre el Reino de España y la República del Perú para el intercambio y protección recíproca de información clasificada en el ámbito de la defensa, hecho en Madrid el 28 de febrero de 2019."
2022-11-21,279,1,BOE-A-2022-19133,MINISTERIO DE CONSUMO,estatal,Orden,158002,158011,"Orden CSM/1111/2022, de 18 de noviembre, por la que se crea la sede electrónica asociada y el Portal de Internet del Ministerio de Consumo, y se modifica la adscripción de la sede electrónica asociada de la Dirección General de Ordenación del Juego."
2022-11-22,280,1,BOE-A-2022-19287,"MINISTERIO DE ASUNTOS EXTERIORES, UNIÓN EUROPEA Y COOPERACIÓN",estatal,Tratado o acuerdo internacional,158970,158976,"Acuerdo internacional administrativo entre el Ministerio de Educación y Formación Profesional del Reino de España y el Departamento de Educación de Nueva Gales del Sur para el establecimiento de programas de cooperación educativa, hecho en Canberra el 7 de noviembre de 2022."
2022-11-22,280,1,BOE-A-2022-19288,"MINISTERIO DE ASUNTOS EXTERIORES, UNIÓN EUROPEA Y COOPERACIÓN",estatal,Tratado o acuerdo internacional,158977,158984,"Acuerdo internacional administrativo, para el período 2022-2023, entre el Ministerio de Sanidad del Reino de España y la Organización Mundial de la Salud, para llevar a cabo actividades de cooperación en materia de donación y trasplante de órganos, células y tejidos humanos, al amparo del Acuerdo Marco de Cooperación entre el Reino de España y la Organización Mundial de la Salud de 12 de septiembre de 2001, hecho en Madrid y Ginebra el 18 de octubre de 2022."
2022-11-22,280,1,BOE-A-2022-19289,MINISTERIO DE HACIENDA Y FUNCIÓN PÚBLICA,estatal,Orden,158985,158987,"Orden HFP/1123/2022, de 18 de noviembre, por la que se modifica la Orden HAP/2328/2014, de 11 de diciembre, por la que se aprueban los modelos 591 ""Impuesto sobre el valor de la producción de la energía eléctrica. Declaración anual de operaciones con contribuyentes"" y 588 ""Impuesto sobre el valor de la producción de la energía eléctrica. Autoliquidación por cese de actividad de enero a octubre"" y se establecen forma y procedimiento para su presentación."
2022-11-22,280,1,BOE-A-2022-19290,MINISTERIO DE HACIENDA Y FUNCIÓN PÚBLICA,estatal,Orden,158988,159009,"Orden HFP/1124/2022, de 18 de noviembre, por la que se modifican la Orden EHA/3434/2007, de 23 de noviembre, por la que se aprueban los modelos 322 de autoliquidación mensual, modelo individual, y 353 de autoliquidación mensual, modelo agregado, y el modelo 039 de comunicación de datos, correspondientes al Régimen especial del grupo de entidades en el Impuesto sobre el Valor Añadido; la Orden EHA/3786/2008, de 29 de diciembre, por la que se aprueban el modelo 303 Impuesto sobre el Valor Añadido, Autoliquidación, y el modelo 308 Impuesto sobre el Valor Añadido, solicitud de devolución: Recargo de equivalencia, artículo 30 bis del Reglamento del IVA y sujetos pasivos ocasionales y se modifican los anexos I y II de la Orden EHA/3434/2007, de 23 de noviembre, por la que se aprueban los modelos 322 de autoliquidación mensual, modelo individual, y 353 de autoliquidación mensual, modelo agregado, así como otra normativa tributaria; y la Orden EHA/3111/2009, de 5 de noviembre, por la que se aprueba el modelo 390 de declaración-resumen anual del Impuesto sobre el Valor Añadido y se modifica el anexo I de la Orden EHA/1274/2007, de 26 de abril, por la que se aprueban los modelos 036 de Declaración censal de alta, modificación y baja en el Censo de empresarios, profesionales y retenedores y 037 Declaración censal simplificada de alta, modificación y baja en el censo de empresarios, profesionales y retenedores."
2022-11-22,280,1,BOE-A-2022-19291,MINISTERIO DE HACIENDA Y FUNCIÓN PÚBLICA,estatal,Orden,159010,159011,"Orden HFP/1125/2022, de 18 de noviembre, por la que se modifica la Orden PRE/3581/2007, de 10 de diciembre, por la que se establecen los departamentos de la Agencia Estatal de Administración Tributaria y se les atribuyen funciones y competencias."
2022-11-22,280,1,BOE-A-2022-19292,"MINISTERIO DE LA PRESIDENCIA, RELACIONES CON LAS CORTES Y MEMORIA DEMOCRÁTICA",estatal,Orden,159012,159013,"Orden PCM/1126/2022, de 19 de noviembre, por la que se modifica la Orden PCM/742/2022, de 31 de julio, por la que se crea el órgano interadministrativo encargado de la ejecución del programa de apoyo a la celebración del acontecimiento de excepcional interés público ""Año de Investigación Santiago Ramón y Cajal 2022""."
2022-11-22,280,1,BOE-A-2022-19293,COMUNIDAD FORAL DE NAVARRA,autonómico,Ley,159014,159015,"Ley Foral 29/2022, de 8 de noviembre, de concesión de un crédito extraordinario, por un importe de 20.000.000 euros, para el Departamento de Desarrollo Económico y Empresarial."
2022-11-22,280,1,BOE-A-2022-19294,COMUNIDAD FORAL DE NAVARRA,autonómico,Ley,159016,159017,"Ley Foral 30/2022, de 8 de noviembre, de modificación de la Ley Foral 18/2021, de 29 de diciembre, de Presupuestos Generales de Navarra para el año 2022."
2022-11-23,281,1,BOE-A-2022-19403,JEFATURA DEL ESTADO,estatal,Real Decreto-ley,159725,159751,"Real Decreto-ley 19/2022, de 22 de noviembre, por el que se establece un Código de Buenas Prácticas para aliviar la subida de los tipos de interés en préstamos hipotecarios sobre vivienda habitual, se modifica el Real Decreto-ley 6/2012, de 9 de marzo, de medidas urgentes de protección de deudores hipotecarios sin recursos, y se adoptan otras medidas estructurales para la mejora del mercado de préstamos hipotecarios."
2022-11-23,281,1,BOE-A-2022-19404,MINISTERIO DE TRABAJO Y ECONOMÍA SOCIAL,estatal,Real Decreto,159752,159767,"Real Decreto 978/2022, de 22 de noviembre, por el que se regula la concesión directa de subvenciones, para el ejercicio presupuestario 2022, destinadas a la financiación del desarrollo de actuaciones de la inversión ""Adquisición de nuevas competencias para la transformación digital, verde y productiva"", en concreto del proyecto ""Financiación de formación (microcréditos)"", en el marco del Plan de Recuperación, Transformación y Resiliencia -Financiado por la Unión Europea- Next Generation EU."
2022-11-23,281,1,BOE-A-2022-19405,MINISTERIO DE TRABAJO Y ECONOMÍA SOCIAL,estatal,Real Decreto,159768,159783,"Real Decreto 979/2022, de 22 de noviembre, por el que se regula la concesión directa de subvenciones, para el ejercicio presupuestario 2022, destinadas a la financiación del desarrollo de actuaciones de la inversión ""Nuevos proyectos territoriales para el reequilibrio y la equidad"", en el marco del Plan de Recuperación, Transformación y Resiliencia -Financiado por la Unión Europea- Next Generation EU."
2022-11-23,281,1,BOE-A-2022-19406,"MINISTERIO DE INDUSTRIA, COMERCIO Y TURISMO",estatal,Real Decreto,159784,159793,"Real Decreto 980/2022, de 22 de noviembre, por el que se regula la concesión directa de una subvención al Ayuntamiento de Olite para las obras de iluminación del Palacio Real de Olite."
2022-11-23,281,1,BOE-A-2022-19407,"MINISTERIO DE AGRICULTURA, PESCA Y ALIMENTACIÓN",estatal,Real Decreto,159794,159803,"Real Decreto 981/2022, de 22 de noviembre, por el que se regula la concesión directa de una subvención a la Fundación Ciudad del Envase y el Embalaje para la financiación de las actuaciones necesarias para proceder a la creación del Centro Nacional de Tecnologías del Envase."
2022-11-23,281,1,BOE-A-2022-19408,MINISTERIO PARA LA TRANSICIÓN ECOLÓGICA Y EL RETO DEMOGRÁFICO,estatal,Orden,159804,159806,"Orden TED/1128/2022, de 17 de noviembre, por la que se autoriza un trasvase desde los embalses de Entrepeñas-Buendía, a través del acueducto Tajo-Segura, de 7,5 hm³ para el mes de noviembre de 2022."
2022-11-23,281,1,BOE-A-2022-19409,MINISTERIO DE ASUNTOS ECONÓMICOS Y TRANSFORMACIÓN DIGITAL,estatal,Real Decreto,159807,159814,"Real Decreto 982/2022, de 22 de noviembre, por el que se regula la concesión directa de una subvención al Gobierno de Canarias para la organización de la Conferencia Ministerial de Economía Digital de la Organización para la Cooperación y el Desarrollo Económicos."
2022-11-23,281,1,BOE-A-2022-19410,MINISTERIO DE DERECHOS SOCIALES Y AGENDA 2030,estatal,Real Decreto,159815,159825,"Real Decreto 983/2022, de 22 de noviembre, por el que se regula la concesión directa de subvenciones a los ayuntamientos de Lepe y de Moguer para impulsar la erradicación de asentamientos irregulares de personas trabajadoras temporeras en sus municipios."
2022-11-23,281,1,BOE-A-2022-19411,MINISTERIO DE UNIVERSIDADES,estatal,Real Decreto,159826,159836,"Real Decreto 985/2022, de 22 de noviembre, por el que se regula la concesión directa de subvenciones a determinadas universidades públicas y a la Conferencia de Rectores de las Universidades Españolas en el ámbito del Plan de Acción Universidad-Refugio."
2022-11-23,281,1,BOE-A-2022-19412,MINISTERIO DE UNIVERSIDADES,estatal,Real Decreto,159837,159851,"Real Decreto 986/2022, de 22 de noviembre, por el que se regula la concesión directa de diversas subvenciones a las universidades participantes en el proyecto ""Universidades Europeas"" de la Comisión Europea."
2022-11-24,282,1,BOE-A-2022-19483,TRIBUNAL CONSTITUCIONAL,estatal,Resolución judicial,160276,160276,"Recurso de inconstitucionalidad n.º 6706-2022, contra el artículo 4, apartado 4; artículo 9, apartado 1; artículo 13, apartado 2; artículo 20, apartado 2; y artículo 47, apartados 2, 3 d) y 4 d), de la Ley 15/2022, de 12 de julio, integral para la igualdad de trato y la no discriminación."
2022-11-24,282,1,BOE-A-2022-19484,TRIBUNAL CONSTITUCIONAL,estatal,Resolución judicial,160277,160277,"Recurso de inconstitucionalidad n.º 6914-2022, contra la Ley Orgánica 8/2022, de 27 de julio, de modificación de los artículos 570 bis y 599 de la Ley Orgánica 6/1985, de 1 de julio, del Poder Judicial."
2022-11-24,282,1,BOE-A-2022-19485,MINISTERIO DE JUSTICIA,estatal,Corrección,160278,160278,"Corrección de errores del Real Decreto 954/2022, de 15 de noviembre, de creación de setenta unidades judiciales correspondientes a la programación de 2022 y adecuación de la planta judicial."
2022-11-24,282,1,BOE-A-2022-19486,MINISTERIO DE EDUCACIÓN Y FORMACIÓN PROFESIONAL,estatal,Resolución,160279,160305,"Resolución de 17 de noviembre de 2022, de la Secretaría de Estado de Educación, por la que se establecen los modelos de los documentos oficiales de evaluación de Educación Primaria para el ámbito de gestión del Ministerio de Educación y Formación Profesional."
2022-11-24,282,1,BOE-A-2022-19487,COMUNIDAD DE CASTILLA Y LEÓN,autonómico,Ley,160306,160308,"Ley 1/2022, de 27 de octubre, de modificación de la Ley 7/1987, de 8 de mayo, por la que se regula el procedimiento de designación de senadores representantes de la Comunidad de Castilla y León."
2022-11-25,283,1,BOE-A-2022-19561,"MINISTERIO DE AGRICULTURA, PESCA Y ALIMENTACIÓN",estatal,Orden,160649,160655,"Orden APA/1141/2022, de 17 de noviembre, por la que se modifican los Anexos I, II, III, IV, V, VI y VII del Reglamento del Registro de Variedades Comerciales, aprobado por el Real Decreto 170/2011, de 11 de febrero."
2022-11-26,284,1,BOE-A-2022-19621,JEFATURA DEL ESTADO,estatal,Ley,161014,161017,"Ley 24/2022, de 25 de noviembre, para el reconocimiento efectivo del tiempo de prestación del servicio social de la mujer en el acceso a la pensión de jubilación parcial."
2022-11-26,284,1,BOE-A-2022-19622,"MINISTERIO DE ASUNTOS EXTERIORES, UNIÓN EUROPEA Y COOPERACIÓN",estatal,Tratado o acuerdo internacional,161018,161022,"Acuerdo del Ministerio de Educación y Formación Profesional del Reino de España y el Ministerio de Educación y Ciencia de la República de Bulgaria de cooperación sobre las secciones bilingües con un plan de estudios de educación especializada en la enseñanza intensiva de la lengua española en los institutos de educación secundaria especializada y en las escuelas de primaria y secundaria de la República de Bulgaria, hecho en Madrid y Sofía el 15 de noviembre de 2022."
2022-11-26,284,1,BOE-A-2022-19623,MINISTERIO DE HACIENDA Y FUNCIÓN PÚBLICA,estatal,Resolución,161023,161027,"Resolución de 25 de noviembre de 2022, de la Presidencia del Comisionado para el Mercado de Tabacos, por la que se publican los precios de venta al público de determinadas labores de tabaco en Expendedurías de Tabaco y Timbre del área del Monopolio."
2022-11-26,284,1,BOE-A-2022-19624,MINISTERIO DE ASUNTOS ECONÓMICOS Y TRANSFORMACIÓN DIGITAL,estatal,Resolución,161028,161032,"Resolución de 24 de noviembre de 2022, de la Secretaría de Estado de Economía y Apoyo a la Empresa, por la que se publica el Acuerdo del Consejo de Ministros de 22 de noviembre de 2022, por el que se realiza una segunda modificación del Acuerdo de 10 de mayo de 2022, por el que se establecen los términos y condiciones del primer tramo de la línea de avales a financiación concedida a empresas y autónomos establecida por el Real Decreto-ley 6/2022, de 29 de marzo, por el que se adoptan medidas urgentes en el marco del Plan Nacional de respuesta a las consecuencias económicas y sociales de la guerra en Ucrania."
2022-11-26,284,1,BOE-A-2022-19625,COMUNIDAD AUTÓNOMA DE CANARIAS,autonómico,Ley,161033,161119,"Ley 4/2022, de 31 de octubre, de Sociedades Cooperativas de Canarias."
2022-11-26,284,1,BOE-A-2022-19626,COMUNIDAD AUTÓNOMA DE CANARIAS,autonómico,Decreto-ley,161120,161124,"Decreto-ley 6/2022, de 20 de mayo, de modificación del Decreto-ley 14/2021, de 28 de octubre, por el que se regula el marco general para la tramitación de los procedimientos de concesión de ayudas con carácter de emergencia destinadas a paliar las necesidades derivadas de la situación de emergencia producida por las erupciones volcánicas en la isla de La Palma."
2022-11-26,284,1,BOE-A-2022-19627,COMUNIDAD AUTÓNOMA DE CANARIAS,autonómico,Decreto-ley,161125,161134,"Decreto-ley 7/2022, de 26 de mayo, por el que se modifica la Ley 4/2017, de 13 de julio, del Suelo y de los Espacios Naturales Protegidos de Canarias, concretamente, la disposición adicional vigesimotercera relativa a la legalización territorial de las explotaciones ganaderas, los artículos 177.1 y 180.3 y se incorpora una disposición transitoria vigesimoquinta, relativos a los planes de ordenación de los recursos naturales, así como se modifica la disposición adicional segunda del Decreto 181/2018, de 26 de diciembre, por el que se aprueba el Reglamento de Planeamiento de Canarias, el artículo 24.1 de la Ley 7/2014, de 30 de junio, de la Agencia Tributaria Canaria, y se incorpora una disposición adicional novena a la Ley 6/2006, de 17 de julio, del Patrimonio de la Comunidad Autónoma de Canarias."
2022-11-26,284,1,BOE-A-2022-19628,COMUNIDAD AUTÓNOMA DE CANARIAS,autonómico,Decreto-ley,161135,161144,"Decreto-ley 8/2022, de 23 de junio, por el que se prorroga la aplicación del tipo cero en el Impuesto General Indirecto Canario para combatir los efectos del COVID-19, se autoriza el destino de remanente del presupuesto de las universidades públicas de Canarias y se adaptan las medidas tributarias excepcionales en la isla de La Palma, al Decreto-ley 4/2022, de 24 de marzo, por el que se modifica el Decreto-ley 1/2022, de 20 de enero, por el que adoptan medidas urgentes en materia urbanística y económica para la construcción o reconstrucción de viviendas habituales afectadas por la erupción volcánica en la isla de La Palma y por el que se modifica el citado Decreto-ley."
2022-11-28,285,1,BOE-A-2022-19679,MINISTERIO DE SANIDAD,estatal,Orden,161315,162255,"Orden SND/1147/2022, de 23 de noviembre, por la que se procede a la actualización en 2022 del sistema de precios de referencia de medicamentos en el Sistema Nacional de Salud."
2022-11-28,285,1,BOE-A-2022-19680,TRIBUNAL SUPREMO,estatal,Resolución judicial,162256,162256,"Sentencia de 4 de octubre de 2022, de la Sala Tercera del Tribunal Supremo, que declara estimar parcialmente el recurso contencioso-administrativo número 151/2021 contra la disposición transitoria primera, el apartado quinto de la disposición final segunda, y la disposición final tercera del Real Decreto 159/2021, de 16 de marzo, por el que se regulan los servicios de auxilio en las vías públicas."
2022-11-29,286,1,BOE-A-2022-19829,MINISTERIO DE CULTURA Y DEPORTE,estatal,Resolución,162839,162852,"Resolución de 22 de noviembre de 2022, de la Presidencia del Consejo Superior de Deportes, por la que se aprueba la lista de sustancias y métodos prohibidos en el deporte."
2022-11-30,287,1,BOE-A-2022-19909,"MINISTERIO DE ASUNTOS EXTERIORES, UNIÓN EUROPEA Y COOPERACIÓN",estatal,Real Decreto,163284,163294,"Real Decreto 953/2022, de 15 de noviembre, por el que se regula la concesión directa de subvenciones en materia de cooperación cultural y la promoción de la educación de posgrado en Iberoamérica por la Agencia Española de Cooperación Internacional para el Desarrollo."
2022-11-30,287,1,BOE-A-2022-19910,"MINISTERIO DE TRANSPORTES, MOVILIDAD Y AGENDA URBANA",estatal,Real Decreto,163295,163304,"Real Decreto 987/2022, de 29 de noviembre, por el que se regula la concesión directa de una subvención al Colegio de Ingenieros de Caminos, Canales y Puertos para la realización de actividades de promoción de la ingeniería civil."
2022-11-30,287,1,BOE-A-2022-19911,"MINISTERIO DE LA PRESIDENCIA, RELACIONES CON LAS CORTES Y MEMORIA DEMOCRÁTICA",estatal,Real Decreto,163305,163335,"Real Decreto 988/2022, de 29 de noviembre, por el que se regula el Registro General de las Mejores Técnicas Disponibles en Explotaciones y el soporte para el cálculo, seguimiento y notificación de las emisiones en ganadería, y se modifican diversas normas en materia agraria."
2022-11-30,287,1,BOE-A-2022-19912,"MINISTERIO DE LA PRESIDENCIA, RELACIONES CON LAS CORTES Y MEMORIA DEMOCRÁTICA",estatal,Real Decreto,163336,163363,"Real Decreto 990/2022, de 29 de noviembre, sobre normas de sanidad y protección animal durante el transporte."
2022-11-30,287,1,BOE-A-2022-19913,"MINISTERIO DE LA PRESIDENCIA, RELACIONES CON LAS CORTES Y MEMORIA DEMOCRÁTICA",estatal,Real Decreto,163364,163369,"Real Decreto 991/2022, de 29 de noviembre, por el que se modifica el régimen reglamentario de competencias sancionadoras y de control oficial en materia de denominaciones de origen e indicaciones geográficas protegidas de ámbito territorial supraautonómico."
2022-11-30,287,1,BOE-A-2022-19914,"MINISTERIO DE LA PRESIDENCIA, RELACIONES CON LAS CORTES Y MEMORIA DEMOCRÁTICA",estatal,Real Decreto,163370,163385,"Real Decreto 993/2022, de 29 de noviembre, por el que se adoptan medidas de control para la importación de aparatos eléctricos y electrónicos, pilas y acumuladores procedentes de terceros países."
2022-11-30,287,1,BOE-A-2022-19915,MINISTERIO PARA LA TRANSICIÓN ECOLÓGICA Y EL RETO DEMOGRÁFICO,estatal,Real Decreto,163386,163401,"Real Decreto 995/2022, de 29 de noviembre, por el que se regula la concesión directa de subvenciones en el ámbito de la transición ecológica para actividades de interés general consideradas de interés social, financiadas con cargo a la cuota íntegra del Impuesto sobre Sociedades, prevista en la Ley de Presupuestos Generales del Estado para el año 2022."
2022-11-30,287,1,BOE-A-2022-19916,MINISTERIO DE CULTURA Y DEPORTE,estatal,Real Decreto,163402,163408,"Real Decreto 996/2022, de 29 de noviembre, por el que se regula la concesión directa de una subvención a la Fundación Deporte Joven para el desarrollo de un modelo actualizado del deporte español."
2022-11-30,287,1,BOE-A-2022-19917,MINISTERIO DE SANIDAD,estatal,Real Decreto,163409,163412,"Real Decreto 997/2022, de 29 de noviembre, por el que se modifica el Real Decreto 823/2008, de 16 de mayo, por el que se establecen los márgenes, deducciones y descuentos correspondientes a la distribución y dispensación de medicamentos de uso humano."
2022-11-30,287,1,BOE-A-2022-19918,MINISTERIO DE CIENCIA E INNOVACIÓN,estatal,Real Decreto,163413,163424,"Real Decreto 984/2022, de 22 de noviembre, por el que se establecen las Oficinas de Transferencia de Conocimiento y se crea su Registro."
2022-11-30,287,1,BOE-A-2022-19919,MINISTERIO DE CIENCIA E INNOVACIÓN,estatal,Real Decreto,163425,163431,"Real Decreto 998/2022, de 29 de noviembre, por el que se regula la concesión directa de una subvención a la Fundación Tekniker para la promoción de la transformación urbanística de la Zona II del Polo Tecnológico de la ciudad de Eibar."
2022-11-30,287,1,BOE-A-2022-19920,MINISTERIO DE CIENCIA E INNOVACIÓN,estatal,Real Decreto,163432,163441,"Real Decreto 999/2022, de 29 de noviembre, por el que se regula la concesión directa de subvenciones para el fomento de actuaciones científicas y académicas."
2022-11-30,287,1,BOE-A-2022-19921,MINISTERIO DE CIENCIA E INNOVACIÓN,estatal,Real Decreto,163442,163453,"Real Decreto 1000/2022, de 29 de noviembre, por el que se regula la concesión directa de subvenciones destinadas a la cofinanciación de la incorporación o mantenimiento, en su caso, de agentes locales de innovación por parte de los ayuntamientos de las ciudades miembros de la Red Innpulso."
2022-11-30,287,1,BOE-A-2022-19922,JUNTA ELECTORAL CENTRAL,estatal,Instrucción o circular,163454,163456,"Instrucción 1/2022, de 23 de noviembre, de la Junta Electoral Central, sobre procedimiento de acreditación mediante firma electrónica de los avales que en las elecciones municipales deben presentar las agrupaciones de electores conforme a lo dispuesto en el art. 187.3 de la Ley Orgánica del Régimen Electoral General."
2022-12-01,288,1,BOE-A-2022-20025,MINISTERIO DE HACIENDA Y FUNCIÓN PÚBLICA,estatal,Orden,164092,164161,"Orden HFP/1172/2022, de 29 de noviembre, por la que se desarrollan para el año 2023 el método de estimación objetiva del Impuesto sobre la Renta de las Personas Físicas y el régimen especial simplificado del Impuesto sobre el Valor Añadido."
2022-12-02,289,1,BOE-A-2022-20184,JEFATURA DEL ESTADO,estatal,Ley,165096,165120,"Ley 25/2022, de 1 de diciembre, sobre precursores de explosivos."
2022-12-02,289,1,BOE-A-2022-20185,"MINISTERIO DE ASUNTOS EXTERIORES, UNIÓN EUROPEA Y COOPERACIÓN",estatal,Tratado o acuerdo internacional,165121,165146,"Acuerdo suscrito entre el Ministerio del Interior del Reino de España y la Organización Internacional para las Migraciones (OIM) relativo a la realización de proyectos en las áreas temáticas de Retorno voluntario asistido y Reintegración y Gestión fronteriza integrada, hecho en Madrid el 23 de noviembre de 2022."
2022-12-02,289,1,BOE-A-2022-20186,MINISTERIO DE HACIENDA Y FUNCIÓN PÚBLICA,estatal,Resolución,165147,165151,"Resolución de 1 de diciembre de 2022, de la Presidencia del Comisionado para el Mercado de Tabacos, por la que se publican los precios de venta al público de determinadas labores de tabaco en Expendedurías de Tabaco y Timbre del área del Monopolio."
2022-12-02,289,1,BOE-A-2022-20187,"MINISTERIO DE TRANSPORTES, MOVILIDAD Y AGENDA URBANA",estatal,Orden,165152,165154,"Orden TMA/1183/2022, de 28 de noviembre, por la que se determinan para el año 2021 los costes tipo aplicables a los costes subvencionables regulados en el Real Decreto 147/2019, de 15 de marzo, sobre compensación al transporte marítimo y aéreo de mercancías no incluidas en el Anexo I del Tratado de Funcionamiento de la Unión Europea, con origen o destino en las Islas Canarias."
2022-12-02,289,1,BOE-A-2022-20188,"MINISTERIO DE TRANSPORTES, MOVILIDAD Y AGENDA URBANA",estatal,Orden,165155,165157,"Orden TMA/1184/2022, de 28 de noviembre, por la que se determinan para el año 2021 los costes tipo aplicables a los costes subvencionables regulados en el Real Decreto 552/2020, de 2 de junio, sobre compensación al transporte marítimo y aéreo de mercancías incluidas en el Anexo I del Tratado de Funcionamiento de la Unión Europea, con origen o destino en las Islas Canarias."
2022-12-02,289,1,BOE-A-2022-20189,MINISTERIO DE CULTURA Y DEPORTE,estatal,Orden,165158,165165,"Orden CUD/1185/2022, de 28 de noviembre, por la que se regula el alcance de la revisión formal de las cuentas anuales y de los planes de actuación que debe realizar el Protectorado de fundaciones de competencia estatal."
2022-12-03,290,1,BOE-A-2022-20273,"MINISTERIO DE ASUNTOS EXTERIORES, UNIÓN EUROPEA Y COOPERACIÓN",estatal,Otras,165697,165699,"Renovación del Acuerdo entre la Organización Mundial del Turismo y el Ministerio de Industria, Comercio y Turismo del Reino de España para el desarrollo de los ODS, Reto Demográfico y Turismo Rural, hecho en Madrid el 14 de noviembre de 2022."
2022-12-03,290,1,BOE-A-2022-20274,MINISTERIO DE HACIENDA Y FUNCIÓN PÚBLICA,estatal,Orden,165700,165716,"Orden HFP/1192/2022, de 1 de diciembre, por la que se modifican la Orden EHA/3895/2004, de 23 de noviembre, por la que se aprueba el modelo 198, de Declaración anual de operaciones con activos financieros y otros valores mobiliarios; la Orden EHA/3300/2008, de 7 de noviembre, por la que se aprueba el modelo 196, de Resumen anual de retenciones e ingresos a cuenta sobre rendimientos del capital mobiliario y rentas obtenidas por la contraprestación derivada de cuentas en toda clase de instituciones financieras; la Orden EHA/3514/2009, de 29 de diciembre, por la que se aprueba el modelo 181 de Declaración informativa de préstamos y créditos, y operaciones financieras relacionadas con bienes inmuebles; la Orden HAP/2118/2015, de 9 de octubre, por la que se aprueba el modelo 280, ""Declaración informativa anual de planes de ahorro a largo plazo""; la Orden HAP/2250/2015, de 23 de octubre, por la que se aprueba el modelo 184 de Declaración informativa anual a presentar por las entidades en régimen de atribución de rentas y por la que se modifican otras normas tributarias; y la Orden HAP/1695/2016, de 25 de octubre, por la que se aprueba el modelo 289, de Declaración informativa anual de cuentas financieras en el ámbito de la asistencia mutua."
2022-12-03,290,1,BOE-A-2022-20275,MINISTERIO DE POLÍTICA TERRITORIAL,estatal,Real Decreto,165717,165728,"Real Decreto 994/2022, de 29 de noviembre, de traspaso de funciones y servicios de la Administración del Estado a la Comunidad Autónoma de las Illes Balears en materia de ordenación y gestión del litoral."
2022-12-03,290,1,BOE-A-2022-20276,COMUNIDAD AUTÓNOMA DE LA REGIÓN DE MURCIA,autonómico,Ley,165729,165731,"Ley 7/2022, de 3 de noviembre, de modificación de la Ley 4/2004, de 22 de octubre, de asistencia jurídica de la Comunidad Autónoma de la Región de Murcia."
2022-12-03,290,1,BOE-A-2022-20277,COMUNIDAD AUTÓNOMA DE LA REGIÓN DE MURCIA,autonómico,Ley,165732,165789,"Ley 8/2022, de 17 de noviembre, de modificación de la Ley 1/2022, de 24 de enero, de Presupuestos Generales de la Comunidad Autónoma de la Región de Murcia para el ejercicio 2022."
2022-12-03,290,1,BOE-A-2022-20278,COMUNIDAD AUTÓNOMA DE LAS ILLES BALEARS,autonómico,Ley,165790,165814,"Ley 8/2022, de 11 de noviembre, de sucesión voluntaria paccionada o contractual de las Illes Balears."
2022-12-05,291,1,BOE-A-2022-20338,"MINISTERIO DE TRANSPORTES, MOVILIDAD Y AGENDA URBANA",estatal,Resolución,166109,166111,"Resolución de 30 de noviembre de 2022, de la Secretaría de Estado de Transportes, Movilidad y Agenda Urbana, por la que se modifica la Resolución de 12 de agosto de 2022, por la que se establecen las condiciones de aplicación de las medidas de fomento del transporte colectivo establecidas en el artículo 7 del Real Decreto-ley 14/2022, de 1 de agosto, en relación a la reducción del precio de abonos y títulos multiviaje por parte de Renfe Viajeros, S.M.E., SA, así como las relativas a la creación de títulos multiviaje y bonificación de su precio en determinados rutas de servicios ferroviarios prestados sobre la red ferroviaria de alta velocidad."
2022-12-05,291,1,BOE-A-2022-20339,MINISTERIO PARA LA TRANSICIÓN ECOLÓGICA Y EL RETO DEMOGRÁFICO,estatal,Resolución,166112,166114,"Resolución de 24 de noviembre de 2022, del Instituto para la Diversificación y Ahorro de la Energía, M.P., por la que se publica la de 21 de noviembre de 2022, del Consejo de Administración, por la que se amplía el presupuesto del Real Decreto 691/2021, de 3 de agosto, para las subvenciones a otorgar a actuaciones de rehabilitación energética en edificios existentes, en ejecución del Programa de rehabilitación energética para edificios existentes en municipios de reto demográfico (Programa PREE 5000), incluido en el Programa de regeneración y reto demográfico del Plan de rehabilitación y regeneración urbana del Plan de Recuperación, Transformación y Resiliencia, así como su concesión directa a las comunidades autónomas."
2022-12-05,291,1,BOE-A-2022-20340,MINISTERIO DE SANIDAD,estatal,Orden,166115,166157,"Orden SND/1195/2022, de 2 de diciembre, por la que se corrigen errores en la Orden SND/1147/2022, de 23 de noviembre, por la que se procede a la actualización en 2022 del sistema de precios de referencia de medicamentos en el Sistema Nacional de Salud."
2022-12-06,292,1,BOE-A-2022-20550,TRIBUNAL CONSTITUCIONAL,estatal,Resolución judicial,167220,167220,"Recurso de inconstitucionalidad n.º 7079-2022, contra el artículo 1, uno; artículo 1, cuatro; artículo 2, uno; artículo 10; artículo 29, uno; y artículo 29, cuatro, del Real Decreto-ley 14/2022, de 1 de agosto, de medidas de sostenibilidad económica en el ámbito del transporte, en materia de becas y ayudas al estudio, así como de medidas de ahorro, eficiencia energética y de reducción de la dependencia energética del gas natural."
2022-12-06,292,1,BOE-A-2022-20551,"MINISTERIO DE INDUSTRIA, COMERCIO Y TURISMO",estatal,Real Decreto,167221,167230,"Real Decreto 1008/2022, de 5 de diciembre, por el que se establecen las normas reguladoras de la concesión directa de un préstamo a la empresa Airbus Defence and Space, S.A.U., para el programa Euromale RPAS."
2022-12-06,292,1,BOE-A-2022-20552,"MINISTERIO DE INDUSTRIA, COMERCIO Y TURISMO",estatal,Real Decreto,167231,167240,"Real Decreto 1009/2022, de 5 de diciembre, por el que se establecen las normas reguladoras de la concesión directa de un préstamo a la empresa Airbus Helicopters España, S.A.U., para el programa de los helicópteros Tigre MKIII."
2022-12-06,292,1,BOE-A-2022-20553,"MINISTERIO DE INDUSTRIA, COMERCIO Y TURISMO",estatal,Real Decreto,167241,167249,"Real Decreto 1010/2022, de 5 de diciembre, por el que se regula la concesión directa de una subvención destinada a la financiación de proyectos para la reconversión industrial y social del Bages a consecuencia del cese de la actividad minera en Sallent."
2022-12-06,292,1,BOE-A-2022-20554,"MINISTERIO DE INDUSTRIA, COMERCIO Y TURISMO",estatal,Real Decreto,167250,167267,"Real Decreto 1011/2022, de 5 de diciembre, por el que se regula la concesión directa de subvenciones destinadas a la financiación de las estrategias de resiliencia turística para territorios extrapeninsulares, en el marco del Plan de Recuperación, Transformación y Resiliencia, y por el que se modifican diversos reales decretos en materia turística."
2022-12-06,292,1,BOE-A-2022-20555,"MINISTERIO DE LA PRESIDENCIA, RELACIONES CON LAS CORTES Y MEMORIA DEMOCRÁTICA",estatal,Real Decreto,167268,167299,"Real Decreto 1012/2022, de 5 de diciembre, por el que se establece la estructura orgánica de la Abogacía General del Estado, se regula la inspección de los servicios en su ámbito y se dictan normas sobre su personal."
2022-12-06,292,1,BOE-A-2022-20556,MINISTERIO DE CIENCIA E INNOVACIÓN,estatal,Real Decreto,167300,167307,"Real Decreto 1014/2022, de 5 de diciembre, por el que se regula la concesión directa de una subvención a la Federación Española de Centros Tecnológicos (FEDIT) para gastos de funcionamiento."
2022-12-07,293,1,BOE-A-2022-20662,"MINISTERIO DE ASUNTOS EXTERIORES, UNIÓN EUROPEA Y COOPERACIÓN",estatal,Tratado o acuerdo internacional,167824,167828,"Tratado entre el Reino de España representado por el Ministerio de Educación y Formación Profesional y la República Checa representada por el Ministerio de Educación, Juventud y Deporte relativo al funcionamiento y actividad de las secciones bilingües checo-españolas en los institutos de la República Checa, hecho en Praga el 16 de noviembre de 2021."
2022-12-08,294,1,BOE-A-2022-20714,MINISTERIO DE ASUNTOS ECONÓMICOS Y TRANSFORMACIÓN DIGITAL,estatal,Orden,168166,168191,"Orden ETD/1217/2022, de 29 de noviembre, por la que se regulan las declaraciones de movimientos de medios de pago en el ámbito de la prevención del blanqueo de capitales y de la financiación del terrorismo."
2022-12-08,294,1,BOE-A-2022-20715,COMUNIDAD AUTÓNOMA DE CANTABRIA,autonómico,Ley,168192,168200,"Ley 7/2022, de 3 de noviembre, de creación del Instituto Cántabro de Administración Pública ""Rafael de la Sierra""."
2022-12-09,295,1,BOE-A-2022-20804,MINISTERIO DE EDUCACIÓN Y FORMACIÓN PROFESIONAL,estatal,Resolución,169084,169154,"Resolución de 2 de diciembre de 2022, de la Secretaría de Estado de Educación, por la que se establecen los modelos de los documentos oficiales de evaluación de Bachillerato para el ámbito de gestión del Ministerio de Educación y Formación Profesional."
2022-12-10,296,1,BOE-A-2022-20872,MINISTERIO DE HACIENDA Y FUNCIÓN PÚBLICA,estatal,Resolución,169596,169602,"Resolución de 9 de diciembre de 2022, de la Presidencia del Comisionado para el Mercado de Tabacos, por la que se publican los precios de venta al público de determinadas labores de tabaco en Expendedurías de Tabaco y Timbre del área del Monopolio."
2022-12-10,296,1,BOE-A-2022-20873,MINISTERIO DE ASUNTOS ECONÓMICOS Y TRANSFORMACIÓN DIGITAL,estatal,Resolución,169603,169605,"Resolución de 9 de diciembre de 2022, de la Secretaría General del Tesoro y Financiación Internacional, por la que se actualiza el Anexo 1 incluido en la Resolución de 4 de julio de 2017, de la Secretaría General del Tesoro y Política Financiera, por la que se define el principio de prudencia financiera aplicable a las operaciones de endeudamiento y derivados de las comunidades autónomas y entidades locales."
2022-12-12,297,1,BOE-A-2022-20902,MINISTERIO DE POLÍTICA TERRITORIAL,estatal,Real Decreto,169735,169739,"Real Decreto 1013/2022, de 5 de diciembre, de ampliación de los medios traspasados a la Generalitat de Cataluña por el Real Decreto 966/1990, de 20 de julio, en materia de provisión de medios materiales y económicos para el funcionamiento de la Administración de Justicia."
2022-12-12,297,1,BOE-A-2022-20903,COMUNIDAD AUTÓNOMA DEL PAÍS VASCO,autonómico,Ley,169740,169741,"Ley 10/2022, de 7 de noviembre, por la que se autoriza a la Administración General de la Comunidad Autónoma del País Vasco a suscribir un convenio con el Ayuntamiento de Vitoria-Gasteiz, para la integración del Conservatorio Municipal de Danza José Uruñuela."
2022-12-13,298,1,BOE-A-2022-21018,"MINISTERIO DE LA PRESIDENCIA, RELACIONES CON LAS CORTES Y MEMORIA DEMOCRÁTICA",estatal,Orden,170466,170472,"Orden PCM/1231/2022, de 12 de diciembre, por la que se crean y regulan la Junta de Contratación y la Mesa de Contratación del Ministerio de la Presidencia, Relaciones con las Cortes y Memoria Democrática."
2022-12-13,298,1,BOE-A-2022-21019,COMUNIDAD AUTÓNOMA DE EXTREMADURA,autonómico,Ley,170473,170603,"Ley 5/2022, de 25 de noviembre, de medidas de mejora de los procesos de respuesta administrativa a la ciudadanía y para la prestación útil de los servicios públicos."
2022-12-14,299,1,BOE-A-2022-21134,MINISTERIO DE HACIENDA Y FUNCIÓN PÚBLICA,estatal,Real Decreto,171011,171013,"Real Decreto 955/2022, de 15 de noviembre, por el que se crea un Centro del Instituto Cervantes en Seúl, República de Corea."
2022-12-14,299,1,BOE-A-2022-21135,"MINISTERIO DE LA PRESIDENCIA, RELACIONES CON LAS CORTES Y MEMORIA DEMOCRÁTICA",estatal,Real Decreto,171014,171043,"Real Decreto 989/2022, de 29 de noviembre, por el que se establecen normas básicas para el registro de los agentes del sector lácteo, movimientos de la leche y el control en el ámbito de la producción primaria y hasta la primera descarga."
2022-12-14,299,1,BOE-A-2022-21136,"MINISTERIO DE LA PRESIDENCIA, RELACIONES CON LAS CORTES Y MEMORIA DEMOCRÁTICA",estatal,Real Decreto,171044,171053,"Real Decreto 992/2022, de 29 de noviembre, por el que se establece el marco de actuación para un uso sostenible de antibióticos en especies de interés ganadero."
2022-12-14,299,1,BOE-A-2022-21137,MINISTERIO PARA LA TRANSICIÓN ECOLÓGICA Y EL RETO DEMOGRÁFICO,estatal,Real Decreto,171054,171063,"Real Decreto 1023/2022, de 13 de diciembre, por el que se regula la concesión directa de dos subvenciones, al Ayuntamiento de Villava-Atarrabia y al Cabildo Insular de La Gomera, para la financiación de actuaciones en su territorio en el ámbito medioambiental."
2022-12-14,299,1,BOE-A-2022-21138,MINISTERIO PARA LA TRANSICIÓN ECOLÓGICA Y EL RETO DEMOGRÁFICO,estatal,Orden,171064,173166,"Orden TED/1232/2022, de 2 de diciembre, por la que se actualizan los parámetros retributivos de las instalaciones tipo aplicables a determinadas instalaciones de producción de energía eléctrica a partir de fuentes de energía renovables, cogeneración y residuos, a efectos de su aplicación al año 2022."
2022-12-14,299,1,BOE-A-2022-21139,MINISTERIO DE ASUNTOS ECONÓMICOS Y TRANSFORMACIÓN DIGITAL,estatal,Real Decreto,173167,173183,"Real Decreto 1024/2022, de 13 de diciembre, por el que se regula la concesión directa de subvenciones a asociaciones de autónomos y empresarios para la realización de actuaciones de difusión y acompañamiento entre los colectivos de autónomos, jóvenes empresarios y agricultores y ganaderos en el marco del Programa Kit Digital."
2022-12-15,300,1,BOE-A-2022-21188,MINISTERIO DEL INTERIOR,estatal,Resolución,173613,173614,"Resolución de 13 de diciembre de 2022, de la Secretaría de Estado de Seguridad, por la que se acuerda mantener el cierre parcial temporal de los puestos terrestres habilitados para la entrada y la salida de España a través de las ciudades de Ceuta y Melilla."
2022-12-15,300,1,BOE-A-2022-21189,MINISTERIO DE EDUCACIÓN Y FORMACIÓN PROFESIONAL,estatal,Resolución,173615,173694,"Resolución de 5 de diciembre de 2022, de la Secretaría de Estado de Educación, por la que se establecen los modelos de los consejos orientadores, de la certificación oficial al concluir la escolarización en Educación Secundaria Obligatoria y de los documentos oficiales de evaluación correspondientes a esta etapa educativa para el ámbito de gestión del Ministerio de Educación y Formación Profesional."
2022-12-15,300,1,BOE-A-2022-21190,MINISTERIO DE TRABAJO Y ECONOMÍA SOCIAL,estatal,Corrección,173695,173695,"Corrección de errores del Real Decreto 978/2022, de 22 de noviembre, por el que se regula la concesión directa de subvenciones, para el ejercicio presupuestario 2022, destinadas a la financiación del desarrollo de actuaciones de la inversión ""Adquisición de nuevas competencias para la transformación digital, verde y productiva"", en concreto del proyecto ""Financiación de formación (microcréditos)"", en el marco del Plan de Recuperación, Transformación y Resiliencia -Financiado por la Unión Europea- Next Generation EU."
2022-12-15,300,1,BOE-A-2022-21191,"MINISTERIO DE INCLUSIÓN, SEGURIDAD SOCIAL Y MIGRACIONES",estatal,Resolución,173696,173700,"Resolución de 5 de diciembre de 2022, de la Tesorería General de la Seguridad Social, por la que se modifica el ámbito territorial de determinadas unidades de recaudación ejecutiva de la Seguridad Social."
2022-12-16,301,1,BOE-A-2022-21309,MINISTERIO DE HACIENDA Y FUNCIÓN PÚBLICA,estatal,Resolución,174140,174143,"Resolución de 1 de diciembre de 2022, de la Secretaría de Estado de Función Pública, por la que se establece a efectos de cómputo de plazos, el calendario de días inhábiles en el ámbito de la Administración General del Estado para el año 2023."
2022-12-16,301,1,BOE-A-2022-21310,"MINISTERIO DE LA PRESIDENCIA, RELACIONES CON LAS CORTES Y MEMORIA DEMOCRÁTICA",estatal,Orden,174144,174145,"Orden PCM/1236/2022, de 15 de diciembre, por la que se modifica la Orden PCM/1231/2022, de 12 de diciembre, por la que se crean y regulan la Junta de Contratación y la Mesa de Contratación del Ministerio de la Presidencia, Relaciones con las Cortes y Memoria Democrática."
2022-12-16,301,1,BOE-A-2022-21311,"MINISTERIO DE LA PRESIDENCIA, RELACIONES CON LAS CORTES Y MEMORIA DEMOCRÁTICA",estatal,Orden,174146,174147,"Orden PCM/1237/2022, de 15 de diciembre, por la que se publica el Acuerdo del Consejo de Ministros de 13 de diciembre de 2022, por el que se prorrogan las medidas contenidas en el artículo 10 del Real Decreto-ley 38/2020, de 29 de diciembre, por el que se adoptan medidas de adaptación a la situación de Estado Tercero del Reino Unido de Gran Bretaña e Irlanda del Norte tras la finalización del periodo transitorio previsto en el Acuerdo sobre la retirada del Reino Unido de Gran Bretaña e Irlanda del Norte de la Unión Europea y de la Comunidad Europea de la Energía Atómica, de 31 de enero de 2020."
2022-12-16,301,1,BOE-A-2022-21312,FONDO DE REESTRUCTURACIÓN ORDENADA BANCARIA,estatal,Resolución,174148,174159,"Resolución de 2 de diciembre de 2022, de la Comisión Rectora del FROB, por la que se aprueba el Reglamento de Régimen Interno."
2022-12-17,302,1,BOE-A-2022-21405,MINISTERIO DE HACIENDA Y FUNCIÓN PÚBLICA,estatal,Resolución,174917,174919,"Resolución de 16 de diciembre de 2022, de la Presidencia del Comisionado para el Mercado de Tabacos, por la que se publican los precios de venta al público de determinadas labores de tabaco en Expendedurías de Tabaco y Timbre del área de Península y Baleares."
2022-12-17,302,1,BOE-A-2022-21406,MINISTERIO PARA LA TRANSICIÓN ECOLÓGICA Y EL RETO DEMOGRÁFICO,estatal,Orden,174920,174933,"Orden TED/1243/2022, de 2 de diciembre, por la que se aprueba la metodología de cálculo de la retribución de la instalación hidráulica reversible de 200 MW de Chira Soria en Gran Canaria, titularidad del operador del sistema."
2022-12-17,302,1,BOE-A-2022-21407,"MINISTERIO DE INCLUSIÓN, SEGURIDAD SOCIAL Y MIGRACIONES",estatal,Resolución,174934,174937,"Resolución de 7 de diciembre de 2022, del Instituto Social de la Marina, por la que se establece el ámbito territorial y competencial de sus direcciones provinciales."
2022-12-17,302,1,BOE-A-2022-21408,TRIBUNAL SUPREMO,estatal,Resolución judicial,174938,174938,"Auto de 29 de noviembre de 2022, de la Sala Tercera del Tribunal Supremo, que declara nula y sin efecto la resolución de la Dirección General de la Policía de 15 de noviembre de 2022, por la que se convoca oposición libre para cubrir plazas de alumnos/as de la Escuela Nacional de Policía (BOE de 18 de noviembre de 2022)."
2022-12-17,302,1,BOE-A-2022-21409,TRIBUNAL SUPREMO,estatal,Resolución judicial,174939,174939,"Auto de 5 de diciembre de 2022, de la Sala Tercera del Tribunal Supremo, que deja sin efecto el auto de esta Sala de 29 de noviembre de 2022, confirmando que la resolución de la Dirección General de la Policía de 15 de noviembre de 2022 (BOE de 18 de noviembre de 2022) debe ser interpretada y aplicada de conformidad con las correcciones introducidas en el BOE de 30 de noviembre de 2022."
2022-12-19,303,1,BOE-A-2022-21458,MINISTERIO DE HACIENDA Y FUNCIÓN PÚBLICA,estatal,Orden,175183,175186,"Orden HFP/1245/2022, de 14 de diciembre, por la que se modifica la Orden HAC/3625/2003, de 23 de diciembre, por la que se aprueba el modelo 309 de declaración-liquidación no periódica del Impuesto sobre el Valor Añadido."
2022-12-19,303,1,BOE-A-2022-21459,MINISTERIO DE HACIENDA Y FUNCIÓN PÚBLICA,estatal,Orden,175187,175192,"Orden HFP/1246/2022, de 14 de diciembre, por la que se aprueba el modelo 480 de ""Impuesto sobre las primas de seguros. Declaración resumen anual"" y se determina la forma y procedimiento para su presentación, y se modifica la Orden EHA/3127/2009, de 10 de noviembre, por la que se aprueba el modelo 190 para la Declaración del resumen anual de retenciones e ingresos a cuenta del Impuesto sobre la Renta de las Personas Físicas sobre rendimientos del trabajo y de actividades económicas, premios y determinadas ganancias patrimoniales e imputaciones de renta y se modifican otras normas tributarias."
2022-12-19,303,1,BOE-A-2022-21460,MINISTERIO PARA LA TRANSICIÓN ECOLÓGICA Y EL RETO DEMOGRÁFICO,estatal,Resolución,175193,175195,"Resolución de 12 de diciembre de 2022, de la Dirección General de Política Energética y Minas, por la que se publican los nuevos precios de venta, antes de impuestos, de los gases licuados del petróleo por canalización."
2022-12-19,303,1,BOE-A-2022-21461,COMUNIDAD AUTÓNOMA DE CASTILLA-LA MANCHA,autonómico,Ley,175196,175197,"Ley 8/2022, de 4 de noviembre, de modificación de la Ley 5/1986, de 23 de diciembre, Electoral de Castilla-La Mancha."
2022-12-20,304,1,BOE-A-2022-21574,JEFATURA DEL ESTADO,estatal,Ley,175832,175880,"Ley 26/2022, de 19 de diciembre, por la que se modifica la Ley 38/2015, de 29 de septiembre, del sector ferroviario."
2022-12-20,304,1,BOE-A-2022-21575,"MINISTERIO DE ASUNTOS EXTERIORES, UNIÓN EUROPEA Y COOPERACIÓN",estatal,Tratado o acuerdo internacional,175881,175881,"Convenio multilateral para aplicar las medidas relacionadas con los tratados fiscales para prevenir la erosión de las bases imponibles y el traslado de beneficios, hecho en París el 24 de noviembre de 2016. Notificación de España al Secretario General de la Organización para la Cooperación y el Desarrollo Económicos (OCDE), como depositario del Convenio, de conformidad con las disposiciones de su artículo 35.7."
2022-12-20,304,1,BOE-A-2022-21576,"MINISTERIO DE ASUNTOS EXTERIORES, UNIÓN EUROPEA Y COOPERACIÓN",estatal,Corrección,175882,175882,"Corrección de errores del Acuerdo del Ministerio de Educación y Formación Profesional del Reino de España y el Ministerio de Educación y Ciencia de la República de Bulgaria de cooperación sobre las secciones bilingües con un plan de estudios de educación especializada en la enseñanza intensiva de la lengua española en los institutos de educación secundaria especializada y en las escuelas de primaria y secundaria de la República de Bulgaria, hecho en Madrid y Sofía el 15 de noviembre de 2022."
2022-12-20,304,1,BOE-A-2022-21577,MINISTERIO DE HACIENDA Y FUNCIÓN PÚBLICA,estatal,Orden,175883,177931,"Orden HFP/1259/2022, de 14 de diciembre, por la que se aprueban los precios medios de venta aplicables en la gestión del Impuesto sobre Transmisiones Patrimoniales y Actos Jurídicos Documentados, Impuesto sobre Sucesiones y Donaciones e Impuesto Especial sobre Determinados Medios de Transporte."
2022-12-20,304,1,BOE-A-2022-21578,COMUNIDAD DE CASTILLA Y LEÓN,autonómico,Ley,177932,177941,"Ley 2/2022, de 1 de diciembre, de rebajas tributarias en la Comunidad de Castilla y León."
2022-12-21,305,1,BOE-A-2022-21676,JEFATURA DEL ESTADO,estatal,Ley Orgánica,178596,178597,"Ley Orgánica 13/2022, de 20 de diciembre, por la que se modifica la Ley Orgánica 10/1995, de 23 de noviembre, del Código Penal, para agravar las penas previstas para los delitos de trata de seres humanos desplazados por un conflicto armado o una catástrofe humanitaria."
2022-12-21,305,1,BOE-A-2022-21677,JEFATURA DEL ESTADO,estatal,Ley,178598,178619,"Ley 27/2022, de 20 de diciembre, de institucionalización de la evaluación de políticas públicas en la Administración General del Estado."
2022-12-21,305,1,BOE-A-2022-21678,CORTES GENERALES,estatal,Resolución,178620,178620,"Resolución de 15 de diciembre de 2022, del Congreso de los Diputados, por la que se ordena la publicación del Acuerdo de convalidación del Real Decreto-ley 19/2022, de 22 de noviembre, por el que se establece un Código de Buenas Prácticas para aliviar la subida de los tipos de interés en préstamos hipotecarios sobre vivienda habitual, se modifica el Real Decreto-ley 6/2012, de 9 de marzo, de medidas urgentes de protección de deudores hipotecarios sin recursos, y se adoptan otras medidas estructurales para la mejora del mercado de préstamos hipotecarios."
2022-12-21,305,1,BOE-A-2022-21679,MINISTERIO DE EDUCACIÓN Y FORMACIÓN PROFESIONAL,estatal,Real Decreto,178621,178638,"Real Decreto 1027/2022, de 20 de diciembre, por el que se regula la concesión directa de subvenciones a interlocutores sociales para la digitalización del sector productivo, en el marco del Plan de Recuperación, Transformación y Resiliencia -Financiado por la Unión Europea- Next Generation EU."
2022-12-21,305,1,BOE-A-2022-21680,"MINISTERIO DE AGRICULTURA, PESCA Y ALIMENTACIÓN",estatal,Real Decreto,178639,178649,"Real Decreto 1028/2022, de 20 de diciembre, por el que se desarrolla el Registro de Contratos Alimentarios."
2022-12-21,305,1,BOE-A-2022-21681,"MINISTERIO DE LA PRESIDENCIA, RELACIONES CON LAS CORTES Y MEMORIA DEMOCRÁTICA",estatal,Real Decreto,178650,178671,"Real Decreto 1021/2022, de 13 de diciembre, por el que se regulan determinados requisitos en materia de higiene de la producción y comercialización de los productos alimenticios en establecimientos de comercio al por menor."
2022-12-21,305,1,BOE-A-2022-21682,"MINISTERIO DE LA PRESIDENCIA, RELACIONES CON LAS CORTES Y MEMORIA DEMOCRÁTICA",estatal,Real Decreto,178672,178732,"Real Decreto 1029/2022, de 20 de diciembre, por el que se aprueba el Reglamento sobre protección de la salud contra los riesgos derivados de la exposición a las radiaciones ionizantes."
2022-12-21,305,1,BOE-A-2022-21683,"MINISTERIO DE LA PRESIDENCIA, RELACIONES CON LAS CORTES Y MEMORIA DEMOCRÁTICA",estatal,Real Decreto,178733,178738,"Real Decreto 1030/2022, de 20 de diciembre, por el que se modifica el Real Decreto 159/2021, de 16 de marzo, por el que se regulan los servicios de auxilio en las vías públicas."
2022-12-21,305,1,BOE-A-2022-21684,"MINISTERIO DE LA PRESIDENCIA, RELACIONES CON LAS CORTES Y MEMORIA DEMOCRÁTICA",estatal,Real Decreto,178739,178746,"Real Decreto 1031/2022, de 20 de diciembre, por el que se regula la concesión directa de una subvención al Ayuntamiento de San Sebastián de los Reyes para la financiación de las actuaciones necesarias para la exhumación e identificación de restos de personas desaparecidas víctimas de la Guerra Civil española y la Dictadura franquista, en las fosas del Cementerio Parroquial de Colmenar Viejo."
2022-12-21,305,1,BOE-A-2022-21685,"MINISTERIO DE LA PRESIDENCIA, RELACIONES CON LAS CORTES Y MEMORIA DEMOCRÁTICA",estatal,Real Decreto,178747,178754,"Real Decreto 1032/2022, de 20 de diciembre, por el que se regula la concesión directa de una subvención a la Diputación Provincial de Ciudad Real para la financiación de las actuaciones necesarias para la exhumación e identificación de restos de personas desaparecidas víctimas de la Guerra Civil española y la Dictadura franquista, en las fosas del Cementerio Municipal de Ciudad Real."
2022-12-21,305,1,BOE-A-2022-21686,MINISTERIO DE CULTURA Y DEPORTE,estatal,Real Decreto,178755,178771,"Real Decreto 1033/2022, de 20 de diciembre, por el que se regula la concesión directa de una subvención a la Asociación del Deporte Español para la formación en capacidades digitales, en el marco del componente 19 del Plan de Recuperación, Transformación y Resiliencia."
2022-12-21,305,1,BOE-A-2022-21687,MINISTERIO DE CULTURA Y DEPORTE,estatal,Real Decreto,178772,178779,"Real Decreto 1034/2022, de 20 de diciembre, por el que se regula la concesión directa de una subvención a la Real Federación Española de Fútbol para la preparación y desarrollo de la Candidatura para la Copa Mundial de la FIFA 2030."
2022-12-22,306,1,BOE-A-2022-21739,JEFATURA DEL ESTADO,estatal,Ley,179017,179060,"Ley 28/2022, de 21 de diciembre, de fomento del ecosistema de las empresas emergentes."
2022-12-22,306,1,BOE-A-2022-21740,JEFATURA DEL ESTADO,estatal,Ley,179061,179077,"Ley 29/2022, de 21 de diciembre, por la que se adapta el ordenamiento nacional al Reglamento (UE) 2018/1727 del Parlamento Europeo y del Consejo, de 14 de noviembre de 2018, sobre Eurojust, y se regulan los conflictos de jurisdicción, las redes de cooperación jurídica internacional y el personal dependiente del Ministerio de Justicia en el exterior."
2022-12-23,307,1,BOE-A-2022-21800,JEFATURA DEL ESTADO,estatal,Ley Orgánica,179570,179592,"Ley Orgánica 14/2022, de 22 de diciembre, de transposición de directivas europeas y otras disposiciones para la adaptación de la legislación penal al ordenamiento de la Unión Europea, y reforma de los delitos contra la integridad moral, desórdenes públicos y contrabando de armas de doble uso."
2022-12-23,307,1,BOE-A-2022-21801,"MINISTERIO DE ASUNTOS EXTERIORES, UNIÓN EUROPEA Y COOPERACIÓN",estatal,Tratado o acuerdo internacional,179593,179597,"Acuerdo entre la Dirección General de la Marina Mercante, en nombre del Gobierno del Reino de España, y la Autoridad de la Industria Marítima, en nombre del Gobierno de la República de las Filipinas, relativo al reconocimiento de títulos conforme a lo dispuesto en el Convenio Internacional sobre Normas de Formación, Titulación y Guardia para la Gente de Mar, 1978, en su forma enmendada, hecho en Madrid y Manila el 30 de mayo de 2022."
2022-12-23,307,1,BOE-A-2022-21802,MINISTERIO DE EDUCACIÓN Y FORMACIÓN PROFESIONAL,estatal,Orden,179598,179599,"Orden EFP/1274/2022, de 16 de diciembre, por la que se modifica la Orden EFP/1418/2018, de 27 de diciembre, por la que se crea la Junta de Contratación y se constituye la Mesa de Contratación del Ministerio de Educación y Formación Profesional."
2022-12-23,307,1,BOE-A-2022-21803,MINISTERIO DE ASUNTOS ECONÓMICOS Y TRANSFORMACIÓN DIGITAL,estatal,Resolución,179600,179602,"Resolución de 22 de diciembre de 2022, de la Secretaría General del Tesoro y Financiación Internacional, por la que se actualiza el Anexo 1 incluido en la Resolución de 4 de julio de 2017, de la Secretaría General del Tesoro y Política Financiera, por la que se define el principio de prudencia financiera aplicable a las operaciones de endeudamiento y derivados de las comunidades autónomas y entidades locales."
2022-12-23,307,1,BOE-A-2022-21804,MINISTERIO DE ASUNTOS ECONÓMICOS Y TRANSFORMACIÓN DIGITAL,estatal,Resolución,179603,179605,"Resolución de 22 de diciembre de 2022, de la Secretaría General del Tesoro y Financiación Internacional, por la que se modifica la Resolución de 4 de julio de 2017, de la Secretaría General del Tesoro y Política Financiera, por la que se define el principio de prudencia financiera aplicable a las operaciones de endeudamiento y derivados de las comunidades autónomas y entidades locales."
2022-12-24,308,1,BOE-A-2022-22127,JEFATURA DEL ESTADO,estatal,Ley,180497,180550,"Ley 30/2022, de 23 de diciembre, por la que se regulan el sistema de gestión de la Política Agrícola Común y otras materias conexas."
2022-12-24,308,1,BOE-A-2022-22128,JEFATURA DEL ESTADO,estatal,Ley,180551,181414,"Ley 31/2022, de 23 de diciembre, de Presupuestos Generales del Estado para el año 2023."
2022-12-24,308,1,BOE-A-2022-22129,JEFATURA DEL ESTADO,estatal,Otras,181415,181418,"Instrumento de Aceptación de las Enmiendas a los Anexos I y II al Protocolo del Convenio de 1979 sobre la contaminación atmosférica transfronteriza a gran distancia provocada por contaminantes orgánicos persistentes, adoptadas en Ginebra el 18 de diciembre de 2009."
2022-12-24,308,1,BOE-A-2022-22130,MINISTERIO DE HACIENDA Y FUNCIÓN PÚBLICA,estatal,Resolución,181419,181421,"Resolución de 23 de diciembre de 2022, de la Presidencia del Comisionado para el Mercado de Tabacos, por la que se publican los precios de venta al público de determinadas labores de tabaco en Expendedurías de Tabaco y Timbre del área del Monopolio."
2022-12-24,308,1,BOE-A-2022-22131,MINISTERIO PARA LA TRANSICIÓN ECOLÓGICA Y EL RETO DEMOGRÁFICO,estatal,Real Decreto,181422,181437,"Real Decreto 1022/2022, de 13 de diciembre, por el que se regula la licencia de uso de la marca «Reservas de la Biosfera Españolas»."
2022-12-24,308,1,BOE-A-2022-22132,MINISTERIO PARA LA TRANSICIÓN ECOLÓGICA Y EL RETO DEMOGRÁFICO,estatal,Orden,181438,181440,"Orden TED/1280/2022, de 20 de diciembre, por la que se autoriza un trasvase desde los embalses de Entrepeñas-Buendía, a través del acueducto Tajo-Segura, de 15 hm³ para el mes de diciembre de 2022."
2022-12-26,309,1,BOE-A-2022-22253,"MINISTERIO DE INDUSTRIA, COMERCIO Y TURISMO",estatal,Orden,182389,182394,"Orden ICT/1281/2022, de 16 de diciembre, por la que se regulan diversos aspectos relacionados con la concesión de apoyo oficial al crédito a la exportación mediante convenios de ajuste recíproco de intereses."
2022-12-27,310,1,BOE-A-2022-22470,COMUNIDAD FORAL DE NAVARRA,autonómico,Ley,184873,184957,"Ley Foral 31/2022, de 28 de noviembre, de atención a las personas con discapacidad en Navarra y garantía de sus derechos."
2022-12-27,310,1,BOE-A-2022-22471,COMUNIDAD FORAL DE NAVARRA,autonómico,Ley,184958,184962,"Ley Foral 32/2022, de 28 de noviembre, por la que se modifica la Ley Foral 15/2008, de 2 de julio, del Consejo Social de la Universidad Pública de Navarra."
2022-12-27,310,1,BOE-A-2022-22472,COMUNIDAD FORAL DE NAVARRA,autonómico,Ley,184963,184964,"Ley Foral 33/2022, de 28 de noviembre, de modificación del Decreto Foral Legislativo 4/2008, de 2 de junio, por el que se aprueba el Texto Refundido de la Ley Foral del Impuesto sobre la Renta de las Personas Físicas."
2022-12-28,311,1,BOE-A-2022-22677,JEFATURA DEL ESTADO,estatal,Ley Orgánica,185747,185749,"Ley Orgánica 15/2022, de 27 de diciembre, de reforma de la Ley Orgánica 5/2007, de 20 de abril, de reforma del Estatuto de Autonomía de Aragón."
2022-12-28,311,1,BOE-A-2022-22678,JEFATURA DEL ESTADO,estatal,Ley,185750,185753,"Ley 32/2022, de 27 de diciembre, por la que se modifica la Ley 18/2010, de 16 de julio, del régimen de cesión de tributos del Estado a la Comunidad Autónoma de Andalucía y de fijación del alcance y condiciones de dicha cesión."
2022-12-28,311,1,BOE-A-2022-22679,JEFATURA DEL ESTADO,estatal,Ley,185754,185756,"Ley 33/2022, de 27 de diciembre, por la que se modifica la Ley 26/2010, de 16 de julio, del régimen de cesión de tributos del Estado a la Comunidad Autónoma de Canarias y de fijación del alcance y condiciones de dicha cesión."
2022-12-28,311,1,BOE-A-2022-22680,JEFATURA DEL ESTADO,estatal,Ley,185757,185760,"Ley 34/2022, de 27 de diciembre, por la que se modifica la Ley 16/2010, de 16 de julio, del régimen de cesión de tributos del Estado a la Comunidad Autónoma de Cataluña y de fijación del alcance y condiciones de dicha cesión."
2022-12-28,311,1,BOE-A-2022-22681,JEFATURA DEL ESTADO,estatal,Ley,185761,185764,"Ley 35/2022, de 27 de diciembre, por la que se modifica la Ley 23/2010, de 16 de julio, del régimen de cesión de tributos del Estado a la Comunitat Valenciana y de fijación del alcance y condiciones de dicha cesión."
2022-12-28,311,1,BOE-A-2022-22682,JEFATURA DEL ESTADO,estatal,Ley,185765,185768,"Ley 36/2022, de 27 de diciembre, por la que se modifica la Ley 17/2010, de 16 de julio, del régimen de cesión de tributos del Estado a la Comunidad Autónoma de Galicia y de fijación del alcance y condiciones de dicha cesión."
2022-12-28,311,1,BOE-A-2022-22683,JEFATURA DEL ESTADO,estatal,Ley,185769,185772,"Ley 37/2022, de 27 de diciembre, por la que se modifica la Ley 28/2010, de 16 de julio, del régimen de cesión de tributos del Estado a la Comunidad Autónoma de las Illes Balears y de fijación del alcance y condiciones de dicha cesión."
2022-12-28,311,1,BOE-A-2022-22684,JEFATURA DEL ESTADO,estatal,Ley,185773,185812,"Ley 38/2022, de 27 de diciembre, para el establecimiento de gravámenes temporales energético y de entidades de crédito y establecimientos financieros de crédito y por la que se crea el impuesto temporal de solidaridad de las grandes fortunas, y se modifican determinadas normas tributarias."
2022-12-28,311,1,BOE-A-2022-22685,JEFATURA DEL ESTADO,estatal,Real Decreto-ley,185813,185937,"Real Decreto-ley 20/2022, de 27 de diciembre, de medidas de respuesta a las consecuencias económicas y sociales de la Guerra de Ucrania y de apoyo a la reconstrucción de la isla de La Palma y a otras situaciones de vulnerabilidad."
2022-12-28,311,1,BOE-A-2022-22686,MINISTERIO DE HACIENDA Y FUNCIÓN PÚBLICA,estatal,Real Decreto,185938,185949,"Real Decreto 1040/2022, de 27 de diciembre, por el que se modifican el Real Decreto 139/2020, de 28 de enero, por el que se establece la estructura orgánica básica de los departamentos ministeriales, y el Real Decreto 453/2020, de 10 de marzo, por el que se desarrolla la estructura orgánica básica del Ministerio de Justicia, y se modifica el Reglamento del Servicio Jurídico del Estado, aprobado por el Real Decreto 997/2003, de 25 de julio."
2022-12-28,311,1,BOE-A-2022-22687,"MINISTERIO DE INDUSTRIA, COMERCIO Y TURISMO",estatal,Real Decreto,185950,185954,"Real Decreto 1042/2022, de 27 de diciembre, por el que se modifica el Real Decreto 1112/2021, de 17 de diciembre, por el que se aprueba la concesión directa a la Comunidad Autónoma de Canarias de una subvención para la financiación de actuaciones en materia de promoción del turismo y de apoyo a las pequeñas y medianas empresas en la isla de La Palma (Santa Cruz de Tenerife)."
2022-12-28,311,1,BOE-A-2022-22688,"MINISTERIO DE INDUSTRIA, COMERCIO Y TURISMO",estatal,Real Decreto,185955,185961,"Real Decreto 1043/2022, de 27 de diciembre, por el que se aprueba la concesión directa a la Comunidad Autónoma de Cataluña de una subvención para la financiación de actuaciones para facilitar el desarrollo del ecosistema del vehículo eléctrico y conectado."
2022-12-28,311,1,BOE-A-2022-22689,"MINISTERIO DE LA PRESIDENCIA, RELACIONES CON LAS CORTES Y MEMORIA DEMOCRÁTICA",estatal,Real Decreto,185962,185981,"Real Decreto 1052/2022, de 27 de diciembre, por el que se regulan las zonas de bajas emisiones."
2022-12-28,311,1,BOE-A-2022-22690,MINISTERIO PARA LA TRANSICIÓN ECOLÓGICA Y EL RETO DEMOGRÁFICO,estatal,Real Decreto,185982,186068,"Real Decreto 1055/2022, de 27 de diciembre, de envases y residuos de envases."
2022-12-28,311,1,BOE-A-2022-22691,MINISTERIO PARA LA TRANSICIÓN ECOLÓGICA Y EL RETO DEMOGRÁFICO,estatal,Orden,186069,186168,"Orden TED/1295/2022, de 22 de diciembre, por la que se establecen los valores de la retribución a la operación correspondientes al segundo semestre natural del año 2022, aplicables a determinadas instalaciones de producción de energía eléctrica a partir de fuentes de energía renovables, cogeneración y residuos."
2022-12-28,311,1,BOE-A-2022-22692,MINISTERIO PARA LA TRANSICIÓN ECOLÓGICA Y EL RETO DEMOGRÁFICO,estatal,Resolución,186169,186173,"Resolución de 22 de diciembre de 2022, de la Dirección General de Política Energética y Minas, por la que se publica la tarifa de último recurso de gas natural."
2022-12-28,311,1,BOE-A-2022-22693,MINISTERIO PARA LA TRANSICIÓN ECOLÓGICA Y EL RETO DEMOGRÁFICO,estatal,Resolución,186174,186415,"Resolución de 22 de diciembre de 2022, de la Dirección General de Política Energética y Minas, por la que se aprueba el perfil de consumo y el método de cálculo a efectos de liquidación de energía, aplicables para aquellos puntos de medida tipo 4 y tipo 5 de consumidores que no dispongan de registro horario de consumo, según el Real Decreto 1110/2007, de 24 de agosto, por el que se aprueba el reglamento unificado de puntos de medida del sistema eléctrico, para el año 2023."
2022-12-28,311,1,BOE-A-2022-22694,"MINISTERIO DE INCLUSIÓN, SEGURIDAD SOCIAL Y MIGRACIONES",estatal,Real Decreto,186416,186445,"Real Decreto 1058/2022, de 27 de diciembre, sobre revalorización de las pensiones del sistema de la Seguridad Social, de las pensiones de Clases Pasivas y de otras prestaciones sociales públicas para el ejercicio 2023."
2022-12-28,311,1,BOE-A-2022-22695,"MINISTERIO DE INCLUSIÓN, SEGURIDAD SOCIAL Y MIGRACIONES",estatal,Real Decreto,186446,186449,"Real Decreto 1059/2022, de 27 de diciembre, por el que se modifica el Real Decreto 590/2022, de 19 de julio, por el que se regula la concesión directa de subvenciones a determinadas entidades para la financiación del Sistema de Acogida de Protección Internacional."
2022-12-28,311,1,BOE-A-2022-22696,COMUNIDAD AUTÓNOMA DEL PRINCIPADO DE ASTURIAS,autonómico,Ley,186450,186451,"Ley 8/2022, de 16 de noviembre, de subvención a la Fundación Metal Asturias para su liquidación ordenada y extinción."
2022-12-29,312,1,BOE-A-2022-23042,MINISTERIO DE HACIENDA Y FUNCIÓN PÚBLICA,estatal,Real Decreto,188276,188282,"Real Decreto 1039/2022, de 27 de diciembre, por el que se modifican el Reglamento del Impuesto sobre la Renta de las Personas Físicas, aprobado por el Real Decreto 439/2007, de 30 de marzo, y el Reglamento General de las actuaciones y los procedimientos de gestión e inspección tributaria y de desarrollo de las normas comunes de los procedimientos de aplicación de los tributos, aprobado por el Real Decreto 1065/2007, de 27 de julio."
2022-12-29,312,1,BOE-A-2022-23043,MINISTERIO DE EDUCACIÓN Y FORMACIÓN PROFESIONAL,estatal,Orden,188283,188290,"Orden EFP/1299/2022, de 21 de diciembre, por la que se establece el procedimiento de reconocimiento de las formaciones de entrenadores deportivos en las modalidades de atletismo, baloncesto, balonmano, judo y vela, con carácter federativo, previsto en el Real Decreto 1363/2007, de 24 de octubre."
2022-12-29,312,1,BOE-A-2022-23044,"MINISTERIO DE AGRICULTURA, PESCA Y ALIMENTACIÓN",estatal,Real Decreto,188291,188337,"Real Decreto 1044/2022, de 27 de diciembre, de ordenación de la flota pesquera."
2022-12-29,312,1,BOE-A-2022-23045,"MINISTERIO DE AGRICULTURA, PESCA Y ALIMENTACIÓN",estatal,Real Decreto,188338,188555,"Real Decreto 1045/2022, de 27 de diciembre, sobre derechos de ayuda básica a la renta para la sostenibilidad de la Política Agrícola Común."
2022-12-29,312,1,BOE-A-2022-23046,"MINISTERIO DE AGRICULTURA, PESCA Y ALIMENTACIÓN",estatal,Real Decreto,188556,188603,"Real Decreto 1046/2022, de 27 de diciembre, por el que se regula la gobernanza del Plan Estratégico de la Política Agrícola Común en España y de los fondos europeos agrícolas FEAGA y Feader."
2022-12-29,312,1,BOE-A-2022-23047,"MINISTERIO DE AGRICULTURA, PESCA Y ALIMENTACIÓN",estatal,Real Decreto,188604,188703,"Real Decreto 1047/2022, de 27 de diciembre, por el que se regula el sistema de gestión y control de las intervenciones del Plan Estratégico y otras ayudas de la Política Agrícola Común."
2022-12-29,312,1,BOE-A-2022-23048,"MINISTERIO DE AGRICULTURA, PESCA Y ALIMENTACIÓN",estatal,Real Decreto,188704,188836,"Real Decreto 1048/2022, de 27 de diciembre, sobre la aplicación, a partir de 2023, de las intervenciones en forma de pagos directos y el establecimiento de requisitos comunes en el marco del Plan Estratégico de la Política Agrícola Común, y la regulación de la solicitud única del sistema integrado de gestión y control."
2022-12-29,312,1,BOE-A-2022-23049,"MINISTERIO DE AGRICULTURA, PESCA Y ALIMENTACIÓN",estatal,Real Decreto,188837,188865,"Real Decreto 1049/2022, de 27 de diciembre, por el que se establecen las normas para la aplicación de la condicionalidad reforzada y de la condicionalidad social que deben cumplir las personas beneficiarias de las ayudas en el marco de la Política Agrícola Común que reciban pagos directos, determinados pagos anuales de desarrollo rural y del Programa de Opciones Específicas por la Lejanía y la Insularidad (POSEI)."
2022-12-29,312,1,BOE-A-2022-23050,"MINISTERIO DE AGRICULTURA, PESCA Y ALIMENTACIÓN",estatal,Orden,188866,188866,"Orden APA/1300/2022, de 28 de diciembre, por la que se fija para el año 2023 la renta de referencia."
2022-12-29,312,1,BOE-A-2022-23051,"MINISTERIO DE LA PRESIDENCIA, RELACIONES CON LAS CORTES Y MEMORIA DEMOCRÁTICA",estatal,Real Decreto,188867,188872,"Real Decreto 1050/2022, de 27 de diciembre, por el que se modifica el Real Decreto 1311/2012, de 14 de septiembre, que establece el marco de actuación para conseguir un uso sostenible de los productos fitosanitarios."
2022-12-29,312,1,BOE-A-2022-23052,"MINISTERIO DE LA PRESIDENCIA, RELACIONES CON LAS CORTES Y MEMORIA DEMOCRÁTICA",estatal,Real Decreto,188873,188916,"Real Decreto 1051/2022, de 27 de diciembre, por el que se establecen normas para la nutrición sostenible en los suelos agrarios."
2022-12-29,312,1,BOE-A-2022-23053,"MINISTERIO DE LA PRESIDENCIA, RELACIONES CON LAS CORTES Y MEMORIA DEMOCRÁTICA",estatal,Real Decreto,188917,188945,"Real Decreto 1053/2022, de 27 de diciembre, por el que se establecen normas básicas de ordenación de las granjas bovinas."
2022-12-29,312,1,BOE-A-2022-23054,"MINISTERIO DE LA PRESIDENCIA, RELACIONES CON LAS CORTES Y MEMORIA DEMOCRÁTICA",estatal,Real Decreto,188946,188966,"Real Decreto 1054/2022, de 27 de diciembre, por el que se establece y regula el Sistema de información de explotaciones agrícolas y ganaderas y de la producción agraria, así como el Registro autonómico de explotaciones agrícolas y el Cuaderno digital de explotación agrícola."
2022-12-29,312,1,BOE-A-2022-23055,MINISTERIO PARA LA TRANSICIÓN ECOLÓGICA Y EL RETO DEMOGRÁFICO,estatal,Orden,188967,188969,"Orden TED/1301/2022, de 22 de diciembre, por la que se aprueban las cuotas de la Corporación de Reservas Estratégicas de Productos Petrolíferos correspondientes al ejercicio 2023."
2022-12-29,312,1,BOE-A-2022-23056,"MINISTERIO DE INCLUSIÓN, SEGURIDAD SOCIAL Y MIGRACIONES",estatal,Orden,188970,189036,"Orden ISM/1302/2022, de 27 de diciembre, por la que se regula la gestión colectiva de contrataciones en origen para 2023."
2022-12-30,313,1,BOE-A-2022-23749,MINISTERIO DE HACIENDA Y FUNCIÓN PÚBLICA,estatal,Orden,190606,190622,"Orden HFP/1314/2022, de 28 de diciembre, por la que se aprueban el modelo 592 ""Impuesto especial sobre los envases de plástico no reutilizables. Autoliquidación"" y el modelo A22 ""Impuesto especial sobre los envases de plástico no reutilizables. Solicitud de devolución"", se determinan la forma y procedimiento para su presentación, y se regulan la inscripción en el Registro territorial, la llevanza de la contabilidad y la presentación del libro registro de existencias."
2022-12-30,313,1,BOE-A-2022-23750,MINISTERIO PARA LA TRANSICIÓN ECOLÓGICA Y EL RETO DEMOGRÁFICO,estatal,Real Decreto,190623,190646,"Real Decreto 1056/2022, de 27 de diciembre, por el que se aprueba el Plan Director de la Red de Áreas Marinas Protegidas de España y los criterios mínimos comunes de gestión coordinada y coherente de la Red."
2022-12-30,313,1,BOE-A-2022-23751,MINISTERIO PARA LA TRANSICIÓN ECOLÓGICA Y EL RETO DEMOGRÁFICO,estatal,Real Decreto,190647,190716,"Real Decreto 1057/2022, de 27 de diciembre, por el que se aprueba el Plan estratégico estatal del patrimonio natural y de la biodiversidad a 2030, en aplicación de la Ley 42/2007, de 13 de diciembre, del Patrimonio Natural y de la Biodiversidad."
2022-12-30,313,1,BOE-A-2022-23752,MINISTERIO PARA LA TRANSICIÓN ECOLÓGICA Y EL RETO DEMOGRÁFICO,estatal,Orden,190717,190755,"Orden TED/1315/2022, de 23 de diciembre, por la que en ejecución de la sentencia del Tribunal Supremo de 16 de noviembre de 2021, recaída en el recurso contencioso-administrativo 301/2020, se regulan las subastas para el suministro de combustible y determinación del precio de combustible, se autorizan nuevos combustibles, se establecen los valores unitarios de referencia, aplicable a las instalaciones de producción de energía eléctrica ubicadas en los territorios no peninsulares con régimen retributivo adicional, y se revisan otras cuestiones técnicas."
2022-12-30,313,1,BOE-A-2022-23753,COMUNIDAD FORAL DE NAVARRA,autonómico,Decreto,190756,190757,"Decreto Foral Legislativo 6/2022, de 30 de noviembre, de armonización tributaria, por el que se reduce temporalmente el tipo del Impuesto sobre el Valor Añadido aplicable a las entregas, importaciones y adquisiciones intracomunitarias de determinados combustibles."
2022-12-31,314,1,BOE-A-2022-24430,JEFATURA DEL ESTADO,estatal,Ley,193306,193397,"Ley 39/2022, de 30 de diciembre, del Deporte."
2022-12-31,314,1,BOE-A-2022-24431,MINISTERIO DE HACIENDA Y FUNCIÓN PÚBLICA,estatal,Resolución,193398,193404,"Resolución de 30 de diciembre de 2022, de la Presidencia del Comisionado para el Mercado de Tabacos, por la que se publican los precios de venta al público de determinadas labores de tabaco en Expendedurías de Tabaco y Timbre del área del Monopolio."
2022-12-31,314,1,BOE-A-2022-24432,MINISTERIO DE SANIDAD,estatal,Resolución,193405,193408,"Resolución de 30 de diciembre de 2022, de la Dirección General de Salud Pública, relativa a los controles sanitarios a realizar en los puntos de entrada a España a los pasajeros procedentes de la República Popular China."
2022-12-31,314,1,BOE-A-2022-24433,"MINISTERIO DE INCLUSIÓN, SEGURIDAD SOCIAL Y MIGRACIONES",estatal,Resolución,193409,193414,"Resolución de 27 de diciembre de 2022, de la Dirección General del Instituto Nacional de la Seguridad Social, por la que se determinan las prestaciones del sistema de la Seguridad Social cuya resolución se podrá adoptar de forma automatizada, los criterios de reparto para la asignación a las direcciones provinciales de la ordenación e instrucción de determinados procedimientos, y la dirección provincial competente para reconocer las pensiones cuando sea de aplicación un instrumento internacional de Seguridad Social."
2022-12-31,314,1,BOE-A-2022-24434,COMISIÓN NACIONAL DEL MERCADO DE VALORES,estatal,Instrucción o circular,193415,193455,"Circular 4/2022, de 22 de diciembre, de la Comisión Nacional del Mercado de Valores, sobre normas contables, cuentas anuales y estados financieros intermedios de las infraestructuras del mercado español de valores."
